n_strains	depth	shared_fraction	similarity	abundance	landmark_source	estimator	n	n_ok	reported_fraction	bias	rmse	mae	correlation	mean_true_log2ptr	mean_est_log2ptr	delta_bias_vs_coord	delta_rmse_vs_coord	runtime_sec
4	0.5	0	low	even	coordinate_grid	coordinate_vfit	40	40	1	0.013964504	0.052679477	0.042857408	0.99643922	1.0184485	1.032413	0	0	15.899116
4	0.5	0	low	even	coordinate_grid	sorted_rank	40	40	1	0.41347281	0.4957167	0.41347281	0.97276837	1.0184485	1.4319213	0.3995083	0.3706154	15.899116
4	0.5	0.05	medium	even	coordinate_grid	coordinate_vfit	40	40	1	-0.0053044667	0.050929318	0.043527568	0.99687453	0.99562995	0.99032549	0	0	15.899116
4	0.5	0.05	medium	even	coordinate_grid	sorted_rank	40	40	1	0.52313889	0.61561357	0.52313889	0.96350137	0.99562995	1.5187688	0.52844336	0.47961132	15.899116
4	0.5	0.15	high	even	coordinate_grid	coordinate_vfit	40	40	1	0.0090999458	0.074609393	0.062601805	0.99376851	1.0434652	1.0525651	0	0	15.899116
4	0.5	0.15	high	even	coordinate_grid	sorted_rank	40	40	1	0.70509145	0.78974118	0.70509145	0.95143562	1.0434652	1.7485566	0.69599151	0.64248965	15.899116
4	1	0	low	even	coordinate_grid	coordinate_vfit	40	40	1	-0.0035932932	0.038510307	0.031032344	0.99789873	1.0582226	1.0546293	0	0	15.899116
4	1	0	low	even	coordinate_grid	sorted_rank	40	40	1	0.22534432	0.29976441	0.22534432	0.98008036	1.0582226	1.2835669	0.22893761	0.19431198	15.899116
4	1	0.05	medium	even	coordinate_grid	coordinate_vfit	40	40	1	0.00042356364	0.039412017	0.032513068	0.99739656	1.0426045	1.0430281	0	0	15.899116
4	1	0.05	medium	even	coordinate_grid	sorted_rank	40	40	1	0.30320563	0.36370186	0.30320563	0.97679627	1.0426045	1.3458102	0.30278207	0.27069256	15.899116
4	1	0.15	high	even	coordinate_grid	coordinate_vfit	40	40	1	-0.0023671601	0.061319305	0.048913084	0.99292834	1.0975356	1.0951684	0	0	15.899116
4	1	0.15	high	even	coordinate_grid	sorted_rank	40	40	1	0.47230835	0.53372231	0.47230835	0.95461378	1.0975356	1.569844	0.47467551	0.42339527	15.899116
4	2	0	low	even	coordinate_grid	coordinate_vfit	40	40	1	0.0041454398	0.024012248	0.021109132	0.99901538	1.0277989	1.0319444	0	0	15.899116
4	2	0	low	even	coordinate_grid	sorted_rank	40	40	1	0.1107976	0.15448634	0.11408437	0.99271673	1.0277989	1.1385965	0.10665216	0.092975239	15.899116
4	2	0.05	medium	even	coordinate_grid	coordinate_vfit	40	40	1	0.0066046635	0.033204887	0.027607512	0.99868125	0.94808572	0.95469038	0	0	15.899116
4	2	0.05	medium	even	coordinate_grid	sorted_rank	40	40	1	0.23711482	0.29104453	0.23779558	0.98641393	0.94808572	1.1852005	0.23051016	0.21018807	15.899116
4	2	0.15	high	even	coordinate_grid	coordinate_vfit	40	40	1	0.0061380274	0.051056226	0.041801894	0.99638649	1.0457872	1.0519252	0	0	15.899116
4	2	0.15	high	even	coordinate_grid	sorted_rank	40	40	1	0.44214176	0.52130092	0.44214176	0.9486889	1.0457872	1.4879289	0.43600373	0.40033986	15.899116
4	4	0	low	even	coordinate_grid	coordinate_vfit	40	40	1	-0.0045799438	0.022883018	0.019384523	0.9993143	0.90964416	0.90506422	0	0	15.899116
4	4	0	low	even	coordinate_grid	sorted_rank	40	40	1	0.069091372	0.11523265	0.079638125	0.99464943	0.90964416	0.97873553	0.073671316	0.060253602	15.899116
4	4	0.05	medium	even	coordinate_grid	coordinate_vfit	40	40	1	0.0070932894	0.034483675	0.028715746	0.99862158	0.99545811	1.0025514	0	0	15.899116
4	4	0.05	medium	even	coordinate_grid	sorted_rank	40	40	1	0.1740033	0.23008524	0.17920853	0.98763754	0.99545811	1.1694614	0.16691001	0.15049278	15.899116
4	4	0.15	high	even	coordinate_grid	coordinate_vfit	40	40	1	-0.00033095353	0.055886279	0.043361561	0.99770336	0.92019278	0.91986183	0	0	15.899116
4	4	0.15	high	even	coordinate_grid	sorted_rank	40	40	1	0.44991931	0.50674945	0.44991931	0.96511506	0.92019278	1.3701121	0.45025026	0.40655775	15.899116
4	8	0	low	even	coordinate_grid	coordinate_vfit	40	40	1	-0.00082355681	0.011626627	0.0092346609	0.99979521	1.1325103	1.1316868	0	0	15.899116
4	8	0	low	even	coordinate_grid	sorted_rank	40	40	1	0.021990068	0.056185609	0.033767634	0.99772071	1.1325103	1.1545004	0.022813624	0.024532973	15.899116
4	8	0.05	medium	even	coordinate_grid	coordinate_vfit	40	40	1	-0.0024501391	0.028659736	0.023789426	0.99883002	1.0735641	1.071114	0	0	15.899116
4	8	0.05	medium	even	coordinate_grid	sorted_rank	40	40	1	0.11482211	0.14537281	0.11512116	0.99526871	1.0735641	1.1883862	0.11727225	0.091331738	15.899116
4	8	0.15	high	even	coordinate_grid	coordinate_vfit	40	40	1	-0.0022124689	0.050692985	0.040846669	0.99553553	1.0557224	1.0535099	0	0	15.899116
4	8	0.15	high	even	coordinate_grid	sorted_rank	40	40	1	0.32752372	0.36431574	0.32752372	0.97341352	1.0557224	1.3832461	0.32973619	0.28667705	15.899116
4	0.5	0	low	even	random_sketch	coordinate_vfit	40	40	1	-0.01361748	0.047857005	0.037024688	0.99545822	1.0617813	1.0481639	0	0	15.614512
4	0.5	0	low	even	random_sketch	sorted_rank	40	40	1	0.38324424	0.43171285	0.38324424	0.96520659	1.0617813	1.4450256	0.39686172	0.34621955	15.614512
4	0.5	0.05	medium	even	random_sketch	coordinate_vfit	40	40	1	-0.27093021	0.29203533	0.27093021	0.98769234	0.97319966	0.70226945	0	0	15.614512
4	0.5	0.05	medium	even	random_sketch	sorted_rank	40	40	1	0.43988753	0.53397035	0.44186862	0.95747726	0.97319966	1.4130872	0.71081774	0.17093841	15.614512
4	0.5	0.15	high	even	random_sketch	coordinate_vfit	40	40	1	-0.50538858	0.52722265	0.50538858	0.95185189	0.86067464	0.35528606	0	0	15.614512
4	0.5	0.15	high	even	random_sketch	sorted_rank	40	40	1	0.57743098	0.63323833	0.57743098	0.94818291	0.86067464	1.4381056	1.0828196	0.072042394	15.614512
4	1	0	low	even	random_sketch	coordinate_vfit	40	40	1	-0.00023295065	0.030609422	0.024545517	0.99829672	0.99660696	0.99637401	0	0	15.614512
4	1	0	low	even	random_sketch	sorted_rank	40	40	1	0.22819383	0.30076677	0.22929318	0.97669183	0.99660696	1.2248008	0.22842678	0.20474766	15.614512
4	1	0.05	medium	even	random_sketch	coordinate_vfit	40	40	1	-0.26642234	0.29789983	0.26642234	0.98377861	1.0657058	0.79928351	0	0	15.614512
4	1	0.05	medium	even	random_sketch	sorted_rank	40	40	1	0.22704702	0.32482272	0.23795236	0.98456827	1.0657058	1.2927529	0.49346936	-0.028469977	15.614512
4	1	0.15	high	even	random_sketch	coordinate_vfit	40	40	1	-0.62172753	0.64732629	0.62172753	0.96415051	1.0744088	0.45268131	0	0	15.614512
4	1	0.15	high	even	random_sketch	sorted_rank	40	40	1	0.27944488	0.3835371	0.29450393	0.97419077	1.0744088	1.3538537	0.90117241	-0.3272236	15.614512
4	2	0	low	even	random_sketch	coordinate_vfit	40	40	1	-0.0011864042	0.024463076	0.020148884	0.99904965	1.0375259	1.0363395	0	0	15.614512
4	2	0	low	even	random_sketch	sorted_rank	40	40	1	0.12154495	0.17083862	0.12365795	0.99200288	1.0375259	1.1590708	0.12273136	0.10350907	15.614512
4	2	0.05	medium	even	random_sketch	coordinate_vfit	40	40	1	-0.29652804	0.31892623	0.29652804	0.98441616	1.0281763	0.7316483	0	0	15.614512
4	2	0.05	medium	even	random_sketch	sorted_rank	40	40	1	0.11691383	0.19664502	0.1443971	0.99111864	1.0281763	1.1450902	0.41344187	-0.15213094	15.614512
4	2	0.15	high	even	random_sketch	coordinate_vfit	40	40	1	-0.67653021	0.69863302	0.67653021	0.95994231	0.98236755	0.30583733	0	0	15.614512
4	2	0.15	high	even	random_sketch	sorted_rank	40	40	1	0.18460705	0.25441669	0.18614985	0.98773045	0.98236755	1.1669746	0.86113726	-0.49038036	15.614512
4	4	0	low	even	random_sketch	coordinate_vfit	40	40	1	0.00029148724	0.017908284	0.01371964	0.99954187	0.98053618	0.98082767	0	0	15.614512
4	4	0	low	even	random_sketch	sorted_rank	40	40	1	0.074848823	0.11908785	0.081610672	0.99431942	0.98053618	1.055385	0.074557336	0.067891032	15.614512
4	4	0.05	medium	even	random_sketch	coordinate_vfit	40	40	1	-0.32019166	0.33977736	0.32019166	0.98037272	0.95162758	0.63143592	0	0	15.614512
4	4	0.05	medium	even	random_sketch	sorted_rank	40	40	1	0.058565656	0.11745156	0.080943351	0.99474716	0.95162758	1.0101932	0.37875731	-0.23924831	15.614512
4	4	0.15	high	even	random_sketch	coordinate_vfit	40	40	1	-0.70747697	0.74120147	0.70747697	0.93388138	0.9626419	0.25516492	0	0	15.614512
4	4	0.15	high	even	random_sketch	sorted_rank	40	40	1	0.076650705	0.16552848	0.12993275	0.99540962	0.9626419	1.0392926	0.78412768	-0.57754423	15.614512
4	8	0	low	even	random_sketch	coordinate_vfit	40	40	1	0.00032621636	0.0098146391	0.0075273793	0.9998502	1.087127	1.0874532	0	0	15.614512
4	8	0	low	even	random_sketch	sorted_rank	40	40	1	0.028586825	0.058174813	0.03335245	0.99765214	1.087127	1.1157138	0.028260608	0.025825071	15.614512
4	8	0.05	medium	even	random_sketch	coordinate_vfit	40	40	1	-0.3606393	0.40226974	0.3606393	0.96104409	1.1012307	0.74059136	0	0	15.614512
4	8	0.05	medium	even	random_sketch	sorted_rank	40	40	1	0.0040154775	0.06719709	0.048650011	0.99823152	1.1012307	1.1052461	0.36465478	-0.31198929	15.614512
4	8	0.15	high	even	random_sketch	coordinate_vfit	40	40	1	-0.81939143	0.84762491	0.81939143	0.93251142	1.1650907	0.34569929	0	0	15.614512
4	8	0.15	high	even	random_sketch	sorted_rank	40	40	1	-0.0030066578	0.11588459	0.091257858	0.99675661	1.1650907	1.1620841	0.81638477	-0.72813357	15.614512
4	0.5	0	low	10:1	coordinate_grid	coordinate_vfit	40	40	1	-0.0051116107	0.081490597	0.057619686	0.9901516	1.0186726	1.013561	0	0	15.645378
4	0.5	0	low	10:1	coordinate_grid	sorted_rank	40	40	1	0.51603644	0.70472651	0.5184091	0.59804087	1.0186726	1.5347091	0.52114805	0.46078941	15.645378
4	0.5	0.05	medium	10:1	coordinate_grid	coordinate_vfit	40	40	1	-0.0019338319	0.065375757	0.05067539	0.99260412	0.86547231	0.86353848	0	0	15.645378
4	0.5	0.05	medium	10:1	coordinate_grid	sorted_rank	40	40	1	0.67302585	0.8739333	0.67302585	0.39980343	0.86547231	1.5384982	0.67495968	0.62235046	15.645378
4	0.5	0.15	high	10:1	coordinate_grid	coordinate_vfit	40	40	1	-0.0064588227	0.085818132	0.063086331	0.9880761	1.0511889	1.04473	0	0	15.645378
4	0.5	0.15	high	10:1	coordinate_grid	sorted_rank	40	40	1	0.72407751	0.87165208	0.72407751	0.57396039	1.0511889	1.7752664	0.73053633	0.66099118	15.645378
4	1	0	low	10:1	coordinate_grid	coordinate_vfit	40	40	1	0.0080314683	0.057651965	0.036531654	0.99551557	0.8375532	0.84558467	0	0	15.645378
4	1	0	low	10:1	coordinate_grid	sorted_rank	40	40	1	0.36796739	0.52255958	0.37019939	0.78817982	0.8375532	1.2055206	0.35993592	0.33366773	15.645378
4	1	0.05	medium	10:1	coordinate_grid	coordinate_vfit	40	40	1	-0.0019008446	0.063949177	0.047330534	0.99231975	0.85620442	0.85430357	0	0	15.645378
4	1	0.05	medium	10:1	coordinate_grid	sorted_rank	40	40	1	0.42428034	0.53774688	0.42428034	0.75535449	0.85620442	1.2804848	0.42618119	0.37694981	15.645378
4	1	0.15	high	10:1	coordinate_grid	coordinate_vfit	40	40	1	0.01017175	0.056354953	0.044967772	0.99633993	1.0763832	1.086555	0	0	15.645378
4	1	0.15	high	10:1	coordinate_grid	sorted_rank	40	40	1	0.51861538	0.60441129	0.51872399	0.83298384	1.0763832	1.5949986	0.50844363	0.47375621	15.645378
4	2	0	low	10:1	coordinate_grid	coordinate_vfit	40	40	1	0.0083664327	0.034526674	0.026315928	0.99858819	1.0834675	1.091834	0	0	15.645378
4	2	0	low	10:1	coordinate_grid	sorted_rank	40	40	1	0.14362405	0.23787102	0.1449461	0.93524194	1.0834675	1.2270916	0.13525761	0.11863017	15.645378
4	2	0.05	medium	10:1	coordinate_grid	coordinate_vfit	40	40	1	-0.0029091434	0.031815486	0.025419973	0.99861515	1.0617591	1.0588499	0	0	15.645378
4	2	0.05	medium	10:1	coordinate_grid	sorted_rank	40	40	1	0.23040236	0.31148151	0.23147465	0.94902386	1.0617591	1.2921614	0.2333115	0.20605467	15.645378
4	2	0.15	high	10:1	coordinate_grid	coordinate_vfit	40	40	1	-0.00010349374	0.077892875	0.057209548	0.99065843	0.96916331	0.96905982	0	0	15.645378
4	2	0.15	high	10:1	coordinate_grid	sorted_rank	40	40	1	0.43372767	0.51010873	0.43372767	0.8927303	0.96916331	1.402891	0.43383116	0.37651812	15.645378
4	4	0	low	10:1	coordinate_grid	coordinate_vfit	40	40	1	0.0039743704	0.019460436	0.014612683	0.99940208	1.0007629	1.0047373	0	0	15.645378
4	4	0	low	10:1	coordinate_grid	sorted_rank	40	40	1	0.080900269	0.13566643	0.084934618	0.98206342	1.0007629	1.0816632	0.076925899	0.070321935	15.645378
4	4	0.05	medium	10:1	coordinate_grid	coordinate_vfit	40	40	1	0.0074583094	0.041016948	0.032108846	0.99755254	0.93596381	0.94342212	0	0	15.645378
4	4	0.05	medium	10:1	coordinate_grid	sorted_rank	40	40	1	0.19278148	0.25534548	0.19278148	0.96200793	0.93596381	1.1287453	0.18532317	0.16067263	15.645378
4	4	0.15	high	10:1	coordinate_grid	coordinate_vfit	40	40	1	0.010169484	0.060611344	0.04812928	0.99553421	0.93738365	0.94755313	0	0	15.645378
4	4	0.15	high	10:1	coordinate_grid	sorted_rank	40	40	1	0.35493247	0.4139531	0.35507496	0.96873242	0.93738365	1.2923161	0.34476298	0.30694567	15.645378
4	8	0	low	10:1	coordinate_grid	coordinate_vfit	40	40	1	0.0084585139	0.018074878	0.013166461	0.99955883	1.1176439	1.1261025	0	0	15.645378
4	8	0	low	10:1	coordinate_grid	sorted_rank	40	40	1	0.038083987	0.070345419	0.043363281	0.99504363	1.1176439	1.1557279	0.029625473	0.03019682	15.645378
4	8	0.05	medium	10:1	coordinate_grid	coordinate_vfit	40	40	1	0.0017325867	0.033776555	0.025000035	0.99823548	0.89623171	0.8979643	0	0	15.645378
4	8	0.05	medium	10:1	coordinate_grid	sorted_rank	40	40	1	0.14796908	0.19984732	0.14802821	0.98303092	0.89623171	1.0442008	0.14623649	0.12302817	15.645378
4	8	0.15	high	10:1	coordinate_grid	coordinate_vfit	40	40	1	0.00057841141	0.045615157	0.03599261	0.99702844	0.96995176	0.97053017	0	0	15.645378
4	8	0.15	high	10:1	coordinate_grid	sorted_rank	40	40	1	0.26626729	0.31570641	0.26672288	0.97967794	0.96995176	1.236219	0.26568888	0.23073027	15.645378
4	0.5	0	low	10:1	random_sketch	coordinate_vfit	40	40	1	-0.0097757925	0.064220529	0.048676888	0.99403257	0.93616503	0.92638923	0	0	15.810393
4	0.5	0	low	10:1	random_sketch	sorted_rank	40	40	1	0.53129638	0.67400483	0.53213767	0.73980596	0.93616503	1.4674614	0.54107217	0.48346078	15.810393
4	0.5	0.05	medium	10:1	random_sketch	coordinate_vfit	40	40	1	-0.28377909	0.33168608	0.28377909	0.95259525	0.89327928	0.60950019	0	0	15.810393
4	0.5	0.05	medium	10:1	random_sketch	sorted_rank	40	40	1	0.63589256	0.85542804	0.63938615	0.43916678	0.89327928	1.5291718	0.91967165	0.35560706	15.810393
4	0.5	0.15	high	10:1	random_sketch	coordinate_vfit	40	40	1	-0.69503495	0.79279969	0.69503495	0.76579867	1.0566021	0.36156717	0	0	15.810393
4	0.5	0.15	high	10:1	random_sketch	sorted_rank	40	40	1	0.65538342	0.89687625	0.66419087	0.52226508	1.0566021	1.7119855	1.3504184	-0.030844076	15.810393
4	1	0	low	10:1	random_sketch	coordinate_vfit	40	40	1	-0.0043227473	0.062433019	0.042008823	0.99238876	1.0098757	1.0055529	0	0	15.810393
4	1	0	low	10:1	random_sketch	sorted_rank	40	40	1	0.28628908	0.39103394	0.28812311	0.85308186	1.0098757	1.2961648	0.29061182	0.24611428	15.810393
4	1	0.05	medium	10:1	random_sketch	coordinate_vfit	40	40	1	-0.36144102	0.42727429	0.36144102	0.92984313	1.071912	0.71047099	0	0	15.810393
4	1	0.05	medium	10:1	random_sketch	sorted_rank	40	40	1	0.32095236	0.52072249	0.34187299	0.74563086	1.071912	1.3928644	0.68239338	-0.019568031	15.810393
4	1	0.15	high	10:1	random_sketch	coordinate_vfit	40	40	1	-0.84714622	1.031823	0.84714622	0.53677708	1.0612283	0.21408208	0	0	15.810393
4	1	0.15	high	10:1	random_sketch	sorted_rank	40	40	1	0.39938115	0.59029724	0.42452416	0.74355536	1.0612283	1.4606094	1.2465274	-0.42262206	15.810393
4	2	0	low	10:1	random_sketch	coordinate_vfit	40	40	1	-0.0053230464	0.043494029	0.027091133	0.9969866	1.0401728	1.0348498	0	0	15.810393
4	2	0	low	10:1	random_sketch	sorted_rank	40	40	1	0.15740926	0.27738734	0.16242244	0.90901541	1.0401728	1.1975821	0.16273231	0.1353313	15.810393
4	2	0.05	medium	10:1	random_sketch	coordinate_vfit	40	40	1	-0.44622175	0.554157	0.44622175	0.8533484	0.89463704	0.44841529	0	0	15.810393
4	2	0.05	medium	10:1	random_sketch	sorted_rank	40	40	1	0.22481335	0.37821656	0.24329056	0.83213594	0.89463704	1.1194504	0.6710351	-0.20293119	15.810393
4	2	0.15	high	10:1	random_sketch	coordinate_vfit	40	40	1	-0.98735372	1.2271495	0.98735372	0.44583147	0.95572981	-0.031623907	0	0	15.810393
4	2	0.15	high	10:1	random_sketch	sorted_rank	40	40	1	0.27511768	0.42421513	0.29491882	0.85092891	0.95572981	1.2308475	1.2624714	-0.6924349	15.810393
4	4	0	low	10:1	random_sketch	coordinate_vfit	40	40	1	-0.0028868704	0.019053732	0.014023644	0.99957425	1.1457945	1.1429076	0	0	15.810393
4	4	0	low	10:1	random_sketch	sorted_rank	40	40	1	0.095819619	0.18994485	0.10347736	0.97330012	1.1457945	1.2416141	0.09870649	0.089453717	15.810393
4	4	0.05	medium	10:1	random_sketch	coordinate_vfit	40	40	1	-0.49071971	0.6248621	0.49071971	0.80019374	0.90538832	0.4146686	0	0	15.810393
4	4	0.05	medium	10:1	random_sketch	sorted_rank	40	40	1	0.10919276	0.21562942	0.13633083	0.95362896	0.90538832	1.0145811	0.59991247	-0.35438888	15.810393
4	4	0.15	high	10:1	random_sketch	coordinate_vfit	40	40	1	-1.1203065	1.4641616	1.1203065	0.26841251	1.0408915	-0.079414976	0	0	15.810393
4	4	0.15	high	10:1	random_sketch	sorted_rank	40	40	1	0.14130157	0.26715954	0.20432092	0.93390105	1.0408915	1.1821931	1.261608	-0.91598553	15.810393
4	8	0	low	10:1	random_sketch	coordinate_vfit	40	40	1	0.0012718502	0.011901452	0.0087705238	0.99979259	1.0268629	1.0281348	0	0	15.810393
4	8	0	low	10:1	random_sketch	sorted_rank	40	40	1	0.0460121	0.091962412	0.048484876	0.99143901	1.0268629	1.072875	0.04474025	0.039714352	15.810393
4	8	0.05	medium	10:1	random_sketch	coordinate_vfit	40	40	1	-0.58350318	0.77179898	0.58418762	0.75292979	0.97497814	0.39147496	0	0	15.810393
4	8	0.05	medium	10:1	random_sketch	sorted_rank	40	40	1	0.045869825	0.1303796	0.087499625	0.98486151	0.97497814	1.020848	0.629373	-0.49668799	15.810393
4	8	0.15	high	10:1	random_sketch	coordinate_vfit	40	40	1	-1.2014696	1.5219449	1.2014696	0.35948034	0.91432806	-0.28714155	0	0	15.810393
4	8	0.15	high	10:1	random_sketch	sorted_rank	40	40	1	0.073136411	0.17723391	0.12590452	0.94964198	0.91432806	0.98746447	1.274606	-1.0755651	15.810393
4	0.5	0	low	100:1	coordinate_grid	coordinate_vfit	40	40	1	-0.12562966	0.2821791	0.14047983	0.90292931	1.0719604	0.94633072	0	0	12.727041
4	0.5	0	low	100:1	coordinate_grid	sorted_rank	40	40	1	0.59614567	1.0285649	0.59793547	0.41081701	1.0719604	1.6681061	0.72177534	0.45745563	12.727041
4	0.5	0.05	medium	100:1	coordinate_grid	coordinate_vfit	40	40	1	-0.12277629	0.27397077	0.14152915	0.91576257	0.97723351	0.85445721	0	0	12.727041
4	0.5	0.05	medium	100:1	coordinate_grid	sorted_rank	40	40	1	0.74025363	1.1525472	0.74025363	0.38961172	0.97723351	1.7174871	0.86302992	0.59872448	12.727041
4	0.5	0.15	high	100:1	coordinate_grid	coordinate_vfit	40	40	1	-0.097615008	0.23978088	0.12839518	0.92957138	0.91144666	0.81383165	0	0	12.727041
4	0.5	0.15	high	100:1	coordinate_grid	sorted_rank	40	40	1	0.91912141	1.2227478	0.91912141	0.3677061	0.91144666	1.8305681	1.0167364	0.79072623	12.727041
4	1	0	low	100:1	coordinate_grid	coordinate_vfit	40	40	1	-0.082080844	0.17012606	0.093294868	0.96761599	0.95735609	0.87527524	0	0	12.727041
4	1	0	low	100:1	coordinate_grid	sorted_rank	40	40	1	0.56537138	0.97253061	0.5663359	0.75616449	0.95735609	1.5227275	0.64745223	0.47304104	12.727041
4	1	0.05	medium	100:1	coordinate_grid	coordinate_vfit	40	40	1	-0.079214727	0.18646709	0.097870042	0.96317273	1.061218	0.98200329	0	0	12.727041
4	1	0.05	medium	100:1	coordinate_grid	sorted_rank	40	40	1	0.63069736	1.0880778	0.63083586	0.42432107	1.061218	1.6919154	0.70991208	0.53296582	12.727041
4	1	0.15	high	100:1	coordinate_grid	coordinate_vfit	40	40	1	-0.051373364	0.14861746	0.092877997	0.96507745	1.0137672	0.96239388	0	0	12.727041
4	1	0.15	high	100:1	coordinate_grid	sorted_rank	40	40	1	0.9081824	1.3738647	0.9081824	0.28946493	1.0137672	1.9219496	0.95955577	0.8153044	12.727041
4	2	0	low	100:1	coordinate_grid	coordinate_vfit	40	40	1	-0.02392281	0.086296387	0.045709503	0.98542269	0.9759618	0.95203899	0	0	12.727041
4	2	0	low	100:1	coordinate_grid	sorted_rank	40	40	1	0.3623068	0.70130074	0.36825947	0.59376645	0.9759618	1.3382686	0.38622961	0.32254996	12.727041
4	2	0.05	medium	100:1	coordinate_grid	coordinate_vfit	40	40	1	-0.0017930061	0.031566864	0.024906198	0.99817649	1.1761259	1.1743329	0	0	12.727041
4	2	0.05	medium	100:1	coordinate_grid	sorted_rank	40	40	1	0.42092694	0.74863275	0.42092694	0.46350422	1.1761259	1.5970529	0.42271995	0.39602074	12.727041
4	2	0.15	high	100:1	coordinate_grid	coordinate_vfit	40	40	1	-0.0029621029	0.074795853	0.050108324	0.99139172	1.0634628	1.0605007	0	0	12.727041
4	2	0.15	high	100:1	coordinate_grid	sorted_rank	40	40	1	0.5554776	0.75965314	0.5554776	0.6632242	1.0634628	1.6189404	0.55843971	0.50536928	12.727041
4	4	0	low	100:1	coordinate_grid	coordinate_vfit	40	40	1	0.0090349468	0.06049296	0.026898324	0.99479377	0.80699643	0.81603138	0	0	12.727041
4	4	0	low	100:1	coordinate_grid	sorted_rank	40	40	1	0.29646728	0.56169934	0.29863811	0.67861872	0.80699643	1.1034637	0.28743233	0.27173979	12.727041
4	4	0.05	medium	100:1	coordinate_grid	coordinate_vfit	40	40	1	-0.012148787	0.054111748	0.038599483	0.99286711	0.963629	0.95148021	0	0	12.727041
4	4	0.05	medium	100:1	coordinate_grid	sorted_rank	40	40	1	0.27077826	0.45489695	0.27077826	0.71294069	0.963629	1.2344073	0.28292704	0.23217877	12.727041
4	4	0.15	high	100:1	coordinate_grid	coordinate_vfit	40	40	1	-0.012811927	0.070455355	0.052543055	0.99076926	0.71229191	0.69947999	0	0	12.727041
4	4	0.15	high	100:1	coordinate_grid	sorted_rank	40	40	1	0.56602627	0.76353798	0.56602627	0.47676224	0.71229191	1.2783182	0.5788382	0.51348321	12.727041
4	8	0	low	100:1	coordinate_grid	coordinate_vfit	40	40	1	0.0054915827	0.026614591	0.015764295	0.99883168	1.0218333	1.0273249	0	0	12.727041
4	8	0	low	100:1	coordinate_grid	sorted_rank	40	40	1	0.10620644	0.20846828	0.10882087	0.95015181	1.0218333	1.1280398	0.10071485	0.093056574	12.727041
4	8	0.05	medium	100:1	coordinate_grid	coordinate_vfit	40	40	1	0.0038228623	0.037967119	0.025154128	0.99816319	1.1118161	1.1156389	0	0	12.727041
4	8	0.05	medium	100:1	coordinate_grid	sorted_rank	40	40	1	0.18941822	0.28841097	0.19170741	0.92442355	1.1118161	1.3012343	0.18559536	0.16655328	12.727041
4	8	0.15	high	100:1	coordinate_grid	coordinate_vfit	40	40	1	0.0038016957	0.061865512	0.04287061	0.99451565	1.0182432	1.0220449	0	0	12.727041
4	8	0.15	high	100:1	coordinate_grid	sorted_rank	40	40	1	0.35921631	0.43199392	0.35964384	0.90193311	1.0182432	1.3774595	0.35541461	0.31677323	12.727041
4	0.5	0	low	100:1	random_sketch	coordinate_vfit	40	40	1	-0.1365576	0.30751138	0.15767421	0.89274368	1.245288	1.1087304	0	0	12.565604
4	0.5	0	low	100:1	random_sketch	sorted_rank	40	40	1	0.6012007	1.0159375	0.60281573	0.4224634	1.245288	1.8464887	0.73775831	0.44514152	12.565604
4	0.5	0.05	medium	100:1	random_sketch	coordinate_vfit	40	40	1	-0.35217294	0.43287872	0.35217294	0.9040602	0.97403182	0.62185889	0	0	12.565604
4	0.5	0.05	medium	100:1	random_sketch	sorted_rank	40	40	1	0.75997672	1.3157346	0.77291579	0.028917015	0.97403182	1.7340085	1.1121497	0.42074285	12.565604
4	0.5	0.15	high	100:1	random_sketch	coordinate_vfit	40	40	1	-0.76119168	0.86272308	0.76119168	0.62888589	1.2033409	0.44214926	0	0	12.565604
4	0.5	0.15	high	100:1	random_sketch	sorted_rank	40	40	1	0.60681817	1.0493724	0.61812657	0.28978687	1.2033409	1.8101591	1.3680098	-0.1430651	12.565604
4	1	0	low	100:1	random_sketch	coordinate_vfit	40	40	1	-0.051965359	0.12861093	0.061819825	0.97915775	1.0473873	0.99542193	0	0	12.565604
4	1	0	low	100:1	random_sketch	sorted_rank	40	40	1	0.58077836	1.0217856	0.58096928	0.49018044	1.0473873	1.6281656	0.63274372	0.51914946	12.565604
4	1	0.05	medium	100:1	random_sketch	coordinate_vfit	40	40	1	-0.38909513	0.45621086	0.39005042	0.88983769	1.0348824	0.64578726	0	0	12.565604
4	1	0.05	medium	100:1	random_sketch	sorted_rank	40	40	1	0.65581193	1.2130716	0.67492181	0.32499751	1.0348824	1.6906943	1.0449071	0.2848714	12.565604
4	1	0.15	high	100:1	random_sketch	coordinate_vfit	40	40	1	-0.77563708	0.90014494	0.77563708	0.61039657	0.91283638	0.1371993	0	0	12.565604
4	1	0.15	high	100:1	random_sketch	sorted_rank	40	40	1	0.76800932	1.3588259	0.80241358	0.46384163	0.91283638	1.6808457	1.5436464	0.026776502	12.565604
4	2	0	low	100:1	random_sketch	coordinate_vfit	40	40	1	-0.030591742	0.076258338	0.044116745	0.99319096	1.0760646	1.0454728	0	0	12.565604
4	2	0	low	100:1	random_sketch	sorted_rank	40	40	1	0.31430925	0.59339399	0.31856906	0.76669877	1.0760646	1.3903738	0.34490099	0.27445232	12.565604
4	2	0.05	medium	100:1	random_sketch	coordinate_vfit	40	40	1	-0.43712423	0.53393139	0.43712423	0.8542783	1.0280021	0.59087786	0	0	12.565604
4	2	0.05	medium	100:1	random_sketch	sorted_rank	40	40	1	0.39327602	0.7738803	0.42185883	0.50717432	1.0280021	1.4212781	0.83040025	-0.015265403	12.565604
4	2	0.15	high	100:1	random_sketch	coordinate_vfit	40	40	1	-0.9804998	1.139678	0.9804998	0.68651132	1.069695	0.089195226	0	0	12.565604
4	2	0.15	high	100:1	random_sketch	sorted_rank	40	40	1	0.5426758	1.1285363	0.61579736	0.07512439	1.069695	1.6123708	1.5231756	-0.36470244	12.565604
4	4	0	low	100:1	random_sketch	coordinate_vfit	40	40	1	0.0093387341	0.038626857	0.022027368	0.99727199	0.93669617	0.9460349	0	0	12.565604
4	4	0	low	100:1	random_sketch	sorted_rank	40	40	1	0.25137508	0.48999211	0.25668708	0.72295465	0.93669617	1.1880713	0.24203635	0.23465971	12.565604
4	4	0.05	medium	100:1	random_sketch	coordinate_vfit	40	40	1	-0.50368516	0.63343526	0.50368516	0.81044507	1.0414942	0.53780903	0	0	12.565604
4	4	0.05	medium	100:1	random_sketch	sorted_rank	40	40	1	0.26115088	0.55728154	0.29544243	0.7067697	1.0414942	1.3026451	0.76483604	-0.20824273	12.565604
4	4	0.15	high	100:1	random_sketch	coordinate_vfit	40	40	1	-1.093013	1.3625553	1.093013	0.5004189	1.0550463	-0.037966679	0	0	12.565604
4	4	0.15	high	100:1	random_sketch	sorted_rank	40	40	1	0.34118313	0.72480288	0.42260139	0.63188953	1.0550463	1.3962295	1.4341961	-0.67041162	12.565604
4	8	0	low	100:1	random_sketch	coordinate_vfit	40	40	1	-0.0037549131	0.028855543	0.015580007	0.9985946	1.0599204	1.0561655	0	0	12.565604
4	8	0	low	100:1	random_sketch	sorted_rank	40	40	1	0.12399239	0.27438363	0.12873767	0.89463107	1.0599204	1.1839128	0.1277473	0.11315767	12.565604
4	8	0.05	medium	100:1	random_sketch	coordinate_vfit	40	40	1	-0.60108588	0.7571939	0.60108588	0.75019205	0.98445736	0.38337147	0	0	12.565604
4	8	0.05	medium	100:1	random_sketch	sorted_rank	40	40	1	0.16641278	0.39703346	0.21289876	0.78804818	0.98445736	1.1508701	0.76749866	-0.38818713	12.565604
4	8	0.15	high	100:1	random_sketch	coordinate_vfit	40	40	1	-1.3335891	1.7183248	1.3335891	0.47302626	0.86914463	-0.46444451	0	0	12.565604
4	8	0.15	high	100:1	random_sketch	sorted_rank	40	40	1	0.24201652	0.52824616	0.32095825	0.70719921	0.86914463	1.1111611	1.5756057	-1.0126309	12.565604
8	0.5	0	low	even	coordinate_grid	coordinate_vfit	80	80	1	-0.011927848	0.054895306	0.044254343	0.9955239	0.94725536	0.93532752	0	0	24.336493
8	0.5	0	low	even	coordinate_grid	sorted_rank	80	80	1	0.42482714	0.50760948	0.42617921	0.96456328	0.94725536	1.3720825	0.43675498	0.38192487	24.336493
8	0.5	0.05	medium	even	coordinate_grid	coordinate_vfit	80	80	1	0.0035112281	0.065151466	0.052825188	0.99353009	1.0814097	1.084921	0	0	24.336493
8	0.5	0.05	medium	even	coordinate_grid	sorted_rank	80	80	1	0.49924082	0.56811055	0.49968434	0.96904399	1.0814097	1.5806506	0.49572959	0.44685915	24.336493
8	0.5	0.15	high	even	coordinate_grid	coordinate_vfit	80	80	1	0.00083381087	0.096425401	0.077913261	0.98990122	1.0339852	1.034819	0	0	24.336493
8	0.5	0.15	high	even	coordinate_grid	sorted_rank	80	80	1	0.76412444	0.82126555	0.76412444	0.94397278	1.0339852	1.7981096	0.76329063	0.68621118	24.336493
8	1	0	low	even	coordinate_grid	coordinate_vfit	80	80	1	-0.0019054712	0.031096295	0.023327629	0.99852643	0.94275904	0.94085357	0	0	24.336493
8	1	0	low	even	coordinate_grid	sorted_rank	80	80	1	0.24366352	0.31266753	0.24498321	0.98004498	0.94275904	1.1864226	0.24556899	0.22165558	24.336493
8	1	0.05	medium	even	coordinate_grid	coordinate_vfit	80	80	1	0.0022896348	0.04626992	0.037585209	0.99642809	1.0945359	1.0968255	0	0	24.336493
8	1	0.05	medium	even	coordinate_grid	sorted_rank	80	80	1	0.28761884	0.33433886	0.28761884	0.98025439	1.0945359	1.3821547	0.28532921	0.25003363	24.336493
8	1	0.15	high	even	coordinate_grid	coordinate_vfit	80	80	1	0.0039335757	0.069937798	0.05509697	0.99379803	0.94529265	0.94922622	0	0	24.336493
8	1	0.15	high	even	coordinate_grid	sorted_rank	80	80	1	0.58772404	0.62148354	0.58772404	0.97963525	0.94529265	1.5330167	0.58379046	0.53262707	24.336493
8	2	0	low	even	coordinate_grid	coordinate_vfit	80	80	1	-0.00043122045	0.026186671	0.021341595	0.99891706	0.96636974	0.96593852	0	0	24.336493
8	2	0	low	even	coordinate_grid	sorted_rank	80	80	1	0.12086633	0.17177464	0.1231408	0.99073601	0.96636974	1.0872361	0.12129755	0.10179921	24.336493
8	2	0.05	medium	even	coordinate_grid	coordinate_vfit	80	80	1	-0.00070340962	0.047828639	0.03888128	0.99647196	1.0225958	1.0218924	0	0	24.336493
8	2	0.05	medium	even	coordinate_grid	sorted_rank	80	80	1	0.20807653	0.24835255	0.20807653	0.98382499	1.0225958	1.2306724	0.20877994	0.16919525	24.336493
8	2	0.15	high	even	coordinate_grid	coordinate_vfit	80	80	1	0.0015637927	0.070066347	0.05609142	0.99295789	1.0793379	1.0809017	0	0	24.336493
8	2	0.15	high	even	coordinate_grid	sorted_rank	80	80	1	0.38938657	0.4091285	0.38938657	0.98826489	1.0793379	1.4687245	0.38782278	0.33329515	24.336493
8	4	0	low	even	coordinate_grid	coordinate_vfit	80	80	1	0.0018852362	0.017553677	0.013923869	0.99945898	1.1015439	1.1034292	0	0	24.336493
8	4	0	low	even	coordinate_grid	sorted_rank	80	80	1	0.050475403	0.092216469	0.052953717	0.99481262	1.1015439	1.1520193	0.048590167	0.039029848	24.336493
8	4	0.05	medium	even	coordinate_grid	coordinate_vfit	80	80	1	-0.00065132138	0.036000522	0.029951456	0.99786556	0.85504265	0.85439132	0	0	24.336493
8	4	0.05	medium	even	coordinate_grid	sorted_rank	80	80	1	0.1719652	0.20012929	0.1719652	0.99040776	0.85504265	1.0270078	0.17261652	0.14201374	24.336493
8	4	0.15	high	even	coordinate_grid	coordinate_vfit	80	80	1	0.00079109483	0.068723153	0.05532963	0.99537548	1.089359	1.0901501	0	0	24.336493
8	4	0.15	high	even	coordinate_grid	sorted_rank	80	80	1	0.31776266	0.32672376	0.31776266	0.99478301	1.089359	1.4071217	0.31697157	0.26243303	24.336493
8	8	0	low	even	coordinate_grid	coordinate_vfit	80	80	1	0.0005643538	0.012874573	0.010001995	0.99975448	0.96663624	0.96720059	0	0	24.336493
8	8	0	low	even	coordinate_grid	sorted_rank	80	80	1	0.036763752	0.07260304	0.041253429	0.99671689	0.96663624	1.0034	0.036199398	0.031251433	24.336493
8	8	0.05	medium	even	coordinate_grid	coordinate_vfit	80	80	1	-0.0014454711	0.029573273	0.024288941	0.99867994	1.0276987	1.0262533	0	0	24.336493
8	8	0.05	medium	even	coordinate_grid	sorted_rank	80	80	1	0.1238971	0.15089962	0.1238971	0.99414212	1.0276987	1.1515958	0.12534257	0.09960816	24.336493
8	8	0.15	high	even	coordinate_grid	coordinate_vfit	80	80	1	0.0008543874	0.05583519	0.046993416	0.99584294	0.9019741	0.90282849	0	0	24.336493
8	8	0.15	high	even	coordinate_grid	sorted_rank	80	80	1	0.27926461	0.28684112	0.27926461	0.99407754	0.9019741	1.1812387	0.27841022	0.23227119	24.336493
8	0.5	0	low	even	random_sketch	coordinate_vfit	80	80	1	0.00072962175	0.053019235	0.042032994	0.99605671	1.0434315	1.0441611	0	0	24.148217
8	0.5	0	low	even	random_sketch	sorted_rank	80	80	1	0.42226279	0.50749333	0.42288854	0.96871846	1.0434315	1.4656942	0.42153316	0.38085554	24.148217
8	0.5	0.05	medium	even	random_sketch	coordinate_vfit	80	80	1	-0.45768588	0.48694917	0.45768588	0.95605034	1.0015689	0.54388301	0	0	24.148217
8	0.5	0.05	medium	even	random_sketch	sorted_rank	80	80	1	0.47590435	0.55449404	0.47590435	0.96110246	1.0015689	1.4774732	0.93359023	0.018218476	24.148217
8	0.5	0.15	high	even	random_sketch	coordinate_vfit	80	80	1	-1.0409294	1.0655755	1.0409294	0.9263735	0.97018622	-0.070743142	0	0	24.148217
8	0.5	0.15	high	even	random_sketch	sorted_rank	80	80	1	0.59508212	0.67108951	0.59508212	0.95535762	0.97018622	1.5652683	1.6360115	-0.44584724	24.148217
8	1	0	low	even	random_sketch	coordinate_vfit	80	80	1	-0.0008846022	0.035384343	0.025907341	0.99820578	0.95636217	0.95547757	0	0	24.148217
8	1	0	low	even	random_sketch	sorted_rank	80	80	1	0.2644203	0.32774703	0.2644203	0.98436124	0.95636217	1.2207825	0.2653049	0.23851296	24.148217
8	1	0.05	medium	even	random_sketch	coordinate_vfit	80	80	1	-0.53399619	0.56282821	0.53399619	0.94384858	0.95103641	0.41704022	0	0	24.148217
8	1	0.05	medium	even	random_sketch	sorted_rank	80	80	1	0.26396072	0.34064094	0.26586834	0.97779112	0.95103641	1.2149971	0.79795691	-0.26812785	24.148217
8	1	0.15	high	even	random_sketch	coordinate_vfit	80	80	1	-1.2200497	1.2468813	1.2200497	0.91597926	1.0579997	-0.16204993	0	0	24.148217
8	1	0.15	high	even	random_sketch	sorted_rank	80	80	1	0.338486	0.4356508	0.34335542	0.97700499	1.0579997	1.3964858	1.5585357	-0.87669426	24.148217
8	2	0	low	even	random_sketch	coordinate_vfit	80	80	1	-0.00096208275	0.026652378	0.020141692	0.9991087	0.99003089	0.98906881	0	0	24.148217
8	2	0	low	even	random_sketch	sorted_rank	80	80	1	0.14685892	0.21057676	0.15037007	0.99029633	0.99003089	1.1368898	0.147821	0.13022838	24.148217
8	2	0.05	medium	even	random_sketch	coordinate_vfit	80	80	1	-0.63103234	0.65768477	0.63103234	0.95018257	0.99812965	0.36709731	0	0	24.148217
8	2	0.05	medium	even	random_sketch	sorted_rank	80	80	1	0.14185047	0.21732558	0.15193832	0.98637143	0.99812965	1.1399801	0.77288281	-0.47909402	24.148217
8	2	0.15	high	even	random_sketch	coordinate_vfit	80	80	1	-1.4258419	1.4480644	1.4258419	0.90825483	1.0285068	-0.3973351	0	0	24.148217
8	2	0.15	high	even	random_sketch	sorted_rank	80	80	1	0.18643669	0.2601493	0.19518546	0.98762037	1.0285068	1.2149435	1.6122786	-1.2306565	24.148217
8	4	0	low	even	random_sketch	coordinate_vfit	80	80	1	0.0019933334	0.018719969	0.014258827	0.99956016	1.0548116	1.0568049	0	0	24.148217
8	4	0	low	even	random_sketch	sorted_rank	80	80	1	0.075251105	0.12664808	0.079219727	0.99322163	1.0548116	1.1300627	0.073257772	0.064960901	24.148217
8	4	0.05	medium	even	random_sketch	coordinate_vfit	80	80	1	-0.72360398	0.75058417	0.72360398	0.9418257	1.0528816	0.32927759	0	0	24.148217
8	4	0.05	medium	even	random_sketch	sorted_rank	80	80	1	0.059866488	0.12735778	0.08116303	0.99412015	1.0528816	1.1127481	0.78347047	-0.64244095	24.148217
8	4	0.15	high	even	random_sketch	coordinate_vfit	80	80	1	-1.602184	1.633637	1.602184	0.82272667	0.96881133	-0.63337264	0	0	24.148217
8	4	0.15	high	even	random_sketch	sorted_rank	80	80	1	0.11229272	0.16281461	0.12591821	0.99419383	0.96881133	1.0811041	1.7144767	-1.4762658	24.148217
8	8	0	low	even	random_sketch	coordinate_vfit	80	80	1	0.00037582534	0.013826335	0.01039716	0.9997277	0.88256887	0.88294469	0	0	24.148217
8	8	0	low	even	random_sketch	sorted_rank	80	80	1	0.053105975	0.089242815	0.056918575	0.99595971	0.88256887	0.93567484	0.05273015	0.046521415	24.148217
8	8	0.05	medium	even	random_sketch	coordinate_vfit	80	80	1	-0.76504222	0.79977398	0.76504222	0.9029648	0.99245978	0.22741756	0	0	24.148217
8	8	0.05	medium	even	random_sketch	sorted_rank	80	80	1	0.018464434	0.062199016	0.04487815	0.99832932	0.99245978	1.0109242	0.78350665	-0.72016407	24.148217
8	8	0.15	high	even	random_sketch	coordinate_vfit	80	80	1	-1.8271867	1.8536726	1.8271867	0.82833113	0.90763789	-0.91954884	0	0	24.148217
8	8	0.15	high	even	random_sketch	sorted_rank	80	80	1	0.051852828	0.098879444	0.077658695	0.99694938	0.90763789	0.95949072	1.8790396	-1.749528	24.148217
8	0.5	0	low	10:1	coordinate_grid	coordinate_vfit	80	80	1	-0.0071531163	0.069825561	0.048012106	0.99195329	0.98073321	0.97358009	0	0	28.20422
8	0.5	0	low	10:1	coordinate_grid	sorted_rank	80	80	1	0.46525297	0.61705413	0.46614831	0.67012745	0.98073321	1.4459862	0.47240608	0.4181362	28.20422
8	0.5	0.05	medium	10:1	coordinate_grid	coordinate_vfit	80	80	1	-0.0088552722	0.07941584	0.061977855	0.98936187	0.91196609	0.90311081	0	0	28.20422
8	0.5	0.05	medium	10:1	coordinate_grid	sorted_rank	80	80	1	0.60606998	0.73183801	0.60606998	0.65991301	0.91196609	1.5180361	0.61492525	0.54409212	28.20422
8	0.5	0.15	high	10:1	coordinate_grid	coordinate_vfit	80	80	1	0.0038836339	0.086879462	0.066468276	0.99036979	0.94619214	0.95007577	0	0	28.20422
8	0.5	0.15	high	10:1	coordinate_grid	sorted_rank	80	80	1	0.84296212	0.93981297	0.84296212	0.73574994	0.94619214	1.7891543	0.83907849	0.77649384	28.20422
8	1	0	low	10:1	coordinate_grid	coordinate_vfit	80	80	1	0.001509668	0.044465816	0.032422133	0.99689146	1.028503	1.0300127	0	0	28.20422
8	1	0	low	10:1	coordinate_grid	sorted_rank	80	80	1	0.27845631	0.42034785	0.27912559	0.82875934	1.028503	1.3069594	0.27694665	0.24670346	28.20422
8	1	0.05	medium	10:1	coordinate_grid	coordinate_vfit	80	80	1	-0.00036034201	0.051687654	0.040632194	0.99647296	0.95750894	0.9571486	0	0	28.20422
8	1	0.05	medium	10:1	coordinate_grid	sorted_rank	80	80	1	0.4032862	0.5149105	0.4032862	0.86083407	0.95750894	1.3607951	0.40364655	0.36265401	28.20422
8	1	0.15	high	10:1	coordinate_grid	coordinate_vfit	80	80	1	-0.0056811909	0.069093503	0.053977511	0.99281862	0.87736864	0.87168745	0	0	28.20422
8	1	0.15	high	10:1	coordinate_grid	sorted_rank	80	80	1	0.58366147	0.63273659	0.58366147	0.9015187	0.87736864	1.4610301	0.58934266	0.52968396	28.20422
8	2	0	low	10:1	coordinate_grid	coordinate_vfit	80	80	1	0.0017887728	0.026611852	0.01963135	0.99904475	1.1027821	1.1045709	0	0	28.20422
8	2	0	low	10:1	coordinate_grid	sorted_rank	80	80	1	0.13542844	0.21791206	0.14267462	0.96827925	1.1027821	1.2382105	0.13363967	0.12304327	28.20422
8	2	0.05	medium	10:1	coordinate_grid	coordinate_vfit	80	80	1	0.00034659766	0.043829983	0.036667225	0.9972245	1.0708256	1.0711722	0	0	28.20422
8	2	0.05	medium	10:1	coordinate_grid	sorted_rank	80	80	1	0.21655233	0.27343739	0.21716497	0.96703191	1.0708256	1.287378	0.21620574	0.18049775	28.20422
8	2	0.15	high	10:1	coordinate_grid	coordinate_vfit	80	80	1	-0.0020118353	0.061880673	0.048556127	0.99451678	0.93918244	0.9371706	0	0	28.20422
8	2	0.15	high	10:1	coordinate_grid	sorted_rank	80	80	1	0.43112512	0.48076398	0.43112512	0.93907271	0.93918244	1.3703076	0.43313696	0.382569	28.20422
8	4	0	low	10:1	coordinate_grid	coordinate_vfit	80	80	1	-0.00094229497	0.026290564	0.017357182	0.99900339	1.0230921	1.0221498	0	0	28.20422
8	4	0	low	10:1	coordinate_grid	sorted_rank	80	80	1	0.07857875	0.14300729	0.084614297	0.98431669	1.0230921	1.1016709	0.079521045	0.067257115	28.20422
8	4	0.05	medium	10:1	coordinate_grid	coordinate_vfit	80	80	1	-0.00064462948	0.044725307	0.035597802	0.99653108	0.94459786	0.94395323	0	0	28.20422
8	4	0.05	medium	10:1	coordinate_grid	sorted_rank	80	80	1	0.16461403	0.20180775	0.165082	0.98158195	0.94459786	1.1092119	0.16525866	0.1294842	28.20422
8	4	0.15	high	10:1	coordinate_grid	coordinate_vfit	80	80	1	0.001073042	0.062423481	0.048565224	0.99506074	0.99775359	0.99882663	0	0	28.20422
8	4	0.15	high	10:1	coordinate_grid	sorted_rank	80	80	1	0.2878571	0.30797351	0.2878571	0.98681199	0.99775359	1.2856107	0.28678406	0.23929188	28.20422
8	8	0	low	10:1	coordinate_grid	coordinate_vfit	80	80	1	0.00039431385	0.014460553	0.010574405	0.99967048	1.0572352	1.0576295	0	0	28.20422
8	8	0	low	10:1	coordinate_grid	sorted_rank	80	80	1	0.030280489	0.060123794	0.036334631	0.99702987	1.0572352	1.0875157	0.029886175	0.025760226	28.20422
8	8	0.05	medium	10:1	coordinate_grid	coordinate_vfit	80	80	1	-0.0017645562	0.037470481	0.02989255	0.99785678	1.0099701	1.0082056	0	0	28.20422
8	8	0.05	medium	10:1	coordinate_grid	sorted_rank	80	80	1	0.12871296	0.166832	0.13012618	0.98952462	1.0099701	1.1386831	0.13047751	0.10023363	28.20422
8	8	0.15	high	10:1	coordinate_grid	coordinate_vfit	80	80	1	0.00085383101	0.057487209	0.044983577	0.99563516	0.96350203	0.96435586	0	0	28.20422
8	8	0.15	high	10:1	coordinate_grid	sorted_rank	80	80	1	0.25181834	0.27083695	0.25181834	0.98377598	0.96350203	1.2153204	0.25096451	0.20683477	28.20422
8	0.5	0	low	10:1	random_sketch	coordinate_vfit	80	80	1	-0.0055631473	0.07317156	0.053621168	0.99317108	1.0378192	1.0322561	0	0	27.920063
8	0.5	0	low	10:1	random_sketch	sorted_rank	80	80	1	0.4957103	0.63247225	0.4957103	0.77765403	1.0378192	1.5335295	0.50127344	0.44208913	27.920063
8	0.5	0.05	medium	10:1	random_sketch	coordinate_vfit	80	80	1	-0.50999598	0.55775894	0.51035606	0.91870332	1.1115703	0.60157428	0	0	27.920063
8	0.5	0.05	medium	10:1	random_sketch	sorted_rank	80	80	1	0.4910408	0.63899923	0.49239494	0.71887657	1.1115703	1.6026111	1.0010368	-0.017961113	27.920063
8	0.5	0.15	high	10:1	random_sketch	coordinate_vfit	80	80	1	-1.1399784	1.2190039	1.1399784	0.7408096	1.0645284	-0.075450019	0	0	27.920063
8	0.5	0.15	high	10:1	random_sketch	sorted_rank	80	80	1	0.67996712	0.85209495	0.68088631	0.65341635	1.0645284	1.7444955	1.8199456	-0.45909213	27.920063
8	1	0	low	10:1	random_sketch	coordinate_vfit	80	80	1	0.0024321932	0.039609375	0.029231085	0.99753802	1.0094945	1.0119267	0	0	27.920063
8	1	0	low	10:1	random_sketch	sorted_rank	80	80	1	0.30285055	0.436577	0.30348197	0.83181262	1.0094945	1.3123451	0.30041835	0.27425088	27.920063
8	1	0.05	medium	10:1	random_sketch	coordinate_vfit	80	80	1	-0.58854483	0.63185116	0.58854483	0.91460602	1.0587477	0.47020286	0	0	27.920063
8	1	0.05	medium	10:1	random_sketch	sorted_rank	80	80	1	0.30613763	0.47359797	0.31566163	0.75061244	1.0587477	1.3648853	0.89468245	-0.2728832	27.920063
8	1	0.15	high	10:1	random_sketch	coordinate_vfit	80	80	1	-1.3804502	1.4702626	1.3804502	0.63928893	1.1063888	-0.27406141	0	0	27.920063
8	1	0.15	high	10:1	random_sketch	sorted_rank	80	80	1	0.37944874	0.52351248	0.39056862	0.76226016	1.1063888	1.4858375	1.7598989	-0.98988156	27.920063
8	2	0	low	10:1	random_sketch	coordinate_vfit	80	80	1	-0.0042834707	0.032289879	0.022232014	0.99847227	0.99000139	0.98571792	0	0	27.920063
8	2	0	low	10:1	random_sketch	sorted_rank	80	80	1	0.1540189	0.24098828	0.15728385	0.95045389	0.99000139	1.1440203	0.15830237	0.13505184	27.920063
8	2	0.05	medium	10:1	random_sketch	coordinate_vfit	80	80	1	-0.69460411	0.76537876	0.69460411	0.83507649	0.94808404	0.25347993	0	0	27.920063
8	2	0.05	medium	10:1	random_sketch	sorted_rank	80	80	1	0.18598569	0.29144018	0.19838958	0.91734052	0.94808404	1.1340697	0.8805898	-0.49621453	27.920063
8	2	0.15	high	10:1	random_sketch	coordinate_vfit	80	80	1	-1.5587132	1.6748042	1.5587132	0.58957439	0.9329999	-0.62571331	0	0	27.920063
8	2	0.15	high	10:1	random_sketch	sorted_rank	80	80	1	0.29130711	0.40808013	0.30378908	0.8449616	0.9329999	1.224307	1.8500203	-1.2549241	27.920063
8	4	0	low	10:1	random_sketch	coordinate_vfit	80	80	1	-0.0024344267	0.021930241	0.017421295	0.99928001	0.84166393	0.8392295	0	0	27.920063
8	4	0	low	10:1	random_sketch	sorted_rank	80	80	1	0.12403971	0.22126816	0.12719609	0.95422243	0.84166393	0.96570364	0.12647414	0.1097748	27.920063
8	4	0.05	medium	10:1	random_sketch	coordinate_vfit	80	80	1	-0.78221376	0.87035195	0.78221376	0.81885321	1.0739416	0.29172786	0	0	27.920063
8	4	0.05	medium	10:1	random_sketch	sorted_rank	80	80	1	0.086887999	0.16579205	0.10508578	0.98181748	1.0739416	1.1608296	0.86910176	-0.67712797	27.920063
8	4	0.15	high	10:1	random_sketch	coordinate_vfit	80	80	1	-1.8577215	2.010474	1.8577215	0.68463271	1.0376809	-0.82004061	0	0	27.920063
8	4	0.15	high	10:1	random_sketch	sorted_rank	80	80	1	0.1616736	0.29746379	0.19943473	0.92096637	1.0376809	1.1993545	2.0193951	-1.6582868	27.920063
8	8	0	low	10:1	random_sketch	coordinate_vfit	80	80	1	0.00059574533	0.017738292	0.012218824	0.99947114	1.0461959	1.0467916	0	0	27.920063
8	8	0	low	10:1	random_sketch	sorted_rank	80	80	1	0.04177369	0.085765679	0.047478754	0.99257911	1.0461959	1.0879696	0.041177945	0.035259929	27.920063
8	8	0.05	medium	10:1	random_sketch	coordinate_vfit	80	80	1	-0.88651398	0.98546106	0.88651398	0.77088685	0.86371021	-0.022803774	0	0	27.920063
8	8	0.05	medium	10:1	random_sketch	sorted_rank	80	80	1	0.067604494	0.14876107	0.087460321	0.98007489	0.86371021	0.9313147	0.95411848	-0.79905366	27.920063
8	8	0.15	high	10:1	random_sketch	coordinate_vfit	80	80	1	-2.0784267	2.2834154	2.0784267	0.4962663	1.0094532	-1.0689735	0	0	27.920063
8	8	0.15	high	10:1	random_sketch	sorted_rank	80	80	1	0.084717415	0.17379691	0.1267771	0.97463181	1.0094532	1.0941706	2.1631441	-1.9516496	27.920063
8	0.5	0	low	100:1	coordinate_grid	coordinate_vfit	80	80	1	-0.062801439	0.23486631	0.091641406	0.90524095	0.99476748	0.93196604	0	0	30.594719
8	0.5	0	low	100:1	coordinate_grid	sorted_rank	80	80	1	0.48944239	0.78244899	0.49169622	0.44265586	0.99476748	1.4842099	0.55224383	0.40005482	30.594719
8	0.5	0.05	medium	100:1	coordinate_grid	coordinate_vfit	80	80	1	-0.073805683	0.2196742	0.10383436	0.9331251	1.0968408	1.0230351	0	0	30.594719
8	0.5	0.05	medium	100:1	coordinate_grid	sorted_rank	80	80	1	0.55025117	0.80040405	0.55025117	0.49533703	1.0968408	1.647092	0.62405686	0.44641681	30.594719
8	0.5	0.15	high	100:1	coordinate_grid	coordinate_vfit	80	80	1	-0.087948826	0.26381029	0.1337225	0.9056482	1.0214727	0.93352392	0	0	30.594719
8	0.5	0.15	high	100:1	coordinate_grid	sorted_rank	80	80	1	0.69033537	0.84472006	0.72499094	0.57983566	1.0214727	1.7118081	0.7782842	0.59126845	30.594719
8	1	0	low	100:1	coordinate_grid	coordinate_vfit	80	80	1	-0.049817821	0.16077397	0.072654477	0.96578963	0.95832599	0.90850817	0	0	30.594719
8	1	0	low	100:1	coordinate_grid	sorted_rank	80	80	1	0.46783005	0.90721122	0.46821886	0.51938689	0.95832599	1.426156	0.51764787	0.39556438	30.594719
8	1	0.05	medium	100:1	coordinate_grid	coordinate_vfit	80	80	1	-0.027053677	0.13517783	0.072218937	0.97599791	0.931585	0.90453133	0	0	30.594719
8	1	0.05	medium	100:1	coordinate_grid	sorted_rank	80	80	1	0.57684287	0.98426894	0.57684287	0.4937752	0.931585	1.5084279	0.60389655	0.50462393	30.594719
8	1	0.15	high	100:1	coordinate_grid	coordinate_vfit	80	80	1	-0.04348915	0.16130245	0.093606299	0.96810818	0.83468391	0.79119476	0	0	30.594719
8	1	0.15	high	100:1	coordinate_grid	sorted_rank	80	80	1	0.7830454	1.0950523	0.7830454	0.47084304	0.83468391	1.6177293	0.82653455	0.6894391	30.594719
8	2	0	low	100:1	coordinate_grid	coordinate_vfit	80	80	1	-0.01531234	0.064391768	0.033919592	0.99246986	0.95536054	0.9400482	0	0	30.594719
8	2	0	low	100:1	coordinate_grid	sorted_rank	80	80	1	0.27464401	0.61215405	0.2798577	0.53188791	0.95536054	1.2300045	0.28995635	0.24593811	30.594719
8	2	0.05	medium	100:1	coordinate_grid	coordinate_vfit	80	80	1	-0.0046846839	0.061859262	0.038349071	0.99395869	0.86296927	0.85828458	0	0	30.594719
8	2	0.05	medium	100:1	coordinate_grid	sorted_rank	80	80	1	0.41308992	0.72911696	0.41368246	0.46501933	0.86296927	1.2760592	0.4177746	0.37533339	30.594719
8	2	0.15	high	100:1	coordinate_grid	coordinate_vfit	80	80	1	-0.019060417	0.089129291	0.061721923	0.98784639	1.0319432	1.0128828	0	0	30.594719
8	2	0.15	high	100:1	coordinate_grid	sorted_rank	80	80	1	0.47053019	0.648912	0.47053019	0.69903085	1.0319432	1.5024734	0.48959061	0.40880827	30.594719
8	4	0	low	100:1	coordinate_grid	coordinate_vfit	80	80	1	-0.00082607692	0.031557605	0.018992115	0.99870198	1.1046594	1.1038333	0	0	30.594719
8	4	0	low	100:1	coordinate_grid	sorted_rank	80	80	1	0.13679998	0.33305312	0.14058745	0.88336714	1.1046594	1.2414593	0.13762605	0.12159533	30.594719
8	4	0.05	medium	100:1	coordinate_grid	coordinate_vfit	80	80	1	-0.0012446972	0.053226135	0.034148566	0.99567307	1.0765928	1.0753481	0	0	30.594719
8	4	0.05	medium	100:1	coordinate_grid	sorted_rank	80	80	1	0.24123091	0.44816374	0.24172499	0.75956546	1.0765928	1.3178237	0.24247561	0.20757643	30.594719
8	4	0.15	high	100:1	coordinate_grid	coordinate_vfit	80	80	1	-0.0029656437	0.086836011	0.06100765	0.99027212	1.0540799	1.0511142	0	0	30.594719
8	4	0.15	high	100:1	coordinate_grid	sorted_rank	80	80	1	0.37979485	0.51820209	0.37979485	0.83459157	1.0540799	1.4338747	0.38276049	0.3187872	30.594719
8	8	0	low	100:1	coordinate_grid	coordinate_vfit	80	80	1	-0.0052624927	0.028452377	0.01623362	0.99890023	1.0493255	1.044063	0	0	30.594719
8	8	0	low	100:1	coordinate_grid	sorted_rank	80	80	1	0.088530029	0.2227675	0.09311581	0.94101244	1.0493255	1.1378556	0.093792522	0.076882191	30.594719
8	8	0.05	medium	100:1	coordinate_grid	coordinate_vfit	80	80	1	0.00072516714	0.044744156	0.033582206	0.99699368	1.0153691	1.0160942	0	0	30.594719
8	8	0.05	medium	100:1	coordinate_grid	sorted_rank	80	80	1	0.20089122	0.34863272	0.20089122	0.84210857	1.0153691	1.2162603	0.20016605	0.16730901	30.594719
8	8	0.15	high	100:1	coordinate_grid	coordinate_vfit	80	80	1	-0.004191995	0.064990697	0.050610948	0.99422117	0.96589924	0.96170725	0	0	30.594719
8	8	0.15	high	100:1	coordinate_grid	sorted_rank	80	80	1	0.34831769	0.44706096	0.34831769	0.86554626	0.96589924	1.3142169	0.35250969	0.29770674	30.594719
8	0.5	0	low	100:1	random_sketch	coordinate_vfit	80	80	1	-0.073585862	0.26325857	0.10225978	0.92737019	1.1030464	1.0294605	0	0	30.451483
8	0.5	0	low	100:1	random_sketch	sorted_rank	80	80	1	0.50448616	0.82774088	0.50462601	0.48225715	1.1030464	1.6075325	0.57807202	0.40236623	30.451483
8	0.5	0.05	medium	100:1	random_sketch	coordinate_vfit	80	80	1	-0.53472841	0.58797476	0.53472841	0.88384326	0.94856945	0.41384103	0	0	30.451483
8	0.5	0.05	medium	100:1	random_sketch	sorted_rank	80	80	1	0.56576235	0.85090693	0.56732119	0.41932286	0.94856945	1.5143318	1.1004908	0.032592776	30.451483
8	0.5	0.15	high	100:1	random_sketch	coordinate_vfit	80	80	1	-1.077676	1.1688055	1.077676	0.71196557	0.85545927	-0.22221669	0	0	30.451483
8	0.5	0.15	high	100:1	random_sketch	sorted_rank	80	80	1	0.67700105	0.90735325	0.68450396	0.45646424	0.85545927	1.5324603	1.754677	-0.393172	30.451483
8	1	0	low	100:1	random_sketch	coordinate_vfit	80	80	1	-0.039197779	0.14177596	0.064516866	0.96808332	1.1311637	1.0919659	0	0	30.451483
8	1	0	low	100:1	random_sketch	sorted_rank	80	80	1	0.43700186	0.90880073	0.43932351	0.37001247	1.1311637	1.5681655	0.47619964	0.37480665	30.451483
8	1	0.05	medium	100:1	random_sketch	coordinate_vfit	80	80	1	-0.59417457	0.66399057	0.59417457	0.83832771	0.96054911	0.36637454	0	0	30.451483
8	1	0.05	medium	100:1	random_sketch	sorted_rank	80	80	1	0.47789483	0.90965878	0.48456221	0.48361588	0.96054911	1.4384439	1.0720694	-0.10961236	30.451483
8	1	0.15	high	100:1	random_sketch	coordinate_vfit	80	80	1	-1.2885547	1.3839978	1.2885547	0.71692127	0.95771249	-0.33084221	0	0	30.451483
8	1	0.15	high	100:1	random_sketch	sorted_rank	80	80	1	0.6052606	1.0424988	0.62232699	0.36383971	0.95771249	1.5629731	1.8938153	-0.66622771	30.451483
8	2	0	low	100:1	random_sketch	coordinate_vfit	80	80	1	-0.0032698102	0.055915115	0.028153626	0.99516857	0.93909859	0.93582878	0	0	30.451483
8	2	0	low	100:1	random_sketch	sorted_rank	80	80	1	0.29730295	0.5966229	0.30027313	0.67738765	0.93909859	1.2364015	0.30057276	0.2721195	30.451483
8	2	0.05	medium	100:1	random_sketch	coordinate_vfit	80	80	1	-0.68615137	0.75601957	0.68615137	0.84781152	1.0451613	0.35900996	0	0	30.451483
8	2	0.05	medium	100:1	random_sketch	sorted_rank	80	80	1	0.29785799	0.67656127	0.31658996	0.58760147	1.0451613	1.3430193	0.98400936	-0.36956141	30.451483
8	2	0.15	high	100:1	random_sketch	coordinate_vfit	80	80	1	-1.5954945	1.7428086	1.5954945	0.45579323	1.0674614	-0.52803304	0	0	30.451483
8	2	0.15	high	100:1	random_sketch	sorted_rank	80	80	1	0.40219558	0.84781484	0.4313245	0.52575939	1.0674614	1.469657	1.99769	-1.16417	30.451483
8	4	0	low	100:1	random_sketch	coordinate_vfit	80	80	1	0.0033545816	0.03719476	0.017753548	0.99822138	0.94333988	0.94669446	0	0	30.451483
8	4	0	low	100:1	random_sketch	sorted_rank	80	80	1	0.20555545	0.43071866	0.20834464	0.81411555	0.94333988	1.1488953	0.20220087	0.19059109	30.451483
8	4	0.05	medium	100:1	random_sketch	coordinate_vfit	80	80	1	-0.77038728	0.86242739	0.77038728	0.80099962	1.0338854	0.26349811	0	0	30.451483
8	4	0.05	medium	100:1	random_sketch	sorted_rank	80	80	1	0.20443542	0.48281127	0.22578088	0.73867045	1.0338854	1.2383208	0.97482269	-0.54460639	30.451483
8	4	0.15	high	100:1	random_sketch	coordinate_vfit	80	80	1	-1.7819521	1.9354789	1.7819521	0.52754638	0.99916265	-0.78278946	0	0	30.451483
8	4	0.15	high	100:1	random_sketch	sorted_rank	80	80	1	0.29883794	0.64622309	0.32902517	0.60278087	0.99916265	1.2980006	2.08079	-1.4529269	30.451483
8	8	0	low	100:1	random_sketch	coordinate_vfit	80	80	1	0.0013938413	0.040060449	0.019093303	0.99750554	1.0932667	1.0946605	0	0	30.451483
8	8	0	low	100:1	random_sketch	sorted_rank	80	80	1	0.11297718	0.29600771	0.11900668	0.87764759	1.0932667	1.2062439	0.11158334	0.09991338	30.451483
8	8	0.05	medium	100:1	random_sketch	coordinate_vfit	80	80	1	-0.87493958	0.9644247	0.87493958	0.75873583	0.95652613	0.081586542	0	0	30.451483
8	8	0.05	medium	100:1	random_sketch	sorted_rank	80	80	1	0.12987154	0.35029387	0.15230888	0.83269056	0.95652613	1.0863977	1.0048111	-0.7226307	30.451483
8	8	0.15	high	100:1	random_sketch	coordinate_vfit	80	80	1	-2.0632749	2.2544694	2.0632749	0.41652529	0.99228542	-1.0709895	0	0	30.451483
8	8	0.15	high	100:1	random_sketch	sorted_rank	80	80	1	0.16803061	0.40246407	0.20952591	0.80789724	0.99228542	1.160316	2.2313055	-1.853749	30.451483
16	0.5	0	low	even	coordinate_grid	coordinate_vfit	160	160	1	1.4313128e-07	0.055381837	0.043878365	0.99534717	1.0186232	1.0186233	0	0	47.428471
16	0.5	0	low	even	coordinate_grid	sorted_rank	160	160	1	0.39917857	0.47511462	0.39947737	0.97080366	1.0186232	1.4178017	0.39917843	0.355599	47.428471
16	0.5	0.05	medium	even	coordinate_grid	coordinate_vfit	160	160	1	0.0024536925	0.06327348	0.051260642	0.99422383	1.0101173	1.012571	0	0	47.428471
16	0.5	0.05	medium	even	coordinate_grid	sorted_rank	160	160	1	0.52285918	0.59172817	0.52285918	0.96497539	1.0101173	1.5329765	0.52040549	0.47159854	47.428471
16	0.5	0.15	high	even	coordinate_grid	coordinate_vfit	160	160	1	-0.0051679689	0.084018874	0.068238831	0.98982745	0.98125949	0.97609152	0	0	47.428471
16	0.5	0.15	high	even	coordinate_grid	sorted_rank	160	160	1	0.67306761	0.72112024	0.67306761	0.95907756	0.98125949	1.6543271	0.67823558	0.60482878	47.428471
16	1	0	low	even	coordinate_grid	coordinate_vfit	160	160	1	0.0019266657	0.037986474	0.03076029	0.99814138	1.0235893	1.025516	0	0	47.428471
16	1	0	low	even	coordinate_grid	sorted_rank	160	160	1	0.23706872	0.30572397	0.23763326	0.98418953	1.0235893	1.260658	0.23514205	0.20687297	47.428471
16	1	0.05	medium	even	coordinate_grid	coordinate_vfit	160	160	1	-0.0041339165	0.059051436	0.047630633	0.99543309	0.96028539	0.95615147	0	0	47.428471
16	1	0.05	medium	even	coordinate_grid	sorted_rank	160	160	1	0.32950685	0.3867984	0.32950685	0.97857682	0.96028539	1.2897922	0.33364077	0.28187622	47.428471
16	1	0.15	high	even	coordinate_grid	coordinate_vfit	160	160	1	0.0037016315	0.079652462	0.063582022	0.99191598	0.97734006	0.98104169	0	0	47.428471
16	1	0.15	high	even	coordinate_grid	sorted_rank	160	160	1	0.44253032	0.47995474	0.44253032	0.97641698	0.97734006	1.4198704	0.43882868	0.37894829	47.428471
16	2	0	low	even	coordinate_grid	coordinate_vfit	160	160	1	0.0026494725	0.027484934	0.021957147	0.99885348	1.0096988	1.0123483	0	0	47.428471
16	2	0	low	even	coordinate_grid	sorted_rank	160	160	1	0.12171021	0.1782479	0.12573184	0.9898853	1.0096988	1.131409	0.11906073	0.10377469	47.428471
16	2	0.05	medium	even	coordinate_grid	coordinate_vfit	160	160	1	-0.0016304106	0.045420965	0.035954203	0.99692401	0.95697513	0.95534471	0	0	47.428471
16	2	0.05	medium	even	coordinate_grid	sorted_rank	160	160	1	0.20796312	0.25139907	0.20832906	0.98738517	0.95697513	1.1649382	0.20959353	0.17237486	47.428471
16	2	0.15	high	even	coordinate_grid	coordinate_vfit	160	160	1	-0.0027449872	0.079428717	0.064432623	0.99159335	1.0150535	1.0123085	0	0	47.428471
16	2	0.15	high	even	coordinate_grid	sorted_rank	160	160	1	0.27987237	0.30729283	0.27987237	0.98477518	1.0150535	1.2949259	0.28261736	0.21543975	47.428471
16	4	0	low	even	coordinate_grid	coordinate_vfit	160	160	1	0.0032382633	0.020945376	0.016379416	0.99928126	1.050622	1.0538602	0	0	47.428471
16	4	0	low	even	coordinate_grid	sorted_rank	160	160	1	0.057944237	0.093307498	0.062936785	0.9954662	1.050622	1.1085662	0.054705974	0.046557369	47.428471
16	4	0.05	medium	even	coordinate_grid	coordinate_vfit	160	160	1	0.00040833185	0.0413085	0.032710035	0.99780043	0.96933774	0.96974607	0	0	47.428471
16	4	0.05	medium	even	coordinate_grid	sorted_rank	160	160	1	0.14519977	0.18278092	0.14519977	0.99236784	0.96933774	1.1145375	0.14479143	0.11248973	47.428471
16	4	0.15	high	even	coordinate_grid	coordinate_vfit	160	160	1	-0.0028756949	0.070823647	0.057899055	0.99352092	1.0050104	1.0021347	0	0	47.428471
16	4	0.15	high	even	coordinate_grid	sorted_rank	160	160	1	0.21492144	0.23269661	0.21492144	0.99116193	1.0050104	1.2199318	0.21779713	0.15702238	47.428471
16	8	0	low	even	coordinate_grid	coordinate_vfit	160	160	1	0.0013068616	0.01343673	0.010882695	0.99972609	1.0311389	1.0324458	0	0	47.428471
16	8	0	low	even	coordinate_grid	sorted_rank	160	160	1	0.033361898	0.068591211	0.038882412	0.99693833	1.0311389	1.0645008	0.032055036	0.027999717	47.428471
16	8	0.05	medium	even	coordinate_grid	coordinate_vfit	160	160	1	-0.00084569264	0.043129638	0.034979676	0.99752964	1.0072294	1.0063837	0	0	47.428471
16	8	0.05	medium	even	coordinate_grid	sorted_rank	160	160	1	0.10595044	0.13901495	0.10595044	0.99328528	1.0072294	1.1131799	0.10679613	0.070970766	47.428471
16	8	0.15	high	even	coordinate_grid	coordinate_vfit	160	160	1	-0.00044427275	0.070579836	0.057767458	0.99239444	1.0275232	1.0270789	0	0	47.428471
16	8	0.15	high	even	coordinate_grid	sorted_rank	160	160	1	0.16862867	0.18244311	0.16862867	0.99272307	1.0275232	1.1961519	0.16907295	0.11086122	47.428471
16	0.5	0	low	even	random_sketch	coordinate_vfit	160	160	1	-0.0067612079	0.055635582	0.044051317	0.99587764	1.0093706	1.0026094	0	0	47.006039
16	0.5	0	low	even	random_sketch	sorted_rank	160	160	1	0.42605379	0.51044442	0.42605379	0.96948748	1.0093706	1.4354244	0.432815	0.38200248	47.006039
16	0.5	0.05	medium	even	random_sketch	coordinate_vfit	160	160	1	-0.76496663	0.78596992	0.76496663	0.9469427	1.0305208	0.26555418	0	0	47.006039
16	0.5	0.05	medium	even	random_sketch	sorted_rank	160	160	1	0.48366866	0.55261163	0.48366866	0.96458797	1.0305208	1.5141895	1.2486353	-0.28129797	47.006039
16	0.5	0.15	high	even	random_sketch	coordinate_vfit	160	160	1	-1.7293847	1.7501975	1.7293847	0.88476337	1.0102474	-0.71913735	0	0	47.006039
16	0.5	0.15	high	even	random_sketch	sorted_rank	160	160	1	0.69824444	0.74774115	0.69824444	0.96042923	1.0102474	1.7084918	2.4276292	-1.0311403	47.006039
16	1	0	low	even	random_sketch	coordinate_vfit	160	160	1	6.7024666e-05	0.034890571	0.027878756	0.99831068	0.92618875	0.92625577	0	0	47.006039
16	1	0	low	even	random_sketch	sorted_rank	160	160	1	0.27080657	0.33946424	0.27111119	0.98177212	0.92618875	1.1969953	0.27073954	0.24323244	47.006039
16	1	0.05	medium	even	random_sketch	coordinate_vfit	160	160	1	-0.89209621	0.91803488	0.89209621	0.92719715	0.99217787	0.10008166	0	0	47.006039
16	1	0.05	medium	even	random_sketch	sorted_rank	160	160	1	0.2935462	0.36114877	0.29395867	0.97538088	0.99217787	1.2857241	1.1856424	-0.59813754	47.006039
16	1	0.15	high	even	random_sketch	coordinate_vfit	160	160	1	-2.0899538	2.1086525	2.0899538	0.87655882	0.97303768	-1.1169161	0	0	47.006039
16	1	0.15	high	even	random_sketch	sorted_rank	160	160	1	0.46581648	0.50872767	0.46581648	0.97680866	0.97303768	1.4388542	2.5557702	-1.6241373	47.006039
16	2	0	low	even	random_sketch	coordinate_vfit	160	160	1	0.00043175639	0.023818295	0.018672361	0.99913887	1.0373307	1.0377625	0	0	47.006039
16	2	0	low	even	random_sketch	sorted_rank	160	160	1	0.13355063	0.19077503	0.13538788	0.99004832	1.0373307	1.1708813	0.13311888	0.11671552	47.006039
16	2	0.05	medium	even	random_sketch	coordinate_vfit	160	160	1	-1.033644	1.0586515	1.033644	0.91489646	1.0516097	0.017965682	0	0	47.006039
16	2	0.05	medium	even	random_sketch	sorted_rank	160	160	1	0.1441283	0.19840495	0.14694754	0.98760975	1.0516097	1.195738	1.1777723	-0.8866965	47.006039
16	2	0.15	high	even	random_sketch	coordinate_vfit	160	160	1	-2.426682	2.4487448	2.426682	0.83930108	1.0046813	-1.4220007	0	0	47.006039
16	2	0.15	high	even	random_sketch	sorted_rank	160	160	1	0.28426441	0.32230705	0.28426441	0.98637579	1.0046813	1.2889457	2.7109464	-2.1424176	47.006039
16	4	0	low	even	random_sketch	coordinate_vfit	160	160	1	5.9652894e-05	0.019187481	0.015017025	0.99948493	0.99687004	0.99692969	0	0	47.006039
16	4	0	low	even	random_sketch	sorted_rank	160	160	1	0.074500901	0.12309946	0.079305202	0.99386358	0.99687004	1.0713709	0.074441248	0.064288176	47.006039
16	4	0.05	medium	even	random_sketch	coordinate_vfit	160	160	1	-1.1888893	1.2164894	1.1888893	0.8932037	1.0093965	-0.1794928	0	0	47.006039
16	4	0.05	medium	even	random_sketch	sorted_rank	160	160	1	0.084788696	0.12449459	0.087474366	0.99405309	1.0093965	1.0941852	1.273678	-1.101415	47.006039
16	4	0.15	high	even	random_sketch	coordinate_vfit	160	160	1	-2.7932763	2.8188163	2.7932763	0.79667553	0.9563024	-1.8369739	0	0	47.006039
16	4	0.15	high	even	random_sketch	sorted_rank	160	160	1	0.18362429	0.21029811	0.18362429	0.9926452	0.9563024	1.1399267	2.9769006	-2.609652	47.006039
16	8	0	low	even	random_sketch	coordinate_vfit	160	160	1	-0.00051481949	0.013231929	0.010636754	0.99974672	1.066625	1.0661102	0	0	47.006039
16	8	0	low	even	random_sketch	sorted_rank	160	160	1	0.027947129	0.055410592	0.033732274	0.99804944	1.066625	1.0945721	0.028461948	0.02309552	47.006039
16	8	0.05	medium	even	random_sketch	coordinate_vfit	160	160	1	-1.3442904	1.3692994	1.3442904	0.9043597	0.91316613	-0.43112432	0	0	47.006039
16	8	0.05	medium	even	random_sketch	sorted_rank	160	160	1	0.056336775	0.09140718	0.059866194	0.9963979	0.91316613	0.9695029	1.4006272	-1.2844243	47.006039
16	8	0.15	high	even	random_sketch	coordinate_vfit	160	160	1	-3.1388106	3.1650662	3.1388106	0.75958733	1.0013239	-2.1374867	0	0	47.006039
16	8	0.15	high	even	random_sketch	sorted_rank	160	160	1	0.10880477	0.12433531	0.10880477	0.99634539	1.0013239	1.1101287	3.2476154	-3.0300058	47.006039
16	0.5	0	low	10:1	coordinate_grid	coordinate_vfit	160	160	1	0.0052583699	0.06888066	0.048968734	0.99339405	1.0098557	1.0151141	0	0	48.180504
16	0.5	0	low	10:1	coordinate_grid	sorted_rank	160	160	1	0.46536301	0.59476903	0.46556474	0.77655004	1.0098557	1.4752187	0.46010464	0.416596	48.180504
16	0.5	0.05	medium	10:1	coordinate_grid	coordinate_vfit	160	160	1	-0.0070605696	0.073084522	0.054426684	0.99208944	1.0220266	1.0149661	0	0	48.180504
16	0.5	0.05	medium	10:1	coordinate_grid	sorted_rank	160	160	1	0.54239158	0.64194721	0.54239158	0.79958983	1.0220266	1.5644182	0.54945215	0.4879649	48.180504
16	0.5	0.15	high	10:1	coordinate_grid	coordinate_vfit	160	160	1	-0.0024001202	0.086755279	0.068497082	0.99037028	0.94396125	0.94156113	0	0	48.180504
16	0.5	0.15	high	10:1	coordinate_grid	sorted_rank	160	160	1	0.72464368	0.81982692	0.72464368	0.74626785	0.94396125	1.6686049	0.7270438	0.6561466	48.180504
16	1	0	low	10:1	coordinate_grid	coordinate_vfit	160	160	1	0.0015166576	0.044601935	0.0302559	0.99703978	1.0515246	1.0530413	0	0	48.180504
16	1	0	low	10:1	coordinate_grid	sorted_rank	160	160	1	0.2560491	0.35977523	0.25811961	0.90691697	1.0515246	1.3075737	0.25453244	0.22786371	48.180504
16	1	0.05	medium	10:1	coordinate_grid	coordinate_vfit	160	160	1	-0.0037124561	0.055643438	0.042772317	0.99557411	0.92379634	0.92008388	0	0	48.180504
16	1	0.05	medium	10:1	coordinate_grid	sorted_rank	160	160	1	0.37379214	0.48201788	0.37379214	0.85381625	0.92379634	1.2975885	0.3775046	0.33101982	48.180504
16	1	0.15	high	10:1	coordinate_grid	coordinate_vfit	160	160	1	0.0033301059	0.081897253	0.067795994	0.99040543	0.94218273	0.94551284	0	0	48.180504
16	1	0.15	high	10:1	coordinate_grid	sorted_rank	160	160	1	0.47459135	0.53535325	0.47459135	0.89473008	0.94218273	1.4167741	0.47126124	0.40679535	48.180504
16	2	0	low	10:1	coordinate_grid	coordinate_vfit	160	160	1	-0.0041524433	0.036705512	0.026303478	0.99811445	1.0272738	1.0231213	0	0	48.180504
16	2	0	low	10:1	coordinate_grid	sorted_rank	160	160	1	0.13161197	0.2000897	0.13567248	0.9759403	1.0272738	1.1588857	0.13576441	0.10936901	48.180504
16	2	0.05	medium	10:1	coordinate_grid	coordinate_vfit	160	160	1	0.0017309297	0.044682478	0.035495942	0.99684648	1.0386122	1.0403432	0	0	48.180504
16	2	0.05	medium	10:1	coordinate_grid	sorted_rank	160	160	1	0.21187225	0.28337753	0.21199481	0.95127867	1.0386122	1.2504845	0.21014132	0.17649887	48.180504
16	2	0.15	high	10:1	coordinate_grid	coordinate_vfit	160	160	1	-0.00078880598	0.071257837	0.05628127	0.99299234	0.92903737	0.92824857	0	0	48.180504
16	2	0.15	high	10:1	coordinate_grid	sorted_rank	160	160	1	0.33719776	0.38895837	0.33719776	0.95220253	0.92903737	1.2662351	0.33798657	0.28091649	48.180504
16	4	0	low	10:1	coordinate_grid	coordinate_vfit	160	160	1	-0.0011885546	0.020843764	0.014645772	0.99935993	0.91630088	0.91511233	0	0	48.180504
16	4	0	low	10:1	coordinate_grid	sorted_rank	160	160	1	0.090423521	0.14370882	0.093177435	0.9866911	0.91630088	1.0067244	0.091612076	0.078531662	48.180504
16	4	0.05	medium	10:1	coordinate_grid	coordinate_vfit	160	160	1	-0.00067150561	0.041782209	0.033020443	0.99764037	0.94482431	0.9441528	0	0	48.180504
16	4	0.05	medium	10:1	coordinate_grid	sorted_rank	160	160	1	0.15660772	0.20026711	0.15717199	0.98414378	0.94482431	1.101432	0.15727923	0.12415155	48.180504
16	4	0.15	high	10:1	coordinate_grid	coordinate_vfit	160	160	1	-9.0865283e-05	0.071998125	0.056423796	0.99244566	1.0574745	1.0573836	0	0	48.180504
16	4	0.15	high	10:1	coordinate_grid	sorted_rank	160	160	1	0.22565808	0.25341238	0.22565808	0.98144402	1.0574745	1.2831326	0.22574894	0.16923428	48.180504
16	8	0	low	10:1	coordinate_grid	coordinate_vfit	160	160	1	-0.00035059747	0.014143055	0.010820398	0.99973497	0.93494001	0.93458942	0	0	48.180504
16	8	0	low	10:1	coordinate_grid	sorted_rank	160	160	1	0.054951201	0.11148894	0.059457439	0.9907241	0.93494001	0.98989121	0.055301798	0.048637041	48.180504
16	8	0.05	medium	10:1	coordinate_grid	coordinate_vfit	160	160	1	-0.00024524501	0.041420866	0.032255942	0.99734477	1.0278706	1.0276254	0	0	48.180504
16	8	0.05	medium	10:1	coordinate_grid	sorted_rank	160	160	1	0.096432013	0.12380044	0.096772112	0.99301348	1.0278706	1.1243026	0.096677258	0.06451617	48.180504
16	8	0.15	high	10:1	coordinate_grid	coordinate_vfit	160	160	1	0.0011365462	0.068905838	0.056343026	0.99321354	0.97349341	0.97462996	0	0	48.180504
16	8	0.15	high	10:1	coordinate_grid	sorted_rank	160	160	1	0.17127139	0.18747938	0.17127139	0.99197716	0.97349341	1.1447648	0.17013484	0.11492836	48.180504
16	0.5	0	low	10:1	random_sketch	coordinate_vfit	160	160	1	-0.011503998	0.056172215	0.042082128	0.99544581	1.0135538	1.0020498	0	0	47.515025
16	0.5	0	low	10:1	random_sketch	sorted_rank	160	160	1	0.47370955	0.62119057	0.47430907	0.71068441	1.0135538	1.4872633	0.48521355	0.43222695	47.515025
16	0.5	0.05	medium	10:1	random_sketch	coordinate_vfit	160	160	1	-0.74523111	0.76636501	0.74523111	0.95622726	0.99767528	0.25244417	0	0	47.515025
16	0.5	0.05	medium	10:1	random_sketch	sorted_rank	160	160	1	0.56894025	0.73290077	0.56894025	0.66093358	0.99767528	1.5666155	1.3141714	-0.17629086	47.515025
16	0.5	0.15	high	10:1	random_sketch	coordinate_vfit	160	160	1	-1.7517224	1.7807448	1.7517224	0.81733602	0.97690661	-0.77481577	0	0	47.515025
16	0.5	0.15	high	10:1	random_sketch	sorted_rank	160	160	1	0.78463153	0.93019983	0.78463153	0.57638424	0.97690661	1.7615381	2.5363539	-0.96709084	47.515025
16	1	0	low	10:1	random_sketch	coordinate_vfit	160	160	1	0.0011598924	0.040294883	0.029743828	0.99769278	0.98689913	0.98805902	0	0	47.515025
16	1	0	low	10:1	random_sketch	sorted_rank	160	160	1	0.28713176	0.38944817	0.2892883	0.90274843	0.98689913	1.2740309	0.28597187	0.25954447	47.515025
16	1	0.05	medium	10:1	random_sketch	coordinate_vfit	160	160	1	-0.89486847	0.92380921	0.89486847	0.91528021	0.93121828	0.036349814	0	0	47.515025
16	1	0.05	medium	10:1	random_sketch	sorted_rank	160	160	1	0.33120046	0.43011142	0.33183469	0.87916715	0.93121828	1.2624187	1.2260689	-0.56303378	47.515025
16	1	0.15	high	10:1	random_sketch	coordinate_vfit	160	160	1	-2.1022958	2.1456121	2.1022958	0.7066722	1.0318231	-1.0704727	0	0	47.515025
16	1	0.15	high	10:1	random_sketch	sorted_rank	160	160	1	0.47788603	0.58216837	0.47788603	0.81044984	1.0318231	1.5097091	2.5801819	-1.6244098	47.515025
16	2	0	low	10:1	random_sketch	coordinate_vfit	160	160	1	0.00010651792	0.029634109	0.022454421	0.99862408	1.0460747	1.0461812	0	0	47.515025
16	2	0	low	10:1	random_sketch	sorted_rank	160	160	1	0.15090455	0.23778667	0.15292251	0.95427949	1.0460747	1.1969792	0.15079803	0.13046809	47.515025
16	2	0.05	medium	10:1	random_sketch	coordinate_vfit	160	160	1	-1.0416843	1.0822206	1.0416843	0.86262956	0.9355208	-0.10616347	0	0	47.515025
16	2	0.05	medium	10:1	random_sketch	sorted_rank	160	160	1	0.18547578	0.26139502	0.18889123	0.9548242	0.9355208	1.1209966	1.22716	-0.85279304	47.515025
16	2	0.15	high	10:1	random_sketch	coordinate_vfit	160	160	1	-2.5053826	2.5551325	2.5053826	0.64492771	1.0357013	-1.4696813	0	0	47.515025
16	2	0.15	high	10:1	random_sketch	sorted_rank	160	160	1	0.30913215	0.3744113	0.31073624	0.93657358	1.0357013	1.3448335	2.8145148	-2.1946464	47.515025
16	4	0	low	10:1	random_sketch	coordinate_vfit	160	160	1	0.0025551368	0.022371978	0.015848731	0.99930057	1.0124282	1.0149833	0	0	47.515025
16	4	0	low	10:1	random_sketch	sorted_rank	160	160	1	0.088844004	0.16035649	0.093270398	0.98043474	1.0124282	1.1012722	0.086288867	0.077421666	47.515025
16	4	0.05	medium	10:1	random_sketch	coordinate_vfit	160	160	1	-1.2426117	1.2767354	1.2426117	0.88064147	1.0653254	-0.17728627	0	0	47.515025
16	4	0.05	medium	10:1	random_sketch	sorted_rank	160	160	1	0.093836621	0.17129233	0.1038197	0.97728503	1.0653254	1.1591621	1.3364483	-1.138792	47.515025
16	4	0.15	high	10:1	random_sketch	coordinate_vfit	160	160	1	-2.8278095	2.8799639	2.8278095	0.65732915	1.1145723	-1.7132372	0	0	47.515025
16	4	0.15	high	10:1	random_sketch	sorted_rank	160	160	1	0.16546983	0.22729777	0.17483511	0.96319092	1.1145723	1.2800421	2.9932793	-2.6529743	47.515025
16	8	0	low	10:1	random_sketch	coordinate_vfit	160	160	1	-0.0019484936	0.015401772	0.011401739	0.99964787	1.0304458	1.0284973	0	0	47.515025
16	8	0	low	10:1	random_sketch	sorted_rank	160	160	1	0.045408936	0.095902565	0.050504887	0.99193316	1.0304458	1.0758547	0.047357429	0.039103148	47.515025
16	8	0.05	medium	10:1	random_sketch	coordinate_vfit	160	160	1	-1.3391699	1.3816833	1.3391699	0.86440359	1.0337684	-0.30540156	0	0	47.515025
16	8	0.05	medium	10:1	random_sketch	sorted_rank	160	160	1	0.061276649	0.1252879	0.072355208	0.98918544	1.0337684	1.095045	1.4004466	-1.2668147	47.515025
16	8	0.15	high	10:1	random_sketch	coordinate_vfit	160	160	1	-3.2168546	3.295477	3.2168546	0.51345209	1.0558997	-2.1609549	0	0	47.515025
16	8	0.15	high	10:1	random_sketch	sorted_rank	160	160	1	0.12265979	0.16979585	0.13214969	0.97959166	1.0558997	1.1785595	3.3395144	-3.0847049	47.515025
16	0.5	0	low	100:1	coordinate_grid	coordinate_vfit	160	160	1	-0.04984435	0.21725096	0.086592796	0.94053175	1.0135561	0.96371178	0	0	59.468291
16	0.5	0	low	100:1	coordinate_grid	sorted_rank	160	160	1	0.45767233	0.65909419	0.48019579	0.67601383	1.0135561	1.4712285	0.50751668	0.39360299	59.468291
16	0.5	0.05	medium	100:1	coordinate_grid	coordinate_vfit	160	160	1	-0.02528499	0.1564168	0.078347874	0.9653363	0.94209518	0.91681019	0	0	59.468291
16	0.5	0.05	medium	100:1	coordinate_grid	sorted_rank	160	160	1	0.58942362	0.76550656	0.58954558	0.61587443	0.94209518	1.5315188	0.61470861	0.51119771	59.468291
16	0.5	0.15	high	100:1	coordinate_grid	coordinate_vfit	160	160	1	-0.044718188	0.22082207	0.11281562	0.93473207	1.0403333	0.99561508	0	0	59.468291
16	0.5	0.15	high	100:1	coordinate_grid	sorted_rank	160	160	1	0.61942574	0.7830593	0.66978162	0.61674477	1.0403333	1.659759	0.66414393	0.556966	59.468291
16	1	0	low	100:1	coordinate_grid	coordinate_vfit	160	160	1	-0.024598719	0.11448719	0.049184297	0.9813349	1.0517882	1.0271895	0	0	59.468291
16	1	0	low	100:1	coordinate_grid	sorted_rank	160	160	1	0.34406444	0.67748178	0.34659934	0.60370825	1.0517882	1.3958526	0.36866316	0.29741504	59.468291
16	1	0.05	medium	100:1	coordinate_grid	coordinate_vfit	160	160	1	-0.020967916	0.10832659	0.057879833	0.9842308	0.98278889	0.96182097	0	0	59.468291
16	1	0.05	medium	100:1	coordinate_grid	sorted_rank	160	160	1	0.45487449	0.77947628	0.45487449	0.49911883	0.98278889	1.4376634	0.47584241	0.39699466	59.468291
16	1	0.15	high	100:1	coordinate_grid	coordinate_vfit	160	160	1	-0.027470081	0.16356133	0.094879816	0.95919993	0.9528476	0.92537752	0	0	59.468291
16	1	0.15	high	100:1	coordinate_grid	sorted_rank	160	160	1	0.54358655	0.71766081	0.54358655	0.69190161	0.9528476	1.4964342	0.57105663	0.44870674	59.468291
16	2	0	low	100:1	coordinate_grid	coordinate_vfit	160	160	1	-0.015530301	0.068229605	0.031125493	0.99294126	1.0635084	1.0479781	0	0	59.468291
16	2	0	low	100:1	coordinate_grid	sorted_rank	160	160	1	0.19040158	0.43051746	0.19584815	0.77077621	1.0635084	1.25391	0.20593188	0.16472265	59.468291
16	2	0.05	medium	100:1	coordinate_grid	coordinate_vfit	160	160	1	-0.010570859	0.070954481	0.045966	0.99330109	1.0486361	1.0380653	0	0	59.468291
16	2	0.05	medium	100:1	coordinate_grid	sorted_rank	160	160	1	0.27841087	0.48173867	0.27841087	0.78251956	1.0486361	1.327047	0.28898173	0.23244487	59.468291
16	2	0.15	high	100:1	coordinate_grid	coordinate_vfit	160	160	1	-0.012099454	0.096239487	0.067531273	0.98618773	0.95806067	0.94596122	0	0	59.468291
16	2	0.15	high	100:1	coordinate_grid	sorted_rank	160	160	1	0.40095756	0.61540211	0.40095756	0.65689794	0.95806067	1.3590182	0.41305701	0.33342629	59.468291
16	4	0	low	100:1	coordinate_grid	coordinate_vfit	160	160	1	-0.0027022393	0.030838197	0.017766055	0.99872767	0.97354337	0.97084113	0	0	59.468291
16	4	0	low	100:1	coordinate_grid	sorted_rank	160	160	1	0.13865757	0.32420865	0.14308907	0.88318926	0.97354337	1.1122009	0.14135981	0.12532301	59.468291
16	4	0.05	medium	100:1	coordinate_grid	coordinate_vfit	160	160	1	0.00094047499	0.050718012	0.036036305	0.99645318	1.0306738	1.0316143	0	0	59.468291
16	4	0.05	medium	100:1	coordinate_grid	sorted_rank	160	160	1	0.20464709	0.34747343	0.20464709	0.88546703	1.0306738	1.2353209	0.20370661	0.16861078	59.468291
16	4	0.15	high	100:1	coordinate_grid	coordinate_vfit	160	160	1	-0.0031777509	0.072861547	0.056347466	0.99243459	1.0819956	1.0788178	0	0	59.468291
16	4	0.15	high	100:1	coordinate_grid	sorted_rank	160	160	1	0.27422008	0.39594194	0.27422008	0.87855229	1.0819956	1.3562157	0.27739783	0.21787261	59.468291
16	8	0	low	100:1	coordinate_grid	coordinate_vfit	160	160	1	0.001721672	0.022673487	0.01257309	0.99929866	0.97853353	0.98025521	0	0	59.468291
16	8	0	low	100:1	coordinate_grid	sorted_rank	160	160	1	0.089496229	0.23551056	0.094132355	0.93276636	0.97853353	1.0680298	0.087774557	0.081559265	59.468291
16	8	0.05	medium	100:1	coordinate_grid	coordinate_vfit	160	160	1	-0.0012702244	0.039977181	0.031645367	0.99744736	0.98685594	0.98558572	0	0	59.468291
16	8	0.05	medium	100:1	coordinate_grid	sorted_rank	160	160	1	0.16137765	0.30266033	0.16145112	0.88789494	0.98685594	1.1482336	0.16264788	0.12980575	59.468291
16	8	0.15	high	100:1	coordinate_grid	coordinate_vfit	160	160	1	-0.0052247516	0.066778434	0.054239667	0.99364721	0.98822392	0.98299917	0	0	59.468291
16	8	0.15	high	100:1	coordinate_grid	sorted_rank	160	160	1	0.22518763	0.32139068	0.22518763	0.91894242	0.98822392	1.2134115	0.23041238	0.17094796	59.468291
16	0.5	0	low	100:1	random_sketch	coordinate_vfit	160	160	1	-0.042581084	0.20444663	0.083455561	0.94517111	1.0055306	0.9629495	0	0	59.875839
16	0.5	0	low	100:1	random_sketch	sorted_rank	160	160	1	0.47919208	0.70236552	0.48623816	0.61162805	1.0055306	1.4847227	0.52177317	0.4027826	59.875839
16	0.5	0.05	medium	100:1	random_sketch	coordinate_vfit	160	160	1	-0.78678155	0.81952412	0.78678155	0.90546123	1.0520819	0.26530036	0	0	59.875839
16	0.5	0.05	medium	100:1	random_sketch	sorted_rank	160	160	1	0.50947402	0.68531784	0.50970726	0.62395111	1.0520819	1.5615559	1.2962556	-0.27707428	59.875839
16	0.5	0.15	high	100:1	random_sketch	coordinate_vfit	160	160	1	-1.7704891	1.8085957	1.7704891	0.81237549	1.0477436	-0.72274551	0	0	59.875839
16	0.5	0.15	high	100:1	random_sketch	sorted_rank	160	160	1	0.70695277	0.9231066	0.7211056	0.50372409	1.0477436	1.7546963	2.4774419	-1.0493835	59.875839
16	1	0	low	100:1	random_sketch	coordinate_vfit	160	160	1	-0.024887738	0.11778347	0.047628437	0.97986903	0.96609994	0.94121221	0	0	59.875839
16	1	0	low	100:1	random_sketch	sorted_rank	160	160	1	0.37588627	0.68744474	0.37708653	0.61033879	0.96609994	1.3419862	0.40077401	0.32945809	59.875839
16	1	0.05	medium	100:1	random_sketch	coordinate_vfit	160	160	1	-0.87834325	0.91325833	0.87834325	0.90684751	0.93942891	0.061085662	0	0	59.875839
16	1	0.05	medium	100:1	random_sketch	sorted_rank	160	160	1	0.43784666	0.72759207	0.43964198	0.58734458	0.93942891	1.3772756	1.3161899	-0.43870127	59.875839
16	1	0.15	high	100:1	random_sketch	coordinate_vfit	160	160	1	-2.0930139	2.1527395	2.0930139	0.65707906	0.93874081	-1.1542731	0	0	59.875839
16	1	0.15	high	100:1	random_sketch	sorted_rank	160	160	1	0.57278195	0.84460043	0.57691912	0.52982444	0.93874081	1.5115228	2.6657959	-1.5160948	59.875839
16	2	0	low	100:1	random_sketch	coordinate_vfit	160	160	1	-0.0032907656	0.051693404	0.028400322	0.99538256	1.0373234	1.0340326	0	0	59.875839
16	2	0	low	100:1	random_sketch	sorted_rank	160	160	1	0.21150724	0.45671723	0.21417557	0.73672194	1.0373234	1.2488306	0.21479801	0.18577525	59.875839
16	2	0.05	medium	100:1	random_sketch	coordinate_vfit	160	160	1	-1.0750031	1.1182113	1.0750031	0.85162541	0.99217953	-0.082823613	0	0	59.875839
16	2	0.05	medium	100:1	random_sketch	sorted_rank	160	160	1	0.26329681	0.55670304	0.26921404	0.65447314	0.99217953	1.2554763	1.3383	-0.80578911	59.875839
16	2	0.15	high	100:1	random_sketch	coordinate_vfit	160	160	1	-2.4740692	2.5505277	2.4740692	0.60128353	0.92175553	-1.5523137	0	0	59.875839
16	2	0.15	high	100:1	random_sketch	sorted_rank	160	160	1	0.43063165	0.77794557	0.43574035	0.52440126	0.92175553	1.3523872	2.9047009	-2.0383289	59.875839
16	4	0	low	100:1	random_sketch	coordinate_vfit	160	160	1	-0.0028516689	0.034827967	0.019431849	0.99806673	0.99779214	0.99494047	0	0	59.875839
16	4	0	low	100:1	random_sketch	sorted_rank	160	160	1	0.12818271	0.30966906	0.13229681	0.87532665	0.99779214	1.1259748	0.13103438	0.11286496	59.875839
16	4	0.05	medium	100:1	random_sketch	coordinate_vfit	160	160	1	-1.1959969	1.2507811	1.1959969	0.83300944	1.0383833	-0.1576136	0	0	59.875839
16	4	0.05	medium	100:1	random_sketch	sorted_rank	160	160	1	0.16509287	0.41809563	0.17457457	0.77810695	1.0383833	1.2034761	1.3610897	-1.0214223	59.875839
16	4	0.15	high	100:1	random_sketch	coordinate_vfit	160	160	1	-2.8140261	2.8958226	2.8140261	0.56886905	0.94572744	-1.8682987	0	0	59.875839
16	4	0.15	high	100:1	random_sketch	sorted_rank	160	160	1	0.28236861	0.54397116	0.29265371	0.73511982	0.94572744	1.2280961	3.0963947	-2.5213724	59.875839
16	8	0	low	100:1	random_sketch	coordinate_vfit	160	160	1	-0.0014757946	0.026389036	0.01434402	0.99903069	1.0520377	1.0505619	0	0	59.875839
16	8	0	low	100:1	random_sketch	sorted_rank	160	160	1	0.087580307	0.2426877	0.091661916	0.92590271	1.0520377	1.139618	0.089056101	0.077317896	59.875839
16	8	0.05	medium	100:1	random_sketch	coordinate_vfit	160	160	1	-1.3369567	1.3884568	1.3369567	0.81018411	0.92297159	-0.41398506	0	0	59.875839
16	8	0.05	medium	100:1	random_sketch	sorted_rank	160	160	1	0.087180174	0.21138313	0.097274583	0.9423349	0.92297159	1.0101518	1.4241368	-1.2396821	59.875839
16	8	0.15	high	100:1	random_sketch	coordinate_vfit	160	160	1	-3.1751684	3.2615077	3.1751684	0.43418853	1.0582041	-2.1169644	0	0	59.875839
16	8	0.15	high	100:1	random_sketch	sorted_rank	160	160	1	0.1736417	0.36827978	0.18420849	0.83377608	1.0582041	1.2318458	3.3488101	-2.9909599	59.875839
32	0.5	0	low	even	coordinate_grid	coordinate_vfit	320	320	1	0.00011052776	0.05490118	0.043721952	0.99523396	1.0164009	1.0165115	0	0	117.81295
32	0.5	0	low	even	coordinate_grid	sorted_rank	320	320	1	0.40402283	0.47893285	0.40402283	0.97033705	1.0164009	1.4204238	0.4039123	0.36030087	117.81295
32	0.5	0.05	medium	even	coordinate_grid	coordinate_vfit	320	320	1	-0.0004969174	0.069383787	0.054629579	0.99311847	0.95577986	0.95528294	0	0	117.81295
32	0.5	0.05	medium	even	coordinate_grid	sorted_rank	320	320	1	0.50460074	0.5795396	0.50460074	0.96060897	0.95577986	1.4603806	0.50509765	0.44997116	117.81295
32	0.5	0.15	high	even	coordinate_grid	coordinate_vfit	320	320	1	-5.2880424e-05	0.093191143	0.074336858	0.9882184	1.0349735	1.0349207	0	0	117.81295
32	0.5	0.15	high	even	coordinate_grid	sorted_rank	320	320	1	0.56387597	0.61909665	0.56387597	0.96120773	1.0349735	1.5988495	0.56392885	0.48953911	117.81295
32	1	0	low	even	coordinate_grid	coordinate_vfit	320	320	1	-0.0027354519	0.034415965	0.026956321	0.99828938	0.90770397	0.90496852	0	0	117.81295
32	1	0	low	even	coordinate_grid	sorted_rank	320	320	1	0.26413076	0.33309263	0.26547877	0.98176978	0.90770397	1.1718347	0.26686622	0.23852245	117.81295
32	1	0.05	medium	even	coordinate_grid	coordinate_vfit	320	320	1	-0.0014696597	0.055881483	0.043823149	0.99586053	1.0208003	1.0193307	0	0	117.81295
32	1	0.05	medium	even	coordinate_grid	sorted_rank	320	320	1	0.28749355	0.35448782	0.28750583	0.97978074	1.0208003	1.3082939	0.28896321	0.24368268	117.81295
32	1	0.15	high	even	coordinate_grid	coordinate_vfit	320	320	1	-0.002988217	0.077878294	0.062972051	0.99204951	0.99504739	0.99205917	0	0	117.81295
32	1	0.15	high	even	coordinate_grid	sorted_rank	320	320	1	0.36054761	0.41767455	0.36054761	0.97684317	0.99504739	1.355595	0.36353582	0.29757556	117.81295
32	2	0	low	even	coordinate_grid	coordinate_vfit	320	320	1	-0.00014807005	0.02413722	0.019050602	0.99914883	0.99551789	0.99536982	0	0	117.81295
32	2	0	low	even	coordinate_grid	sorted_rank	320	320	1	0.12658361	0.18358158	0.12976209	0.98990952	0.99551789	1.1221015	0.12673168	0.11071149	117.81295
32	2	0.05	medium	even	coordinate_grid	coordinate_vfit	320	320	1	-0.0010688864	0.044952303	0.035856968	0.99711355	1.0089031	1.0078343	0	0	117.81295
32	2	0.05	medium	even	coordinate_grid	sorted_rank	320	320	1	0.17857002	0.23369625	0.17946683	0.9878205	1.0089031	1.1874732	0.1796389	0.14360986	117.81295
32	2	0.15	high	even	coordinate_grid	coordinate_vfit	320	320	1	0.0011312743	0.076384909	0.0605302	0.99184058	0.98184823	0.9829795	0	0	117.81295
32	2	0.15	high	even	coordinate_grid	sorted_rank	320	320	1	0.23735639	0.2734514	0.23735639	0.98822872	0.98184823	1.2192046	0.23622512	0.17682619	117.81295
32	4	0	low	even	coordinate_grid	coordinate_vfit	320	320	1	-0.0015269199	0.018717699	0.014735365	0.99949668	0.98475757	0.98323065	0	0	117.81295
32	4	0	low	even	coordinate_grid	sorted_rank	320	320	1	0.065529588	0.11154276	0.070818954	0.99433175	0.98475757	1.0502872	0.067056508	0.056083589	117.81295
32	4	0.05	medium	even	coordinate_grid	coordinate_vfit	320	320	1	0.00065290361	0.043440153	0.035163356	0.99723785	0.93817963	0.93883253	0	0	117.81295
32	4	0.05	medium	even	coordinate_grid	sorted_rank	320	320	1	0.12710414	0.17096427	0.12756787	0.99085055	0.93817963	1.0652838	0.12645123	0.09240451	117.81295
32	4	0.15	high	even	coordinate_grid	coordinate_vfit	320	320	1	0.0006430502	0.07580364	0.061785426	0.99172157	1.0761876	1.0768307	0	0	117.81295
32	4	0.15	high	even	coordinate_grid	sorted_rank	320	320	1	0.14071759	0.16400368	0.14071759	0.99339564	1.0761876	1.2169052	0.14007454	0.078932166	117.81295
32	8	0	low	even	coordinate_grid	coordinate_vfit	320	320	1	-0.0022060763	0.013555028	0.011044731	0.99972567	1.0101379	1.0079318	0	0	117.81295
32	8	0	low	even	coordinate_grid	sorted_rank	320	320	1	0.027055303	0.057245316	0.034725029	0.99788817	1.0101379	1.0371932	0.029261379	0.023680298	117.81295
32	8	0.05	medium	even	coordinate_grid	coordinate_vfit	320	320	1	0.00029355863	0.041923236	0.032800502	0.99723951	1.0004139	1.0007075	0	0	117.81295
32	8	0.05	medium	even	coordinate_grid	sorted_rank	320	320	1	0.083207018	0.11724703	0.083501767	0.99404698	1.0004139	1.083621	0.08291346	0.050701265	117.81295
32	8	0.15	high	even	coordinate_grid	coordinate_vfit	320	320	1	0.0010923138	0.080591078	0.064262111	0.99151878	0.95037593	0.95146825	0	0	117.81295
32	8	0.15	high	even	coordinate_grid	sorted_rank	320	320	1	0.12485441	0.14825476	0.12485441	0.99423149	0.95037593	1.0752303	0.12376209	0.060592295	117.81295
32	0.5	0	low	even	random_sketch	coordinate_vfit	320	320	1	0.0011545913	0.052712865	0.041880541	0.99602113	1.0201674	1.021322	0	0	116.00802
32	0.5	0	low	even	random_sketch	sorted_rank	320	320	1	0.41947368	0.49770387	0.41959437	0.97132834	1.0201674	1.4396411	0.41831908	0.37771383	116.00802
32	0.5	0.05	medium	even	random_sketch	coordinate_vfit	320	320	1	-1.0120826	1.0296852	1.0120826	0.94611548	0.99610584	-0.015976707	0	0	116.00802
32	0.5	0.05	medium	even	random_sketch	sorted_rank	320	320	1	0.51876257	0.5869577	0.51876257	0.96808264	0.99610584	1.5148684	1.5308451	-0.49331998	116.00802
32	0.5	0.15	high	even	random_sketch	coordinate_vfit	320	320	1	-2.3517073	2.3670631	2.3517073	0.88710343	1.0488239	-1.3028835	0	0	116.00802
32	0.5	0.15	high	even	random_sketch	sorted_rank	320	320	1	0.75863647	0.80204176	0.75863647	0.95237405	1.0488239	1.8074603	3.1103438	-1.5930709	116.00802
32	1	0	low	even	random_sketch	coordinate_vfit	320	320	1	-0.0020685493	0.038265129	0.030564941	0.9977462	0.99509397	0.99302542	0	0	116.00802
32	1	0	low	even	random_sketch	sorted_rank	320	320	1	0.24636234	0.31441938	0.24716151	0.98136056	0.99509397	1.2414563	0.24843088	0.21659657	116.00802
32	1	0.05	medium	even	random_sketch	coordinate_vfit	320	320	1	-1.2205988	1.236345	1.2205988	0.94014251	0.9635489	-0.25704995	0	0	116.00802
32	1	0.05	medium	even	random_sketch	sorted_rank	320	320	1	0.30496142	0.37057075	0.30512631	0.97710764	0.9635489	1.2685103	1.5255603	-0.91547254	116.00802
32	1	0.15	high	even	random_sketch	coordinate_vfit	320	320	1	-2.8256512	2.8388326	2.8256512	0.87185893	1.0456055	-1.7800457	0	0	116.00802
32	1	0.15	high	even	random_sketch	sorted_rank	320	320	1	0.4719398	0.50350577	0.4719398	0.97469195	1.0456055	1.5175453	3.297591	-2.3537114	116.00802
32	2	0	low	even	random_sketch	coordinate_vfit	320	320	1	0.0020301967	0.025520571	0.020822886	0.99907368	1.0020355	1.0040657	0	0	116.00802
32	2	0	low	even	random_sketch	sorted_rank	320	320	1	0.13541205	0.18809442	0.13754965	0.99115461	1.0020355	1.1374476	0.13338186	0.11672676	116.00802
32	2	0.05	medium	even	random_sketch	coordinate_vfit	320	320	1	-1.4215835	1.4379882	1.4215835	0.93139597	1.0121461	-0.40943742	0	0	116.00802
32	2	0.05	medium	even	random_sketch	sorted_rank	320	320	1	0.16683431	0.21934187	0.16729539	0.99035967	1.0121461	1.1789804	1.5884178	-1.2542881	116.00802
32	2	0.15	high	even	random_sketch	coordinate_vfit	320	320	1	-3.2890409	3.3056923	3.2890409	0.82911562	1.0178872	-2.2711537	0	0	116.00802
32	2	0.15	high	even	random_sketch	sorted_rank	320	320	1	0.30386104	0.32667396	0.30386104	0.98657728	1.0178872	1.3217482	3.5929019	-2.9851798	116.00802
32	4	0	low	even	random_sketch	coordinate_vfit	320	320	1	-5.0868219e-05	0.01721483	0.013712707	0.99953573	0.98252802	0.98247715	0	0	116.00802
32	4	0	low	even	random_sketch	sorted_rank	320	320	1	0.070336303	0.11538376	0.074996851	0.99407816	0.98252802	1.0528643	0.070387172	0.061284144	116.00802
32	4	0.05	medium	even	random_sketch	coordinate_vfit	320	320	1	-1.626877	1.6451049	1.626877	0.90584953	1.0233561	-0.60352091	0	0	116.00802
32	4	0.05	medium	even	random_sketch	sorted_rank	320	320	1	0.086640311	0.12466781	0.088981146	0.99439632	1.0233561	1.1099964	1.7135173	-1.5378958	116.00802
32	4	0.15	high	even	random_sketch	coordinate_vfit	320	320	1	-3.7694518	3.786723	3.7694518	0.80521662	0.98962249	-2.7798293	0	0	116.00802
32	4	0.15	high	even	random_sketch	sorted_rank	320	320	1	0.1980905	0.21813719	0.1980905	0.99271454	0.98962249	1.187713	3.9675423	-3.5713613	116.00802
32	8	0	low	even	random_sketch	coordinate_vfit	320	320	1	0.00024706962	0.013242852	0.010561875	0.99973352	0.99876194	0.99900901	0	0	116.00802
32	8	0	low	even	random_sketch	sorted_rank	320	320	1	0.037016795	0.069149612	0.041879622	0.99716149	0.99876194	1.0357787	0.036769726	0.031317747	116.00802
32	8	0.05	medium	even	random_sketch	coordinate_vfit	320	320	1	-1.822125	1.8390931	1.822125	0.90814522	1.0234875	-0.79863751	0	0	116.00802
32	8	0.05	medium	even	random_sketch	sorted_rank	320	320	1	0.050731401	0.079097042	0.052684554	0.99742824	1.0234875	1.0742189	1.8728564	-1.7694405	116.00802
32	8	0.15	high	even	random_sketch	coordinate_vfit	320	320	1	-4.2379125	4.2541456	4.2379125	0.78772461	0.96717338	-3.2707391	0	0	116.00802
32	8	0.15	high	even	random_sketch	sorted_rank	320	320	1	0.12344109	0.13526804	0.12344109	0.99657439	0.96717338	1.0906145	4.3613536	-4.1144714	116.00802
32	0.5	0	low	10:1	coordinate_grid	coordinate_vfit	320	320	1	-0.0013944889	0.054945427	0.041157936	0.99595131	1.0091374	1.0077429	0	0	92.858152
32	0.5	0	low	10:1	coordinate_grid	sorted_rank	320	320	1	0.47099695	0.61251219	0.47216119	0.76729152	1.0091374	1.4801343	0.47239144	0.43100325	92.858152
32	0.5	0.05	medium	10:1	coordinate_grid	coordinate_vfit	320	320	1	-0.0055651497	0.072226514	0.055294704	0.99228756	0.99536959	0.98980444	0	0	92.858152
32	0.5	0.05	medium	10:1	coordinate_grid	sorted_rank	320	320	1	0.53073833	0.65696829	0.53073833	0.74045304	0.99536959	1.5261079	0.53630348	0.47544362	92.858152
32	0.5	0.15	high	10:1	coordinate_grid	coordinate_vfit	320	320	1	0.0063250376	0.088433663	0.069140693	0.98972713	0.98608397	0.99240901	0	0	92.858152
32	0.5	0.15	high	10:1	coordinate_grid	sorted_rank	320	320	1	0.63818961	0.7563459	0.63818961	0.70916328	0.98608397	1.6242736	0.63186457	0.56904892	92.858152
32	1	0	low	10:1	coordinate_grid	coordinate_vfit	320	320	1	0.0028047937	0.041021263	0.029875924	0.99744263	1.0251263	1.0279311	0	0	92.858152
32	1	0	low	10:1	coordinate_grid	sorted_rank	320	320	1	0.2549282	0.36227121	0.25697899	0.90245949	1.0251263	1.2800545	0.2521234	0.22710307	92.858152
32	1	0.05	medium	10:1	coordinate_grid	coordinate_vfit	320	320	1	0.00044007653	0.055046067	0.042313332	0.9954048	0.98095476	0.98139484	0	0	92.858152
32	1	0.05	medium	10:1	coordinate_grid	sorted_rank	320	320	1	0.32867108	0.4334155	0.32895445	0.88097806	0.98095476	1.3096258	0.328231	0.28664112	92.858152
32	1	0.15	high	10:1	coordinate_grid	coordinate_vfit	320	320	1	-0.0075996906	0.079388174	0.062570542	0.99130536	1.0452508	1.0376511	0	0	92.858152
32	1	0.15	high	10:1	coordinate_grid	sorted_rank	320	320	1	0.38128875	0.47008247	0.38128875	0.89445005	1.0452508	1.4265395	0.38888844	0.3187182	92.858152
32	2	0	low	10:1	coordinate_grid	coordinate_vfit	320	320	1	-0.001229746	0.029274014	0.022354902	0.99876156	1.0530848	1.0518551	0	0	92.858152
32	2	0	low	10:1	coordinate_grid	sorted_rank	320	320	1	0.13573497	0.21384861	0.1401773	0.96900262	1.0530848	1.1888198	0.13696472	0.1178224	92.858152
32	2	0.05	medium	10:1	coordinate_grid	coordinate_vfit	320	320	1	-0.00071978976	0.052294308	0.040466356	0.99638955	0.97810711	0.97738732	0	0	92.858152
32	2	0.05	medium	10:1	coordinate_grid	sorted_rank	320	320	1	0.20828956	0.27828694	0.20864142	0.96327284	0.97810711	1.1863967	0.20900935	0.16817506	92.858152
32	2	0.15	high	10:1	coordinate_grid	coordinate_vfit	320	320	1	-0.00044915144	0.074385836	0.059263535	0.99208348	0.91954915	0.9191	0	0	92.858152
32	2	0.15	high	10:1	coordinate_grid	sorted_rank	320	320	1	0.25968483	0.31114596	0.25968483	0.96385541	0.91954915	1.179234	0.26013398	0.20042129	92.858152
32	4	0	low	10:1	coordinate_grid	coordinate_vfit	320	320	1	0.0016107071	0.019187523	0.014551329	0.99947089	0.95913132	0.96074202	0	0	92.858152
32	4	0	low	10:1	coordinate_grid	sorted_rank	320	320	1	0.089117171	0.15713347	0.092485055	0.98188382	0.95913132	1.0482485	0.087506464	0.077933725	92.858152
32	4	0.05	medium	10:1	coordinate_grid	coordinate_vfit	320	320	1	-0.00036866217	0.044298824	0.035989243	0.99713346	1.0185799	1.0182113	0	0	92.858152
32	4	0.05	medium	10:1	coordinate_grid	sorted_rank	320	320	1	0.12483494	0.17751493	0.12515051	0.98385449	1.0185799	1.1434149	0.1252036	0.08916127	92.858152
32	4	0.15	high	10:1	coordinate_grid	coordinate_vfit	320	320	1	-0.0022485671	0.067653366	0.054001463	0.99422313	0.98911996	0.98687139	0	0	92.858152
32	4	0.15	high	10:1	coordinate_grid	sorted_rank	320	320	1	0.17955096	0.22938461	0.17960599	0.97939578	0.98911996	1.1686709	0.18179953	0.12560453	92.858152
32	8	0	low	10:1	coordinate_grid	coordinate_vfit	320	320	1	0.0023466899	0.015890928	0.011405294	0.99963427	0.99951667	1.0018634	0	0	92.858152
32	8	0	low	10:1	coordinate_grid	sorted_rank	320	320	1	0.038141318	0.076170569	0.043155542	0.99536903	0.99951667	1.037658	0.035794628	0.031750248	92.858152
32	8	0.05	medium	10:1	coordinate_grid	coordinate_vfit	320	320	1	-0.00094063501	0.041205702	0.031977926	0.99764819	0.97430954	0.97336891	0	0	92.858152
32	8	0.05	medium	10:1	coordinate_grid	sorted_rank	320	320	1	0.10220647	0.15035778	0.10237615	0.99008446	0.97430954	1.076516	0.1031471	0.070398229	92.858152
32	8	0.15	high	10:1	coordinate_grid	coordinate_vfit	320	320	1	-0.00019796384	0.064757387	0.051907399	0.9946814	1.0346486	1.0344506	0	0	92.858152
32	8	0.15	high	10:1	coordinate_grid	sorted_rank	320	320	1	0.12177737	0.14599304	0.12179206	0.99274823	1.0346486	1.156426	0.12197533	0.069884658	92.858152
32	0.5	0	low	10:1	random_sketch	coordinate_vfit	320	320	1	0.00043767046	0.061830793	0.045961826	0.9945035	0.94128408	0.94172175	0	0	92.972122
32	0.5	0	low	10:1	random_sketch	sorted_rank	320	320	1	0.5020823	0.63600076	0.50250169	0.7506179	0.94128408	1.4433664	0.50164463	0.45653986	92.972122
32	0.5	0.05	medium	10:1	random_sketch	coordinate_vfit	320	320	1	-1.0044009	1.0223694	1.0044009	0.94075717	1.0094193	0.0050184215	0	0	92.972122
32	0.5	0.05	medium	10:1	random_sketch	sorted_rank	320	320	1	0.54788244	0.6700317	0.54794808	0.72961508	1.0094193	1.5573018	1.5522833	-0.45645283	92.972122
32	0.5	0.15	high	10:1	random_sketch	coordinate_vfit	320	320	1	-2.3251607	2.3483187	2.3251607	0.83308207	1.0107784	-1.3143824	0	0	92.972122
32	0.5	0.15	high	10:1	random_sketch	sorted_rank	320	320	1	0.81507727	0.92561213	0.81507727	0.69992635	1.0107784	1.8258557	3.140238	-1.5100835	92.972122
32	1	0	low	10:1	random_sketch	coordinate_vfit	320	320	1	0.0018658938	0.040417893	0.029296008	0.99747285	0.95744352	0.95930942	0	0	92.972122
32	1	0	low	10:1	random_sketch	sorted_rank	320	320	1	0.28562185	0.37874439	0.28742813	0.90545879	0.95744352	1.2430654	0.28375596	0.25813212	92.972122
32	1	0.05	medium	10:1	random_sketch	coordinate_vfit	320	320	1	-1.2145459	1.230462	1.2145459	0.93768117	0.95027265	-0.26427322	0	0	92.972122
32	1	0.05	medium	10:1	random_sketch	sorted_rank	320	320	1	0.34428171	0.44278296	0.34438364	0.87471801	0.95027265	1.2945544	1.5588276	-0.87016223	92.972122
32	1	0.15	high	10:1	random_sketch	coordinate_vfit	320	320	1	-2.8230665	2.838743	2.8230665	0.85753788	0.9881297	-1.8349368	0	0	92.972122
32	1	0.15	high	10:1	random_sketch	sorted_rank	320	320	1	0.54028688	0.63264363	0.54028688	0.81944173	0.9881297	1.5284166	3.3633534	-2.2827797	92.972122
32	2	0	low	10:1	random_sketch	coordinate_vfit	320	320	1	0.0048052457	0.031492809	0.023237738	0.99856057	0.98613246	0.99093771	0	0	92.972122
32	2	0	low	10:1	random_sketch	sorted_rank	320	320	1	0.16015251	0.24134763	0.16192066	0.957874	0.98613246	1.146285	0.15534727	0.13868292	92.972122
32	2	0.05	medium	10:1	random_sketch	coordinate_vfit	320	320	1	-1.4054015	1.4226767	1.4054015	0.91836153	0.99171795	-0.41368356	0	0	92.972122
32	2	0.05	medium	10:1	random_sketch	sorted_rank	320	320	1	0.18088115	0.25462152	0.18176271	0.9538555	0.99171795	1.1725991	1.5862827	-1.2236388	92.972122
32	2	0.15	high	10:1	random_sketch	coordinate_vfit	320	320	1	-3.3001454	3.3188477	3.3001454	0.81372094	1.0313621	-2.2687833	0	0	92.972122
32	2	0.15	high	10:1	random_sketch	sorted_rank	320	320	1	0.32101031	0.3698169	0.32101031	0.94956928	1.0313621	1.3523725	3.6211557	-2.9791351	92.972122
32	4	0	low	10:1	random_sketch	coordinate_vfit	320	320	1	-5.4073886e-05	0.018409081	0.014457708	0.99948771	0.97402792	0.97397385	0	0	92.972122
32	4	0	low	10:1	random_sketch	sorted_rank	320	320	1	0.089052217	0.16184464	0.093803122	0.97929558	0.97402792	1.0630801	0.089106291	0.079345415	92.972122
32	4	0.05	medium	10:1	random_sketch	coordinate_vfit	320	320	1	-1.6129955	1.6323138	1.6129955	0.90198587	0.97291417	-0.64008133	0	0	92.972122
32	4	0.05	medium	10:1	random_sketch	sorted_rank	320	320	1	0.10292838	0.16108157	0.10499698	0.98198496	0.97291417	1.0758426	1.7159239	-1.5079985	92.972122
32	4	0.15	high	10:1	random_sketch	coordinate_vfit	320	320	1	-3.7494749	3.7724229	3.7494749	0.74355508	0.98990801	-2.7595669	0	0	92.972122
32	4	0.15	high	10:1	random_sketch	sorted_rank	320	320	1	0.20753751	0.24525481	0.20753751	0.97441193	0.98990801	1.1974455	3.9570124	-3.5419374	92.972122
32	8	0	low	10:1	random_sketch	coordinate_vfit	320	320	1	0.00035531616	0.013948021	0.010382247	0.99969001	0.99629836	0.99665367	0	0	92.972122
32	8	0	low	10:1	random_sketch	sorted_rank	320	320	1	0.04435576	0.084851187	0.048444486	0.99423672	0.99629836	1.0406541	0.044000444	0.038062239	92.972122
32	8	0.05	medium	10:1	random_sketch	coordinate_vfit	320	320	1	-1.8172948	1.8393312	1.8172948	0.87445547	1.0466298	-0.77066497	0	0	92.972122
32	8	0.05	medium	10:1	random_sketch	sorted_rank	320	320	1	0.051094845	0.096262859	0.054851116	0.99232019	1.0466298	1.0977246	1.8683896	-1.7624437	92.972122
32	8	0.15	high	10:1	random_sketch	coordinate_vfit	320	320	1	-4.2322123	4.2560088	4.2322123	0.72982232	0.98060605	-3.2516063	0	0	92.972122
32	8	0.15	high	10:1	random_sketch	sorted_rank	320	320	1	0.1372119	0.16638033	0.1372119	0.98792512	0.98060605	1.1178179	4.3694242	-4.0950004	92.972122
32	0.5	0	low	100:1	coordinate_grid	coordinate_vfit	320	320	1	-0.02276064	0.14689199	0.06290575	0.96808482	1.0137719	0.99101126	0	0	91.989426
32	0.5	0	low	100:1	coordinate_grid	sorted_rank	320	320	1	0.46754298	0.66853902	0.47184657	0.61904766	1.0137719	1.4813149	0.49030362	0.40894082	91.989426
32	0.5	0.05	medium	100:1	coordinate_grid	coordinate_vfit	320	320	1	-0.021399183	0.12581086	0.069029067	0.97732732	0.94161394	0.92021476	0	0	91.989426
32	0.5	0.05	medium	100:1	coordinate_grid	sorted_rank	320	320	1	0.56700863	0.7446949	0.57069759	0.60823209	0.94161394	1.5086226	0.58840782	0.50166852	91.989426
32	0.5	0.15	high	100:1	coordinate_grid	coordinate_vfit	320	320	1	-0.035677793	0.17864059	0.099951539	0.95659952	0.94977961	0.91410182	0	0	91.989426
32	0.5	0.15	high	100:1	coordinate_grid	sorted_rank	320	320	1	0.63939846	0.80866055	0.65302959	0.59830852	0.94977961	1.5891781	0.67507625	0.55307805	91.989426
32	1	0	low	100:1	coordinate_grid	coordinate_vfit	320	320	1	-0.013550764	0.094701557	0.042783553	0.98619502	1.0195708	1.0060201	0	0	91.989426
32	1	0	low	100:1	coordinate_grid	sorted_rank	320	320	1	0.32221648	0.57757719	0.3240598	0.65545348	1.0195708	1.3417873	0.33576724	0.28127624	91.989426
32	1	0.05	medium	100:1	coordinate_grid	coordinate_vfit	320	320	1	-0.014177356	0.10725485	0.056036507	0.98282207	0.96558912	0.95141176	0	0	91.989426
32	1	0.05	medium	100:1	coordinate_grid	sorted_rank	320	320	1	0.40040624	0.62593371	0.40040624	0.653855	0.96558912	1.3659954	0.41458359	0.34436973	91.989426
32	1	0.15	high	100:1	coordinate_grid	coordinate_vfit	320	320	1	-0.02331024	0.15532793	0.089355967	0.96611167	1.0134513	0.99014108	0	0	91.989426
32	1	0.15	high	100:1	coordinate_grid	sorted_rank	320	320	1	0.4223973	0.5716738	0.4223973	0.77751932	1.0134513	1.4358486	0.44570754	0.33304134	91.989426
32	2	0	low	100:1	coordinate_grid	coordinate_vfit	320	320	1	-0.0020064156	0.04139216	0.025441828	0.99717841	0.98843469	0.98642827	0	0	91.989426
32	2	0	low	100:1	coordinate_grid	sorted_rank	320	320	1	0.19129862	0.38266522	0.1941968	0.81210561	0.98843469	1.1797333	0.19330503	0.16875497	91.989426
32	2	0.05	medium	100:1	coordinate_grid	coordinate_vfit	320	320	1	-0.0074854069	0.068634523	0.043725738	0.99274308	1.1034269	1.0959415	0	0	91.989426
32	2	0.05	medium	100:1	coordinate_grid	sorted_rank	320	320	1	0.22387473	0.39833373	0.2243909	0.81880866	1.1034269	1.3273016	0.23136013	0.18066517	91.989426
32	2	0.15	high	100:1	coordinate_grid	coordinate_vfit	320	320	1	-0.010022863	0.086619337	0.065038286	0.98966139	1.0313626	1.0213397	0	0	91.989426
32	2	0.15	high	100:1	coordinate_grid	sorted_rank	320	320	1	0.30157206	0.47567898	0.30157206	0.78224043	1.0313626	1.3329346	0.31159492	0.23653377	91.989426
32	4	0	low	100:1	coordinate_grid	coordinate_vfit	320	320	1	0.00017862425	0.031283635	0.018574836	0.99853749	1.0710424	1.0712211	0	0	91.989426
32	4	0	low	100:1	coordinate_grid	sorted_rank	320	320	1	0.096794454	0.24346501	0.10244427	0.92327449	1.0710424	1.1678369	0.09661583	0.083869431	91.989426
32	4	0.05	medium	100:1	coordinate_grid	coordinate_vfit	320	320	1	-0.0037137456	0.048187704	0.037603967	0.99650215	1.0099519	1.0062382	0	0	91.989426
32	4	0.05	medium	100:1	coordinate_grid	sorted_rank	320	320	1	0.15765388	0.28316199	0.15838702	0.90791074	1.0099519	1.1676058	0.16136763	0.12078305	91.989426
32	4	0.15	high	100:1	coordinate_grid	coordinate_vfit	320	320	1	-0.0041198332	0.079143168	0.062459927	0.99206567	1.046579	1.0424592	0	0	91.989426
32	4	0.15	high	100:1	coordinate_grid	sorted_rank	320	320	1	0.19929668	0.32352689	0.19974596	0.90023642	1.046579	1.2458757	0.20341652	0.13728603	91.989426
32	8	0	low	100:1	coordinate_grid	coordinate_vfit	320	320	1	9.7522451e-05	0.021571917	0.012397943	0.99923166	1.0643125	1.06441	0	0	91.989426
32	8	0	low	100:1	coordinate_grid	sorted_rank	320	320	1	0.059387335	0.18546625	0.065518523	0.94745788	1.0643125	1.1236998	0.059289812	0.05312058	91.989426
32	8	0.05	medium	100:1	coordinate_grid	coordinate_vfit	320	320	1	-0.0021586452	0.045547619	0.034840032	0.99706599	0.95132353	0.94916488	0	0	91.989426
32	8	0.05	medium	100:1	coordinate_grid	sorted_rank	320	320	1	0.12852027	0.21971082	0.12929516	0.95434125	0.95132353	1.0798438	0.13067892	0.094455129	91.989426
32	8	0.15	high	100:1	coordinate_grid	coordinate_vfit	320	320	1	-0.0032456926	0.068010051	0.052816665	0.99436683	1.0087081	1.0054624	0	0	91.989426
32	8	0.15	high	100:1	coordinate_grid	sorted_rank	320	320	1	0.158179	0.23328066	0.15826041	0.95830712	1.0087081	1.1668871	0.16142469	0.10544375	91.989426
32	0.5	0	low	100:1	random_sketch	coordinate_vfit	320	320	1	-0.027824954	0.15122437	0.066975716	0.96640184	1.041359	1.0135341	0	0	91.045977
32	0.5	0	low	100:1	random_sketch	sorted_rank	320	320	1	0.49002319	0.70120625	0.49064119	0.57186307	1.041359	1.5313822	0.51784815	0.42366547	91.045977
32	0.5	0.05	medium	100:1	random_sketch	coordinate_vfit	320	320	1	-1.0264502	1.0496394	1.0264502	0.92072091	0.96306424	-0.063385965	0	0	91.045977
32	0.5	0.05	medium	100:1	random_sketch	sorted_rank	320	320	1	0.57623342	0.75922287	0.57795053	0.59930167	0.96306424	1.5392977	1.6026836	-0.44849967	91.045977
32	0.5	0.15	high	100:1	random_sketch	coordinate_vfit	320	320	1	-2.3873863	2.4221622	2.3873863	0.76111944	1.0527515	-1.3346348	0	0	91.045977
32	0.5	0.15	high	100:1	random_sketch	sorted_rank	320	320	1	0.78530913	0.97834027	0.78870608	0.56313477	1.0527515	1.8380606	3.1726954	-1.5986802	91.045977
32	1	0	low	100:1	random_sketch	coordinate_vfit	320	320	1	-0.013255348	0.081230388	0.041185663	0.99041041	1.0221131	1.0088577	0	0	91.045977
32	1	0	low	100:1	random_sketch	sorted_rank	320	320	1	0.33771655	0.60620981	0.33968967	0.62250486	1.0221131	1.3598296	0.3509719	0.29850401	91.045977
32	1	0.05	medium	100:1	random_sketch	coordinate_vfit	320	320	1	-1.2144769	1.2358221	1.2144769	0.92271139	1.0317711	-0.1827058	0	0	91.045977
32	1	0.05	medium	100:1	random_sketch	sorted_rank	320	320	1	0.39049782	0.64311931	0.3921272	0.6229082	1.0317711	1.4222689	1.6049747	-0.82234965	91.045977
32	1	0.15	high	100:1	random_sketch	coordinate_vfit	320	320	1	-2.8129408	2.8486596	2.8129408	0.73693682	0.99811842	-1.8148224	0	0	91.045977
32	1	0.15	high	100:1	random_sketch	sorted_rank	320	320	1	0.55345056	0.73833796	0.55345056	0.69013591	0.99811842	1.551569	3.3663914	-2.2594903	91.045977
32	2	0	low	100:1	random_sketch	coordinate_vfit	320	320	1	-0.0053885041	0.044869786	0.026131083	0.99702133	0.97023567	0.96484717	0	0	91.045977
32	2	0	low	100:1	random_sketch	sorted_rank	320	320	1	0.22893087	0.46163012	0.23130777	0.74477608	0.97023567	1.1991665	0.23431938	0.20517669	91.045977
32	2	0.05	medium	100:1	random_sketch	coordinate_vfit	320	320	1	-1.4015155	1.4254959	1.4015155	0.89655867	1.0245581	-0.37695744	0	0	91.045977
32	2	0.05	medium	100:1	random_sketch	sorted_rank	320	320	1	0.23893454	0.45603983	0.24028507	0.77101183	1.0245581	1.2634926	1.64045	-1.1612304	91.045977
32	2	0.15	high	100:1	random_sketch	coordinate_vfit	320	320	1	-3.2222596	3.2603364	3.2222596	0.69345764	0.96853602	-2.2537236	0	0	91.045977
32	2	0.15	high	100:1	random_sketch	sorted_rank	320	320	1	0.42640053	0.71654675	0.42642595	0.58937861	0.96853602	1.3949366	3.6486601	-2.7958337	91.045977
32	4	0	low	100:1	random_sketch	coordinate_vfit	320	320	1	-0.00061834974	0.029208513	0.017994292	0.99874807	0.97776942	0.97715107	0	0	91.045977
32	4	0	low	100:1	random_sketch	sorted_rank	320	320	1	0.13075586	0.29959908	0.13503181	0.88725257	0.97776942	1.1085253	0.13137421	0.11703752	91.045977
32	4	0.05	medium	100:1	random_sketch	coordinate_vfit	320	320	1	-1.5898242	1.6194991	1.5898242	0.86686549	0.9814136	-0.60841057	0	0	91.045977
32	4	0.05	medium	100:1	random_sketch	sorted_rank	320	320	1	0.15120362	0.31542009	0.15341235	0.88585267	0.9814136	1.1326172	1.7410278	-1.4364118	91.045977
32	4	0.15	high	100:1	random_sketch	coordinate_vfit	320	320	1	-3.7548728	3.7891821	3.7548728	0.70294447	0.99288716	-2.7619856	0	0	91.045977
32	4	0.15	high	100:1	random_sketch	sorted_rank	320	320	1	0.25742396	0.4113815	0.25749497	0.85770408	0.99288716	1.2503111	4.0122968	-3.4973778	91.045977
32	8	0	low	100:1	random_sketch	coordinate_vfit	320	320	1	0.00086906452	0.02140657	0.012878572	0.9992636	1.0176387	1.0185077	0	0	91.045977
32	8	0	low	100:1	random_sketch	sorted_rank	320	320	1	0.062575859	0.17341916	0.068647467	0.9570008	1.0176387	1.0802145	0.061706795	0.055768895	91.045977
32	8	0.05	medium	100:1	random_sketch	coordinate_vfit	320	320	1	-1.8042211	1.8316139	1.8042211	0.86061044	0.99443296	-0.80978814	0	0	91.045977
32	8	0.05	medium	100:1	random_sketch	sorted_rank	320	320	1	0.089000089	0.21363071	0.092140747	0.94242726	0.99443296	1.083433	1.8932212	-1.7120804	91.045977
32	8	0.15	high	100:1	random_sketch	coordinate_vfit	320	320	1	-4.2295287	4.2667404	4.2295287	0.64850599	1.0090066	-3.2205221	0	0	91.045977
32	8	0.15	high	100:1	random_sketch	sorted_rank	320	320	1	0.16500777	0.27340701	0.1651724	0.92482445	1.0090066	1.1740143	4.3945365	-4.0643563	91.045977
