sample	genome	taxonomy	coverage	dispersion	fraction	containment	PTR	log2(PTR)	enzyme_consistency	n_anchors	ori_confidence	se	ci_low	ci_high	n_enzymes	n_enzymes_attempted	enzyme_fit_rate	enzymes_used	enzyme_i2	fusion_model	ori	method	n_windows	pass_qc	qc_reason	excluded	note
SF003.BcgI	GCA_000162895.1	s__Peptidiphaga_gingivicola	NA	NA	NA	0	NA	NA	NA	0	NA	NA	NA	NA	0	1	0	-	NA	fixed	NA	none	0	False	containment 0.00 < 0.5; only 0/1 enzymes produced a fit; no PTR estimate	BcgI:only 0 windows after outlier trimming	no enzyme produced a usable estimate
SF003.BcgI	GCA_000210715.1	s__Fretibacterium_fastidiosum	NA	NA	NA	0	NA	NA	NA	0	NA	NA	NA	NA	0	1	0	-	NA	fixed	NA	none	0	False	containment 0.00 < 0.5; only 0/1 enzymes produced a fit; no PTR estimate	BcgI:only 0 windows after outlier trimming	no enzyme produced a usable estimate
SF003.BcgI	GCA_000286355.1	s__Kocuria_atrinae	NA	NA	NA	0	NA	NA	NA	0	NA	NA	NA	NA	0	1	0	-	NA	fixed	NA	none	0	False	containment 0.00 < 0.5; only 0/1 enzymes produced a fit; no PTR estimate	BcgI:only 0 windows after outlier trimming	no enzyme produced a usable estimate
SF003.BcgI	GCA_000385835.1	s__Streptococcus_mitis_AI	NA	NA	NA	0	NA	NA	NA	0	NA	NA	NA	NA	0	1	0	-	NA	fixed	NA	none	0	False	containment 0.00 < 0.5; only 0/1 enzymes produced a fit; no PTR estimate	BcgI:only 0 windows after outlier trimming	no enzyme produced a usable estimate
SF003.BcgI	GCA_000413015.1	s__Treponema_D_paredis	NA	NA	NA	0	NA	NA	NA	0	NA	NA	NA	NA	0	1	0	-	NA	fixed	NA	none	0	False	containment 0.00 < 0.5; only 0/1 enzymes produced a fit; no PTR estimate	BcgI:only 0 windows after outlier trimming	no enzyme produced a usable estimate
SF003.BcgI	GCA_000413335.1	s__Cutibacterium_avidum	NA	NA	NA	0.0003347840643	NA	NA	NA	0	NA	NA	NA	NA	0	1	0	-	NA	fixed	NA	none	0	False	containment 0.00 < 0.5; only 0/1 enzymes produced a fit; no PTR estimate	BcgI:only 0 windows after outlier trimming	no enzyme produced a usable estimate
SF003.BcgI	GCA_001062585.1	s__Neisseria_sp000227275	1560.773406	399.7397886	0.4988095238	0.04691358025	9.688473367e+39	132.8314651	NA	36	0.9999884209	6.809759224	119.4845822	146.1783479	1	1	1	BcgI	NA	fixed	1051421.237	glm	12	False	fraction 0.50 < 0.75; dispersion 399.74 > 5.0; containment 0.05 < 0.5	-	single enzyme: no cross-enzyme consistency check available
SF003.BcgI	GCA_001063255.1	s__Neisseria_mucosa	975.7272727	580.0044976	0.6273809524	0.1030640669	1.081764179e+19	63.23001983	NA	67	0.9999999402	1.275542351	60.73000276	65.7300369	1	1	1	BcgI	NA	fixed	1180664.963	glm	22	False	fraction 0.63 < 0.75; dispersion 580.00 > 5.0; containment 0.10 < 0.5	-	single enzyme: no cross-enzyme consistency check available
SF003.BcgI	GCA_001067315.1	s__Neisseria_subflava	287.7452347	201.7510891	0.263998342	0.08653846154	2.220147423	1.150655478	NA	316	0.9997004916	1.144195089	-1.091925688	3.393236645	1	1	1	BcgI	NA	fixed	1279171.854	glm	25	False	fraction 0.26 < 0.75; dispersion 201.75 > 5.0; containment 0.09 < 0.5	-	single enzyme: no cross-enzyme consistency check available
SF003.BcgI	GCA_001067655.1	s__Neisseria_lactamica_B	710.610394	1100.148239	0.4113756614	0.02181208054	6.220410804e+12	42.500147	NA	32	1	8.526710461	25.78810159	59.21219241	1	1	1	BcgI	NA	fixed	1013733.913	glm	9	False	fraction 0.41 < 0.75; dispersion 1100.15 > 5.0; containment 0.02 < 0.5	-	single enzyme: no cross-enzyme consistency check available
SF003.BcgI	GCA_001196045.1	s__Staphylococcus_warneri	NA	NA	NA	0	NA	NA	NA	0	NA	NA	NA	NA	0	1	0	-	NA	fixed	NA	none	0	False	containment 0.00 < 0.5; only 0/1 enzymes produced a fit; no PTR estimate	BcgI:only 0 windows after outlier trimming	no enzyme produced a usable estimate
SF003.BcgI	GCA_001275035.1	s__Pararheinheimera_tangshanensis	NA	NA	NA	0	NA	NA	NA	0	NA	NA	NA	NA	0	1	0	-	NA	fixed	NA	none	0	False	containment 0.00 < 0.5; only 0/1 enzymes produced a fit; no PTR estimate	BcgI:only 0 windows after outlier trimming	no enzyme produced a usable estimate
SF003.BcgI	GCA_001296205.1	s__Streptococcus_intermedius	NA	NA	NA	0	NA	NA	NA	0	NA	NA	NA	NA	0	1	0	-	NA	fixed	NA	none	0	False	containment 0.00 < 0.5; only 0/1 enzymes produced a fit; no PTR estimate	BcgI:only 0 windows after outlier trimming	no enzyme produced a usable estimate
SF003.BcgI	GCA_001421095.1	s__Bacteroides_D_periocalifornicus	NA	NA	NA	0	NA	NA	NA	0	NA	NA	NA	NA	0	1	0	-	NA	fixed	NA	none	0	False	containment 0.00 < 0.5; only 0/1 enzymes produced a fit; no PTR estimate	BcgI:only 0 windows after outlier trimming	no enzyme produced a usable estimate
SF003.BcgI	GCA_001477075.1	s__Methylobacterium_organophilum	NA	NA	NA	0.0006354249404	NA	NA	NA	0	NA	NA	NA	NA	0	1	0	-	NA	fixed	NA	none	0	False	containment 0.00 < 0.5; only 0/1 enzymes produced a fit; no PTR estimate	BcgI:only 4 windows after outlier trimming	no enzyme produced a usable estimate
SF003.BcgI	GCA_001556165.1	s__Sphingomonas_ginsenosidimutans	NA	NA	NA	0.0004145936982	NA	NA	NA	0	NA	NA	NA	NA	0	1	0	-	NA	fixed	NA	none	0	False	containment 0.00 < 0.5; only 0/1 enzymes produced a fit; no PTR estimate	BcgI:only 2 windows after outlier trimming	no enzyme produced a usable estimate
SF003.BcgI	GCA_001578795.1	s__Streptococcus_gordonii_A	222.0428571	262.0536811	0.1865781336	0.1836734694	4.701508837e+11	38.77433287	NA	341	1	1.277131905	36.27120034	41.27746541	1	1	1	BcgI	NA	fixed	885001.4358	glm	14	False	fraction 0.19 < 0.75; dispersion 262.05 > 5.0; containment 0.18 < 0.5	-	single enzyme: no cross-enzyme consistency check available
SF003.BcgI	GCA_001578855.1	s__Streptococcus_oralis_R	NA	NA	NA	0	NA	NA	NA	0	NA	NA	NA	NA	0	1	0	-	NA	fixed	NA	none	0	False	containment 0.00 < 0.5; only 0/1 enzymes produced a fit; no PTR estimate	BcgI:only 0 windows after outlier trimming	no enzyme produced a usable estimate
SF003.BcgI	GCA_001579015.1	s__Streptococcus_oralis_K	NA	NA	NA	0.01754385965	NA	NA	NA	0	NA	NA	NA	NA	0	1	0	-	NA	fixed	NA	none	0	False	containment 0.02 < 0.5; only 0/1 enzymes produced a fit; no PTR estimate	BcgI:only 2 windows after outlier trimming	no enzyme produced a usable estimate
SF003.BcgI	GCA_001636165.1	s__Schleiferilactobacillus_harbinensis	NA	NA	NA	0	NA	NA	NA	0	NA	NA	NA	NA	0	1	0	-	NA	fixed	NA	none	0	False	containment 0.00 < 0.5; only 0/1 enzymes produced a fit; no PTR estimate	BcgI:only 0 windows after outlier trimming	no enzyme produced a usable estimate
SF003.BcgI	GCA_001724095.1	s__Pigmentiphaga_sp001898625	NA	NA	NA	0.0001372118551	NA	NA	NA	0	NA	NA	NA	NA	0	1	0	-	NA	fixed	NA	none	0	False	containment 0.00 < 0.5; only 0/1 enzymes produced a fit; no PTR estimate	BcgI:only 1 windows after outlier trimming	no enzyme produced a usable estimate
SF003.BcgI	GCA_001725355.1	s__Novosphingobium_sp001725355	NA	NA	NA	0	NA	NA	NA	0	NA	NA	NA	NA	0	1	0	-	NA	fixed	NA	none	0	False	containment 0.00 < 0.5; only 0/1 enzymes produced a fit; no PTR estimate	BcgI:only 0 windows after outlier trimming	no enzyme produced a usable estimate
SF003.BcgI	GCA_001838375.1	s__Neisseria_mucosa_A	845.9134504	225.8869006	0.2807539683	0.02647975078	1.41845199e+78	259.6147087	NA	97	0.9999647832	1776933.384	-3482465.822	3482985.051	1	1	1	BcgI	NA	fixed	2152793.84	glm	10	False	fraction 0.28 < 0.75; dispersion 225.89 > 5.0; containment 0.03 < 0.5	-	single enzyme: no cross-enzyme consistency check available
SF003.BcgI	GCA_001899205.1	s__Mesorhizobium_sp001899205	NA	NA	NA	0	NA	NA	NA	0	NA	NA	NA	NA	0	1	0	-	NA	fixed	NA	none	0	False	containment 0.00 < 0.5; only 0/1 enzymes produced a fit; no PTR estimate	BcgI:only 0 windows after outlier trimming	no enzyme produced a usable estimate
SF003.BcgI	GCA_001899725.1	s__Sphingomonas_leidyi	NA	NA	NA	0	NA	NA	NA	0	NA	NA	NA	NA	0	1	0	-	NA	fixed	NA	none	0	False	containment 0.00 < 0.5; only 0/1 enzymes produced a fit; no PTR estimate	BcgI:only 0 windows after outlier trimming	no enzyme produced a usable estimate
SF003.BcgI	GCA_001914195.1	s__Streptococcus_mitis_F	NA	NA	NA	0.01098901099	NA	NA	NA	0	NA	NA	NA	NA	0	1	0	-	NA	fixed	NA	none	0	False	containment 0.01 < 0.5; only 0/1 enzymes produced a fit; no PTR estimate	BcgI:only 1 windows after outlier trimming	no enzyme produced a usable estimate
SF003.BcgI	GCA_002211645.1	s__Fusobacterium_animalis	NA	NA	NA	0	NA	NA	NA	0	NA	NA	NA	NA	0	1	0	-	NA	fixed	NA	none	0	False	containment 0.00 < 0.5; only 0/1 enzymes produced a fit; no PTR estimate	BcgI:only 0 windows after outlier trimming	no enzyme produced a usable estimate
SF003.BcgI	GCA_002256345.1	s__Tardiphaga_sp002256345	NA	NA	NA	0	NA	NA	NA	0	NA	NA	NA	NA	0	1	0	-	NA	fixed	NA	none	0	False	containment 0.00 < 0.5; only 0/1 enzymes produced a fit; no PTR estimate	BcgI:only 0 windows after outlier trimming	no enzyme produced a usable estimate
SF003.BcgI	GCA_002305995.1	s__UBA1367_sp002305995	NA	NA	NA	0	NA	NA	NA	0	NA	NA	NA	NA	0	1	0	-	NA	fixed	NA	none	0	False	containment 0.00 < 0.5; only 0/1 enzymes produced a fit; no PTR estimate	BcgI:only 0 windows after outlier trimming	no enzyme produced a usable estimate
SF003.BcgI	GCA_002316995.1	s__Proteiniphilum_sp002410345	NA	NA	NA	0	NA	NA	NA	0	NA	NA	NA	NA	0	1	0	-	NA	fixed	NA	none	0	False	containment 0.00 < 0.5; only 0/1 enzymes produced a fit; no PTR estimate	BcgI:only 0 windows after outlier trimming	no enzyme produced a usable estimate
SF003.BcgI	GCA_002322135.1	s__Moraxella_A_cinereus	NA	NA	NA	0	NA	NA	NA	0	NA	NA	NA	NA	0	1	0	-	NA	fixed	NA	none	0	False	containment 0.00 < 0.5; only 0/1 enzymes produced a fit; no PTR estimate	BcgI:only 0 windows after outlier trimming	no enzyme produced a usable estimate
SF003.BcgI	GCA_002341725.1	s__Bradyrhizobium_sp002831585	NA	NA	NA	0	NA	NA	NA	0	NA	NA	NA	NA	0	1	0	-	NA	fixed	NA	none	0	False	containment 0.00 < 0.5; only 0/1 enzymes produced a fit; no PTR estimate	BcgI:only 0 windows after outlier trimming	no enzyme produced a usable estimate
SF003.BcgI	GCA_002345845.1	s__Azonexus_sp002345845	NA	NA	NA	0	NA	NA	NA	0	NA	NA	NA	NA	0	1	0	-	NA	fixed	NA	none	0	False	containment 0.00 < 0.5; only 0/1 enzymes produced a fit; no PTR estimate	BcgI:only 0 windows after outlier trimming	no enzyme produced a usable estimate
SF003.BcgI	GCA_002353675.1	s__Prevotella_sp900318855	NA	NA	NA	0	NA	NA	NA	0	NA	NA	NA	NA	0	1	0	-	NA	fixed	NA	none	0	False	containment 0.00 < 0.5; only 0/1 enzymes produced a fit; no PTR estimate	BcgI:only 0 windows after outlier trimming	no enzyme produced a usable estimate
SF003.BcgI	GCA_002354335.1	s__Sphingobacterium_sp002354335	NA	NA	NA	0	NA	NA	NA	0	NA	NA	NA	NA	0	1	0	-	NA	fixed	NA	none	0	False	containment 0.00 < 0.5; only 0/1 enzymes produced a fit; no PTR estimate	BcgI:only 0 windows after outlier trimming	no enzyme produced a usable estimate
SF003.BcgI	GCA_002380835.1	s__Kurthia_gibsonii	NA	NA	NA	0	NA	NA	NA	0	NA	NA	NA	NA	0	1	0	-	NA	fixed	NA	none	0	False	containment 0.00 < 0.5; only 0/1 enzymes produced a fit; no PTR estimate	BcgI:only 0 windows after outlier trimming	no enzyme produced a usable estimate
SF003.BcgI	GCA_002387245.1	s__Brevundimonas_sp002387245	NA	NA	NA	0	NA	NA	NA	0	NA	NA	NA	NA	0	1	0	-	NA	fixed	NA	none	0	False	containment 0.00 < 0.5; only 0/1 enzymes produced a fit; no PTR estimate	BcgI:only 0 windows after outlier trimming	no enzyme produced a usable estimate
SF003.BcgI	GCA_002396845.1	s__UBA4877_sp002399345	NA	NA	NA	0	NA	NA	NA	0	NA	NA	NA	NA	0	1	0	-	NA	fixed	NA	none	0	False	containment 0.00 < 0.5; only 0/1 enzymes produced a fit; no PTR estimate	BcgI:only 0 windows after outlier trimming	no enzyme produced a usable estimate
SF003.BcgI	GCA_002397005.1	s__Caproiciproducens_sp002407645	NA	NA	NA	0	NA	NA	NA	0	NA	NA	NA	NA	0	1	0	-	NA	fixed	NA	none	0	False	containment 0.00 < 0.5; only 0/1 enzymes produced a fit; no PTR estimate	BcgI:only 0 windows after outlier trimming	no enzyme produced a usable estimate
SF003.BcgI	GCA_002397085.1	s__UBA4871_sp002119605	NA	NA	NA	0	NA	NA	NA	0	NA	NA	NA	NA	0	1	0	-	NA	fixed	NA	none	0	False	containment 0.00 < 0.5; only 0/1 enzymes produced a fit; no PTR estimate	BcgI:only 0 windows after outlier trimming	no enzyme produced a usable estimate
SF003.BcgI	GCA_002397275.1	s__Syntrophaceticus_sp002397275	NA	NA	NA	0	NA	NA	NA	0	NA	NA	NA	NA	0	1	0	-	NA	fixed	NA	none	0	False	containment 0.00 < 0.5; only 0/1 enzymes produced a fit; no PTR estimate	BcgI:only 0 windows after outlier trimming	no enzyme produced a usable estimate
SF003.BcgI	GCA_002397665.1	s__Clostridium_E_sp002397665	NA	NA	NA	0	NA	NA	NA	0	NA	NA	NA	NA	0	1	0	-	NA	fixed	NA	none	0	False	containment 0.00 < 0.5; only 0/1 enzymes produced a fit; no PTR estimate	BcgI:only 0 windows after outlier trimming	no enzyme produced a usable estimate
SF003.BcgI	GCA_002397945.1	s__UBA4923_sp002427535	NA	NA	NA	0	NA	NA	NA	0	NA	NA	NA	NA	0	1	0	-	NA	fixed	NA	none	0	False	containment 0.00 < 0.5; only 0/1 enzymes produced a fit; no PTR estimate	BcgI:only 0 windows after outlier trimming	no enzyme produced a usable estimate
SF003.BcgI	GCA_002398185.1	s__UBA4844_sp002424365	NA	NA	NA	0	NA	NA	NA	0	NA	NA	NA	NA	0	1	0	-	NA	fixed	NA	none	0	False	containment 0.00 < 0.5; only 0/1 enzymes produced a fit; no PTR estimate	BcgI:only 0 windows after outlier trimming	no enzyme produced a usable estimate
SF003.BcgI	GCA_002398695.1	s__Olegusella_sp002407925	NA	NA	NA	0	NA	NA	NA	0	NA	NA	NA	NA	0	1	0	-	NA	fixed	NA	none	0	False	containment 0.00 < 0.5; only 0/1 enzymes produced a fit; no PTR estimate	BcgI:only 0 windows after outlier trimming	no enzyme produced a usable estimate
SF003.BcgI	GCA_002398905.1	s__Caprobacter_sp002407675	NA	NA	NA	0	NA	NA	NA	0	NA	NA	NA	NA	0	1	0	-	NA	fixed	NA	none	0	False	containment 0.00 < 0.5; only 0/1 enzymes produced a fit; no PTR estimate	BcgI:only 0 windows after outlier trimming	no enzyme produced a usable estimate
SF003.BcgI	GCA_002399315.1	s__UBA4851_sp002408445	NA	NA	NA	0	NA	NA	NA	0	NA	NA	NA	NA	0	1	0	-	NA	fixed	NA	none	0	False	containment 0.00 < 0.5; only 0/1 enzymes produced a fit; no PTR estimate	BcgI:only 0 windows after outlier trimming	no enzyme produced a usable estimate
SF003.BcgI	GCA_002407685.1	s__Fermentimonas_sp002398875	NA	NA	NA	0	NA	NA	NA	0	NA	NA	NA	NA	0	1	0	-	NA	fixed	NA	none	0	False	containment 0.00 < 0.5; only 0/1 enzymes produced a fit; no PTR estimate	BcgI:only 0 windows after outlier trimming	no enzyme produced a usable estimate
SF003.BcgI	GCA_002408485.1	s__Proteiniphilum_sp002408485	NA	NA	NA	0	NA	NA	NA	0	NA	NA	NA	NA	0	1	0	-	NA	fixed	NA	none	0	False	containment 0.00 < 0.5; only 0/1 enzymes produced a fit; no PTR estimate	BcgI:only 0 windows after outlier trimming	no enzyme produced a usable estimate
SF003.BcgI	GCA_002408725.1	s__DTU098_sp002408725	NA	NA	NA	0	NA	NA	NA	0	NA	NA	NA	NA	0	1	0	-	NA	fixed	NA	none	0	False	containment 0.00 < 0.5; only 0/1 enzymes produced a fit; no PTR estimate	BcgI:only 0 windows after outlier trimming	no enzyme produced a usable estimate
SF003.BcgI	GCA_002409095.1	s__DTU032_sp002427505	NA	NA	NA	0	NA	NA	NA	0	NA	NA	NA	NA	0	1	0	-	NA	fixed	NA	none	0	False	containment 0.00 < 0.5; only 0/1 enzymes produced a fit; no PTR estimate	BcgI:only 0 windows after outlier trimming	no enzyme produced a usable estimate
SF003.BcgI	GCA_002409445.1	s__UBA10988_sp002409445	NA	NA	NA	0	NA	NA	NA	0	NA	NA	NA	NA	0	1	0	-	NA	fixed	NA	none	0	False	containment 0.00 < 0.5; only 0/1 enzymes produced a fit; no PTR estimate	BcgI:only 0 windows after outlier trimming	no enzyme produced a usable estimate
SF003.BcgI	GCA_002409905.1	s__Aminobacterium_mobile	NA	NA	NA	0	NA	NA	NA	0	NA	NA	NA	NA	0	1	0	-	NA	fixed	NA	none	0	False	containment 0.00 < 0.5; only 0/1 enzymes produced a fit; no PTR estimate	BcgI:only 0 windows after outlier trimming	no enzyme produced a usable estimate
SF003.BcgI	GCA_002410045.1	s__T78_sp002409625	NA	NA	NA	0	NA	NA	NA	0	NA	NA	NA	NA	0	1	0	-	NA	fixed	NA	none	0	False	containment 0.00 < 0.5; only 0/1 enzymes produced a fit; no PTR estimate	BcgI:only 0 windows after outlier trimming	no enzyme produced a usable estimate
SF003.BcgI	GCA_002411015.1	s__UBA5352_sp002411015	NA	NA	NA	0	NA	NA	NA	0	NA	NA	NA	NA	0	1	0	-	NA	fixed	NA	none	0	False	containment 0.00 < 0.5; only 0/1 enzymes produced a fit; no PTR estimate	BcgI:only 0 windows after outlier trimming	no enzyme produced a usable estimate
SF003.BcgI	GCA_002419745.1	s__Massilia_timonae	NA	NA	NA	0	NA	NA	NA	0	NA	NA	NA	NA	0	1	0	-	NA	fixed	NA	none	0	False	containment 0.00 < 0.5; only 0/1 enzymes produced a fit; no PTR estimate	BcgI:only 0 windows after outlier trimming	no enzyme produced a usable estimate
SF003.BcgI	GCA_002427175.1	s__UBA4874_sp002398065	NA	NA	NA	0	NA	NA	NA	0	NA	NA	NA	NA	0	1	0	-	NA	fixed	NA	none	0	False	containment 0.00 < 0.5; only 0/1 enzymes produced a fit; no PTR estimate	BcgI:only 0 windows after outlier trimming	no enzyme produced a usable estimate
SF003.BcgI	GCA_002427475.1	s__DTU032_sp002427475	NA	NA	NA	0	NA	NA	NA	0	NA	NA	NA	NA	0	1	0	-	NA	fixed	NA	none	0	False	containment 0.00 < 0.5; only 0/1 enzymes produced a fit; no PTR estimate	BcgI:only 0 windows after outlier trimming	no enzyme produced a usable estimate
SF003.BcgI	GCA_002431665.1	s__Petrimonas_sp002356435	NA	NA	NA	0	NA	NA	NA	0	NA	NA	NA	NA	0	1	0	-	NA	fixed	NA	none	0	False	containment 0.00 < 0.5; only 0/1 enzymes produced a fit; no PTR estimate	BcgI:only 0 windows after outlier trimming	no enzyme produced a usable estimate
SF003.BcgI	GCA_002437285.1	s__Prevotella_sp002437285	NA	NA	NA	0	NA	NA	NA	0	NA	NA	NA	NA	0	1	0	-	NA	fixed	NA	none	0	False	containment 0.00 < 0.5; only 0/1 enzymes produced a fit; no PTR estimate	BcgI:only 0 windows after outlier trimming	no enzyme produced a usable estimate
SF003.BcgI	GCA_002454415.1	s__Sphingobacterium_sp002454415	NA	NA	NA	0	NA	NA	NA	0	NA	NA	NA	NA	0	1	0	-	NA	fixed	NA	none	0	False	containment 0.00 < 0.5; only 0/1 enzymes produced a fit; no PTR estimate	BcgI:only 0 windows after outlier trimming	no enzyme produced a usable estimate
SF003.BcgI	GCA_002455995.1	s__Leclercia_adecarboxylata_C	NA	NA	NA	0.00123685838	NA	NA	NA	0	NA	NA	NA	NA	0	1	0	-	NA	fixed	NA	none	0	False	containment 0.00 < 0.5; only 0/1 enzymes produced a fit; no PTR estimate	BcgI:only 3 windows after outlier trimming	no enzyme produced a usable estimate
SF003.BcgI	GCA_002694485.1	s__Brevundimonas_aurantiaca	NA	NA	NA	0	NA	NA	NA	0	NA	NA	NA	NA	0	1	0	-	NA	fixed	NA	none	0	False	containment 0.00 < 0.5; only 0/1 enzymes produced a fit; no PTR estimate	BcgI:only 0 windows after outlier trimming	no enzyme produced a usable estimate
SF003.BcgI	GCA_002724745.1	s__Herbaspirillum_huttiense	NA	NA	NA	0	NA	NA	NA	0	NA	NA	NA	NA	0	1	0	-	NA	fixed	NA	none	0	False	containment 0.00 < 0.5; only 0/1 enzymes produced a fit; no PTR estimate	BcgI:only 0 windows after outlier trimming	no enzyme produced a usable estimate
SF003.BcgI	GCA_002727035.1	s__Methylobacterium_fujisawaense	NA	NA	NA	0	NA	NA	NA	0	NA	NA	NA	NA	0	1	0	-	NA	fixed	NA	none	0	False	containment 0.00 < 0.5; only 0/1 enzymes produced a fit; no PTR estimate	BcgI:only 0 windows after outlier trimming	no enzyme produced a usable estimate
SF003.BcgI	GCA_002890635.1	s__Tannerella_sp002890585	NA	NA	NA	0	NA	NA	NA	0	NA	NA	NA	NA	0	1	0	-	NA	fixed	NA	none	0	False	containment 0.00 < 0.5; only 0/1 enzymes produced a fit; no PTR estimate	BcgI:only 0 windows after outlier trimming	no enzyme produced a usable estimate
SF003.BcgI	GCA_003241005.1	s__Brachybacterium_muris	NA	NA	NA	0	NA	NA	NA	0	NA	NA	NA	NA	0	1	0	-	NA	fixed	NA	none	0	False	containment 0.00 < 0.5; only 0/1 enzymes produced a fit; no PTR estimate	BcgI:only 0 windows after outlier trimming	no enzyme produced a usable estimate
SF003.BcgI	GCA_003241315.1	s__Lawsonella_clevelandensis_A	NA	NA	NA	0	NA	NA	NA	0	NA	NA	NA	NA	0	1	0	-	NA	fixed	NA	none	0	False	containment 0.00 < 0.5; only 0/1 enzymes produced a fit; no PTR estimate	BcgI:only 0 windows after outlier trimming	no enzyme produced a usable estimate
SF003.BcgI	GCA_003248485.1	s__QFNR01_sp003248485	NA	NA	NA	0	NA	NA	NA	0	NA	NA	NA	NA	0	1	0	-	NA	fixed	NA	none	0	False	containment 0.00 < 0.5; only 0/1 enzymes produced a fit; no PTR estimate	BcgI:only 0 windows after outlier trimming	no enzyme produced a usable estimate
SF003.BcgI	GCA_003260325.1	s__GN02-872_sp003260325	NA	NA	NA	0	NA	NA	NA	0	NA	NA	NA	NA	0	1	0	-	NA	fixed	NA	none	0	False	containment 0.00 < 0.5; only 0/1 enzymes produced a fit; no PTR estimate	BcgI:only 0 windows after outlier trimming	no enzyme produced a usable estimate
SF003.BcgI	GCA_003260345.1	s__GN02-873_sp003260345	58.67589286	45.91136267	0.205326087	0.1911357341	1.840580138	0.8801605653	NA	277	0.9960283577	0.5218005755	-0.1425497698	1.9028709	1	1	1	BcgI	NA	fixed	599777.7367	glm	12	False	fraction 0.21 < 0.75; dispersion 45.91 > 5.0; containment 0.19 < 0.5	-	single enzyme: no cross-enzyme consistency check available
SF003.BcgI	GCA_003260355.1	s__HOT-345_sp003260355	NA	NA	NA	0	NA	NA	NA	0	NA	NA	NA	NA	0	1	0	-	NA	fixed	NA	none	0	False	containment 0.00 < 0.5; only 0/1 enzymes produced a fit; no PTR estimate	BcgI:only 0 windows after outlier trimming	no enzyme produced a usable estimate
SF003.BcgI	GCA_003469565.1	s__Streptococcus_parasanguinis_C	44.54761895	22.17686968	0.3074236058	0.068	2.489591929	1.315909288	NA	91	0.9900412311	1.697734322	-2.011588837	4.643407414	1	1	1	BcgI	NA	fixed	1730883.758	glm	7	False	fraction 0.31 < 0.75; dispersion 22.18 > 5.0; containment 0.07 < 0.5	-	single enzyme: no cross-enzyme consistency check available
SF003.BcgI	GCA_003476535.1	s__Bradyrhizobium_sp003020075	NA	NA	NA	0	NA	NA	NA	0	NA	NA	NA	NA	0	1	0	-	NA	fixed	NA	none	0	False	containment 0.00 < 0.5; only 0/1 enzymes produced a fit; no PTR estimate	BcgI:only 0 windows after outlier trimming	no enzyme produced a usable estimate
SF003.BcgI	GCA_003524895.1	s__Muricomes_intestini	NA	NA	NA	0	NA	NA	NA	0	NA	NA	NA	NA	0	1	0	-	NA	fixed	NA	none	0	False	containment 0.00 < 0.5; only 0/1 enzymes produced a fit; no PTR estimate	BcgI:only 0 windows after outlier trimming	no enzyme produced a usable estimate
SF003.BcgI	GCA_003638725.1	s__Leptotrichia_sp002240055	NA	NA	NA	0	NA	NA	NA	0	NA	NA	NA	NA	0	1	0	-	NA	fixed	NA	none	0	False	containment 0.00 < 0.5; only 0/1 enzymes produced a fit; no PTR estimate	BcgI:only 0 windows after outlier trimming	no enzyme produced a usable estimate
SF003.BcgI	GCA_003639045.1	s__Pauljensenia_hongkongensis	NA	NA	NA	0	NA	NA	NA	0	NA	NA	NA	NA	0	1	0	-	NA	fixed	NA	none	0	False	containment 0.00 < 0.5; only 0/1 enzymes produced a fit; no PTR estimate	BcgI:only 0 windows after outlier trimming	no enzyme produced a usable estimate
SF003.BcgI	GCA_003640335.1	s__Porphyromonas_sp003640335	NA	NA	NA	0	NA	NA	NA	0	NA	NA	NA	NA	0	1	0	-	NA	fixed	NA	none	0	False	containment 0.00 < 0.5; only 0/1 enzymes produced a fit; no PTR estimate	BcgI:only 0 windows after outlier trimming	no enzyme produced a usable estimate
SF003.BcgI	GCA_003862175.1	s__UBA7748_sp003862175	NA	NA	NA	0	NA	NA	NA	0	NA	NA	NA	NA	0	1	0	-	NA	fixed	NA	none	0	False	containment 0.00 < 0.5; only 0/1 enzymes produced a fit; no PTR estimate	BcgI:only 0 windows after outlier trimming	no enzyme produced a usable estimate
SF003.BcgI	GCA_003862265.1	s__Limosilactobacillus_mucosae	NA	NA	NA	0.001295336788	NA	NA	NA	0	NA	NA	NA	NA	0	1	0	-	NA	fixed	NA	none	0	False	containment 0.00 < 0.5; only 0/1 enzymes produced a fit; no PTR estimate	BcgI:only 1 windows after outlier trimming	no enzyme produced a usable estimate
SF003.BcgI	GCA_003963075.1	s__Pelomonas_sp003963075	NA	NA	NA	0	NA	NA	NA	0	NA	NA	NA	NA	0	1	0	-	NA	fixed	NA	none	0	False	containment 0.00 < 0.5; only 0/1 enzymes produced a fit; no PTR estimate	BcgI:only 0 windows after outlier trimming	no enzyme produced a usable estimate
SF003.BcgI	GCA_003963115.1	s__Aquabacterium_sp003963115	NA	NA	NA	0	NA	NA	NA	0	NA	NA	NA	NA	0	1	0	-	NA	fixed	NA	none	0	False	containment 0.00 < 0.5; only 0/1 enzymes produced a fit; no PTR estimate	BcgI:only 0 windows after outlier trimming	no enzyme produced a usable estimate
SF003.BcgI	GCA_004297045.1	s__Bosea_sp900156025	NA	NA	NA	0.0004192286193	NA	NA	NA	0	NA	NA	NA	NA	0	1	0	-	NA	fixed	NA	none	0	False	containment 0.00 < 0.5; only 0/1 enzymes produced a fit; no PTR estimate	BcgI:only 3 windows after outlier trimming	no enzyme produced a usable estimate
SF003.BcgI	GCA_004297605.1	s__Aquabacterium_sp004322345	NA	NA	NA	0	NA	NA	NA	0	NA	NA	NA	NA	0	1	0	-	NA	fixed	NA	none	0	False	containment 0.00 < 0.5; only 0/1 enzymes produced a fit; no PTR estimate	BcgI:only 0 windows after outlier trimming	no enzyme produced a usable estimate
SF003.BcgI	GCA_004555055.1	s__F0040_sp004555055	NA	NA	NA	0	NA	NA	NA	0	NA	NA	NA	NA	0	1	0	-	NA	fixed	NA	none	0	False	containment 0.00 < 0.5; only 0/1 enzymes produced a fit; no PTR estimate	BcgI:only 0 windows after outlier trimming	no enzyme produced a usable estimate
SF003.BcgI	GCA_005768775.1	s__Gemella_haemolysans_B	NA	NA	NA	0	NA	NA	NA	0	NA	NA	NA	NA	0	1	0	-	NA	fixed	NA	none	0	False	containment 0.00 < 0.5; only 0/1 enzymes produced a fit; no PTR estimate	BcgI:only 0 windows after outlier trimming	no enzyme produced a usable estimate
SF003.BcgI	GCA_009830425.1	s__Staphylococcus_A_sciuri	NA	NA	NA	0	NA	NA	NA	0	NA	NA	NA	NA	0	1	0	-	NA	fixed	NA	none	0	False	containment 0.00 < 0.5; only 0/1 enzymes produced a fit; no PTR estimate	BcgI:only 0 windows after outlier trimming	no enzyme produced a usable estimate
SF003.BcgI	GCA_009923995.1	s__Janthinobacterium_sp009923995	NA	NA	NA	0	NA	NA	NA	0	NA	NA	NA	NA	0	1	0	-	NA	fixed	NA	none	0	False	containment 0.00 < 0.5; only 0/1 enzymes produced a fit; no PTR estimate	BcgI:only 0 windows after outlier trimming	no enzyme produced a usable estimate
SF003.BcgI	GCA_012512005.1	s__T78_sp002411175	NA	NA	NA	0	NA	NA	NA	0	NA	NA	NA	NA	0	1	0	-	NA	fixed	NA	none	0	False	containment 0.00 < 0.5; only 0/1 enzymes produced a fit; no PTR estimate	BcgI:only 0 windows after outlier trimming	no enzyme produced a usable estimate
SF003.BcgI	GCA_012518595.1	s__UBA4971_sp012518595	NA	NA	NA	0	NA	NA	NA	0	NA	NA	NA	NA	0	1	0	-	NA	fixed	NA	none	0	False	containment 0.00 < 0.5; only 0/1 enzymes produced a fit; no PTR estimate	BcgI:only 0 windows after outlier trimming	no enzyme produced a usable estimate
SF003.BcgI	GCA_012519495.1	s__JAAYQA01_sp012519495	NA	NA	NA	0	NA	NA	NA	0	NA	NA	NA	NA	0	1	0	-	NA	fixed	NA	none	0	False	containment 0.00 < 0.5; only 0/1 enzymes produced a fit; no PTR estimate	BcgI:only 0 windows after outlier trimming	no enzyme produced a usable estimate
SF003.BcgI	GCA_012728535.1	s__DTU032_sp012728535	NA	NA	NA	0	NA	NA	NA	0	NA	NA	NA	NA	0	1	0	-	NA	fixed	NA	none	0	False	containment 0.00 < 0.5; only 0/1 enzymes produced a fit; no PTR estimate	BcgI:only 0 windows after outlier trimming	no enzyme produced a usable estimate
SF003.BcgI	GCA_012799365.1	s__JAAZLJ01_sp012799365	NA	NA	NA	0	NA	NA	NA	0	NA	NA	NA	NA	0	1	0	-	NA	fixed	NA	none	0	False	containment 0.00 < 0.5; only 0/1 enzymes produced a fit; no PTR estimate	BcgI:only 0 windows after outlier trimming	no enzyme produced a usable estimate
SF003.BcgI	GCA_012840585.1	s__UBA3913_sp002391425	NA	NA	NA	0	NA	NA	NA	0	NA	NA	NA	NA	0	1	0	-	NA	fixed	NA	none	0	False	containment 0.00 < 0.5; only 0/1 enzymes produced a fit; no PTR estimate	BcgI:only 0 windows after outlier trimming	no enzyme produced a usable estimate
SF003.BcgI	GCA_013152425.1	s__Ralstonia_sp001078575	NA	NA	NA	0	NA	NA	NA	0	NA	NA	NA	NA	0	1	0	-	NA	fixed	NA	none	0	False	containment 0.00 < 0.5; only 0/1 enzymes produced a fit; no PTR estimate	BcgI:only 0 windows after outlier trimming	no enzyme produced a usable estimate
SF003.BcgI	GCA_013332525.2	s__GN02-873_sp013332525	NA	NA	NA	0.007957559682	NA	NA	NA	0	NA	NA	NA	NA	0	1	0	-	NA	fixed	NA	none	0	False	containment 0.01 < 0.5; only 0/1 enzymes produced a fit; no PTR estimate	BcgI:only 3 windows after outlier trimming	no enzyme produced a usable estimate
SF003.BcgI	GCA_013332955.2	s__UBA2866_sp013332955	NA	NA	NA	0	NA	NA	NA	0	NA	NA	NA	NA	0	1	0	-	NA	fixed	NA	none	0	False	containment 0.00 < 0.5; only 0/1 enzymes produced a fit; no PTR estimate	BcgI:only 0 windows after outlier trimming	no enzyme produced a usable estimate
SF003.BcgI	GCA_013332965.2	s__UBA2866_sp013332965	NA	NA	NA	0	NA	NA	NA	0	NA	NA	NA	NA	0	1	0	-	NA	fixed	NA	none	0	False	containment 0.00 < 0.5; only 0/1 enzymes produced a fit; no PTR estimate	BcgI:only 0 windows after outlier trimming	no enzyme produced a usable estimate
SF003.BcgI	GCA_013333035.2	s__CAG-793_sp013333035	NA	NA	NA	0	NA	NA	NA	0	NA	NA	NA	NA	0	1	0	-	NA	fixed	NA	none	0	False	containment 0.00 < 0.5; only 0/1 enzymes produced a fit; no PTR estimate	BcgI:only 0 windows after outlier trimming	no enzyme produced a usable estimate
SF003.BcgI	GCA_013333075.2	s__Prevotella_sp013333285	NA	NA	NA	0.001712328767	NA	NA	NA	0	NA	NA	NA	NA	0	1	0	-	NA	fixed	NA	none	0	False	containment 0.00 < 0.5; only 0/1 enzymes produced a fit; no PTR estimate	BcgI:only 2 windows after outlier trimming	no enzyme produced a usable estimate
SF003.BcgI	GCA_013333105.2	s__JABCPO02_sp013333105	NA	NA	NA	0	NA	NA	NA	0	NA	NA	NA	NA	0	1	0	-	NA	fixed	NA	none	0	False	containment 0.00 < 0.5; only 0/1 enzymes produced a fit; no PTR estimate	BcgI:only 0 windows after outlier trimming	no enzyme produced a usable estimate
SF003.BcgI	GCA_013333135.2	s__UBA2866_sp013333135	NA	NA	NA	0	NA	NA	NA	0	NA	NA	NA	NA	0	1	0	-	NA	fixed	NA	none	0	False	containment 0.00 < 0.5; only 0/1 enzymes produced a fit; no PTR estimate	BcgI:only 0 windows after outlier trimming	no enzyme produced a usable estimate
SF003.BcgI	GCA_013333165.2	s__JABCPG02_sp013333195	NA	NA	NA	0	NA	NA	NA	0	NA	NA	NA	NA	0	1	0	-	NA	fixed	NA	none	0	False	containment 0.00 < 0.5; only 0/1 enzymes produced a fit; no PTR estimate	BcgI:only 0 windows after outlier trimming	no enzyme produced a usable estimate
SF003.BcgI	GCA_013333235.2	s__JABCPH02_sp013333235	NA	NA	NA	0	NA	NA	NA	0	NA	NA	NA	NA	0	1	0	-	NA	fixed	NA	none	0	False	containment 0.00 < 0.5; only 0/1 enzymes produced a fit; no PTR estimate	BcgI:only 0 windows after outlier trimming	no enzyme produced a usable estimate
SF003.BcgI	GCA_013333295.2	s__HOT-345_sp013333295	NA	NA	NA	0.0325203252	NA	NA	NA	0	NA	NA	NA	NA	0	1	0	-	NA	fixed	NA	none	0	False	containment 0.03 < 0.5; only 0/1 enzymes produced a fit; no PTR estimate	BcgI:only 3 windows after outlier trimming	no enzyme produced a usable estimate
SF003.BcgI	GCA_013333375.2	s__UBA2866_sp013333375	NA	NA	NA	0	NA	NA	NA	0	NA	NA	NA	NA	0	1	0	-	NA	fixed	NA	none	0	False	containment 0.00 < 0.5; only 0/1 enzymes produced a fit; no PTR estimate	BcgI:only 0 windows after outlier trimming	no enzyme produced a usable estimate
SF003.BcgI	GCA_013333395.2	s__CAG-793_sp013333395	NA	NA	NA	0.01449275362	NA	NA	NA	0	NA	NA	NA	NA	0	1	0	-	NA	fixed	NA	none	0	False	containment 0.01 < 0.5; only 0/1 enzymes produced a fit; no PTR estimate	BcgI:only 1 windows after outlier trimming	no enzyme produced a usable estimate
SF003.BcgI	GCA_013333405.2	s__UMGS1907_sp013333405	21.56959291	NA	0.3505952381	0.03278688525	1.994829099	0.996265153	NA	43	0.720493797	2.399327878	-3.706331074	5.69886138	1	1	1	BcgI	NA	fixed	115859.4617	glm	7	False	fraction 0.35 < 0.75; containment 0.03 < 0.5	-	single enzyme: no cross-enzyme consistency check available
SF003.BcgI	GCA_013333425.2	s__Mogibacterium_diversum	NA	NA	NA	0.001718213058	NA	NA	NA	0	NA	NA	NA	NA	0	1	0	-	NA	fixed	NA	none	0	False	containment 0.00 < 0.5; only 0/1 enzymes produced a fit; no PTR estimate	BcgI:only 0 windows after outlier trimming	no enzyme produced a usable estimate
SF003.BcgI	GCA_013333485.2	s__Saccharimonas_sp010202265	NA	NA	NA	0	NA	NA	NA	0	NA	NA	NA	NA	0	1	0	-	NA	fixed	NA	none	0	False	containment 0.00 < 0.5; only 0/1 enzymes produced a fit; no PTR estimate	BcgI:only 0 windows after outlier trimming	no enzyme produced a usable estimate
SF003.BcgI	GCA_013333495.2	s__TM7x_sp013333495	NA	NA	NA	0	NA	NA	NA	0	NA	NA	NA	NA	0	1	0	-	NA	fixed	NA	none	0	False	containment 0.00 < 0.5; only 0/1 enzymes produced a fit; no PTR estimate	BcgI:only 0 windows after outlier trimming	no enzyme produced a usable estimate
SF003.BcgI	GCA_013333505.2	s__JABCPE02_sp013333255	21.15058055	7.502415459	0.4166666667	0.05860805861	2.681546004	1.423065004	NA	68	0.9752310698	0.9352919627	-0.410073558	3.256203566	1	1	1	BcgI	NA	fixed	817025.1528	glm	13	False	fraction 0.42 < 0.75; dispersion 7.50 > 5.0; containment 0.06 < 0.5	-	single enzyme: no cross-enzyme consistency check available
SF003.BcgI	GCA_013333515.2	s__UBA1103_sp013333515	NA	NA	NA	0	NA	NA	NA	0	NA	NA	NA	NA	0	1	0	-	NA	fixed	NA	none	0	False	containment 0.00 < 0.5; only 0/1 enzymes produced a fit; no PTR estimate	BcgI:only 0 windows after outlier trimming	no enzyme produced a usable estimate
SF003.BcgI	GCA_013333595.2	s__SDRW01_sp013333595	NA	NA	NA	0	NA	NA	NA	0	NA	NA	NA	NA	0	1	0	-	NA	fixed	NA	none	0	False	containment 0.00 < 0.5; only 0/1 enzymes produced a fit; no PTR estimate	BcgI:only 0 windows after outlier trimming	no enzyme produced a usable estimate
SF003.BcgI	GCA_013333605.2	s__HOT-345_sp013333605	NA	NA	NA	0.05737704918	NA	NA	NA	0	NA	NA	NA	NA	0	1	0	-	NA	fixed	NA	none	0	False	containment 0.06 < 0.5; only 0/1 enzymes produced a fit; no PTR estimate	BcgI:only 3 windows after outlier trimming	no enzyme produced a usable estimate
SF003.BcgI	GCA_013333625.2	s__Saccharimonas_sp013333625	NA	NA	NA	0.007246376812	NA	NA	NA	0	NA	NA	NA	NA	0	1	0	-	NA	fixed	NA	none	0	False	containment 0.01 < 0.5; only 0/1 enzymes produced a fit; no PTR estimate	BcgI:only 3 windows after outlier trimming	no enzyme produced a usable estimate
SF003.BcgI	GCA_013333645.2	s__Saccharimonas_sp013333645	NA	NA	NA	0.002114164905	NA	NA	NA	0	NA	NA	NA	NA	0	1	0	-	NA	fixed	NA	none	0	False	containment 0.00 < 0.5; only 0/1 enzymes produced a fit; no PTR estimate	BcgI:only 2 windows after outlier trimming	no enzyme produced a usable estimate
SF003.BcgI	GCA_013333675.2	s__Saccharimonas_sp013333675	NA	NA	NA	0	NA	NA	NA	0	NA	NA	NA	NA	0	1	0	-	NA	fixed	NA	none	0	False	containment 0.00 < 0.5; only 0/1 enzymes produced a fit; no PTR estimate	BcgI:only 0 windows after outlier trimming	no enzyme produced a usable estimate
SF003.BcgI	GCA_013333695.2	s__TM7x_sp013333695	NA	NA	NA	0.003968253968	NA	NA	NA	0	NA	NA	NA	NA	0	1	0	-	NA	fixed	NA	none	0	False	containment 0.00 < 0.5; only 0/1 enzymes produced a fit; no PTR estimate	BcgI:only 1 windows after outlier trimming	no enzyme produced a usable estimate
SF003.BcgI	GCA_013333755.2	s__GN02-872_sp002761215	NA	NA	NA	0	NA	NA	NA	0	NA	NA	NA	NA	0	1	0	-	NA	fixed	NA	none	0	False	containment 0.00 < 0.5; only 0/1 enzymes produced a fit; no PTR estimate	BcgI:only 0 windows after outlier trimming	no enzyme produced a usable estimate
SF003.BcgI	GCA_013333795.2	s__Saccharimonas_sp013333795	NA	NA	NA	0.002739726027	NA	NA	NA	0	NA	NA	NA	NA	0	1	0	-	NA	fixed	NA	none	0	False	containment 0.00 < 0.5; only 0/1 enzymes produced a fit; no PTR estimate	BcgI:only 1 windows after outlier trimming	no enzyme produced a usable estimate
SF003.BcgI	GCA_013333815.2	s__SDRW01_sp007845485	NA	NA	NA	0.004347826087	NA	NA	NA	0	NA	NA	NA	NA	0	1	0	-	NA	fixed	NA	none	0	False	containment 0.00 < 0.5; only 0/1 enzymes produced a fit; no PTR estimate	BcgI:only 1 windows after outlier trimming	no enzyme produced a usable estimate
SF003.BcgI	GCA_013333835.2	s__Bacteroides_D_sp013333835	NA	NA	NA	0	NA	NA	NA	0	NA	NA	NA	NA	0	1	0	-	NA	fixed	NA	none	0	False	containment 0.00 < 0.5; only 0/1 enzymes produced a fit; no PTR estimate	BcgI:only 0 windows after outlier trimming	no enzyme produced a usable estimate
SF003.BcgI	GCA_013333845.2	s__Saccharimonas_sp013333845	NA	NA	NA	0	NA	NA	NA	0	NA	NA	NA	NA	0	1	0	-	NA	fixed	NA	none	0	False	containment 0.00 < 0.5; only 0/1 enzymes produced a fit; no PTR estimate	BcgI:only 0 windows after outlier trimming	no enzyme produced a usable estimate
SF003.BcgI	GCA_013333875.2	s__JABCPE02_sp013333875	NA	NA	NA	0.03703703704	NA	NA	NA	0	NA	NA	NA	NA	0	1	0	-	NA	fixed	NA	none	0	False	containment 0.04 < 0.5; only 0/1 enzymes produced a fit; no PTR estimate	BcgI:only 18 anchors (< 30)	no enzyme produced a usable estimate
SF003.BcgI	GCA_013333895.2	s__Arachnia_sp013333735	NA	NA	NA	0	NA	NA	NA	0	NA	NA	NA	NA	0	1	0	-	NA	fixed	NA	none	0	False	containment 0.00 < 0.5; only 0/1 enzymes produced a fit; no PTR estimate	BcgI:only 0 windows after outlier trimming	no enzyme produced a usable estimate
SF003.BcgI	GCA_013333935.1	s__Prevotella_sp013333935	NA	NA	NA	0	NA	NA	NA	0	NA	NA	NA	NA	0	1	0	-	NA	fixed	NA	none	0	False	containment 0.00 < 0.5; only 0/1 enzymes produced a fit; no PTR estimate	BcgI:only 0 windows after outlier trimming	no enzyme produced a usable estimate
SF003.BcgI	GCA_013333945.2	s__Arachnia_sp013333945	NA	NA	NA	0	NA	NA	NA	0	NA	NA	NA	NA	0	1	0	-	NA	fixed	NA	none	0	False	containment 0.00 < 0.5; only 0/1 enzymes produced a fit; no PTR estimate	BcgI:only 0 windows after outlier trimming	no enzyme produced a usable estimate
SF003.BcgI	GCA_014467095.1	s__Streptococcus_mitis_K	NA	NA	NA	0.01388888889	NA	NA	NA	0	NA	NA	NA	NA	0	1	0	-	NA	fixed	NA	none	0	False	containment 0.01 < 0.5; only 0/1 enzymes produced a fit; no PTR estimate	BcgI:only 1 windows after outlier trimming	no enzyme produced a usable estimate
SF003.BcgI	GCA_900066305.1	s__UBA1191_sp900066305	NA	NA	NA	0	NA	NA	NA	0	NA	NA	NA	NA	0	1	0	-	NA	fixed	NA	none	0	False	containment 0.00 < 0.5; only 0/1 enzymes produced a fit; no PTR estimate	BcgI:only 0 windows after outlier trimming	no enzyme produced a usable estimate
SF003.BcgI	GCA_900167215.1	s__Peptoanaerobacter_yurii	NA	NA	NA	0	NA	NA	NA	0	NA	NA	NA	NA	0	1	0	-	NA	fixed	NA	none	0	False	containment 0.00 < 0.5; only 0/1 enzymes produced a fit; no PTR estimate	BcgI:only 0 windows after outlier trimming	no enzyme produced a usable estimate
SF003.BcgI	GCA_900299135.1	s__Trueperella_pyogenes	NA	NA	NA	0	NA	NA	NA	0	NA	NA	NA	NA	0	1	0	-	NA	fixed	NA	none	0	False	containment 0.00 < 0.5; only 0/1 enzymes produced a fit; no PTR estimate	BcgI:only 0 windows after outlier trimming	no enzyme produced a usable estimate
SF003.BcgI	GCA_900453905.1	s__Neisseria_flavescens	79.5331212	118.021892	0.1413405617	0.06282722513	5.650761881	2.498445396	NA	352	0.9998027782	1.598237656	-0.6340428487	5.630933641	1	1	1	BcgI	NA	fixed	250635.4614	glm	18	False	fraction 0.14 < 0.75; dispersion 118.02 > 5.0; containment 0.06 < 0.5	-	single enzyme: no cross-enzyme consistency check available
SF003.BcgI	GCA_900538345.1	s__Veillonella_tobetsuensis	NA	NA	NA	0.002232142857	NA	NA	NA	0	NA	NA	NA	NA	0	1	0	-	NA	fixed	NA	none	0	False	containment 0.00 < 0.5; only 0/1 enzymes produced a fit; no PTR estimate	BcgI:only 0 windows after outlier trimming	no enzyme produced a usable estimate
SF003.BcgI	GCA_900538355.1	s__Veillonella_sp900538355	NA	NA	NA	0.008298755187	NA	NA	NA	0	NA	NA	NA	NA	0	1	0	-	NA	fixed	NA	none	0	False	containment 0.01 < 0.5; only 0/1 enzymes produced a fit; no PTR estimate	BcgI:only 2 windows after outlier trimming	no enzyme produced a usable estimate
SF003.BcgI	GCA_900539315.1	s__Granulicatella_sp001058355	53.25889746	22.67300532	0.1726135326	0.09221902017	1.625139069	0.7005631797	NA	236	0.9994315966	1.38233882	-2.008771121	3.409897481	1	1	1	BcgI	NA	fixed	1053785.227	glm	18	False	fraction 0.17 < 0.75; dispersion 22.67 > 5.0; containment 0.09 < 0.5	-	single enzyme: no cross-enzyme consistency check available
SF003.BcgI	GCA_900539505.1	s__Campylobacter_B_sp900539505	NA	NA	NA	0	NA	NA	NA	0	NA	NA	NA	NA	0	1	0	-	NA	fixed	NA	none	0	False	containment 0.00 < 0.5; only 0/1 enzymes produced a fit; no PTR estimate	BcgI:only 0 windows after outlier trimming	no enzyme produced a usable estimate
SF003.BcgI	GCA_900539555.1	s__Streptococcus_mitis_BB	NA	NA	NA	0	NA	NA	NA	0	NA	NA	NA	NA	0	1	0	-	NA	fixed	NA	none	0	False	containment 0.00 < 0.5; only 0/1 enzymes produced a fit; no PTR estimate	BcgI:only 0 windows after outlier trimming	no enzyme produced a usable estimate
SF003.BcgI	GCA_900539805.1	s__Phyllobacterium_sp900539805	NA	NA	NA	0	NA	NA	NA	0	NA	NA	NA	NA	0	1	0	-	NA	fixed	NA	none	0	False	containment 0.00 < 0.5; only 0/1 enzymes produced a fit; no PTR estimate	BcgI:only 0 windows after outlier trimming	no enzyme produced a usable estimate
SF003.BcgI	GCA_900540375.1	s__Prevotella_sp900540375	NA	NA	NA	0	NA	NA	NA	0	NA	NA	NA	NA	0	1	0	-	NA	fixed	NA	none	0	False	containment 0.00 < 0.5; only 0/1 enzymes produced a fit; no PTR estimate	BcgI:only 0 windows after outlier trimming	no enzyme produced a usable estimate
SF003.BcgI	GCA_900540565.1	s__Pauljensenia_sp001838165	81.36185656	22.40784207	0.0406977119	0.02009377093	1.49799033	0.5830283108	NA	819	0.9765562832	1.147157888	-1.665359834	2.831416455	1	1	1	BcgI	NA	fixed	1738100	glm	17	False	fraction 0.04 < 0.75; dispersion 22.41 > 5.0; containment 0.02 < 0.5	-	single enzyme: no cross-enzyme consistency check available
SF003.BcgI	GCA_900541895.1	s__Pauljensenia_sp900541895	38.92753417	19.83726131	0.07737090064	0.03440366972	1.923443244	0.9436912597	NA	674	0.9952516684	0.6961622915	-0.420761759	2.308144278	1	1	1	BcgI	NA	fixed	874542.5925	glm	23	False	fraction 0.08 < 0.75; dispersion 19.84 > 5.0; containment 0.03 < 0.5	-	single enzyme: no cross-enzyme consistency check available
SF003.BcgI	GCA_900542465.1	s__UBA4285_sp900542465	NA	NA	NA	0	NA	NA	NA	0	NA	NA	NA	NA	0	1	0	-	NA	fixed	NA	none	0	False	containment 0.00 < 0.5; only 0/1 enzymes produced a fit; no PTR estimate	BcgI:only 0 windows after outlier trimming	no enzyme produced a usable estimate
SF003.BcgI	GCA_900546865.1	s__Rothia_terrae	NA	NA	NA	0	NA	NA	NA	0	NA	NA	NA	NA	0	1	0	-	NA	fixed	NA	none	0	False	containment 0.00 < 0.5; only 0/1 enzymes produced a fit; no PTR estimate	BcgI:only 0 windows after outlier trimming	no enzyme produced a usable estimate
SF003.BcgI	GCA_900549805.1	s__Veillonella_sp900549805	NA	NA	NA	0	NA	NA	NA	0	NA	NA	NA	NA	0	1	0	-	NA	fixed	NA	none	0	False	containment 0.00 < 0.5; only 0/1 enzymes produced a fit; no PTR estimate	BcgI:only 0 windows after outlier trimming	no enzyme produced a usable estimate
SF003.BcgI	GCA_900549845.1	s__Veillonella_sp900549845	NA	NA	NA	0.03846153846	NA	NA	NA	0	NA	NA	NA	NA	0	1	0	-	NA	fixed	NA	none	0	False	containment 0.04 < 0.5; only 0/1 enzymes produced a fit; no PTR estimate	BcgI:only 10 anchors (< 30)	no enzyme produced a usable estimate
SF003.BcgI	GCA_900550175.1	s__Veillonella_sp900550175	NA	NA	NA	0.003831417625	NA	NA	NA	0	NA	NA	NA	NA	0	1	0	-	NA	fixed	NA	none	0	False	containment 0.00 < 0.5; only 0/1 enzymes produced a fit; no PTR estimate	BcgI:only 1 windows after outlier trimming	no enzyme produced a usable estimate
SF003.BcgI	GCA_900550455.1	s__Veillonella_sp900550455	NA	NA	NA	0	NA	NA	NA	0	NA	NA	NA	NA	0	1	0	-	NA	fixed	NA	none	0	False	containment 0.00 < 0.5; only 0/1 enzymes produced a fit; no PTR estimate	BcgI:only 0 windows after outlier trimming	no enzyme produced a usable estimate
SF003.BcgI	GCA_900551535.1	s__Granulicatella_sp900551535	41.95588235	11.88848726	0.4957983193	0.09059233449	1.788365262	0.8386414277	NA	61	0.9847485635	0.6325913226	-0.4012147817	2.078497637	1	1	1	BcgI	NA	fixed	181097.3189	glm	17	False	fraction 0.50 < 0.75; dispersion 11.89 > 5.0; containment 0.09 < 0.5	-	single enzyme: no cross-enzyme consistency check available
SF003.BcgI	GCA_900552445.1	s__Veillonella_sp900552445	119.9021762	125.4834836	0.6968085106	0.2142857143	2.112023917	1.078626172	NA	95	0.99912674	0.9613822166	-0.805648348	2.962900692	1	1	1	BcgI	NA	fixed	135033.1733	glm	47	False	fraction 0.70 < 0.75; dispersion 125.48 > 5.0; containment 0.21 < 0.5	-	single enzyme: no cross-enzyme consistency check available
SF003.BcgI	GCA_900552715.1	s__Veillonella_sp900552715	NA	NA	NA	0	NA	NA	NA	0	NA	NA	NA	NA	0	1	0	-	NA	fixed	NA	none	0	False	containment 0.00 < 0.5; only 0/1 enzymes produced a fit; no PTR estimate	BcgI:only 0 windows after outlier trimming	no enzyme produced a usable estimate
SF003.BcgI	GCA_900554555.1	s__Bulleidia_sp900554555	NA	NA	NA	0.005128205128	NA	NA	NA	0	NA	NA	NA	NA	0	1	0	-	NA	fixed	NA	none	0	False	containment 0.01 < 0.5; only 0/1 enzymes produced a fit; no PTR estimate	BcgI:only 1 windows after outlier trimming	no enzyme produced a usable estimate
SF003.BcgI	GCA_900554605.1	s__Pauljensenia_sp900554605	21.58301204	NA	0.3237554113	0.01616915423	2.75554905	1.462339808	NA	82	0.9754817674	0.6157023278	0.2555854204	2.669094196	1	1	1	BcgI	NA	fixed	163908.6261	glm	12	False	fraction 0.32 < 0.75; containment 0.02 < 0.5	-	single enzyme: no cross-enzyme consistency check available
SF003.BcgI	GCA_900555155.1	s__Streptococcus_sp900555155	NA	NA	NA	0.01538461538	NA	NA	NA	0	NA	NA	NA	NA	0	1	0	-	NA	fixed	NA	none	0	False	containment 0.02 < 0.5; only 0/1 enzymes produced a fit; no PTR estimate	BcgI:only 2 windows after outlier trimming	no enzyme produced a usable estimate
SF003.BcgI	GCA_900555245.1	s__Dialister_sp900555245	NA	NA	NA	0	NA	NA	NA	0	NA	NA	NA	NA	0	1	0	-	NA	fixed	NA	none	0	False	containment 0.00 < 0.5; only 0/1 enzymes produced a fit; no PTR estimate	BcgI:only 0 windows after outlier trimming	no enzyme produced a usable estimate
SF003.BcgI	GCA_900555335.1	s__Lancefieldella_sp900555335	NA	NA	NA	0.005263157895	NA	NA	NA	0	NA	NA	NA	NA	0	1	0	-	NA	fixed	NA	none	0	False	containment 0.01 < 0.5; only 0/1 enzymes produced a fit; no PTR estimate	BcgI:only 2 windows after outlier trimming	no enzyme produced a usable estimate
SF003.BcgI	GCA_900555945.1	s__UMGS1907_sp900555945	71.77272727	50.75473266	0.241850725	0.1218487395	2.734760216	1.451414343	NA	129	0.9981206865	0.7139479531	0.05210206789	2.850726618	1	1	1	BcgI	NA	fixed	194829.1667	glm	11	False	fraction 0.24 < 0.75; dispersion 50.75 > 5.0; containment 0.12 < 0.5	-	single enzyme: no cross-enzyme consistency check available
SF003.BcgI	GCA_900555985.1	s__Gemella_sp900555985	NA	NA	NA	0	NA	NA	NA	0	NA	NA	NA	NA	0	1	0	-	NA	fixed	NA	none	0	False	containment 0.00 < 0.5; only 0/1 enzymes produced a fit; no PTR estimate	BcgI:only 0 windows after outlier trimming	no enzyme produced a usable estimate
SF003.BcgI	GCA_900556165.1	s__UMGS1907_sp900556165	NA	NA	NA	0	NA	NA	NA	0	NA	NA	NA	NA	0	1	0	-	NA	fixed	NA	none	0	False	containment 0.00 < 0.5; only 0/1 enzymes produced a fit; no PTR estimate	BcgI:only 0 windows after outlier trimming	no enzyme produced a usable estimate
SF003.BcgI	GCA_900556405.1	s__Pauljensenia_sp900556405	228.1153837	25.01654901	0.2571275946	0.01255539143	50.61623964	5.661528426	NA	103	0.9998779477	3.412936855	-1.027704891	12.35076174	1	1	1	BcgI	NA	fixed	577482.51	glm	13	False	fraction 0.26 < 0.75; dispersion 25.02 > 5.0; containment 0.01 < 0.5	-	single enzyme: no cross-enzyme consistency check available
SF003.BcgI	GCA_900556785.1	s__Veillonella_sp900556785	NA	NA	NA	0.0234375	NA	NA	NA	0	NA	NA	NA	NA	0	1	0	-	NA	fixed	NA	none	0	False	containment 0.02 < 0.5; only 0/1 enzymes produced a fit; no PTR estimate	BcgI:only 3 windows after outlier trimming	no enzyme produced a usable estimate
SF003.BcgI	GCA_900557325.1	s__Streptococcus_rubneri	NA	NA	NA	0.05747126437	NA	NA	NA	0	NA	NA	NA	NA	0	1	0	-	NA	fixed	NA	none	0	False	containment 0.06 < 0.5; only 0/1 enzymes produced a fit; no PTR estimate	BcgI:only 11 anchors (< 30)	no enzyme produced a usable estimate
SF003.BcgI	GCA_900755085.1	s__Streptococcus_sp900755085	NA	NA	NA	0.01492537313	NA	NA	NA	0	NA	NA	NA	NA	0	1	0	-	NA	fixed	NA	none	0	False	containment 0.01 < 0.5; only 0/1 enzymes produced a fit; no PTR estimate	BcgI:only 3 windows after outlier trimming	no enzyme produced a usable estimate
SF003.BcgI	GCA_900755465.1	s__Rothia_sp902373285	36.99748353	NA	0.09403881436	0.004851004851	2.296008474	1.199127967	NA	126	0.9420302096	1.646688127	-2.028321457	4.42657739	1	1	1	BcgI	NA	fixed	1568324.518	glm	6	False	fraction 0.09 < 0.75; containment 0.00 < 0.5	-	single enzyme: no cross-enzyme consistency check available
SF003.BcgI	GCA_900755475.1	s__Streptococcus_sp900543065	29	NA	0.2160368871	0.02433090024	1.585114634	0.6645871784	NA	47	0.76571143	0.3089034678	0.05914750673	1.27002685	1	1	1	BcgI	NA	fixed	593589.5544	glm	6	False	fraction 0.22 < 0.75; containment 0.02 < 0.5	-	single enzyme: no cross-enzyme consistency check available
SF003.BcgI	GCA_900757715.1	s__Veillonella_sp900757715	109.3075359	11.04799548	0.3898065476	0.04611650485	8.01204264	3.002170099	NA	97	0.9944827864	0.9522231463	1.135847027	4.868493171	1	1	1	BcgI	NA	fixed	1367051.216	glm	16	False	fraction 0.39 < 0.75; dispersion 11.05 > 5.0; containment 0.05 < 0.5	-	single enzyme: no cross-enzyme consistency check available
SF003.BcgI	GCA_900758605.1	s__Bacteroides_sp900552405	NA	NA	NA	0	NA	NA	NA	0	NA	NA	NA	NA	0	1	0	-	NA	fixed	NA	none	0	False	containment 0.00 < 0.5; only 0/1 enzymes produced a fit; no PTR estimate	BcgI:only 0 windows after outlier trimming	no enzyme produced a usable estimate
SF003.BcgI	GCA_900759325.1	s__Peptostreptococcus_sp900759325	NA	NA	NA	0	NA	NA	NA	0	NA	NA	NA	NA	0	1	0	-	NA	fixed	NA	none	0	False	containment 0.00 < 0.5; only 0/1 enzymes produced a fit; no PTR estimate	BcgI:only 0 windows after outlier trimming	no enzyme produced a usable estimate
SF003.BcgI	GCA_900765235.1	s__Veillonella_sp900765235	NA	NA	NA	0.02040816327	NA	NA	NA	0	NA	NA	NA	NA	0	1	0	-	NA	fixed	NA	none	0	False	containment 0.02 < 0.5; only 0/1 enzymes produced a fit; no PTR estimate	BcgI:only 2 windows after outlier trimming	no enzyme produced a usable estimate
SF003.BcgI	GCA_900766125.1	s__Veillonella_sp900766125	NA	NA	NA	0.01526717557	NA	NA	NA	0	NA	NA	NA	NA	0	1	0	-	NA	fixed	NA	none	0	False	containment 0.02 < 0.5; only 0/1 enzymes produced a fit; no PTR estimate	BcgI:only 2 windows after outlier trimming	no enzyme produced a usable estimate
SF003.BcgI	GCA_900766185.1	s__Johnsonella_sp900766185	NA	NA	NA	0.004175365344	NA	NA	NA	0	NA	NA	NA	NA	0	1	0	-	NA	fixed	NA	none	0	False	containment 0.00 < 0.5; only 0/1 enzymes produced a fit; no PTR estimate	BcgI:only 2 windows after outlier trimming	no enzyme produced a usable estimate
SF003.BcgI	GCA_900766305.1	s__Gemella_sp900766305	NA	NA	NA	0	NA	NA	NA	0	NA	NA	NA	NA	0	1	0	-	NA	fixed	NA	none	0	False	containment 0.00 < 0.5; only 0/1 enzymes produced a fit; no PTR estimate	BcgI:only 0 windows after outlier trimming	no enzyme produced a usable estimate
SF003.BcgI	GCA_900766345.1	s__Corynebacterium_sp900539985	NA	NA	NA	0	NA	NA	NA	0	NA	NA	NA	NA	0	1	0	-	NA	fixed	NA	none	0	False	containment 0.00 < 0.5; only 0/1 enzymes produced a fit; no PTR estimate	BcgI:only 0 windows after outlier trimming	no enzyme produced a usable estimate
SF003.BcgI	GCA_900766415.1	s__Veillonella_sp009929605	NA	NA	NA	0	NA	NA	NA	0	NA	NA	NA	NA	0	1	0	-	NA	fixed	NA	none	0	False	containment 0.00 < 0.5; only 0/1 enzymes produced a fit; no PTR estimate	BcgI:only 0 windows after outlier trimming	no enzyme produced a usable estimate
SF003.BcgI	GCA_901420285.1	s__Rodentibacter_sp901420285	NA	NA	NA	0.0008012820513	NA	NA	NA	0	NA	NA	NA	NA	0	1	0	-	NA	fixed	NA	none	0	False	containment 0.00 < 0.5; only 0/1 enzymes produced a fit; no PTR estimate	BcgI:only 1 windows after outlier trimming	no enzyme produced a usable estimate
SF003.BcgI	GCA_902373375.1	s__Lancefieldella_sp902373375	NA	NA	NA	0	NA	NA	NA	0	NA	NA	NA	NA	0	1	0	-	NA	fixed	NA	none	0	False	containment 0.00 < 0.5; only 0/1 enzymes produced a fit; no PTR estimate	BcgI:only 0 windows after outlier trimming	no enzyme produced a usable estimate
SF003.BcgI	GCA_902373385.1	s__Methylobacterium_sp002778835	NA	NA	NA	0	NA	NA	NA	0	NA	NA	NA	NA	0	1	0	-	NA	fixed	NA	none	0	False	containment 0.00 < 0.5; only 0/1 enzymes produced a fit; no PTR estimate	BcgI:only 0 windows after outlier trimming	no enzyme produced a usable estimate
SF003.BcgI	GCA_902373395.1	s__Rothia_mucilaginosa_B	76.47751788	47.17006468	0.4460270028	0.1299559471	2.764273416	1.466900321	NA	367	0.9998176096	0.5797114204	0.3306868155	2.603113826	1	1	1	BcgI	NA	fixed	534388.3889	glm	83	False	fraction 0.45 < 0.75; dispersion 47.17 > 5.0; containment 0.13 < 0.5	-	single enzyme: no cross-enzyme consistency check available
SF003.BcgI	GCA_902373435.1	s__Pauljensenia_sp902373435	105.7702132	68.81968812	0.1385892996	0.02151198525	4.895051441	2.291324021	NA	350	0.9993727422	1.076022617	0.1823584458	4.400289596	1	1	1	BcgI	NA	fixed	1725225.45	glm	27	False	fraction 0.14 < 0.75; dispersion 68.82 > 5.0; containment 0.02 < 0.5	-	single enzyme: no cross-enzyme consistency check available
SF003.BcgI	GCA_902373455.1	s__Streptococcus_sp902373455	NA	NA	NA	0.02189781022	NA	NA	NA	0	NA	NA	NA	NA	0	1	0	-	NA	fixed	NA	none	0	False	containment 0.02 < 0.5; only 0/1 enzymes produced a fit; no PTR estimate	BcgI:only 3 windows after outlier trimming	no enzyme produced a usable estimate
SF003.BcgI	GCA_902373545.1	s__Pauljensenia_sp902373545	23.11105028	12.06109372	0.1235056915	0.02028081123	1.491638754	0.5768981855	NA	554	0.9580590104	0.6373698181	-0.6723237028	1.826120074	1	1	1	BcgI	NA	fixed	783484.4933	glm	24	False	fraction 0.12 < 0.75; dispersion 12.06 > 5.0; containment 0.02 < 0.5	-	single enzyme: no cross-enzyme consistency check available
SF003.BcgI	GCA_902373585.1	s__Veillonella_dispar	NA	NA	NA	0.007299270073	NA	NA	NA	0	NA	NA	NA	NA	0	1	0	-	NA	fixed	NA	none	0	False	containment 0.01 < 0.5; only 0/1 enzymes produced a fit; no PTR estimate	BcgI:only 1 windows after outlier trimming	no enzyme produced a usable estimate
SF003.BcgI	GCA_902406185.1	s__Streptococcus_sp900550895	NA	NA	NA	0.03174603175	NA	NA	NA	0	NA	NA	NA	NA	0	1	0	-	NA	fixed	NA	none	0	False	containment 0.03 < 0.5; only 0/1 enzymes produced a fit; no PTR estimate	BcgI:only 3 windows after outlier trimming	no enzyme produced a usable estimate
SF003.BcgI	GCA_902406255.1	s__Veillonella_sp900545205	NA	NA	NA	0.01886792453	NA	NA	NA	0	NA	NA	NA	NA	0	1	0	-	NA	fixed	NA	none	0	False	containment 0.02 < 0.5; only 0/1 enzymes produced a fit; no PTR estimate	BcgI:only 1 windows after outlier trimming	no enzyme produced a usable estimate
SF003.BcgI	GCA_902406345.1	s__Anaeroglobus_micronuciformis	NA	NA	NA	0	NA	NA	NA	0	NA	NA	NA	NA	0	1	0	-	NA	fixed	NA	none	0	False	containment 0.00 < 0.5; only 0/1 enzymes produced a fit; no PTR estimate	BcgI:only 0 windows after outlier trimming	no enzyme produced a usable estimate
SF003.BcgI	GCA_902498835.1	s__Chlamydophila_avium	NA	NA	NA	0	NA	NA	NA	0	NA	NA	NA	NA	0	1	0	-	NA	fixed	NA	none	0	False	containment 0.00 < 0.5; only 0/1 enzymes produced a fit; no PTR estimate	BcgI:only 0 windows after outlier trimming	no enzyme produced a usable estimate
SF003.BcgI	GCA_902756015.1	s__UBA3839_sp900321835	NA	NA	NA	0.0003260515161	NA	NA	NA	0	NA	NA	NA	NA	0	1	0	-	NA	fixed	NA	none	0	False	containment 0.00 < 0.5; only 0/1 enzymes produced a fit; no PTR estimate	BcgI:only 1 windows after outlier trimming	no enzyme produced a usable estimate
SF003.BcgI	GCA_902759415.1	s__UBA3663_sp900319235	NA	NA	NA	0	NA	NA	NA	0	NA	NA	NA	NA	0	1	0	-	NA	fixed	NA	none	0	False	containment 0.00 < 0.5; only 0/1 enzymes produced a fit; no PTR estimate	BcgI:only 0 windows after outlier trimming	no enzyme produced a usable estimate
SF003.BcgI	GCA_903823475.1	s__Limnohabitans_sp903880855	NA	NA	NA	0	NA	NA	NA	0	NA	NA	NA	NA	0	1	0	-	NA	fixed	NA	none	0	False	containment 0.00 < 0.5; only 0/1 enzymes produced a fit; no PTR estimate	BcgI:only 0 windows after outlier trimming	no enzyme produced a usable estimate
SF003.BcgI	GCA_903924425.1	s__UBA4615_sp903903975	NA	NA	NA	0.0001362769147	NA	NA	NA	0	NA	NA	NA	NA	0	1	0	-	NA	fixed	NA	none	0	False	containment 0.00 < 0.5; only 0/1 enzymes produced a fit; no PTR estimate	BcgI:only 1 windows after outlier trimming	no enzyme produced a usable estimate
SF003.BcgI	GCF_000011305.1	s__Corynebacterium_efficiens	NA	NA	NA	0	NA	NA	NA	0	NA	NA	NA	NA	0	1	0	-	NA	fixed	NA	none	0	False	containment 0.00 < 0.5; only 0/1 enzymes produced a fit; no PTR estimate	BcgI:only 0 windows after outlier trimming	no enzyme produced a usable estimate
SF003.BcgI	GCF_000015165.1	s__Bradyrhizobium_sp000015165	NA	NA	NA	0	NA	NA	NA	0	NA	NA	NA	NA	0	1	0	-	NA	fixed	NA	none	0	False	containment 0.00 < 0.5; only 0/1 enzymes produced a fit; no PTR estimate	BcgI:only 0 windows after outlier trimming	no enzyme produced a usable estimate
SF003.BcgI	GCF_000023845.1	s__Cryptobacterium_curtum	NA	NA	NA	0	NA	NA	NA	0	NA	NA	NA	NA	0	1	0	-	NA	fixed	NA	none	0	False	containment 0.00 < 0.5; only 0/1 enzymes produced a fit; no PTR estimate	BcgI:only 0 windows after outlier trimming	no enzyme produced a usable estimate
SF003.BcgI	GCF_000023905.1	s__Leptotrichia_buccalis	NA	NA	NA	0	NA	NA	NA	0	NA	NA	NA	NA	0	1	0	-	NA	fixed	NA	none	0	False	containment 0.00 < 0.5; only 0/1 enzymes produced a fit; no PTR estimate	BcgI:only 0 windows after outlier trimming	no enzyme produced a usable estimate
SF003.BcgI	GCF_000024225.1	s__Lancefieldella_parvula	NA	NA	NA	0	NA	NA	NA	0	NA	NA	NA	NA	0	1	0	-	NA	fixed	NA	none	0	False	containment 0.00 < 0.5; only 0/1 enzymes produced a fit; no PTR estimate	BcgI:only 0 windows after outlier trimming	no enzyme produced a usable estimate
SF003.BcgI	GCF_000027165.1	s__Streptococcus_mitis_AR	NA	NA	NA	0	NA	NA	NA	0	NA	NA	NA	NA	0	1	0	-	NA	fixed	NA	none	0	False	containment 0.00 < 0.5; only 0/1 enzymes produced a fit; no PTR estimate	BcgI:only 0 windows after outlier trimming	no enzyme produced a usable estimate
SF003.BcgI	GCF_000090875.1	s__Neisseria_sp000090875	687.0518791	25.4707265	0.02626081634	0.008817046289	4.06043017	2.021632577	NA	441	0.9998380252	2.854039003	-3.572181079	7.615446233	1	1	1	BcgI	NA	fixed	2123605.178	glm	8	False	fraction 0.03 < 0.75; dispersion 25.47 > 5.0; containment 0.01 < 0.5	-	single enzyme: no cross-enzyme consistency check available
SF003.BcgI	GCF_000143845.1	s__Olsenella_uli	NA	NA	NA	0	NA	NA	NA	0	NA	NA	NA	NA	0	1	0	-	NA	fixed	NA	none	0	False	containment 0.00 < 0.5; only 0/1 enzymes produced a fit; no PTR estimate	BcgI:only 0 windows after outlier trimming	no enzyme produced a usable estimate
SF003.BcgI	GCF_000146585.1	s__Streptococcus_mitis_AZ	NA	NA	NA	0.009615384615	NA	NA	NA	0	NA	NA	NA	NA	0	1	0	-	NA	fixed	NA	none	0	False	containment 0.01 < 0.5; only 0/1 enzymes produced a fit; no PTR estimate	BcgI:only 1 windows after outlier trimming	no enzyme produced a usable estimate
SF003.BcgI	GCF_000147675.1	s__Peptostreptococcus_stomatis	NA	NA	NA	0	NA	NA	NA	0	NA	NA	NA	NA	0	1	0	-	NA	fixed	NA	none	0	False	containment 0.00 < 0.5; only 0/1 enzymes produced a fit; no PTR estimate	BcgI:only 0 windows after outlier trimming	no enzyme produced a usable estimate
SF003.BcgI	GCF_000148525.1	s__Streptococcus_mitis_H	NA	NA	NA	0	NA	NA	NA	0	NA	NA	NA	NA	0	1	0	-	NA	fixed	NA	none	0	False	containment 0.00 < 0.5; only 0/1 enzymes produced a fit; no PTR estimate	BcgI:only 0 windows after outlier trimming	no enzyme produced a usable estimate
SF003.BcgI	GCF_000148545.1	s__Streptococcus_mitis_C	NA	NA	NA	0	NA	NA	NA	0	NA	NA	NA	NA	0	1	0	-	NA	fixed	NA	none	0	False	containment 0.00 < 0.5; only 0/1 enzymes produced a fit; no PTR estimate	BcgI:only 0 windows after outlier trimming	no enzyme produced a usable estimate
SF003.BcgI	GCF_000148975.1	s__Streptococcus_pseudopneumoniae_M	NA	NA	NA	0.02803738318	NA	NA	NA	0	NA	NA	NA	NA	0	1	0	-	NA	fixed	NA	none	0	False	containment 0.03 < 0.5; only 0/1 enzymes produced a fit; no PTR estimate	BcgI:only 3 windows after outlier trimming	no enzyme produced a usable estimate
SF003.BcgI	GCF_000154225.1	s__Pauljensenia_odontolytica_A	267.2473519	1282.564152	0.3407621331	0.3386683739	4.287156558e+50	168.1964258	NA	1500	0.9999999987	0.72339307	166.7786015	169.6142502	1	1	1	BcgI	NA	fixed	1143646.569	glm	24	False	fraction 0.34 < 0.75; dispersion 1282.56 > 5.0; containment 0.34 < 0.5	-	single enzyme: no cross-enzyme consistency check available
SF003.BcgI	GCF_000156615.2	s__Corynebacterium_tuberculostearicum	NA	NA	NA	0	NA	NA	NA	0	NA	NA	NA	NA	0	1	0	-	NA	fixed	NA	none	0	False	containment 0.00 < 0.5; only 0/1 enzymes produced a fit; no PTR estimate	BcgI:only 0 windows after outlier trimming	no enzyme produced a usable estimate
SF003.BcgI	GCF_000158215.3	s__Fusobacterium_periodonticum_D	NA	NA	NA	0.1346153846	NA	NA	NA	0	NA	NA	NA	NA	0	1	0	-	NA	fixed	NA	none	0	False	containment 0.13 < 0.5; only 0/1 enzymes produced a fit; no PTR estimate	BcgI:only 4 windows after outlier trimming	no enzyme produced a usable estimate
SF003.BcgI	GCF_000159435.1	s__Limosilactobacillus_vaginalis	25.77380952	7.287428859	0.07015306122	0.0325203252	10.34471647	3.370822199	NA	192	0.9925959428	0.5441250327	2.304356731	4.437287666	1	1	1	BcgI	NA	fixed	978272.4344	glm	7	False	fraction 0.07 < 0.75; dispersion 7.29 > 5.0; containment 0.03 < 0.5	-	single enzyme: no cross-enzyme consistency check available
SF003.BcgI	GCF_000159995.1	s__Alloprevotella_tannerae	NA	NA	NA	0	NA	NA	NA	0	NA	NA	NA	NA	0	1	0	-	NA	fixed	NA	none	0	False	containment 0.00 < 0.5; only 0/1 enzymes produced a fit; no PTR estimate	BcgI:only 0 windows after outlier trimming	no enzyme produced a usable estimate
SF003.BcgI	GCF_000160035.2	s__Catonella_morbi	NA	NA	NA	0	NA	NA	NA	0	NA	NA	NA	NA	0	1	0	-	NA	fixed	NA	none	0	False	containment 0.00 < 0.5; only 0/1 enzymes produced a fit; no PTR estimate	BcgI:only 0 windows after outlier trimming	no enzyme produced a usable estimate
SF003.BcgI	GCF_000160055.1	s__Dialister_invisus	NA	NA	NA	0	NA	NA	NA	0	NA	NA	NA	NA	0	1	0	-	NA	fixed	NA	none	0	False	containment 0.00 < 0.5; only 0/1 enzymes produced a fit; no PTR estimate	BcgI:only 0 windows after outlier trimming	no enzyme produced a usable estimate
SF003.BcgI	GCF_000160115.1	s__Shuttleworthia_satelles	NA	NA	NA	0	NA	NA	NA	0	NA	NA	NA	NA	0	1	0	-	NA	fixed	NA	none	0	False	containment 0.00 < 0.5; only 0/1 enzymes produced a fit; no PTR estimate	BcgI:only 0 windows after outlier trimming	no enzyme produced a usable estimate
SF003.BcgI	GCF_000160135.1	s__Oribacterium_sp000160135	NA	NA	NA	0	NA	NA	NA	0	NA	NA	NA	NA	0	1	0	-	NA	fixed	NA	none	0	False	containment 0.00 < 0.5; only 0/1 enzymes produced a fit; no PTR estimate	BcgI:only 0 windows after outlier trimming	no enzyme produced a usable estimate
SF003.BcgI	GCF_000160435.1	s__Kingella_B_oralis	NA	NA	NA	0.0005980861244	NA	NA	NA	0	NA	NA	NA	NA	0	1	0	-	NA	fixed	NA	none	0	False	containment 0.00 < 0.5; only 0/1 enzymes produced a fit; no PTR estimate	BcgI:only 0 windows after outlier trimming	no enzyme produced a usable estimate
SF003.BcgI	GCF_000160635.1	s__Oribacterium_sinus	22.31430077	6.4	0.04694444444	0.01401050788	2.667507056	1.415492087	NA	149	0.9631645149	1.144492584	-0.8276721587	3.658656333	1	1	1	BcgI	NA	fixed	907377.4886	glm	6	False	fraction 0.05 < 0.75; dispersion 6.40 > 5.0; containment 0.01 < 0.5	-	single enzyme: no cross-enzyme consistency check available
SF003.BcgI	GCF_000160695.1	s__Centipeda_flueggei	NA	NA	NA	0	NA	NA	NA	0	NA	NA	NA	NA	0	1	0	-	NA	fixed	NA	none	0	False	containment 0.00 < 0.5; only 0/1 enzymes produced a fit; no PTR estimate	BcgI:only 0 windows after outlier trimming	no enzyme produced a usable estimate
SF003.BcgI	GCF_000161975.1	s__Eubacterium_N_saphenum	NA	NA	NA	0	NA	NA	NA	0	NA	NA	NA	NA	0	1	0	-	NA	fixed	NA	none	0	False	containment 0.00 < 0.5; only 0/1 enzymes produced a fit; no PTR estimate	BcgI:only 0 windows after outlier trimming	no enzyme produced a usable estimate
SF003.BcgI	GCF_000162455.1	s__Prevotella_buccae	NA	NA	NA	0	NA	NA	NA	0	NA	NA	NA	NA	0	1	0	-	NA	fixed	NA	none	0	False	containment 0.00 < 0.5; only 0/1 enzymes produced a fit; no PTR estimate	BcgI:only 0 windows after outlier trimming	no enzyme produced a usable estimate
SF003.BcgI	GCF_000162475.2	s__Granulicatella_elegans	NA	NA	NA	0	NA	NA	NA	0	NA	NA	NA	NA	0	1	0	-	NA	fixed	NA	none	0	False	containment 0.00 < 0.5; only 0/1 enzymes produced a fit; no PTR estimate	BcgI:only 0 windows after outlier trimming	no enzyme produced a usable estimate
SF003.BcgI	GCF_000162935.1	s__Prevotella_veroralis	NA	NA	NA	0.001280409731	NA	NA	NA	0	NA	NA	NA	NA	0	1	0	-	NA	fixed	NA	none	0	False	containment 0.00 < 0.5; only 0/1 enzymes produced a fit; no PTR estimate	BcgI:only 1 windows after outlier trimming	no enzyme produced a usable estimate
SF003.BcgI	GCF_000163055.2	s__Prevotella_sp000163055	NA	NA	NA	0.001215066829	NA	NA	NA	0	NA	NA	NA	NA	0	1	0	-	NA	fixed	NA	none	0	False	containment 0.00 < 0.5; only 0/1 enzymes produced a fit; no PTR estimate	BcgI:only 1 windows after outlier trimming	no enzyme produced a usable estimate
SF003.BcgI	GCF_000163475.1	s__Pasteurella_dagmatis	NA	NA	NA	0	NA	NA	NA	0	NA	NA	NA	NA	0	1	0	-	NA	fixed	NA	none	0	False	containment 0.00 < 0.5; only 0/1 enzymes produced a fit; no PTR estimate	BcgI:only 0 windows after outlier trimming	no enzyme produced a usable estimate
SF003.BcgI	GCF_000163695.1	s__F0058_sp000163695	NA	NA	NA	0.0006609385327	NA	NA	NA	0	NA	NA	NA	NA	0	1	0	-	NA	fixed	NA	none	0	False	containment 0.00 < 0.5; only 0/1 enzymes produced a fit; no PTR estimate	BcgI:only 0 windows after outlier trimming	no enzyme produced a usable estimate
SF003.BcgI	GCF_000163835.1	s__Parascardovia_denticolens	14.81473526	16.46644836	0.04359756098	0.01688182721	2.497374401	1.320412123	NA	321	0.8670868462	2.27124915	-3.131154411	5.771978658	1	1	1	BcgI	NA	fixed	891701.78	glm	8	False	fraction 0.04 < 0.75; dispersion 16.47 > 5.0; containment 0.02 < 0.5	-	single enzyme: no cross-enzyme consistency check available
SF003.BcgI	GCF_000163895.2	s__Filifactor_alocis	NA	NA	NA	0	NA	NA	NA	0	NA	NA	NA	NA	0	1	0	-	NA	fixed	NA	none	0	False	containment 0.00 < 0.5; only 0/1 enzymes produced a fit; no PTR estimate	BcgI:only 0 windows after outlier trimming	no enzyme produced a usable estimate
SF003.BcgI	GCF_000173895.1	s__Neisseria_cinerea	NA	NA	NA	0.008168028005	NA	NA	NA	0	NA	NA	NA	NA	0	1	0	-	NA	fixed	NA	none	0	False	containment 0.01 < 0.5; only 0/1 enzymes produced a fit; no PTR estimate	BcgI:only 4 windows after outlier trimming	no enzyme produced a usable estimate
SF003.BcgI	GCF_000173915.1	s__Gemella_haemolysans	NA	NA	NA	0	NA	NA	NA	0	NA	NA	NA	NA	0	1	0	-	NA	fixed	NA	none	0	False	containment 0.00 < 0.5; only 0/1 enzymes produced a fit; no PTR estimate	BcgI:only 0 windows after outlier trimming	no enzyme produced a usable estimate
SF003.BcgI	GCF_000174655.1	s__Neisseria_sicca	425.1352824	615.007748	0.1133454795	0.05714285714	1.717863336	0.7806152679	NA	180	1	1.993549124	-3.126669216	4.687899751	1	1	1	BcgI	NA	fixed	1838413.606	glm	11	False	fraction 0.11 < 0.75; dispersion 615.01 > 5.0; containment 0.06 < 0.5	-	single enzyme: no cross-enzyme consistency check available
SF003.BcgI	GCF_000174755.1	s__Capnocytophaga_gingivalis	103.6789719	145.9799478	0.3504510736	0.3186180422	8.94632426	3.16129505	NA	484	0.226511959	0.8157308408	1.562491981	4.760098119	1	1	1	BcgI	NA	fixed	131769.1167	glm	25	False	fraction 0.35 < 0.75; dispersion 145.98 > 5.0; containment 0.32 < 0.5	-	single enzyme: no cross-enzyme consistency check available
SF003.BcgI	GCF_000175375.1	s__Corynebacterium_matruchotii	NA	NA	NA	0	NA	NA	NA	0	NA	NA	NA	NA	0	1	0	-	NA	fixed	NA	none	0	False	containment 0.00 < 0.5; only 0/1 enzymes produced a fit; no PTR estimate	BcgI:only 0 windows after outlier trimming	no enzyme produced a usable estimate
SF003.BcgI	GCF_000175635.1	s__Corynebacterium_tuberculostearicum_C	NA	NA	NA	0	NA	NA	NA	0	NA	NA	NA	NA	0	1	0	-	NA	fixed	NA	none	0	False	containment 0.00 < 0.5; only 0/1 enzymes produced a fit; no PTR estimate	BcgI:only 0 windows after outlier trimming	no enzyme produced a usable estimate
SF003.BcgI	GCF_000175875.1	s__Campylobacter_B_gracilis	NA	NA	NA	0	NA	NA	NA	0	NA	NA	NA	NA	0	1	0	-	NA	fixed	NA	none	0	False	containment 0.00 < 0.5; only 0/1 enzymes produced a fit; no PTR estimate	BcgI:only 0 windows after outlier trimming	no enzyme produced a usable estimate
SF003.BcgI	GCF_000177055.1	s__Prevotella_timonensis_A	NA	NA	NA	0	NA	NA	NA	0	NA	NA	NA	NA	0	1	0	-	NA	fixed	NA	none	0	False	containment 0.00 < 0.5; only 0/1 enzymes produced a fit; no PTR estimate	BcgI:only 0 windows after outlier trimming	no enzyme produced a usable estimate
SF003.BcgI	GCF_000177375.1	s__Bulleidia_extructa	NA	NA	NA	0	NA	NA	NA	0	NA	NA	NA	NA	0	1	0	-	NA	fixed	NA	none	0	False	containment 0.00 < 0.5; only 0/1 enzymes produced a fit; no PTR estimate	BcgI:only 0 windows after outlier trimming	no enzyme produced a usable estimate
SF003.BcgI	GCF_000178895.1	s__Fusobacterium_nucleatum	NA	NA	NA	0	NA	NA	NA	0	NA	NA	NA	NA	0	1	0	-	NA	fixed	NA	none	0	False	containment 0.00 < 0.5; only 0/1 enzymes produced a fit; no PTR estimate	BcgI:only 0 windows after outlier trimming	no enzyme produced a usable estimate
SF003.BcgI	GCF_000179755.1	s__Veillonella_atypica	NA	NA	NA	0.006944444444	NA	NA	NA	0	NA	NA	NA	NA	0	1	0	-	NA	fixed	NA	none	0	False	containment 0.01 < 0.5; only 0/1 enzymes produced a fit; no PTR estimate	BcgI:only 0 windows after outlier trimming	no enzyme produced a usable estimate
SF003.BcgI	GCF_000185145.2	s__Prevotella_oralis	NA	NA	NA	0	NA	NA	NA	0	NA	NA	NA	NA	0	1	0	-	NA	fixed	NA	none	0	False	containment 0.00 < 0.5; only 0/1 enzymes produced a fit; no PTR estimate	BcgI:only 0 windows after outlier trimming	no enzyme produced a usable estimate
SF003.BcgI	GCF_000185385.1	s__Lachnoanaerobaculum_saburreum	NA	NA	NA	0	NA	NA	NA	0	NA	NA	NA	NA	0	1	0	-	NA	fixed	NA	none	0	False	containment 0.00 < 0.5; only 0/1 enzymes produced a fit; no PTR estimate	BcgI:only 0 windows after outlier trimming	no enzyme produced a usable estimate
SF003.BcgI	GCF_000185505.1	s__Pseudoramibacter_alactolyticus	NA	NA	NA	0	NA	NA	NA	0	NA	NA	NA	NA	0	1	0	-	NA	fixed	NA	none	0	False	containment 0.00 < 0.5; only 0/1 enzymes produced a fit; no PTR estimate	BcgI:only 0 windows after outlier trimming	no enzyme produced a usable estimate
SF003.BcgI	GCF_000185645.1	s__Gemella_morbillorum	NA	NA	NA	0.01796407186	NA	NA	NA	0	NA	NA	NA	NA	0	1	0	-	NA	fixed	NA	none	0	False	containment 0.02 < 0.5; only 0/1 enzymes produced a fit; no PTR estimate	BcgI:only 3 windows after outlier trimming	no enzyme produced a usable estimate
SF003.BcgI	GCF_000187585.1	s__Streptococcus_peroris	NA	NA	NA	0.01276595745	NA	NA	NA	0	NA	NA	NA	NA	0	1	0	-	NA	fixed	NA	none	0	False	containment 0.01 < 0.5; only 0/1 enzymes produced a fit; no PTR estimate	BcgI:only 3 windows after outlier trimming	no enzyme produced a usable estimate
SF003.BcgI	GCF_000187745.1	s__Streptococcus_sp000187745	NA	NA	NA	0	NA	NA	NA	0	NA	NA	NA	NA	0	1	0	-	NA	fixed	NA	none	0	False	containment 0.00 < 0.5; only 0/1 enzymes produced a fit; no PTR estimate	BcgI:only 0 windows after outlier trimming	no enzyme produced a usable estimate
SF003.BcgI	GCF_000188255.1	s__Actinobacillus_ureae	NA	NA	NA	0	NA	NA	NA	0	NA	NA	NA	NA	0	1	0	-	NA	fixed	NA	none	0	False	containment 0.00 < 0.5; only 0/1 enzymes produced a fit; no PTR estimate	BcgI:only 0 windows after outlier trimming	no enzyme produced a usable estimate
SF003.BcgI	GCF_000191065.1	s__Prevotella_multiformis	NA	NA	NA	0	NA	NA	NA	0	NA	NA	NA	NA	0	1	0	-	NA	fixed	NA	none	0	False	containment 0.00 < 0.5; only 0/1 enzymes produced a fit; no PTR estimate	BcgI:only 0 windows after outlier trimming	no enzyme produced a usable estimate
SF003.BcgI	GCF_000191105.1	s__Streptococcus_sanguinis	158.2857142	566.370191	0.05825396825	0.03947368421	24.23577551	4.599066342	NA	171	0.999894837	3.229678859	-1.730987904	10.92912059	1	1	1	BcgI	NA	fixed	804230.4089	glm	7	False	fraction 0.06 < 0.75; dispersion 566.37 > 5.0; containment 0.04 < 0.5	-	single enzyme: no cross-enzyme consistency check available
SF003.BcgI	GCF_000191825.1	s__Treponema_B_denticola	NA	NA	NA	0	NA	NA	NA	0	NA	NA	NA	NA	0	1	0	-	NA	fixed	NA	none	0	False	containment 0.00 < 0.5; only 0/1 enzymes produced a fit; no PTR estimate	BcgI:only 0 windows after outlier trimming	no enzyme produced a usable estimate
SF003.BcgI	GCF_000192225.1	s__Capnocytophaga_sp000192225	NA	NA	NA	0	NA	NA	NA	0	NA	NA	NA	NA	0	1	0	-	NA	fixed	NA	none	0	False	containment 0.00 < 0.5; only 0/1 enzymes produced a fit; no PTR estimate	BcgI:only 0 windows after outlier trimming	no enzyme produced a usable estimate
SF003.BcgI	GCF_000193735.1	s__Neisseria_sicca_E	109.0076832	369.1123123	0.1342549923	0.02282453638	2052.502281	11.00316811	NA	118	0.9999975809	3.396106188	4.346922294	17.65941393	1	1	1	BcgI	NA	fixed	1304223.323	glm	8	False	fraction 0.13 < 0.75; dispersion 369.11 > 5.0; containment 0.02 < 0.5	-	single enzyme: no cross-enzyme consistency check available
SF003.BcgI	GCF_000193755.1	s__Neisseria_sicca_D	305.6659528	10.28571429	0.2912065793	0.02910958904	6.493413235	2.698977024	NA	73	0.9999545917	2.017107051	-1.254480148	6.652434196	1	1	1	BcgI	NA	fixed	1939659.633	glm	9	False	fraction 0.29 < 0.75; dispersion 10.29 > 5.0; containment 0.03 < 0.5	-	single enzyme: no cross-enzyme consistency check available
SF003.BcgI	GCF_000193775.1	s__Neisseria_polysaccharea	NA	NA	NA	0.005145797599	NA	NA	NA	0	NA	NA	NA	NA	0	1	0	-	NA	fixed	NA	none	0	False	containment 0.01 < 0.5; only 0/1 enzymes produced a fit; no PTR estimate	BcgI:only 2 windows after outlier trimming	no enzyme produced a usable estimate
SF003.BcgI	GCF_000193795.1	s__Neisseria_lactamica_A	NA	NA	NA	0.002777777778	NA	NA	NA	0	NA	NA	NA	NA	0	1	0	-	NA	fixed	NA	none	0	False	containment 0.00 < 0.5; only 0/1 enzymes produced a fit; no PTR estimate	BcgI:only 2 windows after outlier trimming	no enzyme produced a usable estimate
SF003.BcgI	GCF_000195595.1	s__Actinomyces_sp000195595	NA	NA	NA	0.001902949572	NA	NA	NA	0	NA	NA	NA	NA	0	1	0	-	NA	fixed	NA	none	0	False	containment 0.00 < 0.5; only 0/1 enzymes produced a fit; no PTR estimate	BcgI:only 4 windows after outlier trimming	no enzyme produced a usable estimate
SF003.BcgI	GCF_000208825.1	s__Aeromonas_caviae	NA	NA	NA	0	NA	NA	NA	0	NA	NA	NA	NA	0	1	0	-	NA	fixed	NA	none	0	False	containment 0.00 < 0.5; only 0/1 enzymes produced a fit; no PTR estimate	BcgI:only 0 windows after outlier trimming	no enzyme produced a usable estimate
SF003.BcgI	GCF_000209465.1	s__Lachnoanaerobaculum_sp000209465	NA	NA	NA	0	NA	NA	NA	0	NA	NA	NA	NA	0	1	0	-	NA	fixed	NA	none	0	False	containment 0.00 < 0.5; only 0/1 enzymes produced a fit; no PTR estimate	BcgI:only 0 windows after outlier trimming	no enzyme produced a usable estimate
SF003.BcgI	GCF_000210895.1	s__Haemophilus_D_parainfluenzae_A	137.9899995	126.0090247	0.1089032258	0.109375	2.971764962	1.571320017	NA	256	0.9999640829	1.244685863	-0.8682194458	4.01085948	1	1	1	BcgI	NA	fixed	1570742.017	glm	10	False	fraction 0.11 < 0.75; dispersion 126.01 > 5.0; containment 0.11 < 0.5	-	single enzyme: no cross-enzyme consistency check available
SF003.BcgI	GCF_000211795.1	s__Sphingomonas_paucimobilis	NA	NA	NA	0.0001776198934	NA	NA	NA	0	NA	NA	NA	NA	0	1	0	-	NA	fixed	NA	none	0	False	containment 0.00 < 0.5; only 0/1 enzymes produced a fit; no PTR estimate	BcgI:only 0 windows after outlier trimming	no enzyme produced a usable estimate
SF003.BcgI	GCF_000212855.1	s__Streptococcus_sanguinis_A	79.66649317	29.55370521	0.07466666667	0.06737588652	4.756431336	2.249879551	NA	255	0.9993465067	0.9234248256	0.4400001508	4.059758952	1	1	1	BcgI	NA	fixed	1938176.6	glm	10	False	fraction 0.07 < 0.75; dispersion 29.55 > 5.0; containment 0.07 < 0.5	-	single enzyme: no cross-enzyme consistency check available
SF003.BcgI	GCF_000213975.1	s__Centipeda_periodontii	NA	NA	NA	0	NA	NA	NA	0	NA	NA	NA	NA	0	1	0	-	NA	fixed	NA	none	0	False	containment 0.00 < 0.5; only 0/1 enzymes produced a fit; no PTR estimate	BcgI:only 0 windows after outlier trimming	no enzyme produced a usable estimate
SF003.BcgI	GCF_000214475.1	s__Parvimonas_sp000214475	NA	NA	NA	0	NA	NA	NA	0	NA	NA	NA	NA	0	1	0	-	NA	fixed	NA	none	0	False	containment 0.00 < 0.5; only 0/1 enzymes produced a fit; no PTR estimate	BcgI:only 0 windows after outlier trimming	no enzyme produced a usable estimate
SF003.BcgI	GCF_000215385.1	s__Streptococcus_infantis_B	NA	NA	NA	0.01775147929	NA	NA	NA	0	NA	NA	NA	NA	0	1	0	-	NA	fixed	NA	none	0	False	containment 0.02 < 0.5; only 0/1 enzymes produced a fit; no PTR estimate	BcgI:only 3 windows after outlier trimming	no enzyme produced a usable estimate
SF003.BcgI	GCF_000218235.1	s__Prevotella_multisaccharivorax	NA	NA	NA	0	NA	NA	NA	0	NA	NA	NA	NA	0	1	0	-	NA	fixed	NA	none	0	False	containment 0.00 < 0.5; only 0/1 enzymes produced a fit; no PTR estimate	BcgI:only 0 windows after outlier trimming	no enzyme produced a usable estimate
SF003.BcgI	GCF_000220045.1	s__Streptococcus_mitis_AP	NA	NA	NA	0	NA	NA	NA	0	NA	NA	NA	NA	0	1	0	-	NA	fixed	NA	none	0	False	containment 0.00 < 0.5; only 0/1 enzymes produced a fit; no PTR estimate	BcgI:only 0 windows after outlier trimming	no enzyme produced a usable estimate
SF003.BcgI	GCF_000220065.1	s__Streptococcus_sp000220065	46.6666659	NA	0.04	0.01832460733	15.72073001	3.974596307	NA	150	0.9990300401	0.7482782028	2.507997979	5.441194635	1	1	1	BcgI	NA	fixed	1705561.988	glm	6	False	fraction 0.04 < 0.75; containment 0.02 < 0.5	-	single enzyme: no cross-enzyme consistency check available
SF003.BcgI	GCF_000220215.1	s__Prevotella_seregens	NA	NA	NA	0	NA	NA	NA	0	NA	NA	NA	NA	0	1	0	-	NA	fixed	NA	none	0	False	containment 0.00 < 0.5; only 0/1 enzymes produced a fit; no PTR estimate	BcgI:only 0 windows after outlier trimming	no enzyme produced a usable estimate
SF003.BcgI	GCF_000220835.1	s__Actinomyces_sp000220835	NA	NA	NA	0	NA	NA	NA	0	NA	NA	NA	NA	0	1	0	-	NA	fixed	NA	none	0	False	containment 0.00 < 0.5; only 0/1 enzymes produced a fit; no PTR estimate	BcgI:only 0 windows after outlier trimming	no enzyme produced a usable estimate
SF003.BcgI	GCF_000222025.1	s__Haemophilus_haemolyticus_G	NA	NA	NA	0	NA	NA	NA	0	NA	NA	NA	NA	0	1	0	-	NA	fixed	NA	none	0	False	containment 0.00 < 0.5; only 0/1 enzymes produced a fit; no PTR estimate	BcgI:only 0 windows after outlier trimming	no enzyme produced a usable estimate
SF003.BcgI	GCF_000222705.1	s__Streptococcus_mitis_AY	NA	NA	NA	0	NA	NA	NA	0	NA	NA	NA	NA	0	1	0	-	NA	fixed	NA	none	0	False	containment 0.00 < 0.5; only 0/1 enzymes produced a fit; no PTR estimate	BcgI:only 0 windows after outlier trimming	no enzyme produced a usable estimate
SF003.BcgI	GCF_000223255.1	s__Streptococcus_infantis_G	NA	NA	NA	0.03381642512	NA	NA	NA	0	NA	NA	NA	NA	0	1	0	-	NA	fixed	NA	none	0	False	containment 0.03 < 0.5; only 0/1 enzymes produced a fit; no PTR estimate	BcgI:only 4 windows after outlier trimming	no enzyme produced a usable estimate
SF003.BcgI	GCF_000223275.1	s__Haemophilus_D_pittmaniae	NA	NA	NA	0.002176278564	NA	NA	NA	0	NA	NA	NA	NA	0	1	0	-	NA	fixed	NA	none	0	False	containment 0.00 < 0.5; only 0/1 enzymes produced a fit; no PTR estimate	BcgI:only 2 windows after outlier trimming	no enzyme produced a usable estimate
SF003.BcgI	GCF_000223335.1	s__Streptococcus_infantis_H	NA	NA	NA	0.08823529412	NA	NA	NA	0	NA	NA	NA	NA	0	1	0	-	NA	fixed	NA	none	0	False	containment 0.09 < 0.5; only 0/1 enzymes produced a fit; no PTR estimate	BcgI:only 4 windows after outlier trimming	no enzyme produced a usable estimate
SF003.BcgI	GCF_000228505.1	s__Streptococcus_sobrinus	NA	NA	NA	0.001748251748	NA	NA	NA	0	NA	NA	NA	NA	0	1	0	-	NA	fixed	NA	none	0	False	containment 0.00 < 0.5; only 0/1 enzymes produced a fit; no PTR estimate	BcgI:only 0 windows after outlier trimming	no enzyme produced a usable estimate
SF003.BcgI	GCF_000229485.1	s__Streptococcus_mutans	20.59946087	NA	0.2761904762	0.01898734177	8.841047058	3.14421724	NA	49	0.9814836299	0.8630111737	1.452746421	4.835688059	1	1	1	BcgI	NA	fixed	1023008.111	glm	5	False	fraction 0.28 < 0.75; containment 0.02 < 0.5	-	single enzyme: no cross-enzyme consistency check available
SF003.BcgI	GCF_000234095.1	s__Centipeda_infelix	NA	NA	NA	0	NA	NA	NA	0	NA	NA	NA	NA	0	1	0	-	NA	fixed	NA	none	0	False	containment 0.00 < 0.5; only 0/1 enzymes produced a fit; no PTR estimate	BcgI:only 0 windows after outlier trimming	no enzyme produced a usable estimate
SF003.BcgI	GCF_000234135.1	s__Centipeda_noxia	NA	NA	NA	0.0003732736096	NA	NA	NA	0	NA	NA	NA	NA	0	1	0	-	NA	fixed	NA	none	0	False	containment 0.00 < 0.5; only 0/1 enzymes produced a fit; no PTR estimate	BcgI:only 1 windows after outlier trimming	no enzyme produced a usable estimate
SF003.BcgI	GCF_000235445.1	s__Johnsonella_ignava	NA	NA	NA	0.002288329519	NA	NA	NA	0	NA	NA	NA	NA	0	1	0	-	NA	fixed	NA	none	0	False	containment 0.00 < 0.5; only 0/1 enzymes produced a fit; no PTR estimate	BcgI:only 1 windows after outlier trimming	no enzyme produced a usable estimate
SF003.BcgI	GCF_000235485.1	s__Streptococcus_sp000235485	NA	NA	NA	0	NA	NA	NA	0	NA	NA	NA	NA	0	1	0	-	NA	fixed	NA	none	0	False	containment 0.00 < 0.5; only 0/1 enzymes produced a fit; no PTR estimate	BcgI:only 0 windows after outlier trimming	no enzyme produced a usable estimate
SF003.BcgI	GCF_000235885.1	s__Prevotella_stercorea	NA	NA	NA	0	NA	NA	NA	0	NA	NA	NA	NA	0	1	0	-	NA	fixed	NA	none	0	False	containment 0.00 < 0.5; only 0/1 enzymes produced a fit; no PTR estimate	BcgI:only 0 windows after outlier trimming	no enzyme produced a usable estimate
SF003.BcgI	GCF_000238055.2	s__Oribacterium_parvum	NA	NA	NA	0	NA	NA	NA	0	NA	NA	NA	NA	0	1	0	-	NA	fixed	NA	none	0	False	containment 0.00 < 0.5; only 0/1 enzymes produced a fit; no PTR estimate	BcgI:only 0 windows after outlier trimming	no enzyme produced a usable estimate
SF003.BcgI	GCF_000238075.1	s__Oribacterium_asaccharolyticum	NA	NA	NA	0.001225490196	NA	NA	NA	0	NA	NA	NA	NA	0	1	0	-	NA	fixed	NA	none	0	False	containment 0.00 < 0.5; only 0/1 enzymes produced a fit; no PTR estimate	BcgI:only 1 windows after outlier trimming	no enzyme produced a usable estimate
SF003.BcgI	GCF_000239275.1	s__Anaeroglobus_geminatus	NA	NA	NA	0	NA	NA	NA	0	NA	NA	NA	NA	0	1	0	-	NA	fixed	NA	none	0	False	containment 0.00 < 0.5; only 0/1 enzymes produced a fit; no PTR estimate	BcgI:only 0 windows after outlier trimming	no enzyme produced a usable estimate
SF003.BcgI	GCF_000242235.1	s__Stomatobaculum_longum	22.03707041	12.14396825	0.01746727931	0.00755033557	2.555862202	1.353810056	NA	977	0.991348361	1.744406708	-2.065164267	4.772784379	1	1	1	BcgI	NA	fixed	63280.7175	glm	10	False	fraction 0.02 < 0.75; dispersion 12.14 > 5.0; containment 0.01 < 0.5	-	single enzyme: no cross-enzyme consistency check available
SF003.BcgI	GCF_000242315.1	s__Lachnoanaerobaculum_orale	NA	NA	NA	0	NA	NA	NA	0	NA	NA	NA	NA	0	1	0	-	NA	fixed	NA	none	0	False	containment 0.00 < 0.5; only 0/1 enzymes produced a fit; no PTR estimate	BcgI:only 0 windows after outlier trimming	no enzyme produced a usable estimate
SF003.BcgI	GCF_000242675.1	s__Eubacterium_B_infirmum	NA	NA	NA	0	NA	NA	NA	0	NA	NA	NA	NA	0	1	0	-	NA	fixed	NA	none	0	False	containment 0.00 < 0.5; only 0/1 enzymes produced a fit; no PTR estimate	BcgI:only 0 windows after outlier trimming	no enzyme produced a usable estimate
SF003.BcgI	GCF_000243035.1	s__Prevotella_micans	NA	NA	NA	0	NA	NA	NA	0	NA	NA	NA	NA	0	1	0	-	NA	fixed	NA	none	0	False	containment 0.00 < 0.5; only 0/1 enzymes produced a fit; no PTR estimate	BcgI:only 0 windows after outlier trimming	no enzyme produced a usable estimate
SF003.BcgI	GCF_000253155.1	s__Streptococcus_oralis_L	NA	NA	NA	0.01041666667	NA	NA	NA	0	NA	NA	NA	NA	0	1	0	-	NA	fixed	NA	none	0	False	containment 0.01 < 0.5; only 0/1 enzymes produced a fit; no PTR estimate	BcgI:only 1 windows after outlier trimming	no enzyme produced a usable estimate
SF003.BcgI	GCF_000257905.1	s__Streptococcus_mitis_L	NA	NA	NA	0	NA	NA	NA	0	NA	NA	NA	NA	0	1	0	-	NA	fixed	NA	none	0	False	containment 0.00 < 0.5; only 0/1 enzymes produced a fit; no PTR estimate	BcgI:only 0 windows after outlier trimming	no enzyme produced a usable estimate
SF003.BcgI	GCF_000259505.1	s__Streptococcus_sp000259505	NA	NA	NA	0.00487804878	NA	NA	NA	0	NA	NA	NA	NA	0	1	0	-	NA	fixed	NA	none	0	False	containment 0.00 < 0.5; only 0/1 enzymes produced a fit; no PTR estimate	BcgI:only 1 windows after outlier trimming	no enzyme produced a usable estimate
SF003.BcgI	GCF_000260655.1	s__Neisseria_sicca_B	NA	NA	NA	0.04225352113	NA	NA	NA	0	NA	NA	NA	NA	0	1	0	-	NA	fixed	NA	none	0	False	containment 0.04 < 0.5; only 0/1 enzymes produced a fit; no PTR estimate	BcgI:only 4 windows after outlier trimming	no enzyme produced a usable estimate
SF003.BcgI	GCF_000262285.1	s__Haemophilus_haemolyticus	NA	NA	NA	0.01271186441	NA	NA	NA	0	NA	NA	NA	NA	0	1	0	-	NA	fixed	NA	none	0	False	containment 0.01 < 0.5; only 0/1 enzymes produced a fit; no PTR estimate	BcgI:only 2 windows after outlier trimming	no enzyme produced a usable estimate
SF003.BcgI	GCF_000275805.1	s__Scardovia_wiggsiae	NA	NA	NA	0	NA	NA	NA	0	NA	NA	NA	NA	0	1	0	-	NA	fixed	NA	none	0	False	containment 0.00 < 0.5; only 0/1 enzymes produced a fit; no PTR estimate	BcgI:only 0 windows after outlier trimming	no enzyme produced a usable estimate
SF003.BcgI	GCF_000277585.1	s__Capnocytophaga_ochracea	NA	NA	NA	0	NA	NA	NA	0	NA	NA	NA	NA	0	1	0	-	NA	fixed	NA	none	0	False	containment 0.00 < 0.5; only 0/1 enzymes produced a fit; no PTR estimate	BcgI:only 0 windows after outlier trimming	no enzyme produced a usable estimate
SF003.BcgI	GCF_000278725.1	s__Pauljensenia_sp000278725	34.95	25.81157731	0.06427688415	0.008037225042	2.902257953	1.537175752	NA	342	0.9958604163	0.6729793716	0.2181604213	2.856191083	1	1	1	BcgI	NA	fixed	965930.3589	glm	10	False	fraction 0.06 < 0.75; dispersion 25.81 > 5.0; containment 0.01 < 0.5	-	single enzyme: no cross-enzyme consistency check available
SF003.BcgI	GCF_000279535.1	s__Streptococcus_infantis_I	NA	NA	NA	0.03614457831	NA	NA	NA	0	NA	NA	NA	NA	0	1	0	-	NA	fixed	NA	none	0	False	containment 0.04 < 0.5; only 0/1 enzymes produced a fit; no PTR estimate	BcgI:only 2 windows after outlier trimming	no enzyme produced a usable estimate
SF003.BcgI	GCF_000282935.1	s__Pauljensenia_odontolytica_B	91.58817925	83.32462879	0.1348354123	0.04485645933	3.356966866	1.747158297	NA	941	0.9999463481	0.8708914786	0.04024236473	3.45407423	1	1	1	BcgI	NA	fixed	428571.1033	glm	41	False	fraction 0.13 < 0.75; dispersion 83.32 > 5.0; containment 0.04 < 0.5	-	single enzyme: no cross-enzyme consistency check available
SF003.BcgI	GCF_000283035.1	s__Pauljensenia_sp000466265	30.71428571	NA	0.0750641636	0.006711409396	1.186558944	0.2467837706	NA	134	0.6713074089	0.2080817519	-0.1610489689	0.6546165102	1	1	1	BcgI	NA	fixed	358945.2592	glm	7	False	fraction 0.08 < 0.75; containment 0.01 < 0.5	-	single enzyme: no cross-enzyme consistency check available
SF003.BcgI	GCF_000286455.1	s__Centipeda_sp000286455	NA	NA	NA	0	NA	NA	NA	0	NA	NA	NA	NA	0	1	0	-	NA	fixed	NA	none	0	False	containment 0.00 < 0.5; only 0/1 enzymes produced a fit; no PTR estimate	BcgI:only 0 windows after outlier trimming	no enzyme produced a usable estimate
SF003.BcgI	GCF_000287615.1	s__Haemophilus_A_sputorum	20.29995949	10.77407407	0.07909774436	0.009126466754	2.565021651	1.358971003	NA	103	0.8829712097	1.599847215	-1.776671918	4.494613925	1	1	1	BcgI	NA	fixed	1622669.975	glm	5	False	fraction 0.08 < 0.75; dispersion 10.77 > 5.0; containment 0.01 < 0.5	-	single enzyme: no cross-enzyme consistency check available
SF003.BcgI	GCF_000287675.1	s__Lachnoanaerobaculum_sp000287675	NA	NA	NA	0.01181102362	NA	NA	NA	0	NA	NA	NA	NA	0	1	0	-	NA	fixed	NA	none	0	False	containment 0.01 < 0.5; only 0/1 enzymes produced a fit; no PTR estimate	BcgI:only 3 windows after outlier trimming	no enzyme produced a usable estimate
SF003.BcgI	GCF_000287695.1	s__Peptoanaerobacter_margaretiae	NA	NA	NA	0	NA	NA	NA	0	NA	NA	NA	NA	0	1	0	-	NA	fixed	NA	none	0	False	containment 0.00 < 0.5; only 0/1 enzymes produced a fit; no PTR estimate	BcgI:only 0 windows after outlier trimming	no enzyme produced a usable estimate
SF003.BcgI	GCF_000287715.1	s__Streptococcus_oralis_Y	NA	NA	NA	0	NA	NA	NA	0	NA	NA	NA	NA	0	1	0	-	NA	fixed	NA	none	0	False	containment 0.00 < 0.5; only 0/1 enzymes produced a fit; no PTR estimate	BcgI:only 0 windows after outlier trimming	no enzyme produced a usable estimate
SF003.BcgI	GCF_000292345.1	s__Cupriavidus_sp000292345	NA	NA	NA	0	NA	NA	NA	0	NA	NA	NA	NA	0	1	0	-	NA	fixed	NA	none	0	False	containment 0.00 < 0.5; only 0/1 enzymes produced a fit; no PTR estimate	BcgI:only 0 windows after outlier trimming	no enzyme produced a usable estimate
SF003.BcgI	GCF_000292955.1	s__Selenomonas_sputigena	NA	NA	NA	0	NA	NA	NA	0	NA	NA	NA	NA	0	1	0	-	NA	fixed	NA	none	0	False	containment 0.00 < 0.5; only 0/1 enzymes produced a fit; no PTR estimate	BcgI:only 0 windows after outlier trimming	no enzyme produced a usable estimate
SF003.BcgI	GCF_000293035.1	s__Peptoanaerobacter_stomatis	NA	NA	NA	0	NA	NA	NA	0	NA	NA	NA	NA	0	1	0	-	NA	fixed	NA	none	0	False	containment 0.00 < 0.5; only 0/1 enzymes produced a fit; no PTR estimate	BcgI:only 0 windows after outlier trimming	no enzyme produced a usable estimate
SF003.BcgI	GCF_000293155.1	s__Mogibacterium_timidum	NA	NA	NA	0	NA	NA	NA	0	NA	NA	NA	NA	0	1	0	-	NA	fixed	NA	none	0	False	containment 0.00 < 0.5; only 0/1 enzymes produced a fit; no PTR estimate	BcgI:only 0 windows after outlier trimming	no enzyme produced a usable estimate
SF003.BcgI	GCF_000293175.1	s__Capnocytophaga_granulosa	39.12967725	16.26432254	0.2760659531	0.1909620991	2.238389372	1.162461017	NA	607	0.9991404533	0.6490980829	-0.1097478476	2.434669882	1	1	1	BcgI	NA	fixed	1063225.849	glm	43	False	fraction 0.28 < 0.75; dispersion 16.26 > 5.0; containment 0.19 < 0.5	-	single enzyme: no cross-enzyme consistency check available
SF003.BcgI	GCF_000295095.1	s__Actinomyces_timonensis	NA	NA	NA	0.0003904724717	NA	NA	NA	0	NA	NA	NA	NA	0	1	0	-	NA	fixed	NA	none	0	False	containment 0.00 < 0.5; only 0/1 enzymes produced a fit; no PTR estimate	BcgI:only 1 windows after outlier trimming	no enzyme produced a usable estimate
SF003.BcgI	GCF_000296275.1	s__Actinomyces_massiliensis	22.16646906	NA	0.02728624952	0.001680672269	2.839184633	1.505476671	NA	286	0.9185358283	0.6179087415	0.2943977916	2.71655555	1	1	1	BcgI	NA	fixed	3148342.215	glm	6	False	fraction 0.03 < 0.75; containment 0.00 < 0.5	-	single enzyme: no cross-enzyme consistency check available
SF003.BcgI	GCF_000296505.1	s__Pauljensenia_turicensis	NA	NA	NA	0	NA	NA	NA	0	NA	NA	NA	NA	0	1	0	-	NA	fixed	NA	none	0	False	containment 0.00 < 0.5; only 0/1 enzymes produced a fit; no PTR estimate	BcgI:only 0 windows after outlier trimming	no enzyme produced a usable estimate
SF003.BcgI	GCF_000296875.1	s__Streptococcus_oralis	NA	NA	NA	0.04225352113	NA	NA	NA	0	NA	NA	NA	NA	0	1	0	-	NA	fixed	NA	none	0	False	containment 0.04 < 0.5; only 0/1 enzymes produced a fit; no PTR estimate	BcgI:only 1 windows after outlier trimming	no enzyme produced a usable estimate
SF003.BcgI	GCF_000298295.1	s__Cecembia_lonarensis	NA	NA	NA	0	NA	NA	NA	0	NA	NA	NA	NA	0	1	0	-	NA	fixed	NA	none	0	False	containment 0.00 < 0.5; only 0/1 enzymes produced a fit; no PTR estimate	BcgI:only 0 windows after outlier trimming	no enzyme produced a usable estimate
SF003.BcgI	GCF_000299315.2	s__Microbacterium_barkeri	NA	NA	NA	0.0003715400334	NA	NA	NA	0	NA	NA	NA	NA	0	1	0	-	NA	fixed	NA	none	0	False	containment 0.00 < 0.5; only 0/1 enzymes produced a fit; no PTR estimate	BcgI:only 1 windows after outlier trimming	no enzyme produced a usable estimate
SF003.BcgI	GCF_000301735.1	s__Acinetobacter_johnsonii	NA	NA	NA	0	NA	NA	NA	0	NA	NA	NA	NA	0	1	0	-	NA	fixed	NA	none	0	False	containment 0.00 < 0.5; only 0/1 enzymes produced a fit; no PTR estimate	BcgI:only 0 windows after outlier trimming	no enzyme produced a usable estimate
SF003.BcgI	GCF_000308055.1	s__Pauljensenia_sp000308055	27.64680871	31.43787532	0.04323723661	0.02491408935	17.57589356	4.135526133	NA	682	0.9993045564	2.161630841	-0.1011924639	8.37224473	1	1	1	BcgI	NA	fixed	1848250.44	glm	16	False	fraction 0.04 < 0.75; dispersion 31.44 > 5.0; containment 0.02 < 0.5	-	single enzyme: no cross-enzyme consistency check available
SF003.BcgI	GCF_000312445.1	s__Phocaeicola_abscessus	NA	NA	NA	0	NA	NA	NA	0	NA	NA	NA	NA	0	1	0	-	NA	fixed	NA	none	0	False	containment 0.00 < 0.5; only 0/1 enzymes produced a fit; no PTR estimate	BcgI:only 0 windows after outlier trimming	no enzyme produced a usable estimate
SF003.BcgI	GCF_000314795.2	s__Streptococcus_sp000314795	79.31481481	43.45026096	0.1045940171	0.06034482759	1.444742009	0.5308118907	NA	204	0.9874313824	0.9569524503	-1.344780447	2.406404228	1	1	1	BcgI	NA	fixed	1617210.56	glm	9	False	fraction 0.10 < 0.75; dispersion 43.45 > 5.0; containment 0.06 < 0.5	-	single enzyme: no cross-enzyme consistency check available
SF003.BcgI	GCF_000317125.1	s__Chroococcidiopsis_thermalis	NA	NA	NA	0	NA	NA	NA	0	NA	NA	NA	NA	0	1	0	-	NA	fixed	NA	none	0	False	containment 0.00 < 0.5; only 0/1 enzymes produced a fit; no PTR estimate	BcgI:only 0 windows after outlier trimming	no enzyme produced a usable estimate
SF003.BcgI	GCF_000318095.2	s__F0040_sp000318095	NA	NA	NA	0	NA	NA	NA	0	NA	NA	NA	NA	0	1	0	-	NA	fixed	NA	none	0	False	containment 0.00 < 0.5; only 0/1 enzymes produced a fit; no PTR estimate	BcgI:only 0 windows after outlier trimming	no enzyme produced a usable estimate
SF003.BcgI	GCF_000318175.2	s__Centipeda_sp000318175	NA	NA	NA	0	NA	NA	NA	0	NA	NA	NA	NA	0	1	0	-	NA	fixed	NA	none	0	False	containment 0.00 < 0.5; only 0/1 enzymes produced a fit; no PTR estimate	BcgI:only 0 windows after outlier trimming	no enzyme produced a usable estimate
SF003.BcgI	GCF_000318215.2	s__Porphyromonas_catoniae	NA	NA	NA	0.004173622705	NA	NA	NA	0	NA	NA	NA	NA	0	1	0	-	NA	fixed	NA	none	0	False	containment 0.00 < 0.5; only 0/1 enzymes produced a fit; no PTR estimate	BcgI:only 4 windows after outlier trimming	no enzyme produced a usable estimate
SF003.BcgI	GCF_000318275.2	s__Capnocytophaga_sp000318275	NA	NA	NA	0.001297016861	NA	NA	NA	0	NA	NA	NA	NA	0	1	0	-	NA	fixed	NA	none	0	False	containment 0.00 < 0.5; only 0/1 enzymes produced a fit; no PTR estimate	BcgI:only 1 windows after outlier trimming	no enzyme produced a usable estimate
SF003.BcgI	GCF_000328265.2	s__Neisseria_meningitidis	NA	NA	NA	0.004807692308	NA	NA	NA	0	NA	NA	NA	NA	0	1	0	-	NA	fixed	NA	none	0	False	containment 0.00 < 0.5; only 0/1 enzymes produced a fit; no PTR estimate	BcgI:only 2 windows after outlier trimming	no enzyme produced a usable estimate
SF003.BcgI	GCF_000332975.1	s__Gordonia_aichiensis	NA	NA	NA	0.0001232134056	NA	NA	NA	0	NA	NA	NA	NA	0	1	0	-	NA	fixed	NA	none	0	False	containment 0.00 < 0.5; only 0/1 enzymes produced a fit; no PTR estimate	BcgI:only 1 windows after outlier trimming	no enzyme produced a usable estimate
SF003.BcgI	GCF_000338475.1	s__Treponema_B_denticola_A	NA	NA	NA	0	NA	NA	NA	0	NA	NA	NA	NA	0	1	0	-	NA	fixed	NA	none	0	False	containment 0.00 < 0.5; only 0/1 enzymes produced a fit; no PTR estimate	BcgI:only 0 windows after outlier trimming	no enzyme produced a usable estimate
SF003.BcgI	GCF_000344295.2	s__Campylobacter_A_showae_B	NA	NA	NA	0	NA	NA	NA	0	NA	NA	NA	NA	0	1	0	-	NA	fixed	NA	none	0	False	containment 0.00 < 0.5; only 0/1 enzymes produced a fit; no PTR estimate	BcgI:only 0 windows after outlier trimming	no enzyme produced a usable estimate
SF003.BcgI	GCF_000364865.1	s__Pauljensenia_cardiffensis	NA	NA	NA	0.0003861003861	NA	NA	NA	0	NA	NA	NA	NA	0	1	0	-	NA	fixed	NA	none	0	False	containment 0.00 < 0.5; only 0/1 enzymes produced a fit; no PTR estimate	BcgI:only 0 windows after outlier trimming	no enzyme produced a usable estimate
SF003.BcgI	GCF_000368705.1	s__Acinetobacter_soli	NA	NA	NA	0	NA	NA	NA	0	NA	NA	NA	NA	0	1	0	-	NA	fixed	NA	none	0	False	containment 0.00 < 0.5; only 0/1 enzymes produced a fit; no PTR estimate	BcgI:only 0 windows after outlier trimming	no enzyme produced a usable estimate
SF003.BcgI	GCF_000368745.1	s__Acinetobacter_junii	NA	NA	NA	0	NA	NA	NA	0	NA	NA	NA	NA	0	1	0	-	NA	fixed	NA	none	0	False	containment 0.00 < 0.5; only 0/1 enzymes produced a fit; no PTR estimate	BcgI:only 0 windows after outlier trimming	no enzyme produced a usable estimate
SF003.BcgI	GCF_000373045.1	s__Leptotrichia_shahii	NA	NA	NA	0	NA	NA	NA	0	NA	NA	NA	NA	0	1	0	-	NA	fixed	NA	none	0	False	containment 0.00 < 0.5; only 0/1 enzymes produced a fit; no PTR estimate	BcgI:only 0 windows after outlier trimming	no enzyme produced a usable estimate
SF003.BcgI	GCF_000381265.1	s__Curvibacter_lanceolatus	NA	NA	NA	0	NA	NA	NA	0	NA	NA	NA	NA	0	1	0	-	NA	fixed	NA	none	0	False	containment 0.00 < 0.5; only 0/1 enzymes produced a fit; no PTR estimate	BcgI:only 0 windows after outlier trimming	no enzyme produced a usable estimate
SF003.BcgI	GCF_000394615.1	s__Enterococcus_A_gilvus	NA	NA	NA	0	NA	NA	NA	0	NA	NA	NA	NA	0	1	0	-	NA	fixed	NA	none	0	False	containment 0.00 < 0.5; only 0/1 enzymes produced a fit; no PTR estimate	BcgI:only 0 windows after outlier trimming	no enzyme produced a usable estimate
SF003.BcgI	GCF_000411555.1	s__Lancefieldella_sp000411555	NA	NA	NA	0	NA	NA	NA	0	NA	NA	NA	NA	0	1	0	-	NA	fixed	NA	none	0	False	containment 0.00 < 0.5; only 0/1 enzymes produced a fit; no PTR estimate	BcgI:only 0 windows after outlier trimming	no enzyme produced a usable estimate
SF003.BcgI	GCF_000412995.1	s__Treponema_vincentii	NA	NA	NA	0	NA	NA	NA	0	NA	NA	NA	NA	0	1	0	-	NA	fixed	NA	none	0	False	containment 0.00 < 0.5; only 0/1 enzymes produced a fit; no PTR estimate	BcgI:only 0 windows after outlier trimming	no enzyme produced a usable estimate
SF003.BcgI	GCF_000413035.1	s__Treponema_medium	NA	NA	NA	0	NA	NA	NA	0	NA	NA	NA	NA	0	1	0	-	NA	fixed	NA	none	0	False	containment 0.00 < 0.5; only 0/1 enzymes produced a fit; no PTR estimate	BcgI:only 0 windows after outlier trimming	no enzyme produced a usable estimate
SF003.BcgI	GCF_000413055.1	s__Treponema_C_maltophilum	NA	NA	NA	0	NA	NA	NA	0	NA	NA	NA	NA	0	1	0	-	NA	fixed	NA	none	0	False	containment 0.00 < 0.5; only 0/1 enzymes produced a fit; no PTR estimate	BcgI:only 0 windows after outlier trimming	no enzyme produced a usable estimate
SF003.BcgI	GCF_000417695.2	s__Chlamydophila_ibidis	NA	NA	NA	0.00289017341	NA	NA	NA	0	NA	NA	NA	NA	0	1	0	-	NA	fixed	NA	none	0	False	containment 0.00 < 0.5; only 0/1 enzymes produced a fit; no PTR estimate	BcgI:only 1 windows after outlier trimming	no enzyme produced a usable estimate
SF003.BcgI	GCF_000425005.1	s__Bulleidia_moorei	NA	NA	NA	0.002100840336	NA	NA	NA	0	NA	NA	NA	NA	0	1	0	-	NA	fixed	NA	none	0	False	containment 0.00 < 0.5; only 0/1 enzymes produced a fit; no PTR estimate	BcgI:only 1 windows after outlier trimming	no enzyme produced a usable estimate
SF003.BcgI	GCF_000426585.1	s__Prevotella_baroniae	NA	NA	NA	0	NA	NA	NA	0	NA	NA	NA	NA	0	1	0	-	NA	fixed	NA	none	0	False	containment 0.00 < 0.5; only 0/1 enzymes produced a fit; no PTR estimate	BcgI:only 0 windows after outlier trimming	no enzyme produced a usable estimate
SF003.BcgI	GCF_000426665.1	s__Centipeda_artemidis	NA	NA	NA	0	NA	NA	NA	0	NA	NA	NA	NA	0	1	0	-	NA	fixed	NA	none	0	False	containment 0.00 < 0.5; only 0/1 enzymes produced a fit; no PTR estimate	BcgI:only 0 windows after outlier trimming	no enzyme produced a usable estimate
SF003.BcgI	GCF_000428965.1	s__Leptotrichia_hofstadii	NA	NA	NA	0	NA	NA	NA	0	NA	NA	NA	NA	0	1	0	-	NA	fixed	NA	none	0	False	containment 0.00 < 0.5; only 0/1 enzymes produced a fit; no PTR estimate	BcgI:only 0 windows after outlier trimming	no enzyme produced a usable estimate
SF003.BcgI	GCF_000429225.1	s__Actinomyces_dentalis	24.04541177	7.41025641	0.03263724064	0.006714876033	1.76395183	0.8188111643	NA	502	0.8396754569	0.6867292255	-0.5271533847	2.164775713	1	1	1	BcgI	NA	fixed	1051943.027	glm	11	False	fraction 0.03 < 0.75; dispersion 7.41 > 5.0; containment 0.01 < 0.5	-	single enzyme: no cross-enzyme consistency check available
SF003.BcgI	GCF_000429245.1	s__Pauljensenia_georgiae	NA	NA	NA	0.0006013229104	NA	NA	NA	0	NA	NA	NA	NA	0	1	0	-	NA	fixed	NA	none	0	False	containment 0.00 < 0.5; only 0/1 enzymes produced a fit; no PTR estimate	BcgI:only 1 windows after outlier trimming	no enzyme produced a usable estimate
SF003.BcgI	GCF_000429265.1	s__Actinomyces_gerencseriae	NA	NA	NA	0	NA	NA	NA	0	NA	NA	NA	NA	0	1	0	-	NA	fixed	NA	none	0	False	containment 0.00 < 0.5; only 0/1 enzymes produced a fit; no PTR estimate	BcgI:only 0 windows after outlier trimming	no enzyme produced a usable estimate
SF003.BcgI	GCF_000430045.1	s__Calidithermus_chliarophilus	NA	NA	NA	0	NA	NA	NA	0	NA	NA	NA	NA	0	1	0	-	NA	fixed	NA	none	0	False	containment 0.00 < 0.5; only 0/1 enzymes produced a fit; no PTR estimate	BcgI:only 0 windows after outlier trimming	no enzyme produced a usable estimate
SF003.BcgI	GCF_000442155.1	s__Streptococcus_oralis_F	NA	NA	NA	0.03448275862	NA	NA	NA	0	NA	NA	NA	NA	0	1	0	-	NA	fixed	NA	none	0	False	containment 0.03 < 0.5; only 0/1 enzymes produced a fit; no PTR estimate	BcgI:only 2 windows after outlier trimming	no enzyme produced a usable estimate
SF003.BcgI	GCF_000448565.1	s__Streptococcus_sp000448565	NA	NA	NA	0.05347593583	NA	NA	NA	0	NA	NA	NA	NA	0	1	0	-	NA	fixed	NA	none	0	False	containment 0.05 < 0.5; only 0/1 enzymes produced a fit; no PTR estimate	BcgI:only 4 windows after outlier trimming	no enzyme produced a usable estimate
SF003.BcgI	GCF_000455385.1	s__Pseudomonas_F_alcaligenes_A	NA	NA	NA	0	NA	NA	NA	0	NA	NA	NA	NA	0	1	0	-	NA	fixed	NA	none	0	False	containment 0.00 < 0.5; only 0/1 enzymes produced a fit; no PTR estimate	BcgI:only 0 windows after outlier trimming	no enzyme produced a usable estimate
SF003.BcgI	GCF_000464455.1	s__Treponema_D_socranskii	NA	NA	NA	0	NA	NA	NA	0	NA	NA	NA	NA	0	1	0	-	NA	fixed	NA	none	0	False	containment 0.00 < 0.5; only 0/1 enzymes produced a fit; no PTR estimate	BcgI:only 0 windows after outlier trimming	no enzyme produced a usable estimate
SF003.BcgI	GCF_000464495.1	s__Cutibacterium_granulosum	NA	NA	NA	0	NA	NA	NA	0	NA	NA	NA	NA	0	1	0	-	NA	fixed	NA	none	0	False	containment 0.00 < 0.5; only 0/1 enzymes produced a fit; no PTR estimate	BcgI:only 0 windows after outlier trimming	no enzyme produced a usable estimate
SF003.BcgI	GCF_000466165.1	s__Peptidiphaga_sp000466165	NA	NA	NA	0.0004378283713	NA	NA	NA	0	NA	NA	NA	NA	0	1	0	-	NA	fixed	NA	none	0	False	containment 0.00 < 0.5; only 0/1 enzymes produced a fit; no PTR estimate	BcgI:only 0 windows after outlier trimming	no enzyme produced a usable estimate
SF003.BcgI	GCF_000466335.1	s__Aggregatibacter_sp000466335	NA	NA	NA	0	NA	NA	NA	0	NA	NA	NA	NA	0	1	0	-	NA	fixed	NA	none	0	False	containment 0.00 < 0.5; only 0/1 enzymes produced a fit; no PTR estimate	BcgI:only 0 windows after outlier trimming	no enzyme produced a usable estimate
SF003.BcgI	GCF_000466425.1	s__Capnocytophaga_sp000466425	NA	NA	NA	0.002777777778	NA	NA	NA	0	NA	NA	NA	NA	0	1	0	-	NA	fixed	NA	none	0	False	containment 0.00 < 0.5; only 0/1 enzymes produced a fit; no PTR estimate	BcgI:only 2 windows after outlier trimming	no enzyme produced a usable estimate
SF003.BcgI	GCF_000466685.1	s__Campylobacter_A_concisus_A	NA	NA	NA	0.002898550725	NA	NA	NA	0	NA	NA	NA	NA	0	1	0	-	NA	fixed	NA	none	0	False	containment 0.00 < 0.5; only 0/1 enzymes produced a fit; no PTR estimate	BcgI:only 1 windows after outlier trimming	no enzyme produced a usable estimate
SF003.BcgI	GCF_000467855.2	s__Porphyromonas_sp000467855	NA	NA	NA	0.002408187839	NA	NA	NA	0	NA	NA	NA	NA	0	1	0	-	NA	fixed	NA	none	0	False	containment 0.00 < 0.5; only 0/1 enzymes produced a fit; no PTR estimate	BcgI:only 3 windows after outlier trimming	no enzyme produced a usable estimate
SF003.BcgI	GCF_000467875.1	s__Prevotella_disiens	NA	NA	NA	0	NA	NA	NA	0	NA	NA	NA	NA	0	1	0	-	NA	fixed	NA	none	0	False	containment 0.00 < 0.5; only 0/1 enzymes produced a fit; no PTR estimate	BcgI:only 0 windows after outlier trimming	no enzyme produced a usable estimate
SF003.BcgI	GCF_000467895.1	s__Prevotella_sp000467895	NA	NA	NA	0.002534854246	NA	NA	NA	0	NA	NA	NA	NA	0	1	0	-	NA	fixed	NA	none	0	False	containment 0.00 < 0.5; only 0/1 enzymes produced a fit; no PTR estimate	BcgI:only 1 windows after outlier trimming	no enzyme produced a usable estimate
SF003.BcgI	GCF_000468035.1	s__Centipeda_sp000468035	NA	NA	NA	0	NA	NA	NA	0	NA	NA	NA	NA	0	1	0	-	NA	fixed	NA	none	0	False	containment 0.00 < 0.5; only 0/1 enzymes produced a fit; no PTR estimate	BcgI:only 0 windows after outlier trimming	no enzyme produced a usable estimate
SF003.BcgI	GCF_000468055.1	s__Treponema_C_lecithinolyticum	NA	NA	NA	0	NA	NA	NA	0	NA	NA	NA	NA	0	1	0	-	NA	fixed	NA	none	0	False	containment 0.00 < 0.5; only 0/1 enzymes produced a fit; no PTR estimate	BcgI:only 0 windows after outlier trimming	no enzyme produced a usable estimate
SF003.BcgI	GCF_000468755.1	s__Olsenella_profusa	NA	NA	NA	0.0002915451895	NA	NA	NA	0	NA	NA	NA	NA	0	1	0	-	NA	fixed	NA	none	0	False	containment 0.00 < 0.5; only 0/1 enzymes produced a fit; no PTR estimate	BcgI:only 0 windows after outlier trimming	no enzyme produced a usable estimate
SF003.BcgI	GCF_000469385.1	s__Leptotrichia_sp000469385	NA	NA	NA	0	NA	NA	NA	0	NA	NA	NA	NA	0	1	0	-	NA	fixed	NA	none	0	False	containment 0.00 < 0.5; only 0/1 enzymes produced a fit; no PTR estimate	BcgI:only 0 windows after outlier trimming	no enzyme produced a usable estimate
SF003.BcgI	GCF_000469405.1	s__Leptotrichia_wadei	NA	NA	NA	0	NA	NA	NA	0	NA	NA	NA	NA	0	1	0	-	NA	fixed	NA	none	0	False	containment 0.00 < 0.5; only 0/1 enzymes produced a fit; no PTR estimate	BcgI:only 0 windows after outlier trimming	no enzyme produced a usable estimate
SF003.BcgI	GCF_000469505.1	s__Leptotrichia_A_sp000469505	NA	NA	NA	0.04285714286	NA	NA	NA	0	NA	NA	NA	NA	0	1	0	-	NA	fixed	NA	none	0	False	containment 0.04 < 0.5; only 0/1 enzymes produced a fit; no PTR estimate	BcgI:only 4 windows after outlier trimming	no enzyme produced a usable estimate
SF003.BcgI	GCF_000469525.1	s__Leptotrichia_massiliensis	NA	NA	NA	0	NA	NA	NA	0	NA	NA	NA	NA	0	1	0	-	NA	fixed	NA	none	0	False	containment 0.00 < 0.5; only 0/1 enzymes produced a fit; no PTR estimate	BcgI:only 0 windows after outlier trimming	no enzyme produced a usable estimate
SF003.BcgI	GCF_000469545.1	s__Mitsuokella_sp000469545	NA	NA	NA	0	NA	NA	NA	0	NA	NA	NA	NA	0	1	0	-	NA	fixed	NA	none	0	False	containment 0.00 < 0.5; only 0/1 enzymes produced a fit; no PTR estimate	BcgI:only 0 windows after outlier trimming	no enzyme produced a usable estimate
SF003.BcgI	GCF_000477375.1	s__Kingella_kingae	NA	NA	NA	0.0006788866259	NA	NA	NA	0	NA	NA	NA	NA	0	1	0	-	NA	fixed	NA	none	0	False	containment 0.00 < 0.5; only 0/1 enzymes produced a fit; no PTR estimate	BcgI:only 1 windows after outlier trimming	no enzyme produced a usable estimate
SF003.BcgI	GCF_000479205.1	s__Fusobacterium_vincentii	NA	NA	NA	0	NA	NA	NA	0	NA	NA	NA	NA	0	1	0	-	NA	fixed	NA	none	0	False	containment 0.00 < 0.5; only 0/1 enzymes produced a fit; no PTR estimate	BcgI:only 0 windows after outlier trimming	no enzyme produced a usable estimate
SF003.BcgI	GCF_000482505.1	s__Leptotrichia_trevisanii	NA	NA	NA	0	NA	NA	NA	0	NA	NA	NA	NA	0	1	0	-	NA	fixed	NA	none	0	False	containment 0.00 < 0.5; only 0/1 enzymes produced a fit; no PTR estimate	BcgI:only 0 windows after outlier trimming	no enzyme produced a usable estimate
SF003.BcgI	GCF_000485555.1	s__Metamycoplasma_salivarium	NA	NA	NA	0	NA	NA	NA	0	NA	NA	NA	NA	0	1	0	-	NA	fixed	NA	none	0	False	containment 0.00 < 0.5; only 0/1 enzymes produced a fit; no PTR estimate	BcgI:only 0 windows after outlier trimming	no enzyme produced a usable estimate
SF003.BcgI	GCF_000488855.1	s__Eubacterium_M_brachy	NA	NA	NA	0	NA	NA	NA	0	NA	NA	NA	NA	0	1	0	-	NA	fixed	NA	none	0	False	containment 0.00 < 0.5; only 0/1 enzymes produced a fit; no PTR estimate	BcgI:only 0 windows after outlier trimming	no enzyme produced a usable estimate
SF003.BcgI	GCF_000496715.1	s__Cupriavidus_metallidurans	NA	NA	NA	0	NA	NA	NA	0	NA	NA	NA	NA	0	1	0	-	NA	fixed	NA	none	0	False	containment 0.00 < 0.5; only 0/1 enzymes produced a fit; no PTR estimate	BcgI:only 0 windows after outlier trimming	no enzyme produced a usable estimate
SF003.BcgI	GCF_000510425.1	s__Eubacterium_A_nodatum	NA	NA	NA	0	NA	NA	NA	0	NA	NA	NA	NA	0	1	0	-	NA	fixed	NA	none	0	False	containment 0.00 < 0.5; only 0/1 enzymes produced a fit; no PTR estimate	BcgI:only 0 windows after outlier trimming	no enzyme produced a usable estimate
SF003.BcgI	GCF_000512995.1	s__Lachnoanaerobaculum_sp000296385	NA	NA	NA	0.01337792642	NA	NA	NA	0	NA	NA	NA	NA	0	1	0	-	NA	fixed	NA	none	0	False	containment 0.01 < 0.5; only 0/1 enzymes produced a fit; no PTR estimate	BcgI:only 3 windows after outlier trimming	no enzyme produced a usable estimate
SF003.BcgI	GCF_000521305.1	s__Streptococcus_thermophilus	437.4166666	68.69973947	0.05333333333	0.0275862069	1.369233992e+16	53.60421853	NA	150	0.9998776137	2329.044024	-4511.238187	4618.446624	1	1	1	BcgI	NA	fixed	163825.825	glm	6	False	fraction 0.05 < 0.75; dispersion 68.70 > 5.0; containment 0.03 < 0.5	-	single enzyme: no cross-enzyme consistency check available
SF003.BcgI	GCF_000526055.1	s__Eubacterium_B_sulci	NA	NA	NA	0	NA	NA	NA	0	NA	NA	NA	NA	0	1	0	-	NA	fixed	NA	none	0	False	containment 0.00 < 0.5; only 0/1 enzymes produced a fit; no PTR estimate	BcgI:only 0 windows after outlier trimming	no enzyme produced a usable estimate
SF003.BcgI	GCF_000526095.1	s__Streptococcus_halitosis	250.9166667	1.874172185	0.3229166667	0.1	4.059045076	2.021140361	NA	48	0.9999616607	1.664729923	-1.241670332	5.283951055	1	1	1	BcgI	NA	fixed	639103.3478	glm	8	False	fraction 0.32 < 0.75; containment 0.10 < 0.5	-	single enzyme: no cross-enzyme consistency check available
SF003.BcgI	GCF_000565035.1	s__Pauljensenia_sp001072465	81.04028824	101.5851549	0.136674968	0.03732503888	5.385029487	2.428954245	NA	629	0.9999999656	1.21629362	0.04506255421	4.812845935	1	1	1	BcgI	NA	fixed	1923536.714	glm	27	False	fraction 0.14 < 0.75; dispersion 101.59 > 5.0; containment 0.04 < 0.5	-	single enzyme: no cross-enzyme consistency check available
SF003.BcgI	GCF_000577555.1	s__Corynebacterium_jeddahense	NA	NA	NA	0	NA	NA	NA	0	NA	NA	NA	NA	0	1	0	-	NA	fixed	NA	none	0	False	containment 0.00 < 0.5; only 0/1 enzymes produced a fit; no PTR estimate	BcgI:only 0 windows after outlier trimming	no enzyme produced a usable estimate
SF003.BcgI	GCF_000599605.1	s__Prevotella_sp000599605	NA	NA	NA	0.0006527415144	NA	NA	NA	0	NA	NA	NA	NA	0	1	0	-	NA	fixed	NA	none	0	False	containment 0.00 < 0.5; only 0/1 enzymes produced a fit; no PTR estimate	BcgI:only 0 windows after outlier trimming	no enzyme produced a usable estimate
SF003.BcgI	GCF_000607165.1	s__Ralstonia_pickettii_A	NA	NA	NA	0	NA	NA	NA	0	NA	NA	NA	NA	0	1	0	-	NA	fixed	NA	none	0	False	containment 0.00 < 0.5; only 0/1 enzymes produced a fit; no PTR estimate	BcgI:only 0 windows after outlier trimming	no enzyme produced a usable estimate
SF003.BcgI	GCF_000613445.1	s__Prevotella_shahii	NA	NA	NA	0.001890359168	NA	NA	NA	0	NA	NA	NA	NA	0	1	0	-	NA	fixed	NA	none	0	False	containment 0.00 < 0.5; only 0/1 enzymes produced a fit; no PTR estimate	BcgI:only 3 windows after outlier trimming	no enzyme produced a usable estimate
SF003.BcgI	GCF_000613485.1	s__Prevotella_loescheii	NA	NA	NA	0.0004338394794	NA	NA	NA	0	NA	NA	NA	NA	0	1	0	-	NA	fixed	NA	none	0	False	containment 0.00 < 0.5; only 0/1 enzymes produced a fit; no PTR estimate	BcgI:only 0 windows after outlier trimming	no enzyme produced a usable estimate
SF003.BcgI	GCF_000613625.1	s__Prevotella_marshii	NA	NA	NA	0	NA	NA	NA	0	NA	NA	NA	NA	0	1	0	-	NA	fixed	NA	none	0	False	containment 0.00 < 0.5; only 0/1 enzymes produced a fit; no PTR estimate	BcgI:only 0 windows after outlier trimming	no enzyme produced a usable estimate
SF003.BcgI	GCF_000613725.1	s__Prevotella_pleuritidis	NA	NA	NA	0	NA	NA	NA	0	NA	NA	NA	NA	0	1	0	-	NA	fixed	NA	none	0	False	containment 0.00 < 0.5; only 0/1 enzymes produced a fit; no PTR estimate	BcgI:only 0 windows after outlier trimming	no enzyme produced a usable estimate
SF003.BcgI	GCF_000613785.1	s__Prevotella_oulorum	NA	NA	NA	0	NA	NA	NA	0	NA	NA	NA	NA	0	1	0	-	NA	fixed	NA	none	0	False	containment 0.00 < 0.5; only 0/1 enzymes produced a fit; no PTR estimate	BcgI:only 0 windows after outlier trimming	no enzyme produced a usable estimate
SF003.BcgI	GCF_000613925.1	s__Prevotella_histicola	NA	NA	NA	0.00641025641	NA	NA	NA	0	NA	NA	NA	NA	0	1	0	-	NA	fixed	NA	none	0	False	containment 0.01 < 0.5; only 0/1 enzymes produced a fit; no PTR estimate	BcgI:only 1 windows after outlier trimming	no enzyme produced a usable estimate
SF003.BcgI	GCF_000613945.1	s__Prevotella_falsenii	NA	NA	NA	0	NA	NA	NA	0	NA	NA	NA	NA	0	1	0	-	NA	fixed	NA	none	0	False	containment 0.00 < 0.5; only 0/1 enzymes produced a fit; no PTR estimate	BcgI:only 0 windows after outlier trimming	no enzyme produced a usable estimate
SF003.BcgI	GCF_000613965.1	s__Prevotella_maculosa	NA	NA	NA	0.0004273504274	NA	NA	NA	0	NA	NA	NA	NA	0	1	0	-	NA	fixed	NA	none	0	False	containment 0.00 < 0.5; only 0/1 enzymes produced a fit; no PTR estimate	BcgI:only 0 windows after outlier trimming	no enzyme produced a usable estimate
SF003.BcgI	GCF_000613985.1	s__Prevotella_nanceiensis	19.2861437	6.024012921	0.05640745396	0.03901046622	2.351888766	1.233819828	NA	717	0.9965035867	0.9859599173	-0.6986260998	3.166265757	1	1	1	BcgI	NA	fixed	1359928.515	glm	18	False	fraction 0.06 < 0.75; dispersion 6.02 > 5.0; containment 0.04 < 0.5	-	single enzyme: no cross-enzyme consistency check available
SF003.BcgI	GCF_000614025.1	s__Prevotella_aurantiaca	NA	NA	NA	0	NA	NA	NA	0	NA	NA	NA	NA	0	1	0	-	NA	fixed	NA	none	0	False	containment 0.00 < 0.5; only 0/1 enzymes produced a fit; no PTR estimate	BcgI:only 0 windows after outlier trimming	no enzyme produced a usable estimate
SF003.BcgI	GCF_000614205.1	s__Prevotella_saccharolytica	NA	NA	NA	0	NA	NA	NA	0	NA	NA	NA	NA	0	1	0	-	NA	fixed	NA	none	0	False	containment 0.00 < 0.5; only 0/1 enzymes produced a fit; no PTR estimate	BcgI:only 0 windows after outlier trimming	no enzyme produced a usable estimate
SF003.BcgI	GCF_000614245.1	s__Prevotella_fusca	NA	NA	NA	0	NA	NA	NA	0	NA	NA	NA	NA	0	1	0	-	NA	fixed	NA	none	0	False	containment 0.00 < 0.5; only 0/1 enzymes produced a fit; no PTR estimate	BcgI:only 0 windows after outlier trimming	no enzyme produced a usable estimate
SF003.BcgI	GCF_000620465.1	s__Ralstonia_sp000620465	NA	NA	NA	0.0006962172198	NA	NA	NA	0	NA	NA	NA	NA	0	1	0	-	NA	fixed	NA	none	0	False	containment 0.00 < 0.5; only 0/1 enzymes produced a fit; no PTR estimate	BcgI:only 3 windows after outlier trimming	no enzyme produced a usable estimate
SF003.BcgI	GCF_000633415.1	s__Leucobacter_sp000633415	NA	NA	NA	0	NA	NA	NA	0	NA	NA	NA	NA	0	1	0	-	NA	fixed	NA	none	0	False	containment 0.00 < 0.5; only 0/1 enzymes produced a fit; no PTR estimate	BcgI:only 0 windows after outlier trimming	no enzyme produced a usable estimate
SF003.BcgI	GCF_000699745.1	s__Parabacteroides_distasonis	NA	NA	NA	0	NA	NA	NA	0	NA	NA	NA	NA	0	1	0	-	NA	fixed	NA	none	0	False	containment 0.00 < 0.5; only 0/1 enzymes produced a fit; no PTR estimate	BcgI:only 0 windows after outlier trimming	no enzyme produced a usable estimate
SF003.BcgI	GCF_000711965.1	s__Actinomyces_israelii	NA	NA	NA	0	NA	NA	NA	0	NA	NA	NA	NA	0	1	0	-	NA	fixed	NA	none	0	False	containment 0.00 < 0.5; only 0/1 enzymes produced a fit; no PTR estimate	BcgI:only 0 windows after outlier trimming	no enzyme produced a usable estimate
SF003.BcgI	GCF_000722685.1	s__Streptococcus_mitis_M	NA	NA	NA	0.01098901099	NA	NA	NA	0	NA	NA	NA	NA	0	1	0	-	NA	fixed	NA	none	0	False	containment 0.01 < 0.5; only 0/1 enzymes produced a fit; no PTR estimate	BcgI:only 1 windows after outlier trimming	no enzyme produced a usable estimate
SF003.BcgI	GCF_000722705.1	s__Streptococcus_mitis_P	NA	NA	NA	0.008403361345	NA	NA	NA	0	NA	NA	NA	NA	0	1	0	-	NA	fixed	NA	none	0	False	containment 0.01 < 0.5; only 0/1 enzymes produced a fit; no PTR estimate	BcgI:only 1 windows after outlier trimming	no enzyme produced a usable estimate
SF003.BcgI	GCF_000722755.1	s__Streptococcus_mitis_BE	NA	NA	NA	0	NA	NA	NA	0	NA	NA	NA	NA	0	1	0	-	NA	fixed	NA	none	0	False	containment 0.00 < 0.5; only 0/1 enzymes produced a fit; no PTR estimate	BcgI:only 0 windows after outlier trimming	no enzyme produced a usable estimate
SF003.BcgI	GCF_000722775.1	s__Streptococcus_mitis_AV	NA	NA	NA	0	NA	NA	NA	0	NA	NA	NA	NA	0	1	0	-	NA	fixed	NA	none	0	False	containment 0.00 < 0.5; only 0/1 enzymes produced a fit; no PTR estimate	BcgI:only 0 windows after outlier trimming	no enzyme produced a usable estimate
SF003.BcgI	GCF_000722815.1	s__Streptococcus_chosunense	NA	NA	NA	0	NA	NA	NA	0	NA	NA	NA	NA	0	1	0	-	NA	fixed	NA	none	0	False	containment 0.00 < 0.5; only 0/1 enzymes produced a fit; no PTR estimate	BcgI:only 0 windows after outlier trimming	no enzyme produced a usable estimate
SF003.BcgI	GCF_000722835.1	s__Streptococcus_mitis	NA	NA	NA	0	NA	NA	NA	0	NA	NA	NA	NA	0	1	0	-	NA	fixed	NA	none	0	False	containment 0.00 < 0.5; only 0/1 enzymes produced a fit; no PTR estimate	BcgI:only 0 windows after outlier trimming	no enzyme produced a usable estimate
SF003.BcgI	GCF_000722845.1	s__Streptococcus_oralis_BC	NA	NA	NA	0.06666666667	NA	NA	NA	0	NA	NA	NA	NA	0	1	0	-	NA	fixed	NA	none	0	False	containment 0.07 < 0.5; only 0/1 enzymes produced a fit; no PTR estimate	BcgI:only 3 windows after outlier trimming	no enzyme produced a usable estimate
SF003.BcgI	GCF_000740795.1	s__Haematobacter_massiliensis	NA	NA	NA	0	NA	NA	NA	0	NA	NA	NA	NA	0	1	0	-	NA	fixed	NA	none	0	False	containment 0.00 < 0.5; only 0/1 enzymes produced a fit; no PTR estimate	BcgI:only 0 windows after outlier trimming	no enzyme produced a usable estimate
SF003.BcgI	GCF_000745955.1	s__Alysiella_crassa	NA	NA	NA	0	NA	NA	NA	0	NA	NA	NA	NA	0	1	0	-	NA	fixed	NA	none	0	False	containment 0.00 < 0.5; only 0/1 enzymes produced a fit; no PTR estimate	BcgI:only 0 windows after outlier trimming	no enzyme produced a usable estimate
SF003.BcgI	GCF_000751855.1	s__Kingella_negevensis	NA	NA	NA	0	NA	NA	NA	0	NA	NA	NA	NA	0	1	0	-	NA	fixed	NA	none	0	False	containment 0.00 < 0.5; only 0/1 enzymes produced a fit; no PTR estimate	BcgI:only 0 windows after outlier trimming	no enzyme produced a usable estimate
SF003.BcgI	GCF_000758755.1	s__Pauljensenia_sp000758755	NA	NA	NA	0.002403846154	NA	NA	NA	0	NA	NA	NA	NA	0	1	0	-	NA	fixed	NA	none	0	False	containment 0.00 < 0.5; only 0/1 enzymes produced a fit; no PTR estimate	BcgI:only 3 windows after outlier trimming	no enzyme produced a usable estimate
SF003.BcgI	GCF_000758925.1	s__Prevotella_sp000758925	NA	NA	NA	0	NA	NA	NA	0	NA	NA	NA	NA	0	1	0	-	NA	fixed	NA	none	0	False	containment 0.00 < 0.5; only 0/1 enzymes produced a fit; no PTR estimate	BcgI:only 0 windows after outlier trimming	no enzyme produced a usable estimate
SF003.BcgI	GCF_000758945.1	s__Lancefieldella_sp000564995	NA	NA	NA	0	NA	NA	NA	0	NA	NA	NA	NA	0	1	0	-	NA	fixed	NA	none	0	False	containment 0.00 < 0.5; only 0/1 enzymes produced a fit; no PTR estimate	BcgI:only 0 windows after outlier trimming	no enzyme produced a usable estimate
SF003.BcgI	GCF_000759045.1	s__Prevotella_bivia	NA	NA	NA	0	NA	NA	NA	0	NA	NA	NA	NA	0	1	0	-	NA	fixed	NA	none	0	False	containment 0.00 < 0.5; only 0/1 enzymes produced a fit; no PTR estimate	BcgI:only 0 windows after outlier trimming	no enzyme produced a usable estimate
SF003.BcgI	GCF_000759305.1	s__Prevotella_melaninogenica	23.14677404	17.19047619	0.4212962963	0.01630434783	4.329871896	2.114324342	NA	42	0.9702880896	1.12437845	-0.08941692493	4.318065609	1	1	1	BcgI	NA	fixed	1484040.63	glm	9	False	fraction 0.42 < 0.75; dispersion 17.19 > 5.0; containment 0.02 < 0.5	-	single enzyme: no cross-enzyme consistency check available
SF003.BcgI	GCF_000759315.1	s__Prevotella_amnii	NA	NA	NA	0	NA	NA	NA	0	NA	NA	NA	NA	0	1	0	-	NA	fixed	NA	none	0	False	containment 0.00 < 0.5; only 0/1 enzymes produced a fit; no PTR estimate	BcgI:only 0 windows after outlier trimming	no enzyme produced a usable estimate
SF003.BcgI	GCF_000762865.1	s__Prevotella_sp001553265	NA	NA	NA	0	NA	NA	NA	0	NA	NA	NA	NA	0	1	0	-	NA	fixed	NA	none	0	False	containment 0.00 < 0.5; only 0/1 enzymes produced a fit; no PTR estimate	BcgI:only 0 windows after outlier trimming	no enzyme produced a usable estimate
SF003.BcgI	GCF_000763805.1	s__Paracoccus_sphaerophysae	NA	NA	NA	0.0005491488193	NA	NA	NA	0	NA	NA	NA	NA	0	1	0	-	NA	fixed	NA	none	0	False	containment 0.00 < 0.5; only 0/1 enzymes produced a fit; no PTR estimate	BcgI:only 2 windows after outlier trimming	no enzyme produced a usable estimate
SF003.BcgI	GCF_000768875.1	s__Porphyromonas_sp000768875	NA	NA	NA	0	NA	NA	NA	0	NA	NA	NA	NA	0	1	0	-	NA	fixed	NA	none	0	False	containment 0.00 < 0.5; only 0/1 enzymes produced a fit; no PTR estimate	BcgI:only 0 windows after outlier trimming	no enzyme produced a usable estimate
SF003.BcgI	GCF_000768935.1	s__Porphyromonas_sp000769075	NA	NA	NA	0	NA	NA	NA	0	NA	NA	NA	NA	0	1	0	-	NA	fixed	NA	none	0	False	containment 0.00 < 0.5; only 0/1 enzymes produced a fit; no PTR estimate	BcgI:only 0 windows after outlier trimming	no enzyme produced a usable estimate
SF003.BcgI	GCF_000769015.1	s__Porphyromonas_gulae	NA	NA	NA	0	NA	NA	NA	0	NA	NA	NA	NA	0	1	0	-	NA	fixed	NA	none	0	False	containment 0.00 < 0.5; only 0/1 enzymes produced a fit; no PTR estimate	BcgI:only 0 windows after outlier trimming	no enzyme produced a usable estimate
SF003.BcgI	GCF_000771955.1	s__Gallibacterium_anatis	NA	NA	NA	0	NA	NA	NA	0	NA	NA	NA	NA	0	1	0	-	NA	fixed	NA	none	0	False	containment 0.00 < 0.5; only 0/1 enzymes produced a fit; no PTR estimate	BcgI:only 0 windows after outlier trimming	no enzyme produced a usable estimate
SF003.BcgI	GCF_000775995.1	s__Treponema_sp000775995	NA	NA	NA	0	NA	NA	NA	0	NA	NA	NA	NA	0	1	0	-	NA	fixed	NA	none	0	False	containment 0.00 < 0.5; only 0/1 enzymes produced a fit; no PTR estimate	BcgI:only 0 windows after outlier trimming	no enzyme produced a usable estimate
SF003.BcgI	GCF_000790885.1	s__Pseudomonas_aeruginosa	19.08079793	8.178041803	0.04550439558	0.01112086626	1.922690938	0.9431268757	NA	3823	0.9783757902	0.5044531784	-0.04558318583	1.931836937	1	1	1	BcgI	NA	fixed	4123913.389	glm	42	False	fraction 0.05 < 0.75; dispersion 8.18 > 5.0; containment 0.01 < 0.5	-	single enzyme: no cross-enzyme consistency check available
SF003.BcgI	GCF_000799055.1	s__Ensifer_sp000799055	NA	NA	NA	0	NA	NA	NA	0	NA	NA	NA	NA	0	1	0	-	NA	fixed	NA	none	0	False	containment 0.00 < 0.5; only 0/1 enzymes produced a fit; no PTR estimate	BcgI:only 0 windows after outlier trimming	no enzyme produced a usable estimate
SF003.BcgI	GCF_000801955.1	s__Ralstonia_sp000801955	NA	NA	NA	0.0001313542624	NA	NA	NA	0	NA	NA	NA	NA	0	1	0	-	NA	fixed	NA	none	0	False	containment 0.00 < 0.5; only 0/1 enzymes produced a fit; no PTR estimate	BcgI:only 1 windows after outlier trimming	no enzyme produced a usable estimate
SF003.BcgI	GCF_000803625.1	s__TM7x_sp000803625	61.63444061	61.31471523	0.2317777778	0.2167832168	2.832682896	1.502169108	NA	261	0.9997859521	0.8441821695	-0.1523975402	3.156735757	1	1	1	BcgI	NA	fixed	661705.0742	glm	10	False	fraction 0.23 < 0.75; dispersion 61.31 > 5.0; containment 0.22 < 0.5	-	single enzyme: no cross-enzyme consistency check available
SF003.BcgI	GCF_000813705.1	s__Neisseria_cerebrosa	782.8624385	2425.820441	0.3739117364	0.07294832827	2.553151501e+73	243.8530301	NA	81	1	409482.0477	-802326.2127	802813.9188	1	1	1	BcgI	NA	fixed	1762272.163	glm	12	False	fraction 0.37 < 0.75; dispersion 2425.82 > 5.0; containment 0.07 < 0.5	-	single enzyme: no cross-enzyme consistency check available
SF003.BcgI	GCF_000814825.1	s__DNF00809_sp000814825	NA	NA	NA	0	NA	NA	NA	0	NA	NA	NA	NA	0	1	0	-	NA	fixed	NA	none	0	False	containment 0.00 < 0.5; only 0/1 enzymes produced a fit; no PTR estimate	BcgI:only 0 windows after outlier trimming	no enzyme produced a usable estimate
SF003.BcgI	GCF_000818035.1	s__Neisseria_elongata	70.7619095	92.60493425	0.1146753247	0.1146931184	2.461561002	1.299573493	NA	1613	0.9988351893	0.4876787748	0.3437406582	2.255406328	1	1	1	BcgI	NA	fixed	507828.6008	glm	25	False	fraction 0.11 < 0.75; dispersion 92.60 > 5.0; containment 0.11 < 0.5	-	single enzyme: no cross-enzyme consistency check available
SF003.BcgI	GCF_000820725.1	s__Pauljensenia_polynesiensis	NA	NA	NA	0	NA	NA	NA	0	NA	NA	NA	NA	0	1	0	-	NA	fixed	NA	none	0	False	containment 0.00 < 0.5; only 0/1 enzymes produced a fit; no PTR estimate	BcgI:only 0 windows after outlier trimming	no enzyme produced a usable estimate
SF003.BcgI	GCF_000827595.2	s__Necropsobacter_massiliensis	NA	NA	NA	0.0005851375073	NA	NA	NA	0	NA	NA	NA	NA	0	1	0	-	NA	fixed	NA	none	0	False	containment 0.00 < 0.5; only 0/1 enzymes produced a fit; no PTR estimate	BcgI:only 1 windows after outlier trimming	no enzyme produced a usable estimate
SF003.BcgI	GCF_000935585.1	s__Acidovorax_temperans	NA	NA	NA	0	NA	NA	NA	0	NA	NA	NA	NA	0	1	0	-	NA	fixed	NA	none	0	False	containment 0.00 < 0.5; only 0/1 enzymes produced a fit; no PTR estimate	BcgI:only 0 windows after outlier trimming	no enzyme produced a usable estimate
SF003.BcgI	GCF_000952155.1	s__Aliterella_atlantica	NA	NA	NA	0	NA	NA	NA	0	NA	NA	NA	NA	0	1	0	-	NA	fixed	NA	none	0	False	containment 0.00 < 0.5; only 0/1 enzymes produced a fit; no PTR estimate	BcgI:only 0 windows after outlier trimming	no enzyme produced a usable estimate
SF003.BcgI	GCF_000954135.1	s__Ralstonia_mannitolilytica	NA	NA	NA	0.000169865806	NA	NA	NA	0	NA	NA	NA	NA	0	1	0	-	NA	fixed	NA	none	0	False	containment 0.00 < 0.5; only 0/1 enzymes produced a fit; no PTR estimate	BcgI:only 1 windows after outlier trimming	no enzyme produced a usable estimate
SF003.BcgI	GCF_000959945.1	s__Streptococcus_oralis_B	NA	NA	NA	0.02912621359	NA	NA	NA	0	NA	NA	NA	NA	0	1	0	-	NA	fixed	NA	none	0	False	containment 0.03 < 0.5; only 0/1 enzymes produced a fit; no PTR estimate	BcgI:only 3 windows after outlier trimming	no enzyme produced a usable estimate
SF003.BcgI	GCF_000960085.1	s__Streptococcus_infantis_C	NA	NA	NA	0.02205882353	NA	NA	NA	0	NA	NA	NA	NA	0	1	0	-	NA	fixed	NA	none	0	False	containment 0.02 < 0.5; only 0/1 enzymes produced a fit; no PTR estimate	BcgI:only 2 windows after outlier trimming	no enzyme produced a usable estimate
SF003.BcgI	GCF_000963255.1	s__Streptococcus_infantis_F	NA	NA	NA	0	NA	NA	NA	0	NA	NA	NA	NA	0	1	0	-	NA	fixed	NA	none	0	False	containment 0.00 < 0.5; only 0/1 enzymes produced a fit; no PTR estimate	BcgI:only 0 windows after outlier trimming	no enzyme produced a usable estimate
SF003.BcgI	GCF_000963285.1	s__Streptococcus_parasanguinis	34.78571358	21.5050708	0.1254478854	0.05555555556	36.57703833	5.192866359	NA	125	0.9985442544	1.69366723	1.873339586	8.512393131	1	1	1	BcgI	NA	fixed	1755064.412	glm	7	False	fraction 0.13 < 0.75; dispersion 21.51 > 5.0; containment 0.06 < 0.5	-	single enzyme: no cross-enzyme consistency check available
SF003.BcgI	GCF_000967735.1	s__Paracoccus_marcusii	NA	NA	NA	0	NA	NA	NA	0	NA	NA	NA	NA	0	1	0	-	NA	fixed	NA	none	0	False	containment 0.00 < 0.5; only 0/1 enzymes produced a fit; no PTR estimate	BcgI:only 0 windows after outlier trimming	no enzyme produced a usable estimate
SF003.BcgI	GCF_000971865.1	s__Corynebacterium_argentoratense	NA	NA	NA	0	NA	NA	NA	0	NA	NA	NA	NA	0	1	0	-	NA	fixed	NA	none	0	False	containment 0.00 < 0.5; only 0/1 enzymes produced a fit; no PTR estimate	BcgI:only 0 windows after outlier trimming	no enzyme produced a usable estimate
SF003.BcgI	GCF_000974605.1	s__Cupriavidus_pauculus	NA	NA	NA	0	NA	NA	NA	0	NA	NA	NA	NA	0	1	0	-	NA	fixed	NA	none	0	False	containment 0.00 < 0.5; only 0/1 enzymes produced a fit; no PTR estimate	BcgI:only 0 windows after outlier trimming	no enzyme produced a usable estimate
SF003.BcgI	GCF_000986865.1	s__Pararheinheimera_mesophila	NA	NA	NA	0	NA	NA	NA	0	NA	NA	NA	NA	0	1	0	-	NA	fixed	NA	none	0	False	containment 0.00 < 0.5; only 0/1 enzymes produced a fit; no PTR estimate	BcgI:only 0 windows after outlier trimming	no enzyme produced a usable estimate
SF003.BcgI	GCF_001014975.1	s__Novosphingobium_sp002336885	NA	NA	NA	0	NA	NA	NA	0	NA	NA	NA	NA	0	1	0	-	NA	fixed	NA	none	0	False	containment 0.00 < 0.5; only 0/1 enzymes produced a fit; no PTR estimate	BcgI:only 0 windows after outlier trimming	no enzyme produced a usable estimate
SF003.BcgI	GCF_001042695.1	s__Scardovia_inopinata	NA	NA	NA	0.01308139535	NA	NA	NA	0	NA	NA	NA	NA	0	1	0	-	NA	fixed	NA	none	0	False	containment 0.01 < 0.5; only 0/1 enzymes produced a fit; no PTR estimate	BcgI:only 1 windows after outlier trimming	no enzyme produced a usable estimate
SF003.BcgI	GCF_001053035.1	s__Haemophilus_D_parainfluenzae_J	NA	NA	NA	0.008595988539	NA	NA	NA	0	NA	NA	NA	NA	0	1	0	-	NA	fixed	NA	none	0	False	containment 0.01 < 0.5; only 0/1 enzymes produced a fit; no PTR estimate	BcgI:only 3 windows after outlier trimming	no enzyme produced a usable estimate
SF003.BcgI	GCF_001058575.1	s__Haemophilus_D_parainfluenzae_N	93.87499385	196.3289984	0.1839075969	0.06808510638	7.587064666	2.923541834	NA	167	0.9998485904	1.675561691	-0.3604987349	6.207582403	1	1	1	BcgI	NA	fixed	1221957.964	glm	12	False	fraction 0.18 < 0.75; dispersion 196.33 > 5.0; containment 0.07 < 0.5	-	single enzyme: no cross-enzyme consistency check available
SF003.BcgI	GCF_001059215.1	s__Alloscardovia_omnicolens	NA	NA	NA	0	NA	NA	NA	0	NA	NA	NA	NA	0	1	0	-	NA	fixed	NA	none	0	False	containment 0.00 < 0.5; only 0/1 enzymes produced a fit; no PTR estimate	BcgI:only 0 windows after outlier trimming	no enzyme produced a usable estimate
SF003.BcgI	GCF_001059235.1	s__Pauljensenia_sp000411415	46.49992884	61.13198912	0.07135725386	0.01052016365	5.247150396	2.391534142	NA	303	0.9987447952	1.727091666	-0.9935033209	5.776571604	1	1	1	BcgI	NA	fixed	2212684.118	glm	10	False	fraction 0.07 < 0.75; dispersion 61.13 > 5.0; containment 0.01 < 0.5	-	single enzyme: no cross-enzyme consistency check available
SF003.BcgI	GCF_001059565.1	s__Corynebacterium_aurimucosum_E	NA	NA	NA	0	NA	NA	NA	0	NA	NA	NA	NA	0	1	0	-	NA	fixed	NA	none	0	False	containment 0.00 < 0.5; only 0/1 enzymes produced a fit; no PTR estimate	BcgI:only 0 windows after outlier trimming	no enzyme produced a usable estimate
SF003.BcgI	GCF_001061215.1	s__Neisseria_sp000186165	195.2852634	133.4772246	0.146784241	0.06278026906	2.167816777	1.116242826	NA	449	0.9999610305	1.465337232	-1.755765373	3.988251026	1	1	1	BcgI	NA	fixed	1759244.368	glm	25	False	fraction 0.15 < 0.75; dispersion 133.48 > 5.0; containment 0.06 < 0.5	-	single enzyme: no cross-enzyme consistency check available
SF003.BcgI	GCF_001062425.1	s__Rothia_dentocariosa	37.12692336	28.44028633	0.143828765	0.1004514673	1.154602215	0.207395898	NA	1613	0.9235900083	0.6281073084	-1.023671805	1.438463601	1	1	1	BcgI	NA	fixed	675586.03	glm	49	False	fraction 0.14 < 0.75; dispersion 28.44 > 5.0; containment 0.10 < 0.5	-	single enzyme: no cross-enzyme consistency check available
SF003.BcgI	GCF_001063545.1	s__Rothia_sp001808955	120.9457115	271.3594316	0.08512176064	0.05635245902	2.997712002	1.583861787	NA	626	0.9997388536	1.329064117	-1.021056016	4.18877959	1	1	1	BcgI	NA	fixed	2180936.518	glm	19	False	fraction 0.09 < 0.75; dispersion 271.36 > 5.0; containment 0.06 < 0.5	-	single enzyme: no cross-enzyme consistency check available
SF003.BcgI	GCF_001063785.1	s__Cardiobacterium_hominis	24.52442571	4.711206679	0.06132037021	0.02062228654	2.230880231	1.157613062	NA	1264	0.9956366824	0.6579737386	-0.1319917688	2.447217892	1	1	1	BcgI	NA	fixed	416266.7739	glm	34	False	fraction 0.06 < 0.75; containment 0.02 < 0.5	-	single enzyme: no cross-enzyme consistency check available
SF003.BcgI	GCF_001064145.1	s__Pauljensenia_sp001064145	44.7186759	26.83116658	0.04734807123	0.01727328809	3.218813334	1.686528914	NA	621	0.9993780944	0.8788500246	-0.03598548184	3.40904331	1	1	1	BcgI	NA	fixed	2203962.063	glm	16	False	fraction 0.05 < 0.75; dispersion 26.83 > 5.0; containment 0.02 < 0.5	-	single enzyme: no cross-enzyme consistency check available
SF003.BcgI	GCF_001064185.1	s__Pauljensenia_sp000185285	23.3104115	20.09475395	0.04503907847	0.0340862423	5.297510762	2.405314613	NA	2047	0.999504227	0.9303741437	0.5818147997	4.228814427	1	1	1	BcgI	NA	fixed	579818.4033	glm	30	False	fraction 0.05 < 0.75; dispersion 20.09 > 5.0; containment 0.03 < 0.5	-	single enzyme: no cross-enzyme consistency check available
SF003.BcgI	GCF_001065135.1	s__Rothia_mucilaginosa_A	45.08333333	26.8090494	0.03168854502	0.007077140835	2.358995569	1.238172709	NA	304	0.9061793916	0.937680637	-0.5996475689	3.075992986	1	1	1	BcgI	NA	fixed	452270.3092	glm	6	False	fraction 0.03 < 0.75; dispersion 26.81 > 5.0; containment 0.01 < 0.5	-	single enzyme: no cross-enzyme consistency check available
SF003.BcgI	GCF_001066565.1	s__Lacticaseibacillus_paracasei	28.48390186	16.27343502	0.1706183485	0.1011370437	1.191630893	0.2529374309	NA	1246	0.9212480748	0.5622709354	-0.849093352	1.354968214	1	1	1	BcgI	NA	fixed	2320467.184	glm	68	False	fraction 0.17 < 0.75; dispersion 16.27 > 5.0; containment 0.10 < 0.5	-	single enzyme: no cross-enzyme consistency check available
SF003.BcgI	GCF_001067635.1	s__Neisseria_bacilliformis	31.82577082	16.45556632	0.1757612998	0.0644295302	2.735856813	1.451992726	NA	960	0.9995211705	0.5944830048	0.2868274466	2.617158004	1	1	1	BcgI	NA	fixed	1906003.853	glm	50	False	fraction 0.18 < 0.75; dispersion 16.46 > 5.0; containment 0.06 < 0.5	-	single enzyme: no cross-enzyme consistency check available
SF003.BcgI	GCF_001068775.1	s__Streptococcus_pseudopneumoniae_N	NA	NA	NA	0.02564102564	NA	NA	NA	0	NA	NA	NA	NA	0	1	0	-	NA	fixed	NA	none	0	False	containment 0.03 < 0.5; only 0/1 enzymes produced a fit; no PTR estimate	BcgI:only 2 windows after outlier trimming	no enzyme produced a usable estimate
SF003.BcgI	GCF_001069025.1	s__Streptococcus_vestibularis	63.52783241	132.0714286	0.2098023986	0.04895104895	3.220566229	1.68731436	NA	88	0.9976502732	1.67635398	-1.598279066	4.972907787	1	1	1	BcgI	NA	fixed	321795.75	glm	11	False	fraction 0.21 < 0.75; dispersion 132.07 > 5.0; containment 0.05 < 0.5	-	single enzyme: no cross-enzyme consistency check available
SF003.BcgI	GCF_001069775.1	s__Streptococcus_cristatus	NA	NA	NA	0.009433962264	NA	NA	NA	0	NA	NA	NA	NA	0	1	0	-	NA	fixed	NA	none	0	False	containment 0.01 < 0.5; only 0/1 enzymes produced a fit; no PTR estimate	BcgI:only 2 windows after outlier trimming	no enzyme produced a usable estimate
SF003.BcgI	GCF_001070115.1	s__Streptococcus_anginosus	32.10255821	41.86884267	0.1357517428	0.05882352941	3.823605267	1.934933593	NA	203	0.9987140471	1.054508693	-0.1318654673	4.001732654	1	1	1	BcgI	NA	fixed	517800.96	glm	13	False	fraction 0.14 < 0.75; dispersion 41.87 > 5.0; containment 0.06 < 0.5	-	single enzyme: no cross-enzyme consistency check available
SF003.BcgI	GCF_001070405.1	s__Streptococcus_pseudopneumoniae_O	NA	NA	NA	0	NA	NA	NA	0	NA	NA	NA	NA	0	1	0	-	NA	fixed	NA	none	0	False	containment 0.00 < 0.5; only 0/1 enzymes produced a fit; no PTR estimate	BcgI:only 0 windows after outlier trimming	no enzyme produced a usable estimate
SF003.BcgI	GCF_001070715.1	s__Streptococcus_pseudopneumoniae_H	NA	NA	NA	0.01123595506	NA	NA	NA	0	NA	NA	NA	NA	0	1	0	-	NA	fixed	NA	none	0	False	containment 0.01 < 0.5; only 0/1 enzymes produced a fit; no PTR estimate	BcgI:only 1 windows after outlier trimming	no enzyme produced a usable estimate
SF003.BcgI	GCF_001070815.1	s__Streptococcus_pseudopneumoniae_P	NA	NA	NA	0	NA	NA	NA	0	NA	NA	NA	NA	0	1	0	-	NA	fixed	NA	none	0	False	containment 0.00 < 0.5; only 0/1 enzymes produced a fit; no PTR estimate	BcgI:only 0 windows after outlier trimming	no enzyme produced a usable estimate
SF003.BcgI	GCF_001070855.1	s__Pauljensenia_pyogenes_A	38.02202556	53.16413449	0.03129525959	0.01751313485	6.245372773	2.642787686	NA	634	0.995166479	1.24338377	0.2058002778	5.079775094	1	1	1	BcgI	NA	fixed	1033325.568	glm	15	False	fraction 0.03 < 0.75; dispersion 53.16 > 5.0; containment 0.02 < 0.5	-	single enzyme: no cross-enzyme consistency check available
SF003.BcgI	GCF_001071995.1	s__Granulicatella_sp001071995	42.7676983	26.93424647	0.1414318977	0.09315068493	3.997538157	1.999111804	NA	260	0.9994482473	1.244096571	-0.4392726688	4.437496278	1	1	1	BcgI	NA	fixed	81967.07167	glm	14	False	fraction 0.14 < 0.75; dispersion 26.93 > 5.0; containment 0.09 < 0.5	-	single enzyme: no cross-enzyme consistency check available
SF003.BcgI	GCF_001072375.1	s__Streptococcus_pseudopneumoniae_L	NA	NA	NA	0.009708737864	NA	NA	NA	0	NA	NA	NA	NA	0	1	0	-	NA	fixed	NA	none	0	False	containment 0.01 < 0.5; only 0/1 enzymes produced a fit; no PTR estimate	BcgI:only 1 windows after outlier trimming	no enzyme produced a usable estimate
SF003.BcgI	GCF_001072385.1	s__Streptococcus_sp004166885	190.7	148.9924599	0.269319988	0.1645021645	6.521053732	2.705105107	NA	152	0.9997568102	0.6323737254	1.465675381	3.944534834	1	1	1	BcgI	NA	fixed	800262.52	glm	15	False	fraction 0.27 < 0.75; dispersion 148.99 > 5.0; containment 0.16 < 0.5	-	single enzyme: no cross-enzyme consistency check available
SF003.BcgI	GCF_001073155.1	s__Streptococcus_parasanguinis_D	70.22222214	55.60880503	0.3560185185	0.07878787879	8.414208301	3.072827534	NA	54	0.9995693427	0.8884461265	1.331505124	4.814149944	1	1	1	BcgI	NA	fixed	584251.2589	glm	9	False	fraction 0.36 < 0.75; dispersion 55.61 > 5.0; containment 0.08 < 0.5	-	single enzyme: no cross-enzyme consistency check available
SF003.BcgI	GCF_001073445.1	s__Granulicatella_adiacens	202.0405093	224.5945204	0.2342634887	0.2024390244	1.676759962	0.7456761732	NA	389	1	0.871523772	-0.9624790315	2.453831378	1	1	1	BcgI	NA	fixed	467792.3961	glm	24	False	fraction 0.23 < 0.75; dispersion 224.59 > 5.0; containment 0.20 < 0.5	-	single enzyme: no cross-enzyme consistency check available
SF003.BcgI	GCF_001074155.1	s__Streptococcus_pseudopneumoniae_A	NA	NA	NA	0.0306122449	NA	NA	NA	0	NA	NA	NA	NA	0	1	0	-	NA	fixed	NA	none	0	False	containment 0.03 < 0.5; only 0/1 enzymes produced a fit; no PTR estimate	BcgI:only 2 windows after outlier trimming	no enzyme produced a usable estimate
SF003.BcgI	GCF_001074505.1	s__Staphylococcus_epidermidis	NA	NA	NA	0	NA	NA	NA	0	NA	NA	NA	NA	0	1	0	-	NA	fixed	NA	none	0	False	containment 0.00 < 0.5; only 0/1 enzymes produced a fit; no PTR estimate	BcgI:only 0 windows after outlier trimming	no enzyme produced a usable estimate
SF003.BcgI	GCF_001074565.1	s__Streptococcus_pseudopneumoniae_J	NA	NA	NA	0.01724137931	NA	NA	NA	0	NA	NA	NA	NA	0	1	0	-	NA	fixed	NA	none	0	False	containment 0.02 < 0.5; only 0/1 enzymes produced a fit; no PTR estimate	BcgI:only 2 windows after outlier trimming	no enzyme produced a usable estimate
SF003.BcgI	GCF_001074635.1	s__Streptococcus_mitis_E	NA	NA	NA	0	NA	NA	NA	0	NA	NA	NA	NA	0	1	0	-	NA	fixed	NA	none	0	False	containment 0.00 < 0.5; only 0/1 enzymes produced a fit; no PTR estimate	BcgI:only 0 windows after outlier trimming	no enzyme produced a usable estimate
SF003.BcgI	GCF_001074805.1	s__Streptococcus_parasanguinis_A	NA	NA	NA	0.02830188679	NA	NA	NA	0	NA	NA	NA	NA	0	1	0	-	NA	fixed	NA	none	0	False	containment 0.03 < 0.5; only 0/1 enzymes produced a fit; no PTR estimate	BcgI:only 27 anchors (< 30)	no enzyme produced a usable estimate
SF003.BcgI	GCF_001074975.1	s__Streptococcus_pseudopneumoniae_D	NA	NA	NA	0	NA	NA	NA	0	NA	NA	NA	NA	0	1	0	-	NA	fixed	NA	none	0	False	containment 0.00 < 0.5; only 0/1 enzymes produced a fit; no PTR estimate	BcgI:only 0 windows after outlier trimming	no enzyme produced a usable estimate
SF003.BcgI	GCF_001075645.1	s__Gemella_sp002871655	NA	NA	NA	0	NA	NA	NA	0	NA	NA	NA	NA	0	1	0	-	NA	fixed	NA	none	0	False	containment 0.00 < 0.5; only 0/1 enzymes produced a fit; no PTR estimate	BcgI:only 0 windows after outlier trimming	no enzyme produced a usable estimate
SF003.BcgI	GCF_001075675.1	s__Streptococcus_oralis_V	NA	NA	NA	0.03125	NA	NA	NA	0	NA	NA	NA	NA	0	1	0	-	NA	fixed	NA	none	0	False	containment 0.03 < 0.5; only 0/1 enzymes produced a fit; no PTR estimate	BcgI:only 1 windows after outlier trimming	no enzyme produced a usable estimate
SF003.BcgI	GCF_001075875.1	s__Streptococcus_oralis_I	NA	NA	NA	0	NA	NA	NA	0	NA	NA	NA	NA	0	1	0	-	NA	fixed	NA	none	0	False	containment 0.00 < 0.5; only 0/1 enzymes produced a fit; no PTR estimate	BcgI:only 0 windows after outlier trimming	no enzyme produced a usable estimate
SF003.BcgI	GCF_001076615.1	s__Streptococcus_mitis_N	NA	NA	NA	0	NA	NA	NA	0	NA	NA	NA	NA	0	1	0	-	NA	fixed	NA	none	0	False	containment 0.00 < 0.5; only 0/1 enzymes produced a fit; no PTR estimate	BcgI:only 0 windows after outlier trimming	no enzyme produced a usable estimate
SF003.BcgI	GCF_001076775.1	s__Streptococcus_pseudopneumoniae_G	NA	NA	NA	0	NA	NA	NA	0	NA	NA	NA	NA	0	1	0	-	NA	fixed	NA	none	0	False	containment 0.00 < 0.5; only 0/1 enzymes produced a fit; no PTR estimate	BcgI:only 0 windows after outlier trimming	no enzyme produced a usable estimate
SF003.BcgI	GCF_001078705.1	s__Streptococcus_sanguinis_D	53.27351563	100.1713067	0.06241758242	0.03472222222	140.0929581	7.130240629	NA	163	0.9997442793	1.762082713	3.676621973	10.58385929	1	1	1	BcgI	NA	fixed	116540.2622	glm	7	False	fraction 0.06 < 0.75; dispersion 100.17 > 5.0; containment 0.03 < 0.5	-	single enzyme: no cross-enzyme consistency check available
SF003.BcgI	GCF_001096185.1	s__Streptococcus_pneumoniae_B	NA	NA	NA	0	NA	NA	NA	0	NA	NA	NA	NA	0	1	0	-	NA	fixed	NA	none	0	False	containment 0.00 < 0.5; only 0/1 enzymes produced a fit; no PTR estimate	BcgI:only 0 windows after outlier trimming	no enzyme produced a usable estimate
SF003.BcgI	GCF_001113365.1	s__Streptococcus_pneumoniae_C	NA	NA	NA	0	NA	NA	NA	0	NA	NA	NA	NA	0	1	0	-	NA	fixed	NA	none	0	False	containment 0.00 < 0.5; only 0/1 enzymes produced a fit; no PTR estimate	BcgI:only 0 windows after outlier trimming	no enzyme produced a usable estimate
SF003.BcgI	GCF_001171885.1	s__Streptococcus_pneumoniae_A	NA	NA	NA	0	NA	NA	NA	0	NA	NA	NA	NA	0	1	0	-	NA	fixed	NA	none	0	False	containment 0.00 < 0.5; only 0/1 enzymes produced a fit; no PTR estimate	BcgI:only 0 windows after outlier trimming	no enzyme produced a usable estimate
SF003.BcgI	GCF_001189515.2	s__Olsenella_sp001189515	NA	NA	NA	0	NA	NA	NA	0	NA	NA	NA	NA	0	1	0	-	NA	fixed	NA	none	0	False	containment 0.00 < 0.5; only 0/1 enzymes produced a fit; no PTR estimate	BcgI:only 0 windows after outlier trimming	no enzyme produced a usable estimate
SF003.BcgI	GCF_001262035.1	s__Aggregatibacter_aphrophilus	NA	NA	NA	0.001416430595	NA	NA	NA	0	NA	NA	NA	NA	0	1	0	-	NA	fixed	NA	none	0	False	containment 0.00 < 0.5; only 0/1 enzymes produced a fit; no PTR estimate	BcgI:only 1 windows after outlier trimming	no enzyme produced a usable estimate
SF003.BcgI	GCF_001262055.1	s__Pauljensenia_meyeri	NA	NA	NA	0.001445086705	NA	NA	NA	0	NA	NA	NA	NA	0	1	0	-	NA	fixed	NA	none	0	False	containment 0.00 < 0.5; only 0/1 enzymes produced a fit; no PTR estimate	BcgI:only 2 windows after outlier trimming	no enzyme produced a usable estimate
SF003.BcgI	GCF_001262075.1	s__Ottowia_sp001262075	29.52069686	25.74149554	0.03594202899	0.03304843305	5.78558476	2.532462783	NA	1615	0.9999088628	1.091660625	0.3928472753	4.67207829	1	1	1	BcgI	NA	fixed	739223.5861	glm	23	False	fraction 0.04 < 0.75; dispersion 25.74 > 5.0; containment 0.03 < 0.5	-	single enzyme: no cross-enzyme consistency check available
SF003.BcgI	GCF_001263295.1	s__Agrobacterium_sp900013535	NA	NA	NA	0.0002785903329	NA	NA	NA	0	NA	NA	NA	NA	0	1	0	-	NA	fixed	NA	none	0	False	containment 0.00 < 0.5; only 0/1 enzymes produced a fit; no PTR estimate	BcgI:only 1 windows after outlier trimming	no enzyme produced a usable estimate
SF003.BcgI	GCF_001274535.1	s__Leptotrichia_A_sp001274535	NA	NA	NA	0.006451612903	NA	NA	NA	0	NA	NA	NA	NA	0	1	0	-	NA	fixed	NA	none	0	False	containment 0.01 < 0.5; only 0/1 enzymes produced a fit; no PTR estimate	BcgI:only 1 windows after outlier trimming	no enzyme produced a usable estimate
SF003.BcgI	GCF_001275345.1	s__Kocuria_palustris	NA	NA	NA	0	NA	NA	NA	0	NA	NA	NA	NA	0	1	0	-	NA	fixed	NA	none	0	False	containment 0.00 < 0.5; only 0/1 enzymes produced a fit; no PTR estimate	BcgI:only 0 windows after outlier trimming	no enzyme produced a usable estimate
SF003.BcgI	GCF_001276515.1	s__Haemophilus_sp001276515	NA	NA	NA	0	NA	NA	NA	0	NA	NA	NA	NA	0	1	0	-	NA	fixed	NA	none	0	False	containment 0.00 < 0.5; only 0/1 enzymes produced a fit; no PTR estimate	BcgI:only 0 windows after outlier trimming	no enzyme produced a usable estimate
SF003.BcgI	GCF_001278845.1	s__Actinomyces_sp001278845	NA	NA	NA	0.0009606147935	NA	NA	NA	0	NA	NA	NA	NA	0	1	0	-	NA	fixed	NA	none	0	False	containment 0.00 < 0.5; only 0/1 enzymes produced a fit; no PTR estimate	BcgI:only 1 windows after outlier trimming	no enzyme produced a usable estimate
SF003.BcgI	GCF_001279145.1	s__Haemophilus_D_sp001679485	116.4733654	175.7545395	0.07755479301	0.06696428571	63.06109341	5.97867828	NA	192	1	3.373726882	-0.6337049023	12.59106146	1	1	1	BcgI	NA	fixed	230734.7547	glm	9	False	fraction 0.08 < 0.75; dispersion 175.75 > 5.0; containment 0.07 < 0.5	-	single enzyme: no cross-enzyme consistency check available
SF003.BcgI	GCF_001299115.1	s__Achromobacter_xylosoxidans	NA	NA	NA	0	NA	NA	NA	0	NA	NA	NA	NA	0	1	0	-	NA	fixed	NA	none	0	False	containment 0.00 < 0.5; only 0/1 enzymes produced a fit; no PTR estimate	BcgI:only 0 windows after outlier trimming	no enzyme produced a usable estimate
SF003.BcgI	GCF_001304655.1	s__Streptococcus_pseudopneumoniae	NA	NA	NA	0.009174311927	NA	NA	NA	0	NA	NA	NA	NA	0	1	0	-	NA	fixed	NA	none	0	False	containment 0.01 < 0.5; only 0/1 enzymes produced a fit; no PTR estimate	BcgI:only 1 windows after outlier trimming	no enzyme produced a usable estimate
SF003.BcgI	GCF_001308015.1	s__Neisseria_sp001308015	NA	NA	NA	0	NA	NA	NA	0	NA	NA	NA	NA	0	1	0	-	NA	fixed	NA	none	0	False	containment 0.00 < 0.5; only 0/1 enzymes produced a fit; no PTR estimate	BcgI:only 0 windows after outlier trimming	no enzyme produced a usable estimate
SF003.BcgI	GCF_001347015.1	s__Streptococcus_pneumoniae_E	NA	NA	NA	0.01449275362	NA	NA	NA	0	NA	NA	NA	NA	0	1	0	-	NA	fixed	NA	none	0	False	containment 0.01 < 0.5; only 0/1 enzymes produced a fit; no PTR estimate	BcgI:only 0 windows after outlier trimming	no enzyme produced a usable estimate
SF003.BcgI	GCF_001362535.1	s__Salmonella_enterica	NA	NA	NA	0	NA	NA	NA	0	NA	NA	NA	NA	0	1	0	-	NA	fixed	NA	none	0	False	containment 0.00 < 0.5; only 0/1 enzymes produced a fit; no PTR estimate	BcgI:only 0 windows after outlier trimming	no enzyme produced a usable estimate
SF003.BcgI	GCF_001421985.1	s__Agrobacterium_sp900473305	NA	NA	NA	0	NA	NA	NA	0	NA	NA	NA	NA	0	1	0	-	NA	fixed	NA	none	0	False	containment 0.00 < 0.5; only 0/1 enzymes produced a fit; no PTR estimate	BcgI:only 0 windows after outlier trimming	no enzyme produced a usable estimate
SF003.BcgI	GCF_001423155.1	s__Pseudomonas_E_ovata	NA	NA	NA	0	NA	NA	NA	0	NA	NA	NA	NA	0	1	0	-	NA	fixed	NA	none	0	False	containment 0.00 < 0.5; only 0/1 enzymes produced a fit; no PTR estimate	BcgI:only 0 windows after outlier trimming	no enzyme produced a usable estimate
SF003.BcgI	GCF_001434465.1	s__Limosilactobacillus_oris	NA	NA	NA	0	NA	NA	NA	0	NA	NA	NA	NA	0	1	0	-	NA	fixed	NA	none	0	False	containment 0.00 < 0.5; only 0/1 enzymes produced a fit; no PTR estimate	BcgI:only 0 windows after outlier trimming	no enzyme produced a usable estimate
SF003.BcgI	GCF_001444445.1	s__Prevotella_enoeca	NA	NA	NA	0	NA	NA	NA	0	NA	NA	NA	NA	0	1	0	-	NA	fixed	NA	none	0	False	containment 0.00 < 0.5; only 0/1 enzymes produced a fit; no PTR estimate	BcgI:only 0 windows after outlier trimming	no enzyme produced a usable estimate
SF003.BcgI	GCF_001546595.1	s__Prevotella_corporis	NA	NA	NA	0	NA	NA	NA	0	NA	NA	NA	NA	0	1	0	-	NA	fixed	NA	none	0	False	containment 0.00 < 0.5; only 0/1 enzymes produced a fit; no PTR estimate	BcgI:only 0 windows after outlier trimming	no enzyme produced a usable estimate
SF003.BcgI	GCF_001546835.1	s__Streptococcus_sp000187445	50.69405417	139.2552075	0.2619796425	0.0338028169	123.3996088	6.947194011	NA	127	0.9998707956	2.521131051	2.005867951	11.88852007	1	1	1	BcgI	NA	fixed	1611422.247	glm	9	False	fraction 0.26 < 0.75; dispersion 139.26 > 5.0; containment 0.03 < 0.5	-	single enzyme: no cross-enzyme consistency check available
SF003.BcgI	GCF_001553215.1	s__Porphyromonas_pasteri	129.6385056	308.0175335	0.3398652664	0.2703081232	2.409104417	1.268496925	NA	2113	1	0.6159052392	0.0613448387	2.475649012	1	1	1	BcgI	NA	fixed	1291100.693	glm	34	False	fraction 0.34 < 0.75; dispersion 308.02 > 5.0; containment 0.27 < 0.5	-	single enzyme: no cross-enzyme consistency check available
SF003.BcgI	GCF_001553285.1	s__Varibaculum_cambriense	NA	NA	NA	0	NA	NA	NA	0	NA	NA	NA	NA	0	1	0	-	NA	fixed	NA	none	0	False	containment 0.00 < 0.5; only 0/1 enzymes produced a fit; no PTR estimate	BcgI:only 0 windows after outlier trimming	no enzyme produced a usable estimate
SF003.BcgI	GCF_001553645.1	s__Leptotrichia_sp001553645	NA	NA	NA	0	NA	NA	NA	0	NA	NA	NA	NA	0	1	0	-	NA	fixed	NA	none	0	False	containment 0.00 < 0.5; only 0/1 enzymes produced a fit; no PTR estimate	BcgI:only 0 windows after outlier trimming	no enzyme produced a usable estimate
SF003.BcgI	GCF_001553935.1	s__Actinomyces_oris_A	45.73906089	45.82514518	0.04925781661	0.04576043069	4.080761913	2.028838541	NA	1368	0.9996827353	0.6690873944	0.7174513454	3.340225736	1	1	1	BcgI	NA	fixed	1250963.422	glm	23	False	fraction 0.05 < 0.75; dispersion 45.83 > 5.0; containment 0.05 < 0.5	-	single enzyme: no cross-enzyme consistency check available
SF003.BcgI	GCF_001556045.1	s__Bradyrhizobium_sp001556045	NA	NA	NA	0	NA	NA	NA	0	NA	NA	NA	NA	0	1	0	-	NA	fixed	NA	none	0	False	containment 0.00 < 0.5; only 0/1 enzymes produced a fit; no PTR estimate	BcgI:only 0 windows after outlier trimming	no enzyme produced a usable estimate
SF003.BcgI	GCF_001557225.1	s__Streptococcus_sanguinis_C	56.68877693	64.01970788	0.1312757001	0.05405405405	1596.849173	10.64101234	NA	102	0.9996776133	3.90292303	2.991423763	18.29060091	1	1	1	BcgI	NA	fixed	514817.08	glm	7	False	fraction 0.13 < 0.75; dispersion 64.02 > 5.0; containment 0.05 < 0.5	-	single enzyme: no cross-enzyme consistency check available
SF003.BcgI	GCF_001559795.1	s__Streptobacillus_hongkongensis	NA	NA	NA	0	NA	NA	NA	0	NA	NA	NA	NA	0	1	0	-	NA	fixed	NA	none	0	False	containment 0.00 < 0.5; only 0/1 enzymes produced a fit; no PTR estimate	BcgI:only 0 windows after outlier trimming	no enzyme produced a usable estimate
SF003.BcgI	GCF_001560895.1	s__Streptococcus_mitis_Q	NA	NA	NA	0.01075268817	NA	NA	NA	0	NA	NA	NA	NA	0	1	0	-	NA	fixed	NA	none	0	False	containment 0.01 < 0.5; only 0/1 enzymes produced a fit; no PTR estimate	BcgI:only 0 windows after outlier trimming	no enzyme produced a usable estimate
SF003.BcgI	GCF_001578705.1	s__Streptococcus_oralis_J	NA	NA	NA	0	NA	NA	NA	0	NA	NA	NA	NA	0	1	0	-	NA	fixed	NA	none	0	False	containment 0.00 < 0.5; only 0/1 enzymes produced a fit; no PTR estimate	BcgI:only 0 windows after outlier trimming	no enzyme produced a usable estimate
SF003.BcgI	GCF_001578775.1	s__Streptococcus_cristatus_A	NA	NA	NA	0.01509433962	NA	NA	NA	0	NA	NA	NA	NA	0	1	0	-	NA	fixed	NA	none	0	False	containment 0.02 < 0.5; only 0/1 enzymes produced a fit; no PTR estimate	BcgI:only 3 windows after outlier trimming	no enzyme produced a usable estimate
SF003.BcgI	GCF_001578945.1	s__Streptococcus_oralis_Q	NA	NA	NA	0.004901960784	NA	NA	NA	0	NA	NA	NA	NA	0	1	0	-	NA	fixed	NA	none	0	False	containment 0.00 < 0.5; only 0/1 enzymes produced a fit; no PTR estimate	BcgI:only 1 windows after outlier trimming	no enzyme produced a usable estimate
SF003.BcgI	GCF_001579035.1	s__Streptococcus_mitis_J	NA	NA	NA	0	NA	NA	NA	0	NA	NA	NA	NA	0	1	0	-	NA	fixed	NA	none	0	False	containment 0.00 < 0.5; only 0/1 enzymes produced a fit; no PTR estimate	BcgI:only 0 windows after outlier trimming	no enzyme produced a usable estimate
SF003.BcgI	GCF_001579045.1	s__Streptococcus_mitis_D	NA	NA	NA	0.008771929825	NA	NA	NA	0	NA	NA	NA	NA	0	1	0	-	NA	fixed	NA	none	0	False	containment 0.01 < 0.5; only 0/1 enzymes produced a fit; no PTR estimate	BcgI:only 0 windows after outlier trimming	no enzyme produced a usable estimate
SF003.BcgI	GCF_001579095.1	s__Streptococcus_oralis_H	NA	NA	NA	0.01492537313	NA	NA	NA	0	NA	NA	NA	NA	0	1	0	-	NA	fixed	NA	none	0	False	containment 0.01 < 0.5; only 0/1 enzymes produced a fit; no PTR estimate	BcgI:only 1 windows after outlier trimming	no enzyme produced a usable estimate
SF003.BcgI	GCF_001579175.1	s__Streptococcus_oralis_O	NA	NA	NA	0.01492537313	NA	NA	NA	0	NA	NA	NA	NA	0	1	0	-	NA	fixed	NA	none	0	False	containment 0.01 < 0.5; only 0/1 enzymes produced a fit; no PTR estimate	BcgI:only 1 windows after outlier trimming	no enzyme produced a usable estimate
SF003.BcgI	GCF_001579525.1	s__Streptococcus_oralis_M	NA	NA	NA	0	NA	NA	NA	0	NA	NA	NA	NA	0	1	0	-	NA	fixed	NA	none	0	False	containment 0.00 < 0.5; only 0/1 enzymes produced a fit; no PTR estimate	BcgI:only 0 windows after outlier trimming	no enzyme produced a usable estimate
SF003.BcgI	GCF_001579645.1	s__Streptococcus_infantis_E	NA	NA	NA	0.01666666667	NA	NA	NA	0	NA	NA	NA	NA	0	1	0	-	NA	fixed	NA	none	0	False	containment 0.02 < 0.5; only 0/1 enzymes produced a fit; no PTR estimate	BcgI:only 1 windows after outlier trimming	no enzyme produced a usable estimate
SF003.BcgI	GCF_001586195.1	s__Solibacillus_silvestris	NA	NA	NA	0	NA	NA	NA	0	NA	NA	NA	NA	0	1	0	-	NA	fixed	NA	none	0	False	containment 0.00 < 0.5; only 0/1 enzymes produced a fit; no PTR estimate	BcgI:only 0 windows after outlier trimming	no enzyme produced a usable estimate
SF003.BcgI	GCF_001588645.1	s__Streptococcus_oralis_AB	NA	NA	NA	0.02222222222	NA	NA	NA	0	NA	NA	NA	NA	0	1	0	-	NA	fixed	NA	none	0	False	containment 0.02 < 0.5; only 0/1 enzymes produced a fit; no PTR estimate	BcgI:only 2 windows after outlier trimming	no enzyme produced a usable estimate
SF003.BcgI	GCF_001588895.1	s__Streptococcus_sanguinis_H	23.69020625	15.82874028	0.07660714286	0.04508196721	3.66562371	1.874058695	NA	140	0.9926518339	2.037517888	-2.119402984	5.867520374	1	1	1	BcgI	NA	fixed	1741503.956	glm	6	False	fraction 0.08 < 0.75; dispersion 15.83 > 5.0; containment 0.05 < 0.5	-	single enzyme: no cross-enzyme consistency check available
SF003.BcgI	GCF_001589145.1	s__Streptococcus_gordonii	261.5397339	518.3531681	0.237530525	0.2426229508	1.402322026e+33	110.1114448	NA	305	1	1.179325273	107.8000098	112.4228799	1	1	1	BcgI	NA	fixed	590815.5375	glm	14	False	fraction 0.24 < 0.75; dispersion 518.35 > 5.0; containment 0.24 < 0.5	-	single enzyme: no cross-enzyme consistency check available
SF003.BcgI	GCF_001592185.1	s__Neisseria_denitrificans	NA	NA	NA	0.001143510577	NA	NA	NA	0	NA	NA	NA	NA	0	1	0	-	NA	fixed	NA	none	0	False	containment 0.00 < 0.5; only 0/1 enzymes produced a fit; no PTR estimate	BcgI:only 1 windows after outlier trimming	no enzyme produced a usable estimate
SF003.BcgI	GCF_001592265.1	s__Hylemonella_delicata	NA	NA	NA	0	NA	NA	NA	0	NA	NA	NA	NA	0	1	0	-	NA	fixed	NA	none	0	False	containment 0.00 < 0.5; only 0/1 enzymes produced a fit; no PTR estimate	BcgI:only 0 windows after outlier trimming	no enzyme produced a usable estimate
SF003.BcgI	GCF_001597285.1	s__Pseudomonas_E_alcaligenes	NA	NA	NA	0	NA	NA	NA	0	NA	NA	NA	NA	0	1	0	-	NA	fixed	NA	none	0	False	containment 0.00 < 0.5; only 0/1 enzymes produced a fit; no PTR estimate	BcgI:only 0 windows after outlier trimming	no enzyme produced a usable estimate
SF003.BcgI	GCF_001618085.1	s__Neisseria_flavescens_C	296.1910431	425.0322044	0.150131683	0.09504132231	4.850113283	2.278018444	NA	377	0.999999995	1.330490234	-0.3296944968	4.885731385	1	1	1	BcgI	NA	fixed	389410.24	glm	21	False	fraction 0.15 < 0.75; dispersion 425.03 > 5.0; containment 0.10 < 0.5	-	single enzyme: no cross-enzyme consistency check available
SF003.BcgI	GCF_001619955.1	s__Sphingomonas_hankookensis	NA	NA	NA	0	NA	NA	NA	0	NA	NA	NA	NA	0	1	0	-	NA	fixed	NA	none	0	False	containment 0.00 < 0.5; only 0/1 enzymes produced a fit; no PTR estimate	BcgI:only 0 windows after outlier trimming	no enzyme produced a usable estimate
SF003.BcgI	GCF_001638925.1	s__Sphingomonas_aquatilis	23.47823385	17.71655224	0.01378661733	0.006381510866	1.563712113	0.6449749301	NA	2341	0.8760942514	0.433645842	-0.2049553022	1.494905162	1	1	1	BcgI	NA	fixed	3618918	glm	23	False	fraction 0.01 < 0.75; dispersion 17.72 > 5.0; containment 0.01 < 0.5	-	single enzyme: no cross-enzyme consistency check available
SF003.BcgI	GCF_001639395.1	s__Streptococcus_oralis_S	NA	NA	NA	0.02941176471	NA	NA	NA	0	NA	NA	NA	NA	0	1	0	-	NA	fixed	NA	none	0	False	containment 0.03 < 0.5; only 0/1 enzymes produced a fit; no PTR estimate	BcgI:only 2 windows after outlier trimming	no enzyme produced a usable estimate
SF003.BcgI	GCF_001648355.1	s__Eikenella_longinqua	NA	NA	NA	0.001969796454	NA	NA	NA	0	NA	NA	NA	NA	0	1	0	-	NA	fixed	NA	none	0	False	containment 0.00 < 0.5; only 0/1 enzymes produced a fit; no PTR estimate	BcgI:only 3 windows after outlier trimming	no enzyme produced a usable estimate
SF003.BcgI	GCF_001648425.1	s__Eikenella_exigua	22.82725802	NA	0.02371591384	0.006743737958	2.536464696	1.342819081	NA	256	0.9164166658	1.552229943	-1.699495702	4.385133864	1	1	1	BcgI	NA	fixed	755180.7267	glm	6	False	fraction 0.02 < 0.75; containment 0.01 < 0.5	-	single enzyme: no cross-enzyme consistency check available
SF003.BcgI	GCF_001648475.1	s__Eikenella_halliae	39.89761882	21.9876458	0.04711027528	0.03442485306	4.975426442	2.314820184	NA	915	0.9988463777	0.8549590933	0.6391311527	3.990509215	1	1	1	BcgI	NA	fixed	1706374.071	glm	21	False	fraction 0.05 < 0.75; dispersion 21.99 > 5.0; containment 0.03 < 0.5	-	single enzyme: no cross-enzyme consistency check available
SF003.BcgI	GCF_001650315.1	s__Streptococcus_sp001650315	NA	NA	NA	0	NA	NA	NA	0	NA	NA	NA	NA	0	1	0	-	NA	fixed	NA	none	0	False	containment 0.00 < 0.5; only 0/1 enzymes produced a fit; no PTR estimate	BcgI:only 0 windows after outlier trimming	no enzyme produced a usable estimate
SF003.BcgI	GCF_001653935.1	s__Ralstonia_insidiosa	NA	NA	NA	0	NA	NA	NA	0	NA	NA	NA	NA	0	1	0	-	NA	fixed	NA	none	0	False	containment 0.00 < 0.5; only 0/1 enzymes produced a fit; no PTR estimate	BcgI:only 0 windows after outlier trimming	no enzyme produced a usable estimate
SF003.BcgI	GCF_001665295.1	s__Mycobacterium_sp001665295	NA	NA	NA	0.0004388531305	NA	NA	NA	0	NA	NA	NA	NA	0	1	0	-	NA	fixed	NA	none	0	False	containment 0.00 < 0.5; only 0/1 enzymes produced a fit; no PTR estimate	BcgI:only 1 windows after outlier trimming	no enzyme produced a usable estimate
SF003.BcgI	GCF_001665715.1	s__Gordonia_sputi	NA	NA	NA	0	NA	NA	NA	0	NA	NA	NA	NA	0	1	0	-	NA	fixed	NA	none	0	False	containment 0.00 < 0.5; only 0/1 enzymes produced a fit; no PTR estimate	BcgI:only 0 windows after outlier trimming	no enzyme produced a usable estimate
SF003.BcgI	GCF_001665955.1	s__Corynebacterium_pseudodiphtheriticum	NA	NA	NA	0	NA	NA	NA	0	NA	NA	NA	NA	0	1	0	-	NA	fixed	NA	none	0	False	containment 0.00 < 0.5; only 0/1 enzymes produced a fit; no PTR estimate	BcgI:only 0 windows after outlier trimming	no enzyme produced a usable estimate
SF003.BcgI	GCF_001679155.1	s__Moraxella_nonliquefaciens	NA	NA	NA	0	NA	NA	NA	0	NA	NA	NA	NA	0	1	0	-	NA	fixed	NA	none	0	False	containment 0.00 < 0.5; only 0/1 enzymes produced a fit; no PTR estimate	BcgI:only 0 windows after outlier trimming	no enzyme produced a usable estimate
SF003.BcgI	GCF_001679325.1	s__Haemophilus_D_parainfluenzae	107.4431545	150.1614181	0.1173489044	0.1063122924	13.23299508	3.726067725	NA	247	0.9997214217	1.648554819	0.494959653	6.957175797	1	1	1	BcgI	NA	fixed	1330330.452	glm	11	False	fraction 0.12 < 0.75; dispersion 150.16 > 5.0; containment 0.11 < 0.5	-	single enzyme: no cross-enzyme consistency check available
SF003.BcgI	GCF_001683335.1	s__Centipeda_sp001683335	NA	NA	NA	0	NA	NA	NA	0	NA	NA	NA	NA	0	1	0	-	NA	fixed	NA	none	0	False	containment 0.00 < 0.5; only 0/1 enzymes produced a fit; no PTR estimate	BcgI:only 0 windows after outlier trimming	no enzyme produced a usable estimate
SF003.BcgI	GCF_001683355.1	s__Prevotella_scopos	NA	NA	NA	0.003816793893	NA	NA	NA	0	NA	NA	NA	NA	0	1	0	-	NA	fixed	NA	none	0	False	containment 0.00 < 0.5; only 0/1 enzymes produced a fit; no PTR estimate	BcgI:only 3 windows after outlier trimming	no enzyme produced a usable estimate
SF003.BcgI	GCF_001702075.1	s__Haemophilus_quentini	NA	NA	NA	0.01277955272	NA	NA	NA	0	NA	NA	NA	NA	0	1	0	-	NA	fixed	NA	none	0	False	containment 0.01 < 0.5; only 0/1 enzymes produced a fit; no PTR estimate	BcgI:only 2 windows after outlier trimming	no enzyme produced a usable estimate
SF003.BcgI	GCF_001717525.2	s__Tannerella_sp003033925	NA	NA	NA	0	NA	NA	NA	0	NA	NA	NA	NA	0	1	0	-	NA	fixed	NA	none	0	False	containment 0.00 < 0.5; only 0/1 enzymes produced a fit; no PTR estimate	BcgI:only 0 windows after outlier trimming	no enzyme produced a usable estimate
SF003.BcgI	GCF_001717585.1	s__Centipeda_sp001717585	NA	NA	NA	0	NA	NA	NA	0	NA	NA	NA	NA	0	1	0	-	NA	fixed	NA	none	0	False	containment 0.00 < 0.5; only 0/1 enzymes produced a fit; no PTR estimate	BcgI:only 0 windows after outlier trimming	no enzyme produced a usable estimate
SF003.BcgI	GCF_001721245.1	s__Sphingobium_yanoikuyae	NA	NA	NA	0	NA	NA	NA	0	NA	NA	NA	NA	0	1	0	-	NA	fixed	NA	none	0	False	containment 0.00 < 0.5; only 0/1 enzymes produced a fit; no PTR estimate	BcgI:only 0 windows after outlier trimming	no enzyme produced a usable estimate
SF003.BcgI	GCF_001807315.1	s__Corynebacterium_simulans	NA	NA	NA	0	NA	NA	NA	0	NA	NA	NA	NA	0	1	0	-	NA	fixed	NA	none	0	False	containment 0.00 < 0.5; only 0/1 enzymes produced a fit; no PTR estimate	BcgI:only 0 windows after outlier trimming	no enzyme produced a usable estimate
SF003.BcgI	GCF_001807385.1	s__Brachybacterium_paraconglomeratum	NA	NA	NA	0	NA	NA	NA	0	NA	NA	NA	NA	0	1	0	-	NA	fixed	NA	none	0	False	containment 0.00 < 0.5; only 0/1 enzymes produced a fit; no PTR estimate	BcgI:only 0 windows after outlier trimming	no enzyme produced a usable estimate
SF003.BcgI	GCF_001808255.1	s__Neisseria_subflava_A	146.8174073	132.1789756	0.2194258154	0.06967213115	61.80468558	5.949644312	NA	379	1	2.013843401	2.002583776	9.896704848	1	1	1	BcgI	NA	fixed	1567133.865	glm	21	False	fraction 0.22 < 0.75; dispersion 132.18 > 5.0; containment 0.07 < 0.5	-	single enzyme: no cross-enzyme consistency check available
SF003.BcgI	GCF_001808705.1	s__Streptococcus_sp001808705	NA	NA	NA	0.01652892562	NA	NA	NA	0	NA	NA	NA	NA	0	1	0	-	NA	fixed	NA	none	0	False	containment 0.02 < 0.5; only 0/1 enzymes produced a fit; no PTR estimate	BcgI:only 2 windows after outlier trimming	no enzyme produced a usable estimate
SF003.BcgI	GCF_001808865.1	s__Streptococcus_sp001553685	NA	NA	NA	0.009523809524	NA	NA	NA	0	NA	NA	NA	NA	0	1	0	-	NA	fixed	NA	none	0	False	containment 0.01 < 0.5; only 0/1 enzymes produced a fit; no PTR estimate	BcgI:only 1 windows after outlier trimming	no enzyme produced a usable estimate
SF003.BcgI	GCF_001808875.1	s__Neisseria_sicca_A	270.0065263	805.131563	0.07471885608	0.02209944751	1634.196672	10.6743659	NA	215	1	4.444552083	1.963203895	19.38552791	1	1	1	BcgI	NA	fixed	937285.9133	glm	9	False	fraction 0.07 < 0.75; dispersion 805.13 > 5.0; containment 0.02 < 0.5	-	single enzyme: no cross-enzyme consistency check available
SF003.BcgI	GCF_001809325.1	s__Neisseria_sp001809325	154.9575463	1025.027386	0.2223174603	0.02593192869	70.97330935	6.149204673	NA	113	1	2.494470238	1.260132847	11.0382765	1	1	1	BcgI	NA	fixed	2348518.12	glm	10	False	fraction 0.22 < 0.75; dispersion 1025.03 > 5.0; containment 0.03 < 0.5	-	single enzyme: no cross-enzyme consistency check available
SF003.BcgI	GCF_001810035.1	s__Neisseria_subflava_C	64.1968686	167.1952129	0.1617404817	0.04157549234	7.97257215	2.995045249	NA	223	0.9990601682	2.485138134	-1.87573599	7.865826487	1	1	1	BcgI	NA	fixed	468908.025	glm	11	False	fraction 0.16 < 0.75; dispersion 167.20 > 5.0; containment 0.04 < 0.5	-	single enzyme: no cross-enzyme consistency check available
SF003.BcgI	GCF_001810785.1	s__Streptococcus_sp001810785	NA	NA	NA	0	NA	NA	NA	0	NA	NA	NA	NA	0	1	0	-	NA	fixed	NA	none	0	False	containment 0.00 < 0.5; only 0/1 enzymes produced a fit; no PTR estimate	BcgI:only 0 windows after outlier trimming	no enzyme produced a usable estimate
SF003.BcgI	GCF_001811505.1	s__Streptococcus_sp001811505	NA	NA	NA	0.007407407407	NA	NA	NA	0	NA	NA	NA	NA	0	1	0	-	NA	fixed	NA	none	0	False	containment 0.01 < 0.5; only 0/1 enzymes produced a fit; no PTR estimate	BcgI:only 1 windows after outlier trimming	no enzyme produced a usable estimate
SF003.BcgI	GCF_001812965.1	s__Actinomyces_oris_C	49.44645116	72.35625642	0.05527478388	0.01631701632	2.474036583	1.306866833	NA	683	0.9967176173	1.600176847	-1.829422156	4.443155823	1	1	1	BcgI	NA	fixed	2047887.971	glm	17	False	fraction 0.06 < 0.75; dispersion 72.36 > 5.0; containment 0.02 < 0.5	-	single enzyme: no cross-enzyme consistency check available
SF003.BcgI	GCF_001812975.1	s__Rothia_mucilaginosa	37.66142937	45.16363892	0.06847713419	0.04120603015	18.9095719	4.241044797	NA	555	0.9995766738	1.435659635	1.427203618	7.054885975	1	1	1	BcgI	NA	fixed	87476.77278	glm	16	False	fraction 0.07 < 0.75; dispersion 45.16 > 5.0; containment 0.04 < 0.5	-	single enzyme: no cross-enzyme consistency check available
SF003.BcgI	GCF_001813205.1	s__Lancefieldella_rimae	NA	NA	NA	0	NA	NA	NA	0	NA	NA	NA	NA	0	1	0	-	NA	fixed	NA	none	0	False	containment 0.00 < 0.5; only 0/1 enzymes produced a fit; no PTR estimate	BcgI:only 0 windows after outlier trimming	no enzyme produced a usable estimate
SF003.BcgI	GCF_001813295.1	s__Streptococcus_parasanguinis_B	31.0616952	43.69658211	0.2757289056	0.06603773585	14.84382849	3.891791332	NA	124	0.9976641569	1.003543804	1.924881619	5.858701046	1	1	1	BcgI	NA	fixed	1933779.915	glm	8	False	fraction 0.28 < 0.75; dispersion 43.70 > 5.0; containment 0.07 < 0.5	-	single enzyme: no cross-enzyme consistency check available
SF003.BcgI	GCF_001814135.1	s__Neisseria_sp000952795	753.6138244	2425.269961	0.3845420091	0.09615384615	1.842472807e+23	77.28598951	NA	161	1	1.474333194	74.39634955	80.17562947	1	1	1	BcgI	NA	fixed	1240639.833	glm	19	False	fraction 0.38 < 0.75; dispersion 2425.27 > 5.0; containment 0.10 < 0.5	-	single enzyme: no cross-enzyme consistency check available
SF003.BcgI	GCF_001814145.1	s__Prevotella_conceptionensis	NA	NA	NA	0	NA	NA	NA	0	NA	NA	NA	NA	0	1	0	-	NA	fixed	NA	none	0	False	containment 0.00 < 0.5; only 0/1 enzymes produced a fit; no PTR estimate	BcgI:only 0 windows after outlier trimming	no enzyme produced a usable estimate
SF003.BcgI	GCF_001814295.1	s__Streptococcus_constellatus	NA	NA	NA	0.01	NA	NA	NA	0	NA	NA	NA	NA	0	1	0	-	NA	fixed	NA	none	0	False	containment 0.01 < 0.5; only 0/1 enzymes produced a fit; no PTR estimate	BcgI:only 3 windows after outlier trimming	no enzyme produced a usable estimate
SF003.BcgI	GCF_001814405.1	s__Lacticaseibacillus_rhamnosus	NA	NA	NA	0.001074113856	NA	NA	NA	0	NA	NA	NA	NA	0	1	0	-	NA	fixed	NA	none	0	False	containment 0.00 < 0.5; only 0/1 enzymes produced a fit; no PTR estimate	BcgI:only 0 windows after outlier trimming	no enzyme produced a usable estimate
SF003.BcgI	GCF_001814685.1	s__Prevotella_oris	NA	NA	NA	0.0006802721088	NA	NA	NA	0	NA	NA	NA	NA	0	1	0	-	NA	fixed	NA	none	0	False	containment 0.00 < 0.5; only 0/1 enzymes produced a fit; no PTR estimate	BcgI:only 1 windows after outlier trimming	no enzyme produced a usable estimate
SF003.BcgI	GCF_001814775.1	s__Streptococcus_sp001814775	NA	NA	NA	0.01081081081	NA	NA	NA	0	NA	NA	NA	NA	0	1	0	-	NA	fixed	NA	none	0	False	containment 0.01 < 0.5; only 0/1 enzymes produced a fit; no PTR estimate	BcgI:only 2 windows after outlier trimming	no enzyme produced a usable estimate
SF003.BcgI	GCF_001815355.1	s__Haemophilus_D_sp001815355	80.8228937	119.4816454	0.08595542115	0.07	32.43978063	5.019692159	NA	158	0.9996272936	1.183408805	2.700253521	7.339130796	1	1	1	BcgI	NA	fixed	1717059.669	glm	8	False	fraction 0.09 < 0.75; dispersion 119.48 > 5.0; containment 0.07 < 0.5	-	single enzyme: no cross-enzyme consistency check available
SF003.BcgI	GCF_001815675.1	s__Neisseria_sp001815675	643.1428571	1177.01557	0.1099969079	0.03002309469	2.875581622e+15	51.35277521	NA	106	1	4.952219324	41.64660369	61.05894673	1	1	1	BcgI	NA	fixed	1562875.92	glm	7	False	fraction 0.11 < 0.75; dispersion 1177.02 > 5.0; containment 0.03 < 0.5	-	single enzyme: no cross-enzyme consistency check available
SF003.BcgI	GCF_001815715.1	s__Fusobacterium_polymorphum	NA	NA	NA	0	NA	NA	NA	0	NA	NA	NA	NA	0	1	0	-	NA	fixed	NA	none	0	False	containment 0.00 < 0.5; only 0/1 enzymes produced a fit; no PTR estimate	BcgI:only 0 windows after outlier trimming	no enzyme produced a usable estimate
SF003.BcgI	GCF_001815865.1	s__Abiotrophia_sp001815865	66.74255489	38.31236132	0.1115571785	0.09512761021	2.468581159	1.303682077	NA	377	0.9990493699	1.118603313	-0.8887401287	3.496104283	1	1	1	BcgI	NA	fixed	1619507.159	glm	16	False	fraction 0.11 < 0.75; dispersion 38.31 > 5.0; containment 0.10 < 0.5	-	single enzyme: no cross-enzyme consistency check available
SF003.BcgI	GCF_001836315.1	s__Neisseria_flavescens_A	140.3463998	41.62199849	0.07069882264	0.05034324943	3.224091949	1.688892889	NA	302	0.9983456591	1.814081979	-1.866642455	5.244428234	1	1	1	BcgI	NA	fixed	2177262.663	glm	12	False	fraction 0.07 < 0.75; dispersion 41.62 > 5.0; containment 0.05 < 0.5	-	single enzyme: no cross-enzyme consistency check available
SF003.BcgI	GCF_001837905.1	s__Streptococcus_sp900766505	NA	NA	NA	0.05142857143	NA	NA	NA	0	NA	NA	NA	NA	0	1	0	-	NA	fixed	NA	none	0	False	containment 0.05 < 0.5; only 0/1 enzymes produced a fit; no PTR estimate	BcgI:only 3 windows after outlier trimming	no enzyme produced a usable estimate
SF003.BcgI	GCF_001929365.1	s__Actinomyces_oris	43.07874682	47.64416911	0.113488302	0.06288032454	3.647806289	1.86702912	NA	1152	0.9989785671	1.019077011	-0.1303251201	3.864383359	1	1	1	BcgI	NA	fixed	2038388.665	glm	35	False	fraction 0.11 < 0.75; dispersion 47.64 > 5.0; containment 0.06 < 0.5	-	single enzyme: no cross-enzyme consistency check available
SF003.BcgI	GCF_001937595.1	s__Actinomyces_naeslundii	20.06208603	7.329870559	0.02933696457	0.01509769094	1.21458341	0.2804615689	NA	1176	0.6843355085	0.9630413588	-1.60706481	2.167987948	1	1	1	BcgI	NA	fixed	2975337.047	glm	16	False	fraction 0.03 < 0.75; dispersion 7.33 > 5.0; containment 0.02 < 0.5	-	single enzyme: no cross-enzyme consistency check available
SF003.BcgI	GCF_001937655.1	s__Actinomyces_oris_B	87.49999902	NA	0.09380910915	0.008547008547	3.766384022	1.913180105	NA	175	0.9981682363	1.707649374	-1.433751166	5.260111376	1	1	1	BcgI	NA	fixed	1420644.042	glm	12	False	fraction 0.09 < 0.75; containment 0.01 < 0.5	-	single enzyme: no cross-enzyme consistency check available
SF003.BcgI	GCF_001937665.1	s__Actinomyces_oris_D	NA	NA	NA	0.003432494279	NA	NA	NA	0	NA	NA	NA	NA	0	1	0	-	NA	fixed	NA	none	0	False	containment 0.00 < 0.5; only 0/1 enzymes produced a fit; no PTR estimate	BcgI:only 3 windows after outlier trimming	no enzyme produced a usable estimate
SF003.BcgI	GCF_001937675.1	s__Actinomyces_oris_E	NA	NA	NA	0.004747774481	NA	NA	NA	0	NA	NA	NA	NA	0	1	0	-	NA	fixed	NA	none	0	False	containment 0.00 < 0.5; only 0/1 enzymes produced a fit; no PTR estimate	BcgI:only 4 windows after outlier trimming	no enzyme produced a usable estimate
SF003.BcgI	GCF_001998825.1	s__Rodentibacter_mrazii	NA	NA	NA	0.001223990208	NA	NA	NA	0	NA	NA	NA	NA	0	1	0	-	NA	fixed	NA	none	0	False	containment 0.00 < 0.5; only 0/1 enzymes produced a fit; no PTR estimate	BcgI:only 1 windows after outlier trimming	no enzyme produced a usable estimate
SF003.BcgI	GCF_002005545.1	s__Streptococcus_mitis_I	NA	NA	NA	0	NA	NA	NA	0	NA	NA	NA	NA	0	1	0	-	NA	fixed	NA	none	0	False	containment 0.00 < 0.5; only 0/1 enzymes produced a fit; no PTR estimate	BcgI:only 0 windows after outlier trimming	no enzyme produced a usable estimate
SF003.BcgI	GCF_002014765.1	s__Moraxella_C_lincolnii	NA	NA	NA	0	NA	NA	NA	0	NA	NA	NA	NA	0	1	0	-	NA	fixed	NA	none	0	False	containment 0.00 < 0.5; only 0/1 enzymes produced a fit; no PTR estimate	BcgI:only 0 windows after outlier trimming	no enzyme produced a usable estimate
SF003.BcgI	GCF_002014795.1	s__Streptococcus_mitis_AQ	NA	NA	NA	0.008849557522	NA	NA	NA	0	NA	NA	NA	NA	0	1	0	-	NA	fixed	NA	none	0	False	containment 0.01 < 0.5; only 0/1 enzymes produced a fit; no PTR estimate	BcgI:only 1 windows after outlier trimming	no enzyme produced a usable estimate
SF003.BcgI	GCF_002092855.1	s__Campylobacter_A_concisus_I	NA	NA	NA	0	NA	NA	NA	0	NA	NA	NA	NA	0	1	0	-	NA	fixed	NA	none	0	False	containment 0.00 < 0.5; only 0/1 enzymes produced a fit; no PTR estimate	BcgI:only 0 windows after outlier trimming	no enzyme produced a usable estimate
SF003.BcgI	GCF_002093515.1	s__Streptococcus_oralis_E	NA	NA	NA	0.04237288136	NA	NA	NA	0	NA	NA	NA	NA	0	1	0	-	NA	fixed	NA	none	0	False	containment 0.04 < 0.5; only 0/1 enzymes produced a fit; no PTR estimate	BcgI:only 3 windows after outlier trimming	no enzyme produced a usable estimate
SF003.BcgI	GCF_002093545.1	s__Streptococcus_oralis_C	NA	NA	NA	0.008130081301	NA	NA	NA	0	NA	NA	NA	NA	0	1	0	-	NA	fixed	NA	none	0	False	containment 0.01 < 0.5; only 0/1 enzymes produced a fit; no PTR estimate	BcgI:only 1 windows after outlier trimming	no enzyme produced a usable estimate
SF003.BcgI	GCF_002093575.1	s__Streptococcus_oralis_W	NA	NA	NA	0.032	NA	NA	NA	0	NA	NA	NA	NA	0	1	0	-	NA	fixed	NA	none	0	False	containment 0.03 < 0.5; only 0/1 enzymes produced a fit; no PTR estimate	BcgI:only 2 windows after outlier trimming	no enzyme produced a usable estimate
SF003.BcgI	GCF_002096335.1	s__Streptococcus_oralis_Z	NA	NA	NA	0	NA	NA	NA	0	NA	NA	NA	NA	0	1	0	-	NA	fixed	NA	none	0	False	containment 0.00 < 0.5; only 0/1 enzymes produced a fit; no PTR estimate	BcgI:only 0 windows after outlier trimming	no enzyme produced a usable estimate
SF003.BcgI	GCF_002096355.1	s__Streptococcus_oralis_T	NA	NA	NA	0.01941747573	NA	NA	NA	0	NA	NA	NA	NA	0	1	0	-	NA	fixed	NA	none	0	False	containment 0.02 < 0.5; only 0/1 enzymes produced a fit; no PTR estimate	BcgI:only 2 windows after outlier trimming	no enzyme produced a usable estimate
SF003.BcgI	GCF_002096435.1	s__Streptococcus_oralis_AA	NA	NA	NA	0.05952380952	NA	NA	NA	0	NA	NA	NA	NA	0	1	0	-	NA	fixed	NA	none	0	False	containment 0.06 < 0.5; only 0/1 enzymes produced a fit; no PTR estimate	BcgI:only 2 windows after outlier trimming	no enzyme produced a usable estimate
SF003.BcgI	GCF_002096445.1	s__Streptococcus_oralis_N	NA	NA	NA	0.03409090909	NA	NA	NA	0	NA	NA	NA	NA	0	1	0	-	NA	fixed	NA	none	0	False	containment 0.03 < 0.5; only 0/1 enzymes produced a fit; no PTR estimate	BcgI:only 1 windows after outlier trimming	no enzyme produced a usable estimate
SF003.BcgI	GCF_002096595.1	s__Streptococcus_oralis_D	NA	NA	NA	0	NA	NA	NA	0	NA	NA	NA	NA	0	1	0	-	NA	fixed	NA	none	0	False	containment 0.00 < 0.5; only 0/1 enzymes produced a fit; no PTR estimate	BcgI:only 0 windows after outlier trimming	no enzyme produced a usable estimate
SF003.BcgI	GCF_002096615.1	s__Streptococcus_oralis_U	NA	NA	NA	0	NA	NA	NA	0	NA	NA	NA	NA	0	1	0	-	NA	fixed	NA	none	0	False	containment 0.00 < 0.5; only 0/1 enzymes produced a fit; no PTR estimate	BcgI:only 0 windows after outlier trimming	no enzyme produced a usable estimate
SF003.BcgI	GCF_002096685.1	s__Streptococcus_oralis_AD	NA	NA	NA	0.04109589041	NA	NA	NA	0	NA	NA	NA	NA	0	1	0	-	NA	fixed	NA	none	0	False	containment 0.04 < 0.5; only 0/1 enzymes produced a fit; no PTR estimate	BcgI:only 2 windows after outlier trimming	no enzyme produced a usable estimate
SF003.BcgI	GCF_002096695.1	s__Streptococcus_dentisani	NA	NA	NA	0	NA	NA	NA	0	NA	NA	NA	NA	0	1	0	-	NA	fixed	NA	none	0	False	containment 0.00 < 0.5; only 0/1 enzymes produced a fit; no PTR estimate	BcgI:only 0 windows after outlier trimming	no enzyme produced a usable estimate
SF003.BcgI	GCF_002096815.1	s__Streptococcus_mitis_AD	NA	NA	NA	0	NA	NA	NA	0	NA	NA	NA	NA	0	1	0	-	NA	fixed	NA	none	0	False	containment 0.00 < 0.5; only 0/1 enzymes produced a fit; no PTR estimate	BcgI:only 0 windows after outlier trimming	no enzyme produced a usable estimate
SF003.BcgI	GCF_002096835.1	s__Streptococcus_mitis_W	NA	NA	NA	0	NA	NA	NA	0	NA	NA	NA	NA	0	1	0	-	NA	fixed	NA	none	0	False	containment 0.00 < 0.5; only 0/1 enzymes produced a fit; no PTR estimate	BcgI:only 0 windows after outlier trimming	no enzyme produced a usable estimate
SF003.BcgI	GCF_002096845.1	s__Streptococcus_mitis_A	NA	NA	NA	0	NA	NA	NA	0	NA	NA	NA	NA	0	1	0	-	NA	fixed	NA	none	0	False	containment 0.00 < 0.5; only 0/1 enzymes produced a fit; no PTR estimate	BcgI:only 0 windows after outlier trimming	no enzyme produced a usable estimate
SF003.BcgI	GCF_002096855.1	s__Streptococcus_mitis_Y	NA	NA	NA	0	NA	NA	NA	0	NA	NA	NA	NA	0	1	0	-	NA	fixed	NA	none	0	False	containment 0.00 < 0.5; only 0/1 enzymes produced a fit; no PTR estimate	BcgI:only 0 windows after outlier trimming	no enzyme produced a usable estimate
SF003.BcgI	GCF_002096895.1	s__Streptococcus_mitis_AH	NA	NA	NA	0.01851851852	NA	NA	NA	0	NA	NA	NA	NA	0	1	0	-	NA	fixed	NA	none	0	False	containment 0.02 < 0.5; only 0/1 enzymes produced a fit; no PTR estimate	BcgI:only 1 windows after outlier trimming	no enzyme produced a usable estimate
SF003.BcgI	GCF_002096925.1	s__Streptococcus_mitis_AF	NA	NA	NA	0	NA	NA	NA	0	NA	NA	NA	NA	0	1	0	-	NA	fixed	NA	none	0	False	containment 0.00 < 0.5; only 0/1 enzymes produced a fit; no PTR estimate	BcgI:only 0 windows after outlier trimming	no enzyme produced a usable estimate
SF003.BcgI	GCF_002108505.1	s__Neisseria_dumasiana	NA	NA	NA	0.0005984440455	NA	NA	NA	0	NA	NA	NA	NA	0	1	0	-	NA	fixed	NA	none	0	False	containment 0.00 < 0.5; only 0/1 enzymes produced a fit; no PTR estimate	BcgI:only 0 windows after outlier trimming	no enzyme produced a usable estimate
SF003.BcgI	GCF_002108595.1	s__Neisseria_dentiae	NA	NA	NA	0.000456412597	NA	NA	NA	0	NA	NA	NA	NA	0	1	0	-	NA	fixed	NA	none	0	False	containment 0.00 < 0.5; only 0/1 enzymes produced a fit; no PTR estimate	BcgI:only 0 windows after outlier trimming	no enzyme produced a usable estimate
SF003.BcgI	GCF_002127225.1	s__Sphingomonas_sp002127225	NA	NA	NA	0	NA	NA	NA	0	NA	NA	NA	NA	0	1	0	-	NA	fixed	NA	none	0	False	containment 0.00 < 0.5; only 0/1 enzymes produced a fit; no PTR estimate	BcgI:only 0 windows after outlier trimming	no enzyme produced a usable estimate
SF003.BcgI	GCF_002197385.1	s__Streptococcus_agalactiae	NA	NA	NA	0	NA	NA	NA	0	NA	NA	NA	NA	0	1	0	-	NA	fixed	NA	none	0	False	containment 0.00 < 0.5; only 0/1 enzymes produced a fit; no PTR estimate	BcgI:only 0 windows after outlier trimming	no enzyme produced a usable estimate
SF003.BcgI	GCF_002204455.1	s__Porphyromonas_gingivalis	NA	NA	NA	0	NA	NA	NA	0	NA	NA	NA	NA	0	1	0	-	NA	fixed	NA	none	0	False	containment 0.00 < 0.5; only 0/1 enzymes produced a fit; no PTR estimate	BcgI:only 0 windows after outlier trimming	no enzyme produced a usable estimate
SF003.BcgI	GCF_002204475.1	s__Prevotella_nigrescens	NA	NA	NA	0	NA	NA	NA	0	NA	NA	NA	NA	0	1	0	-	NA	fixed	NA	none	0	False	containment 0.00 < 0.5; only 0/1 enzymes produced a fit; no PTR estimate	BcgI:only 0 windows after outlier trimming	no enzyme produced a usable estimate
SF003.BcgI	GCF_002205845.1	s__Pelomonas_puraquae	NA	NA	NA	0.0002900652647	NA	NA	NA	0	NA	NA	NA	NA	0	1	0	-	NA	fixed	NA	none	0	False	containment 0.00 < 0.5; only 0/1 enzymes produced a fit; no PTR estimate	BcgI:only 0 windows after outlier trimming	no enzyme produced a usable estimate
SF003.BcgI	GCF_002209185.2	s__Corynebacterium_amycolatum_A	NA	NA	NA	0	NA	NA	NA	0	NA	NA	NA	NA	0	1	0	-	NA	fixed	NA	none	0	False	containment 0.00 < 0.5; only 0/1 enzymes produced a fit; no PTR estimate	BcgI:only 0 windows after outlier trimming	no enzyme produced a usable estimate
SF003.BcgI	GCF_002209445.1	s__Capnocytophaga_endodontalis	28.64371215	24.68007159	0.03912037037	0.01880530973	73.82012613	6.205942297	NA	436	0.9999734049	2.333744896	1.631886352	10.77999824	1	1	1	BcgI	NA	fixed	2770368.913	glm	12	False	fraction 0.04 < 0.75; dispersion 24.68 > 5.0; containment 0.02 < 0.5	-	single enzyme: no cross-enzyme consistency check available
SF003.BcgI	GCF_002237445.1	s__Neisseria_sp002237445	NA	NA	NA	0.0005646527386	NA	NA	NA	0	NA	NA	NA	NA	0	1	0	-	NA	fixed	NA	none	0	False	containment 0.00 < 0.5; only 0/1 enzymes produced a fit; no PTR estimate	BcgI:only 1 windows after outlier trimming	no enzyme produced a usable estimate
SF003.BcgI	GCF_002238135.1	s__Rothia_aeria	44.27838167	45.31075797	0.1288233949	0.1248275862	2.455923438	1.296265586	NA	1422	0.99913138	0.5988202492	0.1225994646	2.469931708	1	1	1	BcgI	NA	fixed	1470389.25	glm	27	False	fraction 0.13 < 0.75; dispersion 45.31 > 5.0; containment 0.12 < 0.5	-	single enzyme: no cross-enzyme consistency check available
SF003.BcgI	GCF_002243385.1	s__Mogibacterium_pumilum	NA	NA	NA	0	NA	NA	NA	0	NA	NA	NA	NA	0	1	0	-	NA	fixed	NA	none	0	False	containment 0.00 < 0.5; only 0/1 enzymes produced a fit; no PTR estimate	BcgI:only 0 windows after outlier trimming	no enzyme produced a usable estimate
SF003.BcgI	GCF_002259155.1	s__Rhodococcus_B_sp002259415	NA	NA	NA	0	NA	NA	NA	0	NA	NA	NA	NA	0	1	0	-	NA	fixed	NA	none	0	False	containment 0.00 < 0.5; only 0/1 enzymes produced a fit; no PTR estimate	BcgI:only 0 windows after outlier trimming	no enzyme produced a usable estimate
SF003.BcgI	GCF_002259295.1	s__Rhodococcus_B_fascians	NA	NA	NA	0	NA	NA	NA	0	NA	NA	NA	NA	0	1	0	-	NA	fixed	NA	none	0	False	containment 0.00 < 0.5; only 0/1 enzymes produced a fit; no PTR estimate	BcgI:only 0 windows after outlier trimming	no enzyme produced a usable estimate
SF003.BcgI	GCF_002289925.1	s__Ligilactobacillus_salivarius	NA	NA	NA	0	NA	NA	NA	0	NA	NA	NA	NA	0	1	0	-	NA	fixed	NA	none	0	False	containment 0.00 < 0.5; only 0/1 enzymes produced a fit; no PTR estimate	BcgI:only 0 windows after outlier trimming	no enzyme produced a usable estimate
SF003.BcgI	GCF_002302595.1	s__Capnocytophaga_sputigena	51.65766667	39.35060199	0.1309774436	0.1309794989	1.550989948	0.6331893365	NA	878	0.993131851	0.6045168412	-0.5516419004	1.818020573	1	1	1	BcgI	NA	fixed	1974317.444	glm	25	False	fraction 0.13 < 0.75; dispersion 39.35 > 5.0; containment 0.13 < 0.5	-	single enzyme: no cross-enzyme consistency check available
SF003.BcgI	GCF_002355895.1	s__Streptococcus_sp002355895	NA	NA	NA	0.03125	NA	NA	NA	0	NA	NA	NA	NA	0	1	0	-	NA	fixed	NA	none	0	False	containment 0.03 < 0.5; only 0/1 enzymes produced a fit; no PTR estimate	BcgI:only 2 windows after outlier trimming	no enzyme produced a usable estimate
SF003.BcgI	GCF_002443115.1	s__Dermabacter_hominis	NA	NA	NA	0	NA	NA	NA	0	NA	NA	NA	NA	0	1	0	-	NA	fixed	NA	none	0	False	containment 0.00 < 0.5; only 0/1 enzymes produced a fit; no PTR estimate	BcgI:only 0 windows after outlier trimming	no enzyme produced a usable estimate
SF003.BcgI	GCF_002551535.2	s__Neisseria_brasiliensis	NA	NA	NA	0.001129943503	NA	NA	NA	0	NA	NA	NA	NA	0	1	0	-	NA	fixed	NA	none	0	False	containment 0.00 < 0.5; only 0/1 enzymes produced a fit; no PTR estimate	BcgI:only 1 windows after outlier trimming	no enzyme produced a usable estimate
SF003.BcgI	GCF_002763535.1	s__Prevotella_intermedia	NA	NA	NA	0	NA	NA	NA	0	NA	NA	NA	NA	0	1	0	-	NA	fixed	NA	none	0	False	containment 0.00 < 0.5; only 0/1 enzymes produced a fit; no PTR estimate	BcgI:only 0 windows after outlier trimming	no enzyme produced a usable estimate
SF003.BcgI	GCF_002763595.1	s__Fusobacterium_pseudoperiodonticum	NA	NA	NA	0.02272727273	NA	NA	NA	0	NA	NA	NA	NA	0	1	0	-	NA	fixed	NA	none	0	False	containment 0.02 < 0.5; only 0/1 enzymes produced a fit; no PTR estimate	BcgI:only 1 windows after outlier trimming	no enzyme produced a usable estimate
SF003.BcgI	GCF_002803535.1	s__Ochrobactrum_A_pituitosum	NA	NA	NA	0	NA	NA	NA	0	NA	NA	NA	NA	0	1	0	-	NA	fixed	NA	none	0	False	containment 0.00 < 0.5; only 0/1 enzymes produced a fit; no PTR estimate	BcgI:only 0 windows after outlier trimming	no enzyme produced a usable estimate
SF003.BcgI	GCF_002810365.1	s__Psychrobacter_sp002810365	NA	NA	NA	0	NA	NA	NA	0	NA	NA	NA	NA	0	1	0	-	NA	fixed	NA	none	0	False	containment 0.00 < 0.5; only 0/1 enzymes produced a fit; no PTR estimate	BcgI:only 0 windows after outlier trimming	no enzyme produced a usable estimate
SF003.BcgI	GCF_002860865.1	s__Streptococcus_mitis_AT	NA	NA	NA	0	NA	NA	NA	0	NA	NA	NA	NA	0	1	0	-	NA	fixed	NA	none	0	False	containment 0.00 < 0.5; only 0/1 enzymes produced a fit; no PTR estimate	BcgI:only 0 windows after outlier trimming	no enzyme produced a usable estimate
SF003.BcgI	GCF_002860905.1	s__Streptococcus_oralis_BA	NA	NA	NA	0	NA	NA	NA	0	NA	NA	NA	NA	0	1	0	-	NA	fixed	NA	none	0	False	containment 0.00 < 0.5; only 0/1 enzymes produced a fit; no PTR estimate	BcgI:only 0 windows after outlier trimming	no enzyme produced a usable estimate
SF003.BcgI	GCF_002863305.1	s__Neisseria_perflava	127.8111059	149.1070508	0.08364355035	0.06570841889	10.10162759	3.336515856	NA	361	0.9999898528	1.211464683	0.9620887096	5.710943002	1	1	1	BcgI	NA	fixed	1770005.409	glm	15	False	fraction 0.08 < 0.75; dispersion 149.11 > 5.0; containment 0.07 < 0.5	-	single enzyme: no cross-enzyme consistency check available
SF003.BcgI	GCF_002869785.1	s__Tsukamurella_tyrosinosolvens	NA	NA	NA	0	NA	NA	NA	0	NA	NA	NA	NA	0	1	0	-	NA	fixed	NA	none	0	False	containment 0.00 < 0.5; only 0/1 enzymes produced a fit; no PTR estimate	BcgI:only 0 windows after outlier trimming	no enzyme produced a usable estimate
SF003.BcgI	GCF_002871975.1	s__Actinomyces_graevenitzii	26.74975177	14.68399283	0.03904939807	0.0235426009	2.278861287	1.188313111	NA	493	0.9721281232	0.8913754265	-0.5587506211	2.935376844	1	1	1	BcgI	NA	fixed	1420186.57	glm	14	False	fraction 0.04 < 0.75; dispersion 14.68 > 5.0; containment 0.02 < 0.5	-	single enzyme: no cross-enzyme consistency check available
SF003.BcgI	GCF_002884635.1	s__Prevotella_buccalis	NA	NA	NA	0	NA	NA	NA	0	NA	NA	NA	NA	0	1	0	-	NA	fixed	NA	none	0	False	containment 0.00 < 0.5; only 0/1 enzymes produced a fit; no PTR estimate	BcgI:only 0 windows after outlier trimming	no enzyme produced a usable estimate
SF003.BcgI	GCF_002894165.1	s__Prevotella_timonensis	NA	NA	NA	0	NA	NA	NA	0	NA	NA	NA	NA	0	1	0	-	NA	fixed	NA	none	0	False	containment 0.00 < 0.5; only 0/1 enzymes produced a fit; no PTR estimate	BcgI:only 0 windows after outlier trimming	no enzyme produced a usable estimate
SF003.BcgI	GCF_002906715.1	s__Pseudomonas_E_sp002843585	NA	NA	NA	0	NA	NA	NA	0	NA	NA	NA	NA	0	1	0	-	NA	fixed	NA	none	0	False	containment 0.00 < 0.5; only 0/1 enzymes produced a fit; no PTR estimate	BcgI:only 0 windows after outlier trimming	no enzyme produced a usable estimate
SF003.BcgI	GCF_002907185.1	s__Fructilactobacillus_sanfranciscensis	NA	NA	NA	0.003984063745	NA	NA	NA	0	NA	NA	NA	NA	0	1	0	-	NA	fixed	NA	none	0	False	containment 0.00 < 0.5; only 0/1 enzymes produced a fit; no PTR estimate	BcgI:only 1 windows after outlier trimming	no enzyme produced a usable estimate
SF003.BcgI	GCF_002912505.1	s__Campylobacter_A_concisus_T	NA	NA	NA	0.003472222222	NA	NA	NA	0	NA	NA	NA	NA	0	1	0	-	NA	fixed	NA	none	0	False	containment 0.00 < 0.5; only 0/1 enzymes produced a fit; no PTR estimate	BcgI:only 1 windows after outlier trimming	no enzyme produced a usable estimate
SF003.BcgI	GCF_002914085.1	s__Campylobacter_A_concisus_R	NA	NA	NA	0.003649635036	NA	NA	NA	0	NA	NA	NA	NA	0	1	0	-	NA	fixed	NA	none	0	False	containment 0.00 < 0.5; only 0/1 enzymes produced a fit; no PTR estimate	BcgI:only 1 windows after outlier trimming	no enzyme produced a usable estimate
SF003.BcgI	GCF_002934005.1	s__Cuspidothrix_issatschenkoi	NA	NA	NA	0.001449275362	NA	NA	NA	0	NA	NA	NA	NA	0	1	0	-	NA	fixed	NA	none	0	False	containment 0.00 < 0.5; only 0/1 enzymes produced a fit; no PTR estimate	BcgI:only 1 windows after outlier trimming	no enzyme produced a usable estimate
SF003.BcgI	GCF_002948535.1	s__Enterococcus_faecalis	NA	NA	NA	0	NA	NA	NA	0	NA	NA	NA	NA	0	1	0	-	NA	fixed	NA	none	0	False	containment 0.00 < 0.5; only 0/1 enzymes produced a fit; no PTR estimate	BcgI:only 0 windows after outlier trimming	no enzyme produced a usable estimate
SF003.BcgI	GCF_002951835.1	s__Simonsiella_muelleri	NA	NA	NA	0	NA	NA	NA	0	NA	NA	NA	NA	0	1	0	-	NA	fixed	NA	none	0	False	containment 0.00 < 0.5; only 0/1 enzymes produced a fit; no PTR estimate	BcgI:only 0 windows after outlier trimming	no enzyme produced a usable estimate
SF003.BcgI	GCF_002959755.1	s__Veillonella_sp002959755	NA	NA	NA	0.01449275362	NA	NA	NA	0	NA	NA	NA	NA	0	1	0	-	NA	fixed	NA	none	0	False	containment 0.01 < 0.5; only 0/1 enzymes produced a fit; no PTR estimate	BcgI:only 1 windows after outlier trimming	no enzyme produced a usable estimate
SF003.BcgI	GCF_002959835.1	s__Veillonella_rogosae	74.5583326	55.42392492	0.1396400701	0.06714628297	10.84370285	3.43878558	NA	222	0.9999996022	1.994776798	-0.470905102	7.348476262	1	1	1	BcgI	NA	fixed	1157850.379	glm	10	False	fraction 0.14 < 0.75; dispersion 55.42 > 5.0; containment 0.07 < 0.5	-	single enzyme: no cross-enzyme consistency check available
SF003.BcgI	GCF_002959855.1	s__Veillonella_denticariosi	NA	NA	NA	0	NA	NA	NA	0	NA	NA	NA	NA	0	1	0	-	NA	fixed	NA	none	0	False	containment 0.00 < 0.5; only 0/1 enzymes produced a fit; no PTR estimate	BcgI:only 0 windows after outlier trimming	no enzyme produced a usable estimate
SF003.BcgI	GCF_002959875.1	s__Veillonella_infantium	67.69999619	25.13793103	0.04633662234	0.025	5.158669159	2.366998925	NA	135	0.9996399244	2.569754195	-2.669626746	7.403624596	1	1	1	BcgI	NA	fixed	1180205.887	glm	5	False	fraction 0.05 < 0.75; dispersion 25.14 > 5.0; containment 0.03 < 0.5	-	single enzyme: no cross-enzyme consistency check available
SF003.BcgI	GCF_002984015.1	s__Haemophilus_influenzae_D	NA	NA	NA	0	NA	NA	NA	0	NA	NA	NA	NA	0	1	0	-	NA	fixed	NA	none	0	False	containment 0.00 < 0.5; only 0/1 enzymes produced a fit; no PTR estimate	BcgI:only 0 windows after outlier trimming	no enzyme produced a usable estimate
SF003.BcgI	GCF_002984725.1	s__Haemophilus_influenzae_E	NA	NA	NA	0	NA	NA	NA	0	NA	NA	NA	NA	0	1	0	-	NA	fixed	NA	none	0	False	containment 0.00 < 0.5; only 0/1 enzymes produced a fit; no PTR estimate	BcgI:only 0 windows after outlier trimming	no enzyme produced a usable estimate
SF003.BcgI	GCF_002989575.1	s__Haemophilus_influenzae_F	NA	NA	NA	0.01282051282	NA	NA	NA	0	NA	NA	NA	NA	0	1	0	-	NA	fixed	NA	none	0	False	containment 0.01 < 0.5; only 0/1 enzymes produced a fit; no PTR estimate	BcgI:only 2 windows after outlier trimming	no enzyme produced a usable estimate
SF003.BcgI	GCF_002999035.1	s__W11650_sp002999035	NA	NA	NA	0	NA	NA	NA	0	NA	NA	NA	NA	0	1	0	-	NA	fixed	NA	none	0	False	containment 0.00 < 0.5; only 0/1 enzymes produced a fit; no PTR estimate	BcgI:only 0 windows after outlier trimming	no enzyme produced a usable estimate
SF003.BcgI	GCF_002999135.1	s__Capnocytophaga_sp002999135	NA	NA	NA	0.01217656012	NA	NA	NA	0	NA	NA	NA	NA	0	1	0	-	NA	fixed	NA	none	0	False	containment 0.01 < 0.5; only 0/1 enzymes produced a fit; no PTR estimate	BcgI:only 3 windows after outlier trimming	no enzyme produced a usable estimate
SF003.BcgI	GCF_002999235.1	s__Actinomyces_sp002999235	NA	NA	NA	0	NA	NA	NA	0	NA	NA	NA	NA	0	1	0	-	NA	fixed	NA	none	0	False	containment 0.00 < 0.5; only 0/1 enzymes produced a fit; no PTR estimate	BcgI:only 0 windows after outlier trimming	no enzyme produced a usable estimate
SF003.BcgI	GCF_002999515.1	s__Streptococcus_anginosus_C	NA	NA	NA	0.005899705015	NA	NA	NA	0	NA	NA	NA	NA	0	1	0	-	NA	fixed	NA	none	0	False	containment 0.01 < 0.5; only 0/1 enzymes produced a fit; no PTR estimate	BcgI:only 2 windows after outlier trimming	no enzyme produced a usable estimate
SF003.BcgI	GCF_003008575.1	s__SC2-9_sp003008575	NA	NA	NA	0	NA	NA	NA	0	NA	NA	NA	NA	0	1	0	-	NA	fixed	NA	none	0	False	containment 0.00 < 0.5; only 0/1 enzymes produced a fit; no PTR estimate	BcgI:only 0 windows after outlier trimming	no enzyme produced a usable estimate
SF003.BcgI	GCF_003013245.1	s__Neisseria_iguanae	NA	NA	NA	0.001166861144	NA	NA	NA	0	NA	NA	NA	NA	0	1	0	-	NA	fixed	NA	none	0	False	containment 0.00 < 0.5; only 0/1 enzymes produced a fit; no PTR estimate	BcgI:only 2 windows after outlier trimming	no enzyme produced a usable estimate
SF003.BcgI	GCF_003043925.1	s__Prevotella_sp003043925	NA	NA	NA	0	NA	NA	NA	0	NA	NA	NA	NA	0	1	0	-	NA	fixed	NA	none	0	False	containment 0.00 < 0.5; only 0/1 enzymes produced a fit; no PTR estimate	BcgI:only 0 windows after outlier trimming	no enzyme produced a usable estimate
SF003.BcgI	GCF_003043935.1	s__Prevotella_jejuni	NA	NA	NA	0.002004008016	NA	NA	NA	0	NA	NA	NA	NA	0	1	0	-	NA	fixed	NA	none	0	False	containment 0.00 < 0.5; only 0/1 enzymes produced a fit; no PTR estimate	BcgI:only 1 windows after outlier trimming	no enzyme produced a usable estimate
SF003.BcgI	GCF_003043945.1	s__Prevotella_sp003043945	NA	NA	NA	0	NA	NA	NA	0	NA	NA	NA	NA	0	1	0	-	NA	fixed	NA	none	0	False	containment 0.00 < 0.5; only 0/1 enzymes produced a fit; no PTR estimate	BcgI:only 0 windows after outlier trimming	no enzyme produced a usable estimate
SF003.BcgI	GCF_003043955.1	s__F0428_sp003043955	NA	NA	NA	0	NA	NA	NA	0	NA	NA	NA	NA	0	1	0	-	NA	fixed	NA	none	0	False	containment 0.00 < 0.5; only 0/1 enzymes produced a fit; no PTR estimate	BcgI:only 0 windows after outlier trimming	no enzyme produced a usable estimate
SF003.BcgI	GCF_003044425.1	s__Neisseria_sicca_C	186.2358869	321.1981894	0.08296199035	0.05215419501	12.11455912	3.598669998	NA	236	0.9999999665	1.961686119	-0.2461641453	7.443504141	1	1	1	BcgI	NA	fixed	393887.97	glm	12	False	fraction 0.08 < 0.75; dispersion 321.20 > 5.0; containment 0.05 < 0.5	-	single enzyme: no cross-enzyme consistency check available
SF003.BcgI	GCF_003044485.1	s__Neisseria_bergeri	NA	NA	NA	0.005952380952	NA	NA	NA	0	NA	NA	NA	NA	0	1	0	-	NA	fixed	NA	none	0	False	containment 0.01 < 0.5; only 0/1 enzymes produced a fit; no PTR estimate	BcgI:only 2 windows after outlier trimming	no enzyme produced a usable estimate
SF003.BcgI	GCF_003044645.1	s__Neisseria_subflava_B	243.8333327	524.9146899	0.07016521673	0.04517453799	4.668857447	2.22306954	NA	290	1	2.2043439	-2.097365114	6.543504194	1	1	1	BcgI	NA	fixed	2114915.58	glm	12	False	fraction 0.07 < 0.75; dispersion 524.91 > 5.0; containment 0.05 < 0.5	-	single enzyme: no cross-enzyme consistency check available
SF003.BcgI	GCF_003044905.1	s__Neisseria_weaveri	NA	NA	NA	0	NA	NA	NA	0	NA	NA	NA	NA	0	1	0	-	NA	fixed	NA	none	0	False	containment 0.00 < 0.5; only 0/1 enzymes produced a fit; no PTR estimate	BcgI:only 0 windows after outlier trimming	no enzyme produced a usable estimate
SF003.BcgI	GCF_003048595.1	s__Campylobacter_A_concisus_L	NA	NA	NA	0	NA	NA	NA	0	NA	NA	NA	NA	0	1	0	-	NA	fixed	NA	none	0	False	containment 0.00 < 0.5; only 0/1 enzymes produced a fit; no PTR estimate	BcgI:only 0 windows after outlier trimming	no enzyme produced a usable estimate
SF003.BcgI	GCF_003048835.1	s__Campylobacter_A_concisus_D	NA	NA	NA	0	NA	NA	NA	0	NA	NA	NA	NA	0	1	0	-	NA	fixed	NA	none	0	False	containment 0.00 < 0.5; only 0/1 enzymes produced a fit; no PTR estimate	BcgI:only 0 windows after outlier trimming	no enzyme produced a usable estimate
SF003.BcgI	GCF_003053105.1	s__Limosilactobacillus_fermentum	NA	NA	NA	0.002743484225	NA	NA	NA	0	NA	NA	NA	NA	0	1	0	-	NA	fixed	NA	none	0	False	containment 0.00 < 0.5; only 0/1 enzymes produced a fit; no PTR estimate	BcgI:only 1 windows after outlier trimming	no enzyme produced a usable estimate
SF003.BcgI	GCF_003056725.1	s__Mangrovicoccus_ximenensis	NA	NA	NA	0	NA	NA	NA	0	NA	NA	NA	NA	0	1	0	-	NA	fixed	NA	none	0	False	containment 0.00 < 0.5; only 0/1 enzymes produced a fit; no PTR estimate	BcgI:only 0 windows after outlier trimming	no enzyme produced a usable estimate
SF003.BcgI	GCF_003096815.1	s__Prevotella_colorans	NA	NA	NA	0	NA	NA	NA	0	NA	NA	NA	NA	0	1	0	-	NA	fixed	NA	none	0	False	containment 0.00 < 0.5; only 0/1 enzymes produced a fit; no PTR estimate	BcgI:only 0 windows after outlier trimming	no enzyme produced a usable estimate
SF003.BcgI	GCF_003124035.1	s__Kocuria_rosea	NA	NA	NA	0	NA	NA	NA	0	NA	NA	NA	NA	0	1	0	-	NA	fixed	NA	none	0	False	containment 0.00 < 0.5; only 0/1 enzymes produced a fit; no PTR estimate	BcgI:only 0 windows after outlier trimming	no enzyme produced a usable estimate
SF003.BcgI	GCF_003129965.1	s__Aggregatibacter_kilianii_A	NA	NA	NA	0.001342281879	NA	NA	NA	0	NA	NA	NA	NA	0	1	0	-	NA	fixed	NA	none	0	False	containment 0.00 < 0.5; only 0/1 enzymes produced a fit; no PTR estimate	BcgI:only 1 windows after outlier trimming	no enzyme produced a usable estimate
SF003.BcgI	GCF_003130075.1	s__Aggregatibacter_segnis_A	NA	NA	NA	0	NA	NA	NA	0	NA	NA	NA	NA	0	1	0	-	NA	fixed	NA	none	0	False	containment 0.00 < 0.5; only 0/1 enzymes produced a fit; no PTR estimate	BcgI:only 0 windows after outlier trimming	no enzyme produced a usable estimate
SF003.BcgI	GCF_003182235.1	s__Phyllobacterium_myrsinacearum	NA	NA	NA	0	NA	NA	NA	0	NA	NA	NA	NA	0	1	0	-	NA	fixed	NA	none	0	False	containment 0.00 < 0.5; only 0/1 enzymes produced a fit; no PTR estimate	BcgI:only 0 windows after outlier trimming	no enzyme produced a usable estimate
SF003.BcgI	GCF_003201255.1	s__Pantoea_ananatis	NA	NA	NA	0	NA	NA	NA	0	NA	NA	NA	NA	0	1	0	-	NA	fixed	NA	none	0	False	containment 0.00 < 0.5; only 0/1 enzymes produced a fit; no PTR estimate	BcgI:only 0 windows after outlier trimming	no enzyme produced a usable estimate
SF003.BcgI	GCF_003252645.1	s__Aggregatibacter_segnis	NA	NA	NA	0	NA	NA	NA	0	NA	NA	NA	NA	0	1	0	-	NA	fixed	NA	none	0	False	containment 0.00 < 0.5; only 0/1 enzymes produced a fit; no PTR estimate	BcgI:only 0 windows after outlier trimming	no enzyme produced a usable estimate
SF003.BcgI	GCF_003252725.1	s__Haemophilus_D_parainfluenzae_L	73.99999964	NA	0.04828571429	0.02127659574	13.14008573	3.715902783	NA	109	0.9900944926	1.098802343	1.562289766	5.869515801	1	1	1	BcgI	NA	fixed	1502155.657	glm	5	False	fraction 0.05 < 0.75; containment 0.02 < 0.5	-	single enzyme: no cross-enzyme consistency check available
SF003.BcgI	GCF_003252795.1	s__Haemophilus_D_parainfluenzae_K	163.9074074	50.376925	0.07418703161	0.07083333333	2.765264779	1.467417628	NA	227	0.998100107	1.210439464	-0.9050001277	3.839835383	1	1	1	BcgI	NA	fixed	1002778.148	glm	9	False	fraction 0.07 < 0.75; dispersion 50.38 > 5.0; containment 0.07 < 0.5	-	single enzyme: no cross-enzyme consistency check available
SF003.BcgI	GCF_003252835.1	s__Aggregatibacter_kilianii	NA	NA	NA	0	NA	NA	NA	0	NA	NA	NA	NA	0	1	0	-	NA	fixed	NA	none	0	False	containment 0.00 < 0.5; only 0/1 enzymes produced a fit; no PTR estimate	BcgI:only 0 windows after outlier trimming	no enzyme produced a usable estimate
SF003.BcgI	GCF_003263915.2	s__Dolosigranulum_pigrum	NA	NA	NA	0	NA	NA	NA	0	NA	NA	NA	NA	0	1	0	-	NA	fixed	NA	none	0	False	containment 0.00 < 0.5; only 0/1 enzymes produced a fit; no PTR estimate	BcgI:only 0 windows after outlier trimming	no enzyme produced a usable estimate
SF003.BcgI	GCF_003345135.1	s__Acidovorax_defluvii	NA	NA	NA	0	NA	NA	NA	0	NA	NA	NA	NA	0	1	0	-	NA	fixed	NA	none	0	False	containment 0.00 < 0.5; only 0/1 enzymes produced a fit; no PTR estimate	BcgI:only 0 windows after outlier trimming	no enzyme produced a usable estimate
SF003.BcgI	GCF_003428885.1	s__Streptococcus_sp003428885	NA	NA	NA	0.00641025641	NA	NA	NA	0	NA	NA	NA	NA	0	1	0	-	NA	fixed	NA	none	0	False	containment 0.01 < 0.5; only 0/1 enzymes produced a fit; no PTR estimate	BcgI:only 1 windows after outlier trimming	no enzyme produced a usable estimate
SF003.BcgI	GCF_003433295.1	s__Eubacterium_A_minutum	NA	NA	NA	0	NA	NA	NA	0	NA	NA	NA	NA	0	1	0	-	NA	fixed	NA	none	0	False	containment 0.00 < 0.5; only 0/1 enzymes produced a fit; no PTR estimate	BcgI:only 0 windows after outlier trimming	no enzyme produced a usable estimate
SF003.BcgI	GCF_003463825.1	s__Veillonella_sp003463825	NA	NA	NA	0.02222222222	NA	NA	NA	0	NA	NA	NA	NA	0	1	0	-	NA	fixed	NA	none	0	False	containment 0.02 < 0.5; only 0/1 enzymes produced a fit; no PTR estimate	BcgI:only 0 windows after outlier trimming	no enzyme produced a usable estimate
SF003.BcgI	GCF_003464005.1	s__Veillonella_parvula_A	77.97495144	70.76248336	0.4067709324	0.199376947	3.441449306	1.783016258	NA	221	0.9969395059	0.8050938065	0.2050613935	3.360971123	1	1	1	BcgI	NA	fixed	157978.8889	glm	34	False	fraction 0.41 < 0.75; dispersion 70.76 > 5.0; containment 0.20 < 0.5	-	single enzyme: no cross-enzyme consistency check available
SF003.BcgI	GCF_003490595.1	s__Haemophilus_haemolyticus_I	NA	NA	NA	0	NA	NA	NA	0	NA	NA	NA	NA	0	1	0	-	NA	fixed	NA	none	0	False	containment 0.00 < 0.5; only 0/1 enzymes produced a fit; no PTR estimate	BcgI:only 0 windows after outlier trimming	no enzyme produced a usable estimate
SF003.BcgI	GCF_003492425.1	s__Neisseria_lactamica	NA	NA	NA	0.004219409283	NA	NA	NA	0	NA	NA	NA	NA	0	1	0	-	NA	fixed	NA	none	0	False	containment 0.00 < 0.5; only 0/1 enzymes produced a fit; no PTR estimate	BcgI:only 3 windows after outlier trimming	no enzyme produced a usable estimate
SF003.BcgI	GCF_003493605.1	s__Haemophilus_haemolyticus_J	NA	NA	NA	0	NA	NA	NA	0	NA	NA	NA	NA	0	1	0	-	NA	fixed	NA	none	0	False	containment 0.00 < 0.5; only 0/1 enzymes produced a fit; no PTR estimate	BcgI:only 0 windows after outlier trimming	no enzyme produced a usable estimate
SF003.BcgI	GCF_003570845.1	s__Allisonella_pneumosintes	NA	NA	NA	0	NA	NA	NA	0	NA	NA	NA	NA	0	1	0	-	NA	fixed	NA	none	0	False	containment 0.00 < 0.5; only 0/1 enzymes produced a fit; no PTR estimate	BcgI:only 0 windows after outlier trimming	no enzyme produced a usable estimate
SF003.BcgI	GCF_003603405.1	s__Streptococcus_koreensis	173.0123094	528.6135024	0.4394720312	0.4207492795	3.410579272e+37	124.6813563	NA	333	0.9998730904	0.8942164043	122.9287244	126.4339883	1	1	1	BcgI	NA	fixed	919949.485	glm	14	False	fraction 0.44 < 0.75; dispersion 528.61 > 5.0; containment 0.42 < 0.5	-	single enzyme: no cross-enzyme consistency check available
SF003.BcgI	GCF_003609775.1	s__Prevotella_melaninogenica_A	21.10369426	1.45915305	0.04643737431	0.03230148048	3.016017659	1.592644876	NA	481	0.9903497824	0.6569780151	0.3049916277	2.880298124	1	1	1	BcgI	NA	fixed	1956474.559	glm	16	False	fraction 0.05 < 0.75; containment 0.03 < 0.5	-	single enzyme: no cross-enzyme consistency check available
SF003.BcgI	GCF_003627155.1	s__Streptococcus_gwangjuense	NA	NA	NA	0	NA	NA	NA	0	NA	NA	NA	NA	0	1	0	-	NA	fixed	NA	none	0	False	containment 0.00 < 0.5; only 0/1 enzymes produced a fit; no PTR estimate	BcgI:only 0 windows after outlier trimming	no enzyme produced a usable estimate
SF003.BcgI	GCF_003660455.1	s__Nocardioides_sp003660455	NA	NA	NA	0.0001773049645	NA	NA	NA	0	NA	NA	NA	NA	0	1	0	-	NA	fixed	NA	none	0	False	containment 0.00 < 0.5; only 0/1 enzymes produced a fit; no PTR estimate	BcgI:only 1 windows after outlier trimming	no enzyme produced a usable estimate
SF003.BcgI	GCF_003710825.1	s__Brevibacillus_D_fluminis	NA	NA	NA	0	NA	NA	NA	0	NA	NA	NA	NA	0	1	0	-	NA	fixed	NA	none	0	False	containment 0.00 < 0.5; only 0/1 enzymes produced a fit; no PTR estimate	BcgI:only 0 windows after outlier trimming	no enzyme produced a usable estimate
SF003.BcgI	GCF_003710885.1	s__Brevibacillus_agri	NA	NA	NA	0	NA	NA	NA	0	NA	NA	NA	NA	0	1	0	-	NA	fixed	NA	none	0	False	containment 0.00 < 0.5; only 0/1 enzymes produced a fit; no PTR estimate	BcgI:only 0 windows after outlier trimming	no enzyme produced a usable estimate
SF003.BcgI	GCF_003790445.1	s__Neisseria_chenwenguii	NA	NA	NA	0	NA	NA	NA	0	NA	NA	NA	NA	0	1	0	-	NA	fixed	NA	none	0	False	containment 0.00 < 0.5; only 0/1 enzymes produced a fit; no PTR estimate	BcgI:only 0 windows after outlier trimming	no enzyme produced a usable estimate
SF003.BcgI	GCF_003797385.1	s__Arachnia_propionica	NA	NA	NA	0	NA	NA	NA	0	NA	NA	NA	NA	0	1	0	-	NA	fixed	NA	none	0	False	containment 0.00 < 0.5; only 0/1 enzymes produced a fit; no PTR estimate	BcgI:only 0 windows after outlier trimming	no enzyme produced a usable estimate
SF003.BcgI	GCF_003798325.1	s__Propionibacterium_acidifaciens	NA	NA	NA	0.001503307276	NA	NA	NA	0	NA	NA	NA	NA	0	1	0	-	NA	fixed	NA	none	0	False	containment 0.00 < 0.5; only 0/1 enzymes produced a fit; no PTR estimate	BcgI:only 1 windows after outlier trimming	no enzyme produced a usable estimate
SF003.BcgI	GCF_003813805.1	s__Neisseria_sp002327085	NA	NA	NA	0.001588983051	NA	NA	NA	0	NA	NA	NA	NA	0	1	0	-	NA	fixed	NA	none	0	False	containment 0.00 < 0.5; only 0/1 enzymes produced a fit; no PTR estimate	BcgI:only 2 windows after outlier trimming	no enzyme produced a usable estimate
SF003.BcgI	GCF_003837955.1	s__Campylobacter_D_hepaticus	NA	NA	NA	0	NA	NA	NA	0	NA	NA	NA	NA	0	1	0	-	NA	fixed	NA	none	0	False	containment 0.00 < 0.5; only 0/1 enzymes produced a fit; no PTR estimate	BcgI:only 0 windows after outlier trimming	no enzyme produced a usable estimate
SF003.BcgI	GCF_003851545.1	s__Ralstonia_sp003851545	NA	NA	NA	0	NA	NA	NA	0	NA	NA	NA	NA	0	1	0	-	NA	fixed	NA	none	0	False	containment 0.00 < 0.5; only 0/1 enzymes produced a fit; no PTR estimate	BcgI:only 0 windows after outlier trimming	no enzyme produced a usable estimate
SF003.BcgI	GCF_003853905.1	s__Burkholderia_contaminans	NA	NA	NA	0	NA	NA	NA	0	NA	NA	NA	NA	0	1	0	-	NA	fixed	NA	none	0	False	containment 0.00 < 0.5; only 0/1 enzymes produced a fit; no PTR estimate	BcgI:only 0 windows after outlier trimming	no enzyme produced a usable estimate
SF003.BcgI	GCF_003859795.1	s__F0040_sp003859795	NA	NA	NA	0	NA	NA	NA	0	NA	NA	NA	NA	0	1	0	-	NA	fixed	NA	none	0	False	containment 0.00 < 0.5; only 0/1 enzymes produced a fit; no PTR estimate	BcgI:only 0 windows after outlier trimming	no enzyme produced a usable estimate
SF003.BcgI	GCF_003859805.1	s__Arachnia_propionica_C	NA	NA	NA	0	NA	NA	NA	0	NA	NA	NA	NA	0	1	0	-	NA	fixed	NA	none	0	False	containment 0.00 < 0.5; only 0/1 enzymes produced a fit; no PTR estimate	BcgI:only 0 windows after outlier trimming	no enzyme produced a usable estimate
SF003.BcgI	GCF_003862475.1	s__Lachnoanaerobaculum_gingivalis	NA	NA	NA	0.01219512195	NA	NA	NA	0	NA	NA	NA	NA	0	1	0	-	NA	fixed	NA	none	0	False	containment 0.01 < 0.5; only 0/1 enzymes produced a fit; no PTR estimate	BcgI:only 3 windows after outlier trimming	no enzyme produced a usable estimate
SF003.BcgI	GCF_003892345.1	s__Lautropia_dentalis	225.7554641	912.4431644	0.01333333333	0.005697232773	9.693096093	3.276957554	NA	1500	0.9999549425	1.721192765	-0.09651827542	6.650433383	1	1	1	BcgI	NA	fixed	143174.4	glm	15	False	fraction 0.01 < 0.75; dispersion 912.44 > 5.0; containment 0.01 < 0.5	-	single enzyme: no cross-enzyme consistency check available
SF003.BcgI	GCF_003932785.1	s__Arachnia_propionica_B	NA	NA	NA	0	NA	NA	NA	0	NA	NA	NA	NA	0	1	0	-	NA	fixed	NA	none	0	False	containment 0.00 < 0.5; only 0/1 enzymes produced a fit; no PTR estimate	BcgI:only 0 windows after outlier trimming	no enzyme produced a usable estimate
SF003.BcgI	GCF_003932855.1	s__Arachnia_sp003932855	NA	NA	NA	0	NA	NA	NA	0	NA	NA	NA	NA	0	1	0	-	NA	fixed	NA	none	0	False	containment 0.00 < 0.5; only 0/1 enzymes produced a fit; no PTR estimate	BcgI:only 0 windows after outlier trimming	no enzyme produced a usable estimate
SF003.BcgI	GCF_003942575.1	s__Streptococcus_mitis_S	NA	NA	NA	0	NA	NA	NA	0	NA	NA	NA	NA	0	1	0	-	NA	fixed	NA	none	0	False	containment 0.00 < 0.5; only 0/1 enzymes produced a fit; no PTR estimate	BcgI:only 0 windows after outlier trimming	no enzyme produced a usable estimate
SF003.BcgI	GCF_003942585.1	s__Streptococcus_oralis_BE	NA	NA	NA	0.009803921569	NA	NA	NA	0	NA	NA	NA	NA	0	1	0	-	NA	fixed	NA	none	0	False	containment 0.01 < 0.5; only 0/1 enzymes produced a fit; no PTR estimate	BcgI:only 1 windows after outlier trimming	no enzyme produced a usable estimate
SF003.BcgI	GCF_003942665.1	s__Streptococcus_oralis_BD	NA	NA	NA	0.009174311927	NA	NA	NA	0	NA	NA	NA	NA	0	1	0	-	NA	fixed	NA	none	0	False	containment 0.01 < 0.5; only 0/1 enzymes produced a fit; no PTR estimate	BcgI:only 0 windows after outlier trimming	no enzyme produced a usable estimate
SF003.BcgI	GCF_003942775.1	s__Streptococcus_mitis_AK	NA	NA	NA	0	NA	NA	NA	0	NA	NA	NA	NA	0	1	0	-	NA	fixed	NA	none	0	False	containment 0.00 < 0.5; only 0/1 enzymes produced a fit; no PTR estimate	BcgI:only 0 windows after outlier trimming	no enzyme produced a usable estimate
SF003.BcgI	GCF_003942795.1	s__Streptococcus_mitis_BJ	NA	NA	NA	0.01020408163	NA	NA	NA	0	NA	NA	NA	NA	0	1	0	-	NA	fixed	NA	none	0	False	containment 0.01 < 0.5; only 0/1 enzymes produced a fit; no PTR estimate	BcgI:only 1 windows after outlier trimming	no enzyme produced a usable estimate
SF003.BcgI	GCF_003942865.1	s__Streptococcus_mitis_BI	NA	NA	NA	0	NA	NA	NA	0	NA	NA	NA	NA	0	1	0	-	NA	fixed	NA	none	0	False	containment 0.00 < 0.5; only 0/1 enzymes produced a fit; no PTR estimate	BcgI:only 0 windows after outlier trimming	no enzyme produced a usable estimate
SF003.BcgI	GCF_003942915.1	s__Streptococcus_mitis_AX	NA	NA	NA	0.01176470588	NA	NA	NA	0	NA	NA	NA	NA	0	1	0	-	NA	fixed	NA	none	0	False	containment 0.01 < 0.5; only 0/1 enzymes produced a fit; no PTR estimate	BcgI:only 1 windows after outlier trimming	no enzyme produced a usable estimate
SF003.BcgI	GCF_003942945.1	s__Streptococcus_mitis_BD	NA	NA	NA	0	NA	NA	NA	0	NA	NA	NA	NA	0	1	0	-	NA	fixed	NA	none	0	False	containment 0.00 < 0.5; only 0/1 enzymes produced a fit; no PTR estimate	BcgI:only 0 windows after outlier trimming	no enzyme produced a usable estimate
SF003.BcgI	GCF_003942965.1	s__Streptococcus_mitis_BH	NA	NA	NA	0	NA	NA	NA	0	NA	NA	NA	NA	0	1	0	-	NA	fixed	NA	none	0	False	containment 0.00 < 0.5; only 0/1 enzymes produced a fit; no PTR estimate	BcgI:only 0 windows after outlier trimming	no enzyme produced a usable estimate
SF003.BcgI	GCF_003942985.1	s__Streptococcus_oralis_G	NA	NA	NA	0	NA	NA	NA	0	NA	NA	NA	NA	0	1	0	-	NA	fixed	NA	none	0	False	containment 0.00 < 0.5; only 0/1 enzymes produced a fit; no PTR estimate	BcgI:only 0 windows after outlier trimming	no enzyme produced a usable estimate
SF003.BcgI	GCF_003943395.1	s__Streptococcus_oralis_BF	NA	NA	NA	0.007751937984	NA	NA	NA	0	NA	NA	NA	NA	0	1	0	-	NA	fixed	NA	none	0	False	containment 0.01 < 0.5; only 0/1 enzymes produced a fit; no PTR estimate	BcgI:only 0 windows after outlier trimming	no enzyme produced a usable estimate
SF003.BcgI	GCF_003943415.1	s__Streptococcus_oralis_BJ	NA	NA	NA	0	NA	NA	NA	0	NA	NA	NA	NA	0	1	0	-	NA	fixed	NA	none	0	False	containment 0.00 < 0.5; only 0/1 enzymes produced a fit; no PTR estimate	BcgI:only 0 windows after outlier trimming	no enzyme produced a usable estimate
SF003.BcgI	GCF_003943505.1	s__Streptococcus_cristatus_E	NA	NA	NA	0.00487804878	NA	NA	NA	0	NA	NA	NA	NA	0	1	0	-	NA	fixed	NA	none	0	False	containment 0.00 < 0.5; only 0/1 enzymes produced a fit; no PTR estimate	BcgI:only 1 windows after outlier trimming	no enzyme produced a usable estimate
SF003.BcgI	GCF_003943515.1	s__Streptococcus_cristatus_D	NA	NA	NA	0	NA	NA	NA	0	NA	NA	NA	NA	0	1	0	-	NA	fixed	NA	none	0	False	containment 0.00 < 0.5; only 0/1 enzymes produced a fit; no PTR estimate	BcgI:only 0 windows after outlier trimming	no enzyme produced a usable estimate
SF003.BcgI	GCF_003943735.1	s__Streptococcus_sanguinis_E	33.70232648	19.17050505	0.1583520691	0.05857740586	5.468393173	2.451116975	NA	159	0.9986559589	1.000167638	0.4908244269	4.411409524	1	1	1	BcgI	NA	fixed	1062569.416	glm	9	False	fraction 0.16 < 0.75; dispersion 19.17 > 5.0; containment 0.06 < 0.5	-	single enzyme: no cross-enzyme consistency check available
SF003.BcgI	GCF_003943815.1	s__Streptococcus_cristatus_F	NA	NA	NA	0.005235602094	NA	NA	NA	0	NA	NA	NA	NA	0	1	0	-	NA	fixed	NA	none	0	False	containment 0.01 < 0.5; only 0/1 enzymes produced a fit; no PTR estimate	BcgI:only 1 windows after outlier trimming	no enzyme produced a usable estimate
SF003.BcgI	GCF_003943935.1	s__Streptococcus_mitis_BK	NA	NA	NA	0	NA	NA	NA	0	NA	NA	NA	NA	0	1	0	-	NA	fixed	NA	none	0	False	containment 0.00 < 0.5; only 0/1 enzymes produced a fit; no PTR estimate	BcgI:only 0 windows after outlier trimming	no enzyme produced a usable estimate
SF003.BcgI	GCF_003943955.1	s__Streptococcus_oralis_AC	NA	NA	NA	0	NA	NA	NA	0	NA	NA	NA	NA	0	1	0	-	NA	fixed	NA	none	0	False	containment 0.00 < 0.5; only 0/1 enzymes produced a fit; no PTR estimate	BcgI:only 0 windows after outlier trimming	no enzyme produced a usable estimate
SF003.BcgI	GCF_003944205.1	s__Streptococcus_oralis_BH	NA	NA	NA	0	NA	NA	NA	0	NA	NA	NA	NA	0	1	0	-	NA	fixed	NA	none	0	False	containment 0.00 < 0.5; only 0/1 enzymes produced a fit; no PTR estimate	BcgI:only 0 windows after outlier trimming	no enzyme produced a usable estimate
SF003.BcgI	GCF_003944215.1	s__Streptococcus_oralis_BI	NA	NA	NA	0	NA	NA	NA	0	NA	NA	NA	NA	0	1	0	-	NA	fixed	NA	none	0	False	containment 0.00 < 0.5; only 0/1 enzymes produced a fit; no PTR estimate	BcgI:only 0 windows after outlier trimming	no enzyme produced a usable estimate
SF003.BcgI	GCF_003944225.1	s__Streptococcus_cristatus_C	NA	NA	NA	0.005076142132	NA	NA	NA	0	NA	NA	NA	NA	0	1	0	-	NA	fixed	NA	none	0	False	containment 0.01 < 0.5; only 0/1 enzymes produced a fit; no PTR estimate	BcgI:only 1 windows after outlier trimming	no enzyme produced a usable estimate
SF003.BcgI	GCF_003944325.1	s__Streptococcus_mitis_O	NA	NA	NA	0	NA	NA	NA	0	NA	NA	NA	NA	0	1	0	-	NA	fixed	NA	none	0	False	containment 0.00 < 0.5; only 0/1 enzymes produced a fit; no PTR estimate	BcgI:only 0 windows after outlier trimming	no enzyme produced a usable estimate
SF003.BcgI	GCF_003944465.1	s__Streptococcus_sanguinis_F	51.6	80.80658436	0.1073333333	0.03643724696	37.27772284	5.220241829	NA	103	0.9986559715	1.195514996	2.877075493	7.563408164	1	1	1	BcgI	NA	fixed	1622779.894	glm	5	False	fraction 0.11 < 0.75; dispersion 80.81 > 5.0; containment 0.04 < 0.5	-	single enzyme: no cross-enzyme consistency check available
SF003.BcgI	GCF_003964245.1	s__Enterobacter_hormaechei_A	21.42813441	0.7272727273	0.0242876142	0.003441802253	6.235556058	2.640518219	NA	566	0.9810160123	1.496622753	-0.2928084766	5.573844914	1	1	1	BcgI	NA	fixed	3562593.276	glm	7	False	fraction 0.02 < 0.75; containment 0.00 < 0.5	-	single enzyme: no cross-enzyme consistency check available
SF003.BcgI	GCF_003977605.1	s__Prevotella_koreensis	NA	NA	NA	0	NA	NA	NA	0	NA	NA	NA	NA	0	1	0	-	NA	fixed	NA	none	0	False	containment 0.00 < 0.5; only 0/1 enzymes produced a fit; no PTR estimate	BcgI:only 0 windows after outlier trimming	no enzyme produced a usable estimate
SF003.BcgI	GCF_003990355.1	s__Eikenella_corrodens_B	16.5614347	NA	0.02272727273	0.008050089445	0.3712570438	-1.429509697	NA	308	0.9999999549	1.324808728	-4.02608709	1.167067697	1	1	1	BcgI	NA	fixed	2266807.647	glm	7	False	fraction 0.02 < 0.75; containment 0.01 < 0.5	-	single enzyme: no cross-enzyme consistency check available
SF003.BcgI	GCF_003992005.1	s__F0422_sp003992005	NA	NA	NA	0	NA	NA	NA	0	NA	NA	NA	NA	0	1	0	-	NA	fixed	NA	none	0	False	containment 0.00 < 0.5; only 0/1 enzymes produced a fit; no PTR estimate	BcgI:only 0 windows after outlier trimming	no enzyme produced a usable estimate
SF003.BcgI	GCF_003992055.1	s__F0422_sp003992055	NA	NA	NA	0	NA	NA	NA	0	NA	NA	NA	NA	0	1	0	-	NA	fixed	NA	none	0	False	containment 0.00 < 0.5; only 0/1 enzymes produced a fit; no PTR estimate	BcgI:only 0 windows after outlier trimming	no enzyme produced a usable estimate
SF003.BcgI	GCF_003992085.1	s__F0422_sp003992015	NA	NA	NA	0	NA	NA	NA	0	NA	NA	NA	NA	0	1	0	-	NA	fixed	NA	none	0	False	containment 0.00 < 0.5; only 0/1 enzymes produced a fit; no PTR estimate	BcgI:only 0 windows after outlier trimming	no enzyme produced a usable estimate
SF003.BcgI	GCF_003992135.1	s__F0422_sp003992135	NA	NA	NA	0	NA	NA	NA	0	NA	NA	NA	NA	0	1	0	-	NA	fixed	NA	none	0	False	containment 0.00 < 0.5; only 0/1 enzymes produced a fit; no PTR estimate	BcgI:only 0 windows after outlier trimming	no enzyme produced a usable estimate
SF003.BcgI	GCF_003992235.1	s__F0422_sp001553345	NA	NA	NA	0	NA	NA	NA	0	NA	NA	NA	NA	0	1	0	-	NA	fixed	NA	none	0	False	containment 0.00 < 0.5; only 0/1 enzymes produced a fit; no PTR estimate	BcgI:only 0 windows after outlier trimming	no enzyme produced a usable estimate
SF003.BcgI	GCF_003992315.1	s__F0422_sp003992315	NA	NA	NA	0	NA	NA	NA	0	NA	NA	NA	NA	0	1	0	-	NA	fixed	NA	none	0	False	containment 0.00 < 0.5; only 0/1 enzymes produced a fit; no PTR estimate	BcgI:only 0 windows after outlier trimming	no enzyme produced a usable estimate
SF003.BcgI	GCF_004000985.1	s__Paenibacillus_G_validus	NA	NA	NA	0	NA	NA	NA	0	NA	NA	NA	NA	0	1	0	-	NA	fixed	NA	none	0	False	containment 0.00 < 0.5; only 0/1 enzymes produced a fit; no PTR estimate	BcgI:only 0 windows after outlier trimming	no enzyme produced a usable estimate
SF003.BcgI	GCF_004025845.1	s__Janibacter_hoylei	NA	NA	NA	0	NA	NA	NA	0	NA	NA	NA	NA	0	1	0	-	NA	fixed	NA	none	0	False	containment 0.00 < 0.5; only 0/1 enzymes produced a fit; no PTR estimate	BcgI:only 0 windows after outlier trimming	no enzyme produced a usable estimate
SF003.BcgI	GCF_004114445.1	s__Bradyrhizobium_guangzhouense	NA	NA	NA	0	NA	NA	NA	0	NA	NA	NA	NA	0	1	0	-	NA	fixed	NA	none	0	False	containment 0.00 < 0.5; only 0/1 enzymes produced a fit; no PTR estimate	BcgI:only 0 windows after outlier trimming	no enzyme produced a usable estimate
SF003.BcgI	GCF_004127235.1	s__Streptococcus_sp000831085	NA	NA	NA	0.02654867257	NA	NA	NA	0	NA	NA	NA	NA	0	1	0	-	NA	fixed	NA	none	0	False	containment 0.03 < 0.5; only 0/1 enzymes produced a fit; no PTR estimate	BcgI:only 2 windows after outlier trimming	no enzyme produced a usable estimate
SF003.BcgI	GCF_004134945.1	s__Fusobacterium_C_necrophorum	NA	NA	NA	0	NA	NA	NA	0	NA	NA	NA	NA	0	1	0	-	NA	fixed	NA	none	0	False	containment 0.00 < 0.5; only 0/1 enzymes produced a fit; no PTR estimate	BcgI:only 0 windows after outlier trimming	no enzyme produced a usable estimate
SF003.BcgI	GCF_004136315.1	s__Mesorhizobium_sp004136315	NA	NA	NA	0	NA	NA	NA	0	NA	NA	NA	NA	0	1	0	-	NA	fixed	NA	none	0	False	containment 0.00 < 0.5; only 0/1 enzymes produced a fit; no PTR estimate	BcgI:only 0 windows after outlier trimming	no enzyme produced a usable estimate
SF003.BcgI	GCF_004136555.1	s__Kocuria_carniphila	NA	NA	NA	0	NA	NA	NA	0	NA	NA	NA	NA	0	1	0	-	NA	fixed	NA	none	0	False	containment 0.00 < 0.5; only 0/1 enzymes produced a fit; no PTR estimate	BcgI:only 0 windows after outlier trimming	no enzyme produced a usable estimate
SF003.BcgI	GCF_004138405.1	s__UBA2866_sp004138405	NA	NA	NA	0	NA	NA	NA	0	NA	NA	NA	NA	0	1	0	-	NA	fixed	NA	none	0	False	containment 0.00 < 0.5; only 0/1 enzymes produced a fit; no PTR estimate	BcgI:only 0 windows after outlier trimming	no enzyme produced a usable estimate
SF003.BcgI	GCF_004138455.1	s__UBA1103_sp004138455	NA	NA	NA	0	NA	NA	NA	0	NA	NA	NA	NA	0	1	0	-	NA	fixed	NA	none	0	False	containment 0.00 < 0.5; only 0/1 enzymes produced a fit; no PTR estimate	BcgI:only 0 windows after outlier trimming	no enzyme produced a usable estimate
SF003.BcgI	GCF_004151355.1	s__Dermacoccus_abyssi	NA	NA	NA	0	NA	NA	NA	0	NA	NA	NA	NA	0	1	0	-	NA	fixed	NA	none	0	False	containment 0.00 < 0.5; only 0/1 enzymes produced a fit; no PTR estimate	BcgI:only 0 windows after outlier trimming	no enzyme produced a usable estimate
SF003.BcgI	GCF_004151455.1	s__UMGS1907_sp004151455	NA	NA	NA	0	NA	NA	NA	0	NA	NA	NA	NA	0	1	0	-	NA	fixed	NA	none	0	False	containment 0.00 < 0.5; only 0/1 enzymes produced a fit; no PTR estimate	BcgI:only 0 windows after outlier trimming	no enzyme produced a usable estimate
SF003.BcgI	GCF_004209755.1	s__Pseudoduganella_lutea	NA	NA	NA	0	NA	NA	NA	0	NA	NA	NA	NA	0	1	0	-	NA	fixed	NA	none	0	False	containment 0.00 < 0.5; only 0/1 enzymes produced a fit; no PTR estimate	BcgI:only 0 windows after outlier trimming	no enzyme produced a usable estimate
SF003.BcgI	GCF_004340985.1	s__Cricetibacter_osteomyelitidis	NA	NA	NA	0	NA	NA	NA	0	NA	NA	NA	NA	0	1	0	-	NA	fixed	NA	none	0	False	containment 0.00 < 0.5; only 0/1 enzymes produced a fit; no PTR estimate	BcgI:only 0 windows after outlier trimming	no enzyme produced a usable estimate
SF003.BcgI	GCF_004341385.1	s__Neisseria_suis	NA	NA	NA	0.0005045408678	NA	NA	NA	0	NA	NA	NA	NA	0	1	0	-	NA	fixed	NA	none	0	False	containment 0.00 < 0.5; only 0/1 enzymes produced a fit; no PTR estimate	BcgI:only 0 windows after outlier trimming	no enzyme produced a usable estimate
SF003.BcgI	GCF_004349225.1	s__Saccharopolyspora_sp004348435	NA	NA	NA	0	NA	NA	NA	0	NA	NA	NA	NA	0	1	0	-	NA	fixed	NA	none	0	False	containment 0.00 < 0.5; only 0/1 enzymes produced a fit; no PTR estimate	BcgI:only 0 windows after outlier trimming	no enzyme produced a usable estimate
SF003.BcgI	GCF_004353325.1	s__Streptococcus_sp004353325	NA	NA	NA	0	NA	NA	NA	0	NA	NA	NA	NA	0	1	0	-	NA	fixed	NA	none	0	False	containment 0.00 < 0.5; only 0/1 enzymes produced a fit; no PTR estimate	BcgI:only 0 windows after outlier trimming	no enzyme produced a usable estimate
SF003.BcgI	GCF_004363295.1	s__Mesocricetibacter_intestinalis	NA	NA	NA	0	NA	NA	NA	0	NA	NA	NA	NA	0	1	0	-	NA	fixed	NA	none	0	False	containment 0.00 < 0.5; only 0/1 enzymes produced a fit; no PTR estimate	BcgI:only 0 windows after outlier trimming	no enzyme produced a usable estimate
SF003.BcgI	GCF_004365115.1	s__Stenotrophomonas_maltophilia_AJ	NA	NA	NA	0	NA	NA	NA	0	NA	NA	NA	NA	0	1	0	-	NA	fixed	NA	none	0	False	containment 0.00 < 0.5; only 0/1 enzymes produced a fit; no PTR estimate	BcgI:only 0 windows after outlier trimming	no enzyme produced a usable estimate
SF003.BcgI	GCF_004525795.1	s__Actinomyces_viscosus	NA	NA	NA	0.001888574127	NA	NA	NA	0	NA	NA	NA	NA	0	1	0	-	NA	fixed	NA	none	0	False	containment 0.00 < 0.5; only 0/1 enzymes produced a fit; no PTR estimate	BcgI:only 3 windows after outlier trimming	no enzyme produced a usable estimate
SF003.BcgI	GCF_004569405.1	s__Neisseria_musculi	NA	NA	NA	0	NA	NA	NA	0	NA	NA	NA	NA	0	1	0	-	NA	fixed	NA	none	0	False	containment 0.00 < 0.5; only 0/1 enzymes produced a fit; no PTR estimate	BcgI:only 0 windows after outlier trimming	no enzyme produced a usable estimate
SF003.BcgI	GCF_004803795.1	s__Campylobacter_A_rectus	NA	NA	NA	0	NA	NA	NA	0	NA	NA	NA	NA	0	1	0	-	NA	fixed	NA	none	0	False	containment 0.00 < 0.5; only 0/1 enzymes produced a fit; no PTR estimate	BcgI:only 0 windows after outlier trimming	no enzyme produced a usable estimate
SF003.BcgI	GCF_004803815.1	s__Campylobacter_A_showae	NA	NA	NA	0.001404494382	NA	NA	NA	0	NA	NA	NA	NA	0	1	0	-	NA	fixed	NA	none	0	False	containment 0.00 < 0.5; only 0/1 enzymes produced a fit; no PTR estimate	BcgI:only 1 windows after outlier trimming	no enzyme produced a usable estimate
SF003.BcgI	GCF_005217565.1	s__Puteibacter_caeruleilacunae	NA	NA	NA	0	NA	NA	NA	0	NA	NA	NA	NA	0	1	0	-	NA	fixed	NA	none	0	False	containment 0.00 < 0.5; only 0/1 enzymes produced a fit; no PTR estimate	BcgI:only 0 windows after outlier trimming	no enzyme produced a usable estimate
SF003.BcgI	GCF_005405725.1	s__Bifidobacterium_moukalabense	NA	NA	NA	0	NA	NA	NA	0	NA	NA	NA	NA	0	1	0	-	NA	fixed	NA	none	0	False	containment 0.00 < 0.5; only 0/1 enzymes produced a fit; no PTR estimate	BcgI:only 0 windows after outlier trimming	no enzyme produced a usable estimate
SF003.BcgI	GCF_005696695.1	s__Pauljensenia_odontolytica_C	251.2537682	452.1190419	0.05168269231	0.03374233129	7.481181096	2.903266055	NA	832	0.9999558657	1.711593957	-0.4513964579	6.257928567	1	1	1	BcgI	NA	fixed	981089.3058	glm	16	False	fraction 0.05 < 0.75; dispersion 452.12 > 5.0; containment 0.03 < 0.5	-	single enzyme: no cross-enzyme consistency check available
SF003.BcgI	GCF_005697565.1	s__TM7x_sp005697565	54.89999999	44.28299826	0.064	0.02332361516	0.4147425528	-1.269712019	NA	125	0.9966465489	1.291732254	-3.801460714	1.262036676	1	1	1	BcgI	NA	fixed	652609.8211	glm	5	False	fraction 0.06 < 0.75; dispersion 44.28 > 5.0; containment 0.02 < 0.5	-	single enzyme: no cross-enzyme consistency check available
SF003.BcgI	GCF_005844455.1	s__Streptococcus_mitis_BF	NA	NA	NA	0	NA	NA	NA	0	NA	NA	NA	NA	0	1	0	-	NA	fixed	NA	none	0	False	containment 0.00 < 0.5; only 0/1 enzymes produced a fit; no PTR estimate	BcgI:only 0 windows after outlier trimming	no enzyme produced a usable estimate
SF003.BcgI	GCF_005864335.1	s__Lactococcus_A_raffinolactis	NA	NA	NA	0	NA	NA	NA	0	NA	NA	NA	NA	0	1	0	-	NA	fixed	NA	none	0	False	containment 0.00 < 0.5; only 0/1 enzymes produced a fit; no PTR estimate	BcgI:only 0 windows after outlier trimming	no enzyme produced a usable estimate
SF003.BcgI	GCF_005937465.1	s__Cutibacterium_acnes	13.38550163	NA	0.01	0.001905487805	2.95375066	1.562548046	NA	500	0.827947749	2.549210217	-3.433812167	6.55890826	1	1	1	BcgI	NA	fixed	1020275.849	glm	5	False	fraction 0.01 < 0.75; containment 0.00 < 0.5	-	single enzyme: no cross-enzyme consistency check available
SF003.BcgI	GCF_006175905.1	s__Streptococcus_oralis_BG	NA	NA	NA	0	NA	NA	NA	0	NA	NA	NA	NA	0	1	0	-	NA	fixed	NA	none	0	False	containment 0.00 < 0.5; only 0/1 enzymes produced a fit; no PTR estimate	BcgI:only 0 windows after outlier trimming	no enzyme produced a usable estimate
SF003.BcgI	GCF_006384255.1	s__Haemophilus_sp002998595	NA	NA	NA	0.006493506494	NA	NA	NA	0	NA	NA	NA	NA	0	1	0	-	NA	fixed	NA	none	0	False	containment 0.01 < 0.5; only 0/1 enzymes produced a fit; no PTR estimate	BcgI:only 2 windows after outlier trimming	no enzyme produced a usable estimate
SF003.BcgI	GCF_006385365.1	s__Tannerella_forsythia	NA	NA	NA	0	NA	NA	NA	0	NA	NA	NA	NA	0	1	0	-	NA	fixed	NA	none	0	False	containment 0.00 < 0.5; only 0/1 enzymes produced a fit; no PTR estimate	BcgI:only 0 windows after outlier trimming	no enzyme produced a usable estimate
SF003.BcgI	GCF_006385785.1	s__Streptococcus_pneumoniae_D	NA	NA	NA	0	NA	NA	NA	0	NA	NA	NA	NA	0	1	0	-	NA	fixed	NA	none	0	False	containment 0.00 < 0.5; only 0/1 enzymes produced a fit; no PTR estimate	BcgI:only 0 windows after outlier trimming	no enzyme produced a usable estimate
SF003.BcgI	GCF_006385805.1	s__Streptococcus_sp001587175	247.8230902	579.1331108	0.2199413919	0.2247706422	3.882227546e+18	61.75159039	NA	218	0.9993924255	1.676728724	58.46526248	65.0379183	1	1	1	BcgI	NA	fixed	687122.345	glm	10	False	fraction 0.22 < 0.75; dispersion 579.13 > 5.0; containment 0.22 < 0.5	-	single enzyme: no cross-enzyme consistency check available
SF003.BcgI	GCF_006546835.1	s__Actinomyces_johnsonii	49	NA	0.01127772571	0.002877106453	2.774704723	1.472334252	NA	454	0.9616818523	0.7681835434	-0.03327782685	2.97794633	1	1	1	BcgI	NA	fixed	191057.2339	glm	5	False	fraction 0.01 < 0.75; containment 0.00 < 0.5	-	single enzyme: no cross-enzyme consistency check available
SF003.BcgI	GCF_006716265.1	s__Rarobacter_faecitabidus	NA	NA	NA	0	NA	NA	NA	0	NA	NA	NA	NA	0	1	0	-	NA	fixed	NA	none	0	False	containment 0.00 < 0.5; only 0/1 enzymes produced a fit; no PTR estimate	BcgI:only 0 windows after outlier trimming	no enzyme produced a usable estimate
SF003.BcgI	GCF_007113795.1	s__Acinetobacter_baumannii	NA	NA	NA	0.000790513834	NA	NA	NA	0	NA	NA	NA	NA	0	1	0	-	NA	fixed	NA	none	0	False	containment 0.00 < 0.5; only 0/1 enzymes produced a fit; no PTR estimate	BcgI:only 1 windows after outlier trimming	no enzyme produced a usable estimate
SF003.BcgI	GCF_007672025.1	s__Corynebacterium_propinquum	NA	NA	NA	0	NA	NA	NA	0	NA	NA	NA	NA	0	1	0	-	NA	fixed	NA	none	0	False	containment 0.00 < 0.5; only 0/1 enzymes produced a fit; no PTR estimate	BcgI:only 0 windows after outlier trimming	no enzyme produced a usable estimate
SF003.BcgI	GCF_007673265.1	s__Bacillus_A_bombysepticus	NA	NA	NA	0	NA	NA	NA	0	NA	NA	NA	NA	0	1	0	-	NA	fixed	NA	none	0	False	containment 0.00 < 0.5; only 0/1 enzymes produced a fit; no PTR estimate	BcgI:only 0 windows after outlier trimming	no enzyme produced a usable estimate
SF003.BcgI	GCF_007681555.1	s__Kocuria_salsicia	NA	NA	NA	0	NA	NA	NA	0	NA	NA	NA	NA	0	1	0	-	NA	fixed	NA	none	0	False	containment 0.00 < 0.5; only 0/1 enzymes produced a fit; no PTR estimate	BcgI:only 0 windows after outlier trimming	no enzyme produced a usable estimate
SF003.BcgI	GCF_007785845.1	s__Lactobacillus_paragasseri	33.94298218	16.365188	0.2232776868	0.1103603604	2.278161151	1.187869803	NA	327	0.9946910031	1.012200061	-0.7960058622	3.171745469	1	1	1	BcgI	NA	fixed	1174860.799	glm	19	False	fraction 0.22 < 0.75; dispersion 16.37 > 5.0; containment 0.11 < 0.5	-	single enzyme: no cross-enzyme consistency check available
SF003.BcgI	GCF_007829675.1	s__Micrococcus_luteus	NA	NA	NA	0.0004967709886	NA	NA	NA	0	NA	NA	NA	NA	0	1	0	-	NA	fixed	NA	none	0	False	containment 0.00 < 0.5; only 0/1 enzymes produced a fit; no PTR estimate	BcgI:only 1 windows after outlier trimming	no enzyme produced a usable estimate
SF003.BcgI	GCF_007845165.1	s__UBA2866_sp007845165	NA	NA	NA	0	NA	NA	NA	0	NA	NA	NA	NA	0	1	0	-	NA	fixed	NA	none	0	False	containment 0.00 < 0.5; only 0/1 enzymes produced a fit; no PTR estimate	BcgI:only 0 windows after outlier trimming	no enzyme produced a usable estimate
SF003.BcgI	GCF_007845205.1	s__SDRK01_sp007845205	NA	NA	NA	0	NA	NA	NA	0	NA	NA	NA	NA	0	1	0	-	NA	fixed	NA	none	0	False	containment 0.00 < 0.5; only 0/1 enzymes produced a fit; no PTR estimate	BcgI:only 0 windows after outlier trimming	no enzyme produced a usable estimate
SF003.BcgI	GCF_007845265.1	s__TM7x_sp007845355	NA	NA	NA	0.01307189542	NA	NA	NA	0	NA	NA	NA	NA	0	1	0	-	NA	fixed	NA	none	0	False	containment 0.01 < 0.5; only 0/1 enzymes produced a fit; no PTR estimate	BcgI:only 2 windows after outlier trimming	no enzyme produced a usable estimate
SF003.BcgI	GCF_007855915.1	s__Geobacillus_thermoleovorans	NA	NA	NA	0	NA	NA	NA	0	NA	NA	NA	NA	0	1	0	-	NA	fixed	NA	none	0	False	containment 0.00 < 0.5; only 0/1 enzymes produced a fit; no PTR estimate	BcgI:only 0 windows after outlier trimming	no enzyme produced a usable estimate
SF003.BcgI	GCF_007990245.1	s__Cellulomonas_composti	NA	NA	NA	0	NA	NA	NA	0	NA	NA	NA	NA	0	1	0	-	NA	fixed	NA	none	0	False	containment 0.00 < 0.5; only 0/1 enzymes produced a fit; no PTR estimate	BcgI:only 0 windows after outlier trimming	no enzyme produced a usable estimate
SF003.BcgI	GCF_007990445.1	s__Leptotrichia_wadei_A	NA	NA	NA	0.01104972376	NA	NA	NA	0	NA	NA	NA	NA	0	1	0	-	NA	fixed	NA	none	0	False	containment 0.01 < 0.5; only 0/1 enzymes produced a fit; no PTR estimate	BcgI:only 2 windows after outlier trimming	no enzyme produced a usable estimate
SF003.BcgI	GCF_007990505.1	s__Pseudoleptotrichia_goodfellowii	NA	NA	NA	0	NA	NA	NA	0	NA	NA	NA	NA	0	1	0	-	NA	fixed	NA	none	0	False	containment 0.00 < 0.5; only 0/1 enzymes produced a fit; no PTR estimate	BcgI:only 0 windows after outlier trimming	no enzyme produced a usable estimate
SF003.BcgI	GCF_007990635.1	s__Leptotrichia_hongkongensis	NA	NA	NA	0	NA	NA	NA	0	NA	NA	NA	NA	0	1	0	-	NA	fixed	NA	none	0	False	containment 0.00 < 0.5; only 0/1 enzymes produced a fit; no PTR estimate	BcgI:only 0 windows after outlier trimming	no enzyme produced a usable estimate
SF003.BcgI	GCF_007991595.1	s__Streptococcus_cristatus_B	NA	NA	NA	0	NA	NA	NA	0	NA	NA	NA	NA	0	1	0	-	NA	fixed	NA	none	0	False	containment 0.00 < 0.5; only 0/1 enzymes produced a fit; no PTR estimate	BcgI:only 0 windows after outlier trimming	no enzyme produced a usable estimate
SF003.BcgI	GCF_007991615.1	s__Novosphingobium_sediminis	NA	NA	NA	0	NA	NA	NA	0	NA	NA	NA	NA	0	1	0	-	NA	fixed	NA	none	0	False	containment 0.00 < 0.5; only 0/1 enzymes produced a fit; no PTR estimate	BcgI:only 0 windows after outlier trimming	no enzyme produced a usable estimate
SF003.BcgI	GCF_007997035.1	s__Ralstonia_sp007997035	NA	NA	NA	0	NA	NA	NA	0	NA	NA	NA	NA	0	1	0	-	NA	fixed	NA	none	0	False	containment 0.00 < 0.5; only 0/1 enzymes produced a fit; no PTR estimate	BcgI:only 0 windows after outlier trimming	no enzyme produced a usable estimate
SF003.BcgI	GCF_008016795.1	s__Prevotella_brunnea	NA	NA	NA	0	NA	NA	NA	0	NA	NA	NA	NA	0	1	0	-	NA	fixed	NA	none	0	False	containment 0.00 < 0.5; only 0/1 enzymes produced a fit; no PTR estimate	BcgI:only 0 windows after outlier trimming	no enzyme produced a usable estimate
SF003.BcgI	GCF_008033175.1	s__Leuconostoc_pseudomesenteroides	NA	NA	NA	0	NA	NA	NA	0	NA	NA	NA	NA	0	1	0	-	NA	fixed	NA	none	0	False	containment 0.00 < 0.5; only 0/1 enzymes produced a fit; no PTR estimate	BcgI:only 0 windows after outlier trimming	no enzyme produced a usable estimate
SF003.BcgI	GCF_008085035.1	s__Aggregatibacter_actinomycetemcomitans	NA	NA	NA	0	NA	NA	NA	0	NA	NA	NA	NA	0	1	0	-	NA	fixed	NA	none	0	False	containment 0.00 < 0.5; only 0/1 enzymes produced a fit; no PTR estimate	BcgI:only 0 windows after outlier trimming	no enzyme produced a usable estimate
SF003.BcgI	GCF_008274805.1	s__Oryzomicrobium_terrae	NA	NA	NA	0	NA	NA	NA	0	NA	NA	NA	NA	0	1	0	-	NA	fixed	NA	none	0	False	containment 0.00 < 0.5; only 0/1 enzymes produced a fit; no PTR estimate	BcgI:only 0 windows after outlier trimming	no enzyme produced a usable estimate
SF003.BcgI	GCF_008326505.1	s__Leuconostoc_citreum	NA	NA	NA	0	NA	NA	NA	0	NA	NA	NA	NA	0	1	0	-	NA	fixed	NA	none	0	False	containment 0.00 < 0.5; only 0/1 enzymes produced a fit; no PTR estimate	BcgI:only 0 windows after outlier trimming	no enzyme produced a usable estimate
SF003.BcgI	GCF_008369405.1	s__Streptococcus_cristatus_G	NA	NA	NA	0.004504504505	NA	NA	NA	0	NA	NA	NA	NA	0	1	0	-	NA	fixed	NA	none	0	False	containment 0.00 < 0.5; only 0/1 enzymes produced a fit; no PTR estimate	BcgI:only 1 windows after outlier trimming	no enzyme produced a usable estimate
SF003.BcgI	GCF_008633215.1	s__Fusobacterium_nucleatum_J	NA	NA	NA	0	NA	NA	NA	0	NA	NA	NA	NA	0	1	0	-	NA	fixed	NA	none	0	False	containment 0.00 < 0.5; only 0/1 enzymes produced a fit; no PTR estimate	BcgI:only 0 windows after outlier trimming	no enzyme produced a usable estimate
SF003.BcgI	GCF_008806995.1	s__Neisseria_animalis	NA	NA	NA	0.000566572238	NA	NA	NA	0	NA	NA	NA	NA	0	1	0	-	NA	fixed	NA	none	0	False	containment 0.00 < 0.5; only 0/1 enzymes produced a fit; no PTR estimate	BcgI:only 1 windows after outlier trimming	no enzyme produced a usable estimate
SF003.BcgI	GCF_009006965.1	s__Acinetobacter_oleivorans	NA	NA	NA	0	NA	NA	NA	0	NA	NA	NA	NA	0	1	0	-	NA	fixed	NA	none	0	False	containment 0.00 < 0.5; only 0/1 enzymes produced a fit; no PTR estimate	BcgI:only 0 windows after outlier trimming	no enzyme produced a usable estimate
SF003.BcgI	GCF_009378265.1	s__Moraxella_catarrhalis	NA	NA	NA	0	NA	NA	NA	0	NA	NA	NA	NA	0	1	0	-	NA	fixed	NA	none	0	False	containment 0.00 < 0.5; only 0/1 enzymes produced a fit; no PTR estimate	BcgI:only 0 windows after outlier trimming	no enzyme produced a usable estimate
SF003.BcgI	GCF_009496035.1	s__Streptococcus_mitis_BM	NA	NA	NA	0	NA	NA	NA	0	NA	NA	NA	NA	0	1	0	-	NA	fixed	NA	none	0	False	containment 0.00 < 0.5; only 0/1 enzymes produced a fit; no PTR estimate	BcgI:only 0 windows after outlier trimming	no enzyme produced a usable estimate
SF003.BcgI	GCF_009496155.1	s__Streptococcus_mitis_BQ	NA	NA	NA	0	NA	NA	NA	0	NA	NA	NA	NA	0	1	0	-	NA	fixed	NA	none	0	False	containment 0.00 < 0.5; only 0/1 enzymes produced a fit; no PTR estimate	BcgI:only 0 windows after outlier trimming	no enzyme produced a usable estimate
SF003.BcgI	GCF_009496185.1	s__Streptococcus_mitis_BN	NA	NA	NA	0	NA	NA	NA	0	NA	NA	NA	NA	0	1	0	-	NA	fixed	NA	none	0	False	containment 0.00 < 0.5; only 0/1 enzymes produced a fit; no PTR estimate	BcgI:only 0 windows after outlier trimming	no enzyme produced a usable estimate
SF003.BcgI	GCF_009496285.1	s__Streptococcus_mitis_BP	NA	NA	NA	0.02564102564	NA	NA	NA	0	NA	NA	NA	NA	0	1	0	-	NA	fixed	NA	none	0	False	containment 0.03 < 0.5; only 0/1 enzymes produced a fit; no PTR estimate	BcgI:only 2 windows after outlier trimming	no enzyme produced a usable estimate
SF003.BcgI	GCF_009496375.1	s__Streptococcus_mitis_AC	NA	NA	NA	0	NA	NA	NA	0	NA	NA	NA	NA	0	1	0	-	NA	fixed	NA	none	0	False	containment 0.00 < 0.5; only 0/1 enzymes produced a fit; no PTR estimate	BcgI:only 0 windows after outlier trimming	no enzyme produced a usable estimate
SF003.BcgI	GCF_009626715.1	s__Bordetella_pertussis	NA	NA	NA	0	NA	NA	NA	0	NA	NA	NA	NA	0	1	0	-	NA	fixed	NA	none	0	False	containment 0.00 < 0.5; only 0/1 enzymes produced a fit; no PTR estimate	BcgI:only 0 windows after outlier trimming	no enzyme produced a usable estimate
SF003.BcgI	GCF_009650815.1	s__Eikenella_corrodens	41.69855048	19.18282439	0.1077573275	0.04225352113	1.90127328	0.926965913	NA	803	0.9968146558	0.5917317547	-0.2328070147	2.086738841	1	1	1	BcgI	NA	fixed	692543.2233	glm	23	False	fraction 0.11 < 0.75; dispersion 19.18 > 5.0; containment 0.04 < 0.5	-	single enzyme: no cross-enzyme consistency check available
SF003.BcgI	GCF_009695705.1	s__Pauljensenia_hyovaginalis	NA	NA	NA	0.0003350083752	NA	NA	NA	0	NA	NA	NA	NA	0	1	0	-	NA	fixed	NA	none	0	False	containment 0.00 < 0.5; only 0/1 enzymes produced a fit; no PTR estimate	BcgI:only 0 windows after outlier trimming	no enzyme produced a usable estimate
SF003.BcgI	GCF_009716875.1	s__Streptococcus_salivarius	118.4708333	148.4036703	0.4459283637	0.2062937063	1.229358237	0.2979053811	NA	189	0.9779233679	1.412116681	-2.469792456	3.065603218	1	1	1	BcgI	NA	fixed	1310271.633	glm	20	False	fraction 0.45 < 0.75; dispersion 148.40 > 5.0; containment 0.21 < 0.5	-	single enzyme: no cross-enzyme consistency check available
SF003.BcgI	GCF_009728485.1	s__Prevotella_sp000257925	NA	NA	NA	0	NA	NA	NA	0	NA	NA	NA	NA	0	1	0	-	NA	fixed	NA	none	0	False	containment 0.00 < 0.5; only 0/1 enzymes produced a fit; no PTR estimate	BcgI:only 0 windows after outlier trimming	no enzyme produced a usable estimate
SF003.BcgI	GCF_009730375.1	s__Capnocytophaga_leadbetteri	54.92858729	51.44870453	0.134984127	0.1344632768	2.400814684	1.263524048	NA	885	0.9996451248	0.6225355518	0.04337678738	2.483671308	1	1	1	BcgI	NA	fixed	160909.885	glm	25	False	fraction 0.13 < 0.75; dispersion 51.45 > 5.0; containment 0.13 < 0.5	-	single enzyme: no cross-enzyme consistency check available
SF003.BcgI	GCF_009731465.1	s__Streptococcus_pseudopneumoniae_E	NA	NA	NA	0.006756756757	NA	NA	NA	0	NA	NA	NA	NA	0	1	0	-	NA	fixed	NA	none	0	False	containment 0.01 < 0.5; only 0/1 enzymes produced a fit; no PTR estimate	BcgI:only 0 windows after outlier trimming	no enzyme produced a usable estimate
SF003.BcgI	GCF_009734725.1	s__Enterococcus_D_casseliflavus	NA	NA	NA	0	NA	NA	NA	0	NA	NA	NA	NA	0	1	0	-	NA	fixed	NA	none	0	False	containment 0.00 < 0.5; only 0/1 enzymes produced a fit; no PTR estimate	BcgI:only 0 windows after outlier trimming	no enzyme produced a usable estimate
SF003.BcgI	GCF_009740185.1	s__Pseudomonas_A_sp000765155	NA	NA	NA	0	NA	NA	NA	0	NA	NA	NA	NA	0	1	0	-	NA	fixed	NA	none	0	False	containment 0.00 < 0.5; only 0/1 enzymes produced a fit; no PTR estimate	BcgI:only 0 windows after outlier trimming	no enzyme produced a usable estimate
SF003.BcgI	GCF_009856825.1	s__Novosphingobium_sp009856825	NA	NA	NA	0	NA	NA	NA	0	NA	NA	NA	NA	0	1	0	-	NA	fixed	NA	none	0	False	containment 0.00 < 0.5; only 0/1 enzymes produced a fit; no PTR estimate	BcgI:only 0 windows after outlier trimming	no enzyme produced a usable estimate
SF003.BcgI	GCF_009914665.1	s__Bergeyella_A_cardium	NA	NA	NA	0	NA	NA	NA	0	NA	NA	NA	NA	0	1	0	-	NA	fixed	NA	none	0	False	containment 0.00 < 0.5; only 0/1 enzymes produced a fit; no PTR estimate	BcgI:only 0 windows after outlier trimming	no enzyme produced a usable estimate
SF003.BcgI	GCF_009935825.1	s__Actinomyces_howellii	NA	NA	NA	0.0003126954346	NA	NA	NA	0	NA	NA	NA	NA	0	1	0	-	NA	fixed	NA	none	0	False	containment 0.00 < 0.5; only 0/1 enzymes produced a fit; no PTR estimate	BcgI:only 1 windows after outlier trimming	no enzyme produced a usable estimate
SF003.BcgI	GCF_010202115.1	s__TM7x_sp010202115	NA	NA	NA	0	NA	NA	NA	0	NA	NA	NA	NA	0	1	0	-	NA	fixed	NA	none	0	False	containment 0.00 < 0.5; only 0/1 enzymes produced a fit; no PTR estimate	BcgI:only 0 windows after outlier trimming	no enzyme produced a usable estimate
SF003.BcgI	GCF_010202465.1	s__TM7x_sp010202465	NA	NA	NA	0.005464480874	NA	NA	NA	0	NA	NA	NA	NA	0	1	0	-	NA	fixed	NA	none	0	False	containment 0.01 < 0.5; only 0/1 enzymes produced a fit; no PTR estimate	BcgI:only 1 windows after outlier trimming	no enzyme produced a usable estimate
SF003.BcgI	GCF_010202645.1	s__TM7x_sp010202645	NA	NA	NA	0	NA	NA	NA	0	NA	NA	NA	NA	0	1	0	-	NA	fixed	NA	none	0	False	containment 0.00 < 0.5; only 0/1 enzymes produced a fit; no PTR estimate	BcgI:only 0 windows after outlier trimming	no enzyme produced a usable estimate
SF003.BcgI	GCF_010202845.1	s__TM7x_sp010202845	NA	NA	NA	0	NA	NA	NA	0	NA	NA	NA	NA	0	1	0	-	NA	fixed	NA	none	0	False	containment 0.00 < 0.5; only 0/1 enzymes produced a fit; no PTR estimate	BcgI:only 0 windows after outlier trimming	no enzyme produced a usable estimate
SF003.BcgI	GCF_010365865.1	s__Treponema_sp010365865	NA	NA	NA	0	NA	NA	NA	0	NA	NA	NA	NA	0	1	0	-	NA	fixed	NA	none	0	False	containment 0.00 < 0.5; only 0/1 enzymes produced a fit; no PTR estimate	BcgI:only 0 windows after outlier trimming	no enzyme produced a usable estimate
SF003.BcgI	GCF_010667605.1	s__Bifidobacterium_dentium	24.12499477	0	0.01248908893	0.002794163303	1.268894122	0.3435716945	NA	769	0.6663947617	0.870884892	-1.363331329	2.050474718	1	1	1	BcgI	NA	fixed	873556.7433	glm	8	False	fraction 0.01 < 0.75; containment 0.00 < 0.5	-	single enzyme: no cross-enzyme consistency check available
SF003.BcgI	GCF_011029265.1	s__Lactobacillus_crispatus	NA	NA	NA	0	NA	NA	NA	0	NA	NA	NA	NA	0	1	0	-	NA	fixed	NA	none	0	False	containment 0.00 < 0.5; only 0/1 enzymes produced a fit; no PTR estimate	BcgI:only 0 windows after outlier trimming	no enzyme produced a usable estimate
SF003.BcgI	GCF_011038775.1	s__Neisseria_sp011038745	NA	NA	NA	0.001123595506	NA	NA	NA	0	NA	NA	NA	NA	0	1	0	-	NA	fixed	NA	none	0	False	containment 0.00 < 0.5; only 0/1 enzymes produced a fit; no PTR estimate	BcgI:only 1 windows after outlier trimming	no enzyme produced a usable estimate
SF003.BcgI	GCF_011038885.1	s__Pauljensenia_sp011038875	NA	NA	NA	0.0004631773969	NA	NA	NA	0	NA	NA	NA	NA	0	1	0	-	NA	fixed	NA	none	0	False	containment 0.00 < 0.5; only 0/1 enzymes produced a fit; no PTR estimate	BcgI:only 0 windows after outlier trimming	no enzyme produced a usable estimate
SF003.BcgI	GCF_011751965.1	s__Actinomyces_sp011751985	NA	NA	NA	0.0003512469266	NA	NA	NA	0	NA	NA	NA	NA	0	1	0	-	NA	fixed	NA	none	0	False	containment 0.00 < 0.5; only 0/1 enzymes produced a fit; no PTR estimate	BcgI:only 0 windows after outlier trimming	no enzyme produced a usable estimate
SF003.BcgI	GCF_011752065.1	s__Actinomyces_sp011752065	NA	NA	NA	0.001533742331	NA	NA	NA	0	NA	NA	NA	NA	0	1	0	-	NA	fixed	NA	none	0	False	containment 0.00 < 0.5; only 0/1 enzymes produced a fit; no PTR estimate	BcgI:only 3 windows after outlier trimming	no enzyme produced a usable estimate
SF003.BcgI	GCF_011759595.1	s__Acinetobacter_guillouiae	NA	NA	NA	0	NA	NA	NA	0	NA	NA	NA	NA	0	1	0	-	NA	fixed	NA	none	0	False	containment 0.00 < 0.5; only 0/1 enzymes produced a fit; no PTR estimate	BcgI:only 0 windows after outlier trimming	no enzyme produced a usable estimate
SF003.BcgI	GCF_012184455.1	s__Caulobacter_vibrioides_E	NA	NA	NA	0	NA	NA	NA	0	NA	NA	NA	NA	0	1	0	-	NA	fixed	NA	none	0	False	containment 0.00 < 0.5; only 0/1 enzymes produced a fit; no PTR estimate	BcgI:only 0 windows after outlier trimming	no enzyme produced a usable estimate
SF003.BcgI	GCF_012273215.1	s__Gemella_haemolysans_A	NA	NA	NA	0.006535947712	NA	NA	NA	0	NA	NA	NA	NA	0	1	0	-	NA	fixed	NA	none	0	False	containment 0.01 < 0.5; only 0/1 enzymes produced a fit; no PTR estimate	BcgI:only 1 windows after outlier trimming	no enzyme produced a usable estimate
SF003.BcgI	GCF_012396635.1	s__Gemella_sanguinis	38.8333333	12.71815596	0.3137780112	0.1278195489	1.461627258	0.5475754445	NA	92	0.9027027594	0.5776237053	-0.5845462144	1.679697103	1	1	1	BcgI	NA	fixed	1041741.061	glm	10	False	fraction 0.31 < 0.75; dispersion 12.72 > 5.0; containment 0.13 < 0.5	-	single enzyme: no cross-enzyme consistency check available
SF003.BcgI	GCF_012490605.1	s__Shewanella_xiamenensis	NA	NA	NA	0	NA	NA	NA	0	NA	NA	NA	NA	0	1	0	-	NA	fixed	NA	none	0	False	containment 0.00 < 0.5; only 0/1 enzymes produced a fit; no PTR estimate	BcgI:only 0 windows after outlier trimming	no enzyme produced a usable estimate
SF003.BcgI	GCF_012843315.1	s__Streptococcus_sp012843315	NA	NA	NA	0.01923076923	NA	NA	NA	0	NA	NA	NA	NA	0	1	0	-	NA	fixed	NA	none	0	False	containment 0.02 < 0.5; only 0/1 enzymes produced a fit; no PTR estimate	BcgI:only 1 windows after outlier trimming	no enzyme produced a usable estimate
SF003.BcgI	GCF_012978895.1	s__Campylobacter_A_curvus	NA	NA	NA	0	NA	NA	NA	0	NA	NA	NA	NA	0	1	0	-	NA	fixed	NA	none	0	False	containment 0.00 < 0.5; only 0/1 enzymes produced a fit; no PTR estimate	BcgI:only 0 windows after outlier trimming	no enzyme produced a usable estimate
SF003.BcgI	GCF_013016685.1	s__Neisseria_gonorrhoeae	NA	NA	NA	0.003947368421	NA	NA	NA	0	NA	NA	NA	NA	0	1	0	-	NA	fixed	NA	none	0	False	containment 0.00 < 0.5; only 0/1 enzymes produced a fit; no PTR estimate	BcgI:only 2 windows after outlier trimming	no enzyme produced a usable estimate
SF003.BcgI	GCF_013099015.1	s__TM7x_sp013099015	NA	NA	NA	0.003921568627	NA	NA	NA	0	NA	NA	NA	NA	0	1	0	-	NA	fixed	NA	none	0	False	containment 0.00 < 0.5; only 0/1 enzymes produced a fit; no PTR estimate	BcgI:only 1 windows after outlier trimming	no enzyme produced a usable estimate
SF003.BcgI	GCF_013099195.1	s__TM7x_sp013099195	NA	NA	NA	0	NA	NA	NA	0	NA	NA	NA	NA	0	1	0	-	NA	fixed	NA	none	0	False	containment 0.00 < 0.5; only 0/1 enzymes produced a fit; no PTR estimate	BcgI:only 0 windows after outlier trimming	no enzyme produced a usable estimate
SF003.BcgI	GCF_013100805.1	s__TM7x_sp013100805	NA	NA	NA	0	NA	NA	NA	0	NA	NA	NA	NA	0	1	0	-	NA	fixed	NA	none	0	False	containment 0.00 < 0.5; only 0/1 enzymes produced a fit; no PTR estimate	BcgI:only 0 windows after outlier trimming	no enzyme produced a usable estimate
SF003.BcgI	GCF_013100825.1	s__TM7x_sp013100825	NA	NA	NA	0	NA	NA	NA	0	NA	NA	NA	NA	0	1	0	-	NA	fixed	NA	none	0	False	containment 0.00 < 0.5; only 0/1 enzymes produced a fit; no PTR estimate	BcgI:only 0 windows after outlier trimming	no enzyme produced a usable estimate
SF003.BcgI	GCF_013267415.1	s__Abiotrophia_defectiva	52.72976162	38.07878915	0.1288095238	0.09915611814	0.4612647803	-1.116332955	NA	349	0.9985068927	0.9426019366	-2.963798802	0.7311328929	1	1	1	BcgI	NA	fixed	248451.7372	glm	14	False	fraction 0.13 < 0.75; dispersion 38.08 > 5.0; containment 0.10 < 0.5	-	single enzyme: no cross-enzyme consistency check available
SF003.BcgI	GCF_013276505.1	s__Streptococcus_sp013276505	NA	NA	NA	0.01162790698	NA	NA	NA	0	NA	NA	NA	NA	0	1	0	-	NA	fixed	NA	none	0	False	containment 0.01 < 0.5; only 0/1 enzymes produced a fit; no PTR estimate	BcgI:only 1 windows after outlier trimming	no enzyme produced a usable estimate
SF003.BcgI	GCF_013276755.1	s__Streptococcus_sp013276795	NA	NA	NA	0	NA	NA	NA	0	NA	NA	NA	NA	0	1	0	-	NA	fixed	NA	none	0	False	containment 0.00 < 0.5; only 0/1 enzymes produced a fit; no PTR estimate	BcgI:only 0 windows after outlier trimming	no enzyme produced a usable estimate
SF003.BcgI	GCF_013276955.1	s__Streptococcus_sp903645285	NA	NA	NA	0	NA	NA	NA	0	NA	NA	NA	NA	0	1	0	-	NA	fixed	NA	none	0	False	containment 0.00 < 0.5; only 0/1 enzymes produced a fit; no PTR estimate	BcgI:only 0 windows after outlier trimming	no enzyme produced a usable estimate
SF003.BcgI	GCF_013277075.1	s__Streptococcus_pseudopneumoniae_C	NA	NA	NA	0	NA	NA	NA	0	NA	NA	NA	NA	0	1	0	-	NA	fixed	NA	none	0	False	containment 0.00 < 0.5; only 0/1 enzymes produced a fit; no PTR estimate	BcgI:only 0 windows after outlier trimming	no enzyme produced a usable estimate
SF003.BcgI	GCF_013277115.1	s__Streptococcus_mitis_AW	NA	NA	NA	0	NA	NA	NA	0	NA	NA	NA	NA	0	1	0	-	NA	fixed	NA	none	0	False	containment 0.00 < 0.5; only 0/1 enzymes produced a fit; no PTR estimate	BcgI:only 0 windows after outlier trimming	no enzyme produced a usable estimate
SF003.BcgI	GCF_013277125.1	s__Streptococcus_sp013277415	NA	NA	NA	0.01204819277	NA	NA	NA	0	NA	NA	NA	NA	0	1	0	-	NA	fixed	NA	none	0	False	containment 0.01 < 0.5; only 0/1 enzymes produced a fit; no PTR estimate	BcgI:only 1 windows after outlier trimming	no enzyme produced a usable estimate
SF003.BcgI	GCF_013277195.1	s__Streptococcus_mitis_BA	NA	NA	NA	0	NA	NA	NA	0	NA	NA	NA	NA	0	1	0	-	NA	fixed	NA	none	0	False	containment 0.00 < 0.5; only 0/1 enzymes produced a fit; no PTR estimate	BcgI:only 0 windows after outlier trimming	no enzyme produced a usable estimate
SF003.BcgI	GCF_013277495.1	s__Streptococcus_sp013277515	NA	NA	NA	0	NA	NA	NA	0	NA	NA	NA	NA	0	1	0	-	NA	fixed	NA	none	0	False	containment 0.00 < 0.5; only 0/1 enzymes produced a fit; no PTR estimate	BcgI:only 0 windows after outlier trimming	no enzyme produced a usable estimate
SF003.BcgI	GCF_013284375.1	s__Brevibacillus_parabrevis	NA	NA	NA	0	NA	NA	NA	0	NA	NA	NA	NA	0	1	0	-	NA	fixed	NA	none	0	False	containment 0.00 < 0.5; only 0/1 enzymes produced a fit; no PTR estimate	BcgI:only 0 windows after outlier trimming	no enzyme produced a usable estimate
SF003.BcgI	GCF_013305725.1	s__Streptococcus_mitis_BO	NA	NA	NA	0	NA	NA	NA	0	NA	NA	NA	NA	0	1	0	-	NA	fixed	NA	none	0	False	containment 0.00 < 0.5; only 0/1 enzymes produced a fit; no PTR estimate	BcgI:only 0 windows after outlier trimming	no enzyme produced a usable estimate
SF003.BcgI	GCF_013307375.1	s__Moraxella_bovoculi	NA	NA	NA	0	NA	NA	NA	0	NA	NA	NA	NA	0	1	0	-	NA	fixed	NA	none	0	False	containment 0.00 < 0.5; only 0/1 enzymes produced a fit; no PTR estimate	BcgI:only 0 windows after outlier trimming	no enzyme produced a usable estimate
SF003.BcgI	GCF_013377255.1	s__Mannheimia_granulomatis	NA	NA	NA	0	NA	NA	NA	0	NA	NA	NA	NA	0	1	0	-	NA	fixed	NA	none	0	False	containment 0.00 < 0.5; only 0/1 enzymes produced a fit; no PTR estimate	BcgI:only 0 windows after outlier trimming	no enzyme produced a usable estimate
SF003.BcgI	GCF_013378355.1	s__Streptococcus_sanguinis_I	NA	NA	NA	0.01479289941	NA	NA	NA	0	NA	NA	NA	NA	0	1	0	-	NA	fixed	NA	none	0	False	containment 0.01 < 0.5; only 0/1 enzymes produced a fit; no PTR estimate	BcgI:only 3 windows after outlier trimming	no enzyme produced a usable estimate
SF003.BcgI	GCF_013386405.1	s__Pseudomonas_E_putida_E	NA	NA	NA	0.0003015226896	NA	NA	NA	0	NA	NA	NA	NA	0	1	0	-	NA	fixed	NA	none	0	False	containment 0.00 < 0.5; only 0/1 enzymes produced a fit; no PTR estimate	BcgI:only 1 windows after outlier trimming	no enzyme produced a usable estimate
SF003.BcgI	GCF_013390465.1	s__Xanthomonas_campestris	NA	NA	NA	0	NA	NA	NA	0	NA	NA	NA	NA	0	1	0	-	NA	fixed	NA	none	0	False	containment 0.00 < 0.5; only 0/1 enzymes produced a fit; no PTR estimate	BcgI:only 0 windows after outlier trimming	no enzyme produced a usable estimate
SF003.BcgI	GCF_013393195.1	s__Flavobacterium_collinsii_A	NA	NA	NA	0	NA	NA	NA	0	NA	NA	NA	NA	0	1	0	-	NA	fixed	NA	none	0	False	containment 0.00 < 0.5; only 0/1 enzymes produced a fit; no PTR estimate	BcgI:only 0 windows after outlier trimming	no enzyme produced a usable estimate
SF003.BcgI	GCF_013394695.1	s__Streptococcus_sp013394695	NA	NA	NA	0.03448275862	NA	NA	NA	0	NA	NA	NA	NA	0	1	0	-	NA	fixed	NA	none	0	False	containment 0.03 < 0.5; only 0/1 enzymes produced a fit; no PTR estimate	BcgI:only 3 windows after outlier trimming	no enzyme produced a usable estimate
SF003.BcgI	GCF_013394755.1	s__TM7x_sp005697215	NA	NA	NA	0	NA	NA	NA	0	NA	NA	NA	NA	0	1	0	-	NA	fixed	NA	none	0	False	containment 0.00 < 0.5; only 0/1 enzymes produced a fit; no PTR estimate	BcgI:only 0 windows after outlier trimming	no enzyme produced a usable estimate
SF003.BcgI	GCF_013394795.1	s__Leptotrichia_sp013394795	NA	NA	NA	0	NA	NA	NA	0	NA	NA	NA	NA	0	1	0	-	NA	fixed	NA	none	0	False	containment 0.00 < 0.5; only 0/1 enzymes produced a fit; no PTR estimate	BcgI:only 0 windows after outlier trimming	no enzyme produced a usable estimate
SF003.BcgI	GCF_013410305.1	s__Corynebacterium_durum	NA	NA	NA	0.0004353504571	NA	NA	NA	0	NA	NA	NA	NA	0	1	0	-	NA	fixed	NA	none	0	False	containment 0.00 < 0.5; only 0/1 enzymes produced a fit; no PTR estimate	BcgI:only 1 windows after outlier trimming	no enzyme produced a usable estimate
SF003.BcgI	GCF_013415415.1	s__Actinomyces_bowdenii_B	NA	NA	NA	0.0004541326067	NA	NA	NA	0	NA	NA	NA	NA	0	1	0	-	NA	fixed	NA	none	0	False	containment 0.00 < 0.5; only 0/1 enzymes produced a fit; no PTR estimate	BcgI:only 0 windows after outlier trimming	no enzyme produced a usable estimate
SF003.BcgI	GCF_013522775.1	s__Pseudomonas_B_oryzihabitans	NA	NA	NA	0	NA	NA	NA	0	NA	NA	NA	NA	0	1	0	-	NA	fixed	NA	none	0	False	containment 0.00 < 0.5; only 0/1 enzymes produced a fit; no PTR estimate	BcgI:only 0 windows after outlier trimming	no enzyme produced a usable estimate
SF003.BcgI	GCF_014054965.1	s__Eikenella_shayeganii	NA	NA	NA	0.001099505223	NA	NA	NA	0	NA	NA	NA	NA	0	1	0	-	NA	fixed	NA	none	0	False	containment 0.00 < 0.5; only 0/1 enzymes produced a fit; no PTR estimate	BcgI:only 2 windows after outlier trimming	no enzyme produced a usable estimate
SF003.BcgI	GCF_014141695.1	s__Ralstonia_pickettii	NA	NA	NA	0	NA	NA	NA	0	NA	NA	NA	NA	0	1	0	-	NA	fixed	NA	none	0	False	containment 0.00 < 0.5; only 0/1 enzymes produced a fit; no PTR estimate	BcgI:only 0 windows after outlier trimming	no enzyme produced a usable estimate
SF003.BcgI	GCF_014142545.1	s__Ralstonia_pickettii_B	NA	NA	NA	0	NA	NA	NA	0	NA	NA	NA	NA	0	1	0	-	NA	fixed	NA	none	0	False	containment 0.00 < 0.5; only 0/1 enzymes produced a fit; no PTR estimate	BcgI:only 0 windows after outlier trimming	no enzyme produced a usable estimate
SF003.BcgI	GCF_014145815.1	s__Stenotrophomonas_koreensis	NA	NA	NA	0	NA	NA	NA	0	NA	NA	NA	NA	0	1	0	-	NA	fixed	NA	none	0	False	containment 0.00 < 0.5; only 0/1 enzymes produced a fit; no PTR estimate	BcgI:only 0 windows after outlier trimming	no enzyme produced a usable estimate
SF003.BcgI	GCF_014194675.1	s__Comamonas_aquatica	NA	NA	NA	0	NA	NA	NA	0	NA	NA	NA	NA	0	1	0	-	NA	fixed	NA	none	0	False	containment 0.00 < 0.5; only 0/1 enzymes produced a fit; no PTR estimate	BcgI:only 0 windows after outlier trimming	no enzyme produced a usable estimate
SF003.BcgI	GCF_014195585.1	s__Alloprevotella_rava	NA	NA	NA	0	NA	NA	NA	0	NA	NA	NA	NA	0	1	0	-	NA	fixed	NA	none	0	False	containment 0.00 < 0.5; only 0/1 enzymes produced a fit; no PTR estimate	BcgI:only 0 windows after outlier trimming	no enzyme produced a usable estimate
SF003.BcgI	GCF_014199985.1	s__Methylobacterium_rhodesianum	18.42737052	1.48768788	0.01244769767	0.001988071571	5.851270968	2.54875003	NA	1233	0.9806622137	0.686047445	1.204121746	3.893378314	1	1	1	BcgI	NA	fixed	1871760.596	glm	13	False	fraction 0.01 < 0.75; containment 0.00 < 0.5	-	single enzyme: no cross-enzyme consistency check available
SF003.BcgI	GCF_014217915.1	s__Janibacter_indicus	NA	NA	NA	0	NA	NA	NA	0	NA	NA	NA	NA	0	1	0	-	NA	fixed	NA	none	0	False	containment 0.00 < 0.5; only 0/1 enzymes produced a fit; no PTR estimate	BcgI:only 0 windows after outlier trimming	no enzyme produced a usable estimate
SF003.BcgI	GCF_014253065.1	s__Campylobacter_A_sp014253065	NA	NA	NA	0.00135501355	NA	NA	NA	0	NA	NA	NA	NA	0	1	0	-	NA	fixed	NA	none	0	False	containment 0.00 < 0.5; only 0/1 enzymes produced a fit; no PTR estimate	BcgI:only 1 windows after outlier trimming	no enzyme produced a usable estimate
SF003.BcgI	GCF_014334325.1	s__Treponema_D_sp014334325	NA	NA	NA	0.0003601008282	NA	NA	NA	0	NA	NA	NA	NA	0	1	0	-	NA	fixed	NA	none	0	False	containment 0.00 < 0.5; only 0/1 enzymes produced a fit; no PTR estimate	BcgI:only 1 windows after outlier trimming	no enzyme produced a usable estimate
SF003.BcgI	GCF_014334335.1	s__Treponema_D_sp014334335	NA	NA	NA	0	NA	NA	NA	0	NA	NA	NA	NA	0	1	0	-	NA	fixed	NA	none	0	False	containment 0.00 < 0.5; only 0/1 enzymes produced a fit; no PTR estimate	BcgI:only 0 windows after outlier trimming	no enzyme produced a usable estimate
SF003.BcgI	GCF_014385435.1	s__F0040_sp003639005	NA	NA	NA	0	NA	NA	NA	0	NA	NA	NA	NA	0	1	0	-	NA	fixed	NA	none	0	False	containment 0.00 < 0.5; only 0/1 enzymes produced a fit; no PTR estimate	BcgI:only 0 windows after outlier trimming	no enzyme produced a usable estimate
SF003.BcgI	GCF_014489875.1	s__Stenotrophomonas_pavanii	NA	NA	NA	0	NA	NA	NA	0	NA	NA	NA	NA	0	1	0	-	NA	fixed	NA	none	0	False	containment 0.00 < 0.5; only 0/1 enzymes produced a fit; no PTR estimate	BcgI:only 0 windows after outlier trimming	no enzyme produced a usable estimate
SF003.BcgI	GCF_014596365.1	s__Neisseria_flavescens_B	265.9101725	484.2901858	0.2194747945	0.1520661157	8.884206274e+15	52.98016431	NA	521	1	1.142746648	50.74042204	55.21990659	1	1	1	BcgI	NA	fixed	1641537.819	glm	23	False	fraction 0.22 < 0.75; dispersion 484.29 > 5.0; containment 0.15 < 0.5	-	single enzyme: no cross-enzyme consistency check available
SF003.BcgI	GCF_900014995.1	s__Pseudoclavibacter_helvolus	NA	NA	NA	0	NA	NA	NA	0	NA	NA	NA	NA	0	1	0	-	NA	fixed	NA	none	0	False	containment 0.00 < 0.5; only 0/1 enzymes produced a fit; no PTR estimate	BcgI:only 0 windows after outlier trimming	no enzyme produced a usable estimate
SF003.BcgI	GCF_900052935.1	s__Legionella_pneumophila	NA	NA	NA	0	NA	NA	NA	0	NA	NA	NA	NA	0	1	0	-	NA	fixed	NA	none	0	False	containment 0.00 < 0.5; only 0/1 enzymes produced a fit; no PTR estimate	BcgI:only 0 windows after outlier trimming	no enzyme produced a usable estimate
SF003.BcgI	GCF_900061175.1	s__Streptococcus_pneumoniae	NA	NA	NA	0	NA	NA	NA	0	NA	NA	NA	NA	0	1	0	-	NA	fixed	NA	none	0	False	containment 0.00 < 0.5; only 0/1 enzymes produced a fit; no PTR estimate	BcgI:only 0 windows after outlier trimming	no enzyme produced a usable estimate
SF003.BcgI	GCF_900095705.1	s__Fusobacterium_massiliense	NA	NA	NA	0	NA	NA	NA	0	NA	NA	NA	NA	0	1	0	-	NA	fixed	NA	none	0	False	containment 0.00 < 0.5; only 0/1 enzymes produced a fit; no PTR estimate	BcgI:only 0 windows after outlier trimming	no enzyme produced a usable estimate
SF003.BcgI	GCF_900101615.1	s__Belnapia_rosea	NA	NA	NA	0.0001246727341	NA	NA	NA	0	NA	NA	NA	NA	0	1	0	-	NA	fixed	NA	none	0	False	containment 0.00 < 0.5; only 0/1 enzymes produced a fit; no PTR estimate	BcgI:only 1 windows after outlier trimming	no enzyme produced a usable estimate
SF003.BcgI	GCF_900104285.1	s__Streptococcus_sp900104285	NA	NA	NA	0	NA	NA	NA	0	NA	NA	NA	NA	0	1	0	-	NA	fixed	NA	none	0	False	containment 0.00 < 0.5; only 0/1 enzymes produced a fit; no PTR estimate	BcgI:only 0 windows after outlier trimming	no enzyme produced a usable estimate
SF003.BcgI	GCF_900107735.1	s__Bowdeniella_nasicola_A	NA	NA	NA	0	NA	NA	NA	0	NA	NA	NA	NA	0	1	0	-	NA	fixed	NA	none	0	False	containment 0.00 < 0.5; only 0/1 enzymes produced a fit; no PTR estimate	BcgI:only 0 windows after outlier trimming	no enzyme produced a usable estimate
SF003.BcgI	GCF_900111135.1	s__Granulicatella_balaenopterae	NA	NA	NA	0	NA	NA	NA	0	NA	NA	NA	NA	0	1	0	-	NA	fixed	NA	none	0	False	containment 0.00 < 0.5; only 0/1 enzymes produced a fit; no PTR estimate	BcgI:only 0 windows after outlier trimming	no enzyme produced a usable estimate
SF003.BcgI	GCF_900112185.1	s__Bosea_sp900112185	19.62497549	17.81818182	0.01323458788	0.0009992006395	2.366829031	1.242955496	NA	738	0.8728633733	0.8200908797	-0.3643930924	2.850304084	1	1	1	BcgI	NA	fixed	460415.4133	glm	8	False	fraction 0.01 < 0.75; dispersion 17.82 > 5.0; containment 0.00 < 0.5	-	single enzyme: no cross-enzyme consistency check available
SF003.BcgI	GCF_900113305.1	s__Prevotella_sp900113305	NA	NA	NA	0	NA	NA	NA	0	NA	NA	NA	NA	0	1	0	-	NA	fixed	NA	none	0	False	containment 0.00 < 0.5; only 0/1 enzymes produced a fit; no PTR estimate	BcgI:only 0 windows after outlier trimming	no enzyme produced a usable estimate
SF003.BcgI	GCF_900115315.1	s__Capnocytophaga_haemolytica	NA	NA	NA	0	NA	NA	NA	0	NA	NA	NA	NA	0	1	0	-	NA	fixed	NA	none	0	False	containment 0.00 < 0.5; only 0/1 enzymes produced a fit; no PTR estimate	BcgI:only 0 windows after outlier trimming	no enzyme produced a usable estimate
SF003.BcgI	GCF_900115545.1	s__Ralstonia_sp900115545	NA	NA	NA	0	NA	NA	NA	0	NA	NA	NA	NA	0	1	0	-	NA	fixed	NA	none	0	False	containment 0.00 < 0.5; only 0/1 enzymes produced a fit; no PTR estimate	BcgI:only 0 windows after outlier trimming	no enzyme produced a usable estimate
SF003.BcgI	GCF_900115665.1	s__Pseudarcicella_hirudinis	NA	NA	NA	0.0007423904974	NA	NA	NA	0	NA	NA	NA	NA	0	1	0	-	NA	fixed	NA	none	0	False	containment 0.00 < 0.5; only 0/1 enzymes produced a fit; no PTR estimate	BcgI:only 1 windows after outlier trimming	no enzyme produced a usable estimate
SF003.BcgI	GCF_900118505.1	s__Chlamydophila_abortus	NA	NA	NA	0	NA	NA	NA	0	NA	NA	NA	NA	0	1	0	-	NA	fixed	NA	none	0	False	containment 0.00 < 0.5; only 0/1 enzymes produced a fit; no PTR estimate	BcgI:only 0 windows after outlier trimming	no enzyme produced a usable estimate
SF003.BcgI	GCF_900120245.1	s__Pauljensenia_marseillensis	NA	NA	NA	0.007729468599	NA	NA	NA	0	NA	NA	NA	NA	0	1	0	-	NA	fixed	NA	none	0	False	containment 0.01 < 0.5; only 0/1 enzymes produced a fit; no PTR estimate	BcgI:only 4 windows after outlier trimming	no enzyme produced a usable estimate
SF003.BcgI	GCF_900128465.1	s__Pauljensenia_bouchesdurhonensis	NA	NA	NA	0.001540041068	NA	NA	NA	0	NA	NA	NA	NA	0	1	0	-	NA	fixed	NA	none	0	False	containment 0.00 < 0.5; only 0/1 enzymes produced a fit; no PTR estimate	BcgI:only 3 windows after outlier trimming	no enzyme produced a usable estimate
SF003.BcgI	GCF_900155595.1	s__Pauljensenia_mediterranea	NA	NA	NA	0.0002909514111	NA	NA	NA	0	NA	NA	NA	NA	0	1	0	-	NA	fixed	NA	none	0	False	containment 0.00 < 0.5; only 0/1 enzymes produced a fit; no PTR estimate	BcgI:only 1 windows after outlier trimming	no enzyme produced a usable estimate
SF003.BcgI	GCF_900156035.1	s__Corynebacterium_afermentans	NA	NA	NA	0	NA	NA	NA	0	NA	NA	NA	NA	0	1	0	-	NA	fixed	NA	none	0	False	containment 0.00 < 0.5; only 0/1 enzymes produced a fit; no PTR estimate	BcgI:only 0 windows after outlier trimming	no enzyme produced a usable estimate
SF003.BcgI	GCF_900156605.1	s__Insolitispirillum_peregrinum	NA	NA	NA	0	NA	NA	NA	0	NA	NA	NA	NA	0	1	0	-	NA	fixed	NA	none	0	False	containment 0.00 < 0.5; only 0/1 enzymes produced a fit; no PTR estimate	BcgI:only 0 windows after outlier trimming	no enzyme produced a usable estimate
SF003.BcgI	GCF_900186465.1	s__Centipeda_felix	NA	NA	NA	0	NA	NA	NA	0	NA	NA	NA	NA	0	1	0	-	NA	fixed	NA	none	0	False	containment 0.00 < 0.5; only 0/1 enzymes produced a fit; no PTR estimate	BcgI:only 0 windows after outlier trimming	no enzyme produced a usable estimate
SF003.BcgI	GCF_900186885.1	s__Veillonella_parvula	46.69444444	13.61034188	0.08	0.06611570248	0.7702702464	-0.3765633962	NA	150	0.9723436254	1.211723424	-2.751497667	1.998370875	1	1	1	BcgI	NA	fixed	816817.4	glm	6	False	fraction 0.08 < 0.75; dispersion 13.61 > 5.0; containment 0.07 < 0.5	-	single enzyme: no cross-enzyme consistency check available
SF003.BcgI	GCF_900187285.1	s__Veillonella_rodentium	NA	NA	NA	0	NA	NA	NA	0	NA	NA	NA	NA	0	1	0	-	NA	fixed	NA	none	0	False	containment 0.00 < 0.5; only 0/1 enzymes produced a fit; no PTR estimate	BcgI:only 0 windows after outlier trimming	no enzyme produced a usable estimate
SF003.BcgI	GCF_900199505.1	s__KH17_sp900199505	NA	NA	NA	0	NA	NA	NA	0	NA	NA	NA	NA	0	1	0	-	NA	fixed	NA	none	0	False	containment 0.00 < 0.5; only 0/1 enzymes produced a fit; no PTR estimate	BcgI:only 0 windows after outlier trimming	no enzyme produced a usable estimate
SF003.BcgI	GCF_900289195.1	s__Propionibacterium_sp900289195	NA	NA	NA	0	NA	NA	NA	0	NA	NA	NA	NA	0	1	0	-	NA	fixed	NA	none	0	False	containment 0.00 < 0.5; only 0/1 enzymes produced a fit; no PTR estimate	BcgI:only 0 windows after outlier trimming	no enzyme produced a usable estimate
SF003.BcgI	GCF_900290285.1	s__Centipeda_massiliensis	NA	NA	NA	0	NA	NA	NA	0	NA	NA	NA	NA	0	1	0	-	NA	fixed	NA	none	0	False	containment 0.00 < 0.5; only 0/1 enzymes produced a fit; no PTR estimate	BcgI:only 0 windows after outlier trimming	no enzyme produced a usable estimate
SF003.BcgI	GCF_900407485.1	s__Haemophilus_influenzae	NA	NA	NA	0	NA	NA	NA	0	NA	NA	NA	NA	0	1	0	-	NA	fixed	NA	none	0	False	containment 0.00 < 0.5; only 0/1 enzymes produced a fit; no PTR estimate	BcgI:only 0 windows after outlier trimming	no enzyme produced a usable estimate
SF003.BcgI	GCF_900445025.1	s__Pauljensenia_odontolytica	126.2702383	145.1369581	0.02881510326	0.02081632653	6.216203247	2.636033675	NA	1938	0.999999842	1.769690067	-0.8324951196	6.104562471	1	1	1	BcgI	NA	fixed	803562.7056	glm	20	False	fraction 0.03 < 0.75; dispersion 145.14 > 5.0; containment 0.02 < 0.5	-	single enzyme: no cross-enzyme consistency check available
SF003.BcgI	GCF_900450505.1	s__Slackia_exigua	NA	NA	NA	0	NA	NA	NA	0	NA	NA	NA	NA	0	1	0	-	NA	fixed	NA	none	0	False	containment 0.00 < 0.5; only 0/1 enzymes produced a fit; no PTR estimate	BcgI:only 0 windows after outlier trimming	no enzyme produced a usable estimate
SF003.BcgI	GCF_900450875.1	s__Haemophilus_A_parahaemolyticus	NA	NA	NA	0	NA	NA	NA	0	NA	NA	NA	NA	0	1	0	-	NA	fixed	NA	none	0	False	containment 0.00 < 0.5; only 0/1 enzymes produced a fit; no PTR estimate	BcgI:only 0 windows after outlier trimming	no enzyme produced a usable estimate
SF003.BcgI	GCF_900450995.1	s__Haemophilus_D_parainfluenzae_M	NA	NA	NA	0.0325732899	NA	NA	NA	0	NA	NA	NA	NA	0	1	0	-	NA	fixed	NA	none	0	False	containment 0.03 < 0.5; only 0/1 enzymes produced a fit; no PTR estimate	BcgI:only 4 windows after outlier trimming	no enzyme produced a usable estimate
SF003.BcgI	GCF_900451065.1	s__Haemophilus_A_paraphrohaemolyticus	NA	NA	NA	0	NA	NA	NA	0	NA	NA	NA	NA	0	1	0	-	NA	fixed	NA	none	0	False	containment 0.00 < 0.5; only 0/1 enzymes produced a fit; no PTR estimate	BcgI:only 0 windows after outlier trimming	no enzyme produced a usable estimate
SF003.BcgI	GCF_900451175.1	s__Neisseria_potus	NA	NA	NA	0.0005688282139	NA	NA	NA	0	NA	NA	NA	NA	0	1	0	-	NA	fixed	NA	none	0	False	containment 0.00 < 0.5; only 0/1 enzymes produced a fit; no PTR estimate	BcgI:only 1 windows after outlier trimming	no enzyme produced a usable estimate
SF003.BcgI	GCF_900451365.1	s__Kingella_A_denitrificans	65.3782697	84.34916336	0.1134920635	0.1166868198	2.048021709	1.034231008	NA	1588	0.9991945118	0.4897876667	0.07426482142	1.994197195	1	1	1	BcgI	NA	fixed	1493004.989	glm	24	False	fraction 0.11 < 0.75; dispersion 84.35 > 5.0; containment 0.12 < 0.5	-	single enzyme: no cross-enzyme consistency check available
SF003.BcgI	GCF_900452275.1	s__Kluyvera_cryocrescens	NA	NA	NA	0	NA	NA	NA	0	NA	NA	NA	NA	0	1	0	-	NA	fixed	NA	none	0	False	containment 0.00 < 0.5; only 0/1 enzymes produced a fit; no PTR estimate	BcgI:only 0 windows after outlier trimming	no enzyme produced a usable estimate
SF003.BcgI	GCF_900454205.1	s__Neisseria_zoodegmatis	NA	NA	NA	0	NA	NA	NA	0	NA	NA	NA	NA	0	1	0	-	NA	fixed	NA	none	0	False	containment 0.00 < 0.5; only 0/1 enzymes produced a fit; no PTR estimate	BcgI:only 0 windows after outlier trimming	no enzyme produced a usable estimate
SF003.BcgI	GCF_900454815.1	s__Porphyromonas_endodontalis	NA	NA	NA	0	NA	NA	NA	0	NA	NA	NA	NA	0	1	0	-	NA	fixed	NA	none	0	False	containment 0.00 < 0.5; only 0/1 enzymes produced a fit; no PTR estimate	BcgI:only 0 windows after outlier trimming	no enzyme produced a usable estimate
SF003.BcgI	GCF_900454835.1	s__Prevotella_denticola	NA	NA	NA	0	NA	NA	NA	0	NA	NA	NA	NA	0	1	0	-	NA	fixed	NA	none	0	False	containment 0.00 < 0.5; only 0/1 enzymes produced a fit; no PTR estimate	BcgI:only 0 windows after outlier trimming	no enzyme produced a usable estimate
SF003.BcgI	GCF_900454935.1	s__Prevotella_pallens	NA	NA	NA	0.004088307441	NA	NA	NA	0	NA	NA	NA	NA	0	1	0	-	NA	fixed	NA	none	0	False	containment 0.00 < 0.5; only 0/1 enzymes produced a fit; no PTR estimate	BcgI:only 4 windows after outlier trimming	no enzyme produced a usable estimate
SF003.BcgI	GCF_900459415.1	s__Streptococcus_infantis	74.05999999	135.7069902	0.1366486486	0.1459854015	5373.063287	12.39152912	NA	137	0.9999992253	0.4192247781	11.56986365	13.21319458	1	1	1	BcgI	NA	fixed	1390812.294	glm	5	False	fraction 0.14 < 0.75; dispersion 135.71 > 5.0; containment 0.15 < 0.5	-	single enzyme: no cross-enzyme consistency check available
SF003.BcgI	GCF_900460625.1	s__Actinobacillus_B_seminis	NA	NA	NA	0	NA	NA	NA	0	NA	NA	NA	NA	0	1	0	-	NA	fixed	NA	none	0	False	containment 0.00 < 0.5; only 0/1 enzymes produced a fit; no PTR estimate	BcgI:only 0 windows after outlier trimming	no enzyme produced a usable estimate
SF003.BcgI	GCF_900460955.1	s__Cardiobacterium_valvarum	NA	NA	NA	0.002099370189	NA	NA	NA	0	NA	NA	NA	NA	0	1	0	-	NA	fixed	NA	none	0	False	containment 0.00 < 0.5; only 0/1 enzymes produced a fit; no PTR estimate	BcgI:only 4 windows after outlier trimming	no enzyme produced a usable estimate
SF003.BcgI	GCF_900469495.1	s__Agrobacterium_pusense	NA	NA	NA	0.0008256274769	NA	NA	NA	0	NA	NA	NA	NA	0	1	0	-	NA	fixed	NA	none	0	False	containment 0.00 < 0.5; only 0/1 enzymes produced a fit; no PTR estimate	BcgI:only 3 windows after outlier trimming	no enzyme produced a usable estimate
SF003.BcgI	GCF_900469525.1	s__Allorhizobium_rosettiformans	NA	NA	NA	0	NA	NA	NA	0	NA	NA	NA	NA	0	1	0	-	NA	fixed	NA	none	0	False	containment 0.00 < 0.5; only 0/1 enzymes produced a fit; no PTR estimate	BcgI:only 0 windows after outlier trimming	no enzyme produced a usable estimate
SF003.BcgI	GCF_900470035.1	s__Bosea_vestrisii	17.49874366	NA	0.01045285666	0.0007162468664	3.445224949	1.784598184	NA	607	0.9235720932	1.137621476	-0.4450989374	4.014295305	1	1	1	BcgI	NA	fixed	4130285.227	glm	6	False	fraction 0.01 < 0.75; containment 0.00 < 0.5	-	single enzyme: no cross-enzyme consistency check available
SF003.BcgI	GCF_900476055.1	s__Streptococcus_australis	129.7407375	160.607437	0.1092063492	0.08856088561	15.20227412	3.926215248	NA	221	0.9999887184	1.683159471	0.6272833047	7.225147192	1	1	1	BcgI	NA	fixed	513079.2275	glm	9	False	fraction 0.11 < 0.75; dispersion 160.61 > 5.0; containment 0.09 < 0.5	-	single enzyme: no cross-enzyme consistency check available
SF003.BcgI	GCF_900498865.1	s__Klebsiella_pneumoniae	NA	NA	NA	0.001041666667	NA	NA	NA	0	NA	NA	NA	NA	0	1	0	-	NA	fixed	NA	none	0	False	containment 0.00 < 0.5; only 0/1 enzymes produced a fit; no PTR estimate	BcgI:only 4 windows after outlier trimming	no enzyme produced a usable estimate
SF003.BcgI	GCF_900499005.1	s__Pauljensenia_culturomici	NA	NA	NA	0.0006781959986	NA	NA	NA	0	NA	NA	NA	NA	0	1	0	-	NA	fixed	NA	none	0	False	containment 0.00 < 0.5; only 0/1 enzymes produced a fit; no PTR estimate	BcgI:only 1 windows after outlier trimming	no enzyme produced a usable estimate
SF003.BcgI	GCF_900536635.1	s__Propionibacterium_australiense	NA	NA	NA	0	NA	NA	NA	0	NA	NA	NA	NA	0	1	0	-	NA	fixed	NA	none	0	False	containment 0.00 < 0.5; only 0/1 enzymes produced a fit; no PTR estimate	BcgI:only 0 windows after outlier trimming	no enzyme produced a usable estimate
SF003.BcgI	GCF_900555265.1	s__TM7x_sp900555265	NA	NA	NA	0.01092896175	NA	NA	NA	0	NA	NA	NA	NA	0	1	0	-	NA	fixed	NA	none	0	False	containment 0.01 < 0.5; only 0/1 enzymes produced a fit; no PTR estimate	BcgI:only 2 windows after outlier trimming	no enzyme produced a usable estimate
SF003.BcgI	GCF_900555425.1	s__TM7x_sp900555425	NA	NA	NA	0	NA	NA	NA	0	NA	NA	NA	NA	0	1	0	-	NA	fixed	NA	none	0	False	containment 0.00 < 0.5; only 0/1 enzymes produced a fit; no PTR estimate	BcgI:only 0 windows after outlier trimming	no enzyme produced a usable estimate
SF003.BcgI	GCF_900555675.1	s__TM7x_sp900555675	NA	NA	NA	0.02339181287	NA	NA	NA	0	NA	NA	NA	NA	0	1	0	-	NA	fixed	NA	none	0	False	containment 0.02 < 0.5; only 0/1 enzymes produced a fit; no PTR estimate	BcgI:only 4 windows after outlier trimming	no enzyme produced a usable estimate
SF003.BcgI	GCF_900555885.1	s__TM7x_sp900555885	NA	NA	NA	0.02272727273	NA	NA	NA	0	NA	NA	NA	NA	0	1	0	-	NA	fixed	NA	none	0	False	containment 0.02 < 0.5; only 0/1 enzymes produced a fit; no PTR estimate	BcgI:only 3 windows after outlier trimming	no enzyme produced a usable estimate
SF003.BcgI	GCF_900556355.1	s__TM7x_sp900556355	NA	NA	NA	0.02564102564	NA	NA	NA	0	NA	NA	NA	NA	0	1	0	-	NA	fixed	NA	none	0	False	containment 0.03 < 0.5; only 0/1 enzymes produced a fit; no PTR estimate	BcgI:only 2 windows after outlier trimming	no enzyme produced a usable estimate
SF003.BcgI	GCF_900556885.1	s__TM7x_sp900556885	NA	NA	NA	0.006896551724	NA	NA	NA	0	NA	NA	NA	NA	0	1	0	-	NA	fixed	NA	none	0	False	containment 0.01 < 0.5; only 0/1 enzymes produced a fit; no PTR estimate	BcgI:only 1 windows after outlier trimming	no enzyme produced a usable estimate
SF003.BcgI	GCF_900557595.1	s__TM7x_sp900557595	NA	NA	NA	0.007936507937	NA	NA	NA	0	NA	NA	NA	NA	0	1	0	-	NA	fixed	NA	none	0	False	containment 0.01 < 0.5; only 0/1 enzymes produced a fit; no PTR estimate	BcgI:only 1 windows after outlier trimming	no enzyme produced a usable estimate
SF003.BcgI	GCF_900566195.1	s__Treponema_D_pectinovorum	NA	NA	NA	0	NA	NA	NA	0	NA	NA	NA	NA	0	1	0	-	NA	fixed	NA	none	0	False	containment 0.00 < 0.5; only 0/1 enzymes produced a fit; no PTR estimate	BcgI:only 0 windows after outlier trimming	no enzyme produced a usable estimate
SF003.BcgI	GCF_900573955.1	s__Campylobacter_A_showae_D	NA	NA	NA	0	NA	NA	NA	0	NA	NA	NA	NA	0	1	0	-	NA	fixed	NA	none	0	False	containment 0.00 < 0.5; only 0/1 enzymes produced a fit; no PTR estimate	BcgI:only 0 windows after outlier trimming	no enzyme produced a usable estimate
SF003.BcgI	GCF_900573975.1	s__Campylobacter_A_showae_A	28.81817914	NA	0.03225806452	0.01526717557	1.40771661	0.4933569314	NA	341	0.8327216031	0.3690759517	-0.2300186415	1.216732504	1	1	1	BcgI	NA	fixed	786191.275	glm	11	False	fraction 0.03 < 0.75; containment 0.02 < 0.5	-	single enzyme: no cross-enzyme consistency check available
SF003.BcgI	GCF_900573985.1	s__Campylobacter_A_showae_E	NA	NA	NA	0.002628120894	NA	NA	NA	0	NA	NA	NA	NA	0	1	0	-	NA	fixed	NA	none	0	False	containment 0.00 < 0.5; only 0/1 enzymes produced a fit; no PTR estimate	BcgI:only 2 windows after outlier trimming	no enzyme produced a usable estimate
SF003.BcgI	GCF_900605015.1	s__Olsenella_B_sp900605015	NA	NA	NA	0	NA	NA	NA	0	NA	NA	NA	NA	0	1	0	-	NA	fixed	NA	none	0	False	containment 0.00 < 0.5; only 0/1 enzymes produced a fit; no PTR estimate	BcgI:only 0 windows after outlier trimming	no enzyme produced a usable estimate
SF003.BcgI	GCF_900607225.1	s__Arachnia_sp900607225	NA	NA	NA	0	NA	NA	NA	0	NA	NA	NA	NA	0	1	0	-	NA	fixed	NA	none	0	False	containment 0.00 < 0.5; only 0/1 enzymes produced a fit; no PTR estimate	BcgI:only 0 windows after outlier trimming	no enzyme produced a usable estimate
SF003.BcgI	GCF_900634705.1	s__Frankia_coriariae	NA	NA	NA	0	NA	NA	NA	0	NA	NA	NA	NA	0	1	0	-	NA	fixed	NA	none	0	False	containment 0.00 < 0.5; only 0/1 enzymes produced a fit; no PTR estimate	BcgI:only 0 windows after outlier trimming	no enzyme produced a usable estimate
SF003.BcgI	GCF_900635155.1	s__Streptococcus_sanguinis_G	89.20499954	270.2586269	0.08854545455	0.08088235294	33.0792515	5.047854685	NA	247	0.9999997916	1.941997018	1.241610473	8.854098898	1	1	1	BcgI	NA	fixed	1975625.462	glm	10	False	fraction 0.09 < 0.75; dispersion 270.26 > 5.0; containment 0.08 < 0.5	-	single enzyme: no cross-enzyme consistency check available
SF003.BcgI	GCF_900637555.1	s__Lautropia_mirabilis	121.4948735	561.2539282	0.2025537634	0.2018147685	19.11179275	4.25639121	NA	3096	0.9997148324	0.5278994843	3.221727233	5.291055186	1	1	1	BcgI	NA	fixed	2317677.04	glm	31	False	fraction 0.20 < 0.75; dispersion 561.25 > 5.0; containment 0.20 < 0.5	-	single enzyme: no cross-enzyme consistency check available
SF003.BcgI	GCF_900683665.1	s__Bacteroides_heparinolyticus	NA	NA	NA	0	NA	NA	NA	0	NA	NA	NA	NA	0	1	0	-	NA	fixed	NA	none	0	False	containment 0.00 < 0.5; only 0/1 enzymes produced a fit; no PTR estimate	BcgI:only 0 windows after outlier trimming	no enzyme produced a usable estimate
SF003.BcgI	GCF_900755445.1	s__Haemophilus_D_sp900755445	NA	NA	NA	0.05050505051	NA	NA	NA	0	NA	NA	NA	NA	0	1	0	-	NA	fixed	NA	none	0	False	containment 0.05 < 0.5; only 0/1 enzymes produced a fit; no PTR estimate	BcgI:only 24 anchors (< 30)	no enzyme produced a usable estimate
SF003.BcgI	GCF_900755485.1	s__F0422_sp900544365	NA	NA	NA	0	NA	NA	NA	0	NA	NA	NA	NA	0	1	0	-	NA	fixed	NA	none	0	False	containment 0.00 < 0.5; only 0/1 enzymes produced a fit; no PTR estimate	BcgI:only 0 windows after outlier trimming	no enzyme produced a usable estimate
SF003.BcgI	GCF_900756155.1	s__Haemophilus_D_sp900756155	43.22916644	16.48354478	0.1111039818	0.08	2.71946656	1.443323686	NA	151	0.9854918335	0.9747462009	-0.4671437619	3.353791134	1	1	1	BcgI	NA	fixed	1481884.29	glm	8	False	fraction 0.11 < 0.75; dispersion 16.48 > 5.0; containment 0.08 < 0.5	-	single enzyme: no cross-enzyme consistency check available
SF003.BcgI	GCF_900756875.1	s__Haemophilus_D_sp900756875	50.333288	156.0380952	0.5366666667	0.06692913386	3.346580289	1.742687627	NA	50	0.9999084302	2.104646089	-2.382342907	5.867718161	1	1	1	BcgI	NA	fixed	950576.0917	glm	15	False	fraction 0.54 < 0.75; dispersion 156.04 > 5.0; containment 0.07 < 0.5	-	single enzyme: no cross-enzyme consistency check available
SF003.BcgI	GCF_900759775.1	s__F0422_sp003999875	NA	NA	NA	0	NA	NA	NA	0	NA	NA	NA	NA	0	1	0	-	NA	fixed	NA	none	0	False	containment 0.00 < 0.5; only 0/1 enzymes produced a fit; no PTR estimate	BcgI:only 0 windows after outlier trimming	no enzyme produced a usable estimate
SF003.BcgI	GCF_900764435.1	s__Haemophilus_D_sp900764435	88.96875	68.3816092	0.4683035714	0.08050847458	8.329952536	3.058308275	NA	52	0.9998284073	1.095039979	0.912069355	5.204547195	1	1	1	BcgI	NA	fixed	73416.945	glm	16	False	fraction 0.47 < 0.75; dispersion 68.38 > 5.0; containment 0.08 < 0.5	-	single enzyme: no cross-enzyme consistency check available
SF003.BcgI	GCF_900765055.1	s__Limosilactobacillus_vaginalis_A	NA	NA	NA	0	NA	NA	NA	0	NA	NA	NA	NA	0	1	0	-	NA	fixed	NA	none	0	False	containment 0.00 < 0.5; only 0/1 enzymes produced a fit; no PTR estimate	BcgI:only 0 windows after outlier trimming	no enzyme produced a usable estimate
SF003.BcgI	GCF_900766245.1	s__F0422_sp900766245	NA	NA	NA	0	NA	NA	NA	0	NA	NA	NA	NA	0	1	0	-	NA	fixed	NA	none	0	False	containment 0.00 < 0.5; only 0/1 enzymes produced a fit; no PTR estimate	BcgI:only 0 windows after outlier trimming	no enzyme produced a usable estimate
SF003.BcgI	GCF_900768625.1	s__Prevotellamassilia_sp900768625	NA	NA	NA	0	NA	NA	NA	0	NA	NA	NA	NA	0	1	0	-	NA	fixed	NA	none	0	False	containment 0.00 < 0.5; only 0/1 enzymes produced a fit; no PTR estimate	BcgI:only 0 windows after outlier trimming	no enzyme produced a usable estimate
SF003.BcgI	GCF_900993765.1	s__Streptococcus_pyogenes	NA	NA	NA	0	NA	NA	NA	0	NA	NA	NA	NA	0	1	0	-	NA	fixed	NA	none	0	False	containment 0.00 < 0.5; only 0/1 enzymes produced a fit; no PTR estimate	BcgI:only 0 windows after outlier trimming	no enzyme produced a usable estimate
SF003.BcgI	GCF_901542415.1	s__Streptococcus_mitis_BL	NA	NA	NA	0	NA	NA	NA	0	NA	NA	NA	NA	0	1	0	-	NA	fixed	NA	none	0	False	containment 0.00 < 0.5; only 0/1 enzymes produced a fit; no PTR estimate	BcgI:only 0 windows after outlier trimming	no enzyme produced a usable estimate
SF003.BcgI	GCF_901543175.1	s__Streptococcus_australis_A	NA	NA	NA	0.01342281879	NA	NA	NA	0	NA	NA	NA	NA	0	1	0	-	NA	fixed	NA	none	0	False	containment 0.01 < 0.5; only 0/1 enzymes produced a fit; no PTR estimate	BcgI:only 1 windows after outlier trimming	no enzyme produced a usable estimate
SF003.BcgI	GCF_901543815.1	s__Streptococcus_mitis_BC	NA	NA	NA	0	NA	NA	NA	0	NA	NA	NA	NA	0	1	0	-	NA	fixed	NA	none	0	False	containment 0.00 < 0.5; only 0/1 enzymes produced a fit; no PTR estimate	BcgI:only 0 windows after outlier trimming	no enzyme produced a usable estimate
SF003.BcgI	GCF_902159415.1	s__Streptococcus_mitis_BG	97.69047615	14.42309797	0.1515873016	0.07741935484	10.54835475	3.398946092	NA	112	0.9993573727	1.091337263	1.25996436	5.537927823	1	1	1	BcgI	NA	fixed	1635893.643	glm	7	False	fraction 0.15 < 0.75; dispersion 14.42 > 5.0; containment 0.08 < 0.5	-	single enzyme: no cross-enzyme consistency check available
SF003.BcgI	GCF_902165435.1	s__Klebsiella_A_grimontii	NA	NA	NA	0.0004993757803	NA	NA	NA	0	NA	NA	NA	NA	0	1	0	-	NA	fixed	NA	none	0	False	containment 0.00 < 0.5; only 0/1 enzymes produced a fit; no PTR estimate	BcgI:only 2 windows after outlier trimming	no enzyme produced a usable estimate
SF003.BcgI	GCF_902363285.1	s__Actinomyces_sp900323545	NA	NA	NA	0.0009442870633	NA	NA	NA	0	NA	NA	NA	NA	0	1	0	-	NA	fixed	NA	none	0	False	containment 0.00 < 0.5; only 0/1 enzymes produced a fit; no PTR estimate	BcgI:only 2 windows after outlier trimming	no enzyme produced a usable estimate
SF003.BcgI	GCF_902363395.1	s__Streptococcus_sp902363395	59.74999263	48.46300788	0.08419230769	0.05836575875	5.172752891	2.370932274	NA	206	0.998297018	1.08917787	0.2361828755	4.505681672	1	1	1	BcgI	NA	fixed	383253.1944	glm	10	False	fraction 0.08 < 0.75; dispersion 48.46 > 5.0; containment 0.06 < 0.5	-	single enzyme: no cross-enzyme consistency check available
SF003.BcgI	GCF_902364435.1	s__Veillonella_dispar_A	NA	NA	NA	0	NA	NA	NA	0	NA	NA	NA	NA	0	1	0	-	NA	fixed	NA	none	0	False	containment 0.00 < 0.5; only 0/1 enzymes produced a fit; no PTR estimate	BcgI:only 0 windows after outlier trimming	no enzyme produced a usable estimate
SF003.BcgI	GCF_902373675.1	s__Parvimonas_micra	NA	NA	NA	0	NA	NA	NA	0	NA	NA	NA	NA	0	1	0	-	NA	fixed	NA	none	0	False	containment 0.00 < 0.5; only 0/1 enzymes produced a fit; no PTR estimate	BcgI:only 0 windows after outlier trimming	no enzyme produced a usable estimate
SF003.BcgI	GCF_902374235.1	s__Prevotella_salivae	NA	NA	NA	0.00156128025	NA	NA	NA	0	NA	NA	NA	NA	0	1	0	-	NA	fixed	NA	none	0	False	containment 0.00 < 0.5; only 0/1 enzymes produced a fit; no PTR estimate	BcgI:only 0 windows after outlier trimming	no enzyme produced a usable estimate
SF003.BcgI	GCF_902374455.1	s__Neisseria_macacae	1001.619247	948.8269571	0.107146393	0.06476683938	9.91762655e+38	129.5432625	NA	304	1	2.648294578	124.3527005	134.7338245	1	1	1	BcgI	NA	fixed	381507.9333	glm	12	False	fraction 0.11 < 0.75; dispersion 948.83 > 5.0; containment 0.06 < 0.5	-	single enzyme: no cross-enzyme consistency check available
SF003.BcgI	GCF_902375005.1	s__Streptococcus_sp000411475	44.16648134	0	0.09555555556	0.04790419162	2.886090422	1.529116501	NA	128	0.9442445942	1.302085538	-1.022924258	4.08115726	1	1	1	BcgI	NA	fixed	736529.82	glm	6	False	fraction 0.10 < 0.75; containment 0.05 < 0.5	-	single enzyme: no cross-enzyme consistency check available
SF003.BcgI	GCF_902376125.1	s__Streptococcus_timonensis	NA	NA	NA	0.04615384615	NA	NA	NA	0	NA	NA	NA	NA	0	1	0	-	NA	fixed	NA	none	0	False	containment 0.05 < 0.5; only 0/1 enzymes produced a fit; no PTR estimate	BcgI:only 3 windows after outlier trimming	no enzyme produced a usable estimate
SF003.BcgI	GCF_902376145.1	s__F0040_sp900095835	NA	NA	NA	0.001106806862	NA	NA	NA	0	NA	NA	NA	NA	0	1	0	-	NA	fixed	NA	none	0	False	containment 0.00 < 0.5; only 0/1 enzymes produced a fit; no PTR estimate	BcgI:only 1 windows after outlier trimming	no enzyme produced a usable estimate
SF003.BcgI	GCF_902387945.1	s__Lachnoanaerobaculum_umeaense	NA	NA	NA	0	NA	NA	NA	0	NA	NA	NA	NA	0	1	0	-	NA	fixed	NA	none	0	False	containment 0.00 < 0.5; only 0/1 enzymes produced a fit; no PTR estimate	BcgI:only 0 windows after outlier trimming	no enzyme produced a usable estimate
SF003.BcgI	GCF_902460355.1	s__Streptococcus_sp902460355	NA	NA	NA	0.009302325581	NA	NA	NA	0	NA	NA	NA	NA	0	1	0	-	NA	fixed	NA	none	0	False	containment 0.01 < 0.5; only 0/1 enzymes produced a fit; no PTR estimate	BcgI:only 2 windows after outlier trimming	no enzyme produced a usable estimate
SF003.BcgI	GCF_902460385.1	s__Streptococcus_sinensis	NA	NA	NA	0.002132196162	NA	NA	NA	0	NA	NA	NA	NA	0	1	0	-	NA	fixed	NA	none	0	False	containment 0.00 < 0.5; only 0/1 enzymes produced a fit; no PTR estimate	BcgI:only 1 windows after outlier trimming	no enzyme produced a usable estimate
SF003.BcgI	GCF_902460535.1	s__Campylobacter_A_concisus_J	NA	NA	NA	0.003225806452	NA	NA	NA	0	NA	NA	NA	NA	0	1	0	-	NA	fixed	NA	none	0	False	containment 0.00 < 0.5; only 0/1 enzymes produced a fit; no PTR estimate	BcgI:only 1 windows after outlier trimming	no enzyme produced a usable estimate
SF003.BcgI	GCF_902460615.1	s__Campylobacter_A_concisus_C	NA	NA	NA	0	NA	NA	NA	0	NA	NA	NA	NA	0	1	0	-	NA	fixed	NA	none	0	False	containment 0.00 < 0.5; only 0/1 enzymes produced a fit; no PTR estimate	BcgI:only 0 windows after outlier trimming	no enzyme produced a usable estimate
SF003.BcgI	GCF_902460705.1	s__Campylobacter_A_concisus_Z	NA	NA	NA	0	NA	NA	NA	0	NA	NA	NA	NA	0	1	0	-	NA	fixed	NA	none	0	False	containment 0.00 < 0.5; only 0/1 enzymes produced a fit; no PTR estimate	BcgI:only 0 windows after outlier trimming	no enzyme produced a usable estimate
SF003.BcgI	GCF_902460815.1	s__Campylobacter_A_concisus_F	NA	NA	NA	0	NA	NA	NA	0	NA	NA	NA	NA	0	1	0	-	NA	fixed	NA	none	0	False	containment 0.00 < 0.5; only 0/1 enzymes produced a fit; no PTR estimate	BcgI:only 0 windows after outlier trimming	no enzyme produced a usable estimate
SF003.BcgI	GCF_902859015.1	s__Streptococcus_sp001556435	189.0683983	299.8303384	0.1882517483	0.1863117871	281190.2603	18.1011871	NA	263	1	0.981814671	16.1768657	20.02550849	1	1	1	BcgI	NA	fixed	985421.7422	glm	11	False	fraction 0.19 < 0.75; dispersion 299.83 > 5.0; containment 0.19 < 0.5	-	single enzyme: no cross-enzyme consistency check available
SF003.BcgI	GCF_902983995.1	s__Treponema_D_buccale	NA	NA	NA	0	NA	NA	NA	0	NA	NA	NA	NA	0	1	0	-	NA	fixed	NA	none	0	False	containment 0.00 < 0.5; only 0/1 enzymes produced a fit; no PTR estimate	BcgI:only 0 windows after outlier trimming	no enzyme produced a usable estimate
SF003.BcgI	GCF_903645325.1	s__Microbacterium_sp903645325	NA	NA	NA	0	NA	NA	NA	0	NA	NA	NA	NA	0	1	0	-	NA	fixed	NA	none	0	False	containment 0.00 < 0.5; only 0/1 enzymes produced a fit; no PTR estimate	BcgI:only 0 windows after outlier trimming	no enzyme produced a usable estimate
