sample	genome	taxonomy	coverage	dispersion	fraction	containment	PTR	log2(PTR)	enzyme_consistency	n_anchors	ori_confidence	se	ci_low	ci_high	n_enzymes	n_enzymes_attempted	enzyme_fit_rate	enzymes_used	enzyme_i2	fusion_model	ori	method	n_windows	pass_qc	qc_reason	excluded	note
SF010.BcgI	GCA_000162895.1	s__Peptidiphaga_gingivicola	2.045100878	0.1666666667	0.01229314421	0.005417118093	2.004720281	1.003400952	NA	894	0.706745298	0.2364766407	0.5399152527	1.46688665	1	1	1	BcgI	NA	fixed	978891.5697	glm	9	False	fraction 0.01 < 0.75; containment 0.01 < 0.5	-	single enzyme: no cross-enzyme consistency check available
SF010.BcgI	GCA_000210715.1	s__Fretibacterium_fastidiosum	NA	NA	NA	0.00693131695	NA	NA	NA	0	NA	NA	NA	NA	0	1	0	-	NA	fixed	NA	none	0	False	containment 0.01 < 0.5; only 0/1 enzymes produced a fit; no PTR estimate	BcgI:only 3 windows after outlier trimming	no enzyme produced a usable estimate
SF010.BcgI	GCA_000286355.1	s__Kocuria_atrinae	NA	NA	NA	0	NA	NA	NA	0	NA	NA	NA	NA	0	1	0	-	NA	fixed	NA	none	0	False	containment 0.00 < 0.5; only 0/1 enzymes produced a fit; no PTR estimate	BcgI:only 0 windows after outlier trimming	no enzyme produced a usable estimate
SF010.BcgI	GCA_000385835.1	s__Streptococcus_mitis_AI	NA	NA	NA	0.02941176471	NA	NA	NA	0	NA	NA	NA	NA	0	1	0	-	NA	fixed	NA	none	0	False	containment 0.03 < 0.5; only 0/1 enzymes produced a fit; no PTR estimate	BcgI:only 2 windows after outlier trimming	no enzyme produced a usable estimate
SF010.BcgI	GCA_000413015.1	s__Treponema_D_paredis	2.874390948	3.153145213	0.05524031524	0.05562273277	1.858883149	0.8944360844	NA	2481	0.9364953963	0.6294072439	-0.3391794452	2.128051614	1	1	1	BcgI	NA	fixed	2152402.413	glm	25	False	fraction 0.06 < 0.75; containment 0.06 < 0.5	-	single enzyme: no cross-enzyme consistency check available
SF010.BcgI	GCA_000413335.1	s__Cutibacterium_avidum	2.060415722	0.8775	0.02230769231	0.01573485102	1.335858111	0.4177667797	NA	1300	0.9530802465	0.6734409671	-0.9021532615	1.737686821	1	1	1	BcgI	NA	fixed	2466690.417	glm	13	False	fraction 0.02 < 0.75; containment 0.02 < 0.5	-	single enzyme: no cross-enzyme consistency check available
SF010.BcgI	GCA_001062585.1	s__Neisseria_sp000227275	NA	NA	NA	0.04197530864	NA	NA	NA	0	NA	NA	NA	NA	0	1	0	-	NA	fixed	NA	none	0	False	containment 0.04 < 0.5; only 0/1 enzymes produced a fit; no PTR estimate	BcgI:only 26 anchors (< 30)	no enzyme produced a usable estimate
SF010.BcgI	GCA_001063255.1	s__Neisseria_mucosa	79.33601343	34.41246604	0.5422986815	0.07799442897	4.11542961	2.041043042	NA	86	0.9999978052	2.161283067	-2.19499393	6.277080013	1	1	1	BcgI	NA	fixed	1651482.28	glm	23	False	fraction 0.54 < 0.75; dispersion 34.41 > 5.0; containment 0.08 < 0.5	-	single enzyme: no cross-enzyme consistency check available
SF010.BcgI	GCA_001067315.1	s__Neisseria_subflava	38.03615058	44.06978052	0.386941721	0.2307692308	4.334647887	2.115914805	NA	429	0.9995436833	0.9221354107	0.308562611	3.923266999	1	1	1	BcgI	NA	fixed	2020315.583	glm	43	False	fraction 0.39 < 0.75; dispersion 44.07 > 5.0; containment 0.23 < 0.5	-	single enzyme: no cross-enzyme consistency check available
SF010.BcgI	GCA_001067655.1	s__Neisseria_lactamica_B	515.3097137	167.1658974	0.506022409	0.04362416107	53.35586338	5.737574915	NA	60	1	2.981209899	-0.1054891166	11.58063895	1	1	1	BcgI	NA	fixed	1424175.617	glm	17	False	fraction 0.51 < 0.75; dispersion 167.17 > 5.0; containment 0.04 < 0.5	-	single enzyme: no cross-enzyme consistency check available
SF010.BcgI	GCA_001196045.1	s__Staphylococcus_warneri	NA	NA	NA	0	NA	NA	NA	0	NA	NA	NA	NA	0	1	0	-	NA	fixed	NA	none	0	False	containment 0.00 < 0.5; only 0/1 enzymes produced a fit; no PTR estimate	BcgI:only 0 windows after outlier trimming	no enzyme produced a usable estimate
SF010.BcgI	GCA_001275035.1	s__Pararheinheimera_tangshanensis	NA	NA	NA	0	NA	NA	NA	0	NA	NA	NA	NA	0	1	0	-	NA	fixed	NA	none	0	False	containment 0.00 < 0.5; only 0/1 enzymes produced a fit; no PTR estimate	BcgI:only 0 windows after outlier trimming	no enzyme produced a usable estimate
SF010.BcgI	GCA_001296205.1	s__Streptococcus_intermedius	6.735022003	3.684615385	0.05333333333	0.03244837758	0.7697703703	-0.3774999543	NA	150	0.9995232794	1.170061224	-2.670777813	1.915777904	1	1	1	BcgI	NA	fixed	1022980.417	glm	6	False	fraction 0.05 < 0.75; containment 0.03 < 0.5	-	single enzyme: no cross-enzyme consistency check available
SF010.BcgI	GCA_001421095.1	s__Bacteroides_D_periocalifornicus	NA	NA	NA	0	NA	NA	NA	0	NA	NA	NA	NA	0	1	0	-	NA	fixed	NA	none	0	False	containment 0.00 < 0.5; only 0/1 enzymes produced a fit; no PTR estimate	BcgI:only 0 windows after outlier trimming	no enzyme produced a usable estimate
SF010.BcgI	GCA_001477075.1	s__Methylobacterium_organophilum	NA	NA	NA	0	NA	NA	NA	0	NA	NA	NA	NA	0	1	0	-	NA	fixed	NA	none	0	False	containment 0.00 < 0.5; only 0/1 enzymes produced a fit; no PTR estimate	BcgI:only 0 windows after outlier trimming	no enzyme produced a usable estimate
SF010.BcgI	GCA_001556165.1	s__Sphingomonas_ginsenosidimutans	NA	NA	NA	0	NA	NA	NA	0	NA	NA	NA	NA	0	1	0	-	NA	fixed	NA	none	0	False	containment 0.00 < 0.5; only 0/1 enzymes produced a fit; no PTR estimate	BcgI:only 0 windows after outlier trimming	no enzyme produced a usable estimate
SF010.BcgI	GCA_001578795.1	s__Streptococcus_gordonii_A	76.43473585	119.1211633	0.1315582663	0.1195335277	1.56808093	0.6490000203	NA	321	0.9998697464	1.36119052	-2.018884375	3.316884415	1	1	1	BcgI	NA	fixed	591416.3125	glm	13	False	fraction 0.13 < 0.75; dispersion 119.12 > 5.0; containment 0.12 < 0.5	-	single enzyme: no cross-enzyme consistency check available
SF010.BcgI	GCA_001578855.1	s__Streptococcus_oralis_R	NA	NA	NA	0.0243902439	NA	NA	NA	0	NA	NA	NA	NA	0	1	0	-	NA	fixed	NA	none	0	False	containment 0.02 < 0.5; only 0/1 enzymes produced a fit; no PTR estimate	BcgI:only 2 windows after outlier trimming	no enzyme produced a usable estimate
SF010.BcgI	GCA_001579015.1	s__Streptococcus_oralis_K	NA	NA	NA	0.02631578947	NA	NA	NA	0	NA	NA	NA	NA	0	1	0	-	NA	fixed	NA	none	0	False	containment 0.03 < 0.5; only 0/1 enzymes produced a fit; no PTR estimate	BcgI:only 2 windows after outlier trimming	no enzyme produced a usable estimate
SF010.BcgI	GCA_001636165.1	s__Schleiferilactobacillus_harbinensis	NA	NA	NA	0	NA	NA	NA	0	NA	NA	NA	NA	0	1	0	-	NA	fixed	NA	none	0	False	containment 0.00 < 0.5; only 0/1 enzymes produced a fit; no PTR estimate	BcgI:only 0 windows after outlier trimming	no enzyme produced a usable estimate
SF010.BcgI	GCA_001724095.1	s__Pigmentiphaga_sp001898625	NA	NA	NA	0	NA	NA	NA	0	NA	NA	NA	NA	0	1	0	-	NA	fixed	NA	none	0	False	containment 0.00 < 0.5; only 0/1 enzymes produced a fit; no PTR estimate	BcgI:only 0 windows after outlier trimming	no enzyme produced a usable estimate
SF010.BcgI	GCA_001725355.1	s__Novosphingobium_sp001725355	NA	NA	NA	0	NA	NA	NA	0	NA	NA	NA	NA	0	1	0	-	NA	fixed	NA	none	0	False	containment 0.00 < 0.5; only 0/1 enzymes produced a fit; no PTR estimate	BcgI:only 0 windows after outlier trimming	no enzyme produced a usable estimate
SF010.BcgI	GCA_001838375.1	s__Neisseria_mucosa_A	1257.542017	1358.633172	0.291777899	0.1012461059	2.598481621e+45	150.8644331	NA	336	1	2.573360391	145.8207394	155.9081268	1	1	1	BcgI	NA	fixed	144024.94	glm	33	False	fraction 0.29 < 0.75; dispersion 1358.63 > 5.0; containment 0.10 < 0.5	-	single enzyme: no cross-enzyme consistency check available
SF010.BcgI	GCA_001899205.1	s__Mesorhizobium_sp001899205	NA	NA	NA	0	NA	NA	NA	0	NA	NA	NA	NA	0	1	0	-	NA	fixed	NA	none	0	False	containment 0.00 < 0.5; only 0/1 enzymes produced a fit; no PTR estimate	BcgI:only 0 windows after outlier trimming	no enzyme produced a usable estimate
SF010.BcgI	GCA_001899725.1	s__Sphingomonas_leidyi	NA	NA	NA	0	NA	NA	NA	0	NA	NA	NA	NA	0	1	0	-	NA	fixed	NA	none	0	False	containment 0.00 < 0.5; only 0/1 enzymes produced a fit; no PTR estimate	BcgI:only 0 windows after outlier trimming	no enzyme produced a usable estimate
SF010.BcgI	GCA_001914195.1	s__Streptococcus_mitis_F	NA	NA	NA	0.02197802198	NA	NA	NA	0	NA	NA	NA	NA	0	1	0	-	NA	fixed	NA	none	0	False	containment 0.02 < 0.5; only 0/1 enzymes produced a fit; no PTR estimate	BcgI:only 1 windows after outlier trimming	no enzyme produced a usable estimate
SF010.BcgI	GCA_002211645.1	s__Fusobacterium_animalis	NA	NA	NA	0.06060606061	NA	NA	NA	0	NA	NA	NA	NA	0	1	0	-	NA	fixed	NA	none	0	False	containment 0.06 < 0.5; only 0/1 enzymes produced a fit; no PTR estimate	BcgI:only 1 windows after outlier trimming	no enzyme produced a usable estimate
SF010.BcgI	GCA_002256345.1	s__Tardiphaga_sp002256345	NA	NA	NA	0	NA	NA	NA	0	NA	NA	NA	NA	0	1	0	-	NA	fixed	NA	none	0	False	containment 0.00 < 0.5; only 0/1 enzymes produced a fit; no PTR estimate	BcgI:only 0 windows after outlier trimming	no enzyme produced a usable estimate
SF010.BcgI	GCA_002305995.1	s__UBA1367_sp002305995	NA	NA	NA	0.0009472687086	NA	NA	NA	0	NA	NA	NA	NA	0	1	0	-	NA	fixed	NA	none	0	False	containment 0.00 < 0.5; only 0/1 enzymes produced a fit; no PTR estimate	BcgI:only 2 windows after outlier trimming	no enzyme produced a usable estimate
SF010.BcgI	GCA_002316995.1	s__Proteiniphilum_sp002410345	NA	NA	NA	0	NA	NA	NA	0	NA	NA	NA	NA	0	1	0	-	NA	fixed	NA	none	0	False	containment 0.00 < 0.5; only 0/1 enzymes produced a fit; no PTR estimate	BcgI:only 0 windows after outlier trimming	no enzyme produced a usable estimate
SF010.BcgI	GCA_002322135.1	s__Moraxella_A_cinereus	NA	NA	NA	0	NA	NA	NA	0	NA	NA	NA	NA	0	1	0	-	NA	fixed	NA	none	0	False	containment 0.00 < 0.5; only 0/1 enzymes produced a fit; no PTR estimate	BcgI:only 0 windows after outlier trimming	no enzyme produced a usable estimate
SF010.BcgI	GCA_002341725.1	s__Bradyrhizobium_sp002831585	NA	NA	NA	0	NA	NA	NA	0	NA	NA	NA	NA	0	1	0	-	NA	fixed	NA	none	0	False	containment 0.00 < 0.5; only 0/1 enzymes produced a fit; no PTR estimate	BcgI:only 0 windows after outlier trimming	no enzyme produced a usable estimate
SF010.BcgI	GCA_002345845.1	s__Azonexus_sp002345845	NA	NA	NA	0	NA	NA	NA	0	NA	NA	NA	NA	0	1	0	-	NA	fixed	NA	none	0	False	containment 0.00 < 0.5; only 0/1 enzymes produced a fit; no PTR estimate	BcgI:only 0 windows after outlier trimming	no enzyme produced a usable estimate
SF010.BcgI	GCA_002353675.1	s__Prevotella_sp900318855	NA	NA	NA	0.0004106776181	NA	NA	NA	0	NA	NA	NA	NA	0	1	0	-	NA	fixed	NA	none	0	False	containment 0.00 < 0.5; only 0/1 enzymes produced a fit; no PTR estimate	BcgI:only 1 windows after outlier trimming	no enzyme produced a usable estimate
SF010.BcgI	GCA_002354335.1	s__Sphingobacterium_sp002354335	NA	NA	NA	0	NA	NA	NA	0	NA	NA	NA	NA	0	1	0	-	NA	fixed	NA	none	0	False	containment 0.00 < 0.5; only 0/1 enzymes produced a fit; no PTR estimate	BcgI:only 0 windows after outlier trimming	no enzyme produced a usable estimate
SF010.BcgI	GCA_002380835.1	s__Kurthia_gibsonii	NA	NA	NA	0	NA	NA	NA	0	NA	NA	NA	NA	0	1	0	-	NA	fixed	NA	none	0	False	containment 0.00 < 0.5; only 0/1 enzymes produced a fit; no PTR estimate	BcgI:only 0 windows after outlier trimming	no enzyme produced a usable estimate
SF010.BcgI	GCA_002387245.1	s__Brevundimonas_sp002387245	NA	NA	NA	0	NA	NA	NA	0	NA	NA	NA	NA	0	1	0	-	NA	fixed	NA	none	0	False	containment 0.00 < 0.5; only 0/1 enzymes produced a fit; no PTR estimate	BcgI:only 0 windows after outlier trimming	no enzyme produced a usable estimate
SF010.BcgI	GCA_002396845.1	s__UBA4877_sp002399345	NA	NA	NA	0	NA	NA	NA	0	NA	NA	NA	NA	0	1	0	-	NA	fixed	NA	none	0	False	containment 0.00 < 0.5; only 0/1 enzymes produced a fit; no PTR estimate	BcgI:only 0 windows after outlier trimming	no enzyme produced a usable estimate
SF010.BcgI	GCA_002397005.1	s__Caproiciproducens_sp002407645	NA	NA	NA	0	NA	NA	NA	0	NA	NA	NA	NA	0	1	0	-	NA	fixed	NA	none	0	False	containment 0.00 < 0.5; only 0/1 enzymes produced a fit; no PTR estimate	BcgI:only 0 windows after outlier trimming	no enzyme produced a usable estimate
SF010.BcgI	GCA_002397085.1	s__UBA4871_sp002119605	NA	NA	NA	0	NA	NA	NA	0	NA	NA	NA	NA	0	1	0	-	NA	fixed	NA	none	0	False	containment 0.00 < 0.5; only 0/1 enzymes produced a fit; no PTR estimate	BcgI:only 0 windows after outlier trimming	no enzyme produced a usable estimate
SF010.BcgI	GCA_002397275.1	s__Syntrophaceticus_sp002397275	NA	NA	NA	0	NA	NA	NA	0	NA	NA	NA	NA	0	1	0	-	NA	fixed	NA	none	0	False	containment 0.00 < 0.5; only 0/1 enzymes produced a fit; no PTR estimate	BcgI:only 0 windows after outlier trimming	no enzyme produced a usable estimate
SF010.BcgI	GCA_002397665.1	s__Clostridium_E_sp002397665	NA	NA	NA	0	NA	NA	NA	0	NA	NA	NA	NA	0	1	0	-	NA	fixed	NA	none	0	False	containment 0.00 < 0.5; only 0/1 enzymes produced a fit; no PTR estimate	BcgI:only 0 windows after outlier trimming	no enzyme produced a usable estimate
SF010.BcgI	GCA_002397945.1	s__UBA4923_sp002427535	NA	NA	NA	0	NA	NA	NA	0	NA	NA	NA	NA	0	1	0	-	NA	fixed	NA	none	0	False	containment 0.00 < 0.5; only 0/1 enzymes produced a fit; no PTR estimate	BcgI:only 0 windows after outlier trimming	no enzyme produced a usable estimate
SF010.BcgI	GCA_002398185.1	s__UBA4844_sp002424365	NA	NA	NA	0	NA	NA	NA	0	NA	NA	NA	NA	0	1	0	-	NA	fixed	NA	none	0	False	containment 0.00 < 0.5; only 0/1 enzymes produced a fit; no PTR estimate	BcgI:only 0 windows after outlier trimming	no enzyme produced a usable estimate
SF010.BcgI	GCA_002398695.1	s__Olegusella_sp002407925	NA	NA	NA	0.0007241129616	NA	NA	NA	0	NA	NA	NA	NA	0	1	0	-	NA	fixed	NA	none	0	False	containment 0.00 < 0.5; only 0/1 enzymes produced a fit; no PTR estimate	BcgI:only 1 windows after outlier trimming	no enzyme produced a usable estimate
SF010.BcgI	GCA_002398905.1	s__Caprobacter_sp002407675	NA	NA	NA	0	NA	NA	NA	0	NA	NA	NA	NA	0	1	0	-	NA	fixed	NA	none	0	False	containment 0.00 < 0.5; only 0/1 enzymes produced a fit; no PTR estimate	BcgI:only 0 windows after outlier trimming	no enzyme produced a usable estimate
SF010.BcgI	GCA_002399315.1	s__UBA4851_sp002408445	NA	NA	NA	0	NA	NA	NA	0	NA	NA	NA	NA	0	1	0	-	NA	fixed	NA	none	0	False	containment 0.00 < 0.5; only 0/1 enzymes produced a fit; no PTR estimate	BcgI:only 0 windows after outlier trimming	no enzyme produced a usable estimate
SF010.BcgI	GCA_002407685.1	s__Fermentimonas_sp002398875	NA	NA	NA	0	NA	NA	NA	0	NA	NA	NA	NA	0	1	0	-	NA	fixed	NA	none	0	False	containment 0.00 < 0.5; only 0/1 enzymes produced a fit; no PTR estimate	BcgI:only 0 windows after outlier trimming	no enzyme produced a usable estimate
SF010.BcgI	GCA_002408485.1	s__Proteiniphilum_sp002408485	NA	NA	NA	0	NA	NA	NA	0	NA	NA	NA	NA	0	1	0	-	NA	fixed	NA	none	0	False	containment 0.00 < 0.5; only 0/1 enzymes produced a fit; no PTR estimate	BcgI:only 0 windows after outlier trimming	no enzyme produced a usable estimate
SF010.BcgI	GCA_002408725.1	s__DTU098_sp002408725	NA	NA	NA	0	NA	NA	NA	0	NA	NA	NA	NA	0	1	0	-	NA	fixed	NA	none	0	False	containment 0.00 < 0.5; only 0/1 enzymes produced a fit; no PTR estimate	BcgI:only 0 windows after outlier trimming	no enzyme produced a usable estimate
SF010.BcgI	GCA_002409095.1	s__DTU032_sp002427505	NA	NA	NA	0	NA	NA	NA	0	NA	NA	NA	NA	0	1	0	-	NA	fixed	NA	none	0	False	containment 0.00 < 0.5; only 0/1 enzymes produced a fit; no PTR estimate	BcgI:only 0 windows after outlier trimming	no enzyme produced a usable estimate
SF010.BcgI	GCA_002409445.1	s__UBA10988_sp002409445	NA	NA	NA	0	NA	NA	NA	0	NA	NA	NA	NA	0	1	0	-	NA	fixed	NA	none	0	False	containment 0.00 < 0.5; only 0/1 enzymes produced a fit; no PTR estimate	BcgI:only 0 windows after outlier trimming	no enzyme produced a usable estimate
SF010.BcgI	GCA_002409905.1	s__Aminobacterium_mobile	NA	NA	NA	0	NA	NA	NA	0	NA	NA	NA	NA	0	1	0	-	NA	fixed	NA	none	0	False	containment 0.00 < 0.5; only 0/1 enzymes produced a fit; no PTR estimate	BcgI:only 0 windows after outlier trimming	no enzyme produced a usable estimate
SF010.BcgI	GCA_002410045.1	s__T78_sp002409625	NA	NA	NA	0	NA	NA	NA	0	NA	NA	NA	NA	0	1	0	-	NA	fixed	NA	none	0	False	containment 0.00 < 0.5; only 0/1 enzymes produced a fit; no PTR estimate	BcgI:only 0 windows after outlier trimming	no enzyme produced a usable estimate
SF010.BcgI	GCA_002411015.1	s__UBA5352_sp002411015	NA	NA	NA	0	NA	NA	NA	0	NA	NA	NA	NA	0	1	0	-	NA	fixed	NA	none	0	False	containment 0.00 < 0.5; only 0/1 enzymes produced a fit; no PTR estimate	BcgI:only 0 windows after outlier trimming	no enzyme produced a usable estimate
SF010.BcgI	GCA_002419745.1	s__Massilia_timonae	NA	NA	NA	0	NA	NA	NA	0	NA	NA	NA	NA	0	1	0	-	NA	fixed	NA	none	0	False	containment 0.00 < 0.5; only 0/1 enzymes produced a fit; no PTR estimate	BcgI:only 0 windows after outlier trimming	no enzyme produced a usable estimate
SF010.BcgI	GCA_002427175.1	s__UBA4874_sp002398065	NA	NA	NA	0	NA	NA	NA	0	NA	NA	NA	NA	0	1	0	-	NA	fixed	NA	none	0	False	containment 0.00 < 0.5; only 0/1 enzymes produced a fit; no PTR estimate	BcgI:only 0 windows after outlier trimming	no enzyme produced a usable estimate
SF010.BcgI	GCA_002427475.1	s__DTU032_sp002427475	NA	NA	NA	0	NA	NA	NA	0	NA	NA	NA	NA	0	1	0	-	NA	fixed	NA	none	0	False	containment 0.00 < 0.5; only 0/1 enzymes produced a fit; no PTR estimate	BcgI:only 0 windows after outlier trimming	no enzyme produced a usable estimate
SF010.BcgI	GCA_002431665.1	s__Petrimonas_sp002356435	NA	NA	NA	0	NA	NA	NA	0	NA	NA	NA	NA	0	1	0	-	NA	fixed	NA	none	0	False	containment 0.00 < 0.5; only 0/1 enzymes produced a fit; no PTR estimate	BcgI:only 0 windows after outlier trimming	no enzyme produced a usable estimate
SF010.BcgI	GCA_002437285.1	s__Prevotella_sp002437285	NA	NA	NA	0.0004651162791	NA	NA	NA	0	NA	NA	NA	NA	0	1	0	-	NA	fixed	NA	none	0	False	containment 0.00 < 0.5; only 0/1 enzymes produced a fit; no PTR estimate	BcgI:only 1 windows after outlier trimming	no enzyme produced a usable estimate
SF010.BcgI	GCA_002454415.1	s__Sphingobacterium_sp002454415	NA	NA	NA	0	NA	NA	NA	0	NA	NA	NA	NA	0	1	0	-	NA	fixed	NA	none	0	False	containment 0.00 < 0.5; only 0/1 enzymes produced a fit; no PTR estimate	BcgI:only 0 windows after outlier trimming	no enzyme produced a usable estimate
SF010.BcgI	GCA_002455995.1	s__Leclercia_adecarboxylata_C	NA	NA	NA	0	NA	NA	NA	0	NA	NA	NA	NA	0	1	0	-	NA	fixed	NA	none	0	False	containment 0.00 < 0.5; only 0/1 enzymes produced a fit; no PTR estimate	BcgI:only 0 windows after outlier trimming	no enzyme produced a usable estimate
SF010.BcgI	GCA_002694485.1	s__Brevundimonas_aurantiaca	NA	NA	NA	0.0005464480874	NA	NA	NA	0	NA	NA	NA	NA	0	1	0	-	NA	fixed	NA	none	0	False	containment 0.00 < 0.5; only 0/1 enzymes produced a fit; no PTR estimate	BcgI:only 0 windows after outlier trimming	no enzyme produced a usable estimate
SF010.BcgI	GCA_002724745.1	s__Herbaspirillum_huttiense	NA	NA	NA	0	NA	NA	NA	0	NA	NA	NA	NA	0	1	0	-	NA	fixed	NA	none	0	False	containment 0.00 < 0.5; only 0/1 enzymes produced a fit; no PTR estimate	BcgI:only 0 windows after outlier trimming	no enzyme produced a usable estimate
SF010.BcgI	GCA_002727035.1	s__Methylobacterium_fujisawaense	NA	NA	NA	0	NA	NA	NA	0	NA	NA	NA	NA	0	1	0	-	NA	fixed	NA	none	0	False	containment 0.00 < 0.5; only 0/1 enzymes produced a fit; no PTR estimate	BcgI:only 0 windows after outlier trimming	no enzyme produced a usable estimate
SF010.BcgI	GCA_002890635.1	s__Tannerella_sp002890585	8.603435717	10.33963239	0.2198917369	0.04607886575	4.708681594	2.235323169	NA	1059	0.9920246424	0.8764757387	0.5174622883	3.953184051	1	1	1	BcgI	NA	fixed	633403.71	glm	45	False	fraction 0.22 < 0.75; dispersion 10.34 > 5.0; containment 0.05 < 0.5	-	single enzyme: no cross-enzyme consistency check available
SF010.BcgI	GCA_003241005.1	s__Brachybacterium_muris	NA	NA	NA	0	NA	NA	NA	0	NA	NA	NA	NA	0	1	0	-	NA	fixed	NA	none	0	False	containment 0.00 < 0.5; only 0/1 enzymes produced a fit; no PTR estimate	BcgI:only 0 windows after outlier trimming	no enzyme produced a usable estimate
SF010.BcgI	GCA_003241315.1	s__Lawsonella_clevelandensis_A	NA	NA	NA	0	NA	NA	NA	0	NA	NA	NA	NA	0	1	0	-	NA	fixed	NA	none	0	False	containment 0.00 < 0.5; only 0/1 enzymes produced a fit; no PTR estimate	BcgI:only 0 windows after outlier trimming	no enzyme produced a usable estimate
SF010.BcgI	GCA_003248485.1	s__QFNR01_sp003248485	NA	NA	NA	0	NA	NA	NA	0	NA	NA	NA	NA	0	1	0	-	NA	fixed	NA	none	0	False	containment 0.00 < 0.5; only 0/1 enzymes produced a fit; no PTR estimate	BcgI:only 0 windows after outlier trimming	no enzyme produced a usable estimate
SF010.BcgI	GCA_003260325.1	s__GN02-872_sp003260325	NA	NA	NA	0.02	NA	NA	NA	0	NA	NA	NA	NA	0	1	0	-	NA	fixed	NA	none	0	False	containment 0.02 < 0.5; only 0/1 enzymes produced a fit; no PTR estimate	BcgI:only 0 windows after outlier trimming	no enzyme produced a usable estimate
SF010.BcgI	GCA_003260345.1	s__GN02-873_sp003260345	16.08616936	19.46634863	0.2944927536	0.2686980609	4.332182677	2.115094079	NA	319	0.9994397786	0.9335001812	0.2854673442	3.944720814	1	1	1	BcgI	NA	fixed	449833.3025	glm	15	False	fraction 0.29 < 0.75; dispersion 19.47 > 5.0; containment 0.27 < 0.5	-	single enzyme: no cross-enzyme consistency check available
SF010.BcgI	GCA_003260355.1	s__HOT-345_sp003260355	14.98111485	28.21095163	0.2550326797	0.25	11.06250714	3.467606482	NA	239	0.9990708134	1.35542669	0.8110189863	6.124193977	1	1	1	BcgI	NA	fixed	1037723.085	glm	9	False	fraction 0.26 < 0.75; dispersion 28.21 > 5.0; containment 0.25 < 0.5	-	single enzyme: no cross-enzyme consistency check available
SF010.BcgI	GCA_003469565.1	s__Streptococcus_parasanguinis_C	4.444056581	8.051282051	0.135129662	0.068	11.15112329	3.47911714	NA	128	0.9964620623	2.201791393	-0.8363146917	7.794548971	1	1	1	BcgI	NA	fixed	995692.3289	glm	8	False	fraction 0.14 < 0.75; dispersion 8.05 > 5.0; containment 0.07 < 0.5	-	single enzyme: no cross-enzyme consistency check available
SF010.BcgI	GCA_003476535.1	s__Bradyrhizobium_sp003020075	NA	NA	NA	0	NA	NA	NA	0	NA	NA	NA	NA	0	1	0	-	NA	fixed	NA	none	0	False	containment 0.00 < 0.5; only 0/1 enzymes produced a fit; no PTR estimate	BcgI:only 0 windows after outlier trimming	no enzyme produced a usable estimate
SF010.BcgI	GCA_003524895.1	s__Muricomes_intestini	NA	NA	NA	0	NA	NA	NA	0	NA	NA	NA	NA	0	1	0	-	NA	fixed	NA	none	0	False	containment 0.00 < 0.5; only 0/1 enzymes produced a fit; no PTR estimate	BcgI:only 0 windows after outlier trimming	no enzyme produced a usable estimate
SF010.BcgI	GCA_003638725.1	s__Leptotrichia_sp002240055	NA	NA	NA	0.140625	NA	NA	NA	0	NA	NA	NA	NA	0	1	0	-	NA	fixed	NA	none	0	False	containment 0.14 < 0.5; only 0/1 enzymes produced a fit; no PTR estimate	BcgI:only 23 anchors (< 30)	no enzyme produced a usable estimate
SF010.BcgI	GCA_003639045.1	s__Pauljensenia_hongkongensis	3.083379727	1.111904762	0.1589062121	0.03416149068	1.63015566	0.705009731	NA	191	0.6788421005	0.7039345204	-0.6746765765	2.084696039	1	1	1	BcgI	NA	fixed	322464.31	glm	21	False	fraction 0.16 < 0.75; containment 0.03 < 0.5	-	single enzyme: no cross-enzyme consistency check available
SF010.BcgI	GCA_003640335.1	s__Porphyromonas_sp003640335	NA	NA	NA	0.003236245955	NA	NA	NA	0	NA	NA	NA	NA	0	1	0	-	NA	fixed	NA	none	0	False	containment 0.00 < 0.5; only 0/1 enzymes produced a fit; no PTR estimate	BcgI:only 1 windows after outlier trimming	no enzyme produced a usable estimate
SF010.BcgI	GCA_003862175.1	s__UBA7748_sp003862175	NA	NA	NA	0.0003075976623	NA	NA	NA	0	NA	NA	NA	NA	0	1	0	-	NA	fixed	NA	none	0	False	containment 0.00 < 0.5; only 0/1 enzymes produced a fit; no PTR estimate	BcgI:only 1 windows after outlier trimming	no enzyme produced a usable estimate
SF010.BcgI	GCA_003862265.1	s__Limosilactobacillus_mucosae	2.523420247	2.265909091	0.1228303303	0.02590673575	2.143686769	1.100094117	NA	165	0.7268812913	0.8866695548	-0.6377462761	2.837934511	1	1	1	BcgI	NA	fixed	749077.12	glm	10	False	fraction 0.12 < 0.75; containment 0.03 < 0.5	-	single enzyme: no cross-enzyme consistency check available
SF010.BcgI	GCA_003963075.1	s__Pelomonas_sp003963075	NA	NA	NA	0.0001758087201	NA	NA	NA	0	NA	NA	NA	NA	0	1	0	-	NA	fixed	NA	none	0	False	containment 0.00 < 0.5; only 0/1 enzymes produced a fit; no PTR estimate	BcgI:only 0 windows after outlier trimming	no enzyme produced a usable estimate
SF010.BcgI	GCA_003963115.1	s__Aquabacterium_sp003963115	NA	NA	NA	0	NA	NA	NA	0	NA	NA	NA	NA	0	1	0	-	NA	fixed	NA	none	0	False	containment 0.00 < 0.5; only 0/1 enzymes produced a fit; no PTR estimate	BcgI:only 0 windows after outlier trimming	no enzyme produced a usable estimate
SF010.BcgI	GCA_004297045.1	s__Bosea_sp900156025	NA	NA	NA	0	NA	NA	NA	0	NA	NA	NA	NA	0	1	0	-	NA	fixed	NA	none	0	False	containment 0.00 < 0.5; only 0/1 enzymes produced a fit; no PTR estimate	BcgI:only 0 windows after outlier trimming	no enzyme produced a usable estimate
SF010.BcgI	GCA_004297605.1	s__Aquabacterium_sp004322345	NA	NA	NA	0	NA	NA	NA	0	NA	NA	NA	NA	0	1	0	-	NA	fixed	NA	none	0	False	containment 0.00 < 0.5; only 0/1 enzymes produced a fit; no PTR estimate	BcgI:only 0 windows after outlier trimming	no enzyme produced a usable estimate
SF010.BcgI	GCA_004555055.1	s__F0040_sp004555055	NA	NA	NA	0.0006472491909	NA	NA	NA	0	NA	NA	NA	NA	0	1	0	-	NA	fixed	NA	none	0	False	containment 0.00 < 0.5; only 0/1 enzymes produced a fit; no PTR estimate	BcgI:only 2 windows after outlier trimming	no enzyme produced a usable estimate
SF010.BcgI	GCA_005768775.1	s__Gemella_haemolysans_B	NA	NA	NA	0.01156069364	NA	NA	NA	0	NA	NA	NA	NA	0	1	0	-	NA	fixed	NA	none	0	False	containment 0.01 < 0.5; only 0/1 enzymes produced a fit; no PTR estimate	BcgI:only 1 windows after outlier trimming	no enzyme produced a usable estimate
SF010.BcgI	GCA_009830425.1	s__Staphylococcus_A_sciuri	NA	NA	NA	0	NA	NA	NA	0	NA	NA	NA	NA	0	1	0	-	NA	fixed	NA	none	0	False	containment 0.00 < 0.5; only 0/1 enzymes produced a fit; no PTR estimate	BcgI:only 0 windows after outlier trimming	no enzyme produced a usable estimate
SF010.BcgI	GCA_009923995.1	s__Janthinobacterium_sp009923995	NA	NA	NA	0.0001407657658	NA	NA	NA	0	NA	NA	NA	NA	0	1	0	-	NA	fixed	NA	none	0	False	containment 0.00 < 0.5; only 0/1 enzymes produced a fit; no PTR estimate	BcgI:only 0 windows after outlier trimming	no enzyme produced a usable estimate
SF010.BcgI	GCA_012512005.1	s__T78_sp002411175	NA	NA	NA	0	NA	NA	NA	0	NA	NA	NA	NA	0	1	0	-	NA	fixed	NA	none	0	False	containment 0.00 < 0.5; only 0/1 enzymes produced a fit; no PTR estimate	BcgI:only 0 windows after outlier trimming	no enzyme produced a usable estimate
SF010.BcgI	GCA_012518595.1	s__UBA4971_sp012518595	NA	NA	NA	0	NA	NA	NA	0	NA	NA	NA	NA	0	1	0	-	NA	fixed	NA	none	0	False	containment 0.00 < 0.5; only 0/1 enzymes produced a fit; no PTR estimate	BcgI:only 0 windows after outlier trimming	no enzyme produced a usable estimate
SF010.BcgI	GCA_012519495.1	s__JAAYQA01_sp012519495	NA	NA	NA	0	NA	NA	NA	0	NA	NA	NA	NA	0	1	0	-	NA	fixed	NA	none	0	False	containment 0.00 < 0.5; only 0/1 enzymes produced a fit; no PTR estimate	BcgI:only 0 windows after outlier trimming	no enzyme produced a usable estimate
SF010.BcgI	GCA_012728535.1	s__DTU032_sp012728535	NA	NA	NA	0	NA	NA	NA	0	NA	NA	NA	NA	0	1	0	-	NA	fixed	NA	none	0	False	containment 0.00 < 0.5; only 0/1 enzymes produced a fit; no PTR estimate	BcgI:only 0 windows after outlier trimming	no enzyme produced a usable estimate
SF010.BcgI	GCA_012799365.1	s__JAAZLJ01_sp012799365	NA	NA	NA	0	NA	NA	NA	0	NA	NA	NA	NA	0	1	0	-	NA	fixed	NA	none	0	False	containment 0.00 < 0.5; only 0/1 enzymes produced a fit; no PTR estimate	BcgI:only 0 windows after outlier trimming	no enzyme produced a usable estimate
SF010.BcgI	GCA_012840585.1	s__UBA3913_sp002391425	NA	NA	NA	0	NA	NA	NA	0	NA	NA	NA	NA	0	1	0	-	NA	fixed	NA	none	0	False	containment 0.00 < 0.5; only 0/1 enzymes produced a fit; no PTR estimate	BcgI:only 0 windows after outlier trimming	no enzyme produced a usable estimate
SF010.BcgI	GCA_013152425.1	s__Ralstonia_sp001078575	NA	NA	NA	0	NA	NA	NA	0	NA	NA	NA	NA	0	1	0	-	NA	fixed	NA	none	0	False	containment 0.00 < 0.5; only 0/1 enzymes produced a fit; no PTR estimate	BcgI:only 0 windows after outlier trimming	no enzyme produced a usable estimate
SF010.BcgI	GCA_013332525.2	s__GN02-873_sp013332525	NA	NA	NA	0.01061007958	NA	NA	NA	0	NA	NA	NA	NA	0	1	0	-	NA	fixed	NA	none	0	False	containment 0.01 < 0.5; only 0/1 enzymes produced a fit; no PTR estimate	BcgI:only 2 windows after outlier trimming	no enzyme produced a usable estimate
SF010.BcgI	GCA_013332955.2	s__UBA2866_sp013332955	NA	NA	NA	0	NA	NA	NA	0	NA	NA	NA	NA	0	1	0	-	NA	fixed	NA	none	0	False	containment 0.00 < 0.5; only 0/1 enzymes produced a fit; no PTR estimate	BcgI:only 0 windows after outlier trimming	no enzyme produced a usable estimate
SF010.BcgI	GCA_013332965.2	s__UBA2866_sp013332965	5.513020604	2.059813715	0.2845945721	0.188449848	4.793331394	2.261028686	NA	234	0.9955222973	0.7557978194	0.7796921806	3.742365192	1	1	1	BcgI	NA	fixed	20083.47222	glm	26	False	fraction 0.28 < 0.75; containment 0.19 < 0.5	-	single enzyme: no cross-enzyme consistency check available
SF010.BcgI	GCA_013333035.2	s__CAG-793_sp013333035	NA	NA	NA	0.05263157895	NA	NA	NA	0	NA	NA	NA	NA	0	1	0	-	NA	fixed	NA	none	0	False	containment 0.05 < 0.5; only 0/1 enzymes produced a fit; no PTR estimate	BcgI:only 2 windows after outlier trimming	no enzyme produced a usable estimate
SF010.BcgI	GCA_013333075.2	s__Prevotella_sp013333285	3.3858155	1.143291286	0.2000634931	0.09417808219	1.101703938	0.1397365785	NA	616	0.384960824	0.5839687221	-1.004821085	1.284294242	1	1	1	BcgI	NA	fixed	304989.1144	glm	52	False	fraction 0.20 < 0.75; containment 0.09 < 0.5	-	single enzyme: no cross-enzyme consistency check available
SF010.BcgI	GCA_013333105.2	s__JABCPO02_sp013333105	NA	NA	NA	0	NA	NA	NA	0	NA	NA	NA	NA	0	1	0	-	NA	fixed	NA	none	0	False	containment 0.00 < 0.5; only 0/1 enzymes produced a fit; no PTR estimate	BcgI:only 0 windows after outlier trimming	no enzyme produced a usable estimate
SF010.BcgI	GCA_013333135.2	s__UBA2866_sp013333135	NA	NA	NA	0	NA	NA	NA	0	NA	NA	NA	NA	0	1	0	-	NA	fixed	NA	none	0	False	containment 0.00 < 0.5; only 0/1 enzymes produced a fit; no PTR estimate	BcgI:only 0 windows after outlier trimming	no enzyme produced a usable estimate
SF010.BcgI	GCA_013333165.2	s__JABCPG02_sp013333195	NA	NA	NA	0.001982160555	NA	NA	NA	0	NA	NA	NA	NA	0	1	0	-	NA	fixed	NA	none	0	False	containment 0.00 < 0.5; only 0/1 enzymes produced a fit; no PTR estimate	BcgI:only 1 windows after outlier trimming	no enzyme produced a usable estimate
SF010.BcgI	GCA_013333235.2	s__JABCPH02_sp013333235	16.54123121	8.356344556	0.5023809524	0.2319587629	3.191372716	1.674177109	NA	96	0.9601249608	2.166634018	-2.572347534	5.920701752	1	1	1	BcgI	NA	fixed	210420.375	glm	26	False	fraction 0.50 < 0.75; dispersion 8.36 > 5.0; containment 0.23 < 0.5	-	single enzyme: no cross-enzyme consistency check available
SF010.BcgI	GCA_013333295.2	s__HOT-345_sp013333295	NA	NA	NA	0.0325203252	NA	NA	NA	0	NA	NA	NA	NA	0	1	0	-	NA	fixed	NA	none	0	False	containment 0.03 < 0.5; only 0/1 enzymes produced a fit; no PTR estimate	BcgI:only 1 windows after outlier trimming	no enzyme produced a usable estimate
SF010.BcgI	GCA_013333375.2	s__UBA2866_sp013333375	NA	NA	NA	0	NA	NA	NA	0	NA	NA	NA	NA	0	1	0	-	NA	fixed	NA	none	0	False	containment 0.00 < 0.5; only 0/1 enzymes produced a fit; no PTR estimate	BcgI:only 0 windows after outlier trimming	no enzyme produced a usable estimate
SF010.BcgI	GCA_013333395.2	s__CAG-793_sp013333395	NA	NA	NA	0.02898550725	NA	NA	NA	0	NA	NA	NA	NA	0	1	0	-	NA	fixed	NA	none	0	False	containment 0.03 < 0.5; only 0/1 enzymes produced a fit; no PTR estimate	BcgI:only 2 windows after outlier trimming	no enzyme produced a usable estimate
SF010.BcgI	GCA_013333405.2	s__UMGS1907_sp013333405	NA	NA	NA	0.01229508197	NA	NA	NA	0	NA	NA	NA	NA	0	1	0	-	NA	fixed	NA	none	0	False	containment 0.01 < 0.5; only 0/1 enzymes produced a fit; no PTR estimate	BcgI:only 2 windows after outlier trimming	no enzyme produced a usable estimate
SF010.BcgI	GCA_013333425.2	s__Mogibacterium_diversum	3.25585612	2.289710213	0.2735760938	0.1134020619	1.247525	0.3190687265	NA	342	0.6499208272	0.7783575308	-1.206484001	1.844621454	1	1	1	BcgI	NA	fixed	875531.7681	glm	33	False	fraction 0.27 < 0.75; containment 0.11 < 0.5	-	single enzyme: no cross-enzyme consistency check available
SF010.BcgI	GCA_013333485.2	s__Saccharimonas_sp010202265	NA	NA	NA	0.01739130435	NA	NA	NA	0	NA	NA	NA	NA	0	1	0	-	NA	fixed	NA	none	0	False	containment 0.02 < 0.5; only 0/1 enzymes produced a fit; no PTR estimate	BcgI:only 3 windows after outlier trimming	no enzyme produced a usable estimate
SF010.BcgI	GCA_013333495.2	s__TM7x_sp013333495	NA	NA	NA	0	NA	NA	NA	0	NA	NA	NA	NA	0	1	0	-	NA	fixed	NA	none	0	False	containment 0.00 < 0.5; only 0/1 enzymes produced a fit; no PTR estimate	BcgI:only 0 windows after outlier trimming	no enzyme produced a usable estimate
SF010.BcgI	GCA_013333505.2	s__JABCPE02_sp013333255	19.02446977	16.9506403	0.4340017825	0.1428571429	4.034386253	2.012349214	NA	135	0.9956350745	1.78043064	-1.477230717	5.501929146	1	1	1	BcgI	NA	fixed	1219627.334	glm	23	False	fraction 0.43 < 0.75; dispersion 16.95 > 5.0; containment 0.14 < 0.5	-	single enzyme: no cross-enzyme consistency check available
SF010.BcgI	GCA_013333515.2	s__UBA1103_sp013333515	4.56807925	2.722222222	0.1664923312	0.05555555556	1.525741546	0.6095105966	NA	154	0.7006601376	0.5591003547	-0.4863059623	1.705327156	1	1	1	BcgI	NA	fixed	283991.6444	glm	15	False	fraction 0.17 < 0.75; containment 0.06 < 0.5	-	single enzyme: no cross-enzyme consistency check available
SF010.BcgI	GCA_013333595.2	s__SDRW01_sp013333595	NA	NA	NA	0	NA	NA	NA	0	NA	NA	NA	NA	0	1	0	-	NA	fixed	NA	none	0	False	containment 0.00 < 0.5; only 0/1 enzymes produced a fit; no PTR estimate	BcgI:only 0 windows after outlier trimming	no enzyme produced a usable estimate
SF010.BcgI	GCA_013333605.2	s__HOT-345_sp013333605	30.82491756	46.35240102	0.577124183	0.3524590164	1.718810394	0.7814104067	NA	66	0.7931060423	1.435422172	-2.031965353	3.594786166	1	1	1	BcgI	NA	fixed	652712.42	glm	17	False	fraction 0.58 < 0.75; dispersion 46.35 > 5.0; containment 0.35 < 0.5	-	single enzyme: no cross-enzyme consistency check available
SF010.BcgI	GCA_013333625.2	s__Saccharimonas_sp013333625	6.082898181	3.117579365	0.1618994308	0.07487922705	2.908184818	1.540118957	NA	225	0.9722871412	0.7123425877	0.1439531404	2.936284773	1	1	1	BcgI	NA	fixed	700899.3617	glm	18	False	fraction 0.16 < 0.75; containment 0.07 < 0.5	-	single enzyme: no cross-enzyme consistency check available
SF010.BcgI	GCA_013333645.2	s__Saccharimonas_sp013333645	NA	NA	NA	0	NA	NA	NA	0	NA	NA	NA	NA	0	1	0	-	NA	fixed	NA	none	0	False	containment 0.00 < 0.5; only 0/1 enzymes produced a fit; no PTR estimate	BcgI:only 0 windows after outlier trimming	no enzyme produced a usable estimate
SF010.BcgI	GCA_013333675.2	s__Saccharimonas_sp013333675	3.52078848	1.833333333	0.05302839871	0.02634880803	2.125124559	1.087547404	NA	383	0.8200986266	0.6178401794	-0.1233970964	2.298491903	1	1	1	BcgI	NA	fixed	637057.2533	glm	15	False	fraction 0.05 < 0.75; containment 0.03 < 0.5	-	single enzyme: no cross-enzyme consistency check available
SF010.BcgI	GCA_013333695.2	s__TM7x_sp013333695	NA	NA	NA	0.0119047619	NA	NA	NA	0	NA	NA	NA	NA	0	1	0	-	NA	fixed	NA	none	0	False	containment 0.01 < 0.5; only 0/1 enzymes produced a fit; no PTR estimate	BcgI:only 2 windows after outlier trimming	no enzyme produced a usable estimate
SF010.BcgI	GCA_013333755.2	s__GN02-872_sp002761215	NA	NA	NA	0	NA	NA	NA	0	NA	NA	NA	NA	0	1	0	-	NA	fixed	NA	none	0	False	containment 0.00 < 0.5; only 0/1 enzymes produced a fit; no PTR estimate	BcgI:only 0 windows after outlier trimming	no enzyme produced a usable estimate
SF010.BcgI	GCA_013333795.2	s__Saccharimonas_sp013333795	7.681663452	8.794745484	0.3098362422	0.06301369863	4.98937762	2.318859864	NA	87	0.983426297	1.667181327	-0.9487554928	5.58647522	1	1	1	BcgI	NA	fixed	186650.3056	glm	13	False	fraction 0.31 < 0.75; dispersion 8.79 > 5.0; containment 0.06 < 0.5	-	single enzyme: no cross-enzyme consistency check available
SF010.BcgI	GCA_013333815.2	s__SDRW01_sp007845485	NA	NA	NA	0.01304347826	NA	NA	NA	0	NA	NA	NA	NA	0	1	0	-	NA	fixed	NA	none	0	False	containment 0.01 < 0.5; only 0/1 enzymes produced a fit; no PTR estimate	BcgI:only 3 windows after outlier trimming	no enzyme produced a usable estimate
SF010.BcgI	GCA_013333835.2	s__Bacteroides_D_sp013333835	NA	NA	NA	0	NA	NA	NA	0	NA	NA	NA	NA	0	1	0	-	NA	fixed	NA	none	0	False	containment 0.00 < 0.5; only 0/1 enzymes produced a fit; no PTR estimate	BcgI:only 0 windows after outlier trimming	no enzyme produced a usable estimate
SF010.BcgI	GCA_013333845.2	s__Saccharimonas_sp013333845	3.730497785	0.4098039216	0.273573975	0.05382436261	3.093811702	1.629385393	NA	90	0.870317444	1.123816229	-0.5732539418	3.832024728	1	1	1	BcgI	NA	fixed	425475.505	glm	11	False	fraction 0.27 < 0.75; containment 0.05 < 0.5	-	single enzyme: no cross-enzyme consistency check available
SF010.BcgI	GCA_013333875.2	s__JABCPE02_sp013333875	7.96692952	19.99218559	0.5466783217	0.1275720165	6.444161553	2.687992662	NA	64	0.9861192351	1.500970389	-0.2538552424	5.629840567	1	1	1	BcgI	NA	fixed	712957.2486	glm	22	False	fraction 0.55 < 0.75; dispersion 19.99 > 5.0; containment 0.13 < 0.5	-	single enzyme: no cross-enzyme consistency check available
SF010.BcgI	GCA_013333895.2	s__Arachnia_sp013333735	NA	NA	NA	0.001076040172	NA	NA	NA	0	NA	NA	NA	NA	0	1	0	-	NA	fixed	NA	none	0	False	containment 0.00 < 0.5; only 0/1 enzymes produced a fit; no PTR estimate	BcgI:only 2 windows after outlier trimming	no enzyme produced a usable estimate
SF010.BcgI	GCA_013333935.1	s__Prevotella_sp013333935	2.362086152	0.8248461305	0.08040597732	0.05843373494	2.594171263	1.375273727	NA	1203	0.9516858045	0.6794466204	0.0435828215	2.706964632	1	1	1	BcgI	NA	fixed	1211167.476	glm	27	False	fraction 0.08 < 0.75; containment 0.06 < 0.5	-	single enzyme: no cross-enzyme consistency check available
SF010.BcgI	GCA_013333945.2	s__Arachnia_sp013333945	5.475837677	3.769230769	0.1089372914	0.003445635528	7.823242072	2.967766607	NA	89	0.9338498504	1.210346664	0.5955307363	5.340002477	1	1	1	BcgI	NA	fixed	2152376.658	glm	6	False	fraction 0.11 < 0.75; containment 0.00 < 0.5	-	single enzyme: no cross-enzyme consistency check available
SF010.BcgI	GCA_014467095.1	s__Streptococcus_mitis_K	NA	NA	NA	0	NA	NA	NA	0	NA	NA	NA	NA	0	1	0	-	NA	fixed	NA	none	0	False	containment 0.00 < 0.5; only 0/1 enzymes produced a fit; no PTR estimate	BcgI:only 0 windows after outlier trimming	no enzyme produced a usable estimate
SF010.BcgI	GCA_900066305.1	s__UBA1191_sp900066305	NA	NA	NA	0	NA	NA	NA	0	NA	NA	NA	NA	0	1	0	-	NA	fixed	NA	none	0	False	containment 0.00 < 0.5; only 0/1 enzymes produced a fit; no PTR estimate	BcgI:only 0 windows after outlier trimming	no enzyme produced a usable estimate
SF010.BcgI	GCA_900167215.1	s__Peptoanaerobacter_yurii	7.420989557	6.065343915	0.2467205597	0.125	10.34700903	3.371141889	NA	153	0.9916359222	1.346893005	0.7312801081	6.01100367	1	1	1	BcgI	NA	fixed	1889300.062	glm	10	False	fraction 0.25 < 0.75; dispersion 6.07 > 5.0; containment 0.12 < 0.5	-	single enzyme: no cross-enzyme consistency check available
SF010.BcgI	GCA_900299135.1	s__Trueperella_pyogenes	NA	NA	NA	0.001323626737	NA	NA	NA	0	NA	NA	NA	NA	0	1	0	-	NA	fixed	NA	none	0	False	containment 0.00 < 0.5; only 0/1 enzymes produced a fit; no PTR estimate	BcgI:only 1 windows after outlier trimming	no enzyme produced a usable estimate
SF010.BcgI	GCA_900453905.1	s__Neisseria_flavescens	53.30546946	112.862065	0.1604509486	0.05061082024	17.03473484	4.090407586	NA	266	0.9999009761	1.773209868	0.6149801079	7.565835064	1	1	1	BcgI	NA	fixed	635517.9267	glm	13	False	fraction 0.16 < 0.75; dispersion 112.86 > 5.0; containment 0.05 < 0.5	-	single enzyme: no cross-enzyme consistency check available
SF010.BcgI	GCA_900538345.1	s__Veillonella_tobetsuensis	13.63949203	1.206622879	0.06155652849	0.03794642857	28.06135076	4.810512551	NA	282	0.9986661315	1.805477214	1.271842235	8.349182866	1	1	1	BcgI	NA	fixed	890272.9217	glm	11	False	fraction 0.06 < 0.75; containment 0.04 < 0.5	-	single enzyme: no cross-enzyme consistency check available
SF010.BcgI	GCA_900538355.1	s__Veillonella_sp900538355	NA	NA	NA	0.01659751037	NA	NA	NA	0	NA	NA	NA	NA	0	1	0	-	NA	fixed	NA	none	0	False	containment 0.02 < 0.5; only 0/1 enzymes produced a fit; no PTR estimate	BcgI:only 1 windows after outlier trimming	no enzyme produced a usable estimate
SF010.BcgI	GCA_900539315.1	s__Granulicatella_sp001058355	17.84139542	18.82897517	0.2112818233	0.09510086455	4.629452454	2.21084157	NA	240	0.974388825	1.446728436	-0.62469406	5.046377199	1	1	1	BcgI	NA	fixed	182200.6044	glm	17	False	fraction 0.21 < 0.75; dispersion 18.83 > 5.0; containment 0.10 < 0.5	-	single enzyme: no cross-enzyme consistency check available
SF010.BcgI	GCA_900539505.1	s__Campylobacter_B_sp900539505	2.812749358	0.55	0.08532255083	0.04534412955	1.224785919	0.2925296015	NA	702	0.6438958667	0.5261947994	-0.7387932543	1.323852457	1	1	1	BcgI	NA	fixed	243006.6278	glm	30	False	fraction 0.09 < 0.75; containment 0.05 < 0.5	-	single enzyme: no cross-enzyme consistency check available
SF010.BcgI	GCA_900539555.1	s__Streptococcus_mitis_BB	NA	NA	NA	0	NA	NA	NA	0	NA	NA	NA	NA	0	1	0	-	NA	fixed	NA	none	0	False	containment 0.00 < 0.5; only 0/1 enzymes produced a fit; no PTR estimate	BcgI:only 0 windows after outlier trimming	no enzyme produced a usable estimate
SF010.BcgI	GCA_900539805.1	s__Phyllobacterium_sp900539805	NA	NA	NA	0	NA	NA	NA	0	NA	NA	NA	NA	0	1	0	-	NA	fixed	NA	none	0	False	containment 0.00 < 0.5; only 0/1 enzymes produced a fit; no PTR estimate	BcgI:only 0 windows after outlier trimming	no enzyme produced a usable estimate
SF010.BcgI	GCA_900540375.1	s__Prevotella_sp900540375	NA	NA	NA	0	NA	NA	NA	0	NA	NA	NA	NA	0	1	0	-	NA	fixed	NA	none	0	False	containment 0.00 < 0.5; only 0/1 enzymes produced a fit; no PTR estimate	BcgI:only 0 windows after outlier trimming	no enzyme produced a usable estimate
SF010.BcgI	GCA_900540565.1	s__Pauljensenia_sp001838165	40.41316752	36.41064949	0.05181618652	0.02947086403	3.926335215	1.97318335	NA	888	0.9995428825	1.739202696	-1.435591296	5.381957995	1	1	1	BcgI	NA	fixed	1706266.667	glm	20	False	fraction 0.05 < 0.75; dispersion 36.41 > 5.0; containment 0.03 < 0.5	-	single enzyme: no cross-enzyme consistency check available
SF010.BcgI	GCA_900541895.1	s__Pauljensenia_sp900541895	3.3222023	0.7428571429	0.03484409855	0.008409785933	2.980813452	1.57570609	NA	255	0.7011127152	1.168469729	-0.7144524958	3.865864676	1	1	1	BcgI	NA	fixed	1426495.87	glm	6	False	fraction 0.03 < 0.75; containment 0.01 < 0.5	-	single enzyme: no cross-enzyme consistency check available
SF010.BcgI	GCA_900542465.1	s__UBA4285_sp900542465	NA	NA	NA	0	NA	NA	NA	0	NA	NA	NA	NA	0	1	0	-	NA	fixed	NA	none	0	False	containment 0.00 < 0.5; only 0/1 enzymes produced a fit; no PTR estimate	BcgI:only 0 windows after outlier trimming	no enzyme produced a usable estimate
SF010.BcgI	GCA_900546865.1	s__Rothia_terrae	NA	NA	NA	0	NA	NA	NA	0	NA	NA	NA	NA	0	1	0	-	NA	fixed	NA	none	0	False	containment 0.00 < 0.5; only 0/1 enzymes produced a fit; no PTR estimate	BcgI:only 0 windows after outlier trimming	no enzyme produced a usable estimate
SF010.BcgI	GCA_900549805.1	s__Veillonella_sp900549805	NA	NA	NA	0	NA	NA	NA	0	NA	NA	NA	NA	0	1	0	-	NA	fixed	NA	none	0	False	containment 0.00 < 0.5; only 0/1 enzymes produced a fit; no PTR estimate	BcgI:only 0 windows after outlier trimming	no enzyme produced a usable estimate
SF010.BcgI	GCA_900549845.1	s__Veillonella_sp900549845	NA	NA	NA	0.05384615385	NA	NA	NA	0	NA	NA	NA	NA	0	1	0	-	NA	fixed	NA	none	0	False	containment 0.05 < 0.5; only 0/1 enzymes produced a fit; no PTR estimate	BcgI:only 14 anchors (< 30)	no enzyme produced a usable estimate
SF010.BcgI	GCA_900550175.1	s__Veillonella_sp900550175	NA	NA	NA	0.003831417625	NA	NA	NA	0	NA	NA	NA	NA	0	1	0	-	NA	fixed	NA	none	0	False	containment 0.00 < 0.5; only 0/1 enzymes produced a fit; no PTR estimate	BcgI:only 1 windows after outlier trimming	no enzyme produced a usable estimate
SF010.BcgI	GCA_900550455.1	s__Veillonella_sp900550455	NA	NA	NA	0	NA	NA	NA	0	NA	NA	NA	NA	0	1	0	-	NA	fixed	NA	none	0	False	containment 0.00 < 0.5; only 0/1 enzymes produced a fit; no PTR estimate	BcgI:only 0 windows after outlier trimming	no enzyme produced a usable estimate
SF010.BcgI	GCA_900551535.1	s__Granulicatella_sp900551535	4.644282727	1.095959596	0.5861111111	0.08013937282	5.386918628	2.429460273	NA	51	0.980184312	0.9683779828	0.5314743031	4.327446243	1	1	1	BcgI	NA	fixed	181097.3189	glm	14	False	fraction 0.59 < 0.75; containment 0.08 < 0.5	-	single enzyme: no cross-enzyme consistency check available
SF010.BcgI	GCA_900552445.1	s__Veillonella_sp900552445	NA	NA	NA	0.05158730159	NA	NA	NA	0	NA	NA	NA	NA	0	1	0	-	NA	fixed	NA	none	0	False	containment 0.05 < 0.5; only 0/1 enzymes produced a fit; no PTR estimate	BcgI:only 23 anchors (< 30)	no enzyme produced a usable estimate
SF010.BcgI	GCA_900552715.1	s__Veillonella_sp900552715	NA	NA	NA	0.01801801802	NA	NA	NA	0	NA	NA	NA	NA	0	1	0	-	NA	fixed	NA	none	0	False	containment 0.02 < 0.5; only 0/1 enzymes produced a fit; no PTR estimate	BcgI:only 2 windows after outlier trimming	no enzyme produced a usable estimate
SF010.BcgI	GCA_900554555.1	s__Bulleidia_sp900554555	NA	NA	NA	0.1179487179	NA	NA	NA	0	NA	NA	NA	NA	0	1	0	-	NA	fixed	NA	none	0	False	containment 0.12 < 0.5; only 0/1 enzymes produced a fit; no PTR estimate	BcgI:only 27 anchors (< 30)	no enzyme produced a usable estimate
SF010.BcgI	GCA_900554605.1	s__Pauljensenia_sp900554605	NA	NA	NA	0.007462686567	NA	NA	NA	0	NA	NA	NA	NA	0	1	0	-	NA	fixed	NA	none	0	False	containment 0.01 < 0.5; only 0/1 enzymes produced a fit; no PTR estimate	BcgI:only 3 windows after outlier trimming	no enzyme produced a usable estimate
SF010.BcgI	GCA_900555155.1	s__Streptococcus_sp900555155	NA	NA	NA	0.03076923077	NA	NA	NA	0	NA	NA	NA	NA	0	1	0	-	NA	fixed	NA	none	0	False	containment 0.03 < 0.5; only 0/1 enzymes produced a fit; no PTR estimate	BcgI:only 3 windows after outlier trimming	no enzyme produced a usable estimate
SF010.BcgI	GCA_900555245.1	s__Dialister_sp900555245	NA	NA	NA	0.04020100503	NA	NA	NA	0	NA	NA	NA	NA	0	1	0	-	NA	fixed	NA	none	0	False	containment 0.04 < 0.5; only 0/1 enzymes produced a fit; no PTR estimate	BcgI:only 12 anchors (< 30)	no enzyme produced a usable estimate
SF010.BcgI	GCA_900555335.1	s__Lancefieldella_sp900555335	7.150105702	7.388484848	0.3391994224	0.1131578947	6.895007306	2.78555208	NA	139	0.9963729359	1.168575343	0.4951864957	5.075917665	1	1	1	BcgI	NA	fixed	611543.4361	glm	26	False	fraction 0.34 < 0.75; dispersion 7.39 > 5.0; containment 0.11 < 0.5	-	single enzyme: no cross-enzyme consistency check available
SF010.BcgI	GCA_900555945.1	s__UMGS1907_sp900555945	15.66645076	25.95235458	0.3927022024	0.3361344538	3.201507777	1.678751515	NA	214	0.9981324935	0.9557532496	-0.1944904326	3.551993462	1	1	1	BcgI	NA	fixed	146728.8194	glm	19	False	fraction 0.39 < 0.75; dispersion 25.95 > 5.0; containment 0.34 < 0.5	-	single enzyme: no cross-enzyme consistency check available
SF010.BcgI	GCA_900555985.1	s__Gemella_sp900555985	NA	NA	NA	0	NA	NA	NA	0	NA	NA	NA	NA	0	1	0	-	NA	fixed	NA	none	0	False	containment 0.00 < 0.5; only 0/1 enzymes produced a fit; no PTR estimate	BcgI:only 0 windows after outlier trimming	no enzyme produced a usable estimate
SF010.BcgI	GCA_900556165.1	s__UMGS1907_sp900556165	NA	NA	NA	0	NA	NA	NA	0	NA	NA	NA	NA	0	1	0	-	NA	fixed	NA	none	0	False	containment 0.00 < 0.5; only 0/1 enzymes produced a fit; no PTR estimate	BcgI:only 0 windows after outlier trimming	no enzyme produced a usable estimate
SF010.BcgI	GCA_900556405.1	s__Pauljensenia_sp900556405	3.18066556	3.442857143	0.2870286935	0.03028064993	1.903264278	0.9284759013	NA	197	0.7546116744	0.8918666038	-0.8195505211	2.676502324	1	1	1	BcgI	NA	fixed	184230.5314	glm	25	False	fraction 0.29 < 0.75; containment 0.03 < 0.5	-	single enzyme: no cross-enzyme consistency check available
SF010.BcgI	GCA_900556785.1	s__Veillonella_sp900556785	45.00979834	56.86075949	0.4305449453	0.1171875	3.929181456	1.974228795	NA	51	0.9934580825	2.33465348	-2.601607941	6.550065532	1	1	1	BcgI	NA	fixed	675210.8606	glm	11	False	fraction 0.43 < 0.75; dispersion 56.86 > 5.0; containment 0.12 < 0.5	-	single enzyme: no cross-enzyme consistency check available
SF010.BcgI	GCA_900557325.1	s__Streptococcus_rubneri	NA	NA	NA	0.02298850575	NA	NA	NA	0	NA	NA	NA	NA	0	1	0	-	NA	fixed	NA	none	0	False	containment 0.02 < 0.5; only 0/1 enzymes produced a fit; no PTR estimate	BcgI:only 2 windows after outlier trimming	no enzyme produced a usable estimate
SF010.BcgI	GCA_900755085.1	s__Streptococcus_sp900755085	NA	NA	NA	0.007462686567	NA	NA	NA	0	NA	NA	NA	NA	0	1	0	-	NA	fixed	NA	none	0	False	containment 0.01 < 0.5; only 0/1 enzymes produced a fit; no PTR estimate	BcgI:only 2 windows after outlier trimming	no enzyme produced a usable estimate
SF010.BcgI	GCA_900755465.1	s__Rothia_sp902373285	5.23659088	7.564102564	0.1025628135	0.0103950104	4.999094479	2.321666793	NA	179	0.9392656421	1.95934934	-1.518587346	6.161920932	1	1	1	BcgI	NA	fixed	247805.2525	glm	8	False	fraction 0.10 < 0.75; dispersion 7.56 > 5.0; containment 0.01 < 0.5	-	single enzyme: no cross-enzyme consistency check available
SF010.BcgI	GCA_900755475.1	s__Streptococcus_sp900543065	NA	NA	NA	0.007299270073	NA	NA	NA	0	NA	NA	NA	NA	0	1	0	-	NA	fixed	NA	none	0	False	containment 0.01 < 0.5; only 0/1 enzymes produced a fit; no PTR estimate	BcgI:only 2 windows after outlier trimming	no enzyme produced a usable estimate
SF010.BcgI	GCA_900757715.1	s__Veillonella_sp900757715	164.6272006	13.77105708	0.4982905983	0.09466019417	31.79811017	4.990869121	NA	130	0.9998542348	1.933528829	1.201222252	8.780515989	1	1	1	BcgI	NA	fixed	1521131.329	glm	26	False	fraction 0.50 < 0.75; dispersion 13.77 > 5.0; containment 0.09 < 0.5	-	single enzyme: no cross-enzyme consistency check available
SF010.BcgI	GCA_900758605.1	s__Bacteroides_sp900552405	NA	NA	NA	0.0004100041	NA	NA	NA	0	NA	NA	NA	NA	0	1	0	-	NA	fixed	NA	none	0	False	containment 0.00 < 0.5; only 0/1 enzymes produced a fit; no PTR estimate	BcgI:only 1 windows after outlier trimming	no enzyme produced a usable estimate
SF010.BcgI	GCA_900759325.1	s__Peptostreptococcus_sp900759325	4.506134197	1	0.3908730159	0.07741935484	29.53503245	4.884355292	NA	32	0.9841896667	0.7712612337	3.372711051	6.395999533	1	1	1	BcgI	NA	fixed	1033405.683	glm	7	False	fraction 0.39 < 0.75; containment 0.08 < 0.5	-	single enzyme: no cross-enzyme consistency check available
SF010.BcgI	GCA_900765235.1	s__Veillonella_sp900765235	NA	NA	NA	0.08163265306	NA	NA	NA	0	NA	NA	NA	NA	0	1	0	-	NA	fixed	NA	none	0	False	containment 0.08 < 0.5; only 0/1 enzymes produced a fit; no PTR estimate	BcgI:only 8 anchors (< 30)	no enzyme produced a usable estimate
SF010.BcgI	GCA_900766125.1	s__Veillonella_sp900766125	NA	NA	NA	0.02290076336	NA	NA	NA	0	NA	NA	NA	NA	0	1	0	-	NA	fixed	NA	none	0	False	containment 0.02 < 0.5; only 0/1 enzymes produced a fit; no PTR estimate	BcgI:only 3 windows after outlier trimming	no enzyme produced a usable estimate
SF010.BcgI	GCA_900766185.1	s__Johnsonella_sp900766185	33.54392675	59.50505645	0.4501447072	0.3235908142	1.181305749	0.2403824161	NA	405	0.5719593532	1.045299408	-1.808366777	2.289131609	1	1	1	BcgI	NA	fixed	490810.8297	glm	61	False	fraction 0.45 < 0.75; dispersion 59.51 > 5.0; containment 0.32 < 0.5	-	single enzyme: no cross-enzyme consistency check available
SF010.BcgI	GCA_900766305.1	s__Gemella_sp900766305	NA	NA	NA	0.01973684211	NA	NA	NA	0	NA	NA	NA	NA	0	1	0	-	NA	fixed	NA	none	0	False	containment 0.02 < 0.5; only 0/1 enzymes produced a fit; no PTR estimate	BcgI:only 1 windows after outlier trimming	no enzyme produced a usable estimate
SF010.BcgI	GCA_900766345.1	s__Corynebacterium_sp900539985	NA	NA	NA	0	NA	NA	NA	0	NA	NA	NA	NA	0	1	0	-	NA	fixed	NA	none	0	False	containment 0.00 < 0.5; only 0/1 enzymes produced a fit; no PTR estimate	BcgI:only 0 windows after outlier trimming	no enzyme produced a usable estimate
SF010.BcgI	GCA_900766415.1	s__Veillonella_sp009929605	NA	NA	NA	0	NA	NA	NA	0	NA	NA	NA	NA	0	1	0	-	NA	fixed	NA	none	0	False	containment 0.00 < 0.5; only 0/1 enzymes produced a fit; no PTR estimate	BcgI:only 0 windows after outlier trimming	no enzyme produced a usable estimate
SF010.BcgI	GCA_901420285.1	s__Rodentibacter_sp901420285	3.346896114	1.873397793	0.08163265306	0.07692307692	2.325769177	1.217707922	NA	1078	0.9737702518	0.6236661124	-0.004655196528	2.440071041	1	1	1	BcgI	NA	fixed	1327469.024	glm	22	False	fraction 0.08 < 0.75; containment 0.08 < 0.5	-	single enzyme: no cross-enzyme consistency check available
SF010.BcgI	GCA_902373375.1	s__Lancefieldella_sp902373375	4.165438603	NA	0.269047619	0.01315789474	13.17159426	3.719358071	NA	39	0.7069101213	2.012772666	-0.2256038622	7.664320005	1	1	1	BcgI	NA	fixed	950725.6375	glm	6	False	fraction 0.27 < 0.75; containment 0.01 < 0.5	-	single enzyme: no cross-enzyme consistency check available
SF010.BcgI	GCA_902373385.1	s__Methylobacterium_sp002778835	NA	NA	NA	0	NA	NA	NA	0	NA	NA	NA	NA	0	1	0	-	NA	fixed	NA	none	0	False	containment 0.00 < 0.5; only 0/1 enzymes produced a fit; no PTR estimate	BcgI:only 0 windows after outlier trimming	no enzyme produced a usable estimate
SF010.BcgI	GCA_902373395.1	s__Rothia_mucilaginosa_B	5.407820801	10.20689484	0.4317709086	0.08149779736	1.437732703	0.5237954807	NA	205	0.7595379854	1.252455001	-1.930971214	2.978562175	1	1	1	BcgI	NA	fixed	1039440.917	glm	43	False	fraction 0.43 < 0.75; dispersion 10.21 > 5.0; containment 0.08 < 0.5	-	single enzyme: no cross-enzyme consistency check available
SF010.BcgI	GCA_902373435.1	s__Pauljensenia_sp902373435	21.90697903	34.50757217	0.153591426	0.05593116165	8.957192814	3.163046662	NA	784	0.9993401938	1.250926414	0.7112759436	5.614817381	1	1	1	BcgI	NA	fixed	1331582.46	glm	57	False	fraction 0.15 < 0.75; dispersion 34.51 > 5.0; containment 0.06 < 0.5	-	single enzyme: no cross-enzyme consistency check available
SF010.BcgI	GCA_902373455.1	s__Streptococcus_sp902373455	NA	NA	NA	0.01459854015	NA	NA	NA	0	NA	NA	NA	NA	0	1	0	-	NA	fixed	NA	none	0	False	containment 0.01 < 0.5; only 0/1 enzymes produced a fit; no PTR estimate	BcgI:only 1 windows after outlier trimming	no enzyme produced a usable estimate
SF010.BcgI	GCA_902373545.1	s__Pauljensenia_sp902373545	5.13648777	3.536706791	0.1841358549	0.09984399376	3.219557332	1.686862341	NA	1211	0.9953695998	0.6139198165	0.4836016112	2.890123071	1	1	1	BcgI	NA	fixed	322045.7733	glm	67	False	fraction 0.18 < 0.75; containment 0.10 < 0.5	-	single enzyme: no cross-enzyme consistency check available
SF010.BcgI	GCA_902373585.1	s__Veillonella_dispar	NA	NA	NA	0.05839416058	NA	NA	NA	0	NA	NA	NA	NA	0	1	0	-	NA	fixed	NA	none	0	False	containment 0.06 < 0.5; only 0/1 enzymes produced a fit; no PTR estimate	BcgI:only 27 anchors (< 30)	no enzyme produced a usable estimate
SF010.BcgI	GCA_902406185.1	s__Streptococcus_sp900550895	40.05664749	143.9556526	0.6777777778	0.1587301587	27.66196959	4.789831978	NA	30	0.9999866239	2.586318077	-0.2792583052	9.858922261	1	1	1	BcgI	NA	fixed	678782.84	glm	12	False	fraction 0.68 < 0.75; dispersion 143.96 > 5.0; containment 0.16 < 0.5	-	single enzyme: no cross-enzyme consistency check available
SF010.BcgI	GCA_902406255.1	s__Veillonella_sp900545205	NA	NA	NA	0.05660377358	NA	NA	NA	0	NA	NA	NA	NA	0	1	0	-	NA	fixed	NA	none	0	False	containment 0.06 < 0.5; only 0/1 enzymes produced a fit; no PTR estimate	BcgI:only 4 windows after outlier trimming	no enzyme produced a usable estimate
SF010.BcgI	GCA_902406345.1	s__Anaeroglobus_micronuciformis	5.959478047	8.396179755	0.2536804575	0.252699784	1.774487169	0.8274021422	NA	875	0.9933043556	0.5396600499	-0.2303121195	1.885116404	1	1	1	BcgI	NA	fixed	617351.84	glm	25	False	fraction 0.25 < 0.75; dispersion 8.40 > 5.0; containment 0.25 < 0.5	-	single enzyme: no cross-enzyme consistency check available
SF010.BcgI	GCA_902498835.1	s__Chlamydophila_avium	NA	NA	NA	0	NA	NA	NA	0	NA	NA	NA	NA	0	1	0	-	NA	fixed	NA	none	0	False	containment 0.00 < 0.5; only 0/1 enzymes produced a fit; no PTR estimate	BcgI:only 0 windows after outlier trimming	no enzyme produced a usable estimate
SF010.BcgI	GCA_902756015.1	s__UBA3839_sp900321835	NA	NA	NA	0.0003260515161	NA	NA	NA	0	NA	NA	NA	NA	0	1	0	-	NA	fixed	NA	none	0	False	containment 0.00 < 0.5; only 0/1 enzymes produced a fit; no PTR estimate	BcgI:only 1 windows after outlier trimming	no enzyme produced a usable estimate
SF010.BcgI	GCA_902759415.1	s__UBA3663_sp900319235	NA	NA	NA	0	NA	NA	NA	0	NA	NA	NA	NA	0	1	0	-	NA	fixed	NA	none	0	False	containment 0.00 < 0.5; only 0/1 enzymes produced a fit; no PTR estimate	BcgI:only 0 windows after outlier trimming	no enzyme produced a usable estimate
SF010.BcgI	GCA_903823475.1	s__Limnohabitans_sp903880855	NA	NA	NA	0	NA	NA	NA	0	NA	NA	NA	NA	0	1	0	-	NA	fixed	NA	none	0	False	containment 0.00 < 0.5; only 0/1 enzymes produced a fit; no PTR estimate	BcgI:only 0 windows after outlier trimming	no enzyme produced a usable estimate
SF010.BcgI	GCA_903924425.1	s__UBA4615_sp903903975	NA	NA	NA	0.0001362769147	NA	NA	NA	0	NA	NA	NA	NA	0	1	0	-	NA	fixed	NA	none	0	False	containment 0.00 < 0.5; only 0/1 enzymes produced a fit; no PTR estimate	BcgI:only 1 windows after outlier trimming	no enzyme produced a usable estimate
SF010.BcgI	GCF_000011305.1	s__Corynebacterium_efficiens	NA	NA	NA	0	NA	NA	NA	0	NA	NA	NA	NA	0	1	0	-	NA	fixed	NA	none	0	False	containment 0.00 < 0.5; only 0/1 enzymes produced a fit; no PTR estimate	BcgI:only 0 windows after outlier trimming	no enzyme produced a usable estimate
SF010.BcgI	GCF_000015165.1	s__Bradyrhizobium_sp000015165	NA	NA	NA	0	NA	NA	NA	0	NA	NA	NA	NA	0	1	0	-	NA	fixed	NA	none	0	False	containment 0.00 < 0.5; only 0/1 enzymes produced a fit; no PTR estimate	BcgI:only 0 windows after outlier trimming	no enzyme produced a usable estimate
SF010.BcgI	GCF_000023845.1	s__Cryptobacterium_curtum	3.043380148	2.429943567	0.1132520861	0.1163434903	1.123391923	0.1678613349	NA	1661	0.6857190869	0.5175629455	-0.8465433979	1.182266068	1	1	1	BcgI	NA	fixed	957653.5367	glm	23	False	fraction 0.11 < 0.75; containment 0.12 < 0.5	-	single enzyme: no cross-enzyme consistency check available
SF010.BcgI	GCF_000023905.1	s__Leptotrichia_buccalis	4.966458794	4.804832945	0.1675	0.1507537688	1.294081888	0.3719289121	NA	149	0.9987927037	1.497463198	-2.563045024	3.306902849	1	1	1	BcgI	NA	fixed	676949.6178	glm	6	False	fraction 0.17 < 0.75; containment 0.15 < 0.5	-	single enzyme: no cross-enzyme consistency check available
SF010.BcgI	GCF_000024225.1	s__Lancefieldella_parvula	4.933243907	5.518886607	0.072	0.04574132492	6.874353135	2.781223965	NA	375	0.8742196434	1.150175594	0.5269212242	5.035526705	1	1	1	BcgI	NA	fixed	274245.28	glm	15	False	fraction 0.07 < 0.75; dispersion 5.52 > 5.0; containment 0.05 < 0.5	-	single enzyme: no cross-enzyme consistency check available
SF010.BcgI	GCF_000027165.1	s__Streptococcus_mitis_AR	NA	NA	NA	0.01941747573	NA	NA	NA	0	NA	NA	NA	NA	0	1	0	-	NA	fixed	NA	none	0	False	containment 0.02 < 0.5; only 0/1 enzymes produced a fit; no PTR estimate	BcgI:only 0 windows after outlier trimming	no enzyme produced a usable estimate
SF010.BcgI	GCF_000090875.1	s__Neisseria_sp000090875	4.272289528	5.369320677	0.05914417992	0.05143277002	1.22190935	0.2891372596	NA	1049	0.5918779353	1.076577687	-1.820916234	2.399190753	1	1	1	BcgI	NA	fixed	671490.2133	glm	19	False	fraction 0.06 < 0.75; dispersion 5.37 > 5.0; containment 0.05 < 0.5	-	single enzyme: no cross-enzyme consistency check available
SF010.BcgI	GCF_000143845.1	s__Olsenella_uli	1.984936514	1.352824074	0.03667647059	0.03073463268	1.82718949	0.8696262573	NA	1968	0.8225441713	0.6614362557	-0.4267649819	2.166017496	1	1	1	BcgI	NA	fixed	862364.3067	glm	20	False	fraction 0.04 < 0.75; containment 0.03 < 0.5	-	single enzyme: no cross-enzyme consistency check available
SF010.BcgI	GCF_000146585.1	s__Streptococcus_mitis_AZ	NA	NA	NA	0.1346153846	NA	NA	NA	0	NA	NA	NA	NA	0	1	0	-	NA	fixed	NA	none	0	False	containment 0.13 < 0.5; only 0/1 enzymes produced a fit; no PTR estimate	BcgI:only 4 windows after outlier trimming	no enzyme produced a usable estimate
SF010.BcgI	GCF_000147675.1	s__Peptostreptococcus_stomatis	3.291460857	0.5111111111	0.3432539683	0.10625	4.250827626	2.087743758	NA	69	0.9200177838	0.9350719783	0.2550363575	3.920451158	1	1	1	BcgI	NA	fixed	1152903.239	glm	12	False	fraction 0.34 < 0.75; containment 0.11 < 0.5	-	single enzyme: no cross-enzyme consistency check available
SF010.BcgI	GCF_000148525.1	s__Streptococcus_mitis_H	NA	NA	NA	0	NA	NA	NA	0	NA	NA	NA	NA	0	1	0	-	NA	fixed	NA	none	0	False	containment 0.00 < 0.5; only 0/1 enzymes produced a fit; no PTR estimate	BcgI:only 0 windows after outlier trimming	no enzyme produced a usable estimate
SF010.BcgI	GCF_000148545.1	s__Streptococcus_mitis_C	NA	NA	NA	0	NA	NA	NA	0	NA	NA	NA	NA	0	1	0	-	NA	fixed	NA	none	0	False	containment 0.00 < 0.5; only 0/1 enzymes produced a fit; no PTR estimate	BcgI:only 0 windows after outlier trimming	no enzyme produced a usable estimate
SF010.BcgI	GCF_000148975.1	s__Streptococcus_pseudopneumoniae_M	NA	NA	NA	0.009345794393	NA	NA	NA	0	NA	NA	NA	NA	0	1	0	-	NA	fixed	NA	none	0	False	containment 0.01 < 0.5; only 0/1 enzymes produced a fit; no PTR estimate	BcgI:only 1 windows after outlier trimming	no enzyme produced a usable estimate
SF010.BcgI	GCF_000154225.1	s__Pauljensenia_odontolytica_A	12.35824488	257.9042064	0.4191979076	0.4180537772	2.156947772	1.108991244	NA	1562	0.999845062	0.6531790084	-0.171216088	2.389198576	1	1	1	BcgI	NA	fixed	1087826.516	glm	25	False	fraction 0.42 < 0.75; dispersion 257.90 > 5.0; containment 0.42 < 0.5	-	single enzyme: no cross-enzyme consistency check available
SF010.BcgI	GCF_000156615.2	s__Corynebacterium_tuberculostearicum	NA	NA	NA	0	NA	NA	NA	0	NA	NA	NA	NA	0	1	0	-	NA	fixed	NA	none	0	False	containment 0.00 < 0.5; only 0/1 enzymes produced a fit; no PTR estimate	BcgI:only 0 windows after outlier trimming	no enzyme produced a usable estimate
SF010.BcgI	GCF_000158215.3	s__Fusobacterium_periodonticum_D	NA	NA	NA	0.2307692308	NA	NA	NA	0	NA	NA	NA	NA	0	1	0	-	NA	fixed	NA	none	0	False	containment 0.23 < 0.5; only 0/1 enzymes produced a fit; no PTR estimate	BcgI:only 3 windows after outlier trimming	no enzyme produced a usable estimate
SF010.BcgI	GCF_000159435.1	s__Limosilactobacillus_vaginalis	NA	NA	NA	0.002032520325	NA	NA	NA	0	NA	NA	NA	NA	0	1	0	-	NA	fixed	NA	none	0	False	containment 0.00 < 0.5; only 0/1 enzymes produced a fit; no PTR estimate	BcgI:only 0 windows after outlier trimming	no enzyme produced a usable estimate
SF010.BcgI	GCF_000159995.1	s__Alloprevotella_tannerae	3.145022731	4.809860784	0.1244349651	0.1259541985	1.719046255	0.7816083641	NA	1510	0.9797806231	0.6789406889	-0.5490909337	2.112307662	1	1	1	BcgI	NA	fixed	656151.3292	glm	25	False	fraction 0.12 < 0.75; containment 0.13 < 0.5	-	single enzyme: no cross-enzyme consistency check available
SF010.BcgI	GCF_000160035.2	s__Catonella_morbi	3.825553183	1.779450786	0.1373452381	0.1168224299	1.355110965	0.4384109933	NA	497	0.6885433293	0.559693063	-0.6585672525	1.535389239	1	1	1	BcgI	NA	fixed	3206224.092	glm	20	False	fraction 0.14 < 0.75; containment 0.12 < 0.5	-	single enzyme: no cross-enzyme consistency check available
SF010.BcgI	GCF_000160055.1	s__Dialister_invisus	2.297313161	1.854722222	0.114012474	0.104368932	0.7481390294	-0.4186216985	NA	337	0.9384189318	1.090283571	-2.555538231	1.718294834	1	1	1	BcgI	NA	fixed	464195.375	glm	13	False	fraction 0.11 < 0.75; containment 0.10 < 0.5	-	single enzyme: no cross-enzyme consistency check available
SF010.BcgI	GCF_000160115.1	s__Shuttleworthia_satelles	3.722391265	2.116358624	0.1328449328	0.1269990593	1.988893997	0.9919663861	NA	979	0.9485073939	0.5751132691	-0.1352349085	2.119167681	1	1	1	BcgI	NA	fixed	1707935.303	glm	23	False	fraction 0.13 < 0.75; containment 0.13 < 0.5	-	single enzyme: no cross-enzyme consistency check available
SF010.BcgI	GCF_000160135.1	s__Oribacterium_sp000160135	2.509675042	0.8798636549	0.06502431008	0.05060422961	1.465141263	0.5510397704	NA	1110	0.7083007006	0.8150113754	-1.046353172	2.148432713	1	1	1	BcgI	NA	fixed	2442065.643	glm	23	False	fraction 0.07 < 0.75; containment 0.05 < 0.5	-	single enzyme: no cross-enzyme consistency check available
SF010.BcgI	GCF_000160435.1	s__Kingella_B_oralis	2.600274148	0.3277777778	0.02380952381	0.00956937799	3.454116041	1.788316551	NA	462	0.7167675312	1.512144396	-1.175432004	4.752065106	1	1	1	BcgI	NA	fixed	1350515.777	glm	7	False	fraction 0.02 < 0.75; containment 0.01 < 0.5	-	single enzyme: no cross-enzyme consistency check available
SF010.BcgI	GCF_000160635.1	s__Oribacterium_sinus	2.501263763	1.024404762	0.07706845238	0.06479859895	2.352503239	1.234196709	NA	402	0.8454462558	0.5714227493	0.1142287008	2.354164718	1	1	1	BcgI	NA	fixed	2211047.16	glm	16	False	fraction 0.08 < 0.75; containment 0.06 < 0.5	-	single enzyme: no cross-enzyme consistency check available
SF010.BcgI	GCF_000160695.1	s__Centipeda_flueggei	2.937643709	1.722504756	0.05294293043	0.05298329356	1.177750994	0.236034549	NA	2011	0.6625588878	0.4427952585	-0.6318282101	1.103897308	1	1	1	BcgI	NA	fixed	555654.2739	glm	24	False	fraction 0.05 < 0.75; containment 0.05 < 0.5	-	single enzyme: no cross-enzyme consistency check available
SF010.BcgI	GCF_000161975.1	s__Eubacterium_N_saphenum	NA	NA	NA	0.01315789474	NA	NA	NA	0	NA	NA	NA	NA	0	1	0	-	NA	fixed	NA	none	0	False	containment 0.01 < 0.5; only 0/1 enzymes produced a fit; no PTR estimate	BcgI:only 3 windows after outlier trimming	no enzyme produced a usable estimate
SF010.BcgI	GCF_000162455.1	s__Prevotella_buccae	3.243055064	1.962822904	0.0979083403	0.07649092481	2.812971377	1.492094873	NA	2061	0.9881061831	0.4683859208	0.5740753369	2.410114408	1	1	1	BcgI	NA	fixed	1901586.562	glm	44	False	fraction 0.10 < 0.75; containment 0.08 < 0.5	-	single enzyme: no cross-enzyme consistency check available
SF010.BcgI	GCF_000162475.2	s__Granulicatella_elegans	NA	NA	NA	0.0184501845	NA	NA	NA	0	NA	NA	NA	NA	0	1	0	-	NA	fixed	NA	none	0	False	containment 0.02 < 0.5; only 0/1 enzymes produced a fit; no PTR estimate	BcgI:only 3 windows after outlier trimming	no enzyme produced a usable estimate
SF010.BcgI	GCF_000162935.1	s__Prevotella_veroralis	5.725746825	7.0779082	0.1535941388	0.1446862996	1.752463994	0.8093848034	NA	701	0.9846321716	0.8189993973	-0.7958245187	2.414594125	1	1	1	BcgI	NA	fixed	757151.8714	glm	23	False	fraction 0.15 < 0.75; dispersion 7.08 > 5.0; containment 0.14 < 0.5	-	single enzyme: no cross-enzyme consistency check available
SF010.BcgI	GCF_000163055.2	s__Prevotella_sp000163055	NA	NA	NA	0.003645200486	NA	NA	NA	0	NA	NA	NA	NA	0	1	0	-	NA	fixed	NA	none	0	False	containment 0.00 < 0.5; only 0/1 enzymes produced a fit; no PTR estimate	BcgI:only 1 windows after outlier trimming	no enzyme produced a usable estimate
SF010.BcgI	GCF_000163475.1	s__Pasteurella_dagmatis	NA	NA	NA	0	NA	NA	NA	0	NA	NA	NA	NA	0	1	0	-	NA	fixed	NA	none	0	False	containment 0.00 < 0.5; only 0/1 enzymes produced a fit; no PTR estimate	BcgI:only 0 windows after outlier trimming	no enzyme produced a usable estimate
SF010.BcgI	GCF_000163695.1	s__F0058_sp000163695	7.003857064	18.69114571	0.1855759308	0.1850627892	3.06537917	1.616065538	NA	1153	0.998614082	0.5708832933	0.497154844	2.734976233	1	1	1	BcgI	NA	fixed	398274.1483	glm	19	False	fraction 0.19 < 0.75; dispersion 18.69 > 5.0; containment 0.19 < 0.5	-	single enzyme: no cross-enzyme consistency check available
SF010.BcgI	GCF_000163835.1	s__Parascardovia_denticolens	47.24453118	350.9399121	0.5654166667	0.5670307845	7.557182773e+17	59.39062613	NA	765	1	0.5085145926	58.39395584	60.38729642	1	1	1	BcgI	NA	fixed	946648.1925	glm	20	False	fraction 0.57 < 0.75; dispersion 350.94 > 5.0	-	single enzyme: no cross-enzyme consistency check available
SF010.BcgI	GCF_000163895.2	s__Filifactor_alocis	NA	NA	NA	0.03098591549	NA	NA	NA	0	NA	NA	NA	NA	0	1	0	-	NA	fixed	NA	none	0	False	containment 0.03 < 0.5; only 0/1 enzymes produced a fit; no PTR estimate	BcgI:only 3 windows after outlier trimming	no enzyme produced a usable estimate
SF010.BcgI	GCF_000173895.1	s__Neisseria_cinerea	767.4374474	7502.000533	0.04406512605	0.008168028005	1.303952186e+82	272.7809947	NA	148	0.9992995086	14261940.09	-27952616.14	27953161.7	1	1	1	BcgI	NA	fixed	1311453.912	glm	5	False	fraction 0.04 < 0.75; dispersion 7502.00 > 5.0; containment 0.01 < 0.5	-	single enzyme: no cross-enzyme consistency check available
SF010.BcgI	GCF_000173915.1	s__Gemella_haemolysans	NA	NA	NA	0.007299270073	NA	NA	NA	0	NA	NA	NA	NA	0	1	0	-	NA	fixed	NA	none	0	False	containment 0.01 < 0.5; only 0/1 enzymes produced a fit; no PTR estimate	BcgI:only 0 windows after outlier trimming	no enzyme produced a usable estimate
SF010.BcgI	GCF_000174655.1	s__Neisseria_sicca	433.0163383	1.241025641	0.07234964576	0.03376623377	12444.83088	13.603259	NA	171	0.9999921435	10.18192852	-6.352954179	33.55947219	1	1	1	BcgI	NA	fixed	721634.5522	glm	8	False	fraction 0.07 < 0.75; containment 0.03 < 0.5	-	single enzyme: no cross-enzyme consistency check available
SF010.BcgI	GCF_000174755.1	s__Capnocytophaga_gingivalis	17.79544391	46.98363772	0.5171117718	0.4548944338	1.996571122	0.9975244648	NA	494	0.999625664	0.7412396476	-0.4552785483	2.450327478	1	1	1	BcgI	NA	fixed	368953.5267	glm	27	False	fraction 0.52 < 0.75; dispersion 46.98 > 5.0; containment 0.45 < 0.5	-	single enzyme: no cross-enzyme consistency check available
SF010.BcgI	GCF_000175375.1	s__Corynebacterium_matruchotii	2.257435102	1.40275276	0.04085339076	0.03560302626	1.284125603	0.3607863228	NA	1727	0.6735539078	0.6035377461	-0.822125923	1.543698569	1	1	1	BcgI	NA	fixed	7116.6025	glm	20	False	fraction 0.04 < 0.75; containment 0.04 < 0.5	-	single enzyme: no cross-enzyme consistency check available
SF010.BcgI	GCF_000175635.1	s__Corynebacterium_tuberculostearicum_C	NA	NA	NA	0	NA	NA	NA	0	NA	NA	NA	NA	0	1	0	-	NA	fixed	NA	none	0	False	containment 0.00 < 0.5; only 0/1 enzymes produced a fit; no PTR estimate	BcgI:only 0 windows after outlier trimming	no enzyme produced a usable estimate
SF010.BcgI	GCF_000175875.1	s__Campylobacter_B_gracilis	3.330781787	2.886648305	0.0522892479	0.03413498836	3.085121966	1.625327526	NA	908	0.966326817	1.022176659	-0.3781019124	3.628756964	1	1	1	BcgI	NA	fixed	175911.84	glm	20	False	fraction 0.05 < 0.75; containment 0.03 < 0.5	-	single enzyme: no cross-enzyme consistency check available
SF010.BcgI	GCF_000177055.1	s__Prevotella_timonensis_A	NA	NA	NA	0	NA	NA	NA	0	NA	NA	NA	NA	0	1	0	-	NA	fixed	NA	none	0	False	containment 0.00 < 0.5; only 0/1 enzymes produced a fit; no PTR estimate	BcgI:only 0 windows after outlier trimming	no enzyme produced a usable estimate
SF010.BcgI	GCF_000177375.1	s__Bulleidia_extructa	NA	NA	NA	0	NA	NA	NA	0	NA	NA	NA	NA	0	1	0	-	NA	fixed	NA	none	0	False	containment 0.00 < 0.5; only 0/1 enzymes produced a fit; no PTR estimate	BcgI:only 0 windows after outlier trimming	no enzyme produced a usable estimate
SF010.BcgI	GCF_000178895.1	s__Fusobacterium_nucleatum	NA	NA	NA	0	NA	NA	NA	0	NA	NA	NA	NA	0	1	0	-	NA	fixed	NA	none	0	False	containment 0.00 < 0.5; only 0/1 enzymes produced a fit; no PTR estimate	BcgI:only 0 windows after outlier trimming	no enzyme produced a usable estimate
SF010.BcgI	GCF_000179755.1	s__Veillonella_atypica	10.98152212	17.15594641	0.3254508722	0.2048611111	3.213893096	1.684321941	NA	426	0.998824678	1.164355016	-0.5977719544	3.966415837	1	1	1	BcgI	NA	fixed	1667498.591	glm	32	False	fraction 0.33 < 0.75; dispersion 17.16 > 5.0; containment 0.20 < 0.5	-	single enzyme: no cross-enzyme consistency check available
SF010.BcgI	GCF_000185145.2	s__Prevotella_oralis	NA	NA	NA	0	NA	NA	NA	0	NA	NA	NA	NA	0	1	0	-	NA	fixed	NA	none	0	False	containment 0.00 < 0.5; only 0/1 enzymes produced a fit; no PTR estimate	BcgI:only 0 windows after outlier trimming	no enzyme produced a usable estimate
SF010.BcgI	GCF_000185385.1	s__Lachnoanaerobaculum_saburreum	2.245481026	0.6406685907	0.1000550964	0.08928571429	1.459815049	0.545785599	NA	283	0.6651439228	0.6719696236	-0.771250662	1.86282186	1	1	1	BcgI	NA	fixed	2708133.333	glm	11	False	fraction 0.10 < 0.75; containment 0.09 < 0.5	-	single enzyme: no cross-enzyme consistency check available
SF010.BcgI	GCF_000185505.1	s__Pseudoramibacter_alactolyticus	2.200117354	1.384126984	0.03844796289	0.02901665771	2.327391523	1.218713927	NA	1177	0.8763731613	0.5750106082	0.09171384414	2.34571401	1	1	1	BcgI	NA	fixed	437283.8064	glm	16	False	fraction 0.04 < 0.75; containment 0.03 < 0.5	-	single enzyme: no cross-enzyme consistency check available
SF010.BcgI	GCF_000185645.1	s__Gemella_morbillorum	7.967267297	14.47048569	0.2722222222	0.2634730539	1.943580133	0.9587165907	NA	139	0.9169987029	0.7863823102	-0.5825644153	2.499997597	1	1	1	BcgI	NA	fixed	778064.9256	glm	6	False	fraction 0.27 < 0.75; dispersion 14.47 > 5.0; containment 0.26 < 0.5	-	single enzyme: no cross-enzyme consistency check available
SF010.BcgI	GCF_000187585.1	s__Streptococcus_peroris	NA	NA	NA	0.008510638298	NA	NA	NA	0	NA	NA	NA	NA	0	1	0	-	NA	fixed	NA	none	0	False	containment 0.01 < 0.5; only 0/1 enzymes produced a fit; no PTR estimate	BcgI:only 1 windows after outlier trimming	no enzyme produced a usable estimate
SF010.BcgI	GCF_000187745.1	s__Streptococcus_sp000187745	NA	NA	NA	0.02272727273	NA	NA	NA	0	NA	NA	NA	NA	0	1	0	-	NA	fixed	NA	none	0	False	containment 0.02 < 0.5; only 0/1 enzymes produced a fit; no PTR estimate	BcgI:only 1 windows after outlier trimming	no enzyme produced a usable estimate
SF010.BcgI	GCF_000188255.1	s__Actinobacillus_ureae	NA	NA	NA	0	NA	NA	NA	0	NA	NA	NA	NA	0	1	0	-	NA	fixed	NA	none	0	False	containment 0.00 < 0.5; only 0/1 enzymes produced a fit; no PTR estimate	BcgI:only 0 windows after outlier trimming	no enzyme produced a usable estimate
SF010.BcgI	GCF_000191065.1	s__Prevotella_multiformis	2.967848742	1.925925926	0.03220911033	0.01083684527	16.74665984	4.06580147	NA	367	0.8502605751	0.6667902914	2.758916514	5.372686427	1	1	1	BcgI	NA	fixed	1112563.467	glm	6	False	fraction 0.03 < 0.75; containment 0.01 < 0.5	-	single enzyme: no cross-enzyme consistency check available
SF010.BcgI	GCF_000191105.1	s__Streptococcus_sanguinis	25.65713418	40.80807843	0.06607709751	0.04824561404	18.19012889	4.18508386	NA	168	0.9945173256	3.255444273	-2.195469668	10.56563739	1	1	1	BcgI	NA	fixed	976112.46	glm	7	False	fraction 0.07 < 0.75; dispersion 40.81 > 5.0; containment 0.05 < 0.5	-	single enzyme: no cross-enzyme consistency check available
SF010.BcgI	GCF_000191825.1	s__Treponema_B_denticola	NA	NA	NA	0.009557945042	NA	NA	NA	0	NA	NA	NA	NA	0	1	0	-	NA	fixed	NA	none	0	False	containment 0.01 < 0.5; only 0/1 enzymes produced a fit; no PTR estimate	BcgI:only 3 windows after outlier trimming	no enzyme produced a usable estimate
SF010.BcgI	GCF_000192225.1	s__Capnocytophaga_sp000192225	NA	NA	NA	0.03636363636	NA	NA	NA	0	NA	NA	NA	NA	0	1	0	-	NA	fixed	NA	none	0	False	containment 0.04 < 0.5; only 0/1 enzymes produced a fit; no PTR estimate	BcgI:only 4 windows after outlier trimming	no enzyme produced a usable estimate
SF010.BcgI	GCF_000193735.1	s__Neisseria_sicca_E	1266.673333	98.84718382	0.2196208126	0.04992867332	9.021009266e+26	89.54341932	NA	261	1	3.393771847	82.89174873	96.19508991	1	1	1	BcgI	NA	fixed	1374809.391	glm	19	False	fraction 0.22 < 0.75; dispersion 98.85 > 5.0; containment 0.05 < 0.5	-	single enzyme: no cross-enzyme consistency check available
SF010.BcgI	GCF_000193755.1	s__Neisseria_sicca_D	669.0940783	495.974219	0.4367065354	0.2345890411	3.692221154e+12	41.74762611	NA	448	1	1.206987296	39.38197448	44.11327774	1	1	1	BcgI	NA	fixed	262740.2528	glm	61	False	fraction 0.44 < 0.75; dispersion 495.97 > 5.0; containment 0.23 < 0.5	-	single enzyme: no cross-enzyme consistency check available
SF010.BcgI	GCF_000193775.1	s__Neisseria_polysaccharea	NA	NA	NA	0.006861063465	NA	NA	NA	0	NA	NA	NA	NA	0	1	0	-	NA	fixed	NA	none	0	False	containment 0.01 < 0.5; only 0/1 enzymes produced a fit; no PTR estimate	BcgI:only 2 windows after outlier trimming	no enzyme produced a usable estimate
SF010.BcgI	GCF_000193795.1	s__Neisseria_lactamica_A	NA	NA	NA	0.006944444444	NA	NA	NA	0	NA	NA	NA	NA	0	1	0	-	NA	fixed	NA	none	0	False	containment 0.01 < 0.5; only 0/1 enzymes produced a fit; no PTR estimate	BcgI:only 3 windows after outlier trimming	no enzyme produced a usable estimate
SF010.BcgI	GCF_000195595.1	s__Actinomyces_sp000195595	5.57187658	7.043855042	0.02084523431	0.007611798287	4.09624626	2.034302451	NA	713	0.9326134837	1.389349017	-0.6887715841	4.757376485	1	1	1	BcgI	NA	fixed	2605317.825	glm	8	False	fraction 0.02 < 0.75; dispersion 7.04 > 5.0; containment 0.01 < 0.5	-	single enzyme: no cross-enzyme consistency check available
SF010.BcgI	GCF_000208825.1	s__Aeromonas_caviae	NA	NA	NA	0	NA	NA	NA	0	NA	NA	NA	NA	0	1	0	-	NA	fixed	NA	none	0	False	containment 0.00 < 0.5; only 0/1 enzymes produced a fit; no PTR estimate	BcgI:only 0 windows after outlier trimming	no enzyme produced a usable estimate
SF010.BcgI	GCF_000209465.1	s__Lachnoanaerobaculum_sp000209465	2.73499082	2.083237943	0.149133123	0.1047619048	2.204723518	1.140597747	NA	313	0.813201801	0.9589295938	-0.7388697205	3.020065215	1	1	1	BcgI	NA	fixed	53501.40972	glm	19	False	fraction 0.15 < 0.75; containment 0.10 < 0.5	-	single enzyme: no cross-enzyme consistency check available
SF010.BcgI	GCF_000210895.1	s__Haemophilus_D_parainfluenzae_A	264.3612681	90.05724508	0.056	0.02734375	151.1553004	7.239887759	NA	125	0.9998916411	3.182429306	1.002440936	13.47733458	1	1	1	BcgI	NA	fixed	1098825.417	glm	5	False	fraction 0.06 < 0.75; dispersion 90.06 > 5.0; containment 0.03 < 0.5	-	single enzyme: no cross-enzyme consistency check available
SF010.BcgI	GCF_000211795.1	s__Sphingomonas_paucimobilis	NA	NA	NA	0.0003552397869	NA	NA	NA	0	NA	NA	NA	NA	0	1	0	-	NA	fixed	NA	none	0	False	containment 0.00 < 0.5; only 0/1 enzymes produced a fit; no PTR estimate	BcgI:only 1 windows after outlier trimming	no enzyme produced a usable estimate
SF010.BcgI	GCF_000212855.1	s__Streptococcus_sanguinis_A	140.4	38.5730101	0.06133333333	0.03546099291	2.377321006	1.249336722	NA	130	0.9993337144	1.664213088	-2.012460994	4.511134437	1	1	1	BcgI	NA	fixed	303989.0806	glm	5	False	fraction 0.06 < 0.75; dispersion 38.57 > 5.0; containment 0.04 < 0.5	-	single enzyme: no cross-enzyme consistency check available
SF010.BcgI	GCF_000213975.1	s__Centipeda_periodontii	2.192277896	1.320063106	0.04687046005	0.04548104956	1.303933586	0.3828703902	NA	2818	0.7206992183	0.4126217292	-0.4258533382	1.191594119	1	1	1	BcgI	NA	fixed	1096283.511	glm	28	False	fraction 0.05 < 0.75; containment 0.05 < 0.5	-	single enzyme: no cross-enzyme consistency check available
SF010.BcgI	GCF_000214475.1	s__Parvimonas_sp000214475	NA	NA	NA	0	NA	NA	NA	0	NA	NA	NA	NA	0	1	0	-	NA	fixed	NA	none	0	False	containment 0.00 < 0.5; only 0/1 enzymes produced a fit; no PTR estimate	BcgI:only 0 windows after outlier trimming	no enzyme produced a usable estimate
SF010.BcgI	GCF_000215385.1	s__Streptococcus_infantis_B	NA	NA	NA	0.02366863905	NA	NA	NA	0	NA	NA	NA	NA	0	1	0	-	NA	fixed	NA	none	0	False	containment 0.02 < 0.5; only 0/1 enzymes produced a fit; no PTR estimate	BcgI:only 1 windows after outlier trimming	no enzyme produced a usable estimate
SF010.BcgI	GCF_000218235.1	s__Prevotella_multisaccharivorax	NA	NA	NA	0	NA	NA	NA	0	NA	NA	NA	NA	0	1	0	-	NA	fixed	NA	none	0	False	containment 0.00 < 0.5; only 0/1 enzymes produced a fit; no PTR estimate	BcgI:only 0 windows after outlier trimming	no enzyme produced a usable estimate
SF010.BcgI	GCF_000220045.1	s__Streptococcus_mitis_AP	NA	NA	NA	0.03703703704	NA	NA	NA	0	NA	NA	NA	NA	0	1	0	-	NA	fixed	NA	none	0	False	containment 0.04 < 0.5; only 0/1 enzymes produced a fit; no PTR estimate	BcgI:only 3 windows after outlier trimming	no enzyme produced a usable estimate
SF010.BcgI	GCF_000220065.1	s__Streptococcus_sp000220065	13.08699868	3.875	0.064	0.02356020942	6.387590375	2.675271798	NA	125	0.9979163539	1.681832179	-0.6210586998	5.971602296	1	1	1	BcgI	NA	fixed	414154.125	glm	5	False	fraction 0.06 < 0.75; containment 0.02 < 0.5	-	single enzyme: no cross-enzyme consistency check available
SF010.BcgI	GCF_000220215.1	s__Prevotella_seregens	1.87867697	0.8965029762	0.03057057558	0.02318733898	1.682388749	0.7505111073	NA	1633	0.7437233146	0.5066885038	-0.2425801115	1.743602326	1	1	1	BcgI	NA	fixed	2743105.68	glm	16	False	fraction 0.03 < 0.75; containment 0.02 < 0.5	-	single enzyme: no cross-enzyme consistency check available
SF010.BcgI	GCF_000220835.1	s__Actinomyces_sp000220835	3.779022338	0.2916666667	0.016	0.009548292325	42.89974393	5.422897131	NA	500	0.9043541044	2.252158823	1.008746951	9.837047311	1	1	1	BcgI	NA	fixed	2377841.567	glm	5	False	fraction 0.02 < 0.75; containment 0.01 < 0.5	-	single enzyme: no cross-enzyme consistency check available
SF010.BcgI	GCF_000222025.1	s__Haemophilus_haemolyticus_G	NA	NA	NA	0	NA	NA	NA	0	NA	NA	NA	NA	0	1	0	-	NA	fixed	NA	none	0	False	containment 0.00 < 0.5; only 0/1 enzymes produced a fit; no PTR estimate	BcgI:only 0 windows after outlier trimming	no enzyme produced a usable estimate
SF010.BcgI	GCF_000222705.1	s__Streptococcus_mitis_AY	NA	NA	NA	0.02912621359	NA	NA	NA	0	NA	NA	NA	NA	0	1	0	-	NA	fixed	NA	none	0	False	containment 0.03 < 0.5; only 0/1 enzymes produced a fit; no PTR estimate	BcgI:only 2 windows after outlier trimming	no enzyme produced a usable estimate
SF010.BcgI	GCF_000223255.1	s__Streptococcus_infantis_G	NA	NA	NA	0.038647343	NA	NA	NA	0	NA	NA	NA	NA	0	1	0	-	NA	fixed	NA	none	0	False	containment 0.04 < 0.5; only 0/1 enzymes produced a fit; no PTR estimate	BcgI:only 3 windows after outlier trimming	no enzyme produced a usable estimate
SF010.BcgI	GCF_000223275.1	s__Haemophilus_D_pittmaniae	NA	NA	NA	0.002176278564	NA	NA	NA	0	NA	NA	NA	NA	0	1	0	-	NA	fixed	NA	none	0	False	containment 0.00 < 0.5; only 0/1 enzymes produced a fit; no PTR estimate	BcgI:only 1 windows after outlier trimming	no enzyme produced a usable estimate
SF010.BcgI	GCF_000223335.1	s__Streptococcus_infantis_H	NA	NA	NA	0.02941176471	NA	NA	NA	0	NA	NA	NA	NA	0	1	0	-	NA	fixed	NA	none	0	False	containment 0.03 < 0.5; only 0/1 enzymes produced a fit; no PTR estimate	BcgI:only 3 windows after outlier trimming	no enzyme produced a usable estimate
SF010.BcgI	GCF_000228505.1	s__Streptococcus_sobrinus	NA	NA	NA	0.005244755245	NA	NA	NA	0	NA	NA	NA	NA	0	1	0	-	NA	fixed	NA	none	0	False	containment 0.01 < 0.5; only 0/1 enzymes produced a fit; no PTR estimate	BcgI:only 3 windows after outlier trimming	no enzyme produced a usable estimate
SF010.BcgI	GCF_000229485.1	s__Streptococcus_mutans	2.126710756	2	0.2337868481	0.0917721519	2.92276439	1.547333535	NA	60	0.6989442439	1.811382388	-2.002910707	5.097577778	1	1	1	BcgI	NA	fixed	132456.6472	glm	7	False	fraction 0.23 < 0.75; containment 0.09 < 0.5	-	single enzyme: no cross-enzyme consistency check available
SF010.BcgI	GCF_000234095.1	s__Centipeda_infelix	3.212829987	4.330752628	0.08495421245	0.09143439837	2.012322472	1.008861514	NA	2351	0.9883264329	0.6463128391	-0.2578883739	2.275611401	1	1	1	BcgI	NA	fixed	177288	glm	24	False	fraction 0.08 < 0.75; containment 0.09 < 0.5	-	single enzyme: no cross-enzyme consistency check available
SF010.BcgI	GCF_000234135.1	s__Centipeda_noxia	2.048928606	1.32538083	0.07099045541	0.06868234416	1.917549793	0.9392640406	NA	2429	0.971294122	0.5152165966	-0.07054193298	1.949070014	1	1	1	BcgI	NA	fixed	423571.4042	glm	24	False	fraction 0.07 < 0.75; containment 0.07 < 0.5	-	single enzyme: no cross-enzyme consistency check available
SF010.BcgI	GCF_000235445.1	s__Johnsonella_ignava	4.137689549	2.75	0.1439331502	0.03203661327	310.1606544	8.276871874	NA	128	0.9920445439	1.92047531	4.512809433	12.04093431	1	1	1	BcgI	NA	fixed	2450702.475	glm	8	False	fraction 0.14 < 0.75; containment 0.03 < 0.5	-	single enzyme: no cross-enzyme consistency check available
SF010.BcgI	GCF_000235485.1	s__Streptococcus_sp000235485	8.222741052	4.580392157	0.2329454859	0.07236842105	16.0086633	4.000780945	NA	107	0.9954018312	1.360434229	1.334378852	6.667183038	1	1	1	BcgI	NA	fixed	460561.8811	glm	7	False	fraction 0.23 < 0.75; containment 0.07 < 0.5	-	single enzyme: no cross-enzyme consistency check available
SF010.BcgI	GCF_000235885.1	s__Prevotella_stercorea	NA	NA	NA	0	NA	NA	NA	0	NA	NA	NA	NA	0	1	0	-	NA	fixed	NA	none	0	False	containment 0.00 < 0.5; only 0/1 enzymes produced a fit; no PTR estimate	BcgI:only 0 windows after outlier trimming	no enzyme produced a usable estimate
SF010.BcgI	GCF_000238055.2	s__Oribacterium_parvum	2.100828804	1.203333333	0.06769374416	0.03074670571	6.964730095	2.800067445	NA	196	0.9472628025	1.286632905	0.2783132908	5.321821599	1	1	1	BcgI	NA	fixed	320437.65	glm	7	False	fraction 0.07 < 0.75; containment 0.03 < 0.5	-	single enzyme: no cross-enzyme consistency check available
SF010.BcgI	GCF_000238075.1	s__Oribacterium_asaccharolyticum	2.820810312	1.281895485	0.06453592467	0.05514705882	2.509011303	1.32711897	NA	557	0.8930532067	0.4695173049	0.4068819621	2.247355978	1	1	1	BcgI	NA	fixed	1749160.027	glm	17	False	fraction 0.06 < 0.75; containment 0.06 < 0.5	-	single enzyme: no cross-enzyme consistency check available
SF010.BcgI	GCF_000239275.1	s__Anaeroglobus_geminatus	2.582025654	0.7072561348	0.08358240941	0.05961376994	1.541991644	0.6247949469	NA	884	0.7781965227	0.5465497742	-0.4464229263	1.69601282	1	1	1	BcgI	NA	fixed	447530.8142	glm	22	False	fraction 0.08 < 0.75; containment 0.06 < 0.5	-	single enzyme: no cross-enzyme consistency check available
SF010.BcgI	GCF_000242235.1	s__Stomatobaculum_longum	5.148074483	10.56872331	0.1979289909	0.2005033557	1.861487772	0.8964561396	NA	1991	0.9962685636	0.433655934	0.04650612735	1.746406152	1	1	1	BcgI	NA	fixed	1057235.422	glm	21	False	fraction 0.20 < 0.75; dispersion 10.57 > 5.0; containment 0.20 < 0.5	-	single enzyme: no cross-enzyme consistency check available
SF010.BcgI	GCF_000242315.1	s__Lachnoanaerobaculum_orale	5.988868895	5.293696229	0.3008292399	0.2111801242	2.089316136	1.063030804	NA	389	0.9890230826	0.8066580958	-0.5179900115	2.64405162	1	1	1	BcgI	NA	fixed	1858158.091	glm	31	False	fraction 0.30 < 0.75; dispersion 5.29 > 5.0; containment 0.21 < 0.5	-	single enzyme: no cross-enzyme consistency check available
SF010.BcgI	GCF_000242675.1	s__Eubacterium_B_infirmum	1.980724154	0.9242424242	0.0757020757	0.05848787447	1.645282809	0.7183355913	NA	372	0.6632051072	0.7324110661	-0.7171637202	2.153834903	1	1	1	BcgI	NA	fixed	982095.1761	glm	13	False	fraction 0.08 < 0.75; containment 0.06 < 0.5	-	single enzyme: no cross-enzyme consistency check available
SF010.BcgI	GCF_000243035.1	s__Prevotella_micans	3.353541603	5.303136646	0.1717403506	0.1742120344	2.368067304	1.243710085	NA	1604	0.9952036323	0.4706854758	0.3211835042	2.166236666	1	1	1	BcgI	NA	fixed	1471035.459	glm	23	False	fraction 0.17 < 0.75; dispersion 5.30 > 5.0; containment 0.17 < 0.5	-	single enzyme: no cross-enzyme consistency check available
SF010.BcgI	GCF_000253155.1	s__Streptococcus_oralis_L	NA	NA	NA	0.0625	NA	NA	NA	0	NA	NA	NA	NA	0	1	0	-	NA	fixed	NA	none	0	False	containment 0.06 < 0.5; only 0/1 enzymes produced a fit; no PTR estimate	BcgI:only 3 windows after outlier trimming	no enzyme produced a usable estimate
SF010.BcgI	GCF_000257905.1	s__Streptococcus_mitis_L	NA	NA	NA	0	NA	NA	NA	0	NA	NA	NA	NA	0	1	0	-	NA	fixed	NA	none	0	False	containment 0.00 < 0.5; only 0/1 enzymes produced a fit; no PTR estimate	BcgI:only 0 windows after outlier trimming	no enzyme produced a usable estimate
SF010.BcgI	GCF_000259505.1	s__Streptococcus_sp000259505	NA	NA	NA	0.0243902439	NA	NA	NA	0	NA	NA	NA	NA	0	1	0	-	NA	fixed	NA	none	0	False	containment 0.02 < 0.5; only 0/1 enzymes produced a fit; no PTR estimate	BcgI:only 2 windows after outlier trimming	no enzyme produced a usable estimate
SF010.BcgI	GCF_000260655.1	s__Neisseria_sicca_B	NA	NA	NA	0.02816901408	NA	NA	NA	0	NA	NA	NA	NA	0	1	0	-	NA	fixed	NA	none	0	False	containment 0.03 < 0.5; only 0/1 enzymes produced a fit; no PTR estimate	BcgI:only 26 anchors (< 30)	no enzyme produced a usable estimate
SF010.BcgI	GCF_000262285.1	s__Haemophilus_haemolyticus	NA	NA	NA	0.01271186441	NA	NA	NA	0	NA	NA	NA	NA	0	1	0	-	NA	fixed	NA	none	0	False	containment 0.01 < 0.5; only 0/1 enzymes produced a fit; no PTR estimate	BcgI:only 2 windows after outlier trimming	no enzyme produced a usable estimate
SF010.BcgI	GCF_000275805.1	s__Scardovia_wiggsiae	1.653015824	0.8145396825	0.07476851852	0.06231454006	1.100176058	0.1377344127	NA	728	0.04050836126	0.4943416075	-0.8311573339	1.106626159	1	1	1	BcgI	NA	fixed	1393253.015	glm	18	False	fraction 0.07 < 0.75; containment 0.06 < 0.5	-	single enzyme: no cross-enzyme consistency check available
SF010.BcgI	GCF_000277585.1	s__Capnocytophaga_ochracea	2.568666528	1.856709957	0.05493976881	0.03510758777	5.933337425	2.56884383	NA	421	0.9506419882	0.7981447535	1.004508859	4.133178802	1	1	1	BcgI	NA	fixed	811015.68	glm	13	False	fraction 0.05 < 0.75; containment 0.04 < 0.5	-	single enzyme: no cross-enzyme consistency check available
SF010.BcgI	GCF_000278725.1	s__Pauljensenia_sp000278725	5.970818886	0.1111111111	0.06855626126	0.01184433164	5.950098297	2.572913502	NA	513	0.9896398342	1.02507836	0.5637968352	4.58203017	1	1	1	BcgI	NA	fixed	64309.61111	glm	16	False	fraction 0.07 < 0.75; containment 0.01 < 0.5	-	single enzyme: no cross-enzyme consistency check available
SF010.BcgI	GCF_000279535.1	s__Streptococcus_infantis_I	NA	NA	NA	0.04819277108	NA	NA	NA	0	NA	NA	NA	NA	0	1	0	-	NA	fixed	NA	none	0	False	containment 0.05 < 0.5; only 0/1 enzymes produced a fit; no PTR estimate	BcgI:only 2 windows after outlier trimming	no enzyme produced a usable estimate
SF010.BcgI	GCF_000282935.1	s__Pauljensenia_odontolytica_B	13.15809203	10.54785247	0.1144944247	0.02033492823	2.253425372	1.172119672	NA	559	0.8406864078	1.315855667	-1.406910044	3.751149388	1	1	1	BcgI	NA	fixed	353882.3633	glm	21	False	fraction 0.11 < 0.75; dispersion 10.55 > 5.0; containment 0.02 < 0.5	-	single enzyme: no cross-enzyme consistency check available
SF010.BcgI	GCF_000283035.1	s__Pauljensenia_sp000466265	7.601402633	6.973083258	0.2000466514	0.01393908105	55.71126753	5.799897235	NA	217	0.9980391317	2.277193698	1.3366796	10.26311487	1	1	1	BcgI	NA	fixed	692123.1625	glm	15	False	fraction 0.20 < 0.75; dispersion 6.97 > 5.0; containment 0.01 < 0.5	-	single enzyme: no cross-enzyme consistency check available
SF010.BcgI	GCF_000286455.1	s__Centipeda_sp000286455	16.80960107	27.46834531	0.3107600686	0.2583547558	2.018544719	1.013315549	NA	1826	0.999412241	0.5734342468	-0.1105949225	2.13722602	1	1	1	BcgI	NA	fixed	1790606.325	glm	79	False	fraction 0.31 < 0.75; dispersion 27.47 > 5.0; containment 0.26 < 0.5	-	single enzyme: no cross-enzyme consistency check available
SF010.BcgI	GCF_000287615.1	s__Haemophilus_A_sputorum	NA	NA	NA	0	NA	NA	NA	0	NA	NA	NA	NA	0	1	0	-	NA	fixed	NA	none	0	False	containment 0.00 < 0.5; only 0/1 enzymes produced a fit; no PTR estimate	BcgI:only 0 windows after outlier trimming	no enzyme produced a usable estimate
SF010.BcgI	GCF_000287675.1	s__Lachnoanaerobaculum_sp000287675	15.74644467	21.66706099	0.3325967308	0.2047244094	3.85572396	1.94700177	NA	182	0.9983690054	1.253431803	-0.509679422	4.403682961	1	1	1	BcgI	NA	fixed	1588478.046	glm	19	False	fraction 0.33 < 0.75; dispersion 21.67 > 5.0; containment 0.20 < 0.5	-	single enzyme: no cross-enzyme consistency check available
SF010.BcgI	GCF_000287695.1	s__Peptoanaerobacter_margaretiae	3.170414278	1.888888889	0.1016245109	0.04207119741	1.949981987	0.9634607967	NA	155	0.6939155911	0.6395510496	-0.2900362268	2.21695782	1	1	1	BcgI	NA	fixed	505949.45	glm	9	False	fraction 0.10 < 0.75; containment 0.04 < 0.5	-	single enzyme: no cross-enzyme consistency check available
SF010.BcgI	GCF_000287715.1	s__Streptococcus_oralis_Y	39.83708785	62.00789551	0.3771880775	0.191011236	722.7640416	9.497380922	NA	77	0.9998122301	3.6784799	2.287692801	16.70706904	1	1	1	BcgI	NA	fixed	133891.7361	glm	8	False	fraction 0.38 < 0.75; dispersion 62.01 > 5.0; containment 0.19 < 0.5	-	single enzyme: no cross-enzyme consistency check available
SF010.BcgI	GCF_000292345.1	s__Cupriavidus_sp000292345	NA	NA	NA	0	NA	NA	NA	0	NA	NA	NA	NA	0	1	0	-	NA	fixed	NA	none	0	False	containment 0.00 < 0.5; only 0/1 enzymes produced a fit; no PTR estimate	BcgI:only 0 windows after outlier trimming	no enzyme produced a usable estimate
SF010.BcgI	GCF_000292955.1	s__Selenomonas_sputigena	3.200755476	2.863290356	0.08803905621	0.05947775629	3.172314145	1.665535644	NA	3570	0.9949858463	0.5512346188	0.5851356441	2.745935644	1	1	1	BcgI	NA	fixed	1454421.824	glm	47	False	fraction 0.09 < 0.75; containment 0.06 < 0.5	-	single enzyme: no cross-enzyme consistency check available
SF010.BcgI	GCF_000293035.1	s__Peptoanaerobacter_stomatis	NA	NA	NA	0.006600660066	NA	NA	NA	0	NA	NA	NA	NA	0	1	0	-	NA	fixed	NA	none	0	False	containment 0.01 < 0.5; only 0/1 enzymes produced a fit; no PTR estimate	BcgI:only 1 windows after outlier trimming	no enzyme produced a usable estimate
SF010.BcgI	GCF_000293155.1	s__Mogibacterium_timidum	2.93228201	1	0.03724252859	0.01405810684	7.543365611	2.915208352	NA	280	0.898660223	1.163967092	0.6338747719	5.196541932	1	1	1	BcgI	NA	fixed	730474.3622	glm	8	False	fraction 0.04 < 0.75; containment 0.01 < 0.5	-	single enzyme: no cross-enzyme consistency check available
SF010.BcgI	GCF_000293175.1	s__Capnocytophaga_granulosa	17.22843266	27.78687566	0.4225459654	0.4081632653	1.5292281	0.6128036158	NA	591	0.9994859476	0.96601148	-1.280544094	2.506151325	1	1	1	BcgI	NA	fixed	1829657.436	glm	49	False	fraction 0.42 < 0.75; dispersion 27.79 > 5.0; containment 0.41 < 0.5	-	single enzyme: no cross-enzyme consistency check available
SF010.BcgI	GCF_000295095.1	s__Actinomyces_timonensis	2.904975451	2.937747822	0.1051354644	0.1054275674	2.326874039	1.218393116	NA	2460	0.9817319324	0.476148188	0.2851598157	2.151626415	1	1	1	BcgI	NA	fixed	945286.3544	glm	24	False	fraction 0.11 < 0.75; containment 0.11 < 0.5	-	single enzyme: no cross-enzyme consistency check available
SF010.BcgI	GCF_000296275.1	s__Actinomyces_massiliensis	2.875269768	0.620995671	0.137772286	0.01988795518	3.781321427	1.918890489	NA	1003	0.9745079641	0.6185786512	0.7064986113	3.131282367	1	1	1	BcgI	NA	fixed	993131.2325	glm	30	False	fraction 0.14 < 0.75; containment 0.02 < 0.5	-	single enzyme: no cross-enzyme consistency check available
SF010.BcgI	GCF_000296505.1	s__Pauljensenia_turicensis	NA	NA	NA	0	NA	NA	NA	0	NA	NA	NA	NA	0	1	0	-	NA	fixed	NA	none	0	False	containment 0.00 < 0.5; only 0/1 enzymes produced a fit; no PTR estimate	BcgI:only 0 windows after outlier trimming	no enzyme produced a usable estimate
SF010.BcgI	GCF_000296875.1	s__Streptococcus_oralis	NA	NA	NA	0.08450704225	NA	NA	NA	0	NA	NA	NA	NA	0	1	0	-	NA	fixed	NA	none	0	False	containment 0.08 < 0.5; only 0/1 enzymes produced a fit; no PTR estimate	BcgI:only 14 anchors (< 30)	no enzyme produced a usable estimate
SF010.BcgI	GCF_000298295.1	s__Cecembia_lonarensis	NA	NA	NA	0	NA	NA	NA	0	NA	NA	NA	NA	0	1	0	-	NA	fixed	NA	none	0	False	containment 0.00 < 0.5; only 0/1 enzymes produced a fit; no PTR estimate	BcgI:only 0 windows after outlier trimming	no enzyme produced a usable estimate
SF010.BcgI	GCF_000299315.2	s__Microbacterium_barkeri	NA	NA	NA	0	NA	NA	NA	0	NA	NA	NA	NA	0	1	0	-	NA	fixed	NA	none	0	False	containment 0.00 < 0.5; only 0/1 enzymes produced a fit; no PTR estimate	BcgI:only 0 windows after outlier trimming	no enzyme produced a usable estimate
SF010.BcgI	GCF_000301735.1	s__Acinetobacter_johnsonii	NA	NA	NA	0	NA	NA	NA	0	NA	NA	NA	NA	0	1	0	-	NA	fixed	NA	none	0	False	containment 0.00 < 0.5; only 0/1 enzymes produced a fit; no PTR estimate	BcgI:only 0 windows after outlier trimming	no enzyme produced a usable estimate
SF010.BcgI	GCF_000308055.1	s__Pauljensenia_sp000308055	3.931839536	1.321103896	0.0426687134	0.02920962199	2.313722565	1.210215884	NA	580	0.8656181865	0.7920765691	-0.3422256648	2.762657432	1	1	1	BcgI	NA	fixed	28284.3	glm	13	False	fraction 0.04 < 0.75; containment 0.03 < 0.5	-	single enzyme: no cross-enzyme consistency check available
SF010.BcgI	GCF_000312445.1	s__Phocaeicola_abscessus	NA	NA	NA	0.003597122302	NA	NA	NA	0	NA	NA	NA	NA	0	1	0	-	NA	fixed	NA	none	0	False	containment 0.00 < 0.5; only 0/1 enzymes produced a fit; no PTR estimate	BcgI:only 3 windows after outlier trimming	no enzyme produced a usable estimate
SF010.BcgI	GCF_000314795.2	s__Streptococcus_sp000314795	NA	NA	NA	0.01149425287	NA	NA	NA	0	NA	NA	NA	NA	0	1	0	-	NA	fixed	NA	none	0	False	containment 0.01 < 0.5; only 0/1 enzymes produced a fit; no PTR estimate	BcgI:only 3 windows after outlier trimming	no enzyme produced a usable estimate
SF010.BcgI	GCF_000317125.1	s__Chroococcidiopsis_thermalis	NA	NA	NA	0	NA	NA	NA	0	NA	NA	NA	NA	0	1	0	-	NA	fixed	NA	none	0	False	containment 0.00 < 0.5; only 0/1 enzymes produced a fit; no PTR estimate	BcgI:only 0 windows after outlier trimming	no enzyme produced a usable estimate
SF010.BcgI	GCF_000318095.2	s__F0040_sp000318095	NA	NA	NA	0.001903553299	NA	NA	NA	0	NA	NA	NA	NA	0	1	0	-	NA	fixed	NA	none	0	False	containment 0.00 < 0.5; only 0/1 enzymes produced a fit; no PTR estimate	BcgI:only 2 windows after outlier trimming	no enzyme produced a usable estimate
SF010.BcgI	GCF_000318175.2	s__Centipeda_sp000318175	12.56618134	21.21703644	0.06948793627	0.04710743802	2.355046101	1.235755302	NA	2035	0.9971613537	1.037118995	-0.7969605764	3.26847118	1	1	1	BcgI	NA	fixed	276128.4036	glm	23	False	fraction 0.07 < 0.75; dispersion 21.22 > 5.0; containment 0.05 < 0.5	-	single enzyme: no cross-enzyme consistency check available
SF010.BcgI	GCF_000318215.2	s__Porphyromonas_catoniae	2.024590572	1.359319468	0.06045713013	0.05175292154	13.6583138	3.77170748	NA	726	0.9984966826	1.356551219	1.112915949	6.430499012	1	1	1	BcgI	NA	fixed	899965.2839	glm	15	False	fraction 0.06 < 0.75; containment 0.05 < 0.5	-	single enzyme: no cross-enzyme consistency check available
SF010.BcgI	GCF_000318275.2	s__Capnocytophaga_sp000318275	7.677317835	12.51764221	0.3171047736	0.2516212711	2.539160911	1.344351824	NA	699	0.9976379165	0.9621921074	-0.5415100525	3.230213701	1	1	1	BcgI	NA	fixed	1714076.662	glm	40	False	fraction 0.32 < 0.75; dispersion 12.52 > 5.0; containment 0.25 < 0.5	-	single enzyme: no cross-enzyme consistency check available
SF010.BcgI	GCF_000328265.2	s__Neisseria_meningitidis	NA	NA	NA	0.004807692308	NA	NA	NA	0	NA	NA	NA	NA	0	1	0	-	NA	fixed	NA	none	0	False	containment 0.00 < 0.5; only 0/1 enzymes produced a fit; no PTR estimate	BcgI:only 2 windows after outlier trimming	no enzyme produced a usable estimate
SF010.BcgI	GCF_000332975.1	s__Gordonia_aichiensis	NA	NA	NA	0.0002464268112	NA	NA	NA	0	NA	NA	NA	NA	0	1	0	-	NA	fixed	NA	none	0	False	containment 0.00 < 0.5; only 0/1 enzymes produced a fit; no PTR estimate	BcgI:only 0 windows after outlier trimming	no enzyme produced a usable estimate
SF010.BcgI	GCF_000338475.1	s__Treponema_B_denticola_A	NA	NA	NA	0.015625	NA	NA	NA	0	NA	NA	NA	NA	0	1	0	-	NA	fixed	NA	none	0	False	containment 0.02 < 0.5; only 0/1 enzymes produced a fit; no PTR estimate	BcgI:only 2 windows after outlier trimming	no enzyme produced a usable estimate
SF010.BcgI	GCF_000344295.2	s__Campylobacter_A_showae_B	14.73995476	12.70169489	0.2745845732	0.08425414365	1.708433687	0.7726742501	NA	271	0.7500180622	0.9148043751	-1.020309378	2.565657878	1	1	1	BcgI	NA	fixed	153442.4344	glm	38	False	fraction 0.27 < 0.75; dispersion 12.70 > 5.0; containment 0.08 < 0.5	-	single enzyme: no cross-enzyme consistency check available
SF010.BcgI	GCF_000364865.1	s__Pauljensenia_cardiffensis	1.928939111	0.5017361111	0.01986008376	0.01312741313	1.516252693	0.6005102075	NA	1281	0.6732703766	0.6761748168	-0.7247680807	1.925788496	1	1	1	BcgI	NA	fixed	910829.6	glm	12	False	fraction 0.02 < 0.75; containment 0.01 < 0.5	-	single enzyme: no cross-enzyme consistency check available
SF010.BcgI	GCF_000368705.1	s__Acinetobacter_soli	NA	NA	NA	0	NA	NA	NA	0	NA	NA	NA	NA	0	1	0	-	NA	fixed	NA	none	0	False	containment 0.00 < 0.5; only 0/1 enzymes produced a fit; no PTR estimate	BcgI:only 0 windows after outlier trimming	no enzyme produced a usable estimate
SF010.BcgI	GCF_000368745.1	s__Acinetobacter_junii	NA	NA	NA	0	NA	NA	NA	0	NA	NA	NA	NA	0	1	0	-	NA	fixed	NA	none	0	False	containment 0.00 < 0.5; only 0/1 enzymes produced a fit; no PTR estimate	BcgI:only 0 windows after outlier trimming	no enzyme produced a usable estimate
SF010.BcgI	GCF_000373045.1	s__Leptotrichia_shahii	27.70357367	26.04128528	0.2026203664	0.1420118343	1.618903806	0.6950172645	NA	137	0.6996361125	3.160858771	-5.500152086	6.890186615	1	1	1	BcgI	NA	fixed	1719522.188	glm	8	False	fraction 0.20 < 0.75; dispersion 26.04 > 5.0; containment 0.14 < 0.5	-	single enzyme: no cross-enzyme consistency check available
SF010.BcgI	GCF_000381265.1	s__Curvibacter_lanceolatus	NA	NA	NA	0.000158755358	NA	NA	NA	0	NA	NA	NA	NA	0	1	0	-	NA	fixed	NA	none	0	False	containment 0.00 < 0.5; only 0/1 enzymes produced a fit; no PTR estimate	BcgI:only 0 windows after outlier trimming	no enzyme produced a usable estimate
SF010.BcgI	GCF_000394615.1	s__Enterococcus_A_gilvus	NA	NA	NA	0	NA	NA	NA	0	NA	NA	NA	NA	0	1	0	-	NA	fixed	NA	none	0	False	containment 0.00 < 0.5; only 0/1 enzymes produced a fit; no PTR estimate	BcgI:only 0 windows after outlier trimming	no enzyme produced a usable estimate
SF010.BcgI	GCF_000411555.1	s__Lancefieldella_sp000411555	35.92851666	34.9254102	0.04619565217	0.01448040886	34.3284801	5.101334078	NA	368	0.9974111574	2.30883722	0.5760962809	9.626571875	1	1	1	BcgI	NA	fixed	699812.0144	glm	8	False	fraction 0.05 < 0.75; dispersion 34.93 > 5.0; containment 0.01 < 0.5	-	single enzyme: no cross-enzyme consistency check available
SF010.BcgI	GCF_000412995.1	s__Treponema_vincentii	2.519081213	1.730905696	0.03510472237	0.03052995392	1.832962894	0.8741775806	NA	1315	0.8354430479	0.4847177964	-0.07585184294	1.824207004	1	1	1	BcgI	NA	fixed	1848920.183	glm	19	False	fraction 0.04 < 0.75; containment 0.03 < 0.5	-	single enzyme: no cross-enzyme consistency check available
SF010.BcgI	GCF_000413035.1	s__Treponema_medium	NA	NA	NA	0.005245901639	NA	NA	NA	0	NA	NA	NA	NA	0	1	0	-	NA	fixed	NA	none	0	False	containment 0.01 < 0.5; only 0/1 enzymes produced a fit; no PTR estimate	BcgI:only 2 windows after outlier trimming	no enzyme produced a usable estimate
SF010.BcgI	GCF_000413055.1	s__Treponema_C_maltophilum	2.203399615	0.9633333333	0.02154761905	0.0140077821	1.480777136	0.5663545244	NA	1170	0.6676325267	0.5890233245	-0.5881099777	1.720819027	1	1	1	BcgI	NA	fixed	852605.0144	glm	12	False	fraction 0.02 < 0.75; containment 0.01 < 0.5	-	single enzyme: no cross-enzyme consistency check available
SF010.BcgI	GCF_000417695.2	s__Chlamydophila_ibidis	NA	NA	NA	0.00289017341	NA	NA	NA	0	NA	NA	NA	NA	0	1	0	-	NA	fixed	NA	none	0	False	containment 0.00 < 0.5; only 0/1 enzymes produced a fit; no PTR estimate	BcgI:only 1 windows after outlier trimming	no enzyme produced a usable estimate
SF010.BcgI	GCF_000425005.1	s__Bulleidia_moorei	5.435977656	4.167069549	0.4399231602	0.2289915966	3.155523455	1.657879347	NA	272	0.9925365465	0.5092049129	0.6598560572	2.655902637	1	1	1	BcgI	NA	fixed	471631.9444	glm	50	False	fraction 0.44 < 0.75; containment 0.23 < 0.5	-	single enzyme: no cross-enzyme consistency check available
SF010.BcgI	GCF_000426585.1	s__Prevotella_baroniae	NA	NA	NA	0.003093239063	NA	NA	NA	0	NA	NA	NA	NA	0	1	0	-	NA	fixed	NA	none	0	False	containment 0.00 < 0.5; only 0/1 enzymes produced a fit; no PTR estimate	BcgI:only 2 windows after outlier trimming	no enzyme produced a usable estimate
SF010.BcgI	GCF_000426665.1	s__Centipeda_artemidis	3.245796658	1.108369408	0.03208477286	0.01186440678	4.805284474	2.264621841	NA	1278	0.9512653372	0.9931201437	0.3181421274	4.211101555	1	1	1	BcgI	NA	fixed	1647497.035	glm	15	False	fraction 0.03 < 0.75; containment 0.01 < 0.5	-	single enzyme: no cross-enzyme consistency check available
SF010.BcgI	GCF_000428965.1	s__Leptotrichia_hofstadii	5.118814904	3.100734934	0.1908415964	0.1135135135	9.995448383	3.321271286	NA	176	0.988653056	1.078763666	1.206933352	5.435609219	1	1	1	BcgI	NA	fixed	1114497.009	glm	10	False	fraction 0.19 < 0.75; containment 0.11 < 0.5	-	single enzyme: no cross-enzyme consistency check available
SF010.BcgI	GCF_000429225.1	s__Actinomyces_dentalis	14.79748173	31.16183333	0.3569094884	0.3321280992	3.991362628	1.996881358	NA	1568	0.9979027185	0.6415550263	0.7394566126	3.254306104	1	1	1	BcgI	NA	fixed	1394015.08	glm	64	False	fraction 0.36 < 0.75; dispersion 31.16 > 5.0; containment 0.33 < 0.5	-	single enzyme: no cross-enzyme consistency check available
SF010.BcgI	GCF_000429245.1	s__Pauljensenia_georgiae	2.536116708	0.5089285714	0.01990550451	0.01082381239	3.637838459	1.863081481	NA	686	0.8493597852	0.5326922241	0.8190239064	2.907139055	1	1	1	BcgI	NA	fixed	56835.84083	glm	10	False	fraction 0.02 < 0.75; containment 0.01 < 0.5	-	single enzyme: no cross-enzyme consistency check available
SF010.BcgI	GCF_000429265.1	s__Actinomyces_gerencseriae	2.820931983	0.7017094017	0.01871452267	0.01046153846	2.449831598	1.292682582	NA	1446	0.7926482345	0.8339911931	-0.3419101202	2.927275283	1	1	1	BcgI	NA	fixed	705552.0389	glm	15	False	fraction 0.02 < 0.75; containment 0.01 < 0.5	-	single enzyme: no cross-enzyme consistency check available
SF010.BcgI	GCF_000430045.1	s__Calidithermus_chliarophilus	NA	NA	NA	0	NA	NA	NA	0	NA	NA	NA	NA	0	1	0	-	NA	fixed	NA	none	0	False	containment 0.00 < 0.5; only 0/1 enzymes produced a fit; no PTR estimate	BcgI:only 0 windows after outlier trimming	no enzyme produced a usable estimate
SF010.BcgI	GCF_000442155.1	s__Streptococcus_oralis_F	99.49959858	112.0460042	0.2756025641	0.1609195402	36.67902413	5.19688335	NA	78	0.9996295155	1.058126499	3.122993521	7.27077318	1	1	1	BcgI	NA	fixed	1658969.895	glm	5	False	fraction 0.28 < 0.75; dispersion 112.05 > 5.0; containment 0.16 < 0.5	-	single enzyme: no cross-enzyme consistency check available
SF010.BcgI	GCF_000448565.1	s__Streptococcus_sp000448565	NA	NA	NA	0.05882352941	NA	NA	NA	0	NA	NA	NA	NA	0	1	0	-	NA	fixed	NA	none	0	False	containment 0.06 < 0.5; only 0/1 enzymes produced a fit; no PTR estimate	BcgI:only 4 windows after outlier trimming	no enzyme produced a usable estimate
SF010.BcgI	GCF_000455385.1	s__Pseudomonas_F_alcaligenes_A	NA	NA	NA	0.0001449065353	NA	NA	NA	0	NA	NA	NA	NA	0	1	0	-	NA	fixed	NA	none	0	False	containment 0.00 < 0.5; only 0/1 enzymes produced a fit; no PTR estimate	BcgI:only 1 windows after outlier trimming	no enzyme produced a usable estimate
SF010.BcgI	GCF_000464455.1	s__Treponema_D_socranskii	3.147758254	2.095238095	0.02363673876	0.009976976209	1.919832419	0.9409803846	NA	968	0.7053813473	0.8753360285	-0.7746467057	2.656607475	1	1	1	BcgI	NA	fixed	1610776.892	glm	13	False	fraction 0.02 < 0.75; containment 0.01 < 0.5	-	single enzyme: no cross-enzyme consistency check available
SF010.BcgI	GCF_000464495.1	s__Cutibacterium_granulosum	NA	NA	NA	0.0003727171077	NA	NA	NA	0	NA	NA	NA	NA	0	1	0	-	NA	fixed	NA	none	0	False	containment 0.00 < 0.5; only 0/1 enzymes produced a fit; no PTR estimate	BcgI:only 1 windows after outlier trimming	no enzyme produced a usable estimate
SF010.BcgI	GCF_000466165.1	s__Peptidiphaga_sp000466165	1.59362426	1	0.03974309441	0.005253940455	2.070588068	1.050040566	NA	399	0.6568855057	0.6011529934	-0.1281976505	2.228278782	1	1	1	BcgI	NA	fixed	1125963.472	glm	7	False	fraction 0.04 < 0.75; containment 0.01 < 0.5	-	single enzyme: no cross-enzyme consistency check available
SF010.BcgI	GCF_000466335.1	s__Aggregatibacter_sp000466335	12.51047939	15.27812184	0.1906827335	0.1695364238	1.301173054	0.3798128514	NA	718	0.9334592657	0.7409148555	-1.072353581	1.831979284	1	1	1	BcgI	NA	fixed	974630.8108	glm	32	False	fraction 0.19 < 0.75; dispersion 15.28 > 5.0; containment 0.17 < 0.5	-	single enzyme: no cross-enzyme consistency check available
SF010.BcgI	GCF_000466425.1	s__Capnocytophaga_sp000466425	14.1570039	15.6372549	0.1130168034	0.04305555556	2.819054233	1.495211233	NA	439	0.9797720071	1.303157837	-1.058931194	4.049353659	1	1	1	BcgI	NA	fixed	198662.1267	glm	21	False	fraction 0.11 < 0.75; dispersion 15.64 > 5.0; containment 0.04 < 0.5	-	single enzyme: no cross-enzyme consistency check available
SF010.BcgI	GCF_000466685.1	s__Campylobacter_A_concisus_A	NA	NA	NA	0.02608695652	NA	NA	NA	0	NA	NA	NA	NA	0	1	0	-	NA	fixed	NA	none	0	False	containment 0.03 < 0.5; only 0/1 enzymes produced a fit; no PTR estimate	BcgI:only 4 windows after outlier trimming	no enzyme produced a usable estimate
SF010.BcgI	GCF_000467855.2	s__Porphyromonas_sp000467855	30.6318036	139.7853246	0.4477925282	0.4124021674	2.25084651	1.17046768	NA	1548	0.9997725705	0.6532470241	-0.1098729606	2.45080832	1	1	1	BcgI	NA	fixed	364132.9436	glm	34	False	fraction 0.45 < 0.75; dispersion 139.79 > 5.0; containment 0.41 < 0.5	-	single enzyme: no cross-enzyme consistency check available
SF010.BcgI	GCF_000467875.1	s__Prevotella_disiens	NA	NA	NA	0.002737226277	NA	NA	NA	0	NA	NA	NA	NA	0	1	0	-	NA	fixed	NA	none	0	False	containment 0.00 < 0.5; only 0/1 enzymes produced a fit; no PTR estimate	BcgI:only 2 windows after outlier trimming	no enzyme produced a usable estimate
SF010.BcgI	GCF_000467895.1	s__Prevotella_sp000467895	26.63922945	51.55768007	0.2153044078	0.05956907478	3.972971903	1.990218591	NA	375	0.9997373844	1.426338417	-0.8053533355	4.785790517	1	1	1	BcgI	NA	fixed	2095433.928	glm	20	False	fraction 0.22 < 0.75; dispersion 51.56 > 5.0; containment 0.06 < 0.5	-	single enzyme: no cross-enzyme consistency check available
SF010.BcgI	GCF_000468035.1	s__Centipeda_sp000468035	4.616919548	7.667182127	0.2047760352	0.1893772894	1.396947352	0.4822776492	NA	2385	0.9728976652	0.5158040642	-0.5286797397	1.493235038	1	1	1	BcgI	NA	fixed	1688482.783	glm	31	False	fraction 0.20 < 0.75; dispersion 7.67 > 5.0; containment 0.19 < 0.5	-	single enzyme: no cross-enzyme consistency check available
SF010.BcgI	GCF_000468055.1	s__Treponema_C_lecithinolyticum	NA	NA	NA	0.003608247423	NA	NA	NA	0	NA	NA	NA	NA	0	1	0	-	NA	fixed	NA	none	0	False	containment 0.00 < 0.5; only 0/1 enzymes produced a fit; no PTR estimate	BcgI:only 2 windows after outlier trimming	no enzyme produced a usable estimate
SF010.BcgI	GCF_000468755.1	s__Olsenella_profusa	5.300818717	9.482701391	0.2089367603	0.1979591837	3.322008424	1.732055732	NA	2481	0.9993289536	0.7464352533	0.2690695182	3.195041945	1	1	1	BcgI	NA	fixed	2064273.167	glm	38	False	fraction 0.21 < 0.75; dispersion 9.48 > 5.0; containment 0.20 < 0.5	-	single enzyme: no cross-enzyme consistency check available
SF010.BcgI	GCF_000469385.1	s__Leptotrichia_sp000469385	2.978167162	1.885714286	0.2946428571	0.07042253521	2.065432818	1.046444134	NA	33	0.6580827816	1.365955181	-1.630778826	3.723667094	1	1	1	BcgI	NA	fixed	1663542.091	glm	6	False	fraction 0.29 < 0.75; containment 0.07 < 0.5	-	single enzyme: no cross-enzyme consistency check available
SF010.BcgI	GCF_000469405.1	s__Leptotrichia_wadei	22.50337077	32.61590904	0.4750695971	0.2614379085	10.64443952	3.412028081	NA	124	0.9999277476	1.372701549	0.7215824842	6.102473678	1	1	1	BcgI	NA	fixed	1686897.792	glm	25	False	fraction 0.48 < 0.75; dispersion 32.62 > 5.0; containment 0.26 < 0.5	-	single enzyme: no cross-enzyme consistency check available
SF010.BcgI	GCF_000469505.1	s__Leptotrichia_A_sp000469505	25.0962385	43.66077297	0.4723015873	0.3785714286	15.43974054	3.948576603	NA	121	0.9994922651	1.47330441	1.060953023	6.836200184	1	1	1	BcgI	NA	fixed	239862.5733	glm	15	False	fraction 0.47 < 0.75; dispersion 43.66 > 5.0; containment 0.38 < 0.5	-	single enzyme: no cross-enzyme consistency check available
SF010.BcgI	GCF_000469525.1	s__Leptotrichia_massiliensis	7.732908273	13.5	0.5916666667	0.1548387097	2.015478075	1.011122089	NA	35	0.8447606238	0.9480396931	-0.8470015656	2.869245743	1	1	1	BcgI	NA	fixed	282937.17	glm	14	False	fraction 0.59 < 0.75; dispersion 13.50 > 5.0; containment 0.15 < 0.5	-	single enzyme: no cross-enzyme consistency check available
SF010.BcgI	GCF_000469545.1	s__Mitsuokella_sp000469545	1.953367274	0.650974026	0.01963372064	0.01437483049	1.900482845	0.9263660026	NA	2204	0.7846441981	0.4308412619	0.08193264617	1.770799359	1	1	1	BcgI	NA	fixed	423358.8378	glm	22	False	fraction 0.02 < 0.75; containment 0.01 < 0.5	-	single enzyme: no cross-enzyme consistency check available
SF010.BcgI	GCF_000477375.1	s__Kingella_kingae	NA	NA	NA	0	NA	NA	NA	0	NA	NA	NA	NA	0	1	0	-	NA	fixed	NA	none	0	False	containment 0.00 < 0.5; only 0/1 enzymes produced a fit; no PTR estimate	BcgI:only 0 windows after outlier trimming	no enzyme produced a usable estimate
SF010.BcgI	GCF_000479205.1	s__Fusobacterium_vincentii	NA	NA	NA	0.04347826087	NA	NA	NA	0	NA	NA	NA	NA	0	1	0	-	NA	fixed	NA	none	0	False	containment 0.04 < 0.5; only 0/1 enzymes produced a fit; no PTR estimate	BcgI:only 1 windows after outlier trimming	no enzyme produced a usable estimate
SF010.BcgI	GCF_000482505.1	s__Leptotrichia_trevisanii	8.546751225	15.07407407	0.247600674	0.08786610879	53.44013862	5.739851845	NA	136	0.9995582515	1.531266413	2.738624824	8.741078866	1	1	1	BcgI	NA	fixed	186764.2778	glm	14	False	fraction 0.25 < 0.75; dispersion 15.07 > 5.0; containment 0.09 < 0.5	-	single enzyme: no cross-enzyme consistency check available
SF010.BcgI	GCF_000485555.1	s__Metamycoplasma_salivarium	NA	NA	NA	0.02816901408	NA	NA	NA	0	NA	NA	NA	NA	0	1	0	-	NA	fixed	NA	none	0	False	containment 0.03 < 0.5; only 0/1 enzymes produced a fit; no PTR estimate	BcgI:only 1 windows after outlier trimming	no enzyme produced a usable estimate
SF010.BcgI	GCF_000488855.1	s__Eubacterium_M_brachy	NA	NA	NA	0.01035196687	NA	NA	NA	0	NA	NA	NA	NA	0	1	0	-	NA	fixed	NA	none	0	False	containment 0.01 < 0.5; only 0/1 enzymes produced a fit; no PTR estimate	BcgI:only 3 windows after outlier trimming	no enzyme produced a usable estimate
SF010.BcgI	GCF_000496715.1	s__Cupriavidus_metallidurans	NA	NA	NA	0	NA	NA	NA	0	NA	NA	NA	NA	0	1	0	-	NA	fixed	NA	none	0	False	containment 0.00 < 0.5; only 0/1 enzymes produced a fit; no PTR estimate	BcgI:only 0 windows after outlier trimming	no enzyme produced a usable estimate
SF010.BcgI	GCF_000510425.1	s__Eubacterium_A_nodatum	NA	NA	NA	0.007246376812	NA	NA	NA	0	NA	NA	NA	NA	0	1	0	-	NA	fixed	NA	none	0	False	containment 0.01 < 0.5; only 0/1 enzymes produced a fit; no PTR estimate	BcgI:only 2 windows after outlier trimming	no enzyme produced a usable estimate
SF010.BcgI	GCF_000512995.1	s__Lachnoanaerobaculum_sp000296385	18.27616347	18.25192791	0.3051490176	0.2006688963	9.824636822	3.296404078	NA	238	0.9999950301	1.511457071	0.3340026552	6.2588055	1	1	1	BcgI	NA	fixed	317722.8944	glm	26	False	fraction 0.31 < 0.75; dispersion 18.25 > 5.0; containment 0.20 < 0.5	-	single enzyme: no cross-enzyme consistency check available
SF010.BcgI	GCF_000521305.1	s__Streptococcus_thermophilus	7.867144874	NA	0.04	0.02068965517	19.33776431	4.273349106	NA	125	0.960618862	0.8350913121	2.63660021	5.910098001	1	1	1	BcgI	NA	fixed	559861.2278	glm	5	False	fraction 0.04 < 0.75; containment 0.02 < 0.5	-	single enzyme: no cross-enzyme consistency check available
SF010.BcgI	GCF_000526055.1	s__Eubacterium_B_sulci	3.886242879	3.683726404	0.1540312198	0.140569395	1.381074898	0.465791561	NA	499	0.7649546225	0.7381705444	-0.9809961205	1.912579243	1	1	1	BcgI	NA	fixed	394526.3506	glm	23	False	fraction 0.15 < 0.75; containment 0.14 < 0.5	-	single enzyme: no cross-enzyme consistency check available
SF010.BcgI	GCF_000526095.1	s__Streptococcus_halitosis	27.26578393	62.79506588	0.3726190476	0.16	1.221630016	0.2888074148	NA	57	0.3125657054	2.403593663	-4.422149598	4.999764427	1	1	1	BcgI	NA	fixed	1112382.562	glm	10	False	fraction 0.37 < 0.75; dispersion 62.80 > 5.0; containment 0.16 < 0.5	-	single enzyme: no cross-enzyme consistency check available
SF010.BcgI	GCF_000565035.1	s__Pauljensenia_sp001072465	23.37409851	35.31232183	0.118740517	0.04121306376	47.19456621	5.560548858	NA	679	0.9996236693	1.819222284	1.994938701	9.126159015	1	1	1	BcgI	NA	fixed	2116265.832	glm	24	False	fraction 0.12 < 0.75; dispersion 35.31 > 5.0; containment 0.04 < 0.5	-	single enzyme: no cross-enzyme consistency check available
SF010.BcgI	GCF_000577555.1	s__Corynebacterium_jeddahense	NA	NA	NA	0	NA	NA	NA	0	NA	NA	NA	NA	0	1	0	-	NA	fixed	NA	none	0	False	containment 0.00 < 0.5; only 0/1 enzymes produced a fit; no PTR estimate	BcgI:only 0 windows after outlier trimming	no enzyme produced a usable estimate
SF010.BcgI	GCF_000599605.1	s__Prevotella_sp000599605	5.660555638	4.937445057	0.2316535664	0.1507832898	2.139839086	1.097502311	NA	1398	0.9912030436	0.5887297558	-0.05638680647	2.251391429	1	1	1	BcgI	NA	fixed	2134724.306	glm	45	False	fraction 0.23 < 0.75; containment 0.15 < 0.5	-	single enzyme: no cross-enzyme consistency check available
SF010.BcgI	GCF_000607165.1	s__Ralstonia_pickettii_A	NA	NA	NA	0	NA	NA	NA	0	NA	NA	NA	NA	0	1	0	-	NA	fixed	NA	none	0	False	containment 0.00 < 0.5; only 0/1 enzymes produced a fit; no PTR estimate	BcgI:only 0 windows after outlier trimming	no enzyme produced a usable estimate
SF010.BcgI	GCF_000613445.1	s__Prevotella_shahii	3.54248303	NA	0.1802047672	0.004253308129	2.975333123	1.573051204	NA	275	0.6932292004	1.120494329	-0.6230773248	3.769179733	1	1	1	BcgI	NA	fixed	1001872.462	glm	7	False	fraction 0.18 < 0.75; containment 0.00 < 0.5	-	single enzyme: no cross-enzyme consistency check available
SF010.BcgI	GCF_000613485.1	s__Prevotella_loescheii	4.16094219	3.765064345	0.1560243455	0.1223427332	6.94288898	2.795536102	NA	1758	0.9990271638	0.5059581613	1.803876328	3.787195876	1	1	1	BcgI	NA	fixed	1791909.353	glm	32	False	fraction 0.16 < 0.75; containment 0.12 < 0.5	-	single enzyme: no cross-enzyme consistency check available
SF010.BcgI	GCF_000613625.1	s__Prevotella_marshii	2.664976534	1.603061802	0.1681237373	0.09383675736	4.112671218	2.040075742	NA	1414	0.9945649012	0.4164118151	1.223923582	2.856227902	1	1	1	BcgI	NA	fixed	1530660.56	glm	36	False	fraction 0.17 < 0.75; containment 0.09 < 0.5	-	single enzyme: no cross-enzyme consistency check available
SF010.BcgI	GCF_000613725.1	s__Prevotella_pleuritidis	NA	NA	NA	0.001965923984	NA	NA	NA	0	NA	NA	NA	NA	0	1	0	-	NA	fixed	NA	none	0	False	containment 0.00 < 0.5; only 0/1 enzymes produced a fit; no PTR estimate	BcgI:only 1 windows after outlier trimming	no enzyme produced a usable estimate
SF010.BcgI	GCF_000613785.1	s__Prevotella_oulorum	4.54306421	6.060215681	0.2500078981	0.1667602471	4.314317523	2.109132359	NA	1547	0.9953216837	0.5569125801	1.01760376	3.200660959	1	1	1	BcgI	NA	fixed	1843557.58	glm	71	False	fraction 0.25 < 0.75; dispersion 6.06 > 5.0; containment 0.17 < 0.5	-	single enzyme: no cross-enzyme consistency check available
SF010.BcgI	GCF_000613925.1	s__Prevotella_histicola	4.663670724	6.318911122	0.2625690624	0.1230769231	4.527277303	2.178643677	NA	687	0.9979477105	0.8246196465	0.5624188684	3.794868485	1	1	1	BcgI	NA	fixed	1711876.38	glm	31	False	fraction 0.26 < 0.75; dispersion 6.32 > 5.0; containment 0.12 < 0.5	-	single enzyme: no cross-enzyme consistency check available
SF010.BcgI	GCF_000613945.1	s__Prevotella_falsenii	5.733974876	0.2444444444	0.04312757793	0.008695652174	6.38481856	2.674645623	NA	627	0.9680256172	0.8416852684	1.024972811	4.324318435	1	1	1	BcgI	NA	fixed	436684.6272	glm	13	False	fraction 0.04 < 0.75; containment 0.01 < 0.5	-	single enzyme: no cross-enzyme consistency check available
SF010.BcgI	GCF_000613965.1	s__Prevotella_maculosa	4.28709808	5.573258719	0.2151565509	0.1747863248	8.130828129	3.023402299	NA	1959	0.9994923238	0.6566467327	1.736398352	4.310406246	1	1	1	BcgI	NA	fixed	2281614.321	glm	56	False	fraction 0.22 < 0.75; dispersion 5.57 > 5.0; containment 0.17 < 0.5	-	single enzyme: no cross-enzyme consistency check available
SF010.BcgI	GCF_000613985.1	s__Prevotella_nanceiensis	2.098187229	0.9587301587	0.04581679894	0.02568981922	1.286088592	0.3629900255	NA	520	0.647244405	0.6368619933	-0.8852365444	1.611216595	1	1	1	BcgI	NA	fixed	1597789.483	glm	14	False	fraction 0.05 < 0.75; containment 0.03 < 0.5	-	single enzyme: no cross-enzyme consistency check available
SF010.BcgI	GCF_000614025.1	s__Prevotella_aurantiaca	10.49738668	6.705965909	0.08471861959	0.01075268817	8.486481666	3.085166564	NA	275	0.9880155052	1.544243171	0.05850556563	6.111827562	1	1	1	BcgI	NA	fixed	1828347.78	glm	9	False	fraction 0.08 < 0.75; dispersion 6.71 > 5.0; containment 0.01 < 0.5	-	single enzyme: no cross-enzyme consistency check available
SF010.BcgI	GCF_000614205.1	s__Prevotella_saccharolytica	4.271704153	3.397154635	0.1730020504	0.1508215962	3.226505578	1.68997252	NA	1444	0.9974775768	0.5481128579	0.6156910586	2.764253981	1	1	1	BcgI	NA	fixed	1670867.481	glm	37	False	fraction 0.17 < 0.75; containment 0.15 < 0.5	-	single enzyme: no cross-enzyme consistency check available
SF010.BcgI	GCF_000614245.1	s__Prevotella_fusca	9.936164262	8.41780303	0.185059688	0.01719690456	2.809291498	1.490206329	NA	323	0.8178895836	1.563922982	-1.57502639	4.555439048	1	1	1	BcgI	NA	fixed	2572929.644	glm	12	False	fraction 0.19 < 0.75; dispersion 8.42 > 5.0; containment 0.02 < 0.5	-	single enzyme: no cross-enzyme consistency check available
SF010.BcgI	GCF_000620465.1	s__Ralstonia_sp000620465	NA	NA	NA	0	NA	NA	NA	0	NA	NA	NA	NA	0	1	0	-	NA	fixed	NA	none	0	False	containment 0.00 < 0.5; only 0/1 enzymes produced a fit; no PTR estimate	BcgI:only 0 windows after outlier trimming	no enzyme produced a usable estimate
SF010.BcgI	GCF_000633415.1	s__Leucobacter_sp000633415	NA	NA	NA	0	NA	NA	NA	0	NA	NA	NA	NA	0	1	0	-	NA	fixed	NA	none	0	False	containment 0.00 < 0.5; only 0/1 enzymes produced a fit; no PTR estimate	BcgI:only 0 windows after outlier trimming	no enzyme produced a usable estimate
SF010.BcgI	GCF_000699745.1	s__Parabacteroides_distasonis	NA	NA	NA	0	NA	NA	NA	0	NA	NA	NA	NA	0	1	0	-	NA	fixed	NA	none	0	False	containment 0.00 < 0.5; only 0/1 enzymes produced a fit; no PTR estimate	BcgI:only 0 windows after outlier trimming	no enzyme produced a usable estimate
SF010.BcgI	GCF_000711965.1	s__Actinomyces_israelii	3.308946318	3.162456423	0.08213538361	0.04238485448	2.573584926	1.363779391	NA	2747	0.987431127	0.6620509538	0.06618336534	2.661375416	1	1	1	BcgI	NA	fixed	1596895.007	glm	45	False	fraction 0.08 < 0.75; containment 0.04 < 0.5	-	single enzyme: no cross-enzyme consistency check available
SF010.BcgI	GCF_000722685.1	s__Streptococcus_mitis_M	NA	NA	NA	0.02197802198	NA	NA	NA	0	NA	NA	NA	NA	0	1	0	-	NA	fixed	NA	none	0	False	containment 0.02 < 0.5; only 0/1 enzymes produced a fit; no PTR estimate	BcgI:only 2 windows after outlier trimming	no enzyme produced a usable estimate
SF010.BcgI	GCF_000722705.1	s__Streptococcus_mitis_P	NA	NA	NA	0.008403361345	NA	NA	NA	0	NA	NA	NA	NA	0	1	0	-	NA	fixed	NA	none	0	False	containment 0.01 < 0.5; only 0/1 enzymes produced a fit; no PTR estimate	BcgI:only 0 windows after outlier trimming	no enzyme produced a usable estimate
SF010.BcgI	GCF_000722755.1	s__Streptococcus_mitis_BE	NA	NA	NA	0.01086956522	NA	NA	NA	0	NA	NA	NA	NA	0	1	0	-	NA	fixed	NA	none	0	False	containment 0.01 < 0.5; only 0/1 enzymes produced a fit; no PTR estimate	BcgI:only 1 windows after outlier trimming	no enzyme produced a usable estimate
SF010.BcgI	GCF_000722775.1	s__Streptococcus_mitis_AV	NA	NA	NA	0	NA	NA	NA	0	NA	NA	NA	NA	0	1	0	-	NA	fixed	NA	none	0	False	containment 0.00 < 0.5; only 0/1 enzymes produced a fit; no PTR estimate	BcgI:only 0 windows after outlier trimming	no enzyme produced a usable estimate
SF010.BcgI	GCF_000722815.1	s__Streptococcus_chosunense	NA	NA	NA	0.05882352941	NA	NA	NA	0	NA	NA	NA	NA	0	1	0	-	NA	fixed	NA	none	0	False	containment 0.06 < 0.5; only 0/1 enzymes produced a fit; no PTR estimate	BcgI:only 4 windows after outlier trimming	no enzyme produced a usable estimate
SF010.BcgI	GCF_000722835.1	s__Streptococcus_mitis	NA	NA	NA	0.02816901408	NA	NA	NA	0	NA	NA	NA	NA	0	1	0	-	NA	fixed	NA	none	0	False	containment 0.03 < 0.5; only 0/1 enzymes produced a fit; no PTR estimate	BcgI:only 2 windows after outlier trimming	no enzyme produced a usable estimate
SF010.BcgI	GCF_000722845.1	s__Streptococcus_oralis_BC	NA	NA	NA	0.12	NA	NA	NA	0	NA	NA	NA	NA	0	1	0	-	NA	fixed	NA	none	0	False	containment 0.12 < 0.5; only 0/1 enzymes produced a fit; no PTR estimate	BcgI:only 4 windows after outlier trimming	no enzyme produced a usable estimate
SF010.BcgI	GCF_000740795.1	s__Haematobacter_massiliensis	NA	NA	NA	0	NA	NA	NA	0	NA	NA	NA	NA	0	1	0	-	NA	fixed	NA	none	0	False	containment 0.00 < 0.5; only 0/1 enzymes produced a fit; no PTR estimate	BcgI:only 0 windows after outlier trimming	no enzyme produced a usable estimate
SF010.BcgI	GCF_000745955.1	s__Alysiella_crassa	NA	NA	NA	0	NA	NA	NA	0	NA	NA	NA	NA	0	1	0	-	NA	fixed	NA	none	0	False	containment 0.00 < 0.5; only 0/1 enzymes produced a fit; no PTR estimate	BcgI:only 0 windows after outlier trimming	no enzyme produced a usable estimate
SF010.BcgI	GCF_000751855.1	s__Kingella_negevensis	NA	NA	NA	0	NA	NA	NA	0	NA	NA	NA	NA	0	1	0	-	NA	fixed	NA	none	0	False	containment 0.00 < 0.5; only 0/1 enzymes produced a fit; no PTR estimate	BcgI:only 0 windows after outlier trimming	no enzyme produced a usable estimate
SF010.BcgI	GCF_000758755.1	s__Pauljensenia_sp000758755	2.903791249	1.597855175	0.05862547607	0.03926282051	3.872819901	1.953384413	NA	699	0.9547768504	0.474438487	1.023502065	2.88326676	1	1	1	BcgI	NA	fixed	56963.81111	glm	14	False	fraction 0.06 < 0.75; containment 0.04 < 0.5	-	single enzyme: no cross-enzyme consistency check available
SF010.BcgI	GCF_000758925.1	s__Prevotella_sp000758925	NA	NA	NA	0.004132231405	NA	NA	NA	0	NA	NA	NA	NA	0	1	0	-	NA	fixed	NA	none	0	False	containment 0.00 < 0.5; only 0/1 enzymes produced a fit; no PTR estimate	BcgI:only 2 windows after outlier trimming	no enzyme produced a usable estimate
SF010.BcgI	GCF_000758945.1	s__Lancefieldella_sp000564995	9.527482508	12.74310995	0.2425902341	0.1203125	6.47534404	2.694956846	NA	487	0.9985692573	1.347236193	0.0544224286	5.335491264	1	1	1	BcgI	NA	fixed	169619.8522	glm	27	False	fraction 0.24 < 0.75; dispersion 12.74 > 5.0; containment 0.12 < 0.5	-	single enzyme: no cross-enzyme consistency check available
SF010.BcgI	GCF_000759045.1	s__Prevotella_bivia	NA	NA	NA	0.008583690987	NA	NA	NA	0	NA	NA	NA	NA	0	1	0	-	NA	fixed	NA	none	0	False	containment 0.01 < 0.5; only 0/1 enzymes produced a fit; no PTR estimate	BcgI:only 3 windows after outlier trimming	no enzyme produced a usable estimate
SF010.BcgI	GCF_000759305.1	s__Prevotella_melaninogenica	39.28197419	38.86610825	0.6211436711	0.2649456522	2.535912585	1.342505015	NA	367	0.9999504172	0.8148635206	-0.2545981376	2.939608168	1	1	1	BcgI	NA	fixed	407373.9014	glm	117	False	fraction 0.62 < 0.75; dispersion 38.87 > 5.0; containment 0.26 < 0.5	-	single enzyme: no cross-enzyme consistency check available
SF010.BcgI	GCF_000759315.1	s__Prevotella_amnii	NA	NA	NA	0.007299270073	NA	NA	NA	0	NA	NA	NA	NA	0	1	0	-	NA	fixed	NA	none	0	False	containment 0.01 < 0.5; only 0/1 enzymes produced a fit; no PTR estimate	BcgI:only 3 windows after outlier trimming	no enzyme produced a usable estimate
SF010.BcgI	GCF_000762865.1	s__Prevotella_sp001553265	NA	NA	NA	0.001471670346	NA	NA	NA	0	NA	NA	NA	NA	0	1	0	-	NA	fixed	NA	none	0	False	containment 0.00 < 0.5; only 0/1 enzymes produced a fit; no PTR estimate	BcgI:only 1 windows after outlier trimming	no enzyme produced a usable estimate
SF010.BcgI	GCF_000763805.1	s__Paracoccus_sphaerophysae	NA	NA	NA	0.0002745744097	NA	NA	NA	0	NA	NA	NA	NA	0	1	0	-	NA	fixed	NA	none	0	False	containment 0.00 < 0.5; only 0/1 enzymes produced a fit; no PTR estimate	BcgI:only 0 windows after outlier trimming	no enzyme produced a usable estimate
SF010.BcgI	GCF_000768875.1	s__Porphyromonas_sp000768875	NA	NA	NA	0.0004570383912	NA	NA	NA	0	NA	NA	NA	NA	0	1	0	-	NA	fixed	NA	none	0	False	containment 0.00 < 0.5; only 0/1 enzymes produced a fit; no PTR estimate	BcgI:only 1 windows after outlier trimming	no enzyme produced a usable estimate
SF010.BcgI	GCF_000768935.1	s__Porphyromonas_sp000769075	NA	NA	NA	0	NA	NA	NA	0	NA	NA	NA	NA	0	1	0	-	NA	fixed	NA	none	0	False	containment 0.00 < 0.5; only 0/1 enzymes produced a fit; no PTR estimate	BcgI:only 0 windows after outlier trimming	no enzyme produced a usable estimate
SF010.BcgI	GCF_000769015.1	s__Porphyromonas_gulae	NA	NA	NA	0.001774098167	NA	NA	NA	0	NA	NA	NA	NA	0	1	0	-	NA	fixed	NA	none	0	False	containment 0.00 < 0.5; only 0/1 enzymes produced a fit; no PTR estimate	BcgI:only 1 windows after outlier trimming	no enzyme produced a usable estimate
SF010.BcgI	GCF_000771955.1	s__Gallibacterium_anatis	NA	NA	NA	0	NA	NA	NA	0	NA	NA	NA	NA	0	1	0	-	NA	fixed	NA	none	0	False	containment 0.00 < 0.5; only 0/1 enzymes produced a fit; no PTR estimate	BcgI:only 0 windows after outlier trimming	no enzyme produced a usable estimate
SF010.BcgI	GCF_000775995.1	s__Treponema_sp000775995	NA	NA	NA	0.005035971223	NA	NA	NA	0	NA	NA	NA	NA	0	1	0	-	NA	fixed	NA	none	0	False	containment 0.01 < 0.5; only 0/1 enzymes produced a fit; no PTR estimate	BcgI:only 3 windows after outlier trimming	no enzyme produced a usable estimate
SF010.BcgI	GCF_000790885.1	s__Pseudomonas_aeruginosa	NA	NA	NA	0	NA	NA	NA	0	NA	NA	NA	NA	0	1	0	-	NA	fixed	NA	none	0	False	containment 0.00 < 0.5; only 0/1 enzymes produced a fit; no PTR estimate	BcgI:only 0 windows after outlier trimming	no enzyme produced a usable estimate
SF010.BcgI	GCF_000799055.1	s__Ensifer_sp000799055	NA	NA	NA	0	NA	NA	NA	0	NA	NA	NA	NA	0	1	0	-	NA	fixed	NA	none	0	False	containment 0.00 < 0.5; only 0/1 enzymes produced a fit; no PTR estimate	BcgI:only 0 windows after outlier trimming	no enzyme produced a usable estimate
SF010.BcgI	GCF_000801955.1	s__Ralstonia_sp000801955	NA	NA	NA	0	NA	NA	NA	0	NA	NA	NA	NA	0	1	0	-	NA	fixed	NA	none	0	False	containment 0.00 < 0.5; only 0/1 enzymes produced a fit; no PTR estimate	BcgI:only 0 windows after outlier trimming	no enzyme produced a usable estimate
SF010.BcgI	GCF_000803625.1	s__TM7x_sp000803625	32.23133023	129.9324835	0.5777777778	0.5664335664	1.212475878	0.277956045	NA	225	0.9999999991	0.61899933	-0.9352603483	1.491172438	1	1	1	BcgI	NA	fixed	127498.7942	glm	9	False	fraction 0.58 < 0.75; dispersion 129.93 > 5.0	-	single enzyme: no cross-enzyme consistency check available
SF010.BcgI	GCF_000813705.1	s__Neisseria_cerebrosa	161.793059	1907.758318	0.398037518	0.07902735562	3.162431391e+98	327.2099875	NA	76	1	23543792.21	-46144657.57	46145311.99	1	1	1	BcgI	NA	fixed	635594.0778	glm	11	False	fraction 0.40 < 0.75; dispersion 1907.76 > 5.0; containment 0.08 < 0.5	-	single enzyme: no cross-enzyme consistency check available
SF010.BcgI	GCF_000814825.1	s__DNF00809_sp000814825	NA	NA	NA	0	NA	NA	NA	0	NA	NA	NA	NA	0	1	0	-	NA	fixed	NA	none	0	False	containment 0.00 < 0.5; only 0/1 enzymes produced a fit; no PTR estimate	BcgI:only 0 windows after outlier trimming	no enzyme produced a usable estimate
SF010.BcgI	GCF_000818035.1	s__Neisseria_elongata	11.69602258	149.2192353	0.3804788961	0.3806571606	1.619543571	0.6955872821	NA	1613	0.9997811023	0.5602243346	-0.4024322369	1.793606801	1	1	1	BcgI	NA	fixed	658110.8008	glm	25	False	fraction 0.38 < 0.75; dispersion 149.22 > 5.0; containment 0.38 < 0.5	-	single enzyme: no cross-enzyme consistency check available
SF010.BcgI	GCF_000820725.1	s__Pauljensenia_polynesiensis	NA	NA	NA	0.0003657644477	NA	NA	NA	0	NA	NA	NA	NA	0	1	0	-	NA	fixed	NA	none	0	False	containment 0.00 < 0.5; only 0/1 enzymes produced a fit; no PTR estimate	BcgI:only 0 windows after outlier trimming	no enzyme produced a usable estimate
SF010.BcgI	GCF_000827595.2	s__Necropsobacter_massiliensis	NA	NA	NA	0	NA	NA	NA	0	NA	NA	NA	NA	0	1	0	-	NA	fixed	NA	none	0	False	containment 0.00 < 0.5; only 0/1 enzymes produced a fit; no PTR estimate	BcgI:only 0 windows after outlier trimming	no enzyme produced a usable estimate
SF010.BcgI	GCF_000935585.1	s__Acidovorax_temperans	NA	NA	NA	0	NA	NA	NA	0	NA	NA	NA	NA	0	1	0	-	NA	fixed	NA	none	0	False	containment 0.00 < 0.5; only 0/1 enzymes produced a fit; no PTR estimate	BcgI:only 0 windows after outlier trimming	no enzyme produced a usable estimate
SF010.BcgI	GCF_000952155.1	s__Aliterella_atlantica	NA	NA	NA	0	NA	NA	NA	0	NA	NA	NA	NA	0	1	0	-	NA	fixed	NA	none	0	False	containment 0.00 < 0.5; only 0/1 enzymes produced a fit; no PTR estimate	BcgI:only 0 windows after outlier trimming	no enzyme produced a usable estimate
SF010.BcgI	GCF_000954135.1	s__Ralstonia_mannitolilytica	NA	NA	NA	0.000169865806	NA	NA	NA	0	NA	NA	NA	NA	0	1	0	-	NA	fixed	NA	none	0	False	containment 0.00 < 0.5; only 0/1 enzymes produced a fit; no PTR estimate	BcgI:only 0 windows after outlier trimming	no enzyme produced a usable estimate
SF010.BcgI	GCF_000959945.1	s__Streptococcus_oralis_B	NA	NA	NA	0.04854368932	NA	NA	NA	0	NA	NA	NA	NA	0	1	0	-	NA	fixed	NA	none	0	False	containment 0.05 < 0.5; only 0/1 enzymes produced a fit; no PTR estimate	BcgI:only 3 windows after outlier trimming	no enzyme produced a usable estimate
SF010.BcgI	GCF_000960085.1	s__Streptococcus_infantis_C	NA	NA	NA	0.02205882353	NA	NA	NA	0	NA	NA	NA	NA	0	1	0	-	NA	fixed	NA	none	0	False	containment 0.02 < 0.5; only 0/1 enzymes produced a fit; no PTR estimate	BcgI:only 3 windows after outlier trimming	no enzyme produced a usable estimate
SF010.BcgI	GCF_000963255.1	s__Streptococcus_infantis_F	NA	NA	NA	0	NA	NA	NA	0	NA	NA	NA	NA	0	1	0	-	NA	fixed	NA	none	0	False	containment 0.00 < 0.5; only 0/1 enzymes produced a fit; no PTR estimate	BcgI:only 0 windows after outlier trimming	no enzyme produced a usable estimate
SF010.BcgI	GCF_000963285.1	s__Streptococcus_parasanguinis	8.145242781	11.79100364	0.2036024716	0.1814814815	2.084134904	1.059448665	NA	247	0.9722582942	1.129909562	-1.155133383	3.274030712	1	1	1	BcgI	NA	fixed	1647282.132	glm	15	False	fraction 0.20 < 0.75; dispersion 11.79 > 5.0; containment 0.18 < 0.5	-	single enzyme: no cross-enzyme consistency check available
SF010.BcgI	GCF_000967735.1	s__Paracoccus_marcusii	NA	NA	NA	0	NA	NA	NA	0	NA	NA	NA	NA	0	1	0	-	NA	fixed	NA	none	0	False	containment 0.00 < 0.5; only 0/1 enzymes produced a fit; no PTR estimate	BcgI:only 0 windows after outlier trimming	no enzyme produced a usable estimate
SF010.BcgI	GCF_000971865.1	s__Corynebacterium_argentoratense	NA	NA	NA	0	NA	NA	NA	0	NA	NA	NA	NA	0	1	0	-	NA	fixed	NA	none	0	False	containment 0.00 < 0.5; only 0/1 enzymes produced a fit; no PTR estimate	BcgI:only 0 windows after outlier trimming	no enzyme produced a usable estimate
SF010.BcgI	GCF_000974605.1	s__Cupriavidus_pauculus	NA	NA	NA	0	NA	NA	NA	0	NA	NA	NA	NA	0	1	0	-	NA	fixed	NA	none	0	False	containment 0.00 < 0.5; only 0/1 enzymes produced a fit; no PTR estimate	BcgI:only 0 windows after outlier trimming	no enzyme produced a usable estimate
SF010.BcgI	GCF_000986865.1	s__Pararheinheimera_mesophila	NA	NA	NA	0	NA	NA	NA	0	NA	NA	NA	NA	0	1	0	-	NA	fixed	NA	none	0	False	containment 0.00 < 0.5; only 0/1 enzymes produced a fit; no PTR estimate	BcgI:only 0 windows after outlier trimming	no enzyme produced a usable estimate
SF010.BcgI	GCF_001014975.1	s__Novosphingobium_sp002336885	NA	NA	NA	0	NA	NA	NA	0	NA	NA	NA	NA	0	1	0	-	NA	fixed	NA	none	0	False	containment 0.00 < 0.5; only 0/1 enzymes produced a fit; no PTR estimate	BcgI:only 0 windows after outlier trimming	no enzyme produced a usable estimate
SF010.BcgI	GCF_001042695.1	s__Scardovia_inopinata	NA	NA	NA	0.0101744186	NA	NA	NA	0	NA	NA	NA	NA	0	1	0	-	NA	fixed	NA	none	0	False	containment 0.01 < 0.5; only 0/1 enzymes produced a fit; no PTR estimate	BcgI:only 0 windows after outlier trimming	no enzyme produced a usable estimate
SF010.BcgI	GCF_001053035.1	s__Haemophilus_D_parainfluenzae_J	NA	NA	NA	0.005730659026	NA	NA	NA	0	NA	NA	NA	NA	0	1	0	-	NA	fixed	NA	none	0	False	containment 0.01 < 0.5; only 0/1 enzymes produced a fit; no PTR estimate	BcgI:only 2 windows after outlier trimming	no enzyme produced a usable estimate
SF010.BcgI	GCF_001058575.1	s__Haemophilus_D_parainfluenzae_N	137.7411497	348.2119282	0.2267310789	0.05957446809	2.476193641	1.308124139	NA	127	0.9977834539	2.298728366	-3.197300667	5.813548946	1	1	1	BcgI	NA	fixed	539984.9456	glm	9	False	fraction 0.23 < 0.75; dispersion 348.21 > 5.0; containment 0.06 < 0.5	-	single enzyme: no cross-enzyme consistency check available
SF010.BcgI	GCF_001059215.1	s__Alloscardovia_omnicolens	NA	NA	NA	0	NA	NA	NA	0	NA	NA	NA	NA	0	1	0	-	NA	fixed	NA	none	0	False	containment 0.00 < 0.5; only 0/1 enzymes produced a fit; no PTR estimate	BcgI:only 0 windows after outlier trimming	no enzyme produced a usable estimate
SF010.BcgI	GCF_001059235.1	s__Pauljensenia_sp000411415	11.69178519	3.78030303	0.2547280727	0.01578024547	7.711601255	2.947030456	NA	402	0.9853411051	1.444888673	0.1151006958	5.778960216	1	1	1	BcgI	NA	fixed	460788.415	glm	14	False	fraction 0.25 < 0.75; containment 0.02 < 0.5	-	single enzyme: no cross-enzyme consistency check available
SF010.BcgI	GCF_001059565.1	s__Corynebacterium_aurimucosum_E	NA	NA	NA	0	NA	NA	NA	0	NA	NA	NA	NA	0	1	0	-	NA	fixed	NA	none	0	False	containment 0.00 < 0.5; only 0/1 enzymes produced a fit; no PTR estimate	BcgI:only 0 windows after outlier trimming	no enzyme produced a usable estimate
SF010.BcgI	GCF_001061215.1	s__Neisseria_sp000186165	23.80602492	14.11908201	0.1138831834	0.06278026906	3.147661436	1.654280372	NA	438	0.9995388464	1.217061895	-0.7311171092	4.039677853	1	1	1	BcgI	NA	fixed	1065313.502	glm	22	False	fraction 0.11 < 0.75; dispersion 14.12 > 5.0; containment 0.06 < 0.5	-	single enzyme: no cross-enzyme consistency check available
SF010.BcgI	GCF_001062425.1	s__Rothia_dentocariosa	11.81470803	20.65527386	0.3490491228	0.2844243792	2.213322138	1.146213443	NA	1551	0.9996757894	0.7958800884	-0.413682866	2.706109753	1	1	1	BcgI	NA	fixed	2020934.072	glm	57	False	fraction 0.35 < 0.75; dispersion 20.66 > 5.0; containment 0.28 < 0.5	-	single enzyme: no cross-enzyme consistency check available
SF010.BcgI	GCF_001063545.1	s__Rothia_sp001808955	10.13571031	15.32946259	0.104702926	0.07889344262	1.27352054	0.3488222286	NA	739	0.6967884364	1.40728463	-2.409404962	3.107049419	1	1	1	BcgI	NA	fixed	673628.4911	glm	25	False	fraction 0.10 < 0.75; dispersion 15.33 > 5.0; containment 0.08 < 0.5	-	single enzyme: no cross-enzyme consistency check available
SF010.BcgI	GCF_001063785.1	s__Cardiobacterium_hominis	5.971814701	7.042089354	0.2020889282	0.1403762663	3.039860741	1.604005234	NA	2106	0.9997523279	0.6865674327	0.2583577928	2.949652675	1	1	1	BcgI	NA	fixed	375120.1406	glm	78	False	fraction 0.20 < 0.75; dispersion 7.04 > 5.0; containment 0.14 < 0.5	-	single enzyme: no cross-enzyme consistency check available
SF010.BcgI	GCF_001064145.1	s__Pauljensenia_sp001064145	47.74468487	93.30551788	0.0683467392	0.02529302899	1.864743713	0.8989773623	NA	794	0.9959516225	1.642809744	-2.320870568	4.118825293	1	1	1	BcgI	NA	fixed	2061195.29	glm	19	False	fraction 0.07 < 0.75; dispersion 93.31 > 5.0; containment 0.03 < 0.5	-	single enzyme: no cross-enzyme consistency check available
SF010.BcgI	GCF_001064185.1	s__Pauljensenia_sp000185285	11.80455802	19.64939895	0.1697666517	0.1347022587	1.158457153	0.2122046858	NA	2196	0.8239565871	0.5621099509	-0.8895105734	1.313919945	1	1	1	BcgI	NA	fixed	415284.2367	glm	39	False	fraction 0.17 < 0.75; dispersion 19.65 > 5.0; containment 0.13 < 0.5	-	single enzyme: no cross-enzyme consistency check available
SF010.BcgI	GCF_001065135.1	s__Rothia_mucilaginosa_A	8.23644782	0.05882352941	0.03855163987	0.007784854919	2.35291898	1.234451644	NA	314	0.6897226516	1.842557814	-2.376895311	4.845798599	1	1	1	BcgI	NA	fixed	1878994.431	glm	7	False	fraction 0.04 < 0.75; containment 0.01 < 0.5	-	single enzyme: no cross-enzyme consistency check available
SF010.BcgI	GCF_001066565.1	s__Lacticaseibacillus_paracasei	NA	NA	NA	0.003590664273	NA	NA	NA	0	NA	NA	NA	NA	0	1	0	-	NA	fixed	NA	none	0	False	containment 0.00 < 0.5; only 0/1 enzymes produced a fit; no PTR estimate	BcgI:only 2 windows after outlier trimming	no enzyme produced a usable estimate
SF010.BcgI	GCF_001067635.1	s__Neisseria_bacilliformis	4.70593617	0.8714285714	0.1391578657	0.01946308725	1.278483832	0.354433916	NA	325	0.652094016	0.6098020202	-0.8407560813	1.549623913	1	1	1	BcgI	NA	fixed	503415.975	glm	14	False	fraction 0.14 < 0.75; containment 0.02 < 0.5	-	single enzyme: no cross-enzyme consistency check available
SF010.BcgI	GCF_001068775.1	s__Streptococcus_pseudopneumoniae_N	NA	NA	NA	0.01709401709	NA	NA	NA	0	NA	NA	NA	NA	0	1	0	-	NA	fixed	NA	none	0	False	containment 0.02 < 0.5; only 0/1 enzymes produced a fit; no PTR estimate	BcgI:only 1 windows after outlier trimming	no enzyme produced a usable estimate
SF010.BcgI	GCF_001069025.1	s__Streptococcus_vestibularis	4.831947639	NA	0.09464674841	0.03496503497	5.72968541	2.51845593	NA	90	0.8010177448	1.423694685	-0.2719343778	5.308846237	1	1	1	BcgI	NA	fixed	134318.875	glm	7	False	fraction 0.09 < 0.75; containment 0.03 < 0.5	-	single enzyme: no cross-enzyme consistency check available
SF010.BcgI	GCF_001069775.1	s__Streptococcus_cristatus	9.730650591	7.45	0.1973559254	0.06603773585	4.665619055	2.222068517	NA	96	0.9434251464	1.659273702	-1.030048179	5.474185213	1	1	1	BcgI	NA	fixed	1614047.005	glm	9	False	fraction 0.20 < 0.75; dispersion 7.45 > 5.0; containment 0.07 < 0.5	-	single enzyme: no cross-enzyme consistency check available
SF010.BcgI	GCF_001070115.1	s__Streptococcus_anginosus	6.694394746	9.840414664	0.2881822607	0.2516339869	1.413718689	0.4994950719	NA	293	0.7749584766	0.9755915938	-1.412629316	2.411619459	1	1	1	BcgI	NA	fixed	742435.2	glm	20	False	fraction 0.29 < 0.75; dispersion 9.84 > 5.0; containment 0.25 < 0.5	-	single enzyme: no cross-enzyme consistency check available
SF010.BcgI	GCF_001070405.1	s__Streptococcus_pseudopneumoniae_O	NA	NA	NA	0.03571428571	NA	NA	NA	0	NA	NA	NA	NA	0	1	0	-	NA	fixed	NA	none	0	False	containment 0.04 < 0.5; only 0/1 enzymes produced a fit; no PTR estimate	BcgI:only 0 windows after outlier trimming	no enzyme produced a usable estimate
SF010.BcgI	GCF_001070715.1	s__Streptococcus_pseudopneumoniae_H	NA	NA	NA	0	NA	NA	NA	0	NA	NA	NA	NA	0	1	0	-	NA	fixed	NA	none	0	False	containment 0.00 < 0.5; only 0/1 enzymes produced a fit; no PTR estimate	BcgI:only 0 windows after outlier trimming	no enzyme produced a usable estimate
SF010.BcgI	GCF_001070815.1	s__Streptococcus_pseudopneumoniae_P	NA	NA	NA	0.08	NA	NA	NA	0	NA	NA	NA	NA	0	1	0	-	NA	fixed	NA	none	0	False	containment 0.08 < 0.5; only 0/1 enzymes produced a fit; no PTR estimate	BcgI:only 4 windows after outlier trimming	no enzyme produced a usable estimate
SF010.BcgI	GCF_001070855.1	s__Pauljensenia_pyogenes_A	2.325718663	0.5476190476	0.04757084588	0.02714535902	2.449764902	1.292643304	NA	481	0.7370743334	0.7870457281	-0.2499379777	2.835224585	1	1	1	BcgI	NA	fixed	328761.3828	glm	11	False	fraction 0.05 < 0.75; containment 0.03 < 0.5	-	single enzyme: no cross-enzyme consistency check available
SF010.BcgI	GCF_001071995.1	s__Granulicatella_sp001071995	13.51917992	15.86055567	0.2059375543	0.104109589	8.834470623	3.143143689	NA	257	0.9981308837	1.123030704	0.9420439543	5.344243423	1	1	1	BcgI	NA	fixed	541535.26	glm	16	False	fraction 0.21 < 0.75; dispersion 15.86 > 5.0; containment 0.10 < 0.5	-	single enzyme: no cross-enzyme consistency check available
SF010.BcgI	GCF_001072375.1	s__Streptococcus_pseudopneumoniae_L	NA	NA	NA	0.009708737864	NA	NA	NA	0	NA	NA	NA	NA	0	1	0	-	NA	fixed	NA	none	0	False	containment 0.01 < 0.5; only 0/1 enzymes produced a fit; no PTR estimate	BcgI:only 1 windows after outlier trimming	no enzyme produced a usable estimate
SF010.BcgI	GCF_001072385.1	s__Streptococcus_sp004166885	NA	NA	NA	0.04329004329	NA	NA	NA	0	NA	NA	NA	NA	0	1	0	-	NA	fixed	NA	none	0	False	containment 0.04 < 0.5; only 0/1 enzymes produced a fit; no PTR estimate	BcgI:only 3 windows after outlier trimming	no enzyme produced a usable estimate
SF010.BcgI	GCF_001073155.1	s__Streptococcus_parasanguinis_D	NA	NA	NA	0.03636363636	NA	NA	NA	0	NA	NA	NA	NA	0	1	0	-	NA	fixed	NA	none	0	False	containment 0.04 < 0.5; only 0/1 enzymes produced a fit; no PTR estimate	BcgI:only 4 windows after outlier trimming	no enzyme produced a usable estimate
SF010.BcgI	GCF_001073445.1	s__Granulicatella_adiacens	34.83801943	74.84917824	0.4817240935	0.4317073171	2.657203426	1.409908679	NA	385	0.9990859785	0.9282747749	-0.4094764472	3.229293806	1	1	1	BcgI	NA	fixed	343290.8564	glm	27	False	fraction 0.48 < 0.75; dispersion 74.85 > 5.0; containment 0.43 < 0.5	-	single enzyme: no cross-enzyme consistency check available
SF010.BcgI	GCF_001074155.1	s__Streptococcus_pseudopneumoniae_A	NA	NA	NA	0.04081632653	NA	NA	NA	0	NA	NA	NA	NA	0	1	0	-	NA	fixed	NA	none	0	False	containment 0.04 < 0.5; only 0/1 enzymes produced a fit; no PTR estimate	BcgI:only 2 windows after outlier trimming	no enzyme produced a usable estimate
SF010.BcgI	GCF_001074505.1	s__Staphylococcus_epidermidis	NA	NA	NA	0	NA	NA	NA	0	NA	NA	NA	NA	0	1	0	-	NA	fixed	NA	none	0	False	containment 0.00 < 0.5; only 0/1 enzymes produced a fit; no PTR estimate	BcgI:only 0 windows after outlier trimming	no enzyme produced a usable estimate
SF010.BcgI	GCF_001074565.1	s__Streptococcus_pseudopneumoniae_J	105.5964423	330.4793877	0.4506410256	0.1724137931	2196.109337	11.10073417	NA	54	1	2.019571983	7.142445818	15.05902252	1	1	1	BcgI	NA	fixed	54530.73694	glm	13	False	fraction 0.45 < 0.75; dispersion 330.48 > 5.0; containment 0.17 < 0.5	-	single enzyme: no cross-enzyme consistency check available
SF010.BcgI	GCF_001074635.1	s__Streptococcus_mitis_E	NA	NA	NA	0.02083333333	NA	NA	NA	0	NA	NA	NA	NA	0	1	0	-	NA	fixed	NA	none	0	False	containment 0.02 < 0.5; only 0/1 enzymes produced a fit; no PTR estimate	BcgI:only 2 windows after outlier trimming	no enzyme produced a usable estimate
SF010.BcgI	GCF_001074805.1	s__Streptococcus_parasanguinis_A	NA	NA	NA	0.03773584906	NA	NA	NA	0	NA	NA	NA	NA	0	1	0	-	NA	fixed	NA	none	0	False	containment 0.04 < 0.5; only 0/1 enzymes produced a fit; no PTR estimate	BcgI:only 4 windows after outlier trimming	no enzyme produced a usable estimate
SF010.BcgI	GCF_001074975.1	s__Streptococcus_pseudopneumoniae_D	NA	NA	NA	0.007751937984	NA	NA	NA	0	NA	NA	NA	NA	0	1	0	-	NA	fixed	NA	none	0	False	containment 0.01 < 0.5; only 0/1 enzymes produced a fit; no PTR estimate	BcgI:only 0 windows after outlier trimming	no enzyme produced a usable estimate
SF010.BcgI	GCF_001075645.1	s__Gemella_sp002871655	NA	NA	NA	0.02197802198	NA	NA	NA	0	NA	NA	NA	NA	0	1	0	-	NA	fixed	NA	none	0	False	containment 0.02 < 0.5; only 0/1 enzymes produced a fit; no PTR estimate	BcgI:only 4 windows after outlier trimming	no enzyme produced a usable estimate
SF010.BcgI	GCF_001075675.1	s__Streptococcus_oralis_V	NA	NA	NA	0.078125	NA	NA	NA	0	NA	NA	NA	NA	0	1	0	-	NA	fixed	NA	none	0	False	containment 0.08 < 0.5; only 0/1 enzymes produced a fit; no PTR estimate	BcgI:only 4 windows after outlier trimming	no enzyme produced a usable estimate
SF010.BcgI	GCF_001075875.1	s__Streptococcus_oralis_I	NA	NA	NA	0.009259259259	NA	NA	NA	0	NA	NA	NA	NA	0	1	0	-	NA	fixed	NA	none	0	False	containment 0.01 < 0.5; only 0/1 enzymes produced a fit; no PTR estimate	BcgI:only 0 windows after outlier trimming	no enzyme produced a usable estimate
SF010.BcgI	GCF_001076615.1	s__Streptococcus_mitis_N	NA	NA	NA	0	NA	NA	NA	0	NA	NA	NA	NA	0	1	0	-	NA	fixed	NA	none	0	False	containment 0.00 < 0.5; only 0/1 enzymes produced a fit; no PTR estimate	BcgI:only 0 windows after outlier trimming	no enzyme produced a usable estimate
SF010.BcgI	GCF_001076775.1	s__Streptococcus_pseudopneumoniae_G	NA	NA	NA	0.04109589041	NA	NA	NA	0	NA	NA	NA	NA	0	1	0	-	NA	fixed	NA	none	0	False	containment 0.04 < 0.5; only 0/1 enzymes produced a fit; no PTR estimate	BcgI:only 2 windows after outlier trimming	no enzyme produced a usable estimate
SF010.BcgI	GCF_001078705.1	s__Streptococcus_sanguinis_D	24.5499606	62.34793096	0.1104273504	0.07986111111	21.85129007	4.449646552	NA	213	0.9998531787	2.489731591	-0.4301376983	9.329430802	1	1	1	BcgI	NA	fixed	1284504.209	glm	9	False	fraction 0.11 < 0.75; dispersion 62.35 > 5.0; containment 0.08 < 0.5	-	single enzyme: no cross-enzyme consistency check available
SF010.BcgI	GCF_001096185.1	s__Streptococcus_pneumoniae_B	NA	NA	NA	0	NA	NA	NA	0	NA	NA	NA	NA	0	1	0	-	NA	fixed	NA	none	0	False	containment 0.00 < 0.5; only 0/1 enzymes produced a fit; no PTR estimate	BcgI:only 0 windows after outlier trimming	no enzyme produced a usable estimate
SF010.BcgI	GCF_001113365.1	s__Streptococcus_pneumoniae_C	NA	NA	NA	0.01063829787	NA	NA	NA	0	NA	NA	NA	NA	0	1	0	-	NA	fixed	NA	none	0	False	containment 0.01 < 0.5; only 0/1 enzymes produced a fit; no PTR estimate	BcgI:only 1 windows after outlier trimming	no enzyme produced a usable estimate
SF010.BcgI	GCF_001171885.1	s__Streptococcus_pneumoniae_A	NA	NA	NA	0	NA	NA	NA	0	NA	NA	NA	NA	0	1	0	-	NA	fixed	NA	none	0	False	containment 0.00 < 0.5; only 0/1 enzymes produced a fit; no PTR estimate	BcgI:only 0 windows after outlier trimming	no enzyme produced a usable estimate
SF010.BcgI	GCF_001189515.2	s__Olsenella_sp001189515	6.773689735	26.82820799	0.290520015	0.2994846923	1.22896889	0.2974483962	NA	2699	0.9989793219	0.4212409459	-0.5281686866	1.123065479	1	1	1	BcgI	NA	fixed	270464.1125	glm	27	False	fraction 0.29 < 0.75; dispersion 26.83 > 5.0; containment 0.30 < 0.5	-	single enzyme: no cross-enzyme consistency check available
SF010.BcgI	GCF_001262035.1	s__Aggregatibacter_aphrophilus	17.1236776	10.46523297	0.04910714286	0.01841359773	24.43963247	4.611150685	NA	224	0.9995107316	2.265133238	0.1715711177	9.050730252	1	1	1	BcgI	NA	fixed	1148802.252	glm	8	False	fraction 0.05 < 0.75; dispersion 10.47 > 5.0; containment 0.02 < 0.5	-	single enzyme: no cross-enzyme consistency check available
SF010.BcgI	GCF_001262055.1	s__Pauljensenia_meyeri	NA	NA	NA	0.003371868979	NA	NA	NA	0	NA	NA	NA	NA	0	1	0	-	NA	fixed	NA	none	0	False	containment 0.00 < 0.5; only 0/1 enzymes produced a fit; no PTR estimate	BcgI:only 4 windows after outlier trimming	no enzyme produced a usable estimate
SF010.BcgI	GCF_001262075.1	s__Ottowia_sp001262075	7.096751768	74.93709769	0.2374095238	0.2376068376	3.285379684	1.716060109	NA	1755	0.999998772	0.7072630114	0.3298500792	3.102270139	1	1	1	BcgI	NA	fixed	957741.3275	glm	25	False	fraction 0.24 < 0.75; dispersion 74.94 > 5.0; containment 0.24 < 0.5	-	single enzyme: no cross-enzyme consistency check available
SF010.BcgI	GCF_001263295.1	s__Agrobacterium_sp900013535	NA	NA	NA	0	NA	NA	NA	0	NA	NA	NA	NA	0	1	0	-	NA	fixed	NA	none	0	False	containment 0.00 < 0.5; only 0/1 enzymes produced a fit; no PTR estimate	BcgI:only 0 windows after outlier trimming	no enzyme produced a usable estimate
SF010.BcgI	GCF_001274535.1	s__Leptotrichia_A_sp001274535	15.67269256	41.66923797	0.336	0.3483870968	1.788807288	0.8389979712	NA	130	0.9261249481	0.6116569365	-0.3598275953	2.037823538	1	1	1	BcgI	NA	fixed	625760.6111	glm	5	False	fraction 0.34 < 0.75; dispersion 41.67 > 5.0; containment 0.35 < 0.5	-	single enzyme: no cross-enzyme consistency check available
SF010.BcgI	GCF_001275345.1	s__Kocuria_palustris	NA	NA	NA	0	NA	NA	NA	0	NA	NA	NA	NA	0	1	0	-	NA	fixed	NA	none	0	False	containment 0.00 < 0.5; only 0/1 enzymes produced a fit; no PTR estimate	BcgI:only 0 windows after outlier trimming	no enzyme produced a usable estimate
SF010.BcgI	GCF_001276515.1	s__Haemophilus_sp001276515	NA	NA	NA	0	NA	NA	NA	0	NA	NA	NA	NA	0	1	0	-	NA	fixed	NA	none	0	False	containment 0.00 < 0.5; only 0/1 enzymes produced a fit; no PTR estimate	BcgI:only 0 windows after outlier trimming	no enzyme produced a usable estimate
SF010.BcgI	GCF_001278845.1	s__Actinomyces_sp001278845	3.845396744	74.2237467	0.2721713521	0.2718539866	1.987105517	0.9906684828	NA	2082	0.9994982043	0.5507211164	-0.08872507092	2.070062037	1	1	1	BcgI	NA	fixed	1908996.196	glm	25	False	fraction 0.27 < 0.75; dispersion 74.22 > 5.0; containment 0.27 < 0.5	-	single enzyme: no cross-enzyme consistency check available
SF010.BcgI	GCF_001279145.1	s__Haemophilus_D_sp001679485	NA	NA	NA	0.01785714286	NA	NA	NA	0	NA	NA	NA	NA	0	1	0	-	NA	fixed	NA	none	0	False	containment 0.02 < 0.5; only 0/1 enzymes produced a fit; no PTR estimate	BcgI:only 3 windows after outlier trimming	no enzyme produced a usable estimate
SF010.BcgI	GCF_001299115.1	s__Achromobacter_xylosoxidans	NA	NA	NA	0	NA	NA	NA	0	NA	NA	NA	NA	0	1	0	-	NA	fixed	NA	none	0	False	containment 0.00 < 0.5; only 0/1 enzymes produced a fit; no PTR estimate	BcgI:only 0 windows after outlier trimming	no enzyme produced a usable estimate
SF010.BcgI	GCF_001304655.1	s__Streptococcus_pseudopneumoniae	NA	NA	NA	0	NA	NA	NA	0	NA	NA	NA	NA	0	1	0	-	NA	fixed	NA	none	0	False	containment 0.00 < 0.5; only 0/1 enzymes produced a fit; no PTR estimate	BcgI:only 0 windows after outlier trimming	no enzyme produced a usable estimate
SF010.BcgI	GCF_001308015.1	s__Neisseria_sp001308015	NA	NA	NA	0	NA	NA	NA	0	NA	NA	NA	NA	0	1	0	-	NA	fixed	NA	none	0	False	containment 0.00 < 0.5; only 0/1 enzymes produced a fit; no PTR estimate	BcgI:only 0 windows after outlier trimming	no enzyme produced a usable estimate
SF010.BcgI	GCF_001347015.1	s__Streptococcus_pneumoniae_E	NA	NA	NA	0	NA	NA	NA	0	NA	NA	NA	NA	0	1	0	-	NA	fixed	NA	none	0	False	containment 0.00 < 0.5; only 0/1 enzymes produced a fit; no PTR estimate	BcgI:only 0 windows after outlier trimming	no enzyme produced a usable estimate
SF010.BcgI	GCF_001362535.1	s__Salmonella_enterica	NA	NA	NA	0.0003597122302	NA	NA	NA	0	NA	NA	NA	NA	0	1	0	-	NA	fixed	NA	none	0	False	containment 0.00 < 0.5; only 0/1 enzymes produced a fit; no PTR estimate	BcgI:only 1 windows after outlier trimming	no enzyme produced a usable estimate
SF010.BcgI	GCF_001421985.1	s__Agrobacterium_sp900473305	NA	NA	NA	0	NA	NA	NA	0	NA	NA	NA	NA	0	1	0	-	NA	fixed	NA	none	0	False	containment 0.00 < 0.5; only 0/1 enzymes produced a fit; no PTR estimate	BcgI:only 0 windows after outlier trimming	no enzyme produced a usable estimate
SF010.BcgI	GCF_001423155.1	s__Pseudomonas_E_ovata	NA	NA	NA	0	NA	NA	NA	0	NA	NA	NA	NA	0	1	0	-	NA	fixed	NA	none	0	False	containment 0.00 < 0.5; only 0/1 enzymes produced a fit; no PTR estimate	BcgI:only 0 windows after outlier trimming	no enzyme produced a usable estimate
SF010.BcgI	GCF_001434465.1	s__Limosilactobacillus_oris	NA	NA	NA	0.001077586207	NA	NA	NA	0	NA	NA	NA	NA	0	1	0	-	NA	fixed	NA	none	0	False	containment 0.00 < 0.5; only 0/1 enzymes produced a fit; no PTR estimate	BcgI:only 0 windows after outlier trimming	no enzyme produced a usable estimate
SF010.BcgI	GCF_001444445.1	s__Prevotella_enoeca	1.721221785	0.6	0.02058823529	0.008144269924	0.6557817295	-0.6087123871	NA	340	0.9216781398	1.489291089	-3.527669284	2.31024451	1	1	1	BcgI	NA	fixed	1342369.345	glm	5	False	fraction 0.02 < 0.75; containment 0.01 < 0.5	-	single enzyme: no cross-enzyme consistency check available
SF010.BcgI	GCF_001546595.1	s__Prevotella_corporis	NA	NA	NA	0.001682085786	NA	NA	NA	0	NA	NA	NA	NA	0	1	0	-	NA	fixed	NA	none	0	False	containment 0.00 < 0.5; only 0/1 enzymes produced a fit; no PTR estimate	BcgI:only 2 windows after outlier trimming	no enzyme produced a usable estimate
SF010.BcgI	GCF_001546835.1	s__Streptococcus_sp000187445	NA	NA	NA	0.01126760563	NA	NA	NA	0	NA	NA	NA	NA	0	1	0	-	NA	fixed	NA	none	0	False	containment 0.01 < 0.5; only 0/1 enzymes produced a fit; no PTR estimate	BcgI:only 2 windows after outlier trimming	no enzyme produced a usable estimate
SF010.BcgI	GCF_001553215.1	s__Porphyromonas_pasteri	53.21667558	492.0000666	0.4564099424	0.3496732026	1.087814491	0.1214325497	NA	2132	0.9999904711	0.8394641206	-1.523886893	1.766751992	1	1	1	BcgI	NA	fixed	2258308.238	glm	42	False	fraction 0.46 < 0.75; dispersion 492.00 > 5.0; containment 0.35 < 0.5	-	single enzyme: no cross-enzyme consistency check available
SF010.BcgI	GCF_001553285.1	s__Varibaculum_cambriense	NA	NA	NA	0	NA	NA	NA	0	NA	NA	NA	NA	0	1	0	-	NA	fixed	NA	none	0	False	containment 0.00 < 0.5; only 0/1 enzymes produced a fit; no PTR estimate	BcgI:only 0 windows after outlier trimming	no enzyme produced a usable estimate
SF010.BcgI	GCF_001553645.1	s__Leptotrichia_sp001553645	NA	NA	NA	0.03381642512	NA	NA	NA	0	NA	NA	NA	NA	0	1	0	-	NA	fixed	NA	none	0	False	containment 0.03 < 0.5; only 0/1 enzymes produced a fit; no PTR estimate	BcgI:only 3 windows after outlier trimming	no enzyme produced a usable estimate
SF010.BcgI	GCF_001553935.1	s__Actinomyces_oris_A	5.074169247	40.93784109	0.1667118644	0.166218035	2.798987986	1.484905294	NA	1486	0.9998332587	1.022798645	-0.5197432125	3.489553801	1	1	1	BcgI	NA	fixed	665208.2522	glm	25	False	fraction 0.17 < 0.75; dispersion 40.94 > 5.0; containment 0.17 < 0.5	-	single enzyme: no cross-enzyme consistency check available
SF010.BcgI	GCF_001556045.1	s__Bradyrhizobium_sp001556045	NA	NA	NA	0	NA	NA	NA	0	NA	NA	NA	NA	0	1	0	-	NA	fixed	NA	none	0	False	containment 0.00 < 0.5; only 0/1 enzymes produced a fit; no PTR estimate	BcgI:only 0 windows after outlier trimming	no enzyme produced a usable estimate
SF010.BcgI	GCF_001557225.1	s__Streptococcus_sanguinis_C	18.49945797	44.85954314	0.1386730463	0.08108108108	11.89541554	3.572333765	NA	91	0.9876920567	1.096002912	1.42420753	5.72046	1	1	1	BcgI	NA	fixed	393057.285	glm	5	False	fraction 0.14 < 0.75; dispersion 44.86 > 5.0; containment 0.08 < 0.5	-	single enzyme: no cross-enzyme consistency check available
SF010.BcgI	GCF_001559795.1	s__Streptobacillus_hongkongensis	NA	NA	NA	0	NA	NA	NA	0	NA	NA	NA	NA	0	1	0	-	NA	fixed	NA	none	0	False	containment 0.00 < 0.5; only 0/1 enzymes produced a fit; no PTR estimate	BcgI:only 0 windows after outlier trimming	no enzyme produced a usable estimate
SF010.BcgI	GCF_001560895.1	s__Streptococcus_mitis_Q	NA	NA	NA	0.01075268817	NA	NA	NA	0	NA	NA	NA	NA	0	1	0	-	NA	fixed	NA	none	0	False	containment 0.01 < 0.5; only 0/1 enzymes produced a fit; no PTR estimate	BcgI:only 0 windows after outlier trimming	no enzyme produced a usable estimate
SF010.BcgI	GCF_001578705.1	s__Streptococcus_oralis_J	NA	NA	NA	0.05833333333	NA	NA	NA	0	NA	NA	NA	NA	0	1	0	-	NA	fixed	NA	none	0	False	containment 0.06 < 0.5; only 0/1 enzymes produced a fit; no PTR estimate	BcgI:only 2 windows after outlier trimming	no enzyme produced a usable estimate
SF010.BcgI	GCF_001578775.1	s__Streptococcus_cristatus_A	9.794164868	18.6730385	0.08434684685	0.06037735849	9.100986521	3.186022938	NA	194	0.9919403254	0.878949801	1.463312984	4.908732892	1	1	1	BcgI	NA	fixed	765646.9108	glm	8	False	fraction 0.08 < 0.75; dispersion 18.67 > 5.0; containment 0.06 < 0.5	-	single enzyme: no cross-enzyme consistency check available
SF010.BcgI	GCF_001578945.1	s__Streptococcus_oralis_Q	NA	NA	NA	0	NA	NA	NA	0	NA	NA	NA	NA	0	1	0	-	NA	fixed	NA	none	0	False	containment 0.00 < 0.5; only 0/1 enzymes produced a fit; no PTR estimate	BcgI:only 0 windows after outlier trimming	no enzyme produced a usable estimate
SF010.BcgI	GCF_001579035.1	s__Streptococcus_mitis_J	NA	NA	NA	0.0243902439	NA	NA	NA	0	NA	NA	NA	NA	0	1	0	-	NA	fixed	NA	none	0	False	containment 0.02 < 0.5; only 0/1 enzymes produced a fit; no PTR estimate	BcgI:only 2 windows after outlier trimming	no enzyme produced a usable estimate
SF010.BcgI	GCF_001579045.1	s__Streptococcus_mitis_D	NA	NA	NA	0.008771929825	NA	NA	NA	0	NA	NA	NA	NA	0	1	0	-	NA	fixed	NA	none	0	False	containment 0.01 < 0.5; only 0/1 enzymes produced a fit; no PTR estimate	BcgI:only 1 windows after outlier trimming	no enzyme produced a usable estimate
SF010.BcgI	GCF_001579095.1	s__Streptococcus_oralis_H	NA	NA	NA	0.02985074627	NA	NA	NA	0	NA	NA	NA	NA	0	1	0	-	NA	fixed	NA	none	0	False	containment 0.03 < 0.5; only 0/1 enzymes produced a fit; no PTR estimate	BcgI:only 1 windows after outlier trimming	no enzyme produced a usable estimate
SF010.BcgI	GCF_001579175.1	s__Streptococcus_oralis_O	38.80868957	53.42889666	0.09588624339	0.08208955224	3.875809315	1.954497594	NA	123	0.9950273025	2.297223713	-2.547978149	6.456973336	1	1	1	BcgI	NA	fixed	1727870.91	glm	5	False	fraction 0.10 < 0.75; dispersion 53.43 > 5.0; containment 0.08 < 0.5	-	single enzyme: no cross-enzyme consistency check available
SF010.BcgI	GCF_001579525.1	s__Streptococcus_oralis_M	NA	NA	NA	0.04081632653	NA	NA	NA	0	NA	NA	NA	NA	0	1	0	-	NA	fixed	NA	none	0	False	containment 0.04 < 0.5; only 0/1 enzymes produced a fit; no PTR estimate	BcgI:only 3 windows after outlier trimming	no enzyme produced a usable estimate
SF010.BcgI	GCF_001579645.1	s__Streptococcus_infantis_E	NA	NA	NA	0.008333333333	NA	NA	NA	0	NA	NA	NA	NA	0	1	0	-	NA	fixed	NA	none	0	False	containment 0.01 < 0.5; only 0/1 enzymes produced a fit; no PTR estimate	BcgI:only 1 windows after outlier trimming	no enzyme produced a usable estimate
SF010.BcgI	GCF_001586195.1	s__Solibacillus_silvestris	NA	NA	NA	0	NA	NA	NA	0	NA	NA	NA	NA	0	1	0	-	NA	fixed	NA	none	0	False	containment 0.00 < 0.5; only 0/1 enzymes produced a fit; no PTR estimate	BcgI:only 0 windows after outlier trimming	no enzyme produced a usable estimate
SF010.BcgI	GCF_001588645.1	s__Streptococcus_oralis_AB	NA	NA	NA	0.02222222222	NA	NA	NA	0	NA	NA	NA	NA	0	1	0	-	NA	fixed	NA	none	0	False	containment 0.02 < 0.5; only 0/1 enzymes produced a fit; no PTR estimate	BcgI:only 1 windows after outlier trimming	no enzyme produced a usable estimate
SF010.BcgI	GCF_001588895.1	s__Streptococcus_sanguinis_H	45.00748251	171.8975033	0.09917836056	0.08196721311	101.8345005	6.670082605	NA	197	0.9996452856	2.179598186	2.39814866	10.94201655	1	1	1	BcgI	NA	fixed	1441244.653	glm	9	False	fraction 0.10 < 0.75; dispersion 171.90 > 5.0; containment 0.08 < 0.5	-	single enzyme: no cross-enzyme consistency check available
SF010.BcgI	GCF_001589145.1	s__Streptococcus_gordonii	143.464795	268.1091673	0.3176923077	0.2983606557	7.43150085e+15	52.72257503	NA	272	0.999440723	1.219753934	50.33190125	55.11324881	1	1	1	BcgI	NA	fixed	1424699.329	glm	12	False	fraction 0.32 < 0.75; dispersion 268.11 > 5.0; containment 0.30 < 0.5	-	single enzyme: no cross-enzyme consistency check available
SF010.BcgI	GCF_001592185.1	s__Neisseria_denitrificans	NA	NA	NA	0	NA	NA	NA	0	NA	NA	NA	NA	0	1	0	-	NA	fixed	NA	none	0	False	containment 0.00 < 0.5; only 0/1 enzymes produced a fit; no PTR estimate	BcgI:only 0 windows after outlier trimming	no enzyme produced a usable estimate
SF010.BcgI	GCF_001592265.1	s__Hylemonella_delicata	NA	NA	NA	0	NA	NA	NA	0	NA	NA	NA	NA	0	1	0	-	NA	fixed	NA	none	0	False	containment 0.00 < 0.5; only 0/1 enzymes produced a fit; no PTR estimate	BcgI:only 0 windows after outlier trimming	no enzyme produced a usable estimate
SF010.BcgI	GCF_001597285.1	s__Pseudomonas_E_alcaligenes	NA	NA	NA	0	NA	NA	NA	0	NA	NA	NA	NA	0	1	0	-	NA	fixed	NA	none	0	False	containment 0.00 < 0.5; only 0/1 enzymes produced a fit; no PTR estimate	BcgI:only 0 windows after outlier trimming	no enzyme produced a usable estimate
SF010.BcgI	GCF_001618085.1	s__Neisseria_flavescens_C	48.18344953	83.03096052	0.2368415291	0.04338842975	6.495247038	2.699384398	NA	185	0.9999828321	1.911356385	-1.046805278	6.445574074	1	1	1	BcgI	NA	fixed	851989.92	glm	12	False	fraction 0.24 < 0.75; dispersion 83.03 > 5.0; containment 0.04 < 0.5	-	single enzyme: no cross-enzyme consistency check available
SF010.BcgI	GCF_001619955.1	s__Sphingomonas_hankookensis	NA	NA	NA	0	NA	NA	NA	0	NA	NA	NA	NA	0	1	0	-	NA	fixed	NA	none	0	False	containment 0.00 < 0.5; only 0/1 enzymes produced a fit; no PTR estimate	BcgI:only 0 windows after outlier trimming	no enzyme produced a usable estimate
SF010.BcgI	GCF_001638925.1	s__Sphingomonas_aquatilis	NA	NA	NA	0.0006898930666	NA	NA	NA	0	NA	NA	NA	NA	0	1	0	-	NA	fixed	NA	none	0	False	containment 0.00 < 0.5; only 0/1 enzymes produced a fit; no PTR estimate	BcgI:only 0 windows after outlier trimming	no enzyme produced a usable estimate
SF010.BcgI	GCF_001639395.1	s__Streptococcus_oralis_S	73.94391983	260.5259018	0.343510656	0.2352941176	161.4269342	7.334737503	NA	61	0.9998111838	2.93040931	1.591240795	13.07823421	1	1	1	BcgI	NA	fixed	1760721.57	glm	8	False	fraction 0.34 < 0.75; dispersion 260.53 > 5.0; containment 0.24 < 0.5	-	single enzyme: no cross-enzyme consistency check available
SF010.BcgI	GCF_001648355.1	s__Eikenella_longinqua	NA	NA	NA	0.003282994091	NA	NA	NA	0	NA	NA	NA	NA	0	1	0	-	NA	fixed	NA	none	0	False	containment 0.00 < 0.5; only 0/1 enzymes produced a fit; no PTR estimate	BcgI:only 4 windows after outlier trimming	no enzyme produced a usable estimate
SF010.BcgI	GCF_001648425.1	s__Eikenella_exigua	12.61974578	9.99876417	0.04583754646	0.03468208092	3.598554048	1.847417327	NA	797	0.9979914107	1.471665132	-1.036993329	4.731827983	1	1	1	BcgI	NA	fixed	710915.1897	glm	19	False	fraction 0.05 < 0.75; dispersion 10.00 > 5.0; containment 0.03 < 0.5	-	single enzyme: no cross-enzyme consistency check available
SF010.BcgI	GCF_001648475.1	s__Eikenella_halliae	8.443243115	7.918339484	0.0790024626	0.05961376994	1.802236253	0.8497881446	NA	1018	0.9787068608	1.021527048	-1.152368079	2.851944369	1	1	1	BcgI	NA	fixed	556095.1214	glm	24	False	fraction 0.08 < 0.75; dispersion 7.92 > 5.0; containment 0.06 < 0.5	-	single enzyme: no cross-enzyme consistency check available
SF010.BcgI	GCF_001650315.1	s__Streptococcus_sp001650315	NA	NA	NA	0.05797101449	NA	NA	NA	0	NA	NA	NA	NA	0	1	0	-	NA	fixed	NA	none	0	False	containment 0.06 < 0.5; only 0/1 enzymes produced a fit; no PTR estimate	BcgI:only 1 windows after outlier trimming	no enzyme produced a usable estimate
SF010.BcgI	GCF_001653935.1	s__Ralstonia_insidiosa	NA	NA	NA	0	NA	NA	NA	0	NA	NA	NA	NA	0	1	0	-	NA	fixed	NA	none	0	False	containment 0.00 < 0.5; only 0/1 enzymes produced a fit; no PTR estimate	BcgI:only 0 windows after outlier trimming	no enzyme produced a usable estimate
SF010.BcgI	GCF_001665295.1	s__Mycobacterium_sp001665295	NA	NA	NA	0	NA	NA	NA	0	NA	NA	NA	NA	0	1	0	-	NA	fixed	NA	none	0	False	containment 0.00 < 0.5; only 0/1 enzymes produced a fit; no PTR estimate	BcgI:only 0 windows after outlier trimming	no enzyme produced a usable estimate
SF010.BcgI	GCF_001665715.1	s__Gordonia_sputi	NA	NA	NA	0	NA	NA	NA	0	NA	NA	NA	NA	0	1	0	-	NA	fixed	NA	none	0	False	containment 0.00 < 0.5; only 0/1 enzymes produced a fit; no PTR estimate	BcgI:only 0 windows after outlier trimming	no enzyme produced a usable estimate
SF010.BcgI	GCF_001665955.1	s__Corynebacterium_pseudodiphtheriticum	NA	NA	NA	0	NA	NA	NA	0	NA	NA	NA	NA	0	1	0	-	NA	fixed	NA	none	0	False	containment 0.00 < 0.5; only 0/1 enzymes produced a fit; no PTR estimate	BcgI:only 0 windows after outlier trimming	no enzyme produced a usable estimate
SF010.BcgI	GCF_001679155.1	s__Moraxella_nonliquefaciens	NA	NA	NA	0	NA	NA	NA	0	NA	NA	NA	NA	0	1	0	-	NA	fixed	NA	none	0	False	containment 0.00 < 0.5; only 0/1 enzymes produced a fit; no PTR estimate	BcgI:only 0 windows after outlier trimming	no enzyme produced a usable estimate
SF010.BcgI	GCF_001679325.1	s__Haemophilus_D_parainfluenzae	68.25951816	123.0289169	0.263788488	0.1362126246	6.600647755	2.72260761	NA	257	0.9996425757	1.268995503	0.2354221275	5.209793093	1	1	1	BcgI	NA	fixed	50447.12833	glm	14	False	fraction 0.26 < 0.75; dispersion 123.03 > 5.0; containment 0.14 < 0.5	-	single enzyme: no cross-enzyme consistency check available
SF010.BcgI	GCF_001683335.1	s__Centipeda_sp001683335	10.74856174	12.78872419	0.02333333333	0.01762472885	1.774111903	0.8270970109	NA	2700	0.2700279154	0.9296146942	-0.9949143093	2.649108331	1	1	1	BcgI	NA	fixed	2310185.582	glm	27	False	fraction 0.02 < 0.75; dispersion 12.79 > 5.0; containment 0.02 < 0.5	-	single enzyme: no cross-enzyme consistency check available
SF010.BcgI	GCF_001683355.1	s__Prevotella_scopos	33.68188859	47.07922469	0.0636672326	0.0368956743	2.387366715	1.255420191	NA	422	0.9975933514	1.729020484	-2.133397687	4.644238068	1	1	1	BcgI	NA	fixed	995151.795	glm	14	False	fraction 0.06 < 0.75; dispersion 47.08 > 5.0; containment 0.04 < 0.5	-	single enzyme: no cross-enzyme consistency check available
SF010.BcgI	GCF_001702075.1	s__Haemophilus_quentini	NA	NA	NA	0.006389776358	NA	NA	NA	0	NA	NA	NA	NA	0	1	0	-	NA	fixed	NA	none	0	False	containment 0.01 < 0.5; only 0/1 enzymes produced a fit; no PTR estimate	BcgI:only 1 windows after outlier trimming	no enzyme produced a usable estimate
SF010.BcgI	GCF_001717525.2	s__Tannerella_sp003033925	15.36819319	96.9624871	0.3610331633	0.3603896104	1.656894268	0.7284815427	NA	1974	0.9992859654	0.5785960235	-0.405545825	1.86250891	1	1	1	BcgI	NA	fixed	318780.7806	glm	20	False	fraction 0.36 < 0.75; dispersion 96.96 > 5.0; containment 0.36 < 0.5	-	single enzyme: no cross-enzyme consistency check available
SF010.BcgI	GCF_001717585.1	s__Centipeda_sp001717585	4.511192227	7.777067502	0.06660029936	0.06294416244	3.531854986	1.820426109	NA	2855	0.9788216364	1.231499848	-0.5932692407	4.234121458	1	1	1	BcgI	NA	fixed	241185.1544	glm	29	False	fraction 0.07 < 0.75; dispersion 7.78 > 5.0; containment 0.06 < 0.5	-	single enzyme: no cross-enzyme consistency check available
SF010.BcgI	GCF_001721245.1	s__Sphingobium_yanoikuyae	NA	NA	NA	0.0001246416552	NA	NA	NA	0	NA	NA	NA	NA	0	1	0	-	NA	fixed	NA	none	0	False	containment 0.00 < 0.5; only 0/1 enzymes produced a fit; no PTR estimate	BcgI:only 1 windows after outlier trimming	no enzyme produced a usable estimate
SF010.BcgI	GCF_001807315.1	s__Corynebacterium_simulans	NA	NA	NA	0	NA	NA	NA	0	NA	NA	NA	NA	0	1	0	-	NA	fixed	NA	none	0	False	containment 0.00 < 0.5; only 0/1 enzymes produced a fit; no PTR estimate	BcgI:only 0 windows after outlier trimming	no enzyme produced a usable estimate
SF010.BcgI	GCF_001807385.1	s__Brachybacterium_paraconglomeratum	NA	NA	NA	0.000462000462	NA	NA	NA	0	NA	NA	NA	NA	0	1	0	-	NA	fixed	NA	none	0	False	containment 0.00 < 0.5; only 0/1 enzymes produced a fit; no PTR estimate	BcgI:only 1 windows after outlier trimming	no enzyme produced a usable estimate
SF010.BcgI	GCF_001808255.1	s__Neisseria_subflava_A	21.19762262	14.35113636	0.133682828	0.03893442623	6.715302739	2.747452441	NA	284	0.9916518842	0.6643080801	1.445432529	4.049472352	1	1	1	BcgI	NA	fixed	1359589.762	glm	13	False	fraction 0.13 < 0.75; dispersion 14.35 > 5.0; containment 0.04 < 0.5	-	single enzyme: no cross-enzyme consistency check available
SF010.BcgI	GCF_001808705.1	s__Streptococcus_sp001808705	NA	NA	NA	0.01652892562	NA	NA	NA	0	NA	NA	NA	NA	0	1	0	-	NA	fixed	NA	none	0	False	containment 0.02 < 0.5; only 0/1 enzymes produced a fit; no PTR estimate	BcgI:only 0 windows after outlier trimming	no enzyme produced a usable estimate
SF010.BcgI	GCF_001808865.1	s__Streptococcus_sp001553685	NA	NA	NA	0.01904761905	NA	NA	NA	0	NA	NA	NA	NA	0	1	0	-	NA	fixed	NA	none	0	False	containment 0.02 < 0.5; only 0/1 enzymes produced a fit; no PTR estimate	BcgI:only 1 windows after outlier trimming	no enzyme produced a usable estimate
SF010.BcgI	GCF_001808875.1	s__Neisseria_sicca_A	116.1603728	440.7144134	0.2387309618	0.0317679558	4.055287689	2.019804265	NA	237	0.9999981938	2.354563882	-2.595056143	6.634664673	1	1	1	BcgI	NA	fixed	2205631.53	glm	15	False	fraction 0.24 < 0.75; dispersion 440.71 > 5.0; containment 0.03 < 0.5	-	single enzyme: no cross-enzyme consistency check available
SF010.BcgI	GCF_001809325.1	s__Neisseria_sp001809325	368.0106856	186.0210526	0.1742346939	0.03079416532	5373.633548	12.39168223	NA	107	1	3.365842521	5.794752106	18.98861235	1	1	1	BcgI	NA	fixed	1618719.912	glm	14	False	fraction 0.17 < 0.75; dispersion 186.02 > 5.0; containment 0.03 < 0.5	-	single enzyme: no cross-enzyme consistency check available
SF010.BcgI	GCF_001810035.1	s__Neisseria_subflava_C	7.731587641	17.2031746	0.06935243841	0.03719912473	26.00120273	4.700506454	NA	204	0.9952962318	1.589797451	1.584560707	7.816452201	1	1	1	BcgI	NA	fixed	786416.9883	glm	10	False	fraction 0.07 < 0.75; dispersion 17.20 > 5.0; containment 0.04 < 0.5	-	single enzyme: no cross-enzyme consistency check available
SF010.BcgI	GCF_001810785.1	s__Streptococcus_sp001810785	NA	NA	NA	0.03636363636	NA	NA	NA	0	NA	NA	NA	NA	0	1	0	-	NA	fixed	NA	none	0	False	containment 0.04 < 0.5; only 0/1 enzymes produced a fit; no PTR estimate	BcgI:only 0 windows after outlier trimming	no enzyme produced a usable estimate
SF010.BcgI	GCF_001811505.1	s__Streptococcus_sp001811505	NA	NA	NA	0.007407407407	NA	NA	NA	0	NA	NA	NA	NA	0	1	0	-	NA	fixed	NA	none	0	False	containment 0.01 < 0.5; only 0/1 enzymes produced a fit; no PTR estimate	BcgI:only 1 windows after outlier trimming	no enzyme produced a usable estimate
SF010.BcgI	GCF_001812965.1	s__Actinomyces_oris_C	6.917017828	15.90367253	0.06314982619	0.04254079254	4.665750016	2.222109012	NA	1195	0.9978829524	0.9588010084	0.3428935671	4.101324457	1	1	1	BcgI	NA	fixed	1918252.633	glm	26	False	fraction 0.06 < 0.75; dispersion 15.90 > 5.0; containment 0.04 < 0.5	-	single enzyme: no cross-enzyme consistency check available
SF010.BcgI	GCF_001812975.1	s__Rothia_mucilaginosa	7.152255825	11.29870542	0.1219269859	0.1035175879	2.712777211	1.43977057	NA	838	0.9419461724	1.118113551	-0.7516917199	3.63123286	1	1	1	BcgI	NA	fixed	856286.7194	glm	27	False	fraction 0.12 < 0.75; dispersion 11.30 > 5.0; containment 0.10 < 0.5	-	single enzyme: no cross-enzyme consistency check available
SF010.BcgI	GCF_001813205.1	s__Lancefieldella_rimae	14.2811215	129.6266863	0.3044903366	0.3033492823	1.841798087	0.8811149099	NA	1045	0.9992656048	0.7186264071	-0.5273669663	2.289596786	1	1	1	BcgI	NA	fixed	234369.485	glm	26	False	fraction 0.30 < 0.75; dispersion 129.63 > 5.0; containment 0.30 < 0.5	-	single enzyme: no cross-enzyme consistency check available
SF010.BcgI	GCF_001813295.1	s__Streptococcus_parasanguinis_B	3.193089286	2.183333333	0.1475363317	0.06603773585	1.638446508	0.7123285724	NA	132	0.666923046	1.346922746	-1.927591499	3.352248644	1	1	1	BcgI	NA	fixed	1807971.998	glm	7	False	fraction 0.15 < 0.75; containment 0.07 < 0.5	-	single enzyme: no cross-enzyme consistency check available
SF010.BcgI	GCF_001814135.1	s__Neisseria_sp000952795	104.2474283	65.01843318	0.2302774635	0.05128205128	185.7279342	7.537047008	NA	95	0.9995584238	2.059426911	3.500644433	11.57344958	1	1	1	BcgI	NA	fixed	1547300.551	glm	8	False	fraction 0.23 < 0.75; dispersion 65.02 > 5.0; containment 0.05 < 0.5	-	single enzyme: no cross-enzyme consistency check available
SF010.BcgI	GCF_001814145.1	s__Prevotella_conceptionensis	4.768134609	3.380396386	0.1702174537	0.1061040557	2.224110575	1.153228515	NA	2153	0.9962939504	0.5960142283	-0.01493790628	2.321394937	1	1	1	BcgI	NA	fixed	2615666.387	glm	57	False	fraction 0.17 < 0.75; containment 0.11 < 0.5	-	single enzyme: no cross-enzyme consistency check available
SF010.BcgI	GCF_001814295.1	s__Streptococcus_constellatus	6.500306796	5.472582361	0.2179819829	0.1933333333	1.214035727	0.2798108784	NA	293	0.6511343654	0.8424386442	-1.371338523	1.93096028	1	1	1	BcgI	NA	fixed	518230.2933	glm	16	False	fraction 0.22 < 0.75; dispersion 5.47 > 5.0; containment 0.19 < 0.5	-	single enzyme: no cross-enzyme consistency check available
SF010.BcgI	GCF_001814405.1	s__Lacticaseibacillus_rhamnosus	NA	NA	NA	0.003759398496	NA	NA	NA	0	NA	NA	NA	NA	0	1	0	-	NA	fixed	NA	none	0	False	containment 0.00 < 0.5; only 0/1 enzymes produced a fit; no PTR estimate	BcgI:only 2 windows after outlier trimming	no enzyme produced a usable estimate
SF010.BcgI	GCF_001814685.1	s__Prevotella_oris	4.576939061	9.532330157	0.1819912472	0.02244897959	4.841936104	2.275584041	NA	529	0.9905320891	2.373564952	-2.37651778	6.927685862	1	1	1	BcgI	NA	fixed	673242.9494	glm	13	False	fraction 0.18 < 0.75; dispersion 9.53 > 5.0; containment 0.02 < 0.5	-	single enzyme: no cross-enzyme consistency check available
SF010.BcgI	GCF_001814775.1	s__Streptococcus_sp001814775	NA	NA	NA	0.01081081081	NA	NA	NA	0	NA	NA	NA	NA	0	1	0	-	NA	fixed	NA	none	0	False	containment 0.01 < 0.5; only 0/1 enzymes produced a fit; no PTR estimate	BcgI:only 2 windows after outlier trimming	no enzyme produced a usable estimate
SF010.BcgI	GCF_001815355.1	s__Haemophilus_D_sp001815355	107.8794433	2.804709141	0.1234299084	0.06	90.55069558	6.500653818	NA	154	0.9997846246	1.576565414	3.410642387	9.590665249	1	1	1	BcgI	NA	fixed	1818276.911	glm	9	False	fraction 0.12 < 0.75; containment 0.06 < 0.5	-	single enzyme: no cross-enzyme consistency check available
SF010.BcgI	GCF_001815675.1	s__Neisseria_sp001815675	98.89928339	412.4351014	0.1278150553	0.03695150115	183.461723	7.519335284	NA	115	0.9997908736	1.956952706	3.683778461	11.35489211	1	1	1	BcgI	NA	fixed	2314244.64	glm	9	False	fraction 0.13 < 0.75; dispersion 412.44 > 5.0; containment 0.04 < 0.5	-	single enzyme: no cross-enzyme consistency check available
SF010.BcgI	GCF_001815715.1	s__Fusobacterium_polymorphum	NA	NA	NA	0.4615384615	NA	NA	NA	0	NA	NA	NA	NA	0	1	0	-	NA	fixed	NA	none	0	False	containment 0.46 < 0.5; only 0/1 enzymes produced a fit; no PTR estimate	BcgI:only 3 windows after outlier trimming	no enzyme produced a usable estimate
SF010.BcgI	GCF_001815865.1	s__Abiotrophia_sp001815865	27.48073536	90.32238046	0.2578330883	0.2552204176	25.13187121	4.651446187	NA	387	0.9999320799	1.597526716	1.52035136	7.782541014	1	1	1	BcgI	NA	fixed	1640137.823	glm	18	False	fraction 0.26 < 0.75; dispersion 90.32 > 5.0; containment 0.26 < 0.5	-	single enzyme: no cross-enzyme consistency check available
SF010.BcgI	GCF_001836315.1	s__Neisseria_flavescens_A	19.79507552	28.98800175	0.06693922418	0.05491990847	15.93701024	3.994309102	NA	321	0.9982506594	1.895562788	0.2790743078	7.709543897	1	1	1	BcgI	NA	fixed	2026242.198	glm	13	False	fraction 0.07 < 0.75; dispersion 28.99 > 5.0; containment 0.05 < 0.5	-	single enzyme: no cross-enzyme consistency check available
SF010.BcgI	GCF_001837905.1	s__Streptococcus_sp900766505	10.66369424	11.68666667	0.1376190476	0.05142857143	4.034891125	2.012529745	NA	74	0.9246558304	1.932261675	-1.774633545	5.799693036	1	1	1	BcgI	NA	fixed	882815.1617	glm	5	False	fraction 0.14 < 0.75; dispersion 11.69 > 5.0; containment 0.05 < 0.5	-	single enzyme: no cross-enzyme consistency check available
SF010.BcgI	GCF_001929365.1	s__Actinomyces_oris	11.88122894	15.28653732	0.1427364884	0.08992562542	4.603172656	2.202628556	NA	1357	0.9998520218	1.152383663	-0.05600191904	4.461259032	1	1	1	BcgI	NA	fixed	1280473.461	glm	39	False	fraction 0.14 < 0.75; dispersion 15.29 > 5.0; containment 0.09 < 0.5	-	single enzyme: no cross-enzyme consistency check available
SF010.BcgI	GCF_001937595.1	s__Actinomyces_naeslundii	3.179073059	5.84278507	0.034943487	0.01509769094	4.034717781	2.012467764	NA	1064	0.9859860122	1.260608591	-0.4582796726	4.483215201	1	1	1	BcgI	NA	fixed	2306721.98	glm	17	False	fraction 0.03 < 0.75; dispersion 5.84 > 5.0; containment 0.02 < 0.5	-	single enzyme: no cross-enzyme consistency check available
SF010.BcgI	GCF_001937655.1	s__Actinomyces_oris_B	6.064750488	0.5	0.1573547727	0.01709401709	4.823662009	2.270128822	NA	301	0.977452954	1.395293388	-0.4645959659	5.00485361	1	1	1	BcgI	NA	fixed	2200424.889	glm	21	False	fraction 0.16 < 0.75; containment 0.02 < 0.5	-	single enzyme: no cross-enzyme consistency check available
SF010.BcgI	GCF_001937665.1	s__Actinomyces_oris_D	5.0749592	7.25	0.02983251725	0.004576659039	66.50598572	6.055412288	NA	245	0.9700673583	3.30528985	-0.422836777	12.53366135	1	1	1	BcgI	NA	fixed	449658.5047	glm	5	False	fraction 0.03 < 0.75; dispersion 7.25 > 5.0; containment 0.00 < 0.5	-	single enzyme: no cross-enzyme consistency check available
SF010.BcgI	GCF_001937675.1	s__Actinomyces_oris_E	6.952116269	7.70567447	0.06600973931	0.01127596439	2.968919925	1.569938183	NA	528	0.9622665572	1.914485407	-2.182384264	5.32226063	1	1	1	BcgI	NA	fixed	1881401.477	glm	10	False	fraction 0.07 < 0.75; dispersion 7.71 > 5.0; containment 0.01 < 0.5	-	single enzyme: no cross-enzyme consistency check available
SF010.BcgI	GCF_001998825.1	s__Rodentibacter_mrazii	NA	NA	NA	0	NA	NA	NA	0	NA	NA	NA	NA	0	1	0	-	NA	fixed	NA	none	0	False	containment 0.00 < 0.5; only 0/1 enzymes produced a fit; no PTR estimate	BcgI:only 0 windows after outlier trimming	no enzyme produced a usable estimate
SF010.BcgI	GCF_002005545.1	s__Streptococcus_mitis_I	NA	NA	NA	0	NA	NA	NA	0	NA	NA	NA	NA	0	1	0	-	NA	fixed	NA	none	0	False	containment 0.00 < 0.5; only 0/1 enzymes produced a fit; no PTR estimate	BcgI:only 0 windows after outlier trimming	no enzyme produced a usable estimate
SF010.BcgI	GCF_002014765.1	s__Moraxella_C_lincolnii	NA	NA	NA	0	NA	NA	NA	0	NA	NA	NA	NA	0	1	0	-	NA	fixed	NA	none	0	False	containment 0.00 < 0.5; only 0/1 enzymes produced a fit; no PTR estimate	BcgI:only 0 windows after outlier trimming	no enzyme produced a usable estimate
SF010.BcgI	GCF_002014795.1	s__Streptococcus_mitis_AQ	NA	NA	NA	0	NA	NA	NA	0	NA	NA	NA	NA	0	1	0	-	NA	fixed	NA	none	0	False	containment 0.00 < 0.5; only 0/1 enzymes produced a fit; no PTR estimate	BcgI:only 0 windows after outlier trimming	no enzyme produced a usable estimate
SF010.BcgI	GCF_002092855.1	s__Campylobacter_A_concisus_I	NA	NA	NA	0	NA	NA	NA	0	NA	NA	NA	NA	0	1	0	-	NA	fixed	NA	none	0	False	containment 0.00 < 0.5; only 0/1 enzymes produced a fit; no PTR estimate	BcgI:only 0 windows after outlier trimming	no enzyme produced a usable estimate
SF010.BcgI	GCF_002093515.1	s__Streptococcus_oralis_E	71.821041	81.82771391	0.2134680135	0.09322033898	12.05309096	3.591331261	NA	54	0.9966019294	2.505724019	-1.319797571	8.502460093	1	1	1	BcgI	NA	fixed	489132.7903	glm	6	False	fraction 0.21 < 0.75; dispersion 81.83 > 5.0; containment 0.09 < 0.5	-	single enzyme: no cross-enzyme consistency check available
SF010.BcgI	GCF_002093545.1	s__Streptococcus_oralis_C	38.1887999	40.60914483	0.2701000356	0.1951219512	23.22521426	4.537620001	NA	90	0.9992873421	0.7714522982	3.02560128	6.049638721	1	1	1	BcgI	NA	fixed	644490.7633	glm	8	False	fraction 0.27 < 0.75; dispersion 40.61 > 5.0; containment 0.20 < 0.5	-	single enzyme: no cross-enzyme consistency check available
SF010.BcgI	GCF_002093575.1	s__Streptococcus_oralis_W	NA	NA	NA	0.048	NA	NA	NA	0	NA	NA	NA	NA	0	1	0	-	NA	fixed	NA	none	0	False	containment 0.05 < 0.5; only 0/1 enzymes produced a fit; no PTR estimate	BcgI:only 4 windows after outlier trimming	no enzyme produced a usable estimate
SF010.BcgI	GCF_002096335.1	s__Streptococcus_oralis_Z	NA	NA	NA	0.1078431373	NA	NA	NA	0	NA	NA	NA	NA	0	1	0	-	NA	fixed	NA	none	0	False	containment 0.11 < 0.5; only 0/1 enzymes produced a fit; no PTR estimate	BcgI:only 4 windows after outlier trimming	no enzyme produced a usable estimate
SF010.BcgI	GCF_002096355.1	s__Streptococcus_oralis_T	100.5433695	84.70802063	0.1622414622	0.1359223301	2.495252605	1.319185873	NA	99	0.9986528275	1.794423168	-2.197818909	4.836190655	1	1	1	BcgI	NA	fixed	752154.2872	glm	6	False	fraction 0.16 < 0.75; dispersion 84.71 > 5.0; containment 0.14 < 0.5	-	single enzyme: no cross-enzyme consistency check available
SF010.BcgI	GCF_002096435.1	s__Streptococcus_oralis_AA	NA	NA	NA	0.05952380952	NA	NA	NA	0	NA	NA	NA	NA	0	1	0	-	NA	fixed	NA	none	0	False	containment 0.06 < 0.5; only 0/1 enzymes produced a fit; no PTR estimate	BcgI:only 4 windows after outlier trimming	no enzyme produced a usable estimate
SF010.BcgI	GCF_002096445.1	s__Streptococcus_oralis_N	NA	NA	NA	0.09090909091	NA	NA	NA	0	NA	NA	NA	NA	0	1	0	-	NA	fixed	NA	none	0	False	containment 0.09 < 0.5; only 0/1 enzymes produced a fit; no PTR estimate	BcgI:only 2 windows after outlier trimming	no enzyme produced a usable estimate
SF010.BcgI	GCF_002096595.1	s__Streptococcus_oralis_D	NA	NA	NA	0.02272727273	NA	NA	NA	0	NA	NA	NA	NA	0	1	0	-	NA	fixed	NA	none	0	False	containment 0.02 < 0.5; only 0/1 enzymes produced a fit; no PTR estimate	BcgI:only 1 windows after outlier trimming	no enzyme produced a usable estimate
SF010.BcgI	GCF_002096615.1	s__Streptococcus_oralis_U	14.41268525	31.11428571	0.1135521886	0.08333333333	53.01683114	5.728378537	NA	61	0.99543024	1.329504625	3.122597354	8.334159719	1	1	1	BcgI	NA	fixed	1802931.871	glm	5	False	fraction 0.11 < 0.75; dispersion 31.11 > 5.0; containment 0.08 < 0.5	-	single enzyme: no cross-enzyme consistency check available
SF010.BcgI	GCF_002096685.1	s__Streptococcus_oralis_AD	NA	NA	NA	0.08219178082	NA	NA	NA	0	NA	NA	NA	NA	0	1	0	-	NA	fixed	NA	none	0	False	containment 0.08 < 0.5; only 0/1 enzymes produced a fit; no PTR estimate	BcgI:only 4 windows after outlier trimming	no enzyme produced a usable estimate
SF010.BcgI	GCF_002096695.1	s__Streptococcus_dentisani	48.24600915	1.8	0.2483333333	0.1129032258	2.29417235	1.197973778	NA	43	0.9122325251	2.385957984	-3.478417939	5.874365495	1	1	1	BcgI	NA	fixed	948620.565	glm	5	False	fraction 0.25 < 0.75; containment 0.11 < 0.5	-	single enzyme: no cross-enzyme consistency check available
SF010.BcgI	GCF_002096815.1	s__Streptococcus_mitis_AD	NA	NA	NA	0.05063291139	NA	NA	NA	0	NA	NA	NA	NA	0	1	0	-	NA	fixed	NA	none	0	False	containment 0.05 < 0.5; only 0/1 enzymes produced a fit; no PTR estimate	BcgI:only 2 windows after outlier trimming	no enzyme produced a usable estimate
SF010.BcgI	GCF_002096835.1	s__Streptococcus_mitis_W	NA	NA	NA	0.01639344262	NA	NA	NA	0	NA	NA	NA	NA	0	1	0	-	NA	fixed	NA	none	0	False	containment 0.02 < 0.5; only 0/1 enzymes produced a fit; no PTR estimate	BcgI:only 1 windows after outlier trimming	no enzyme produced a usable estimate
SF010.BcgI	GCF_002096845.1	s__Streptococcus_mitis_A	NA	NA	NA	0	NA	NA	NA	0	NA	NA	NA	NA	0	1	0	-	NA	fixed	NA	none	0	False	containment 0.00 < 0.5; only 0/1 enzymes produced a fit; no PTR estimate	BcgI:only 0 windows after outlier trimming	no enzyme produced a usable estimate
SF010.BcgI	GCF_002096855.1	s__Streptococcus_mitis_Y	NA	NA	NA	0.02469135802	NA	NA	NA	0	NA	NA	NA	NA	0	1	0	-	NA	fixed	NA	none	0	False	containment 0.02 < 0.5; only 0/1 enzymes produced a fit; no PTR estimate	BcgI:only 1 windows after outlier trimming	no enzyme produced a usable estimate
SF010.BcgI	GCF_002096895.1	s__Streptococcus_mitis_AH	NA	NA	NA	0.03703703704	NA	NA	NA	0	NA	NA	NA	NA	0	1	0	-	NA	fixed	NA	none	0	False	containment 0.04 < 0.5; only 0/1 enzymes produced a fit; no PTR estimate	BcgI:only 1 windows after outlier trimming	no enzyme produced a usable estimate
SF010.BcgI	GCF_002096925.1	s__Streptococcus_mitis_AF	NA	NA	NA	0.01666666667	NA	NA	NA	0	NA	NA	NA	NA	0	1	0	-	NA	fixed	NA	none	0	False	containment 0.02 < 0.5; only 0/1 enzymes produced a fit; no PTR estimate	BcgI:only 1 windows after outlier trimming	no enzyme produced a usable estimate
SF010.BcgI	GCF_002108505.1	s__Neisseria_dumasiana	NA	NA	NA	0.001196888091	NA	NA	NA	0	NA	NA	NA	NA	0	1	0	-	NA	fixed	NA	none	0	False	containment 0.00 < 0.5; only 0/1 enzymes produced a fit; no PTR estimate	BcgI:only 1 windows after outlier trimming	no enzyme produced a usable estimate
SF010.BcgI	GCF_002108595.1	s__Neisseria_dentiae	NA	NA	NA	0.000456412597	NA	NA	NA	0	NA	NA	NA	NA	0	1	0	-	NA	fixed	NA	none	0	False	containment 0.00 < 0.5; only 0/1 enzymes produced a fit; no PTR estimate	BcgI:only 1 windows after outlier trimming	no enzyme produced a usable estimate
SF010.BcgI	GCF_002127225.1	s__Sphingomonas_sp002127225	NA	NA	NA	0	NA	NA	NA	0	NA	NA	NA	NA	0	1	0	-	NA	fixed	NA	none	0	False	containment 0.00 < 0.5; only 0/1 enzymes produced a fit; no PTR estimate	BcgI:only 0 windows after outlier trimming	no enzyme produced a usable estimate
SF010.BcgI	GCF_002197385.1	s__Streptococcus_agalactiae	NA	NA	NA	0	NA	NA	NA	0	NA	NA	NA	NA	0	1	0	-	NA	fixed	NA	none	0	False	containment 0.00 < 0.5; only 0/1 enzymes produced a fit; no PTR estimate	BcgI:only 0 windows after outlier trimming	no enzyme produced a usable estimate
SF010.BcgI	GCF_002204455.1	s__Porphyromonas_gingivalis	2.118149631	1.055681818	0.03494406573	0.03028503563	2.234887315	1.160202091	NA	983	0.815036188	0.7416001041	-0.2933074038	2.613711586	1	1	1	BcgI	NA	fixed	1667419.733	glm	14	False	fraction 0.03 < 0.75; containment 0.03 < 0.5	-	single enzyme: no cross-enzyme consistency check available
SF010.BcgI	GCF_002204475.1	s__Prevotella_nigrescens	12.5932268	41.29468519	0.1273344652	0.0603941513	28.14029719	4.81456566	NA	1117	0.9996741006	1.611910381	1.655279366	7.973851954	1	1	1	BcgI	NA	fixed	2134548.684	glm	19	False	fraction 0.13 < 0.75; dispersion 41.29 > 5.0; containment 0.06 < 0.5	-	single enzyme: no cross-enzyme consistency check available
SF010.BcgI	GCF_002205845.1	s__Pelomonas_puraquae	NA	NA	NA	0	NA	NA	NA	0	NA	NA	NA	NA	0	1	0	-	NA	fixed	NA	none	0	False	containment 0.00 < 0.5; only 0/1 enzymes produced a fit; no PTR estimate	BcgI:only 0 windows after outlier trimming	no enzyme produced a usable estimate
SF010.BcgI	GCF_002209185.2	s__Corynebacterium_amycolatum_A	NA	NA	NA	0	NA	NA	NA	0	NA	NA	NA	NA	0	1	0	-	NA	fixed	NA	none	0	False	containment 0.00 < 0.5; only 0/1 enzymes produced a fit; no PTR estimate	BcgI:only 0 windows after outlier trimming	no enzyme produced a usable estimate
SF010.BcgI	GCF_002209445.1	s__Capnocytophaga_endodontalis	15.76546521	25.473056	0.08733333333	0.08738938053	18.43115887	4.204074879	NA	904	0.9998949296	1.538037376	1.189577016	7.218572743	1	1	1	BcgI	NA	fixed	2770368.913	glm	25	False	fraction 0.09 < 0.75; dispersion 25.47 > 5.0; containment 0.09 < 0.5	-	single enzyme: no cross-enzyme consistency check available
SF010.BcgI	GCF_002237445.1	s__Neisseria_sp002237445	6.631527737	10.71349238	0.04175824176	0.03896103896	0.5581838499	-0.8411877117	NA	1281	1	1.284015796	-3.357812427	1.675437003	1	1	1	BcgI	NA	fixed	503303.0389	glm	18	False	fraction 0.04 < 0.75; dispersion 10.71 > 5.0; containment 0.04 < 0.5	-	single enzyme: no cross-enzyme consistency check available
SF010.BcgI	GCF_002238135.1	s__Rothia_aeria	6.349416713	9.006046008	0.1300010012	0.1310344828	2.862909219	1.517481924	NA	1422	0.9964593465	0.829519539	-0.1083464967	3.143310345	1	1	1	BcgI	NA	fixed	1348278.3	glm	27	False	fraction 0.13 < 0.75; dispersion 9.01 > 5.0; containment 0.13 < 0.5	-	single enzyme: no cross-enzyme consistency check available
SF010.BcgI	GCF_002243385.1	s__Mogibacterium_pumilum	NA	NA	NA	0.001215066829	NA	NA	NA	0	NA	NA	NA	NA	0	1	0	-	NA	fixed	NA	none	0	False	containment 0.00 < 0.5; only 0/1 enzymes produced a fit; no PTR estimate	BcgI:only 1 windows after outlier trimming	no enzyme produced a usable estimate
SF010.BcgI	GCF_002259155.1	s__Rhodococcus_B_sp002259415	NA	NA	NA	0	NA	NA	NA	0	NA	NA	NA	NA	0	1	0	-	NA	fixed	NA	none	0	False	containment 0.00 < 0.5; only 0/1 enzymes produced a fit; no PTR estimate	BcgI:only 0 windows after outlier trimming	no enzyme produced a usable estimate
SF010.BcgI	GCF_002259295.1	s__Rhodococcus_B_fascians	NA	NA	NA	0	NA	NA	NA	0	NA	NA	NA	NA	0	1	0	-	NA	fixed	NA	none	0	False	containment 0.00 < 0.5; only 0/1 enzymes produced a fit; no PTR estimate	BcgI:only 0 windows after outlier trimming	no enzyme produced a usable estimate
SF010.BcgI	GCF_002289925.1	s__Ligilactobacillus_salivarius	NA	NA	NA	0.01694915254	NA	NA	NA	0	NA	NA	NA	NA	0	1	0	-	NA	fixed	NA	none	0	False	containment 0.02 < 0.5; only 0/1 enzymes produced a fit; no PTR estimate	BcgI:only 1 windows after outlier trimming	no enzyme produced a usable estimate
SF010.BcgI	GCF_002302595.1	s__Capnocytophaga_sputigena	22.84762955	48.20408756	0.2639724311	0.2687927107	1.867920223	0.9014328402	NA	843	0.9998253238	0.7848652866	-0.6368748543	2.439740535	1	1	1	BcgI	NA	fixed	2549444.7	glm	24	False	fraction 0.26 < 0.75; dispersion 48.20 > 5.0; containment 0.27 < 0.5	-	single enzyme: no cross-enzyme consistency check available
SF010.BcgI	GCF_002355895.1	s__Streptococcus_sp002355895	NA	NA	NA	0.09375	NA	NA	NA	0	NA	NA	NA	NA	0	1	0	-	NA	fixed	NA	none	0	False	containment 0.09 < 0.5; only 0/1 enzymes produced a fit; no PTR estimate	BcgI:only 4 windows after outlier trimming	no enzyme produced a usable estimate
SF010.BcgI	GCF_002443115.1	s__Dermabacter_hominis	NA	NA	NA	0	NA	NA	NA	0	NA	NA	NA	NA	0	1	0	-	NA	fixed	NA	none	0	False	containment 0.00 < 0.5; only 0/1 enzymes produced a fit; no PTR estimate	BcgI:only 0 windows after outlier trimming	no enzyme produced a usable estimate
SF010.BcgI	GCF_002551535.2	s__Neisseria_brasiliensis	NA	NA	NA	0.001694915254	NA	NA	NA	0	NA	NA	NA	NA	0	1	0	-	NA	fixed	NA	none	0	False	containment 0.00 < 0.5; only 0/1 enzymes produced a fit; no PTR estimate	BcgI:only 2 windows after outlier trimming	no enzyme produced a usable estimate
SF010.BcgI	GCF_002763535.1	s__Prevotella_intermedia	5.281670283	7.243443527	0.130975557	0.1380225614	1.386192794	0.4711279241	NA	1387	0.8055908158	0.6443360586	-0.7917475446	1.734003393	1	1	1	BcgI	NA	fixed	1713165.265	glm	23	False	fraction 0.13 < 0.75; dispersion 7.24 > 5.0; containment 0.14 < 0.5	-	single enzyme: no cross-enzyme consistency check available
SF010.BcgI	GCF_002763595.1	s__Fusobacterium_pseudoperiodonticum	NA	NA	NA	0.2727272727	NA	NA	NA	0	NA	NA	NA	NA	0	1	0	-	NA	fixed	NA	none	0	False	containment 0.27 < 0.5; only 0/1 enzymes produced a fit; no PTR estimate	BcgI:only 2 windows after outlier trimming	no enzyme produced a usable estimate
SF010.BcgI	GCF_002803535.1	s__Ochrobactrum_A_pituitosum	NA	NA	NA	0	NA	NA	NA	0	NA	NA	NA	NA	0	1	0	-	NA	fixed	NA	none	0	False	containment 0.00 < 0.5; only 0/1 enzymes produced a fit; no PTR estimate	BcgI:only 0 windows after outlier trimming	no enzyme produced a usable estimate
SF010.BcgI	GCF_002810365.1	s__Psychrobacter_sp002810365	NA	NA	NA	0	NA	NA	NA	0	NA	NA	NA	NA	0	1	0	-	NA	fixed	NA	none	0	False	containment 0.00 < 0.5; only 0/1 enzymes produced a fit; no PTR estimate	BcgI:only 0 windows after outlier trimming	no enzyme produced a usable estimate
SF010.BcgI	GCF_002860865.1	s__Streptococcus_mitis_AT	NA	NA	NA	0.03092783505	NA	NA	NA	0	NA	NA	NA	NA	0	1	0	-	NA	fixed	NA	none	0	False	containment 0.03 < 0.5; only 0/1 enzymes produced a fit; no PTR estimate	BcgI:only 1 windows after outlier trimming	no enzyme produced a usable estimate
SF010.BcgI	GCF_002860905.1	s__Streptococcus_oralis_BA	NA	NA	NA	0	NA	NA	NA	0	NA	NA	NA	NA	0	1	0	-	NA	fixed	NA	none	0	False	containment 0.00 < 0.5; only 0/1 enzymes produced a fit; no PTR estimate	BcgI:only 0 windows after outlier trimming	no enzyme produced a usable estimate
SF010.BcgI	GCF_002863305.1	s__Neisseria_perflava	5.293383327	6.474747475	0.07014005602	0.03901437372	13.90155378	3.797174238	NA	189	0.984900015	1.920237005	0.0335788656	7.560769609	1	1	1	BcgI	NA	fixed	751008.0631	glm	7	False	fraction 0.07 < 0.75; dispersion 6.47 > 5.0; containment 0.04 < 0.5	-	single enzyme: no cross-enzyme consistency check available
SF010.BcgI	GCF_002869785.1	s__Tsukamurella_tyrosinosolvens	NA	NA	NA	0.0001518141794	NA	NA	NA	0	NA	NA	NA	NA	0	1	0	-	NA	fixed	NA	none	0	False	containment 0.00 < 0.5; only 0/1 enzymes produced a fit; no PTR estimate	BcgI:only 0 windows after outlier trimming	no enzyme produced a usable estimate
SF010.BcgI	GCF_002871975.1	s__Actinomyces_graevenitzii	2.491431843	1.63982684	0.06296546192	0.033632287	2.694043691	1.429773248	NA	425	0.8804551019	0.6395850502	0.1762095845	2.683336911	1	1	1	BcgI	NA	fixed	1799634.548	glm	15	False	fraction 0.06 < 0.75; containment 0.03 < 0.5	-	single enzyme: no cross-enzyme consistency check available
SF010.BcgI	GCF_002884635.1	s__Prevotella_buccalis	NA	NA	NA	0.00278551532	NA	NA	NA	0	NA	NA	NA	NA	0	1	0	-	NA	fixed	NA	none	0	False	containment 0.00 < 0.5; only 0/1 enzymes produced a fit; no PTR estimate	BcgI:only 3 windows after outlier trimming	no enzyme produced a usable estimate
SF010.BcgI	GCF_002894165.1	s__Prevotella_timonensis	NA	NA	NA	0	NA	NA	NA	0	NA	NA	NA	NA	0	1	0	-	NA	fixed	NA	none	0	False	containment 0.00 < 0.5; only 0/1 enzymes produced a fit; no PTR estimate	BcgI:only 0 windows after outlier trimming	no enzyme produced a usable estimate
SF010.BcgI	GCF_002906715.1	s__Pseudomonas_E_sp002843585	NA	NA	NA	0	NA	NA	NA	0	NA	NA	NA	NA	0	1	0	-	NA	fixed	NA	none	0	False	containment 0.00 < 0.5; only 0/1 enzymes produced a fit; no PTR estimate	BcgI:only 0 windows after outlier trimming	no enzyme produced a usable estimate
SF010.BcgI	GCF_002907185.1	s__Fructilactobacillus_sanfranciscensis	NA	NA	NA	0	NA	NA	NA	0	NA	NA	NA	NA	0	1	0	-	NA	fixed	NA	none	0	False	containment 0.00 < 0.5; only 0/1 enzymes produced a fit; no PTR estimate	BcgI:only 0 windows after outlier trimming	no enzyme produced a usable estimate
SF010.BcgI	GCF_002912505.1	s__Campylobacter_A_concisus_T	NA	NA	NA	0.02430555556	NA	NA	NA	0	NA	NA	NA	NA	0	1	0	-	NA	fixed	NA	none	0	False	containment 0.02 < 0.5; only 0/1 enzymes produced a fit; no PTR estimate	BcgI:only 3 windows after outlier trimming	no enzyme produced a usable estimate
SF010.BcgI	GCF_002914085.1	s__Campylobacter_A_concisus_R	NA	NA	NA	0.02554744526	NA	NA	NA	0	NA	NA	NA	NA	0	1	0	-	NA	fixed	NA	none	0	False	containment 0.03 < 0.5; only 0/1 enzymes produced a fit; no PTR estimate	BcgI:only 3 windows after outlier trimming	no enzyme produced a usable estimate
SF010.BcgI	GCF_002934005.1	s__Cuspidothrix_issatschenkoi	NA	NA	NA	0	NA	NA	NA	0	NA	NA	NA	NA	0	1	0	-	NA	fixed	NA	none	0	False	containment 0.00 < 0.5; only 0/1 enzymes produced a fit; no PTR estimate	BcgI:only 0 windows after outlier trimming	no enzyme produced a usable estimate
SF010.BcgI	GCF_002948535.1	s__Enterococcus_faecalis	NA	NA	NA	0	NA	NA	NA	0	NA	NA	NA	NA	0	1	0	-	NA	fixed	NA	none	0	False	containment 0.00 < 0.5; only 0/1 enzymes produced a fit; no PTR estimate	BcgI:only 0 windows after outlier trimming	no enzyme produced a usable estimate
SF010.BcgI	GCF_002951835.1	s__Simonsiella_muelleri	NA	NA	NA	0	NA	NA	NA	0	NA	NA	NA	NA	0	1	0	-	NA	fixed	NA	none	0	False	containment 0.00 < 0.5; only 0/1 enzymes produced a fit; no PTR estimate	BcgI:only 0 windows after outlier trimming	no enzyme produced a usable estimate
SF010.BcgI	GCF_002959755.1	s__Veillonella_sp002959755	NA	NA	NA	0.04347826087	NA	NA	NA	0	NA	NA	NA	NA	0	1	0	-	NA	fixed	NA	none	0	False	containment 0.04 < 0.5; only 0/1 enzymes produced a fit; no PTR estimate	BcgI:only 4 windows after outlier trimming	no enzyme produced a usable estimate
SF010.BcgI	GCF_002959835.1	s__Veillonella_rogosae	3.097466388	1.776154401	0.08815842079	0.05995203837	8.685085442	3.118540042	NA	233	0.9664252692	1.08814422	0.9858165598	5.251263524	1	1	1	BcgI	NA	fixed	1290070.22	glm	10	False	fraction 0.09 < 0.75; containment 0.06 < 0.5	-	single enzyme: no cross-enzyme consistency check available
SF010.BcgI	GCF_002959855.1	s__Veillonella_denticariosi	NA	NA	NA	0.0016	NA	NA	NA	0	NA	NA	NA	NA	0	1	0	-	NA	fixed	NA	none	0	False	containment 0.00 < 0.5; only 0/1 enzymes produced a fit; no PTR estimate	BcgI:only 0 windows after outlier trimming	no enzyme produced a usable estimate
SF010.BcgI	GCF_002959875.1	s__Veillonella_infantium	NA	NA	NA	0.01666666667	NA	NA	NA	0	NA	NA	NA	NA	0	1	0	-	NA	fixed	NA	none	0	False	containment 0.02 < 0.5; only 0/1 enzymes produced a fit; no PTR estimate	BcgI:only 2 windows after outlier trimming	no enzyme produced a usable estimate
SF010.BcgI	GCF_002984015.1	s__Haemophilus_influenzae_D	NA	NA	NA	0.003861003861	NA	NA	NA	0	NA	NA	NA	NA	0	1	0	-	NA	fixed	NA	none	0	False	containment 0.00 < 0.5; only 0/1 enzymes produced a fit; no PTR estimate	BcgI:only 1 windows after outlier trimming	no enzyme produced a usable estimate
SF010.BcgI	GCF_002984725.1	s__Haemophilus_influenzae_E	NA	NA	NA	0	NA	NA	NA	0	NA	NA	NA	NA	0	1	0	-	NA	fixed	NA	none	0	False	containment 0.00 < 0.5; only 0/1 enzymes produced a fit; no PTR estimate	BcgI:only 0 windows after outlier trimming	no enzyme produced a usable estimate
SF010.BcgI	GCF_002989575.1	s__Haemophilus_influenzae_F	NA	NA	NA	0	NA	NA	NA	0	NA	NA	NA	NA	0	1	0	-	NA	fixed	NA	none	0	False	containment 0.00 < 0.5; only 0/1 enzymes produced a fit; no PTR estimate	BcgI:only 0 windows after outlier trimming	no enzyme produced a usable estimate
SF010.BcgI	GCF_002999035.1	s__W11650_sp002999035	NA	NA	NA	0.0006920415225	NA	NA	NA	0	NA	NA	NA	NA	0	1	0	-	NA	fixed	NA	none	0	False	containment 0.00 < 0.5; only 0/1 enzymes produced a fit; no PTR estimate	BcgI:only 0 windows after outlier trimming	no enzyme produced a usable estimate
SF010.BcgI	GCF_002999135.1	s__Capnocytophaga_sp002999135	71.47509172	17.66560847	0.05913978495	0.02130898021	27.39123477	4.775642398	NA	239	0.998952745	2.255732855	0.3544872426	9.196797553	1	1	1	BcgI	NA	fixed	722228.845	glm	9	False	fraction 0.06 < 0.75; dispersion 17.67 > 5.0; containment 0.02 < 0.5	-	single enzyme: no cross-enzyme consistency check available
SF010.BcgI	GCF_002999235.1	s__Actinomyces_sp002999235	4.216026683	7.57109308	0.1622088007	0.1808718282	3.4076369	1.768771618	NA	1159	0.9954745986	0.6905018551	0.4154128503	3.122130385	1	1	1	BcgI	NA	fixed	1064369.33	glm	19	False	fraction 0.16 < 0.75; dispersion 7.57 > 5.0; containment 0.18 < 0.5	-	single enzyme: no cross-enzyme consistency check available
SF010.BcgI	GCF_002999515.1	s__Streptococcus_anginosus_C	6.038240668	4.855459772	0.2500315657	0.185840708	1.185285033	0.2452340349	NA	293	0.6525509588	0.8801739818	-1.47987527	1.970343339	1	1	1	BcgI	NA	fixed	136228.125	glm	24	False	fraction 0.25 < 0.75; containment 0.19 < 0.5	-	single enzyme: no cross-enzyme consistency check available
SF010.BcgI	GCF_003008575.1	s__SC2-9_sp003008575	NA	NA	NA	0	NA	NA	NA	0	NA	NA	NA	NA	0	1	0	-	NA	fixed	NA	none	0	False	containment 0.00 < 0.5; only 0/1 enzymes produced a fit; no PTR estimate	BcgI:only 0 windows after outlier trimming	no enzyme produced a usable estimate
SF010.BcgI	GCF_003013245.1	s__Neisseria_iguanae	NA	NA	NA	0.0005834305718	NA	NA	NA	0	NA	NA	NA	NA	0	1	0	-	NA	fixed	NA	none	0	False	containment 0.00 < 0.5; only 0/1 enzymes produced a fit; no PTR estimate	BcgI:only 1 windows after outlier trimming	no enzyme produced a usable estimate
SF010.BcgI	GCF_003043925.1	s__Prevotella_sp003043925	NA	NA	NA	0.005085823268	NA	NA	NA	0	NA	NA	NA	NA	0	1	0	-	NA	fixed	NA	none	0	False	containment 0.01 < 0.5; only 0/1 enzymes produced a fit; no PTR estimate	BcgI:only 4 windows after outlier trimming	no enzyme produced a usable estimate
SF010.BcgI	GCF_003043935.1	s__Prevotella_jejuni	42.4063018	116.1058951	0.3157091048	0.3166332665	1.936462892	0.9534238554	NA	998	0.9998923469	0.7065421245	-0.4313732623	2.338220973	1	1	1	BcgI	NA	fixed	1868626.424	glm	26	False	fraction 0.32 < 0.75; dispersion 116.11 > 5.0; containment 0.32 < 0.5	-	single enzyme: no cross-enzyme consistency check available
SF010.BcgI	GCF_003043945.1	s__Prevotella_sp003043945	NA	NA	NA	0.004264392324	NA	NA	NA	0	NA	NA	NA	NA	0	1	0	-	NA	fixed	NA	none	0	False	containment 0.00 < 0.5; only 0/1 enzymes produced a fit; no PTR estimate	BcgI:only 3 windows after outlier trimming	no enzyme produced a usable estimate
SF010.BcgI	GCF_003043955.1	s__F0428_sp003043955	NA	NA	NA	0.006097560976	NA	NA	NA	0	NA	NA	NA	NA	0	1	0	-	NA	fixed	NA	none	0	False	containment 0.01 < 0.5; only 0/1 enzymes produced a fit; no PTR estimate	BcgI:only 2 windows after outlier trimming	no enzyme produced a usable estimate
SF010.BcgI	GCF_003044425.1	s__Neisseria_sicca_C	124.1483666	575.7320686	0.0631482437	0.03174603175	96.52697375	6.592860244	NA	195	0.9997343618	4.253753981	-1.744344358	14.93006485	1	1	1	BcgI	NA	fixed	541261.02	glm	9	False	fraction 0.06 < 0.75; dispersion 575.73 > 5.0; containment 0.03 < 0.5	-	single enzyme: no cross-enzyme consistency check available
SF010.BcgI	GCF_003044485.1	s__Neisseria_bergeri	39.37716087	NA	0.03752853598	0.01041666667	58.35885045	5.86687956	NA	134	0.9990402513	2.71184647	0.5517581475	11.18200097	1	1	1	BcgI	NA	fixed	473872.9	glm	5	False	fraction 0.04 < 0.75; containment 0.01 < 0.5	-	single enzyme: no cross-enzyme consistency check available
SF010.BcgI	GCF_003044645.1	s__Neisseria_subflava_B	97.08601362	285.9653547	0.06397786037	0.02874743326	10317.49726	13.33280543	NA	196	0.9998866502	7.27053192	-0.9171752768	27.58278615	1	1	1	BcgI	NA	fixed	1892392.988	glm	8	False	fraction 0.06 < 0.75; dispersion 285.97 > 5.0; containment 0.03 < 0.5	-	single enzyme: no cross-enzyme consistency check available
SF010.BcgI	GCF_003044905.1	s__Neisseria_weaveri	NA	NA	NA	0	NA	NA	NA	0	NA	NA	NA	NA	0	1	0	-	NA	fixed	NA	none	0	False	containment 0.00 < 0.5; only 0/1 enzymes produced a fit; no PTR estimate	BcgI:only 0 windows after outlier trimming	no enzyme produced a usable estimate
SF010.BcgI	GCF_003048595.1	s__Campylobacter_A_concisus_L	NA	NA	NA	0.008130081301	NA	NA	NA	0	NA	NA	NA	NA	0	1	0	-	NA	fixed	NA	none	0	False	containment 0.01 < 0.5; only 0/1 enzymes produced a fit; no PTR estimate	BcgI:only 1 windows after outlier trimming	no enzyme produced a usable estimate
SF010.BcgI	GCF_003048835.1	s__Campylobacter_A_concisus_D	NA	NA	NA	0.01677852349	NA	NA	NA	0	NA	NA	NA	NA	0	1	0	-	NA	fixed	NA	none	0	False	containment 0.02 < 0.5; only 0/1 enzymes produced a fit; no PTR estimate	BcgI:only 3 windows after outlier trimming	no enzyme produced a usable estimate
SF010.BcgI	GCF_003053105.1	s__Limosilactobacillus_fermentum	1.434733203	0.8209876543	0.1177345346	0.03703703704	1.558224163	0.6399027914	NA	159	0.65517872	1.119160062	-1.553610624	2.833416207	1	1	1	BcgI	NA	fixed	357698.385	glm	7	False	fraction 0.12 < 0.75; containment 0.04 < 0.5	-	single enzyme: no cross-enzyme consistency check available
SF010.BcgI	GCF_003056725.1	s__Mangrovicoccus_ximenensis	NA	NA	NA	0	NA	NA	NA	0	NA	NA	NA	NA	0	1	0	-	NA	fixed	NA	none	0	False	containment 0.00 < 0.5; only 0/1 enzymes produced a fit; no PTR estimate	BcgI:only 0 windows after outlier trimming	no enzyme produced a usable estimate
SF010.BcgI	GCF_003096815.1	s__Prevotella_colorans	NA	NA	NA	0	NA	NA	NA	0	NA	NA	NA	NA	0	1	0	-	NA	fixed	NA	none	0	False	containment 0.00 < 0.5; only 0/1 enzymes produced a fit; no PTR estimate	BcgI:only 0 windows after outlier trimming	no enzyme produced a usable estimate
SF010.BcgI	GCF_003124035.1	s__Kocuria_rosea	NA	NA	NA	0	NA	NA	NA	0	NA	NA	NA	NA	0	1	0	-	NA	fixed	NA	none	0	False	containment 0.00 < 0.5; only 0/1 enzymes produced a fit; no PTR estimate	BcgI:only 0 windows after outlier trimming	no enzyme produced a usable estimate
SF010.BcgI	GCF_003129965.1	s__Aggregatibacter_kilianii_A	NA	NA	NA	0.001342281879	NA	NA	NA	0	NA	NA	NA	NA	0	1	0	-	NA	fixed	NA	none	0	False	containment 0.00 < 0.5; only 0/1 enzymes produced a fit; no PTR estimate	BcgI:only 2 windows after outlier trimming	no enzyme produced a usable estimate
SF010.BcgI	GCF_003130075.1	s__Aggregatibacter_segnis_A	7.877093569	12.62910335	0.1182892296	0.1058394161	4.680548954	2.226677745	NA	491	0.9977534636	0.9848185969	0.2964687637	4.156886726	1	1	1	BcgI	NA	fixed	217358.7133	glm	20	False	fraction 0.12 < 0.75; dispersion 12.63 > 5.0; containment 0.11 < 0.5	-	single enzyme: no cross-enzyme consistency check available
SF010.BcgI	GCF_003182235.1	s__Phyllobacterium_myrsinacearum	NA	NA	NA	0	NA	NA	NA	0	NA	NA	NA	NA	0	1	0	-	NA	fixed	NA	none	0	False	containment 0.00 < 0.5; only 0/1 enzymes produced a fit; no PTR estimate	BcgI:only 0 windows after outlier trimming	no enzyme produced a usable estimate
SF010.BcgI	GCF_003201255.1	s__Pantoea_ananatis	NA	NA	NA	0	NA	NA	NA	0	NA	NA	NA	NA	0	1	0	-	NA	fixed	NA	none	0	False	containment 0.00 < 0.5; only 0/1 enzymes produced a fit; no PTR estimate	BcgI:only 0 windows after outlier trimming	no enzyme produced a usable estimate
SF010.BcgI	GCF_003252645.1	s__Aggregatibacter_segnis	6.781740299	9.926885004	0.1588069665	0.1012433393	1.516984227	0.6012060848	NA	484	0.5985938	1.45368938	-2.247972745	3.450384914	1	1	1	BcgI	NA	fixed	1379014.523	glm	22	False	fraction 0.16 < 0.75; dispersion 9.93 > 5.0; containment 0.10 < 0.5	-	single enzyme: no cross-enzyme consistency check available
SF010.BcgI	GCF_003252725.1	s__Haemophilus_D_parainfluenzae_L	NA	NA	NA	0.0170212766	NA	NA	NA	0	NA	NA	NA	NA	0	1	0	-	NA	fixed	NA	none	0	False	containment 0.02 < 0.5; only 0/1 enzymes produced a fit; no PTR estimate	BcgI:only 3 windows after outlier trimming	no enzyme produced a usable estimate
SF010.BcgI	GCF_003252795.1	s__Haemophilus_D_parainfluenzae_K	15.80304904	NA	0.04838139459	0.02916666667	9.924284608	3.310963109	NA	138	0.9840331761	1.670856648	0.03614425513	6.585781964	1	1	1	BcgI	NA	fixed	1122986.634	glm	6	False	fraction 0.05 < 0.75; containment 0.03 < 0.5	-	single enzyme: no cross-enzyme consistency check available
SF010.BcgI	GCF_003252835.1	s__Aggregatibacter_kilianii	7.599312604	23.68421053	0.04275132275	0.01306240929	5.496005646	2.458383486	NA	187	0.9890605994	2.117731456	-1.692293897	6.609060869	1	1	1	BcgI	NA	fixed	356884.7333	glm	7	False	fraction 0.04 < 0.75; dispersion 23.68 > 5.0; containment 0.01 < 0.5	-	single enzyme: no cross-enzyme consistency check available
SF010.BcgI	GCF_003263915.2	s__Dolosigranulum_pigrum	NA	NA	NA	0	NA	NA	NA	0	NA	NA	NA	NA	0	1	0	-	NA	fixed	NA	none	0	False	containment 0.00 < 0.5; only 0/1 enzymes produced a fit; no PTR estimate	BcgI:only 0 windows after outlier trimming	no enzyme produced a usable estimate
SF010.BcgI	GCF_003345135.1	s__Acidovorax_defluvii	NA	NA	NA	0	NA	NA	NA	0	NA	NA	NA	NA	0	1	0	-	NA	fixed	NA	none	0	False	containment 0.00 < 0.5; only 0/1 enzymes produced a fit; no PTR estimate	BcgI:only 0 windows after outlier trimming	no enzyme produced a usable estimate
SF010.BcgI	GCF_003428885.1	s__Streptococcus_sp003428885	NA	NA	NA	0.01282051282	NA	NA	NA	0	NA	NA	NA	NA	0	1	0	-	NA	fixed	NA	none	0	False	containment 0.01 < 0.5; only 0/1 enzymes produced a fit; no PTR estimate	BcgI:only 2 windows after outlier trimming	no enzyme produced a usable estimate
SF010.BcgI	GCF_003433295.1	s__Eubacterium_A_minutum	NA	NA	NA	0.00103950104	NA	NA	NA	0	NA	NA	NA	NA	0	1	0	-	NA	fixed	NA	none	0	False	containment 0.00 < 0.5; only 0/1 enzymes produced a fit; no PTR estimate	BcgI:only 1 windows after outlier trimming	no enzyme produced a usable estimate
SF010.BcgI	GCF_003463825.1	s__Veillonella_sp003463825	NA	NA	NA	0.06666666667	NA	NA	NA	0	NA	NA	NA	NA	0	1	0	-	NA	fixed	NA	none	0	False	containment 0.07 < 0.5; only 0/1 enzymes produced a fit; no PTR estimate	BcgI:only 19 anchors (< 30)	no enzyme produced a usable estimate
SF010.BcgI	GCF_003464005.1	s__Veillonella_parvula_A	87.46464226	190.4206083	0.6514502436	0.4641744548	3.814712609	1.931574372	NA	278	0.9998200087	0.8989918598	0.1695827043	3.69356604	1	1	1	BcgI	NA	fixed	377691.0667	glm	56	False	fraction 0.65 < 0.75; dispersion 190.42 > 5.0; containment 0.46 < 0.5	-	single enzyme: no cross-enzyme consistency check available
SF010.BcgI	GCF_003490595.1	s__Haemophilus_haemolyticus_I	NA	NA	NA	0.008097165992	NA	NA	NA	0	NA	NA	NA	NA	0	1	0	-	NA	fixed	NA	none	0	False	containment 0.01 < 0.5; only 0/1 enzymes produced a fit; no PTR estimate	BcgI:only 2 windows after outlier trimming	no enzyme produced a usable estimate
SF010.BcgI	GCF_003492425.1	s__Neisseria_lactamica	NA	NA	NA	0.009845288326	NA	NA	NA	0	NA	NA	NA	NA	0	1	0	-	NA	fixed	NA	none	0	False	containment 0.01 < 0.5; only 0/1 enzymes produced a fit; no PTR estimate	BcgI:only 3 windows after outlier trimming	no enzyme produced a usable estimate
SF010.BcgI	GCF_003493605.1	s__Haemophilus_haemolyticus_J	NA	NA	NA	0	NA	NA	NA	0	NA	NA	NA	NA	0	1	0	-	NA	fixed	NA	none	0	False	containment 0.00 < 0.5; only 0/1 enzymes produced a fit; no PTR estimate	BcgI:only 0 windows after outlier trimming	no enzyme produced a usable estimate
SF010.BcgI	GCF_003570845.1	s__Allisonella_pneumosintes	NA	NA	NA	0	NA	NA	NA	0	NA	NA	NA	NA	0	1	0	-	NA	fixed	NA	none	0	False	containment 0.00 < 0.5; only 0/1 enzymes produced a fit; no PTR estimate	BcgI:only 0 windows after outlier trimming	no enzyme produced a usable estimate
SF010.BcgI	GCF_003603405.1	s__Streptococcus_koreensis	2.731469463	1.559920635	0.08930371589	0.07492795389	1.428586752	0.5145886474	NA	241	0.664224071	0.4589951252	-0.385025267	1.414202562	1	1	1	BcgI	NA	fixed	1898870.091	glm	10	False	fraction 0.09 < 0.75; containment 0.07 < 0.5	-	single enzyme: no cross-enzyme consistency check available
SF010.BcgI	GCF_003609775.1	s__Prevotella_melaninogenica_A	45.73089542	76.13638772	0.06615677124	0.05518169583	2.204045835	1.140154226	NA	618	0.9762183409	1.429484158	-1.661583239	3.941891692	1	1	1	BcgI	NA	fixed	1386585.999	glm	21	False	fraction 0.07 < 0.75; dispersion 76.14 > 5.0; containment 0.06 < 0.5	-	single enzyme: no cross-enzyme consistency check available
SF010.BcgI	GCF_003627155.1	s__Streptococcus_gwangjuense	NA	NA	NA	0.2083333333	NA	NA	NA	0	NA	NA	NA	NA	0	1	0	-	NA	fixed	NA	none	0	False	containment 0.21 < 0.5; only 0/1 enzymes produced a fit; no PTR estimate	BcgI:only 3 windows after outlier trimming	no enzyme produced a usable estimate
SF010.BcgI	GCF_003660455.1	s__Nocardioides_sp003660455	NA	NA	NA	0	NA	NA	NA	0	NA	NA	NA	NA	0	1	0	-	NA	fixed	NA	none	0	False	containment 0.00 < 0.5; only 0/1 enzymes produced a fit; no PTR estimate	BcgI:only 0 windows after outlier trimming	no enzyme produced a usable estimate
SF010.BcgI	GCF_003710825.1	s__Brevibacillus_D_fluminis	NA	NA	NA	0	NA	NA	NA	0	NA	NA	NA	NA	0	1	0	-	NA	fixed	NA	none	0	False	containment 0.00 < 0.5; only 0/1 enzymes produced a fit; no PTR estimate	BcgI:only 0 windows after outlier trimming	no enzyme produced a usable estimate
SF010.BcgI	GCF_003710885.1	s__Brevibacillus_agri	NA	NA	NA	0	NA	NA	NA	0	NA	NA	NA	NA	0	1	0	-	NA	fixed	NA	none	0	False	containment 0.00 < 0.5; only 0/1 enzymes produced a fit; no PTR estimate	BcgI:only 0 windows after outlier trimming	no enzyme produced a usable estimate
SF010.BcgI	GCF_003790445.1	s__Neisseria_chenwenguii	NA	NA	NA	0	NA	NA	NA	0	NA	NA	NA	NA	0	1	0	-	NA	fixed	NA	none	0	False	containment 0.00 < 0.5; only 0/1 enzymes produced a fit; no PTR estimate	BcgI:only 0 windows after outlier trimming	no enzyme produced a usable estimate
SF010.BcgI	GCF_003797385.1	s__Arachnia_propionica	4.058319596	7.601706935	0.1681818182	0.1721568627	0.8738213035	-0.1945898162	NA	2150	0.9936706991	0.3480442125	-0.8767439378	0.4875643054	1	1	1	BcgI	NA	fixed	1269500.895	glm	22	False	fraction 0.17 < 0.75; dispersion 7.60 > 5.0; containment 0.17 < 0.5	-	single enzyme: no cross-enzyme consistency check available
SF010.BcgI	GCF_003798325.1	s__Propionibacterium_acidifaciens	4.883007779	144.3243543	0.3679172679	0.3677089597	1.160954057	0.2153108808	NA	3326	0.9997727526	0.5401986602	-0.8434590377	1.274080799	1	1	1	BcgI	NA	fixed	1729236.585	glm	33	False	fraction 0.37 < 0.75; dispersion 144.32 > 5.0; containment 0.37 < 0.5	-	single enzyme: no cross-enzyme consistency check available
SF010.BcgI	GCF_003813805.1	s__Neisseria_sp002327085	NA	NA	NA	0.001059322034	NA	NA	NA	0	NA	NA	NA	NA	0	1	0	-	NA	fixed	NA	none	0	False	containment 0.00 < 0.5; only 0/1 enzymes produced a fit; no PTR estimate	BcgI:only 1 windows after outlier trimming	no enzyme produced a usable estimate
SF010.BcgI	GCF_003837955.1	s__Campylobacter_D_hepaticus	NA	NA	NA	0	NA	NA	NA	0	NA	NA	NA	NA	0	1	0	-	NA	fixed	NA	none	0	False	containment 0.00 < 0.5; only 0/1 enzymes produced a fit; no PTR estimate	BcgI:only 0 windows after outlier trimming	no enzyme produced a usable estimate
SF010.BcgI	GCF_003851545.1	s__Ralstonia_sp003851545	NA	NA	NA	0	NA	NA	NA	0	NA	NA	NA	NA	0	1	0	-	NA	fixed	NA	none	0	False	containment 0.00 < 0.5; only 0/1 enzymes produced a fit; no PTR estimate	BcgI:only 0 windows after outlier trimming	no enzyme produced a usable estimate
SF010.BcgI	GCF_003853905.1	s__Burkholderia_contaminans	NA	NA	NA	5.954862145e-05	NA	NA	NA	0	NA	NA	NA	NA	0	1	0	-	NA	fixed	NA	none	0	False	containment 0.00 < 0.5; only 0/1 enzymes produced a fit; no PTR estimate	BcgI:only 0 windows after outlier trimming	no enzyme produced a usable estimate
SF010.BcgI	GCF_003859795.1	s__F0040_sp003859795	NA	NA	NA	0.0009302325581	NA	NA	NA	0	NA	NA	NA	NA	0	1	0	-	NA	fixed	NA	none	0	False	containment 0.00 < 0.5; only 0/1 enzymes produced a fit; no PTR estimate	BcgI:only 2 windows after outlier trimming	no enzyme produced a usable estimate
SF010.BcgI	GCF_003859805.1	s__Arachnia_propionica_C	NA	NA	NA	0	NA	NA	NA	0	NA	NA	NA	NA	0	1	0	-	NA	fixed	NA	none	0	False	containment 0.00 < 0.5; only 0/1 enzymes produced a fit; no PTR estimate	BcgI:only 0 windows after outlier trimming	no enzyme produced a usable estimate
SF010.BcgI	GCF_003862475.1	s__Lachnoanaerobaculum_gingivalis	24.0139108	83.80320475	0.4263282526	0.4420731707	3.121982997	1.64246268	NA	328	0.9997483147	0.9260872687	-0.172635013	3.457560373	1	1	1	BcgI	NA	fixed	1459362.685	glm	14	False	fraction 0.43 < 0.75; dispersion 83.80 > 5.0; containment 0.44 < 0.5	-	single enzyme: no cross-enzyme consistency check available
SF010.BcgI	GCF_003892345.1	s__Lautropia_dentalis	19.13319532	25.89939394	0.01833333333	0.003526858383	31.43701778	4.97439246	NA	600	0.9977295745	3.890497615	-2.650842748	12.59962767	1	1	1	BcgI	NA	fixed	970404.2667	glm	6	False	fraction 0.02 < 0.75; dispersion 25.90 > 5.0; containment 0.00 < 0.5	-	single enzyme: no cross-enzyme consistency check available
SF010.BcgI	GCF_003932785.1	s__Arachnia_propionica_B	NA	NA	NA	0	NA	NA	NA	0	NA	NA	NA	NA	0	1	0	-	NA	fixed	NA	none	0	False	containment 0.00 < 0.5; only 0/1 enzymes produced a fit; no PTR estimate	BcgI:only 0 windows after outlier trimming	no enzyme produced a usable estimate
SF010.BcgI	GCF_003932855.1	s__Arachnia_sp003932855	NA	NA	NA	0.0003270111184	NA	NA	NA	0	NA	NA	NA	NA	0	1	0	-	NA	fixed	NA	none	0	False	containment 0.00 < 0.5; only 0/1 enzymes produced a fit; no PTR estimate	BcgI:only 1 windows after outlier trimming	no enzyme produced a usable estimate
SF010.BcgI	GCF_003942575.1	s__Streptococcus_mitis_S	NA	NA	NA	0	NA	NA	NA	0	NA	NA	NA	NA	0	1	0	-	NA	fixed	NA	none	0	False	containment 0.00 < 0.5; only 0/1 enzymes produced a fit; no PTR estimate	BcgI:only 0 windows after outlier trimming	no enzyme produced a usable estimate
SF010.BcgI	GCF_003942585.1	s__Streptococcus_oralis_BE	16.49218382	10.04216524	0.1980909091	0.09803921569	7.932098748	2.987702638	NA	75	0.9892694276	0.9548083422	1.116312675	4.859092601	1	1	1	BcgI	NA	fixed	1676481.667	glm	5	False	fraction 0.20 < 0.75; dispersion 10.04 > 5.0; containment 0.10 < 0.5	-	single enzyme: no cross-enzyme consistency check available
SF010.BcgI	GCF_003942665.1	s__Streptococcus_oralis_BD	17.72264053	10.49182264	0.2607142857	0.128440367	7.911190802	2.983894867	NA	52	0.9971481148	1.586049733	-0.1247054868	6.092495221	1	1	1	BcgI	NA	fixed	1305811.737	glm	8	False	fraction 0.26 < 0.75; dispersion 10.49 > 5.0; containment 0.13 < 0.5	-	single enzyme: no cross-enzyme consistency check available
SF010.BcgI	GCF_003942775.1	s__Streptococcus_mitis_AK	NA	NA	NA	0	NA	NA	NA	0	NA	NA	NA	NA	0	1	0	-	NA	fixed	NA	none	0	False	containment 0.00 < 0.5; only 0/1 enzymes produced a fit; no PTR estimate	BcgI:only 0 windows after outlier trimming	no enzyme produced a usable estimate
SF010.BcgI	GCF_003942795.1	s__Streptococcus_mitis_BJ	24.80655637	1.230769231	0.2864850427	0.1020408163	123.2614776	6.945578181	NA	44	0.9981845528	1.718688446	3.577010726	10.31414564	1	1	1	BcgI	NA	fixed	1483083.683	glm	8	False	fraction 0.29 < 0.75; containment 0.10 < 0.5	-	single enzyme: no cross-enzyme consistency check available
SF010.BcgI	GCF_003942865.1	s__Streptococcus_mitis_BI	NA	NA	NA	0.09090909091	NA	NA	NA	0	NA	NA	NA	NA	0	1	0	-	NA	fixed	NA	none	0	False	containment 0.09 < 0.5; only 0/1 enzymes produced a fit; no PTR estimate	BcgI:only 3 windows after outlier trimming	no enzyme produced a usable estimate
SF010.BcgI	GCF_003942915.1	s__Streptococcus_mitis_AX	NA	NA	NA	0.01176470588	NA	NA	NA	0	NA	NA	NA	NA	0	1	0	-	NA	fixed	NA	none	0	False	containment 0.01 < 0.5; only 0/1 enzymes produced a fit; no PTR estimate	BcgI:only 1 windows after outlier trimming	no enzyme produced a usable estimate
SF010.BcgI	GCF_003942945.1	s__Streptococcus_mitis_BD	NA	NA	NA	0.05405405405	NA	NA	NA	0	NA	NA	NA	NA	0	1	0	-	NA	fixed	NA	none	0	False	containment 0.05 < 0.5; only 0/1 enzymes produced a fit; no PTR estimate	BcgI:only 3 windows after outlier trimming	no enzyme produced a usable estimate
SF010.BcgI	GCF_003942965.1	s__Streptococcus_mitis_BH	NA	NA	NA	0.03658536585	NA	NA	NA	0	NA	NA	NA	NA	0	1	0	-	NA	fixed	NA	none	0	False	containment 0.04 < 0.5; only 0/1 enzymes produced a fit; no PTR estimate	BcgI:only 1 windows after outlier trimming	no enzyme produced a usable estimate
SF010.BcgI	GCF_003942985.1	s__Streptococcus_oralis_G	NA	NA	NA	0.05882352941	NA	NA	NA	0	NA	NA	NA	NA	0	1	0	-	NA	fixed	NA	none	0	False	containment 0.06 < 0.5; only 0/1 enzymes produced a fit; no PTR estimate	BcgI:only 3 windows after outlier trimming	no enzyme produced a usable estimate
SF010.BcgI	GCF_003943395.1	s__Streptococcus_oralis_BF	NA	NA	NA	0.03100775194	NA	NA	NA	0	NA	NA	NA	NA	0	1	0	-	NA	fixed	NA	none	0	False	containment 0.03 < 0.5; only 0/1 enzymes produced a fit; no PTR estimate	BcgI:only 3 windows after outlier trimming	no enzyme produced a usable estimate
SF010.BcgI	GCF_003943415.1	s__Streptococcus_oralis_BJ	NA	NA	NA	0.04395604396	NA	NA	NA	0	NA	NA	NA	NA	0	1	0	-	NA	fixed	NA	none	0	False	containment 0.04 < 0.5; only 0/1 enzymes produced a fit; no PTR estimate	BcgI:only 2 windows after outlier trimming	no enzyme produced a usable estimate
SF010.BcgI	GCF_003943505.1	s__Streptococcus_cristatus_E	NA	NA	NA	0.04390243902	NA	NA	NA	0	NA	NA	NA	NA	0	1	0	-	NA	fixed	NA	none	0	False	containment 0.04 < 0.5; only 0/1 enzymes produced a fit; no PTR estimate	BcgI:only 3 windows after outlier trimming	no enzyme produced a usable estimate
SF010.BcgI	GCF_003943515.1	s__Streptococcus_cristatus_D	40.18564468	15.02419355	0.1789285714	0.04522613065	5696.674099	12.47590416	NA	98	0.9992586282	3.20260561	6.198912506	18.75289581	1	1	1	BcgI	NA	fixed	1791320.667	glm	6	False	fraction 0.18 < 0.75; dispersion 15.02 > 5.0; containment 0.05 < 0.5	-	single enzyme: no cross-enzyme consistency check available
SF010.BcgI	GCF_003943735.1	s__Streptococcus_sanguinis_E	15.14995212	35.05041822	0.1245376431	0.08786610879	55.51333192	5.794762382	NA	173	0.999776008	1.475912442	2.902027151	8.687497612	1	1	1	BcgI	NA	fixed	1249331.767	glm	8	False	fraction 0.12 < 0.75; dispersion 35.05 > 5.0; containment 0.09 < 0.5	-	single enzyme: no cross-enzyme consistency check available
SF010.BcgI	GCF_003943815.1	s__Streptococcus_cristatus_F	7.877114946	0.9285714286	0.1370876467	0.04188481675	4.499107008	2.169638681	NA	90	0.7826683577	2.184031211	-2.110983833	6.450261195	1	1	1	BcgI	NA	fixed	173429.18	glm	6	False	fraction 0.14 < 0.75; containment 0.04 < 0.5	-	single enzyme: no cross-enzyme consistency check available
SF010.BcgI	GCF_003943935.1	s__Streptococcus_mitis_BK	NA	NA	NA	0.01298701299	NA	NA	NA	0	NA	NA	NA	NA	0	1	0	-	NA	fixed	NA	none	0	False	containment 0.01 < 0.5; only 0/1 enzymes produced a fit; no PTR estimate	BcgI:only 1 windows after outlier trimming	no enzyme produced a usable estimate
SF010.BcgI	GCF_003943955.1	s__Streptococcus_oralis_AC	NA	NA	NA	0	NA	NA	NA	0	NA	NA	NA	NA	0	1	0	-	NA	fixed	NA	none	0	False	containment 0.00 < 0.5; only 0/1 enzymes produced a fit; no PTR estimate	BcgI:only 0 windows after outlier trimming	no enzyme produced a usable estimate
SF010.BcgI	GCF_003944205.1	s__Streptococcus_oralis_BH	NA	NA	NA	0.05555555556	NA	NA	NA	0	NA	NA	NA	NA	0	1	0	-	NA	fixed	NA	none	0	False	containment 0.06 < 0.5; only 0/1 enzymes produced a fit; no PTR estimate	BcgI:only 1 windows after outlier trimming	no enzyme produced a usable estimate
SF010.BcgI	GCF_003944215.1	s__Streptococcus_oralis_BI	NA	NA	NA	0.03125	NA	NA	NA	0	NA	NA	NA	NA	0	1	0	-	NA	fixed	NA	none	0	False	containment 0.03 < 0.5; only 0/1 enzymes produced a fit; no PTR estimate	BcgI:only 1 windows after outlier trimming	no enzyme produced a usable estimate
SF010.BcgI	GCF_003944225.1	s__Streptococcus_cristatus_C	NA	NA	NA	0.07106598985	NA	NA	NA	0	NA	NA	NA	NA	0	1	0	-	NA	fixed	NA	none	0	False	containment 0.07 < 0.5; only 0/1 enzymes produced a fit; no PTR estimate	BcgI:only 3 windows after outlier trimming	no enzyme produced a usable estimate
SF010.BcgI	GCF_003944325.1	s__Streptococcus_mitis_O	NA	NA	NA	0	NA	NA	NA	0	NA	NA	NA	NA	0	1	0	-	NA	fixed	NA	none	0	False	containment 0.00 < 0.5; only 0/1 enzymes produced a fit; no PTR estimate	BcgI:only 0 windows after outlier trimming	no enzyme produced a usable estimate
SF010.BcgI	GCF_003944465.1	s__Streptococcus_sanguinis_F	42.64688805	148.5248966	0.1501367521	0.08502024291	6.36909846	2.671089175	NA	195	0.9986372027	2.662391546	-2.547102367	7.889280717	1	1	1	BcgI	NA	fixed	831834.4183	glm	10	False	fraction 0.15 < 0.75; dispersion 148.52 > 5.0; containment 0.09 < 0.5	-	single enzyme: no cross-enzyme consistency check available
SF010.BcgI	GCF_003964245.1	s__Enterobacter_hormaechei_A	NA	NA	NA	0	NA	NA	NA	0	NA	NA	NA	NA	0	1	0	-	NA	fixed	NA	none	0	False	containment 0.00 < 0.5; only 0/1 enzymes produced a fit; no PTR estimate	BcgI:only 0 windows after outlier trimming	no enzyme produced a usable estimate
SF010.BcgI	GCF_003977605.1	s__Prevotella_koreensis	2.197811695	0.9455555556	0.0337995338	0.02604482132	1.121104018	0.1649201406	NA	858	0.3546438906	0.6565059969	-1.121807969	1.45164825	1	1	1	BcgI	NA	fixed	261427.3472	glm	13	False	fraction 0.03 < 0.75; containment 0.03 < 0.5	-	single enzyme: no cross-enzyme consistency check available
SF010.BcgI	GCF_003990355.1	s__Eikenella_corrodens_B	5.331357647	4.605675853	0.06217008798	0.05008944544	0.9087061048	-0.1381143238	NA	898	0.9374487575	1.388825201	-2.860161698	2.583933051	1	1	1	BcgI	NA	fixed	59240.6925	glm	20	False	fraction 0.06 < 0.75; containment 0.05 < 0.5	-	single enzyme: no cross-enzyme consistency check available
SF010.BcgI	GCF_003992005.1	s__F0422_sp003992005	NA	NA	NA	0	NA	NA	NA	0	NA	NA	NA	NA	0	1	0	-	NA	fixed	NA	none	0	False	containment 0.00 < 0.5; only 0/1 enzymes produced a fit; no PTR estimate	BcgI:only 0 windows after outlier trimming	no enzyme produced a usable estimate
SF010.BcgI	GCF_003992055.1	s__F0422_sp003992055	NA	NA	NA	0	NA	NA	NA	0	NA	NA	NA	NA	0	1	0	-	NA	fixed	NA	none	0	False	containment 0.00 < 0.5; only 0/1 enzymes produced a fit; no PTR estimate	BcgI:only 0 windows after outlier trimming	no enzyme produced a usable estimate
SF010.BcgI	GCF_003992085.1	s__F0422_sp003992015	NA	NA	NA	0	NA	NA	NA	0	NA	NA	NA	NA	0	1	0	-	NA	fixed	NA	none	0	False	containment 0.00 < 0.5; only 0/1 enzymes produced a fit; no PTR estimate	BcgI:only 0 windows after outlier trimming	no enzyme produced a usable estimate
SF010.BcgI	GCF_003992135.1	s__F0422_sp003992135	NA	NA	NA	0	NA	NA	NA	0	NA	NA	NA	NA	0	1	0	-	NA	fixed	NA	none	0	False	containment 0.00 < 0.5; only 0/1 enzymes produced a fit; no PTR estimate	BcgI:only 0 windows after outlier trimming	no enzyme produced a usable estimate
SF010.BcgI	GCF_003992235.1	s__F0422_sp001553345	NA	NA	NA	0	NA	NA	NA	0	NA	NA	NA	NA	0	1	0	-	NA	fixed	NA	none	0	False	containment 0.00 < 0.5; only 0/1 enzymes produced a fit; no PTR estimate	BcgI:only 0 windows after outlier trimming	no enzyme produced a usable estimate
SF010.BcgI	GCF_003992315.1	s__F0422_sp003992315	NA	NA	NA	0.003787878788	NA	NA	NA	0	NA	NA	NA	NA	0	1	0	-	NA	fixed	NA	none	0	False	containment 0.00 < 0.5; only 0/1 enzymes produced a fit; no PTR estimate	BcgI:only 0 windows after outlier trimming	no enzyme produced a usable estimate
SF010.BcgI	GCF_004000985.1	s__Paenibacillus_G_validus	NA	NA	NA	0	NA	NA	NA	0	NA	NA	NA	NA	0	1	0	-	NA	fixed	NA	none	0	False	containment 0.00 < 0.5; only 0/1 enzymes produced a fit; no PTR estimate	BcgI:only 0 windows after outlier trimming	no enzyme produced a usable estimate
SF010.BcgI	GCF_004025845.1	s__Janibacter_hoylei	NA	NA	NA	0	NA	NA	NA	0	NA	NA	NA	NA	0	1	0	-	NA	fixed	NA	none	0	False	containment 0.00 < 0.5; only 0/1 enzymes produced a fit; no PTR estimate	BcgI:only 0 windows after outlier trimming	no enzyme produced a usable estimate
SF010.BcgI	GCF_004114445.1	s__Bradyrhizobium_guangzhouense	NA	NA	NA	0	NA	NA	NA	0	NA	NA	NA	NA	0	1	0	-	NA	fixed	NA	none	0	False	containment 0.00 < 0.5; only 0/1 enzymes produced a fit; no PTR estimate	BcgI:only 0 windows after outlier trimming	no enzyme produced a usable estimate
SF010.BcgI	GCF_004127235.1	s__Streptococcus_sp000831085	NA	NA	NA	0.07079646018	NA	NA	NA	0	NA	NA	NA	NA	0	1	0	-	NA	fixed	NA	none	0	False	containment 0.07 < 0.5; only 0/1 enzymes produced a fit; no PTR estimate	BcgI:only 3 windows after outlier trimming	no enzyme produced a usable estimate
SF010.BcgI	GCF_004134945.1	s__Fusobacterium_C_necrophorum	NA	NA	NA	0	NA	NA	NA	0	NA	NA	NA	NA	0	1	0	-	NA	fixed	NA	none	0	False	containment 0.00 < 0.5; only 0/1 enzymes produced a fit; no PTR estimate	BcgI:only 0 windows after outlier trimming	no enzyme produced a usable estimate
SF010.BcgI	GCF_004136315.1	s__Mesorhizobium_sp004136315	NA	NA	NA	0	NA	NA	NA	0	NA	NA	NA	NA	0	1	0	-	NA	fixed	NA	none	0	False	containment 0.00 < 0.5; only 0/1 enzymes produced a fit; no PTR estimate	BcgI:only 0 windows after outlier trimming	no enzyme produced a usable estimate
SF010.BcgI	GCF_004136555.1	s__Kocuria_carniphila	NA	NA	NA	0	NA	NA	NA	0	NA	NA	NA	NA	0	1	0	-	NA	fixed	NA	none	0	False	containment 0.00 < 0.5; only 0/1 enzymes produced a fit; no PTR estimate	BcgI:only 0 windows after outlier trimming	no enzyme produced a usable estimate
SF010.BcgI	GCF_004138405.1	s__UBA2866_sp004138405	38.20722726	40.34752321	0.3777722416	0.2768595041	3.208273467	1.681797119	NA	215	0.999392666	1.055691146	-0.387319505	3.750913744	1	1	1	BcgI	NA	fixed	375893.1828	glm	19	False	fraction 0.38 < 0.75; dispersion 40.35 > 5.0; containment 0.28 < 0.5	-	single enzyme: no cross-enzyme consistency check available
SF010.BcgI	GCF_004138455.1	s__UBA1103_sp004138455	3.127196119	3.023809524	0.1992577031	0.03488372093	2.977277348	1.573993622	NA	128	0.7913769339	0.6334149981	0.3325230386	2.815464206	1	1	1	BcgI	NA	fixed	60324.865	glm	8	False	fraction 0.20 < 0.75; containment 0.03 < 0.5	-	single enzyme: no cross-enzyme consistency check available
SF010.BcgI	GCF_004151355.1	s__Dermacoccus_abyssi	NA	NA	NA	0.0005859375	NA	NA	NA	0	NA	NA	NA	NA	0	1	0	-	NA	fixed	NA	none	0	False	containment 0.00 < 0.5; only 0/1 enzymes produced a fit; no PTR estimate	BcgI:only 2 windows after outlier trimming	no enzyme produced a usable estimate
SF010.BcgI	GCF_004151455.1	s__UMGS1907_sp004151455	NA	NA	NA	0	NA	NA	NA	0	NA	NA	NA	NA	0	1	0	-	NA	fixed	NA	none	0	False	containment 0.00 < 0.5; only 0/1 enzymes produced a fit; no PTR estimate	BcgI:only 0 windows after outlier trimming	no enzyme produced a usable estimate
SF010.BcgI	GCF_004209755.1	s__Pseudoduganella_lutea	NA	NA	NA	0	NA	NA	NA	0	NA	NA	NA	NA	0	1	0	-	NA	fixed	NA	none	0	False	containment 0.00 < 0.5; only 0/1 enzymes produced a fit; no PTR estimate	BcgI:only 0 windows after outlier trimming	no enzyme produced a usable estimate
SF010.BcgI	GCF_004340985.1	s__Cricetibacter_osteomyelitidis	NA	NA	NA	0	NA	NA	NA	0	NA	NA	NA	NA	0	1	0	-	NA	fixed	NA	none	0	False	containment 0.00 < 0.5; only 0/1 enzymes produced a fit; no PTR estimate	BcgI:only 0 windows after outlier trimming	no enzyme produced a usable estimate
SF010.BcgI	GCF_004341385.1	s__Neisseria_suis	NA	NA	NA	0.001009081736	NA	NA	NA	0	NA	NA	NA	NA	0	1	0	-	NA	fixed	NA	none	0	False	containment 0.00 < 0.5; only 0/1 enzymes produced a fit; no PTR estimate	BcgI:only 1 windows after outlier trimming	no enzyme produced a usable estimate
SF010.BcgI	GCF_004349225.1	s__Saccharopolyspora_sp004348435	NA	NA	NA	0	NA	NA	NA	0	NA	NA	NA	NA	0	1	0	-	NA	fixed	NA	none	0	False	containment 0.00 < 0.5; only 0/1 enzymes produced a fit; no PTR estimate	BcgI:only 0 windows after outlier trimming	no enzyme produced a usable estimate
SF010.BcgI	GCF_004353325.1	s__Streptococcus_sp004353325	NA	NA	NA	0.04225352113	NA	NA	NA	0	NA	NA	NA	NA	0	1	0	-	NA	fixed	NA	none	0	False	containment 0.04 < 0.5; only 0/1 enzymes produced a fit; no PTR estimate	BcgI:only 3 windows after outlier trimming	no enzyme produced a usable estimate
SF010.BcgI	GCF_004363295.1	s__Mesocricetibacter_intestinalis	NA	NA	NA	0	NA	NA	NA	0	NA	NA	NA	NA	0	1	0	-	NA	fixed	NA	none	0	False	containment 0.00 < 0.5; only 0/1 enzymes produced a fit; no PTR estimate	BcgI:only 0 windows after outlier trimming	no enzyme produced a usable estimate
SF010.BcgI	GCF_004365115.1	s__Stenotrophomonas_maltophilia_AJ	NA	NA	NA	0	NA	NA	NA	0	NA	NA	NA	NA	0	1	0	-	NA	fixed	NA	none	0	False	containment 0.00 < 0.5; only 0/1 enzymes produced a fit; no PTR estimate	BcgI:only 0 windows after outlier trimming	no enzyme produced a usable estimate
SF010.BcgI	GCF_004525795.1	s__Actinomyces_viscosus	NA	NA	NA	0.005193578848	NA	NA	NA	0	NA	NA	NA	NA	0	1	0	-	NA	fixed	NA	none	0	False	containment 0.01 < 0.5; only 0/1 enzymes produced a fit; no PTR estimate	BcgI:only 3 windows after outlier trimming	no enzyme produced a usable estimate
SF010.BcgI	GCF_004569405.1	s__Neisseria_musculi	NA	NA	NA	0	NA	NA	NA	0	NA	NA	NA	NA	0	1	0	-	NA	fixed	NA	none	0	False	containment 0.00 < 0.5; only 0/1 enzymes produced a fit; no PTR estimate	BcgI:only 0 windows after outlier trimming	no enzyme produced a usable estimate
SF010.BcgI	GCF_004803795.1	s__Campylobacter_A_rectus	5.385345073	9.777149321	0.03055555556	0.01322751323	3.426872684	1.776892593	NA	360	0.999933656	1.715576817	-1.58557618	5.139361367	1	1	1	BcgI	NA	fixed	1915352.535	glm	8	False	fraction 0.03 < 0.75; dispersion 9.78 > 5.0; containment 0.01 < 0.5	-	single enzyme: no cross-enzyme consistency check available
SF010.BcgI	GCF_004803815.1	s__Campylobacter_A_showae	11.51609623	18.59706904	0.09330357143	0.08848314607	3.291532495	1.71875944	NA	684	0.986618481	1.66694718	-1.548396996	4.985915877	1	1	1	BcgI	NA	fixed	1084964.642	glm	24	False	fraction 0.09 < 0.75; dispersion 18.60 > 5.0; containment 0.09 < 0.5	-	single enzyme: no cross-enzyme consistency check available
SF010.BcgI	GCF_005217565.1	s__Puteibacter_caeruleilacunae	NA	NA	NA	0	NA	NA	NA	0	NA	NA	NA	NA	0	1	0	-	NA	fixed	NA	none	0	False	containment 0.00 < 0.5; only 0/1 enzymes produced a fit; no PTR estimate	BcgI:only 0 windows after outlier trimming	no enzyme produced a usable estimate
SF010.BcgI	GCF_005405725.1	s__Bifidobacterium_moukalabense	NA	NA	NA	0.0009478672986	NA	NA	NA	0	NA	NA	NA	NA	0	1	0	-	NA	fixed	NA	none	0	False	containment 0.00 < 0.5; only 0/1 enzymes produced a fit; no PTR estimate	BcgI:only 3 windows after outlier trimming	no enzyme produced a usable estimate
SF010.BcgI	GCF_005696695.1	s__Pauljensenia_odontolytica_C	12.4396321	9.072119863	0.04937825333	0.04141104294	3.423724083	1.77556644	NA	992	0.9998230266	1.753364518	-1.660964867	5.212097747	1	1	1	BcgI	NA	fixed	66192.39806	glm	19	False	fraction 0.05 < 0.75; dispersion 9.07 > 5.0; containment 0.04 < 0.5	-	single enzyme: no cross-enzyme consistency check available
SF010.BcgI	GCF_005697565.1	s__TM7x_sp005697565	9.213591291	5.205246565	0.07636363636	0.06413994169	2.922535662	1.547220629	NA	275	0.9796332352	1.235594148	-0.8744994	3.968940658	1	1	1	BcgI	NA	fixed	378009.6833	glm	11	False	fraction 0.08 < 0.75; dispersion 5.21 > 5.0; containment 0.06 < 0.5	-	single enzyme: no cross-enzyme consistency check available
SF010.BcgI	GCF_005844455.1	s__Streptococcus_mitis_BF	NA	NA	NA	0.007246376812	NA	NA	NA	0	NA	NA	NA	NA	0	1	0	-	NA	fixed	NA	none	0	False	containment 0.01 < 0.5; only 0/1 enzymes produced a fit; no PTR estimate	BcgI:only 1 windows after outlier trimming	no enzyme produced a usable estimate
SF010.BcgI	GCF_005864335.1	s__Lactococcus_A_raffinolactis	NA	NA	NA	0	NA	NA	NA	0	NA	NA	NA	NA	0	1	0	-	NA	fixed	NA	none	0	False	containment 0.00 < 0.5; only 0/1 enzymes produced a fit; no PTR estimate	BcgI:only 0 windows after outlier trimming	no enzyme produced a usable estimate
SF010.BcgI	GCF_005937465.1	s__Cutibacterium_acnes	NA	NA	NA	0.003429878049	NA	NA	NA	0	NA	NA	NA	NA	0	1	0	-	NA	fixed	NA	none	0	False	containment 0.00 < 0.5; only 0/1 enzymes produced a fit; no PTR estimate	BcgI:only 2 windows after outlier trimming	no enzyme produced a usable estimate
SF010.BcgI	GCF_006175905.1	s__Streptococcus_oralis_BG	51.28999988	26.58330149	0.1213846154	0.1007751938	5.918892122	2.565327162	NA	104	0.9960587425	1.134030428	0.3426683654	4.787985959	1	1	1	BcgI	NA	fixed	1109809.827	glm	5	False	fraction 0.12 < 0.75; dispersion 26.58 > 5.0; containment 0.10 < 0.5	-	single enzyme: no cross-enzyme consistency check available
SF010.BcgI	GCF_006384255.1	s__Haemophilus_sp002998595	NA	NA	NA	0.006493506494	NA	NA	NA	0	NA	NA	NA	NA	0	1	0	-	NA	fixed	NA	none	0	False	containment 0.01 < 0.5; only 0/1 enzymes produced a fit; no PTR estimate	BcgI:only 1 windows after outlier trimming	no enzyme produced a usable estimate
SF010.BcgI	GCF_006385365.1	s__Tannerella_forsythia	2.287659208	1.149861834	0.03154490412	0.02781041911	1.308235553	0.3876223271	NA	2127	0.6758109552	0.4927888889	-0.5782261471	1.353470801	1	1	1	BcgI	NA	fixed	306167.1908	glm	21	False	fraction 0.03 < 0.75; containment 0.03 < 0.5	-	single enzyme: no cross-enzyme consistency check available
SF010.BcgI	GCF_006385785.1	s__Streptococcus_pneumoniae_D	NA	NA	NA	0.01923076923	NA	NA	NA	0	NA	NA	NA	NA	0	1	0	-	NA	fixed	NA	none	0	False	containment 0.02 < 0.5; only 0/1 enzymes produced a fit; no PTR estimate	BcgI:only 1 windows after outlier trimming	no enzyme produced a usable estimate
SF010.BcgI	GCF_006385805.1	s__Streptococcus_sp001587175	NA	NA	NA	0.03211009174	NA	NA	NA	0	NA	NA	NA	NA	0	1	0	-	NA	fixed	NA	none	0	False	containment 0.03 < 0.5; only 0/1 enzymes produced a fit; no PTR estimate	BcgI:only 3 windows after outlier trimming	no enzyme produced a usable estimate
SF010.BcgI	GCF_006546835.1	s__Actinomyces_johnsonii	2.601624435	2.017739869	0.06424623625	0.04151253596	3.577069025	1.838777958	NA	2227	0.9778764571	0.8599276514	0.1533507316	3.524205184	1	1	1	BcgI	NA	fixed	967170.1122	glm	32	False	fraction 0.06 < 0.75; containment 0.04 < 0.5	-	single enzyme: no cross-enzyme consistency check available
SF010.BcgI	GCF_006716265.1	s__Rarobacter_faecitabidus	NA	NA	NA	0	NA	NA	NA	0	NA	NA	NA	NA	0	1	0	-	NA	fixed	NA	none	0	False	containment 0.00 < 0.5; only 0/1 enzymes produced a fit; no PTR estimate	BcgI:only 0 windows after outlier trimming	no enzyme produced a usable estimate
SF010.BcgI	GCF_007113795.1	s__Acinetobacter_baumannii	NA	NA	NA	0.000790513834	NA	NA	NA	0	NA	NA	NA	NA	0	1	0	-	NA	fixed	NA	none	0	False	containment 0.00 < 0.5; only 0/1 enzymes produced a fit; no PTR estimate	BcgI:only 1 windows after outlier trimming	no enzyme produced a usable estimate
SF010.BcgI	GCF_007672025.1	s__Corynebacterium_propinquum	NA	NA	NA	0	NA	NA	NA	0	NA	NA	NA	NA	0	1	0	-	NA	fixed	NA	none	0	False	containment 0.00 < 0.5; only 0/1 enzymes produced a fit; no PTR estimate	BcgI:only 0 windows after outlier trimming	no enzyme produced a usable estimate
SF010.BcgI	GCF_007673265.1	s__Bacillus_A_bombysepticus	NA	NA	NA	0	NA	NA	NA	0	NA	NA	NA	NA	0	1	0	-	NA	fixed	NA	none	0	False	containment 0.00 < 0.5; only 0/1 enzymes produced a fit; no PTR estimate	BcgI:only 0 windows after outlier trimming	no enzyme produced a usable estimate
SF010.BcgI	GCF_007681555.1	s__Kocuria_salsicia	NA	NA	NA	0	NA	NA	NA	0	NA	NA	NA	NA	0	1	0	-	NA	fixed	NA	none	0	False	containment 0.00 < 0.5; only 0/1 enzymes produced a fit; no PTR estimate	BcgI:only 0 windows after outlier trimming	no enzyme produced a usable estimate
SF010.BcgI	GCF_007785845.1	s__Lactobacillus_paragasseri	NA	NA	NA	0.01126126126	NA	NA	NA	0	NA	NA	NA	NA	0	1	0	-	NA	fixed	NA	none	0	False	containment 0.01 < 0.5; only 0/1 enzymes produced a fit; no PTR estimate	BcgI:only 3 windows after outlier trimming	no enzyme produced a usable estimate
SF010.BcgI	GCF_007829675.1	s__Micrococcus_luteus	NA	NA	NA	0.0004967709886	NA	NA	NA	0	NA	NA	NA	NA	0	1	0	-	NA	fixed	NA	none	0	False	containment 0.00 < 0.5; only 0/1 enzymes produced a fit; no PTR estimate	BcgI:only 0 windows after outlier trimming	no enzyme produced a usable estimate
SF010.BcgI	GCF_007845165.1	s__UBA2866_sp007845165	NA	NA	NA	0	NA	NA	NA	0	NA	NA	NA	NA	0	1	0	-	NA	fixed	NA	none	0	False	containment 0.00 < 0.5; only 0/1 enzymes produced a fit; no PTR estimate	BcgI:only 0 windows after outlier trimming	no enzyme produced a usable estimate
SF010.BcgI	GCF_007845205.1	s__SDRK01_sp007845205	3.392784556	1.333333333	0.3492063492	0.09009009009	47.40598075	5.566997176	NA	30	0.9741102827	1.454394436	2.716436462	8.417557891	1	1	1	BcgI	NA	fixed	111119.3183	glm	6	False	fraction 0.35 < 0.75; containment 0.09 < 0.5	-	single enzyme: no cross-enzyme consistency check available
SF010.BcgI	GCF_007845265.1	s__TM7x_sp007845355	NA	NA	NA	0.006535947712	NA	NA	NA	0	NA	NA	NA	NA	0	1	0	-	NA	fixed	NA	none	0	False	containment 0.01 < 0.5; only 0/1 enzymes produced a fit; no PTR estimate	BcgI:only 1 windows after outlier trimming	no enzyme produced a usable estimate
SF010.BcgI	GCF_007855915.1	s__Geobacillus_thermoleovorans	NA	NA	NA	0	NA	NA	NA	0	NA	NA	NA	NA	0	1	0	-	NA	fixed	NA	none	0	False	containment 0.00 < 0.5; only 0/1 enzymes produced a fit; no PTR estimate	BcgI:only 0 windows after outlier trimming	no enzyme produced a usable estimate
SF010.BcgI	GCF_007990245.1	s__Cellulomonas_composti	NA	NA	NA	0	NA	NA	NA	0	NA	NA	NA	NA	0	1	0	-	NA	fixed	NA	none	0	False	containment 0.00 < 0.5; only 0/1 enzymes produced a fit; no PTR estimate	BcgI:only 0 windows after outlier trimming	no enzyme produced a usable estimate
SF010.BcgI	GCF_007990445.1	s__Leptotrichia_wadei_A	25.99267821	287.6538496	0.5989417989	0.5856353591	5.207164152e+25	85.42870026	NA	177	1	1.09732306	83.27798658	87.57941394	1	1	1	BcgI	NA	fixed	2358176.182	glm	7	False	fraction 0.60 < 0.75; dispersion 287.65 > 5.0	-	single enzyme: no cross-enzyme consistency check available
SF010.BcgI	GCF_007990505.1	s__Pseudoleptotrichia_goodfellowii	NA	NA	NA	0	NA	NA	NA	0	NA	NA	NA	NA	0	1	0	-	NA	fixed	NA	none	0	False	containment 0.00 < 0.5; only 0/1 enzymes produced a fit; no PTR estimate	BcgI:only 0 windows after outlier trimming	no enzyme produced a usable estimate
SF010.BcgI	GCF_007990635.1	s__Leptotrichia_hongkongensis	NA	NA	NA	0.09395973154	NA	NA	NA	0	NA	NA	NA	NA	0	1	0	-	NA	fixed	NA	none	0	False	containment 0.09 < 0.5; only 0/1 enzymes produced a fit; no PTR estimate	BcgI:only 4 windows after outlier trimming	no enzyme produced a usable estimate
SF010.BcgI	GCF_007991595.1	s__Streptococcus_cristatus_B	9.458749432	3.412698413	0.3903846154	0.08856088561	1.711130424	0.7749497277	NA	56	0.7809972047	0.90858284	-1.005839916	2.555739371	1	1	1	BcgI	NA	fixed	64877.43056	glm	13	False	fraction 0.39 < 0.75; containment 0.09 < 0.5	-	single enzyme: no cross-enzyme consistency check available
SF010.BcgI	GCF_007991615.1	s__Novosphingobium_sediminis	NA	NA	NA	0	NA	NA	NA	0	NA	NA	NA	NA	0	1	0	-	NA	fixed	NA	none	0	False	containment 0.00 < 0.5; only 0/1 enzymes produced a fit; no PTR estimate	BcgI:only 0 windows after outlier trimming	no enzyme produced a usable estimate
SF010.BcgI	GCF_007997035.1	s__Ralstonia_sp007997035	NA	NA	NA	0	NA	NA	NA	0	NA	NA	NA	NA	0	1	0	-	NA	fixed	NA	none	0	False	containment 0.00 < 0.5; only 0/1 enzymes produced a fit; no PTR estimate	BcgI:only 0 windows after outlier trimming	no enzyme produced a usable estimate
SF010.BcgI	GCF_008016795.1	s__Prevotella_brunnea	NA	NA	NA	0.001703577513	NA	NA	NA	0	NA	NA	NA	NA	0	1	0	-	NA	fixed	NA	none	0	False	containment 0.00 < 0.5; only 0/1 enzymes produced a fit; no PTR estimate	BcgI:only 0 windows after outlier trimming	no enzyme produced a usable estimate
SF010.BcgI	GCF_008033175.1	s__Leuconostoc_pseudomesenteroides	NA	NA	NA	0	NA	NA	NA	0	NA	NA	NA	NA	0	1	0	-	NA	fixed	NA	none	0	False	containment 0.00 < 0.5; only 0/1 enzymes produced a fit; no PTR estimate	BcgI:only 0 windows after outlier trimming	no enzyme produced a usable estimate
SF010.BcgI	GCF_008085035.1	s__Aggregatibacter_actinomycetemcomitans	NA	NA	NA	0.0009233610342	NA	NA	NA	0	NA	NA	NA	NA	0	1	0	-	NA	fixed	NA	none	0	False	containment 0.00 < 0.5; only 0/1 enzymes produced a fit; no PTR estimate	BcgI:only 1 windows after outlier trimming	no enzyme produced a usable estimate
SF010.BcgI	GCF_008274805.1	s__Oryzomicrobium_terrae	NA	NA	NA	0	NA	NA	NA	0	NA	NA	NA	NA	0	1	0	-	NA	fixed	NA	none	0	False	containment 0.00 < 0.5; only 0/1 enzymes produced a fit; no PTR estimate	BcgI:only 0 windows after outlier trimming	no enzyme produced a usable estimate
SF010.BcgI	GCF_008326505.1	s__Leuconostoc_citreum	NA	NA	NA	0.001538461538	NA	NA	NA	0	NA	NA	NA	NA	0	1	0	-	NA	fixed	NA	none	0	False	containment 0.00 < 0.5; only 0/1 enzymes produced a fit; no PTR estimate	BcgI:only 1 windows after outlier trimming	no enzyme produced a usable estimate
SF010.BcgI	GCF_008369405.1	s__Streptococcus_cristatus_G	9.349456976	16.1986413	0.09611409988	0.05405405405	7.824587257	2.968014653	NA	146	0.9897671252	1.465588253	0.09551446034	5.840514845	1	1	1	BcgI	NA	fixed	813681.8944	glm	7	False	fraction 0.10 < 0.75; dispersion 16.20 > 5.0; containment 0.05 < 0.5	-	single enzyme: no cross-enzyme consistency check available
SF010.BcgI	GCF_008633215.1	s__Fusobacterium_nucleatum_J	NA	NA	NA	0.03703703704	NA	NA	NA	0	NA	NA	NA	NA	0	1	0	-	NA	fixed	NA	none	0	False	containment 0.04 < 0.5; only 0/1 enzymes produced a fit; no PTR estimate	BcgI:only 1 windows after outlier trimming	no enzyme produced a usable estimate
SF010.BcgI	GCF_008806995.1	s__Neisseria_animalis	NA	NA	NA	0	NA	NA	NA	0	NA	NA	NA	NA	0	1	0	-	NA	fixed	NA	none	0	False	containment 0.00 < 0.5; only 0/1 enzymes produced a fit; no PTR estimate	BcgI:only 0 windows after outlier trimming	no enzyme produced a usable estimate
SF010.BcgI	GCF_009006965.1	s__Acinetobacter_oleivorans	NA	NA	NA	0	NA	NA	NA	0	NA	NA	NA	NA	0	1	0	-	NA	fixed	NA	none	0	False	containment 0.00 < 0.5; only 0/1 enzymes produced a fit; no PTR estimate	BcgI:only 0 windows after outlier trimming	no enzyme produced a usable estimate
SF010.BcgI	GCF_009378265.1	s__Moraxella_catarrhalis	NA	NA	NA	0	NA	NA	NA	0	NA	NA	NA	NA	0	1	0	-	NA	fixed	NA	none	0	False	containment 0.00 < 0.5; only 0/1 enzymes produced a fit; no PTR estimate	BcgI:only 0 windows after outlier trimming	no enzyme produced a usable estimate
SF010.BcgI	GCF_009496035.1	s__Streptococcus_mitis_BM	NA	NA	NA	0	NA	NA	NA	0	NA	NA	NA	NA	0	1	0	-	NA	fixed	NA	none	0	False	containment 0.00 < 0.5; only 0/1 enzymes produced a fit; no PTR estimate	BcgI:only 0 windows after outlier trimming	no enzyme produced a usable estimate
SF010.BcgI	GCF_009496155.1	s__Streptococcus_mitis_BQ	NA	NA	NA	0.008403361345	NA	NA	NA	0	NA	NA	NA	NA	0	1	0	-	NA	fixed	NA	none	0	False	containment 0.01 < 0.5; only 0/1 enzymes produced a fit; no PTR estimate	BcgI:only 1 windows after outlier trimming	no enzyme produced a usable estimate
SF010.BcgI	GCF_009496185.1	s__Streptococcus_mitis_BN	NA	NA	NA	0	NA	NA	NA	0	NA	NA	NA	NA	0	1	0	-	NA	fixed	NA	none	0	False	containment 0.00 < 0.5; only 0/1 enzymes produced a fit; no PTR estimate	BcgI:only 0 windows after outlier trimming	no enzyme produced a usable estimate
SF010.BcgI	GCF_009496285.1	s__Streptococcus_mitis_BP	NA	NA	NA	0	NA	NA	NA	0	NA	NA	NA	NA	0	1	0	-	NA	fixed	NA	none	0	False	containment 0.00 < 0.5; only 0/1 enzymes produced a fit; no PTR estimate	BcgI:only 0 windows after outlier trimming	no enzyme produced a usable estimate
SF010.BcgI	GCF_009496375.1	s__Streptococcus_mitis_AC	NA	NA	NA	0	NA	NA	NA	0	NA	NA	NA	NA	0	1	0	-	NA	fixed	NA	none	0	False	containment 0.00 < 0.5; only 0/1 enzymes produced a fit; no PTR estimate	BcgI:only 0 windows after outlier trimming	no enzyme produced a usable estimate
SF010.BcgI	GCF_009626715.1	s__Bordetella_pertussis	NA	NA	NA	0	NA	NA	NA	0	NA	NA	NA	NA	0	1	0	-	NA	fixed	NA	none	0	False	containment 0.00 < 0.5; only 0/1 enzymes produced a fit; no PTR estimate	BcgI:only 0 windows after outlier trimming	no enzyme produced a usable estimate
SF010.BcgI	GCF_009650815.1	s__Eikenella_corrodens	9.38876729	21.29542124	0.2003225914	0.1549295775	2.514648954	1.330357013	NA	983	0.9991558239	0.8734776574	-0.3816277364	3.042341763	1	1	1	BcgI	NA	fixed	635030.9833	glm	31	False	fraction 0.20 < 0.75; dispersion 21.30 > 5.0; containment 0.15 < 0.5	-	single enzyme: no cross-enzyme consistency check available
SF010.BcgI	GCF_009695705.1	s__Pauljensenia_hyovaginalis	NA	NA	NA	0.0003350083752	NA	NA	NA	0	NA	NA	NA	NA	0	1	0	-	NA	fixed	NA	none	0	False	containment 0.00 < 0.5; only 0/1 enzymes produced a fit; no PTR estimate	BcgI:only 0 windows after outlier trimming	no enzyme produced a usable estimate
SF010.BcgI	GCF_009716875.1	s__Streptococcus_salivarius	13.31300407	13.41922477	0.4715893616	0.2762237762	1.974181212	0.9812544225	NA	241	0.9954441408	0.8544642854	-0.6934648029	2.655973648	1	1	1	BcgI	NA	fixed	227576.2603	glm	27	False	fraction 0.47 < 0.75; dispersion 13.42 > 5.0; containment 0.28 < 0.5	-	single enzyme: no cross-enzyme consistency check available
SF010.BcgI	GCF_009728485.1	s__Prevotella_sp000257925	5.265281937	3.289714286	0.08160498789	0.06276747504	2.70974609	1.438157674	NA	442	0.9726150046	1.132382706	-0.7812716462	3.657586994	1	1	1	BcgI	NA	fixed	2090288.458	glm	16	False	fraction 0.08 < 0.75; containment 0.06 < 0.5	-	single enzyme: no cross-enzyme consistency check available
SF010.BcgI	GCF_009730375.1	s__Capnocytophaga_leadbetteri	15.5751852	74.0515971	0.3518730159	0.3514124294	2.654417306	1.408395197	NA	885	0.9991398912	0.6162487739	0.2005697949	2.6162206	1	1	1	BcgI	NA	fixed	193973.56	glm	25	False	fraction 0.35 < 0.75; dispersion 74.05 > 5.0; containment 0.35 < 0.5	-	single enzyme: no cross-enzyme consistency check available
SF010.BcgI	GCF_009731465.1	s__Streptococcus_pseudopneumoniae_E	NA	NA	NA	0.01351351351	NA	NA	NA	0	NA	NA	NA	NA	0	1	0	-	NA	fixed	NA	none	0	False	containment 0.01 < 0.5; only 0/1 enzymes produced a fit; no PTR estimate	BcgI:only 2 windows after outlier trimming	no enzyme produced a usable estimate
SF010.BcgI	GCF_009734725.1	s__Enterococcus_D_casseliflavus	NA	NA	NA	0	NA	NA	NA	0	NA	NA	NA	NA	0	1	0	-	NA	fixed	NA	none	0	False	containment 0.00 < 0.5; only 0/1 enzymes produced a fit; no PTR estimate	BcgI:only 0 windows after outlier trimming	no enzyme produced a usable estimate
SF010.BcgI	GCF_009740185.1	s__Pseudomonas_A_sp000765155	NA	NA	NA	0	NA	NA	NA	0	NA	NA	NA	NA	0	1	0	-	NA	fixed	NA	none	0	False	containment 0.00 < 0.5; only 0/1 enzymes produced a fit; no PTR estimate	BcgI:only 0 windows after outlier trimming	no enzyme produced a usable estimate
SF010.BcgI	GCF_009856825.1	s__Novosphingobium_sp009856825	NA	NA	NA	0	NA	NA	NA	0	NA	NA	NA	NA	0	1	0	-	NA	fixed	NA	none	0	False	containment 0.00 < 0.5; only 0/1 enzymes produced a fit; no PTR estimate	BcgI:only 0 windows after outlier trimming	no enzyme produced a usable estimate
SF010.BcgI	GCF_009914665.1	s__Bergeyella_A_cardium	NA	NA	NA	0.001788908766	NA	NA	NA	0	NA	NA	NA	NA	0	1	0	-	NA	fixed	NA	none	0	False	containment 0.00 < 0.5; only 0/1 enzymes produced a fit; no PTR estimate	BcgI:only 0 windows after outlier trimming	no enzyme produced a usable estimate
SF010.BcgI	GCF_009935825.1	s__Actinomyces_howellii	NA	NA	NA	0.0003126954346	NA	NA	NA	0	NA	NA	NA	NA	0	1	0	-	NA	fixed	NA	none	0	False	containment 0.00 < 0.5; only 0/1 enzymes produced a fit; no PTR estimate	BcgI:only 1 windows after outlier trimming	no enzyme produced a usable estimate
SF010.BcgI	GCF_010202115.1	s__TM7x_sp010202115	NA	NA	NA	0.01298701299	NA	NA	NA	0	NA	NA	NA	NA	0	1	0	-	NA	fixed	NA	none	0	False	containment 0.01 < 0.5; only 0/1 enzymes produced a fit; no PTR estimate	BcgI:only 3 windows after outlier trimming	no enzyme produced a usable estimate
SF010.BcgI	GCF_010202465.1	s__TM7x_sp010202465	NA	NA	NA	0.005464480874	NA	NA	NA	0	NA	NA	NA	NA	0	1	0	-	NA	fixed	NA	none	0	False	containment 0.01 < 0.5; only 0/1 enzymes produced a fit; no PTR estimate	BcgI:only 0 windows after outlier trimming	no enzyme produced a usable estimate
SF010.BcgI	GCF_010202645.1	s__TM7x_sp010202645	NA	NA	NA	0.007782101167	NA	NA	NA	0	NA	NA	NA	NA	0	1	0	-	NA	fixed	NA	none	0	False	containment 0.01 < 0.5; only 0/1 enzymes produced a fit; no PTR estimate	BcgI:only 1 windows after outlier trimming	no enzyme produced a usable estimate
SF010.BcgI	GCF_010202845.1	s__TM7x_sp010202845	NA	NA	NA	0.008849557522	NA	NA	NA	0	NA	NA	NA	NA	0	1	0	-	NA	fixed	NA	none	0	False	containment 0.01 < 0.5; only 0/1 enzymes produced a fit; no PTR estimate	BcgI:only 2 windows after outlier trimming	no enzyme produced a usable estimate
SF010.BcgI	GCF_010365865.1	s__Treponema_sp010365865	3.119474276	1.082330368	0.02924750147	0.01694915254	2.436634347	1.28488977	NA	774	0.918628312	0.9591000535	-0.594911793	3.164691332	1	1	1	BcgI	NA	fixed	2523518.401	glm	12	False	fraction 0.03 < 0.75; containment 0.02 < 0.5	-	single enzyme: no cross-enzyme consistency check available
SF010.BcgI	GCF_010667605.1	s__Bifidobacterium_dentium	2.625035607	2.282765173	0.08302736126	0.07916796026	2.624718468	1.392162685	NA	2811	0.9910460436	0.5706464284	0.2737162376	2.510609133	1	1	1	BcgI	NA	fixed	555703.1758	glm	30	False	fraction 0.08 < 0.75; containment 0.08 < 0.5	-	single enzyme: no cross-enzyme consistency check available
SF010.BcgI	GCF_011029265.1	s__Lactobacillus_crispatus	NA	NA	NA	0	NA	NA	NA	0	NA	NA	NA	NA	0	1	0	-	NA	fixed	NA	none	0	False	containment 0.00 < 0.5; only 0/1 enzymes produced a fit; no PTR estimate	BcgI:only 0 windows after outlier trimming	no enzyme produced a usable estimate
SF010.BcgI	GCF_011038775.1	s__Neisseria_sp011038745	NA	NA	NA	0.002247191011	NA	NA	NA	0	NA	NA	NA	NA	0	1	0	-	NA	fixed	NA	none	0	False	containment 0.00 < 0.5; only 0/1 enzymes produced a fit; no PTR estimate	BcgI:only 2 windows after outlier trimming	no enzyme produced a usable estimate
SF010.BcgI	GCF_011038885.1	s__Pauljensenia_sp011038875	NA	NA	NA	0	NA	NA	NA	0	NA	NA	NA	NA	0	1	0	-	NA	fixed	NA	none	0	False	containment 0.00 < 0.5; only 0/1 enzymes produced a fit; no PTR estimate	BcgI:only 0 windows after outlier trimming	no enzyme produced a usable estimate
SF010.BcgI	GCF_011751965.1	s__Actinomyces_sp011751985	NA	NA	NA	0.0007024938532	NA	NA	NA	0	NA	NA	NA	NA	0	1	0	-	NA	fixed	NA	none	0	False	containment 0.00 < 0.5; only 0/1 enzymes produced a fit; no PTR estimate	BcgI:only 1 windows after outlier trimming	no enzyme produced a usable estimate
SF010.BcgI	GCF_011752065.1	s__Actinomyces_sp011752065	5.697459418	NA	0.04375409063	0.004601226994	1.860614583	0.8957792392	NA	278	0.6207279992	1.823488536	-2.678192617	4.469751095	1	1	1	BcgI	NA	fixed	1740426.597	glm	8	False	fraction 0.04 < 0.75; containment 0.00 < 0.5	-	single enzyme: no cross-enzyme consistency check available
SF010.BcgI	GCF_011759595.1	s__Acinetobacter_guillouiae	NA	NA	NA	0	NA	NA	NA	0	NA	NA	NA	NA	0	1	0	-	NA	fixed	NA	none	0	False	containment 0.00 < 0.5; only 0/1 enzymes produced a fit; no PTR estimate	BcgI:only 0 windows after outlier trimming	no enzyme produced a usable estimate
SF010.BcgI	GCF_012184455.1	s__Caulobacter_vibrioides_E	NA	NA	NA	0	NA	NA	NA	0	NA	NA	NA	NA	0	1	0	-	NA	fixed	NA	none	0	False	containment 0.00 < 0.5; only 0/1 enzymes produced a fit; no PTR estimate	BcgI:only 0 windows after outlier trimming	no enzyme produced a usable estimate
SF010.BcgI	GCF_012273215.1	s__Gemella_haemolysans_A	7.587341288	11.82194608	0.2942857143	0.2941176471	1.499110586	0.5841068113	NA	153	0.8525089264	0.8386626592	-1.059641796	2.227855419	1	1	1	BcgI	NA	fixed	1771522.688	glm	6	False	fraction 0.29 < 0.75; dispersion 11.82 > 5.0; containment 0.29 < 0.5	-	single enzyme: no cross-enzyme consistency check available
SF010.BcgI	GCF_012396635.1	s__Gemella_sanguinis	NA	NA	NA	0.01503759398	NA	NA	NA	0	NA	NA	NA	NA	0	1	0	-	NA	fixed	NA	none	0	False	containment 0.02 < 0.5; only 0/1 enzymes produced a fit; no PTR estimate	BcgI:only 2 windows after outlier trimming	no enzyme produced a usable estimate
SF010.BcgI	GCF_012490605.1	s__Shewanella_xiamenensis	NA	NA	NA	0	NA	NA	NA	0	NA	NA	NA	NA	0	1	0	-	NA	fixed	NA	none	0	False	containment 0.00 < 0.5; only 0/1 enzymes produced a fit; no PTR estimate	BcgI:only 0 windows after outlier trimming	no enzyme produced a usable estimate
SF010.BcgI	GCF_012843315.1	s__Streptococcus_sp012843315	NA	NA	NA	0.08653846154	NA	NA	NA	0	NA	NA	NA	NA	0	1	0	-	NA	fixed	NA	none	0	False	containment 0.09 < 0.5; only 0/1 enzymes produced a fit; no PTR estimate	BcgI:only 4 windows after outlier trimming	no enzyme produced a usable estimate
SF010.BcgI	GCF_012978895.1	s__Campylobacter_A_curvus	2.549489569	2.014436381	0.08244866823	0.05748175182	2.322124148	1.215445106	NA	612	0.8955337812	0.8577111838	-0.4656379238	2.896528135	1	1	1	BcgI	NA	fixed	143037.0794	glm	16	False	fraction 0.08 < 0.75; containment 0.06 < 0.5	-	single enzyme: no cross-enzyme consistency check available
SF010.BcgI	GCF_013016685.1	s__Neisseria_gonorrhoeae	NA	NA	NA	0.003947368421	NA	NA	NA	0	NA	NA	NA	NA	0	1	0	-	NA	fixed	NA	none	0	False	containment 0.00 < 0.5; only 0/1 enzymes produced a fit; no PTR estimate	BcgI:only 3 windows after outlier trimming	no enzyme produced a usable estimate
SF010.BcgI	GCF_013099015.1	s__TM7x_sp013099015	NA	NA	NA	0.02745098039	NA	NA	NA	0	NA	NA	NA	NA	0	1	0	-	NA	fixed	NA	none	0	False	containment 0.03 < 0.5; only 0/1 enzymes produced a fit; no PTR estimate	BcgI:only 3 windows after outlier trimming	no enzyme produced a usable estimate
SF010.BcgI	GCF_013099195.1	s__TM7x_sp013099195	NA	NA	NA	0.007633587786	NA	NA	NA	0	NA	NA	NA	NA	0	1	0	-	NA	fixed	NA	none	0	False	containment 0.01 < 0.5; only 0/1 enzymes produced a fit; no PTR estimate	BcgI:only 2 windows after outlier trimming	no enzyme produced a usable estimate
SF010.BcgI	GCF_013100805.1	s__TM7x_sp013100805	NA	NA	NA	0.01619433198	NA	NA	NA	0	NA	NA	NA	NA	0	1	0	-	NA	fixed	NA	none	0	False	containment 0.02 < 0.5; only 0/1 enzymes produced a fit; no PTR estimate	BcgI:only 2 windows after outlier trimming	no enzyme produced a usable estimate
SF010.BcgI	GCF_013100825.1	s__TM7x_sp013100825	NA	NA	NA	0.004310344828	NA	NA	NA	0	NA	NA	NA	NA	0	1	0	-	NA	fixed	NA	none	0	False	containment 0.00 < 0.5; only 0/1 enzymes produced a fit; no PTR estimate	BcgI:only 1 windows after outlier trimming	no enzyme produced a usable estimate
SF010.BcgI	GCF_013267415.1	s__Abiotrophia_defectiva	28.31861805	77.51680764	0.1912962963	0.2046413502	1.679288206	0.7478498526	NA	449	0.9731001144	1.312854729	-1.825298132	3.320997837	1	1	1	BcgI	NA	fixed	843712.5356	glm	18	False	fraction 0.19 < 0.75; dispersion 77.52 > 5.0; containment 0.20 < 0.5	-	single enzyme: no cross-enzyme consistency check available
SF010.BcgI	GCF_013276505.1	s__Streptococcus_sp013276505	NA	NA	NA	0.08139534884	NA	NA	NA	0	NA	NA	NA	NA	0	1	0	-	NA	fixed	NA	none	0	False	containment 0.08 < 0.5; only 0/1 enzymes produced a fit; no PTR estimate	BcgI:only 4 windows after outlier trimming	no enzyme produced a usable estimate
SF010.BcgI	GCF_013276755.1	s__Streptococcus_sp013276795	NA	NA	NA	0.05	NA	NA	NA	0	NA	NA	NA	NA	0	1	0	-	NA	fixed	NA	none	0	False	containment 0.05 < 0.5; only 0/1 enzymes produced a fit; no PTR estimate	BcgI:only 2 windows after outlier trimming	no enzyme produced a usable estimate
SF010.BcgI	GCF_013276955.1	s__Streptococcus_sp903645285	NA	NA	NA	0	NA	NA	NA	0	NA	NA	NA	NA	0	1	0	-	NA	fixed	NA	none	0	False	containment 0.00 < 0.5; only 0/1 enzymes produced a fit; no PTR estimate	BcgI:only 0 windows after outlier trimming	no enzyme produced a usable estimate
SF010.BcgI	GCF_013277075.1	s__Streptococcus_pseudopneumoniae_C	NA	NA	NA	0.01515151515	NA	NA	NA	0	NA	NA	NA	NA	0	1	0	-	NA	fixed	NA	none	0	False	containment 0.02 < 0.5; only 0/1 enzymes produced a fit; no PTR estimate	BcgI:only 1 windows after outlier trimming	no enzyme produced a usable estimate
SF010.BcgI	GCF_013277115.1	s__Streptococcus_mitis_AW	NA	NA	NA	0.01162790698	NA	NA	NA	0	NA	NA	NA	NA	0	1	0	-	NA	fixed	NA	none	0	False	containment 0.01 < 0.5; only 0/1 enzymes produced a fit; no PTR estimate	BcgI:only 1 windows after outlier trimming	no enzyme produced a usable estimate
SF010.BcgI	GCF_013277125.1	s__Streptococcus_sp013277415	NA	NA	NA	0	NA	NA	NA	0	NA	NA	NA	NA	0	1	0	-	NA	fixed	NA	none	0	False	containment 0.00 < 0.5; only 0/1 enzymes produced a fit; no PTR estimate	BcgI:only 0 windows after outlier trimming	no enzyme produced a usable estimate
SF010.BcgI	GCF_013277195.1	s__Streptococcus_mitis_BA	NA	NA	NA	0	NA	NA	NA	0	NA	NA	NA	NA	0	1	0	-	NA	fixed	NA	none	0	False	containment 0.00 < 0.5; only 0/1 enzymes produced a fit; no PTR estimate	BcgI:only 0 windows after outlier trimming	no enzyme produced a usable estimate
SF010.BcgI	GCF_013277495.1	s__Streptococcus_sp013277515	NA	NA	NA	0.01515151515	NA	NA	NA	0	NA	NA	NA	NA	0	1	0	-	NA	fixed	NA	none	0	False	containment 0.02 < 0.5; only 0/1 enzymes produced a fit; no PTR estimate	BcgI:only 1 windows after outlier trimming	no enzyme produced a usable estimate
SF010.BcgI	GCF_013284375.1	s__Brevibacillus_parabrevis	NA	NA	NA	0	NA	NA	NA	0	NA	NA	NA	NA	0	1	0	-	NA	fixed	NA	none	0	False	containment 0.00 < 0.5; only 0/1 enzymes produced a fit; no PTR estimate	BcgI:only 0 windows after outlier trimming	no enzyme produced a usable estimate
SF010.BcgI	GCF_013305725.1	s__Streptococcus_mitis_BO	NA	NA	NA	0.0303030303	NA	NA	NA	0	NA	NA	NA	NA	0	1	0	-	NA	fixed	NA	none	0	False	containment 0.03 < 0.5; only 0/1 enzymes produced a fit; no PTR estimate	BcgI:only 1 windows after outlier trimming	no enzyme produced a usable estimate
SF010.BcgI	GCF_013307375.1	s__Moraxella_bovoculi	NA	NA	NA	0	NA	NA	NA	0	NA	NA	NA	NA	0	1	0	-	NA	fixed	NA	none	0	False	containment 0.00 < 0.5; only 0/1 enzymes produced a fit; no PTR estimate	BcgI:only 0 windows after outlier trimming	no enzyme produced a usable estimate
SF010.BcgI	GCF_013377255.1	s__Mannheimia_granulomatis	NA	NA	NA	0	NA	NA	NA	0	NA	NA	NA	NA	0	1	0	-	NA	fixed	NA	none	0	False	containment 0.00 < 0.5; only 0/1 enzymes produced a fit; no PTR estimate	BcgI:only 0 windows after outlier trimming	no enzyme produced a usable estimate
SF010.BcgI	GCF_013378355.1	s__Streptococcus_sanguinis_I	41.34380084	140.4423565	0.085	0.05029585799	2.165544436	1.114729776	NA	200	0.9952784163	2.564246052	-3.911100134	6.140559686	1	1	1	BcgI	NA	fixed	249571.6267	glm	8	False	fraction 0.08 < 0.75; dispersion 140.44 > 5.0; containment 0.05 < 0.5	-	single enzyme: no cross-enzyme consistency check available
SF010.BcgI	GCF_013386405.1	s__Pseudomonas_E_putida_E	NA	NA	NA	0.0001507613448	NA	NA	NA	0	NA	NA	NA	NA	0	1	0	-	NA	fixed	NA	none	0	False	containment 0.00 < 0.5; only 0/1 enzymes produced a fit; no PTR estimate	BcgI:only 0 windows after outlier trimming	no enzyme produced a usable estimate
SF010.BcgI	GCF_013390465.1	s__Xanthomonas_campestris	NA	NA	NA	0	NA	NA	NA	0	NA	NA	NA	NA	0	1	0	-	NA	fixed	NA	none	0	False	containment 0.00 < 0.5; only 0/1 enzymes produced a fit; no PTR estimate	BcgI:only 0 windows after outlier trimming	no enzyme produced a usable estimate
SF010.BcgI	GCF_013393195.1	s__Flavobacterium_collinsii_A	NA	NA	NA	0.0006891798759	NA	NA	NA	0	NA	NA	NA	NA	0	1	0	-	NA	fixed	NA	none	0	False	containment 0.00 < 0.5; only 0/1 enzymes produced a fit; no PTR estimate	BcgI:only 1 windows after outlier trimming	no enzyme produced a usable estimate
SF010.BcgI	GCF_013394695.1	s__Streptococcus_sp013394695	NA	NA	NA	0.04827586207	NA	NA	NA	0	NA	NA	NA	NA	0	1	0	-	NA	fixed	NA	none	0	False	containment 0.05 < 0.5; only 0/1 enzymes produced a fit; no PTR estimate	BcgI:only 3 windows after outlier trimming	no enzyme produced a usable estimate
SF010.BcgI	GCF_013394755.1	s__TM7x_sp005697215	NA	NA	NA	0.01234567901	NA	NA	NA	0	NA	NA	NA	NA	0	1	0	-	NA	fixed	NA	none	0	False	containment 0.01 < 0.5; only 0/1 enzymes produced a fit; no PTR estimate	BcgI:only 1 windows after outlier trimming	no enzyme produced a usable estimate
SF010.BcgI	GCF_013394795.1	s__Leptotrichia_sp013394795	10.21669935	20.5167492	0.2875129675	0.2796610169	6.344415334	2.665487219	NA	234	0.9995594243	0.9036339455	0.8943972311	4.436577208	1	1	1	BcgI	NA	fixed	2023217.15	glm	9	False	fraction 0.29 < 0.75; dispersion 20.52 > 5.0; containment 0.28 < 0.5	-	single enzyme: no cross-enzyme consistency check available
SF010.BcgI	GCF_013410305.1	s__Corynebacterium_durum	2.704112185	1.168303571	0.02063899341	0.01480191554	1.942402807	0.9578424112	NA	1205	0.7179197914	0.5771211247	-0.173294208	2.08897903	1	1	1	BcgI	NA	fixed	2355250.275	glm	13	False	fraction 0.02 < 0.75; containment 0.01 < 0.5	-	single enzyme: no cross-enzyme consistency check available
SF010.BcgI	GCF_013415415.1	s__Actinomyces_bowdenii_B	NA	NA	NA	0.0004541326067	NA	NA	NA	0	NA	NA	NA	NA	0	1	0	-	NA	fixed	NA	none	0	False	containment 0.00 < 0.5; only 0/1 enzymes produced a fit; no PTR estimate	BcgI:only 0 windows after outlier trimming	no enzyme produced a usable estimate
SF010.BcgI	GCF_013522775.1	s__Pseudomonas_B_oryzihabitans	NA	NA	NA	0.0002047082907	NA	NA	NA	0	NA	NA	NA	NA	0	1	0	-	NA	fixed	NA	none	0	False	containment 0.00 < 0.5; only 0/1 enzymes produced a fit; no PTR estimate	BcgI:only 0 windows after outlier trimming	no enzyme produced a usable estimate
SF010.BcgI	GCF_014054965.1	s__Eikenella_shayeganii	NA	NA	NA	0.002199010445	NA	NA	NA	0	NA	NA	NA	NA	0	1	0	-	NA	fixed	NA	none	0	False	containment 0.00 < 0.5; only 0/1 enzymes produced a fit; no PTR estimate	BcgI:only 3 windows after outlier trimming	no enzyme produced a usable estimate
SF010.BcgI	GCF_014141695.1	s__Ralstonia_pickettii	NA	NA	NA	0	NA	NA	NA	0	NA	NA	NA	NA	0	1	0	-	NA	fixed	NA	none	0	False	containment 0.00 < 0.5; only 0/1 enzymes produced a fit; no PTR estimate	BcgI:only 0 windows after outlier trimming	no enzyme produced a usable estimate
SF010.BcgI	GCF_014142545.1	s__Ralstonia_pickettii_B	NA	NA	NA	0	NA	NA	NA	0	NA	NA	NA	NA	0	1	0	-	NA	fixed	NA	none	0	False	containment 0.00 < 0.5; only 0/1 enzymes produced a fit; no PTR estimate	BcgI:only 0 windows after outlier trimming	no enzyme produced a usable estimate
SF010.BcgI	GCF_014145815.1	s__Stenotrophomonas_koreensis	NA	NA	NA	0	NA	NA	NA	0	NA	NA	NA	NA	0	1	0	-	NA	fixed	NA	none	0	False	containment 0.00 < 0.5; only 0/1 enzymes produced a fit; no PTR estimate	BcgI:only 0 windows after outlier trimming	no enzyme produced a usable estimate
SF010.BcgI	GCF_014194675.1	s__Comamonas_aquatica	NA	NA	NA	0	NA	NA	NA	0	NA	NA	NA	NA	0	1	0	-	NA	fixed	NA	none	0	False	containment 0.00 < 0.5; only 0/1 enzymes produced a fit; no PTR estimate	BcgI:only 0 windows after outlier trimming	no enzyme produced a usable estimate
SF010.BcgI	GCF_014195585.1	s__Alloprevotella_rava	2.367028722	0.8333333333	0.05774100081	0.01692183723	2.965372818	1.568213498	NA	324	0.7911145929	0.6960523365	0.2039759866	2.932451008	1	1	1	BcgI	NA	fixed	1316810.763	glm	8	False	fraction 0.06 < 0.75; containment 0.02 < 0.5	-	single enzyme: no cross-enzyme consistency check available
SF010.BcgI	GCF_014199985.1	s__Methylobacterium_rhodesianum	NA	NA	NA	0	NA	NA	NA	0	NA	NA	NA	NA	0	1	0	-	NA	fixed	NA	none	0	False	containment 0.00 < 0.5; only 0/1 enzymes produced a fit; no PTR estimate	BcgI:only 0 windows after outlier trimming	no enzyme produced a usable estimate
SF010.BcgI	GCF_014217915.1	s__Janibacter_indicus	NA	NA	NA	0.0002192021043	NA	NA	NA	0	NA	NA	NA	NA	0	1	0	-	NA	fixed	NA	none	0	False	containment 0.00 < 0.5; only 0/1 enzymes produced a fit; no PTR estimate	BcgI:only 1 windows after outlier trimming	no enzyme produced a usable estimate
SF010.BcgI	GCF_014253065.1	s__Campylobacter_A_sp014253065	7.956647949	12.80637659	0.06016325329	0.0460704607	5.120343101	2.356240485	NA	506	0.9992723152	1.504857568	-0.5932261501	5.30570712	1	1	1	BcgI	NA	fixed	428663.3689	glm	17	False	fraction 0.06 < 0.75; dispersion 12.81 > 5.0; containment 0.05 < 0.5	-	single enzyme: no cross-enzyme consistency check available
SF010.BcgI	GCF_014334325.1	s__Treponema_D_sp014334325	3.831937519	0.8047619048	0.01671293486	0.007922218221	2.311359415	1.208741616	NA	879	0.7153289426	1.109672808	-0.9661771225	3.383660354	1	1	1	BcgI	NA	fixed	1066830.019	glm	10	False	fraction 0.02 < 0.75; containment 0.01 < 0.5	-	single enzyme: no cross-enzyme consistency check available
SF010.BcgI	GCF_014334335.1	s__Treponema_D_sp014334335	NA	NA	NA	0.004926108374	NA	NA	NA	0	NA	NA	NA	NA	0	1	0	-	NA	fixed	NA	none	0	False	containment 0.00 < 0.5; only 0/1 enzymes produced a fit; no PTR estimate	BcgI:only 0 windows after outlier trimming	no enzyme produced a usable estimate
SF010.BcgI	GCF_014385435.1	s__F0040_sp003639005	NA	NA	NA	0.0008703220191	NA	NA	NA	0	NA	NA	NA	NA	0	1	0	-	NA	fixed	NA	none	0	False	containment 0.00 < 0.5; only 0/1 enzymes produced a fit; no PTR estimate	BcgI:only 2 windows after outlier trimming	no enzyme produced a usable estimate
SF010.BcgI	GCF_014489875.1	s__Stenotrophomonas_pavanii	NA	NA	NA	0	NA	NA	NA	0	NA	NA	NA	NA	0	1	0	-	NA	fixed	NA	none	0	False	containment 0.00 < 0.5; only 0/1 enzymes produced a fit; no PTR estimate	BcgI:only 0 windows after outlier trimming	no enzyme produced a usable estimate
SF010.BcgI	GCF_014596365.1	s__Neisseria_flavescens_B	14.44839004	29.62721917	0.1488666743	0.07933884298	7.73319217	2.951064065	NA	398	0.9998469648	1.404015107	0.1992450202	5.702883109	1	1	1	BcgI	NA	fixed	1317085.139	glm	19	False	fraction 0.15 < 0.75; dispersion 29.63 > 5.0; containment 0.08 < 0.5	-	single enzyme: no cross-enzyme consistency check available
SF010.BcgI	GCF_900014995.1	s__Pseudoclavibacter_helvolus	NA	NA	NA	0	NA	NA	NA	0	NA	NA	NA	NA	0	1	0	-	NA	fixed	NA	none	0	False	containment 0.00 < 0.5; only 0/1 enzymes produced a fit; no PTR estimate	BcgI:only 0 windows after outlier trimming	no enzyme produced a usable estimate
SF010.BcgI	GCF_900052935.1	s__Legionella_pneumophila	NA	NA	NA	0	NA	NA	NA	0	NA	NA	NA	NA	0	1	0	-	NA	fixed	NA	none	0	False	containment 0.00 < 0.5; only 0/1 enzymes produced a fit; no PTR estimate	BcgI:only 0 windows after outlier trimming	no enzyme produced a usable estimate
SF010.BcgI	GCF_900061175.1	s__Streptococcus_pneumoniae	NA	NA	NA	0.01503759398	NA	NA	NA	0	NA	NA	NA	NA	0	1	0	-	NA	fixed	NA	none	0	False	containment 0.02 < 0.5; only 0/1 enzymes produced a fit; no PTR estimate	BcgI:only 0 windows after outlier trimming	no enzyme produced a usable estimate
SF010.BcgI	GCF_900095705.1	s__Fusobacterium_massiliense	NA	NA	NA	0.01851851852	NA	NA	NA	0	NA	NA	NA	NA	0	1	0	-	NA	fixed	NA	none	0	False	containment 0.02 < 0.5; only 0/1 enzymes produced a fit; no PTR estimate	BcgI:only 1 windows after outlier trimming	no enzyme produced a usable estimate
SF010.BcgI	GCF_900101615.1	s__Belnapia_rosea	NA	NA	NA	0	NA	NA	NA	0	NA	NA	NA	NA	0	1	0	-	NA	fixed	NA	none	0	False	containment 0.00 < 0.5; only 0/1 enzymes produced a fit; no PTR estimate	BcgI:only 0 windows after outlier trimming	no enzyme produced a usable estimate
SF010.BcgI	GCF_900104285.1	s__Streptococcus_sp900104285	NA	NA	NA	0.05063291139	NA	NA	NA	0	NA	NA	NA	NA	0	1	0	-	NA	fixed	NA	none	0	False	containment 0.05 < 0.5; only 0/1 enzymes produced a fit; no PTR estimate	BcgI:only 4 windows after outlier trimming	no enzyme produced a usable estimate
SF010.BcgI	GCF_900107735.1	s__Bowdeniella_nasicola_A	NA	NA	NA	0.0002855511136	NA	NA	NA	0	NA	NA	NA	NA	0	1	0	-	NA	fixed	NA	none	0	False	containment 0.00 < 0.5; only 0/1 enzymes produced a fit; no PTR estimate	BcgI:only 1 windows after outlier trimming	no enzyme produced a usable estimate
SF010.BcgI	GCF_900111135.1	s__Granulicatella_balaenopterae	NA	NA	NA	0	NA	NA	NA	0	NA	NA	NA	NA	0	1	0	-	NA	fixed	NA	none	0	False	containment 0.00 < 0.5; only 0/1 enzymes produced a fit; no PTR estimate	BcgI:only 0 windows after outlier trimming	no enzyme produced a usable estimate
SF010.BcgI	GCF_900112185.1	s__Bosea_sp900112185	NA	NA	NA	0	NA	NA	NA	0	NA	NA	NA	NA	0	1	0	-	NA	fixed	NA	none	0	False	containment 0.00 < 0.5; only 0/1 enzymes produced a fit; no PTR estimate	BcgI:only 0 windows after outlier trimming	no enzyme produced a usable estimate
SF010.BcgI	GCF_900113305.1	s__Prevotella_sp900113305	NA	NA	NA	0.0008984725966	NA	NA	NA	0	NA	NA	NA	NA	0	1	0	-	NA	fixed	NA	none	0	False	containment 0.00 < 0.5; only 0/1 enzymes produced a fit; no PTR estimate	BcgI:only 1 windows after outlier trimming	no enzyme produced a usable estimate
SF010.BcgI	GCF_900115315.1	s__Capnocytophaga_haemolytica	NA	NA	NA	0	NA	NA	NA	0	NA	NA	NA	NA	0	1	0	-	NA	fixed	NA	none	0	False	containment 0.00 < 0.5; only 0/1 enzymes produced a fit; no PTR estimate	BcgI:only 0 windows after outlier trimming	no enzyme produced a usable estimate
SF010.BcgI	GCF_900115545.1	s__Ralstonia_sp900115545	NA	NA	NA	0	NA	NA	NA	0	NA	NA	NA	NA	0	1	0	-	NA	fixed	NA	none	0	False	containment 0.00 < 0.5; only 0/1 enzymes produced a fit; no PTR estimate	BcgI:only 0 windows after outlier trimming	no enzyme produced a usable estimate
SF010.BcgI	GCF_900115665.1	s__Pseudarcicella_hirudinis	NA	NA	NA	0	NA	NA	NA	0	NA	NA	NA	NA	0	1	0	-	NA	fixed	NA	none	0	False	containment 0.00 < 0.5; only 0/1 enzymes produced a fit; no PTR estimate	BcgI:only 0 windows after outlier trimming	no enzyme produced a usable estimate
SF010.BcgI	GCF_900118505.1	s__Chlamydophila_abortus	NA	NA	NA	0	NA	NA	NA	0	NA	NA	NA	NA	0	1	0	-	NA	fixed	NA	none	0	False	containment 0.00 < 0.5; only 0/1 enzymes produced a fit; no PTR estimate	BcgI:only 0 windows after outlier trimming	no enzyme produced a usable estimate
SF010.BcgI	GCF_900120245.1	s__Pauljensenia_marseillensis	2.909346133	1.384242424	0.04148732664	0.01642512077	0.5476918777	-0.8685636095	NA	338	0.8963552131	1.224795068	-3.269117831	1.531990612	1	1	1	BcgI	NA	fixed	1093083.911	glm	8	False	fraction 0.04 < 0.75; containment 0.02 < 0.5	-	single enzyme: no cross-enzyme consistency check available
SF010.BcgI	GCF_900128465.1	s__Pauljensenia_bouchesdurhonensis	2.730063971	1.685185185	0.0612987013	0.01488706366	2.955197954	1.563254773	NA	667	0.7638115236	0.757106666	0.07935297477	3.04715657	1	1	1	BcgI	NA	fixed	1892959.466	glm	10	False	fraction 0.06 < 0.75; containment 0.01 < 0.5	-	single enzyme: no cross-enzyme consistency check available
SF010.BcgI	GCF_900155595.1	s__Pauljensenia_mediterranea	NA	NA	NA	0.0002909514111	NA	NA	NA	0	NA	NA	NA	NA	0	1	0	-	NA	fixed	NA	none	0	False	containment 0.00 < 0.5; only 0/1 enzymes produced a fit; no PTR estimate	BcgI:only 1 windows after outlier trimming	no enzyme produced a usable estimate
SF010.BcgI	GCF_900156035.1	s__Corynebacterium_afermentans	NA	NA	NA	0	NA	NA	NA	0	NA	NA	NA	NA	0	1	0	-	NA	fixed	NA	none	0	False	containment 0.00 < 0.5; only 0/1 enzymes produced a fit; no PTR estimate	BcgI:only 0 windows after outlier trimming	no enzyme produced a usable estimate
SF010.BcgI	GCF_900156605.1	s__Insolitispirillum_peregrinum	NA	NA	NA	0	NA	NA	NA	0	NA	NA	NA	NA	0	1	0	-	NA	fixed	NA	none	0	False	containment 0.00 < 0.5; only 0/1 enzymes produced a fit; no PTR estimate	BcgI:only 0 windows after outlier trimming	no enzyme produced a usable estimate
SF010.BcgI	GCF_900186465.1	s__Centipeda_felix	3.429457677	1.964889523	0.1379380219	0.07194244604	1.442122482	0.5281937007	NA	2274	0.6500485326	0.6987631372	-0.8413568819	1.897744283	1	1	1	BcgI	NA	fixed	1913559.031	glm	28	False	fraction 0.14 < 0.75; containment 0.07 < 0.5	-	single enzyme: no cross-enzyme consistency check available
SF010.BcgI	GCF_900186885.1	s__Veillonella_parvula	37.07014587	64.06785177	0.2096470588	0.2107438017	5.317640647	2.410786287	NA	242	0.9997716942	0.9725825308	0.5045595545	4.317013019	1	1	1	BcgI	NA	fixed	170466.24	glm	10	False	fraction 0.21 < 0.75; dispersion 64.07 > 5.0; containment 0.21 < 0.5	-	single enzyme: no cross-enzyme consistency check available
SF010.BcgI	GCF_900187285.1	s__Veillonella_rodentium	NA	NA	NA	0.006269592476	NA	NA	NA	0	NA	NA	NA	NA	0	1	0	-	NA	fixed	NA	none	0	False	containment 0.01 < 0.5; only 0/1 enzymes produced a fit; no PTR estimate	BcgI:only 4 windows after outlier trimming	no enzyme produced a usable estimate
SF010.BcgI	GCF_900199505.1	s__KH17_sp900199505	NA	NA	NA	0	NA	NA	NA	0	NA	NA	NA	NA	0	1	0	-	NA	fixed	NA	none	0	False	containment 0.00 < 0.5; only 0/1 enzymes produced a fit; no PTR estimate	BcgI:only 0 windows after outlier trimming	no enzyme produced a usable estimate
SF010.BcgI	GCF_900289195.1	s__Propionibacterium_sp900289195	21.96300299	NA	0.03307836865	0.001665556296	5.680912139	2.50612259	NA	412	0.9670288201	1.233502766	0.08850159464	4.923743586	1	1	1	BcgI	NA	fixed	767989.3422	glm	5	False	fraction 0.03 < 0.75; containment 0.00 < 0.5	-	single enzyme: no cross-enzyme consistency check available
SF010.BcgI	GCF_900290285.1	s__Centipeda_massiliensis	3.466318002	3.048685897	0.02433278474	0.01612393298	2.638009189	1.39944959	NA	1789	0.9185799723	0.9002006216	-0.3649112074	3.163810387	1	1	1	BcgI	NA	fixed	108694.2289	glm	19	False	fraction 0.02 < 0.75; containment 0.02 < 0.5	-	single enzyme: no cross-enzyme consistency check available
SF010.BcgI	GCF_900407485.1	s__Haemophilus_influenzae	NA	NA	NA	0	NA	NA	NA	0	NA	NA	NA	NA	0	1	0	-	NA	fixed	NA	none	0	False	containment 0.00 < 0.5; only 0/1 enzymes produced a fit; no PTR estimate	BcgI:only 0 windows after outlier trimming	no enzyme produced a usable estimate
SF010.BcgI	GCF_900445025.1	s__Pauljensenia_odontolytica	35.85606552	73.1034017	0.04308925188	0.02489795918	28.65857084	4.840894761	NA	1359	0.9999999993	2.255330613	0.4205279873	9.261261535	1	1	1	BcgI	NA	fixed	582076.5144	glm	15	False	fraction 0.04 < 0.75; dispersion 73.10 > 5.0; containment 0.02 < 0.5	-	single enzyme: no cross-enzyme consistency check available
SF010.BcgI	GCF_900450505.1	s__Slackia_exigua	2.095545815	1.264611517	0.03242266824	0.02956920724	1.663749215	0.7344379854	NA	3521	0.863267188	0.3898525876	-0.02965904562	1.498535016	1	1	1	BcgI	NA	fixed	865434.895	glm	35	False	fraction 0.03 < 0.75; containment 0.03 < 0.5	-	single enzyme: no cross-enzyme consistency check available
SF010.BcgI	GCF_900450875.1	s__Haemophilus_A_parahaemolyticus	NA	NA	NA	0.002512562814	NA	NA	NA	0	NA	NA	NA	NA	0	1	0	-	NA	fixed	NA	none	0	False	containment 0.00 < 0.5; only 0/1 enzymes produced a fit; no PTR estimate	BcgI:only 1 windows after outlier trimming	no enzyme produced a usable estimate
SF010.BcgI	GCF_900450995.1	s__Haemophilus_D_parainfluenzae_M	NA	NA	NA	0.01628664495	NA	NA	NA	0	NA	NA	NA	NA	0	1	0	-	NA	fixed	NA	none	0	False	containment 0.02 < 0.5; only 0/1 enzymes produced a fit; no PTR estimate	BcgI:only 2 windows after outlier trimming	no enzyme produced a usable estimate
SF010.BcgI	GCF_900451065.1	s__Haemophilus_A_paraphrohaemolyticus	NA	NA	NA	0	NA	NA	NA	0	NA	NA	NA	NA	0	1	0	-	NA	fixed	NA	none	0	False	containment 0.00 < 0.5; only 0/1 enzymes produced a fit; no PTR estimate	BcgI:only 0 windows after outlier trimming	no enzyme produced a usable estimate
SF010.BcgI	GCF_900451175.1	s__Neisseria_potus	NA	NA	NA	0.001137656428	NA	NA	NA	0	NA	NA	NA	NA	0	1	0	-	NA	fixed	NA	none	0	False	containment 0.00 < 0.5; only 0/1 enzymes produced a fit; no PTR estimate	BcgI:only 1 windows after outlier trimming	no enzyme produced a usable estimate
SF010.BcgI	GCF_900451365.1	s__Kingella_A_denitrificans	7.293482822	15.53411915	0.1165764791	0.1178960097	4.492770461	2.167605355	NA	1588	0.9996749664	0.6019282979	0.9878475701	3.347363141	1	1	1	BcgI	NA	fixed	1191790.143	glm	24	False	fraction 0.12 < 0.75; dispersion 15.53 > 5.0; containment 0.12 < 0.5	-	single enzyme: no cross-enzyme consistency check available
SF010.BcgI	GCF_900452275.1	s__Kluyvera_cryocrescens	NA	NA	NA	0	NA	NA	NA	0	NA	NA	NA	NA	0	1	0	-	NA	fixed	NA	none	0	False	containment 0.00 < 0.5; only 0/1 enzymes produced a fit; no PTR estimate	BcgI:only 0 windows after outlier trimming	no enzyme produced a usable estimate
SF010.BcgI	GCF_900454205.1	s__Neisseria_zoodegmatis	NA	NA	NA	0.000668002672	NA	NA	NA	0	NA	NA	NA	NA	0	1	0	-	NA	fixed	NA	none	0	False	containment 0.00 < 0.5; only 0/1 enzymes produced a fit; no PTR estimate	BcgI:only 1 windows after outlier trimming	no enzyme produced a usable estimate
SF010.BcgI	GCF_900454815.1	s__Porphyromonas_endodontalis	4.248428841	3.308929885	0.09939555616	0.09616888194	1.69343514	0.7599527313	NA	1228	0.9523127564	0.5202963109	-0.2598092994	1.779714762	1	1	1	BcgI	NA	fixed	1213811.752	glm	24	False	fraction 0.10 < 0.75; containment 0.10 < 0.5	-	single enzyme: no cross-enzyme consistency check available
SF010.BcgI	GCF_900454835.1	s__Prevotella_denticola	2.27431463	1.192055138	0.03859454839	0.03270440252	2.184633858	1.127391506	NA	1220	0.8536541161	0.818674591	-0.4771812076	2.731964219	1	1	1	BcgI	NA	fixed	1097644.445	glm	19	False	fraction 0.04 < 0.75; containment 0.03 < 0.5	-	single enzyme: no cross-enzyme consistency check available
SF010.BcgI	GCF_900454935.1	s__Prevotella_pallens	11.09546123	41.98617157	0.4439651234	0.4260016353	1.406196077	0.4917977747	NA	1031	0.9955782027	0.3373038054	-0.1693055357	1.152901085	1	1	1	BcgI	NA	fixed	1322577.894	glm	21	False	fraction 0.44 < 0.75; dispersion 41.99 > 5.0; containment 0.43 < 0.5	-	single enzyme: no cross-enzyme consistency check available
SF010.BcgI	GCF_900459415.1	s__Streptococcus_infantis	NA	NA	NA	0.07299270073	NA	NA	NA	0	NA	NA	NA	NA	0	1	0	-	NA	fixed	NA	none	0	False	containment 0.07 < 0.5; only 0/1 enzymes produced a fit; no PTR estimate	BcgI:only 3 windows after outlier trimming	no enzyme produced a usable estimate
SF010.BcgI	GCF_900460625.1	s__Actinobacillus_B_seminis	NA	NA	NA	0	NA	NA	NA	0	NA	NA	NA	NA	0	1	0	-	NA	fixed	NA	none	0	False	containment 0.00 < 0.5; only 0/1 enzymes produced a fit; no PTR estimate	BcgI:only 0 windows after outlier trimming	no enzyme produced a usable estimate
SF010.BcgI	GCF_900460955.1	s__Cardiobacterium_valvarum	7.584714241	13.80189667	0.05165024631	0.05318404479	4.130608595	2.046354361	NA	2758	0.9996245503	0.9117137799	0.2594281882	3.833280534	1	1	1	BcgI	NA	fixed	40549.16639	glm	28	False	fraction 0.05 < 0.75; dispersion 13.80 > 5.0; containment 0.05 < 0.5	-	single enzyme: no cross-enzyme consistency check available
SF010.BcgI	GCF_900469495.1	s__Agrobacterium_pusense	NA	NA	NA	0	NA	NA	NA	0	NA	NA	NA	NA	0	1	0	-	NA	fixed	NA	none	0	False	containment 0.00 < 0.5; only 0/1 enzymes produced a fit; no PTR estimate	BcgI:only 0 windows after outlier trimming	no enzyme produced a usable estimate
SF010.BcgI	GCF_900469525.1	s__Allorhizobium_rosettiformans	NA	NA	NA	0	NA	NA	NA	0	NA	NA	NA	NA	0	1	0	-	NA	fixed	NA	none	0	False	containment 0.00 < 0.5; only 0/1 enzymes produced a fit; no PTR estimate	BcgI:only 0 windows after outlier trimming	no enzyme produced a usable estimate
SF010.BcgI	GCF_900470035.1	s__Bosea_vestrisii	NA	NA	NA	0	NA	NA	NA	0	NA	NA	NA	NA	0	1	0	-	NA	fixed	NA	none	0	False	containment 0.00 < 0.5; only 0/1 enzymes produced a fit; no PTR estimate	BcgI:only 0 windows after outlier trimming	no enzyme produced a usable estimate
SF010.BcgI	GCF_900476055.1	s__Streptococcus_australis	NA	NA	NA	0.0110701107	NA	NA	NA	0	NA	NA	NA	NA	0	1	0	-	NA	fixed	NA	none	0	False	containment 0.01 < 0.5; only 0/1 enzymes produced a fit; no PTR estimate	BcgI:only 1 windows after outlier trimming	no enzyme produced a usable estimate
SF010.BcgI	GCF_900498865.1	s__Klebsiella_pneumoniae	NA	NA	NA	0.0002604166667	NA	NA	NA	0	NA	NA	NA	NA	0	1	0	-	NA	fixed	NA	none	0	False	containment 0.00 < 0.5; only 0/1 enzymes produced a fit; no PTR estimate	BcgI:only 0 windows after outlier trimming	no enzyme produced a usable estimate
SF010.BcgI	GCF_900499005.1	s__Pauljensenia_culturomici	NA	NA	NA	0.0003390979993	NA	NA	NA	0	NA	NA	NA	NA	0	1	0	-	NA	fixed	NA	none	0	False	containment 0.00 < 0.5; only 0/1 enzymes produced a fit; no PTR estimate	BcgI:only 1 windows after outlier trimming	no enzyme produced a usable estimate
SF010.BcgI	GCF_900536635.1	s__Propionibacterium_australiense	NA	NA	NA	0.0009439899308	NA	NA	NA	0	NA	NA	NA	NA	0	1	0	-	NA	fixed	NA	none	0	False	containment 0.00 < 0.5; only 0/1 enzymes produced a fit; no PTR estimate	BcgI:only 3 windows after outlier trimming	no enzyme produced a usable estimate
SF010.BcgI	GCF_900555265.1	s__TM7x_sp900555265	NA	NA	NA	0.03278688525	NA	NA	NA	0	NA	NA	NA	NA	0	1	0	-	NA	fixed	NA	none	0	False	containment 0.03 < 0.5; only 0/1 enzymes produced a fit; no PTR estimate	BcgI:only 1 windows after outlier trimming	no enzyme produced a usable estimate
SF010.BcgI	GCF_900555425.1	s__TM7x_sp900555425	NA	NA	NA	0.03472222222	NA	NA	NA	0	NA	NA	NA	NA	0	1	0	-	NA	fixed	NA	none	0	False	containment 0.03 < 0.5; only 0/1 enzymes produced a fit; no PTR estimate	BcgI:only 3 windows after outlier trimming	no enzyme produced a usable estimate
SF010.BcgI	GCF_900555675.1	s__TM7x_sp900555675	4.168415775	0.09090909091	0.3088596491	0.04678362573	1.97502934	0.9818740851	NA	47	0.6859971561	1.178313659	-1.327578248	3.291326419	1	1	1	BcgI	NA	fixed	87620.93333	glm	5	False	fraction 0.31 < 0.75; containment 0.05 < 0.5	-	single enzyme: no cross-enzyme consistency check available
SF010.BcgI	GCF_900555885.1	s__TM7x_sp900555885	NA	NA	NA	0.05303030303	NA	NA	NA	0	NA	NA	NA	NA	0	1	0	-	NA	fixed	NA	none	0	False	containment 0.05 < 0.5; only 0/1 enzymes produced a fit; no PTR estimate	BcgI:only 13 anchors (< 30)	no enzyme produced a usable estimate
SF010.BcgI	GCF_900556355.1	s__TM7x_sp900556355	NA	NA	NA	0.01282051282	NA	NA	NA	0	NA	NA	NA	NA	0	1	0	-	NA	fixed	NA	none	0	False	containment 0.01 < 0.5; only 0/1 enzymes produced a fit; no PTR estimate	BcgI:only 0 windows after outlier trimming	no enzyme produced a usable estimate
SF010.BcgI	GCF_900556885.1	s__TM7x_sp900556885	NA	NA	NA	0.01379310345	NA	NA	NA	0	NA	NA	NA	NA	0	1	0	-	NA	fixed	NA	none	0	False	containment 0.01 < 0.5; only 0/1 enzymes produced a fit; no PTR estimate	BcgI:only 1 windows after outlier trimming	no enzyme produced a usable estimate
SF010.BcgI	GCF_900557595.1	s__TM7x_sp900557595	NA	NA	NA	0.007936507937	NA	NA	NA	0	NA	NA	NA	NA	0	1	0	-	NA	fixed	NA	none	0	False	containment 0.01 < 0.5; only 0/1 enzymes produced a fit; no PTR estimate	BcgI:only 0 windows after outlier trimming	no enzyme produced a usable estimate
SF010.BcgI	GCF_900566195.1	s__Treponema_D_pectinovorum	NA	NA	NA	0	NA	NA	NA	0	NA	NA	NA	NA	0	1	0	-	NA	fixed	NA	none	0	False	containment 0.00 < 0.5; only 0/1 enzymes produced a fit; no PTR estimate	BcgI:only 0 windows after outlier trimming	no enzyme produced a usable estimate
SF010.BcgI	GCF_900573955.1	s__Campylobacter_A_showae_D	7.68584191	6.724619133	0.06600765306	0.0395480226	2.549149201	1.350015817	NA	396	0.9781130253	1.081165706	-0.7690300295	3.469061663	1	1	1	BcgI	NA	fixed	947714.5044	glm	14	False	fraction 0.07 < 0.75; dispersion 6.72 > 5.0; containment 0.04 < 0.5	-	single enzyme: no cross-enzyme consistency check available
SF010.BcgI	GCF_900573975.1	s__Campylobacter_A_showae_A	11.48940145	25.84920854	0.1567204301	0.1526717557	1.796629007	0.8452925321	NA	768	0.9963712675	1.32050188	-1.742843594	3.433428658	1	1	1	BcgI	NA	fixed	425387.8542	glm	25	False	fraction 0.16 < 0.75; dispersion 25.85 > 5.0; containment 0.15 < 0.5	-	single enzyme: no cross-enzyme consistency check available
SF010.BcgI	GCF_900573985.1	s__Campylobacter_A_showae_E	9.417275525	13.49035699	0.1088827839	0.1090670171	1.561106488	0.6425689511	NA	761	0.9652094049	1.028703084	-1.373652044	2.658789947	1	1	1	BcgI	NA	fixed	2351229.608	glm	26	False	fraction 0.11 < 0.75; dispersion 13.49 > 5.0; containment 0.11 < 0.5	-	single enzyme: no cross-enzyme consistency check available
SF010.BcgI	GCF_900605015.1	s__Olsenella_B_sp900605015	3.389749891	NA	0.009474885845	0.001900624491	13.76418952	3.782847757	NA	646	0.9247709504	0.3549368336	3.087184346	4.478511167	1	1	1	BcgI	NA	fixed	1908950.518	glm	6	False	fraction 0.01 < 0.75; containment 0.00 < 0.5	-	single enzyme: no cross-enzyme consistency check available
SF010.BcgI	GCF_900607225.1	s__Arachnia_sp900607225	3.544838299	3.671951406	0.03176429076	0.030593439	2.061785957	1.043894568	NA	2609	0.9776462322	0.8159428135	-0.5553239598	2.643113096	1	1	1	BcgI	NA	fixed	2380392.517	glm	26	False	fraction 0.03 < 0.75; containment 0.03 < 0.5	-	single enzyme: no cross-enzyme consistency check available
SF010.BcgI	GCF_900634705.1	s__Frankia_coriariae	NA	NA	NA	0	NA	NA	NA	0	NA	NA	NA	NA	0	1	0	-	NA	fixed	NA	none	0	False	containment 0.00 < 0.5; only 0/1 enzymes produced a fit; no PTR estimate	BcgI:only 0 windows after outlier trimming	no enzyme produced a usable estimate
SF010.BcgI	GCF_900635155.1	s__Streptococcus_sanguinis_G	42.92628029	65.24265344	0.1113636364	0.09191176471	2.966385974	1.568706328	NA	197	0.996660094	1.669873578	-1.704185744	4.841598399	1	1	1	BcgI	NA	fixed	1405922.396	glm	8	False	fraction 0.11 < 0.75; dispersion 65.24 > 5.0; containment 0.09 < 0.5	-	single enzyme: no cross-enzyme consistency check available
SF010.BcgI	GCF_900637555.1	s__Lautropia_mirabilis	5.983002878	74.49361055	0.2391145833	0.239048811	1.718616137	0.7812473465	NA	3196	0.9999577251	0.6601079127	-0.5125403884	2.075035081	1	1	1	BcgI	NA	fixed	2317677.04	glm	32	False	fraction 0.24 < 0.75; dispersion 74.49 > 5.0; containment 0.24 < 0.5	-	single enzyme: no cross-enzyme consistency check available
SF010.BcgI	GCF_900683665.1	s__Bacteroides_heparinolyticus	NA	NA	NA	0.0004580852038	NA	NA	NA	0	NA	NA	NA	NA	0	1	0	-	NA	fixed	NA	none	0	False	containment 0.00 < 0.5; only 0/1 enzymes produced a fit; no PTR estimate	BcgI:only 0 windows after outlier trimming	no enzyme produced a usable estimate
SF010.BcgI	GCF_900755445.1	s__Haemophilus_D_sp900755445	NA	NA	NA	0.005050505051	NA	NA	NA	0	NA	NA	NA	NA	0	1	0	-	NA	fixed	NA	none	0	False	containment 0.01 < 0.5; only 0/1 enzymes produced a fit; no PTR estimate	BcgI:only 1 windows after outlier trimming	no enzyme produced a usable estimate
SF010.BcgI	GCF_900755485.1	s__F0422_sp900544365	NA	NA	NA	0	NA	NA	NA	0	NA	NA	NA	NA	0	1	0	-	NA	fixed	NA	none	0	False	containment 0.00 < 0.5; only 0/1 enzymes produced a fit; no PTR estimate	BcgI:only 0 windows after outlier trimming	no enzyme produced a usable estimate
SF010.BcgI	GCF_900756155.1	s__Haemophilus_D_sp900756155	34.99698023	42.87400704	0.2681117902	0.04444444444	49.55972872	5.631096385	NA	87	0.9985177166	2.188290009	1.342126781	9.92006599	1	1	1	BcgI	NA	fixed	80388.81	glm	5	False	fraction 0.27 < 0.75; dispersion 42.87 > 5.0; containment 0.04 < 0.5	-	single enzyme: no cross-enzyme consistency check available
SF010.BcgI	GCF_900756875.1	s__Haemophilus_D_sp900756875	NA	NA	NA	0.02362204724	NA	NA	NA	0	NA	NA	NA	NA	0	1	0	-	NA	fixed	NA	none	0	False	containment 0.02 < 0.5; only 0/1 enzymes produced a fit; no PTR estimate	BcgI:only 23 anchors (< 30)	no enzyme produced a usable estimate
SF010.BcgI	GCF_900759775.1	s__F0422_sp003999875	NA	NA	NA	0	NA	NA	NA	0	NA	NA	NA	NA	0	1	0	-	NA	fixed	NA	none	0	False	containment 0.00 < 0.5; only 0/1 enzymes produced a fit; no PTR estimate	BcgI:only 0 windows after outlier trimming	no enzyme produced a usable estimate
SF010.BcgI	GCF_900764435.1	s__Haemophilus_D_sp900764435	NA	NA	NA	0.01694915254	NA	NA	NA	0	NA	NA	NA	NA	0	1	0	-	NA	fixed	NA	none	0	False	containment 0.02 < 0.5; only 0/1 enzymes produced a fit; no PTR estimate	BcgI:only 3 windows after outlier trimming	no enzyme produced a usable estimate
SF010.BcgI	GCF_900765055.1	s__Limosilactobacillus_vaginalis_A	NA	NA	NA	0	NA	NA	NA	0	NA	NA	NA	NA	0	1	0	-	NA	fixed	NA	none	0	False	containment 0.00 < 0.5; only 0/1 enzymes produced a fit; no PTR estimate	BcgI:only 0 windows after outlier trimming	no enzyme produced a usable estimate
SF010.BcgI	GCF_900766245.1	s__F0422_sp900766245	NA	NA	NA	0	NA	NA	NA	0	NA	NA	NA	NA	0	1	0	-	NA	fixed	NA	none	0	False	containment 0.00 < 0.5; only 0/1 enzymes produced a fit; no PTR estimate	BcgI:only 0 windows after outlier trimming	no enzyme produced a usable estimate
SF010.BcgI	GCF_900768625.1	s__Prevotellamassilia_sp900768625	NA	NA	NA	0.0004415011038	NA	NA	NA	0	NA	NA	NA	NA	0	1	0	-	NA	fixed	NA	none	0	False	containment 0.00 < 0.5; only 0/1 enzymes produced a fit; no PTR estimate	BcgI:only 0 windows after outlier trimming	no enzyme produced a usable estimate
SF010.BcgI	GCF_900993765.1	s__Streptococcus_pyogenes	NA	NA	NA	0	NA	NA	NA	0	NA	NA	NA	NA	0	1	0	-	NA	fixed	NA	none	0	False	containment 0.00 < 0.5; only 0/1 enzymes produced a fit; no PTR estimate	BcgI:only 0 windows after outlier trimming	no enzyme produced a usable estimate
SF010.BcgI	GCF_901542415.1	s__Streptococcus_mitis_BL	NA	NA	NA	0.01351351351	NA	NA	NA	0	NA	NA	NA	NA	0	1	0	-	NA	fixed	NA	none	0	False	containment 0.01 < 0.5; only 0/1 enzymes produced a fit; no PTR estimate	BcgI:only 1 windows after outlier trimming	no enzyme produced a usable estimate
SF010.BcgI	GCF_901543175.1	s__Streptococcus_australis_A	NA	NA	NA	0.02684563758	NA	NA	NA	0	NA	NA	NA	NA	0	1	0	-	NA	fixed	NA	none	0	False	containment 0.03 < 0.5; only 0/1 enzymes produced a fit; no PTR estimate	BcgI:only 2 windows after outlier trimming	no enzyme produced a usable estimate
SF010.BcgI	GCF_901543815.1	s__Streptococcus_mitis_BC	NA	NA	NA	0.01030927835	NA	NA	NA	0	NA	NA	NA	NA	0	1	0	-	NA	fixed	NA	none	0	False	containment 0.01 < 0.5; only 0/1 enzymes produced a fit; no PTR estimate	BcgI:only 1 windows after outlier trimming	no enzyme produced a usable estimate
SF010.BcgI	GCF_902159415.1	s__Streptococcus_mitis_BG	44.11272213	86.37808264	0.2454320988	0.2064516129	3.222540834	1.68819864	NA	155	0.9985454202	1.449620007	-1.153004366	4.529401645	1	1	1	BcgI	NA	fixed	793706.23	glm	9	False	fraction 0.25 < 0.75; dispersion 86.38 > 5.0; containment 0.21 < 0.5	-	single enzyme: no cross-enzyme consistency check available
SF010.BcgI	GCF_902165435.1	s__Klebsiella_A_grimontii	NA	NA	NA	0.0002496878901	NA	NA	NA	0	NA	NA	NA	NA	0	1	0	-	NA	fixed	NA	none	0	False	containment 0.00 < 0.5; only 0/1 enzymes produced a fit; no PTR estimate	BcgI:only 0 windows after outlier trimming	no enzyme produced a usable estimate
SF010.BcgI	GCF_902363285.1	s__Actinomyces_sp900323545	3.797686388	1.882855422	0.02415524291	0.01652502361	3.485163563	1.801226365	NA	1372	0.9741547199	0.6100222901	0.605604647	2.996848084	1	1	1	BcgI	NA	fixed	915510.6697	glm	16	False	fraction 0.02 < 0.75; containment 0.02 < 0.5	-	single enzyme: no cross-enzyme consistency check available
SF010.BcgI	GCF_902363395.1	s__Streptococcus_sp902363395	NA	NA	NA	0.003891050584	NA	NA	NA	0	NA	NA	NA	NA	0	1	0	-	NA	fixed	NA	none	0	False	containment 0.00 < 0.5; only 0/1 enzymes produced a fit; no PTR estimate	BcgI:only 1 windows after outlier trimming	no enzyme produced a usable estimate
SF010.BcgI	GCF_902364435.1	s__Veillonella_dispar_A	NA	NA	NA	0.02380952381	NA	NA	NA	0	NA	NA	NA	NA	0	1	0	-	NA	fixed	NA	none	0	False	containment 0.02 < 0.5; only 0/1 enzymes produced a fit; no PTR estimate	BcgI:only 3 windows after outlier trimming	no enzyme produced a usable estimate
SF010.BcgI	GCF_902373675.1	s__Parvimonas_micra	NA	NA	NA	0.0303030303	NA	NA	NA	0	NA	NA	NA	NA	0	1	0	-	NA	fixed	NA	none	0	False	containment 0.03 < 0.5; only 0/1 enzymes produced a fit; no PTR estimate	BcgI:only 2 windows after outlier trimming	no enzyme produced a usable estimate
SF010.BcgI	GCF_902374235.1	s__Prevotella_salivae	9.791979105	22.97128031	0.3697532428	0.306010929	2.079149486	1.055993488	NA	1113	0.9968268041	0.4588930521	0.1565796334	1.955407343	1	1	1	BcgI	NA	fixed	1612895.804	glm	25	False	fraction 0.37 < 0.75; dispersion 22.97 > 5.0; containment 0.31 < 0.5	-	single enzyme: no cross-enzyme consistency check available
SF010.BcgI	GCF_902374455.1	s__Neisseria_macacae	167.4171766	459.7491607	0.05301301301	0.0310880829	124.0089399	6.954300319	NA	189	0.9828539753	3.570705321	-0.04415350968	13.95275415	1	1	1	BcgI	NA	fixed	2384053.467	glm	7	False	fraction 0.05 < 0.75; dispersion 459.75 > 5.0; containment 0.03 < 0.5	-	single enzyme: no cross-enzyme consistency check available
SF010.BcgI	GCF_902375005.1	s__Streptococcus_sp000411475	NA	NA	NA	0.02395209581	NA	NA	NA	0	NA	NA	NA	NA	0	1	0	-	NA	fixed	NA	none	0	False	containment 0.02 < 0.5; only 0/1 enzymes produced a fit; no PTR estimate	BcgI:only 2 windows after outlier trimming	no enzyme produced a usable estimate
SF010.BcgI	GCF_902376125.1	s__Streptococcus_timonensis	25.11314469	37.27191231	0.2895389267	0.2769230769	43.88107223	5.455526873	NA	130	0.9999757632	3.565923084	-1.533553944	12.44460769	1	1	1	BcgI	NA	fixed	1612229.267	glm	7	False	fraction 0.29 < 0.75; dispersion 37.27 > 5.0; containment 0.28 < 0.5	-	single enzyme: no cross-enzyme consistency check available
SF010.BcgI	GCF_902376145.1	s__F0040_sp900095835	7.302412285	NA	0.01388888889	0.002767017156	2.768690634	1.46920386	NA	360	0.6920317827	1.828329288	-2.114255697	5.052663416	1	1	1	BcgI	NA	fixed	148168.2981	glm	5	False	fraction 0.01 < 0.75; containment 0.00 < 0.5	-	single enzyme: no cross-enzyme consistency check available
SF010.BcgI	GCF_902387945.1	s__Lachnoanaerobaculum_umeaense	NA	NA	NA	0.03947368421	NA	NA	NA	0	NA	NA	NA	NA	0	1	0	-	NA	fixed	NA	none	0	False	containment 0.04 < 0.5; only 0/1 enzymes produced a fit; no PTR estimate	BcgI:only 3 windows after outlier trimming	no enzyme produced a usable estimate
SF010.BcgI	GCF_902460355.1	s__Streptococcus_sp902460355	5.198076223	4.900198413	0.1571593486	0.0976744186	32.71056633	5.031684832	NA	153	0.9980147832	1.226134815	2.628504754	7.43486491	1	1	1	BcgI	NA	fixed	301492.8	glm	7	False	fraction 0.16 < 0.75; containment 0.10 < 0.5	-	single enzyme: no cross-enzyme consistency check available
SF010.BcgI	GCF_902460385.1	s__Streptococcus_sinensis	4.159335403	1.833333333	0.07066150534	0.0170575693	1.688899397	0.7560833934	NA	119	0.6745881014	0.7144664813	-0.6442451781	2.156411965	1	1	1	BcgI	NA	fixed	511956.0044	glm	6	False	fraction 0.07 < 0.75; containment 0.02 < 0.5	-	single enzyme: no cross-enzyme consistency check available
SF010.BcgI	GCF_902460535.1	s__Campylobacter_A_concisus_J	NA	NA	NA	0.009677419355	NA	NA	NA	0	NA	NA	NA	NA	0	1	0	-	NA	fixed	NA	none	0	False	containment 0.01 < 0.5; only 0/1 enzymes produced a fit; no PTR estimate	BcgI:only 3 windows after outlier trimming	no enzyme produced a usable estimate
SF010.BcgI	GCF_902460615.1	s__Campylobacter_A_concisus_C	NA	NA	NA	0.02597402597	NA	NA	NA	0	NA	NA	NA	NA	0	1	0	-	NA	fixed	NA	none	0	False	containment 0.03 < 0.5; only 0/1 enzymes produced a fit; no PTR estimate	BcgI:only 4 windows after outlier trimming	no enzyme produced a usable estimate
SF010.BcgI	GCF_902460705.1	s__Campylobacter_A_concisus_Z	NA	NA	NA	0.005494505495	NA	NA	NA	0	NA	NA	NA	NA	0	1	0	-	NA	fixed	NA	none	0	False	containment 0.01 < 0.5; only 0/1 enzymes produced a fit; no PTR estimate	BcgI:only 2 windows after outlier trimming	no enzyme produced a usable estimate
SF010.BcgI	GCF_902460815.1	s__Campylobacter_A_concisus_F	NA	NA	NA	0.01572327044	NA	NA	NA	0	NA	NA	NA	NA	0	1	0	-	NA	fixed	NA	none	0	False	containment 0.02 < 0.5; only 0/1 enzymes produced a fit; no PTR estimate	BcgI:only 2 windows after outlier trimming	no enzyme produced a usable estimate
SF010.BcgI	GCF_902859015.1	s__Streptococcus_sp001556435	10.06778923	6.982248699	0.1422222222	0.1254752852	5.699896283	2.510935668	NA	225	0.9963559006	0.8416538111	0.8613245106	4.160546825	1	1	1	BcgI	NA	fixed	1032911.947	glm	9	False	fraction 0.14 < 0.75; dispersion 6.98 > 5.0; containment 0.13 < 0.5	-	single enzyme: no cross-enzyme consistency check available
SF010.BcgI	GCF_902983995.1	s__Treponema_D_buccale	3.213336291	1.05330287	0.01694166767	0.0142118863	0.8147978523	-0.2954859174	NA	1770	0.6625141237	0.8885301537	-2.036973018	1.446001183	1	1	1	BcgI	NA	fixed	2785559.732	glm	19	False	fraction 0.02 < 0.75; containment 0.01 < 0.5	-	single enzyme: no cross-enzyme consistency check available
SF010.BcgI	GCF_903645325.1	s__Microbacterium_sp903645325	NA	NA	NA	0.0002014910336	NA	NA	NA	0	NA	NA	NA	NA	0	1	0	-	NA	fixed	NA	none	0	False	containment 0.00 < 0.5; only 0/1 enzymes produced a fit; no PTR estimate	BcgI:only 1 windows after outlier trimming	no enzyme produced a usable estimate
