sample	genome	taxonomy	coverage	dispersion	fraction	containment	PTR	log2(PTR)	enzyme_consistency	n_anchors	ori_confidence	se	ci_low	ci_high	n_enzymes	n_enzymes_attempted	enzyme_fit_rate	enzymes_used	enzyme_i2	fusion_model	ori	method	n_windows	pass_qc	qc_reason	excluded	note
SF027.BcgI	GCA_000162895.1	s__Peptidiphaga_gingivicola	NA	NA	NA	0	NA	NA	NA	0	NA	NA	NA	NA	0	1	0	-	NA	fixed	NA	none	0	False	containment 0.00 < 0.5; only 0/1 enzymes produced a fit; no PTR estimate	BcgI:only 0 windows after outlier trimming	no enzyme produced a usable estimate
SF027.BcgI	GCA_000210715.1	s__Fretibacterium_fastidiosum	NA	NA	NA	0	NA	NA	NA	0	NA	NA	NA	NA	0	1	0	-	NA	fixed	NA	none	0	False	containment 0.00 < 0.5; only 0/1 enzymes produced a fit; no PTR estimate	BcgI:only 0 windows after outlier trimming	no enzyme produced a usable estimate
SF027.BcgI	GCA_000286355.1	s__Kocuria_atrinae	NA	NA	NA	0	NA	NA	NA	0	NA	NA	NA	NA	0	1	0	-	NA	fixed	NA	none	0	False	containment 0.00 < 0.5; only 0/1 enzymes produced a fit; no PTR estimate	BcgI:only 0 windows after outlier trimming	no enzyme produced a usable estimate
SF027.BcgI	GCA_000385835.1	s__Streptococcus_mitis_AI	NA	NA	NA	0	NA	NA	NA	0	NA	NA	NA	NA	0	1	0	-	NA	fixed	NA	none	0	False	containment 0.00 < 0.5; only 0/1 enzymes produced a fit; no PTR estimate	BcgI:only 0 windows after outlier trimming	no enzyme produced a usable estimate
SF027.BcgI	GCA_000413015.1	s__Treponema_D_paredis	NA	NA	NA	0	NA	NA	NA	0	NA	NA	NA	NA	0	1	0	-	NA	fixed	NA	none	0	False	containment 0.00 < 0.5; only 0/1 enzymes produced a fit; no PTR estimate	BcgI:only 0 windows after outlier trimming	no enzyme produced a usable estimate
SF027.BcgI	GCA_000413335.1	s__Cutibacterium_avidum	NA	NA	NA	0	NA	NA	NA	0	NA	NA	NA	NA	0	1	0	-	NA	fixed	NA	none	0	False	containment 0.00 < 0.5; only 0/1 enzymes produced a fit; no PTR estimate	BcgI:only 0 windows after outlier trimming	no enzyme produced a usable estimate
SF027.BcgI	GCA_001062585.1	s__Neisseria_sp000227275	1518.236179	NA	0.5227272727	0.08148148148	1.543956293e+44	146.7914681	NA	54	0.9999999821	1075.534608	-1961.217627	2254.800563	1	1	1	BcgI	NA	fixed	2029487.503	glm	22	False	fraction 0.52 < 0.75; containment 0.08 < 0.5	-	single enzyme: no cross-enzyme consistency check available
SF027.BcgI	GCA_001063255.1	s__Neisseria_mucosa	NA	NA	NA	0.0278551532	NA	NA	NA	0	NA	NA	NA	NA	0	1	0	-	NA	fixed	NA	none	0	False	containment 0.03 < 0.5; only 0/1 enzymes produced a fit; no PTR estimate	BcgI:only 27 anchors (< 30)	no enzyme produced a usable estimate
SF027.BcgI	GCA_001067315.1	s__Neisseria_subflava	NA	NA	NA	0.007692307692	NA	NA	NA	0	NA	NA	NA	NA	0	1	0	-	NA	fixed	NA	none	0	False	containment 0.01 < 0.5; only 0/1 enzymes produced a fit; no PTR estimate	BcgI:only 3 windows after outlier trimming	no enzyme produced a usable estimate
SF027.BcgI	GCA_001067655.1	s__Neisseria_lactamica_B	972.5557766	986.4517986	0.5030612245	0.03523489933	3447459688	31.68288654	NA	41	0.9999235862	2.190792214	27.3890127	35.97676037	1	1	1	BcgI	NA	fixed	281663.24	glm	14	False	fraction 0.50 < 0.75; dispersion 986.45 > 5.0; containment 0.04 < 0.5	-	single enzyme: no cross-enzyme consistency check available
SF027.BcgI	GCA_001196045.1	s__Staphylococcus_warneri	NA	NA	NA	0	NA	NA	NA	0	NA	NA	NA	NA	0	1	0	-	NA	fixed	NA	none	0	False	containment 0.00 < 0.5; only 0/1 enzymes produced a fit; no PTR estimate	BcgI:only 0 windows after outlier trimming	no enzyme produced a usable estimate
SF027.BcgI	GCA_001275035.1	s__Pararheinheimera_tangshanensis	NA	NA	NA	0	NA	NA	NA	0	NA	NA	NA	NA	0	1	0	-	NA	fixed	NA	none	0	False	containment 0.00 < 0.5; only 0/1 enzymes produced a fit; no PTR estimate	BcgI:only 0 windows after outlier trimming	no enzyme produced a usable estimate
SF027.BcgI	GCA_001296205.1	s__Streptococcus_intermedius	NA	NA	NA	0.005899705015	NA	NA	NA	0	NA	NA	NA	NA	0	1	0	-	NA	fixed	NA	none	0	False	containment 0.01 < 0.5; only 0/1 enzymes produced a fit; no PTR estimate	BcgI:only 2 windows after outlier trimming	no enzyme produced a usable estimate
SF027.BcgI	GCA_001421095.1	s__Bacteroides_D_periocalifornicus	NA	NA	NA	0	NA	NA	NA	0	NA	NA	NA	NA	0	1	0	-	NA	fixed	NA	none	0	False	containment 0.00 < 0.5; only 0/1 enzymes produced a fit; no PTR estimate	BcgI:only 0 windows after outlier trimming	no enzyme produced a usable estimate
SF027.BcgI	GCA_001477075.1	s__Methylobacterium_organophilum	NA	NA	NA	0.0001588562351	NA	NA	NA	0	NA	NA	NA	NA	0	1	0	-	NA	fixed	NA	none	0	False	containment 0.00 < 0.5; only 0/1 enzymes produced a fit; no PTR estimate	BcgI:only 1 windows after outlier trimming	no enzyme produced a usable estimate
SF027.BcgI	GCA_001556165.1	s__Sphingomonas_ginsenosidimutans	NA	NA	NA	0.0004145936982	NA	NA	NA	0	NA	NA	NA	NA	0	1	0	-	NA	fixed	NA	none	0	False	containment 0.00 < 0.5; only 0/1 enzymes produced a fit; no PTR estimate	BcgI:only 1 windows after outlier trimming	no enzyme produced a usable estimate
SF027.BcgI	GCA_001578795.1	s__Streptococcus_gordonii_A	207.0833333	264.5512156	0.1052499016	0.07580174927	2.151754633	1.105513575	NA	277	1	1.853460438	-2.527202131	4.738229281	1	1	1	BcgI	NA	fixed	1951370.541	glm	11	False	fraction 0.11 < 0.75; dispersion 264.55 > 5.0; containment 0.08 < 0.5	-	single enzyme: no cross-enzyme consistency check available
SF027.BcgI	GCA_001578855.1	s__Streptococcus_oralis_R	NA	NA	NA	0.006097560976	NA	NA	NA	0	NA	NA	NA	NA	0	1	0	-	NA	fixed	NA	none	0	False	containment 0.01 < 0.5; only 0/1 enzymes produced a fit; no PTR estimate	BcgI:only 1 windows after outlier trimming	no enzyme produced a usable estimate
SF027.BcgI	GCA_001579015.1	s__Streptococcus_oralis_K	NA	NA	NA	0.008771929825	NA	NA	NA	0	NA	NA	NA	NA	0	1	0	-	NA	fixed	NA	none	0	False	containment 0.01 < 0.5; only 0/1 enzymes produced a fit; no PTR estimate	BcgI:only 1 windows after outlier trimming	no enzyme produced a usable estimate
SF027.BcgI	GCA_001636165.1	s__Schleiferilactobacillus_harbinensis	NA	NA	NA	0	NA	NA	NA	0	NA	NA	NA	NA	0	1	0	-	NA	fixed	NA	none	0	False	containment 0.00 < 0.5; only 0/1 enzymes produced a fit; no PTR estimate	BcgI:only 0 windows after outlier trimming	no enzyme produced a usable estimate
SF027.BcgI	GCA_001724095.1	s__Pigmentiphaga_sp001898625	NA	NA	NA	0	NA	NA	NA	0	NA	NA	NA	NA	0	1	0	-	NA	fixed	NA	none	0	False	containment 0.00 < 0.5; only 0/1 enzymes produced a fit; no PTR estimate	BcgI:only 0 windows after outlier trimming	no enzyme produced a usable estimate
SF027.BcgI	GCA_001725355.1	s__Novosphingobium_sp001725355	NA	NA	NA	0	NA	NA	NA	0	NA	NA	NA	NA	0	1	0	-	NA	fixed	NA	none	0	False	containment 0.00 < 0.5; only 0/1 enzymes produced a fit; no PTR estimate	BcgI:only 0 windows after outlier trimming	no enzyme produced a usable estimate
SF027.BcgI	GCA_001838375.1	s__Neisseria_mucosa_A	615.4761905	21.67048823	0.3675430813	0.02803738318	1.933147875e+14	47.45794533	NA	79	0.9999876897	3.797171924	40.01562511	54.90026554	1	1	1	BcgI	NA	fixed	1685344.473	glm	7	False	fraction 0.37 < 0.75; dispersion 21.67 > 5.0; containment 0.03 < 0.5	-	single enzyme: no cross-enzyme consistency check available
SF027.BcgI	GCA_001899205.1	s__Mesorhizobium_sp001899205	NA	NA	NA	0	NA	NA	NA	0	NA	NA	NA	NA	0	1	0	-	NA	fixed	NA	none	0	False	containment 0.00 < 0.5; only 0/1 enzymes produced a fit; no PTR estimate	BcgI:only 0 windows after outlier trimming	no enzyme produced a usable estimate
SF027.BcgI	GCA_001899725.1	s__Sphingomonas_leidyi	NA	NA	NA	0	NA	NA	NA	0	NA	NA	NA	NA	0	1	0	-	NA	fixed	NA	none	0	False	containment 0.00 < 0.5; only 0/1 enzymes produced a fit; no PTR estimate	BcgI:only 0 windows after outlier trimming	no enzyme produced a usable estimate
SF027.BcgI	GCA_001914195.1	s__Streptococcus_mitis_F	NA	NA	NA	0	NA	NA	NA	0	NA	NA	NA	NA	0	1	0	-	NA	fixed	NA	none	0	False	containment 0.00 < 0.5; only 0/1 enzymes produced a fit; no PTR estimate	BcgI:only 0 windows after outlier trimming	no enzyme produced a usable estimate
SF027.BcgI	GCA_002211645.1	s__Fusobacterium_animalis	NA	NA	NA	0	NA	NA	NA	0	NA	NA	NA	NA	0	1	0	-	NA	fixed	NA	none	0	False	containment 0.00 < 0.5; only 0/1 enzymes produced a fit; no PTR estimate	BcgI:only 0 windows after outlier trimming	no enzyme produced a usable estimate
SF027.BcgI	GCA_002256345.1	s__Tardiphaga_sp002256345	NA	NA	NA	0	NA	NA	NA	0	NA	NA	NA	NA	0	1	0	-	NA	fixed	NA	none	0	False	containment 0.00 < 0.5; only 0/1 enzymes produced a fit; no PTR estimate	BcgI:only 0 windows after outlier trimming	no enzyme produced a usable estimate
SF027.BcgI	GCA_002305995.1	s__UBA1367_sp002305995	NA	NA	NA	0	NA	NA	NA	0	NA	NA	NA	NA	0	1	0	-	NA	fixed	NA	none	0	False	containment 0.00 < 0.5; only 0/1 enzymes produced a fit; no PTR estimate	BcgI:only 0 windows after outlier trimming	no enzyme produced a usable estimate
SF027.BcgI	GCA_002316995.1	s__Proteiniphilum_sp002410345	NA	NA	NA	0	NA	NA	NA	0	NA	NA	NA	NA	0	1	0	-	NA	fixed	NA	none	0	False	containment 0.00 < 0.5; only 0/1 enzymes produced a fit; no PTR estimate	BcgI:only 0 windows after outlier trimming	no enzyme produced a usable estimate
SF027.BcgI	GCA_002322135.1	s__Moraxella_A_cinereus	NA	NA	NA	0.0009398496241	NA	NA	NA	0	NA	NA	NA	NA	0	1	0	-	NA	fixed	NA	none	0	False	containment 0.00 < 0.5; only 0/1 enzymes produced a fit; no PTR estimate	BcgI:only 1 windows after outlier trimming	no enzyme produced a usable estimate
SF027.BcgI	GCA_002341725.1	s__Bradyrhizobium_sp002831585	NA	NA	NA	0	NA	NA	NA	0	NA	NA	NA	NA	0	1	0	-	NA	fixed	NA	none	0	False	containment 0.00 < 0.5; only 0/1 enzymes produced a fit; no PTR estimate	BcgI:only 0 windows after outlier trimming	no enzyme produced a usable estimate
SF027.BcgI	GCA_002345845.1	s__Azonexus_sp002345845	NA	NA	NA	0	NA	NA	NA	0	NA	NA	NA	NA	0	1	0	-	NA	fixed	NA	none	0	False	containment 0.00 < 0.5; only 0/1 enzymes produced a fit; no PTR estimate	BcgI:only 0 windows after outlier trimming	no enzyme produced a usable estimate
SF027.BcgI	GCA_002353675.1	s__Prevotella_sp900318855	NA	NA	NA	0	NA	NA	NA	0	NA	NA	NA	NA	0	1	0	-	NA	fixed	NA	none	0	False	containment 0.00 < 0.5; only 0/1 enzymes produced a fit; no PTR estimate	BcgI:only 0 windows after outlier trimming	no enzyme produced a usable estimate
SF027.BcgI	GCA_002354335.1	s__Sphingobacterium_sp002354335	NA	NA	NA	0	NA	NA	NA	0	NA	NA	NA	NA	0	1	0	-	NA	fixed	NA	none	0	False	containment 0.00 < 0.5; only 0/1 enzymes produced a fit; no PTR estimate	BcgI:only 0 windows after outlier trimming	no enzyme produced a usable estimate
SF027.BcgI	GCA_002380835.1	s__Kurthia_gibsonii	NA	NA	NA	0	NA	NA	NA	0	NA	NA	NA	NA	0	1	0	-	NA	fixed	NA	none	0	False	containment 0.00 < 0.5; only 0/1 enzymes produced a fit; no PTR estimate	BcgI:only 0 windows after outlier trimming	no enzyme produced a usable estimate
SF027.BcgI	GCA_002387245.1	s__Brevundimonas_sp002387245	NA	NA	NA	0	NA	NA	NA	0	NA	NA	NA	NA	0	1	0	-	NA	fixed	NA	none	0	False	containment 0.00 < 0.5; only 0/1 enzymes produced a fit; no PTR estimate	BcgI:only 0 windows after outlier trimming	no enzyme produced a usable estimate
SF027.BcgI	GCA_002396845.1	s__UBA4877_sp002399345	NA	NA	NA	0	NA	NA	NA	0	NA	NA	NA	NA	0	1	0	-	NA	fixed	NA	none	0	False	containment 0.00 < 0.5; only 0/1 enzymes produced a fit; no PTR estimate	BcgI:only 0 windows after outlier trimming	no enzyme produced a usable estimate
SF027.BcgI	GCA_002397005.1	s__Caproiciproducens_sp002407645	NA	NA	NA	0	NA	NA	NA	0	NA	NA	NA	NA	0	1	0	-	NA	fixed	NA	none	0	False	containment 0.00 < 0.5; only 0/1 enzymes produced a fit; no PTR estimate	BcgI:only 0 windows after outlier trimming	no enzyme produced a usable estimate
SF027.BcgI	GCA_002397085.1	s__UBA4871_sp002119605	NA	NA	NA	0	NA	NA	NA	0	NA	NA	NA	NA	0	1	0	-	NA	fixed	NA	none	0	False	containment 0.00 < 0.5; only 0/1 enzymes produced a fit; no PTR estimate	BcgI:only 0 windows after outlier trimming	no enzyme produced a usable estimate
SF027.BcgI	GCA_002397275.1	s__Syntrophaceticus_sp002397275	NA	NA	NA	0	NA	NA	NA	0	NA	NA	NA	NA	0	1	0	-	NA	fixed	NA	none	0	False	containment 0.00 < 0.5; only 0/1 enzymes produced a fit; no PTR estimate	BcgI:only 0 windows after outlier trimming	no enzyme produced a usable estimate
SF027.BcgI	GCA_002397665.1	s__Clostridium_E_sp002397665	NA	NA	NA	0	NA	NA	NA	0	NA	NA	NA	NA	0	1	0	-	NA	fixed	NA	none	0	False	containment 0.00 < 0.5; only 0/1 enzymes produced a fit; no PTR estimate	BcgI:only 0 windows after outlier trimming	no enzyme produced a usable estimate
SF027.BcgI	GCA_002397945.1	s__UBA4923_sp002427535	NA	NA	NA	0	NA	NA	NA	0	NA	NA	NA	NA	0	1	0	-	NA	fixed	NA	none	0	False	containment 0.00 < 0.5; only 0/1 enzymes produced a fit; no PTR estimate	BcgI:only 0 windows after outlier trimming	no enzyme produced a usable estimate
SF027.BcgI	GCA_002398185.1	s__UBA4844_sp002424365	NA	NA	NA	0	NA	NA	NA	0	NA	NA	NA	NA	0	1	0	-	NA	fixed	NA	none	0	False	containment 0.00 < 0.5; only 0/1 enzymes produced a fit; no PTR estimate	BcgI:only 0 windows after outlier trimming	no enzyme produced a usable estimate
SF027.BcgI	GCA_002398695.1	s__Olegusella_sp002407925	NA	NA	NA	0	NA	NA	NA	0	NA	NA	NA	NA	0	1	0	-	NA	fixed	NA	none	0	False	containment 0.00 < 0.5; only 0/1 enzymes produced a fit; no PTR estimate	BcgI:only 0 windows after outlier trimming	no enzyme produced a usable estimate
SF027.BcgI	GCA_002398905.1	s__Caprobacter_sp002407675	NA	NA	NA	0	NA	NA	NA	0	NA	NA	NA	NA	0	1	0	-	NA	fixed	NA	none	0	False	containment 0.00 < 0.5; only 0/1 enzymes produced a fit; no PTR estimate	BcgI:only 0 windows after outlier trimming	no enzyme produced a usable estimate
SF027.BcgI	GCA_002399315.1	s__UBA4851_sp002408445	NA	NA	NA	0	NA	NA	NA	0	NA	NA	NA	NA	0	1	0	-	NA	fixed	NA	none	0	False	containment 0.00 < 0.5; only 0/1 enzymes produced a fit; no PTR estimate	BcgI:only 0 windows after outlier trimming	no enzyme produced a usable estimate
SF027.BcgI	GCA_002407685.1	s__Fermentimonas_sp002398875	NA	NA	NA	0	NA	NA	NA	0	NA	NA	NA	NA	0	1	0	-	NA	fixed	NA	none	0	False	containment 0.00 < 0.5; only 0/1 enzymes produced a fit; no PTR estimate	BcgI:only 0 windows after outlier trimming	no enzyme produced a usable estimate
SF027.BcgI	GCA_002408485.1	s__Proteiniphilum_sp002408485	NA	NA	NA	0	NA	NA	NA	0	NA	NA	NA	NA	0	1	0	-	NA	fixed	NA	none	0	False	containment 0.00 < 0.5; only 0/1 enzymes produced a fit; no PTR estimate	BcgI:only 0 windows after outlier trimming	no enzyme produced a usable estimate
SF027.BcgI	GCA_002408725.1	s__DTU098_sp002408725	NA	NA	NA	0	NA	NA	NA	0	NA	NA	NA	NA	0	1	0	-	NA	fixed	NA	none	0	False	containment 0.00 < 0.5; only 0/1 enzymes produced a fit; no PTR estimate	BcgI:only 0 windows after outlier trimming	no enzyme produced a usable estimate
SF027.BcgI	GCA_002409095.1	s__DTU032_sp002427505	NA	NA	NA	0	NA	NA	NA	0	NA	NA	NA	NA	0	1	0	-	NA	fixed	NA	none	0	False	containment 0.00 < 0.5; only 0/1 enzymes produced a fit; no PTR estimate	BcgI:only 0 windows after outlier trimming	no enzyme produced a usable estimate
SF027.BcgI	GCA_002409445.1	s__UBA10988_sp002409445	NA	NA	NA	0	NA	NA	NA	0	NA	NA	NA	NA	0	1	0	-	NA	fixed	NA	none	0	False	containment 0.00 < 0.5; only 0/1 enzymes produced a fit; no PTR estimate	BcgI:only 0 windows after outlier trimming	no enzyme produced a usable estimate
SF027.BcgI	GCA_002409905.1	s__Aminobacterium_mobile	NA	NA	NA	0	NA	NA	NA	0	NA	NA	NA	NA	0	1	0	-	NA	fixed	NA	none	0	False	containment 0.00 < 0.5; only 0/1 enzymes produced a fit; no PTR estimate	BcgI:only 0 windows after outlier trimming	no enzyme produced a usable estimate
SF027.BcgI	GCA_002410045.1	s__T78_sp002409625	NA	NA	NA	0	NA	NA	NA	0	NA	NA	NA	NA	0	1	0	-	NA	fixed	NA	none	0	False	containment 0.00 < 0.5; only 0/1 enzymes produced a fit; no PTR estimate	BcgI:only 0 windows after outlier trimming	no enzyme produced a usable estimate
SF027.BcgI	GCA_002411015.1	s__UBA5352_sp002411015	NA	NA	NA	0	NA	NA	NA	0	NA	NA	NA	NA	0	1	0	-	NA	fixed	NA	none	0	False	containment 0.00 < 0.5; only 0/1 enzymes produced a fit; no PTR estimate	BcgI:only 0 windows after outlier trimming	no enzyme produced a usable estimate
SF027.BcgI	GCA_002419745.1	s__Massilia_timonae	NA	NA	NA	0	NA	NA	NA	0	NA	NA	NA	NA	0	1	0	-	NA	fixed	NA	none	0	False	containment 0.00 < 0.5; only 0/1 enzymes produced a fit; no PTR estimate	BcgI:only 0 windows after outlier trimming	no enzyme produced a usable estimate
SF027.BcgI	GCA_002427175.1	s__UBA4874_sp002398065	NA	NA	NA	0	NA	NA	NA	0	NA	NA	NA	NA	0	1	0	-	NA	fixed	NA	none	0	False	containment 0.00 < 0.5; only 0/1 enzymes produced a fit; no PTR estimate	BcgI:only 0 windows after outlier trimming	no enzyme produced a usable estimate
SF027.BcgI	GCA_002427475.1	s__DTU032_sp002427475	NA	NA	NA	0	NA	NA	NA	0	NA	NA	NA	NA	0	1	0	-	NA	fixed	NA	none	0	False	containment 0.00 < 0.5; only 0/1 enzymes produced a fit; no PTR estimate	BcgI:only 0 windows after outlier trimming	no enzyme produced a usable estimate
SF027.BcgI	GCA_002431665.1	s__Petrimonas_sp002356435	NA	NA	NA	0	NA	NA	NA	0	NA	NA	NA	NA	0	1	0	-	NA	fixed	NA	none	0	False	containment 0.00 < 0.5; only 0/1 enzymes produced a fit; no PTR estimate	BcgI:only 0 windows after outlier trimming	no enzyme produced a usable estimate
SF027.BcgI	GCA_002437285.1	s__Prevotella_sp002437285	NA	NA	NA	0	NA	NA	NA	0	NA	NA	NA	NA	0	1	0	-	NA	fixed	NA	none	0	False	containment 0.00 < 0.5; only 0/1 enzymes produced a fit; no PTR estimate	BcgI:only 0 windows after outlier trimming	no enzyme produced a usable estimate
SF027.BcgI	GCA_002454415.1	s__Sphingobacterium_sp002454415	NA	NA	NA	0	NA	NA	NA	0	NA	NA	NA	NA	0	1	0	-	NA	fixed	NA	none	0	False	containment 0.00 < 0.5; only 0/1 enzymes produced a fit; no PTR estimate	BcgI:only 0 windows after outlier trimming	no enzyme produced a usable estimate
SF027.BcgI	GCA_002455995.1	s__Leclercia_adecarboxylata_C	NA	NA	NA	0	NA	NA	NA	0	NA	NA	NA	NA	0	1	0	-	NA	fixed	NA	none	0	False	containment 0.00 < 0.5; only 0/1 enzymes produced a fit; no PTR estimate	BcgI:only 0 windows after outlier trimming	no enzyme produced a usable estimate
SF027.BcgI	GCA_002694485.1	s__Brevundimonas_aurantiaca	NA	NA	NA	0.001092896175	NA	NA	NA	0	NA	NA	NA	NA	0	1	0	-	NA	fixed	NA	none	0	False	containment 0.00 < 0.5; only 0/1 enzymes produced a fit; no PTR estimate	BcgI:only 2 windows after outlier trimming	no enzyme produced a usable estimate
SF027.BcgI	GCA_002724745.1	s__Herbaspirillum_huttiense	NA	NA	NA	0	NA	NA	NA	0	NA	NA	NA	NA	0	1	0	-	NA	fixed	NA	none	0	False	containment 0.00 < 0.5; only 0/1 enzymes produced a fit; no PTR estimate	BcgI:only 0 windows after outlier trimming	no enzyme produced a usable estimate
SF027.BcgI	GCA_002727035.1	s__Methylobacterium_fujisawaense	NA	NA	NA	0	NA	NA	NA	0	NA	NA	NA	NA	0	1	0	-	NA	fixed	NA	none	0	False	containment 0.00 < 0.5; only 0/1 enzymes produced a fit; no PTR estimate	BcgI:only 0 windows after outlier trimming	no enzyme produced a usable estimate
SF027.BcgI	GCA_002890635.1	s__Tannerella_sp002890585	NA	NA	NA	0	NA	NA	NA	0	NA	NA	NA	NA	0	1	0	-	NA	fixed	NA	none	0	False	containment 0.00 < 0.5; only 0/1 enzymes produced a fit; no PTR estimate	BcgI:only 0 windows after outlier trimming	no enzyme produced a usable estimate
SF027.BcgI	GCA_003241005.1	s__Brachybacterium_muris	NA	NA	NA	0.0002713704206	NA	NA	NA	0	NA	NA	NA	NA	0	1	0	-	NA	fixed	NA	none	0	False	containment 0.00 < 0.5; only 0/1 enzymes produced a fit; no PTR estimate	BcgI:only 0 windows after outlier trimming	no enzyme produced a usable estimate
SF027.BcgI	GCA_003241315.1	s__Lawsonella_clevelandensis_A	NA	NA	NA	0	NA	NA	NA	0	NA	NA	NA	NA	0	1	0	-	NA	fixed	NA	none	0	False	containment 0.00 < 0.5; only 0/1 enzymes produced a fit; no PTR estimate	BcgI:only 0 windows after outlier trimming	no enzyme produced a usable estimate
SF027.BcgI	GCA_003248485.1	s__QFNR01_sp003248485	NA	NA	NA	0	NA	NA	NA	0	NA	NA	NA	NA	0	1	0	-	NA	fixed	NA	none	0	False	containment 0.00 < 0.5; only 0/1 enzymes produced a fit; no PTR estimate	BcgI:only 0 windows after outlier trimming	no enzyme produced a usable estimate
SF027.BcgI	GCA_003260325.1	s__GN02-872_sp003260325	NA	NA	NA	0	NA	NA	NA	0	NA	NA	NA	NA	0	1	0	-	NA	fixed	NA	none	0	False	containment 0.00 < 0.5; only 0/1 enzymes produced a fit; no PTR estimate	BcgI:only 0 windows after outlier trimming	no enzyme produced a usable estimate
SF027.BcgI	GCA_003260345.1	s__GN02-873_sp003260345	NA	NA	NA	0	NA	NA	NA	0	NA	NA	NA	NA	0	1	0	-	NA	fixed	NA	none	0	False	containment 0.00 < 0.5; only 0/1 enzymes produced a fit; no PTR estimate	BcgI:only 0 windows after outlier trimming	no enzyme produced a usable estimate
SF027.BcgI	GCA_003260355.1	s__HOT-345_sp003260355	NA	NA	NA	0	NA	NA	NA	0	NA	NA	NA	NA	0	1	0	-	NA	fixed	NA	none	0	False	containment 0.00 < 0.5; only 0/1 enzymes produced a fit; no PTR estimate	BcgI:only 0 windows after outlier trimming	no enzyme produced a usable estimate
SF027.BcgI	GCA_003469565.1	s__Streptococcus_parasanguinis_C	158.125	10.35125448	0.08070020053	0.036	3.348027506	1.743311381	NA	137	0.9978801156	1.472935492	-1.143589136	4.630211897	1	1	1	BcgI	NA	fixed	958327.5533	glm	8	False	fraction 0.08 < 0.75; dispersion 10.35 > 5.0; containment 0.04 < 0.5	-	single enzyme: no cross-enzyme consistency check available
SF027.BcgI	GCA_003476535.1	s__Bradyrhizobium_sp003020075	NA	NA	NA	0	NA	NA	NA	0	NA	NA	NA	NA	0	1	0	-	NA	fixed	NA	none	0	False	containment 0.00 < 0.5; only 0/1 enzymes produced a fit; no PTR estimate	BcgI:only 0 windows after outlier trimming	no enzyme produced a usable estimate
SF027.BcgI	GCA_003524895.1	s__Muricomes_intestini	NA	NA	NA	0	NA	NA	NA	0	NA	NA	NA	NA	0	1	0	-	NA	fixed	NA	none	0	False	containment 0.00 < 0.5; only 0/1 enzymes produced a fit; no PTR estimate	BcgI:only 0 windows after outlier trimming	no enzyme produced a usable estimate
SF027.BcgI	GCA_003638725.1	s__Leptotrichia_sp002240055	NA	NA	NA	0	NA	NA	NA	0	NA	NA	NA	NA	0	1	0	-	NA	fixed	NA	none	0	False	containment 0.00 < 0.5; only 0/1 enzymes produced a fit; no PTR estimate	BcgI:only 0 windows after outlier trimming	no enzyme produced a usable estimate
SF027.BcgI	GCA_003639045.1	s__Pauljensenia_hongkongensis	NA	NA	NA	0	NA	NA	NA	0	NA	NA	NA	NA	0	1	0	-	NA	fixed	NA	none	0	False	containment 0.00 < 0.5; only 0/1 enzymes produced a fit; no PTR estimate	BcgI:only 0 windows after outlier trimming	no enzyme produced a usable estimate
SF027.BcgI	GCA_003640335.1	s__Porphyromonas_sp003640335	NA	NA	NA	0	NA	NA	NA	0	NA	NA	NA	NA	0	1	0	-	NA	fixed	NA	none	0	False	containment 0.00 < 0.5; only 0/1 enzymes produced a fit; no PTR estimate	BcgI:only 0 windows after outlier trimming	no enzyme produced a usable estimate
SF027.BcgI	GCA_003862175.1	s__UBA7748_sp003862175	NA	NA	NA	0	NA	NA	NA	0	NA	NA	NA	NA	0	1	0	-	NA	fixed	NA	none	0	False	containment 0.00 < 0.5; only 0/1 enzymes produced a fit; no PTR estimate	BcgI:only 0 windows after outlier trimming	no enzyme produced a usable estimate
SF027.BcgI	GCA_003862265.1	s__Limosilactobacillus_mucosae	NA	NA	NA	0.001295336788	NA	NA	NA	0	NA	NA	NA	NA	0	1	0	-	NA	fixed	NA	none	0	False	containment 0.00 < 0.5; only 0/1 enzymes produced a fit; no PTR estimate	BcgI:only 1 windows after outlier trimming	no enzyme produced a usable estimate
SF027.BcgI	GCA_003963075.1	s__Pelomonas_sp003963075	NA	NA	NA	0	NA	NA	NA	0	NA	NA	NA	NA	0	1	0	-	NA	fixed	NA	none	0	False	containment 0.00 < 0.5; only 0/1 enzymes produced a fit; no PTR estimate	BcgI:only 0 windows after outlier trimming	no enzyme produced a usable estimate
SF027.BcgI	GCA_003963115.1	s__Aquabacterium_sp003963115	NA	NA	NA	0	NA	NA	NA	0	NA	NA	NA	NA	0	1	0	-	NA	fixed	NA	none	0	False	containment 0.00 < 0.5; only 0/1 enzymes produced a fit; no PTR estimate	BcgI:only 0 windows after outlier trimming	no enzyme produced a usable estimate
SF027.BcgI	GCA_004297045.1	s__Bosea_sp900156025	NA	NA	NA	0.0002794857462	NA	NA	NA	0	NA	NA	NA	NA	0	1	0	-	NA	fixed	NA	none	0	False	containment 0.00 < 0.5; only 0/1 enzymes produced a fit; no PTR estimate	BcgI:only 1 windows after outlier trimming	no enzyme produced a usable estimate
SF027.BcgI	GCA_004297605.1	s__Aquabacterium_sp004322345	NA	NA	NA	0	NA	NA	NA	0	NA	NA	NA	NA	0	1	0	-	NA	fixed	NA	none	0	False	containment 0.00 < 0.5; only 0/1 enzymes produced a fit; no PTR estimate	BcgI:only 0 windows after outlier trimming	no enzyme produced a usable estimate
SF027.BcgI	GCA_004555055.1	s__F0040_sp004555055	NA	NA	NA	0	NA	NA	NA	0	NA	NA	NA	NA	0	1	0	-	NA	fixed	NA	none	0	False	containment 0.00 < 0.5; only 0/1 enzymes produced a fit; no PTR estimate	BcgI:only 0 windows after outlier trimming	no enzyme produced a usable estimate
SF027.BcgI	GCA_005768775.1	s__Gemella_haemolysans_B	NA	NA	NA	0	NA	NA	NA	0	NA	NA	NA	NA	0	1	0	-	NA	fixed	NA	none	0	False	containment 0.00 < 0.5; only 0/1 enzymes produced a fit; no PTR estimate	BcgI:only 0 windows after outlier trimming	no enzyme produced a usable estimate
SF027.BcgI	GCA_009830425.1	s__Staphylococcus_A_sciuri	NA	NA	NA	0	NA	NA	NA	0	NA	NA	NA	NA	0	1	0	-	NA	fixed	NA	none	0	False	containment 0.00 < 0.5; only 0/1 enzymes produced a fit; no PTR estimate	BcgI:only 0 windows after outlier trimming	no enzyme produced a usable estimate
SF027.BcgI	GCA_009923995.1	s__Janthinobacterium_sp009923995	NA	NA	NA	0	NA	NA	NA	0	NA	NA	NA	NA	0	1	0	-	NA	fixed	NA	none	0	False	containment 0.00 < 0.5; only 0/1 enzymes produced a fit; no PTR estimate	BcgI:only 0 windows after outlier trimming	no enzyme produced a usable estimate
SF027.BcgI	GCA_012512005.1	s__T78_sp002411175	NA	NA	NA	0	NA	NA	NA	0	NA	NA	NA	NA	0	1	0	-	NA	fixed	NA	none	0	False	containment 0.00 < 0.5; only 0/1 enzymes produced a fit; no PTR estimate	BcgI:only 0 windows after outlier trimming	no enzyme produced a usable estimate
SF027.BcgI	GCA_012518595.1	s__UBA4971_sp012518595	NA	NA	NA	0	NA	NA	NA	0	NA	NA	NA	NA	0	1	0	-	NA	fixed	NA	none	0	False	containment 0.00 < 0.5; only 0/1 enzymes produced a fit; no PTR estimate	BcgI:only 0 windows after outlier trimming	no enzyme produced a usable estimate
SF027.BcgI	GCA_012519495.1	s__JAAYQA01_sp012519495	NA	NA	NA	0	NA	NA	NA	0	NA	NA	NA	NA	0	1	0	-	NA	fixed	NA	none	0	False	containment 0.00 < 0.5; only 0/1 enzymes produced a fit; no PTR estimate	BcgI:only 0 windows after outlier trimming	no enzyme produced a usable estimate
SF027.BcgI	GCA_012728535.1	s__DTU032_sp012728535	NA	NA	NA	0	NA	NA	NA	0	NA	NA	NA	NA	0	1	0	-	NA	fixed	NA	none	0	False	containment 0.00 < 0.5; only 0/1 enzymes produced a fit; no PTR estimate	BcgI:only 0 windows after outlier trimming	no enzyme produced a usable estimate
SF027.BcgI	GCA_012799365.1	s__JAAZLJ01_sp012799365	NA	NA	NA	0	NA	NA	NA	0	NA	NA	NA	NA	0	1	0	-	NA	fixed	NA	none	0	False	containment 0.00 < 0.5; only 0/1 enzymes produced a fit; no PTR estimate	BcgI:only 0 windows after outlier trimming	no enzyme produced a usable estimate
SF027.BcgI	GCA_012840585.1	s__UBA3913_sp002391425	NA	NA	NA	0	NA	NA	NA	0	NA	NA	NA	NA	0	1	0	-	NA	fixed	NA	none	0	False	containment 0.00 < 0.5; only 0/1 enzymes produced a fit; no PTR estimate	BcgI:only 0 windows after outlier trimming	no enzyme produced a usable estimate
SF027.BcgI	GCA_013152425.1	s__Ralstonia_sp001078575	NA	NA	NA	0	NA	NA	NA	0	NA	NA	NA	NA	0	1	0	-	NA	fixed	NA	none	0	False	containment 0.00 < 0.5; only 0/1 enzymes produced a fit; no PTR estimate	BcgI:only 0 windows after outlier trimming	no enzyme produced a usable estimate
SF027.BcgI	GCA_013332525.2	s__GN02-873_sp013332525	NA	NA	NA	0	NA	NA	NA	0	NA	NA	NA	NA	0	1	0	-	NA	fixed	NA	none	0	False	containment 0.00 < 0.5; only 0/1 enzymes produced a fit; no PTR estimate	BcgI:only 0 windows after outlier trimming	no enzyme produced a usable estimate
SF027.BcgI	GCA_013332955.2	s__UBA2866_sp013332955	NA	NA	NA	0	NA	NA	NA	0	NA	NA	NA	NA	0	1	0	-	NA	fixed	NA	none	0	False	containment 0.00 < 0.5; only 0/1 enzymes produced a fit; no PTR estimate	BcgI:only 0 windows after outlier trimming	no enzyme produced a usable estimate
SF027.BcgI	GCA_013332965.2	s__UBA2866_sp013332965	NA	NA	NA	0	NA	NA	NA	0	NA	NA	NA	NA	0	1	0	-	NA	fixed	NA	none	0	False	containment 0.00 < 0.5; only 0/1 enzymes produced a fit; no PTR estimate	BcgI:only 0 windows after outlier trimming	no enzyme produced a usable estimate
SF027.BcgI	GCA_013333035.2	s__CAG-793_sp013333035	NA	NA	NA	0.01754385965	NA	NA	NA	0	NA	NA	NA	NA	0	1	0	-	NA	fixed	NA	none	0	False	containment 0.02 < 0.5; only 0/1 enzymes produced a fit; no PTR estimate	BcgI:only 1 windows after outlier trimming	no enzyme produced a usable estimate
SF027.BcgI	GCA_013333075.2	s__Prevotella_sp013333285	NA	NA	NA	0.003424657534	NA	NA	NA	0	NA	NA	NA	NA	0	1	0	-	NA	fixed	NA	none	0	False	containment 0.00 < 0.5; only 0/1 enzymes produced a fit; no PTR estimate	BcgI:only 4 windows after outlier trimming	no enzyme produced a usable estimate
SF027.BcgI	GCA_013333105.2	s__JABCPO02_sp013333105	NA	NA	NA	0	NA	NA	NA	0	NA	NA	NA	NA	0	1	0	-	NA	fixed	NA	none	0	False	containment 0.00 < 0.5; only 0/1 enzymes produced a fit; no PTR estimate	BcgI:only 0 windows after outlier trimming	no enzyme produced a usable estimate
SF027.BcgI	GCA_013333135.2	s__UBA2866_sp013333135	NA	NA	NA	0	NA	NA	NA	0	NA	NA	NA	NA	0	1	0	-	NA	fixed	NA	none	0	False	containment 0.00 < 0.5; only 0/1 enzymes produced a fit; no PTR estimate	BcgI:only 0 windows after outlier trimming	no enzyme produced a usable estimate
SF027.BcgI	GCA_013333165.2	s__JABCPG02_sp013333195	NA	NA	NA	0	NA	NA	NA	0	NA	NA	NA	NA	0	1	0	-	NA	fixed	NA	none	0	False	containment 0.00 < 0.5; only 0/1 enzymes produced a fit; no PTR estimate	BcgI:only 0 windows after outlier trimming	no enzyme produced a usable estimate
SF027.BcgI	GCA_013333235.2	s__JABCPH02_sp013333235	NA	NA	NA	0	NA	NA	NA	0	NA	NA	NA	NA	0	1	0	-	NA	fixed	NA	none	0	False	containment 0.00 < 0.5; only 0/1 enzymes produced a fit; no PTR estimate	BcgI:only 0 windows after outlier trimming	no enzyme produced a usable estimate
SF027.BcgI	GCA_013333295.2	s__HOT-345_sp013333295	NA	NA	NA	0	NA	NA	NA	0	NA	NA	NA	NA	0	1	0	-	NA	fixed	NA	none	0	False	containment 0.00 < 0.5; only 0/1 enzymes produced a fit; no PTR estimate	BcgI:only 0 windows after outlier trimming	no enzyme produced a usable estimate
SF027.BcgI	GCA_013333375.2	s__UBA2866_sp013333375	NA	NA	NA	0	NA	NA	NA	0	NA	NA	NA	NA	0	1	0	-	NA	fixed	NA	none	0	False	containment 0.00 < 0.5; only 0/1 enzymes produced a fit; no PTR estimate	BcgI:only 0 windows after outlier trimming	no enzyme produced a usable estimate
SF027.BcgI	GCA_013333395.2	s__CAG-793_sp013333395	NA	NA	NA	0	NA	NA	NA	0	NA	NA	NA	NA	0	1	0	-	NA	fixed	NA	none	0	False	containment 0.00 < 0.5; only 0/1 enzymes produced a fit; no PTR estimate	BcgI:only 0 windows after outlier trimming	no enzyme produced a usable estimate
SF027.BcgI	GCA_013333405.2	s__UMGS1907_sp013333405	NA	NA	NA	0	NA	NA	NA	0	NA	NA	NA	NA	0	1	0	-	NA	fixed	NA	none	0	False	containment 0.00 < 0.5; only 0/1 enzymes produced a fit; no PTR estimate	BcgI:only 0 windows after outlier trimming	no enzyme produced a usable estimate
SF027.BcgI	GCA_013333425.2	s__Mogibacterium_diversum	82.7	8.258064516	0.1644288932	0.0206185567	1.542698754	0.6254563717	NA	121	0.9576263229	0.4979070658	-0.3504235449	1.601336288	1	1	1	BcgI	NA	fixed	649747.4389	glm	10	False	fraction 0.16 < 0.75; dispersion 8.26 > 5.0; containment 0.02 < 0.5	-	single enzyme: no cross-enzyme consistency check available
SF027.BcgI	GCA_013333485.2	s__Saccharimonas_sp010202265	NA	NA	NA	0	NA	NA	NA	0	NA	NA	NA	NA	0	1	0	-	NA	fixed	NA	none	0	False	containment 0.00 < 0.5; only 0/1 enzymes produced a fit; no PTR estimate	BcgI:only 0 windows after outlier trimming	no enzyme produced a usable estimate
SF027.BcgI	GCA_013333495.2	s__TM7x_sp013333495	NA	NA	NA	0	NA	NA	NA	0	NA	NA	NA	NA	0	1	0	-	NA	fixed	NA	none	0	False	containment 0.00 < 0.5; only 0/1 enzymes produced a fit; no PTR estimate	BcgI:only 0 windows after outlier trimming	no enzyme produced a usable estimate
SF027.BcgI	GCA_013333505.2	s__JABCPE02_sp013333255	102.4	NA	0.4266666667	0.01831501832	7.973985008	2.995300893	NA	30	0.9929481973	0.3595030726	2.290687818	3.699913968	1	1	1	BcgI	NA	fixed	245802.8864	glm	5	False	fraction 0.43 < 0.75; containment 0.02 < 0.5	-	single enzyme: no cross-enzyme consistency check available
SF027.BcgI	GCA_013333515.2	s__UBA1103_sp013333515	NA	NA	NA	0	NA	NA	NA	0	NA	NA	NA	NA	0	1	0	-	NA	fixed	NA	none	0	False	containment 0.00 < 0.5; only 0/1 enzymes produced a fit; no PTR estimate	BcgI:only 0 windows after outlier trimming	no enzyme produced a usable estimate
SF027.BcgI	GCA_013333595.2	s__SDRW01_sp013333595	NA	NA	NA	0	NA	NA	NA	0	NA	NA	NA	NA	0	1	0	-	NA	fixed	NA	none	0	False	containment 0.00 < 0.5; only 0/1 enzymes produced a fit; no PTR estimate	BcgI:only 0 windows after outlier trimming	no enzyme produced a usable estimate
SF027.BcgI	GCA_013333605.2	s__HOT-345_sp013333605	NA	NA	NA	0.04918032787	NA	NA	NA	0	NA	NA	NA	NA	0	1	0	-	NA	fixed	NA	none	0	False	containment 0.05 < 0.5; only 0/1 enzymes produced a fit; no PTR estimate	BcgI:only 23 anchors (< 30)	no enzyme produced a usable estimate
SF027.BcgI	GCA_013333625.2	s__Saccharimonas_sp013333625	NA	NA	NA	0	NA	NA	NA	0	NA	NA	NA	NA	0	1	0	-	NA	fixed	NA	none	0	False	containment 0.00 < 0.5; only 0/1 enzymes produced a fit; no PTR estimate	BcgI:only 0 windows after outlier trimming	no enzyme produced a usable estimate
SF027.BcgI	GCA_013333645.2	s__Saccharimonas_sp013333645	NA	NA	NA	0.001057082452	NA	NA	NA	0	NA	NA	NA	NA	0	1	0	-	NA	fixed	NA	none	0	False	containment 0.00 < 0.5; only 0/1 enzymes produced a fit; no PTR estimate	BcgI:only 0 windows after outlier trimming	no enzyme produced a usable estimate
SF027.BcgI	GCA_013333675.2	s__Saccharimonas_sp013333675	NA	NA	NA	0	NA	NA	NA	0	NA	NA	NA	NA	0	1	0	-	NA	fixed	NA	none	0	False	containment 0.00 < 0.5; only 0/1 enzymes produced a fit; no PTR estimate	BcgI:only 0 windows after outlier trimming	no enzyme produced a usable estimate
SF027.BcgI	GCA_013333695.2	s__TM7x_sp013333695	NA	NA	NA	0	NA	NA	NA	0	NA	NA	NA	NA	0	1	0	-	NA	fixed	NA	none	0	False	containment 0.00 < 0.5; only 0/1 enzymes produced a fit; no PTR estimate	BcgI:only 0 windows after outlier trimming	no enzyme produced a usable estimate
SF027.BcgI	GCA_013333755.2	s__GN02-872_sp002761215	NA	NA	NA	0	NA	NA	NA	0	NA	NA	NA	NA	0	1	0	-	NA	fixed	NA	none	0	False	containment 0.00 < 0.5; only 0/1 enzymes produced a fit; no PTR estimate	BcgI:only 0 windows after outlier trimming	no enzyme produced a usable estimate
SF027.BcgI	GCA_013333795.2	s__Saccharimonas_sp013333795	NA	NA	NA	0	NA	NA	NA	0	NA	NA	NA	NA	0	1	0	-	NA	fixed	NA	none	0	False	containment 0.00 < 0.5; only 0/1 enzymes produced a fit; no PTR estimate	BcgI:only 0 windows after outlier trimming	no enzyme produced a usable estimate
SF027.BcgI	GCA_013333815.2	s__SDRW01_sp007845485	NA	NA	NA	0	NA	NA	NA	0	NA	NA	NA	NA	0	1	0	-	NA	fixed	NA	none	0	False	containment 0.00 < 0.5; only 0/1 enzymes produced a fit; no PTR estimate	BcgI:only 0 windows after outlier trimming	no enzyme produced a usable estimate
SF027.BcgI	GCA_013333835.2	s__Bacteroides_D_sp013333835	NA	NA	NA	0	NA	NA	NA	0	NA	NA	NA	NA	0	1	0	-	NA	fixed	NA	none	0	False	containment 0.00 < 0.5; only 0/1 enzymes produced a fit; no PTR estimate	BcgI:only 0 windows after outlier trimming	no enzyme produced a usable estimate
SF027.BcgI	GCA_013333845.2	s__Saccharimonas_sp013333845	NA	NA	NA	0	NA	NA	NA	0	NA	NA	NA	NA	0	1	0	-	NA	fixed	NA	none	0	False	containment 0.00 < 0.5; only 0/1 enzymes produced a fit; no PTR estimate	BcgI:only 0 windows after outlier trimming	no enzyme produced a usable estimate
SF027.BcgI	GCA_013333875.2	s__JABCPE02_sp013333875	NA	NA	NA	0.01234567901	NA	NA	NA	0	NA	NA	NA	NA	0	1	0	-	NA	fixed	NA	none	0	False	containment 0.01 < 0.5; only 0/1 enzymes produced a fit; no PTR estimate	BcgI:only 3 windows after outlier trimming	no enzyme produced a usable estimate
SF027.BcgI	GCA_013333895.2	s__Arachnia_sp013333735	NA	NA	NA	0	NA	NA	NA	0	NA	NA	NA	NA	0	1	0	-	NA	fixed	NA	none	0	False	containment 0.00 < 0.5; only 0/1 enzymes produced a fit; no PTR estimate	BcgI:only 0 windows after outlier trimming	no enzyme produced a usable estimate
SF027.BcgI	GCA_013333935.1	s__Prevotella_sp013333935	NA	NA	NA	0	NA	NA	NA	0	NA	NA	NA	NA	0	1	0	-	NA	fixed	NA	none	0	False	containment 0.00 < 0.5; only 0/1 enzymes produced a fit; no PTR estimate	BcgI:only 0 windows after outlier trimming	no enzyme produced a usable estimate
SF027.BcgI	GCA_013333945.2	s__Arachnia_sp013333945	NA	NA	NA	0	NA	NA	NA	0	NA	NA	NA	NA	0	1	0	-	NA	fixed	NA	none	0	False	containment 0.00 < 0.5; only 0/1 enzymes produced a fit; no PTR estimate	BcgI:only 0 windows after outlier trimming	no enzyme produced a usable estimate
SF027.BcgI	GCA_014467095.1	s__Streptococcus_mitis_K	NA	NA	NA	0.02777777778	NA	NA	NA	0	NA	NA	NA	NA	0	1	0	-	NA	fixed	NA	none	0	False	containment 0.03 < 0.5; only 0/1 enzymes produced a fit; no PTR estimate	BcgI:only 2 windows after outlier trimming	no enzyme produced a usable estimate
SF027.BcgI	GCA_900066305.1	s__UBA1191_sp900066305	NA	NA	NA	0	NA	NA	NA	0	NA	NA	NA	NA	0	1	0	-	NA	fixed	NA	none	0	False	containment 0.00 < 0.5; only 0/1 enzymes produced a fit; no PTR estimate	BcgI:only 0 windows after outlier trimming	no enzyme produced a usable estimate
SF027.BcgI	GCA_900167215.1	s__Peptoanaerobacter_yurii	NA	NA	NA	0	NA	NA	NA	0	NA	NA	NA	NA	0	1	0	-	NA	fixed	NA	none	0	False	containment 0.00 < 0.5; only 0/1 enzymes produced a fit; no PTR estimate	BcgI:only 0 windows after outlier trimming	no enzyme produced a usable estimate
SF027.BcgI	GCA_900299135.1	s__Trueperella_pyogenes	NA	NA	NA	0	NA	NA	NA	0	NA	NA	NA	NA	0	1	0	-	NA	fixed	NA	none	0	False	containment 0.00 < 0.5; only 0/1 enzymes produced a fit; no PTR estimate	BcgI:only 0 windows after outlier trimming	no enzyme produced a usable estimate
SF027.BcgI	GCA_900453905.1	s__Neisseria_flavescens	NA	NA	NA	0.01570680628	NA	NA	NA	0	NA	NA	NA	NA	0	1	0	-	NA	fixed	NA	none	0	False	containment 0.02 < 0.5; only 0/1 enzymes produced a fit; no PTR estimate	BcgI:only 3 windows after outlier trimming	no enzyme produced a usable estimate
SF027.BcgI	GCA_900538345.1	s__Veillonella_tobetsuensis	202.7	54.28968383	0.05589393939	0.01785714286	10.26940439	3.360280605	NA	130	0.9990492339	0.2674112676	2.836164151	3.884397059	1	1	1	BcgI	NA	fixed	323540.8211	glm	5	False	fraction 0.06 < 0.75; dispersion 54.29 > 5.0; containment 0.02 < 0.5	-	single enzyme: no cross-enzyme consistency check available
SF027.BcgI	GCA_900538355.1	s__Veillonella_sp900538355	123.3333333	37.4076087	0.1643323996	0.04564315353	13.21478659	3.724081222	NA	55	0.9999025079	1.815170535	0.1664123474	7.281750096	1	1	1	BcgI	NA	fixed	1203796.911	glm	6	False	fraction 0.16 < 0.75; dispersion 37.41 > 5.0; containment 0.05 < 0.5	-	single enzyme: no cross-enzyme consistency check available
SF027.BcgI	GCA_900539315.1	s__Granulicatella_sp001058355	88.33333333	1.599544179	0.102837482	0.03746397695	1.281771745	0.3581393733	NA	155	0.5372841538	0.8431331371	-1.29437121	2.010649956	1	1	1	BcgI	NA	fixed	1053347.244	glm	9	False	fraction 0.10 < 0.75; containment 0.04 < 0.5	-	single enzyme: no cross-enzyme consistency check available
SF027.BcgI	GCA_900539505.1	s__Campylobacter_B_sp900539505	NA	NA	NA	0	NA	NA	NA	0	NA	NA	NA	NA	0	1	0	-	NA	fixed	NA	none	0	False	containment 0.00 < 0.5; only 0/1 enzymes produced a fit; no PTR estimate	BcgI:only 0 windows after outlier trimming	no enzyme produced a usable estimate
SF027.BcgI	GCA_900539555.1	s__Streptococcus_mitis_BB	NA	NA	NA	0	NA	NA	NA	0	NA	NA	NA	NA	0	1	0	-	NA	fixed	NA	none	0	False	containment 0.00 < 0.5; only 0/1 enzymes produced a fit; no PTR estimate	BcgI:only 0 windows after outlier trimming	no enzyme produced a usable estimate
SF027.BcgI	GCA_900539805.1	s__Phyllobacterium_sp900539805	NA	NA	NA	0	NA	NA	NA	0	NA	NA	NA	NA	0	1	0	-	NA	fixed	NA	none	0	False	containment 0.00 < 0.5; only 0/1 enzymes produced a fit; no PTR estimate	BcgI:only 0 windows after outlier trimming	no enzyme produced a usable estimate
SF027.BcgI	GCA_900540375.1	s__Prevotella_sp900540375	NA	NA	NA	0	NA	NA	NA	0	NA	NA	NA	NA	0	1	0	-	NA	fixed	NA	none	0	False	containment 0.00 < 0.5; only 0/1 enzymes produced a fit; no PTR estimate	BcgI:only 0 windows after outlier trimming	no enzyme produced a usable estimate
SF027.BcgI	GCA_900540565.1	s__Pauljensenia_sp001838165	101.7141559	129.9871476	0.03087533741	0.008037508372	32.61754503	5.027576296	NA	363	0.9999727271	2.252840346	0.6120903555	9.443062237	1	1	1	BcgI	NA	fixed	1940560	glm	7	False	fraction 0.03 < 0.75; dispersion 129.99 > 5.0; containment 0.01 < 0.5	-	single enzyme: no cross-enzyme consistency check available
SF027.BcgI	GCA_900541895.1	s__Pauljensenia_sp900541895	73.75925926	23.49499167	0.08814102564	0.00993883792	6.8931233	2.785157822	NA	176	0.9994447737	1.462726547	-0.08173352949	5.652049173	1	1	1	BcgI	NA	fixed	1298249.353	glm	9	False	fraction 0.09 < 0.75; dispersion 23.49 > 5.0; containment 0.01 < 0.5	-	single enzyme: no cross-enzyme consistency check available
SF027.BcgI	GCA_900542465.1	s__UBA4285_sp900542465	NA	NA	NA	0	NA	NA	NA	0	NA	NA	NA	NA	0	1	0	-	NA	fixed	NA	none	0	False	containment 0.00 < 0.5; only 0/1 enzymes produced a fit; no PTR estimate	BcgI:only 0 windows after outlier trimming	no enzyme produced a usable estimate
SF027.BcgI	GCA_900546865.1	s__Rothia_terrae	NA	NA	NA	0	NA	NA	NA	0	NA	NA	NA	NA	0	1	0	-	NA	fixed	NA	none	0	False	containment 0.00 < 0.5; only 0/1 enzymes produced a fit; no PTR estimate	BcgI:only 0 windows after outlier trimming	no enzyme produced a usable estimate
SF027.BcgI	GCA_900549805.1	s__Veillonella_sp900549805	NA	NA	NA	0	NA	NA	NA	0	NA	NA	NA	NA	0	1	0	-	NA	fixed	NA	none	0	False	containment 0.00 < 0.5; only 0/1 enzymes produced a fit; no PTR estimate	BcgI:only 0 windows after outlier trimming	no enzyme produced a usable estimate
SF027.BcgI	GCA_900549845.1	s__Veillonella_sp900549845	NA	NA	NA	0.07692307692	NA	NA	NA	0	NA	NA	NA	NA	0	1	0	-	NA	fixed	NA	none	0	False	containment 0.08 < 0.5; only 0/1 enzymes produced a fit; no PTR estimate	BcgI:only 19 anchors (< 30)	no enzyme produced a usable estimate
SF027.BcgI	GCA_900550175.1	s__Veillonella_sp900550175	NA	NA	NA	0.01915708812	NA	NA	NA	0	NA	NA	NA	NA	0	1	0	-	NA	fixed	NA	none	0	False	containment 0.02 < 0.5; only 0/1 enzymes produced a fit; no PTR estimate	BcgI:only 4 windows after outlier trimming	no enzyme produced a usable estimate
SF027.BcgI	GCA_900550455.1	s__Veillonella_sp900550455	NA	NA	NA	0	NA	NA	NA	0	NA	NA	NA	NA	0	1	0	-	NA	fixed	NA	none	0	False	containment 0.00 < 0.5; only 0/1 enzymes produced a fit; no PTR estimate	BcgI:only 0 windows after outlier trimming	no enzyme produced a usable estimate
SF027.BcgI	GCA_900551535.1	s__Granulicatella_sp900551535	NA	NA	NA	0.02090592334	NA	NA	NA	0	NA	NA	NA	NA	0	1	0	-	NA	fixed	NA	none	0	False	containment 0.02 < 0.5; only 0/1 enzymes produced a fit; no PTR estimate	BcgI:only 15 anchors (< 30)	no enzyme produced a usable estimate
SF027.BcgI	GCA_900552445.1	s__Veillonella_sp900552445	NA	NA	NA	0.05158730159	NA	NA	NA	0	NA	NA	NA	NA	0	1	0	-	NA	fixed	NA	none	0	False	containment 0.05 < 0.5; only 0/1 enzymes produced a fit; no PTR estimate	BcgI:only 27 anchors (< 30)	no enzyme produced a usable estimate
SF027.BcgI	GCA_900552715.1	s__Veillonella_sp900552715	NA	NA	NA	0.08108108108	NA	NA	NA	0	NA	NA	NA	NA	0	1	0	-	NA	fixed	NA	none	0	False	containment 0.08 < 0.5; only 0/1 enzymes produced a fit; no PTR estimate	BcgI:only 15 anchors (< 30)	no enzyme produced a usable estimate
SF027.BcgI	GCA_900554555.1	s__Bulleidia_sp900554555	NA	NA	NA	0.05128205128	NA	NA	NA	0	NA	NA	NA	NA	0	1	0	-	NA	fixed	NA	none	0	False	containment 0.05 < 0.5; only 0/1 enzymes produced a fit; no PTR estimate	BcgI:only 21 anchors (< 30)	no enzyme produced a usable estimate
SF027.BcgI	GCA_900554605.1	s__Pauljensenia_sp900554605	76.88389265	NA	0.3186147186	0.008706467662	10.80564641	3.433713474	NA	51	0.9978520393	2.643877085	-1.748190392	8.61561734	1	1	1	BcgI	NA	fixed	470332.8139	glm	7	False	fraction 0.32 < 0.75; containment 0.01 < 0.5	-	single enzyme: no cross-enzyme consistency check available
SF027.BcgI	GCA_900555155.1	s__Streptococcus_sp900555155	NA	NA	NA	0	NA	NA	NA	0	NA	NA	NA	NA	0	1	0	-	NA	fixed	NA	none	0	False	containment 0.00 < 0.5; only 0/1 enzymes produced a fit; no PTR estimate	BcgI:only 0 windows after outlier trimming	no enzyme produced a usable estimate
SF027.BcgI	GCA_900555245.1	s__Dialister_sp900555245	NA	NA	NA	0	NA	NA	NA	0	NA	NA	NA	NA	0	1	0	-	NA	fixed	NA	none	0	False	containment 0.00 < 0.5; only 0/1 enzymes produced a fit; no PTR estimate	BcgI:only 0 windows after outlier trimming	no enzyme produced a usable estimate
SF027.BcgI	GCA_900555335.1	s__Lancefieldella_sp900555335	88.71428571	NA	0.248185941	0.02368421053	1.800810544	0.8486464091	NA	35	0.9076667744	0.7272414347	-0.5767206111	2.274013429	1	1	1	BcgI	NA	fixed	468626.9394	glm	7	False	fraction 0.25 < 0.75; containment 0.02 < 0.5	-	single enzyme: no cross-enzyme consistency check available
SF027.BcgI	GCA_900555945.1	s__UMGS1907_sp900555945	NA	NA	NA	0	NA	NA	NA	0	NA	NA	NA	NA	0	1	0	-	NA	fixed	NA	none	0	False	containment 0.00 < 0.5; only 0/1 enzymes produced a fit; no PTR estimate	BcgI:only 0 windows after outlier trimming	no enzyme produced a usable estimate
SF027.BcgI	GCA_900555985.1	s__Gemella_sp900555985	NA	NA	NA	0.01	NA	NA	NA	0	NA	NA	NA	NA	0	1	0	-	NA	fixed	NA	none	0	False	containment 0.01 < 0.5; only 0/1 enzymes produced a fit; no PTR estimate	BcgI:only 1 windows after outlier trimming	no enzyme produced a usable estimate
SF027.BcgI	GCA_900556165.1	s__UMGS1907_sp900556165	NA	NA	NA	0	NA	NA	NA	0	NA	NA	NA	NA	0	1	0	-	NA	fixed	NA	none	0	False	containment 0.00 < 0.5; only 0/1 enzymes produced a fit; no PTR estimate	BcgI:only 0 windows after outlier trimming	no enzyme produced a usable estimate
SF027.BcgI	GCA_900556405.1	s__Pauljensenia_sp900556405	108.3333333	NA	0.1108093296	0.005908419498	2.416384231	1.272849877	NA	61	0.9198491476	1.005097037	-0.6971041175	3.242803871	1	1	1	BcgI	NA	fixed	1694045.915	glm	6	False	fraction 0.11 < 0.75; containment 0.01 < 0.5	-	single enzyme: no cross-enzyme consistency check available
SF027.BcgI	GCA_900556785.1	s__Veillonella_sp900556785	204.1249994	NA	0.2657738095	0.0625	33.7725076	5.077777398	NA	37	0.9996354782	1.194843524	2.735927124	7.419627671	1	1	1	BcgI	NA	fixed	938937.8133	glm	8	False	fraction 0.27 < 0.75; containment 0.06 < 0.5	-	single enzyme: no cross-enzyme consistency check available
SF027.BcgI	GCA_900557325.1	s__Streptococcus_rubneri	NA	NA	NA	0	NA	NA	NA	0	NA	NA	NA	NA	0	1	0	-	NA	fixed	NA	none	0	False	containment 0.00 < 0.5; only 0/1 enzymes produced a fit; no PTR estimate	BcgI:only 0 windows after outlier trimming	no enzyme produced a usable estimate
SF027.BcgI	GCA_900755085.1	s__Streptococcus_sp900755085	NA	NA	NA	0.007462686567	NA	NA	NA	0	NA	NA	NA	NA	0	1	0	-	NA	fixed	NA	none	0	False	containment 0.01 < 0.5; only 0/1 enzymes produced a fit; no PTR estimate	BcgI:only 2 windows after outlier trimming	no enzyme produced a usable estimate
SF027.BcgI	GCA_900755465.1	s__Rothia_sp902373285	119.7	14.16083916	0.0523174767	0.004158004158	8.513582929	3.089766416	NA	115	0.997532911	0.3616316349	2.380981436	3.798551396	1	1	1	BcgI	NA	fixed	854844.965	glm	5	False	fraction 0.05 < 0.75; dispersion 14.16 > 5.0; containment 0.00 < 0.5	-	single enzyme: no cross-enzyme consistency check available
SF027.BcgI	GCA_900755475.1	s__Streptococcus_sp900543065	NA	NA	NA	0	NA	NA	NA	0	NA	NA	NA	NA	0	1	0	-	NA	fixed	NA	none	0	False	containment 0.00 < 0.5; only 0/1 enzymes produced a fit; no PTR estimate	BcgI:only 0 windows after outlier trimming	no enzyme produced a usable estimate
SF027.BcgI	GCA_900757715.1	s__Veillonella_sp900757715	998.8571429	NA	0.5189342404	0.01941747573	1.853959978e+13	44.07567533	NA	35	1	2.429552489	39.31383996	48.83751071	1	1	1	BcgI	NA	fixed	1252310.706	glm	7	False	fraction 0.52 < 0.75; containment 0.02 < 0.5	-	single enzyme: no cross-enzyme consistency check available
SF027.BcgI	GCA_900758605.1	s__Bacteroides_sp900552405	NA	NA	NA	0	NA	NA	NA	0	NA	NA	NA	NA	0	1	0	-	NA	fixed	NA	none	0	False	containment 0.00 < 0.5; only 0/1 enzymes produced a fit; no PTR estimate	BcgI:only 0 windows after outlier trimming	no enzyme produced a usable estimate
SF027.BcgI	GCA_900759325.1	s__Peptostreptococcus_sp900759325	NA	NA	NA	0	NA	NA	NA	0	NA	NA	NA	NA	0	1	0	-	NA	fixed	NA	none	0	False	containment 0.00 < 0.5; only 0/1 enzymes produced a fit; no PTR estimate	BcgI:only 0 windows after outlier trimming	no enzyme produced a usable estimate
SF027.BcgI	GCA_900765235.1	s__Veillonella_sp900765235	NA	NA	NA	0.09183673469	NA	NA	NA	0	NA	NA	NA	NA	0	1	0	-	NA	fixed	NA	none	0	False	containment 0.09 < 0.5; only 0/1 enzymes produced a fit; no PTR estimate	BcgI:only 12 anchors (< 30)	no enzyme produced a usable estimate
SF027.BcgI	GCA_900766125.1	s__Veillonella_sp900766125	NA	NA	NA	0.01526717557	NA	NA	NA	0	NA	NA	NA	NA	0	1	0	-	NA	fixed	NA	none	0	False	containment 0.02 < 0.5; only 0/1 enzymes produced a fit; no PTR estimate	BcgI:only 2 windows after outlier trimming	no enzyme produced a usable estimate
SF027.BcgI	GCA_900766185.1	s__Johnsonella_sp900766185	NA	NA	NA	0	NA	NA	NA	0	NA	NA	NA	NA	0	1	0	-	NA	fixed	NA	none	0	False	containment 0.00 < 0.5; only 0/1 enzymes produced a fit; no PTR estimate	BcgI:only 0 windows after outlier trimming	no enzyme produced a usable estimate
SF027.BcgI	GCA_900766305.1	s__Gemella_sp900766305	NA	NA	NA	0	NA	NA	NA	0	NA	NA	NA	NA	0	1	0	-	NA	fixed	NA	none	0	False	containment 0.00 < 0.5; only 0/1 enzymes produced a fit; no PTR estimate	BcgI:only 0 windows after outlier trimming	no enzyme produced a usable estimate
SF027.BcgI	GCA_900766345.1	s__Corynebacterium_sp900539985	NA	NA	NA	0	NA	NA	NA	0	NA	NA	NA	NA	0	1	0	-	NA	fixed	NA	none	0	False	containment 0.00 < 0.5; only 0/1 enzymes produced a fit; no PTR estimate	BcgI:only 0 windows after outlier trimming	no enzyme produced a usable estimate
SF027.BcgI	GCA_900766415.1	s__Veillonella_sp009929605	NA	NA	NA	0.00176056338	NA	NA	NA	0	NA	NA	NA	NA	0	1	0	-	NA	fixed	NA	none	0	False	containment 0.00 < 0.5; only 0/1 enzymes produced a fit; no PTR estimate	BcgI:only 1 windows after outlier trimming	no enzyme produced a usable estimate
SF027.BcgI	GCA_901420285.1	s__Rodentibacter_sp901420285	NA	NA	NA	0.0008012820513	NA	NA	NA	0	NA	NA	NA	NA	0	1	0	-	NA	fixed	NA	none	0	False	containment 0.00 < 0.5; only 0/1 enzymes produced a fit; no PTR estimate	BcgI:only 1 windows after outlier trimming	no enzyme produced a usable estimate
SF027.BcgI	GCA_902373375.1	s__Lancefieldella_sp902373375	NA	NA	NA	0.002192982456	NA	NA	NA	0	NA	NA	NA	NA	0	1	0	-	NA	fixed	NA	none	0	False	containment 0.00 < 0.5; only 0/1 enzymes produced a fit; no PTR estimate	BcgI:only 1 windows after outlier trimming	no enzyme produced a usable estimate
SF027.BcgI	GCA_902373385.1	s__Methylobacterium_sp002778835	NA	NA	NA	0	NA	NA	NA	0	NA	NA	NA	NA	0	1	0	-	NA	fixed	NA	none	0	False	containment 0.00 < 0.5; only 0/1 enzymes produced a fit; no PTR estimate	BcgI:only 0 windows after outlier trimming	no enzyme produced a usable estimate
SF027.BcgI	GCA_902373395.1	s__Rothia_mucilaginosa_B	114.0444444	55.15009738	0.4395679012	0.07268722467	1.378719319	0.4633287818	NA	191	0.9934769485	0.4819522922	-0.4812803531	1.407937917	1	1	1	BcgI	NA	fixed	68186.05556	glm	45	False	fraction 0.44 < 0.75; dispersion 55.15 > 5.0; containment 0.07 < 0.5	-	single enzyme: no cross-enzyme consistency check available
SF027.BcgI	GCA_902373435.1	s__Pauljensenia_sp902373435	NA	NA	NA	0.0012292563	NA	NA	NA	0	NA	NA	NA	NA	0	1	0	-	NA	fixed	NA	none	0	False	containment 0.00 < 0.5; only 0/1 enzymes produced a fit; no PTR estimate	BcgI:only 2 windows after outlier trimming	no enzyme produced a usable estimate
SF027.BcgI	GCA_902373455.1	s__Streptococcus_sp902373455	NA	NA	NA	0.02189781022	NA	NA	NA	0	NA	NA	NA	NA	0	1	0	-	NA	fixed	NA	none	0	False	containment 0.02 < 0.5; only 0/1 enzymes produced a fit; no PTR estimate	BcgI:only 3 windows after outlier trimming	no enzyme produced a usable estimate
SF027.BcgI	GCA_902373545.1	s__Pauljensenia_sp902373545	141.9090882	NA	0.21046504	0.005720228809	4.104471016	2.0371963	NA	112	0.993733257	1.563286037	-1.026788031	5.10118063	1	1	1	BcgI	NA	fixed	2081881.725	glm	11	False	fraction 0.21 < 0.75; containment 0.01 < 0.5	-	single enzyme: no cross-enzyme consistency check available
SF027.BcgI	GCA_902373585.1	s__Veillonella_dispar	216.3888889	30.61777778	0.3915343915	0.0802919708	4.107311097	2.038194225	NA	40	0.9967882245	1.338926849	-0.5860541772	4.662442626	1	1	1	BcgI	NA	fixed	246891.7967	glm	9	False	fraction 0.39 < 0.75; dispersion 30.62 > 5.0; containment 0.08 < 0.5	-	single enzyme: no cross-enzyme consistency check available
SF027.BcgI	GCA_902406185.1	s__Streptococcus_sp900550895	NA	NA	NA	0.01587301587	NA	NA	NA	0	NA	NA	NA	NA	0	1	0	-	NA	fixed	NA	none	0	False	containment 0.02 < 0.5; only 0/1 enzymes produced a fit; no PTR estimate	BcgI:only 2 windows after outlier trimming	no enzyme produced a usable estimate
SF027.BcgI	GCA_902406255.1	s__Veillonella_sp900545205	NA	NA	NA	0.07547169811	NA	NA	NA	0	NA	NA	NA	NA	0	1	0	-	NA	fixed	NA	none	0	False	containment 0.08 < 0.5; only 0/1 enzymes produced a fit; no PTR estimate	BcgI:only 21 anchors (< 30)	no enzyme produced a usable estimate
SF027.BcgI	GCA_902406345.1	s__Anaeroglobus_micronuciformis	72.92857143	49.96248474	0.0355950756	0.02483801296	2.611248669	1.384739852	NA	554	0.9969034939	0.8257847975	-0.2337686104	3.003248314	1	1	1	BcgI	NA	fixed	222779.4958	glm	14	False	fraction 0.04 < 0.75; dispersion 49.96 > 5.0; containment 0.02 < 0.5	-	single enzyme: no cross-enzyme consistency check available
SF027.BcgI	GCA_902498835.1	s__Chlamydophila_avium	NA	NA	NA	0	NA	NA	NA	0	NA	NA	NA	NA	0	1	0	-	NA	fixed	NA	none	0	False	containment 0.00 < 0.5; only 0/1 enzymes produced a fit; no PTR estimate	BcgI:only 0 windows after outlier trimming	no enzyme produced a usable estimate
SF027.BcgI	GCA_902756015.1	s__UBA3839_sp900321835	NA	NA	NA	0.0003260515161	NA	NA	NA	0	NA	NA	NA	NA	0	1	0	-	NA	fixed	NA	none	0	False	containment 0.00 < 0.5; only 0/1 enzymes produced a fit; no PTR estimate	BcgI:only 1 windows after outlier trimming	no enzyme produced a usable estimate
SF027.BcgI	GCA_902759415.1	s__UBA3663_sp900319235	NA	NA	NA	0	NA	NA	NA	0	NA	NA	NA	NA	0	1	0	-	NA	fixed	NA	none	0	False	containment 0.00 < 0.5; only 0/1 enzymes produced a fit; no PTR estimate	BcgI:only 0 windows after outlier trimming	no enzyme produced a usable estimate
SF027.BcgI	GCA_903823475.1	s__Limnohabitans_sp903880855	NA	NA	NA	0	NA	NA	NA	0	NA	NA	NA	NA	0	1	0	-	NA	fixed	NA	none	0	False	containment 0.00 < 0.5; only 0/1 enzymes produced a fit; no PTR estimate	BcgI:only 0 windows after outlier trimming	no enzyme produced a usable estimate
SF027.BcgI	GCA_903924425.1	s__UBA4615_sp903903975	NA	NA	NA	0.0001362769147	NA	NA	NA	0	NA	NA	NA	NA	0	1	0	-	NA	fixed	NA	none	0	False	containment 0.00 < 0.5; only 0/1 enzymes produced a fit; no PTR estimate	BcgI:only 1 windows after outlier trimming	no enzyme produced a usable estimate
SF027.BcgI	GCF_000011305.1	s__Corynebacterium_efficiens	NA	NA	NA	0	NA	NA	NA	0	NA	NA	NA	NA	0	1	0	-	NA	fixed	NA	none	0	False	containment 0.00 < 0.5; only 0/1 enzymes produced a fit; no PTR estimate	BcgI:only 0 windows after outlier trimming	no enzyme produced a usable estimate
SF027.BcgI	GCF_000015165.1	s__Bradyrhizobium_sp000015165	NA	NA	NA	7.849909726e-05	NA	NA	NA	0	NA	NA	NA	NA	0	1	0	-	NA	fixed	NA	none	0	False	containment 0.00 < 0.5; only 0/1 enzymes produced a fit; no PTR estimate	BcgI:only 0 windows after outlier trimming	no enzyme produced a usable estimate
SF027.BcgI	GCF_000023845.1	s__Cryptobacterium_curtum	NA	NA	NA	0	NA	NA	NA	0	NA	NA	NA	NA	0	1	0	-	NA	fixed	NA	none	0	False	containment 0.00 < 0.5; only 0/1 enzymes produced a fit; no PTR estimate	BcgI:only 0 windows after outlier trimming	no enzyme produced a usable estimate
SF027.BcgI	GCF_000023905.1	s__Leptotrichia_buccalis	NA	NA	NA	0	NA	NA	NA	0	NA	NA	NA	NA	0	1	0	-	NA	fixed	NA	none	0	False	containment 0.00 < 0.5; only 0/1 enzymes produced a fit; no PTR estimate	BcgI:only 0 windows after outlier trimming	no enzyme produced a usable estimate
SF027.BcgI	GCF_000024225.1	s__Lancefieldella_parvula	NA	NA	NA	0.004731861199	NA	NA	NA	0	NA	NA	NA	NA	0	1	0	-	NA	fixed	NA	none	0	False	containment 0.00 < 0.5; only 0/1 enzymes produced a fit; no PTR estimate	BcgI:only 3 windows after outlier trimming	no enzyme produced a usable estimate
SF027.BcgI	GCF_000027165.1	s__Streptococcus_mitis_AR	NA	NA	NA	0	NA	NA	NA	0	NA	NA	NA	NA	0	1	0	-	NA	fixed	NA	none	0	False	containment 0.00 < 0.5; only 0/1 enzymes produced a fit; no PTR estimate	BcgI:only 0 windows after outlier trimming	no enzyme produced a usable estimate
SF027.BcgI	GCF_000090875.1	s__Neisseria_sp000090875	208.75	167.7317073	0.02079668458	0.00587803086	13.19519984	3.721941296	NA	333	0.9995015718	2.555595119	-1.286933097	8.730815688	1	1	1	BcgI	NA	fixed	2083287.96	glm	6	False	fraction 0.02 < 0.75; dispersion 167.73 > 5.0; containment 0.01 < 0.5	-	single enzyme: no cross-enzyme consistency check available
SF027.BcgI	GCF_000143845.1	s__Olsenella_uli	NA	NA	NA	0	NA	NA	NA	0	NA	NA	NA	NA	0	1	0	-	NA	fixed	NA	none	0	False	containment 0.00 < 0.5; only 0/1 enzymes produced a fit; no PTR estimate	BcgI:only 0 windows after outlier trimming	no enzyme produced a usable estimate
SF027.BcgI	GCF_000146585.1	s__Streptococcus_mitis_AZ	NA	NA	NA	0.009615384615	NA	NA	NA	0	NA	NA	NA	NA	0	1	0	-	NA	fixed	NA	none	0	False	containment 0.01 < 0.5; only 0/1 enzymes produced a fit; no PTR estimate	BcgI:only 1 windows after outlier trimming	no enzyme produced a usable estimate
SF027.BcgI	GCF_000147675.1	s__Peptostreptococcus_stomatis	NA	NA	NA	0	NA	NA	NA	0	NA	NA	NA	NA	0	1	0	-	NA	fixed	NA	none	0	False	containment 0.00 < 0.5; only 0/1 enzymes produced a fit; no PTR estimate	BcgI:only 0 windows after outlier trimming	no enzyme produced a usable estimate
SF027.BcgI	GCF_000148525.1	s__Streptococcus_mitis_H	NA	NA	NA	0	NA	NA	NA	0	NA	NA	NA	NA	0	1	0	-	NA	fixed	NA	none	0	False	containment 0.00 < 0.5; only 0/1 enzymes produced a fit; no PTR estimate	BcgI:only 0 windows after outlier trimming	no enzyme produced a usable estimate
SF027.BcgI	GCF_000148545.1	s__Streptococcus_mitis_C	NA	NA	NA	0	NA	NA	NA	0	NA	NA	NA	NA	0	1	0	-	NA	fixed	NA	none	0	False	containment 0.00 < 0.5; only 0/1 enzymes produced a fit; no PTR estimate	BcgI:only 0 windows after outlier trimming	no enzyme produced a usable estimate
SF027.BcgI	GCF_000148975.1	s__Streptococcus_pseudopneumoniae_M	NA	NA	NA	0.009345794393	NA	NA	NA	0	NA	NA	NA	NA	0	1	0	-	NA	fixed	NA	none	0	False	containment 0.01 < 0.5; only 0/1 enzymes produced a fit; no PTR estimate	BcgI:only 1 windows after outlier trimming	no enzyme produced a usable estimate
SF027.BcgI	GCF_000154225.1	s__Pauljensenia_odontolytica_A	169.0107862	235.4590864	0.1363557105	0.1357234315	2.070417819	1.049921939	NA	1562	0.9999902236	0.5356470471	7.301799543e-05	2.099770859	1	1	1	BcgI	NA	fixed	1241331.662	glm	25	False	fraction 0.14 < 0.75; dispersion 235.46 > 5.0; containment 0.14 < 0.5	-	single enzyme: no cross-enzyme consistency check available
SF027.BcgI	GCF_000156615.2	s__Corynebacterium_tuberculostearicum	NA	NA	NA	0	NA	NA	NA	0	NA	NA	NA	NA	0	1	0	-	NA	fixed	NA	none	0	False	containment 0.00 < 0.5; only 0/1 enzymes produced a fit; no PTR estimate	BcgI:only 0 windows after outlier trimming	no enzyme produced a usable estimate
SF027.BcgI	GCF_000158215.3	s__Fusobacterium_periodonticum_D	NA	NA	NA	0.01923076923	NA	NA	NA	0	NA	NA	NA	NA	0	1	0	-	NA	fixed	NA	none	0	False	containment 0.02 < 0.5; only 0/1 enzymes produced a fit; no PTR estimate	BcgI:only 1 windows after outlier trimming	no enzyme produced a usable estimate
SF027.BcgI	GCF_000159435.1	s__Limosilactobacillus_vaginalis	NA	NA	NA	0	NA	NA	NA	0	NA	NA	NA	NA	0	1	0	-	NA	fixed	NA	none	0	False	containment 0.00 < 0.5; only 0/1 enzymes produced a fit; no PTR estimate	BcgI:only 0 windows after outlier trimming	no enzyme produced a usable estimate
SF027.BcgI	GCF_000159995.1	s__Alloprevotella_tannerae	NA	NA	NA	0	NA	NA	NA	0	NA	NA	NA	NA	0	1	0	-	NA	fixed	NA	none	0	False	containment 0.00 < 0.5; only 0/1 enzymes produced a fit; no PTR estimate	BcgI:only 0 windows after outlier trimming	no enzyme produced a usable estimate
SF027.BcgI	GCF_000160035.2	s__Catonella_morbi	NA	NA	NA	0	NA	NA	NA	0	NA	NA	NA	NA	0	1	0	-	NA	fixed	NA	none	0	False	containment 0.00 < 0.5; only 0/1 enzymes produced a fit; no PTR estimate	BcgI:only 0 windows after outlier trimming	no enzyme produced a usable estimate
SF027.BcgI	GCF_000160055.1	s__Dialister_invisus	NA	NA	NA	0	NA	NA	NA	0	NA	NA	NA	NA	0	1	0	-	NA	fixed	NA	none	0	False	containment 0.00 < 0.5; only 0/1 enzymes produced a fit; no PTR estimate	BcgI:only 0 windows after outlier trimming	no enzyme produced a usable estimate
SF027.BcgI	GCF_000160115.1	s__Shuttleworthia_satelles	NA	NA	NA	0	NA	NA	NA	0	NA	NA	NA	NA	0	1	0	-	NA	fixed	NA	none	0	False	containment 0.00 < 0.5; only 0/1 enzymes produced a fit; no PTR estimate	BcgI:only 0 windows after outlier trimming	no enzyme produced a usable estimate
SF027.BcgI	GCF_000160135.1	s__Oribacterium_sp000160135	NA	NA	NA	0	NA	NA	NA	0	NA	NA	NA	NA	0	1	0	-	NA	fixed	NA	none	0	False	containment 0.00 < 0.5; only 0/1 enzymes produced a fit; no PTR estimate	BcgI:only 0 windows after outlier trimming	no enzyme produced a usable estimate
SF027.BcgI	GCF_000160435.1	s__Kingella_B_oralis	NA	NA	NA	0.001196172249	NA	NA	NA	0	NA	NA	NA	NA	0	1	0	-	NA	fixed	NA	none	0	False	containment 0.00 < 0.5; only 0/1 enzymes produced a fit; no PTR estimate	BcgI:only 0 windows after outlier trimming	no enzyme produced a usable estimate
SF027.BcgI	GCF_000160635.1	s__Oribacterium_sinus	NA	NA	NA	0.00350262697	NA	NA	NA	0	NA	NA	NA	NA	0	1	0	-	NA	fixed	NA	none	0	False	containment 0.00 < 0.5; only 0/1 enzymes produced a fit; no PTR estimate	BcgI:only 2 windows after outlier trimming	no enzyme produced a usable estimate
SF027.BcgI	GCF_000160695.1	s__Centipeda_flueggei	NA	NA	NA	0.0009546539379	NA	NA	NA	0	NA	NA	NA	NA	0	1	0	-	NA	fixed	NA	none	0	False	containment 0.00 < 0.5; only 0/1 enzymes produced a fit; no PTR estimate	BcgI:only 2 windows after outlier trimming	no enzyme produced a usable estimate
SF027.BcgI	GCF_000161975.1	s__Eubacterium_N_saphenum	NA	NA	NA	0	NA	NA	NA	0	NA	NA	NA	NA	0	1	0	-	NA	fixed	NA	none	0	False	containment 0.00 < 0.5; only 0/1 enzymes produced a fit; no PTR estimate	BcgI:only 0 windows after outlier trimming	no enzyme produced a usable estimate
SF027.BcgI	GCF_000162455.1	s__Prevotella_buccae	NA	NA	NA	0	NA	NA	NA	0	NA	NA	NA	NA	0	1	0	-	NA	fixed	NA	none	0	False	containment 0.00 < 0.5; only 0/1 enzymes produced a fit; no PTR estimate	BcgI:only 0 windows after outlier trimming	no enzyme produced a usable estimate
SF027.BcgI	GCF_000162475.2	s__Granulicatella_elegans	NA	NA	NA	0	NA	NA	NA	0	NA	NA	NA	NA	0	1	0	-	NA	fixed	NA	none	0	False	containment 0.00 < 0.5; only 0/1 enzymes produced a fit; no PTR estimate	BcgI:only 0 windows after outlier trimming	no enzyme produced a usable estimate
SF027.BcgI	GCF_000162935.1	s__Prevotella_veroralis	NA	NA	NA	0.001280409731	NA	NA	NA	0	NA	NA	NA	NA	0	1	0	-	NA	fixed	NA	none	0	False	containment 0.00 < 0.5; only 0/1 enzymes produced a fit; no PTR estimate	BcgI:only 1 windows after outlier trimming	no enzyme produced a usable estimate
SF027.BcgI	GCF_000163055.2	s__Prevotella_sp000163055	117.1	12.27272727	0.0375	0.01093560146	2.481252975	1.311068832	NA	160	0.9634074259	0.4176533223	0.4924833625	2.129654302	1	1	1	BcgI	NA	fixed	1319717.194	glm	5	False	fraction 0.04 < 0.75; dispersion 12.27 > 5.0; containment 0.01 < 0.5	-	single enzyme: no cross-enzyme consistency check available
SF027.BcgI	GCF_000163475.1	s__Pasteurella_dagmatis	NA	NA	NA	0	NA	NA	NA	0	NA	NA	NA	NA	0	1	0	-	NA	fixed	NA	none	0	False	containment 0.00 < 0.5; only 0/1 enzymes produced a fit; no PTR estimate	BcgI:only 0 windows after outlier trimming	no enzyme produced a usable estimate
SF027.BcgI	GCF_000163695.1	s__F0058_sp000163695	NA	NA	NA	0	NA	NA	NA	0	NA	NA	NA	NA	0	1	0	-	NA	fixed	NA	none	0	False	containment 0.00 < 0.5; only 0/1 enzymes produced a fit; no PTR estimate	BcgI:only 0 windows after outlier trimming	no enzyme produced a usable estimate
SF027.BcgI	GCF_000163835.1	s__Parascardovia_denticolens	NA	NA	NA	0.001986097319	NA	NA	NA	0	NA	NA	NA	NA	0	1	0	-	NA	fixed	NA	none	0	False	containment 0.00 < 0.5; only 0/1 enzymes produced a fit; no PTR estimate	BcgI:only 0 windows after outlier trimming	no enzyme produced a usable estimate
SF027.BcgI	GCF_000163895.2	s__Filifactor_alocis	NA	NA	NA	0	NA	NA	NA	0	NA	NA	NA	NA	0	1	0	-	NA	fixed	NA	none	0	False	containment 0.00 < 0.5; only 0/1 enzymes produced a fit; no PTR estimate	BcgI:only 0 windows after outlier trimming	no enzyme produced a usable estimate
SF027.BcgI	GCF_000173895.1	s__Neisseria_cinerea	NA	NA	NA	0.003500583431	NA	NA	NA	0	NA	NA	NA	NA	0	1	0	-	NA	fixed	NA	none	0	False	containment 0.00 < 0.5; only 0/1 enzymes produced a fit; no PTR estimate	BcgI:only 2 windows after outlier trimming	no enzyme produced a usable estimate
SF027.BcgI	GCF_000173915.1	s__Gemella_haemolysans	NA	NA	NA	0	NA	NA	NA	0	NA	NA	NA	NA	0	1	0	-	NA	fixed	NA	none	0	False	containment 0.00 < 0.5; only 0/1 enzymes produced a fit; no PTR estimate	BcgI:only 0 windows after outlier trimming	no enzyme produced a usable estimate
SF027.BcgI	GCF_000174655.1	s__Neisseria_sicca	742.3593466	1740.903685	0.1927033151	0.07532467532	96280080.36	26.52073401	NA	210	0.9999979517	1.404327065	23.76830354	29.27316448	1	1	1	BcgI	NA	fixed	128917.8006	glm	16	False	fraction 0.19 < 0.75; dispersion 1740.90 > 5.0; containment 0.08 < 0.5	-	single enzyme: no cross-enzyme consistency check available
SF027.BcgI	GCF_000174755.1	s__Capnocytophaga_gingivalis	99.57166667	45.91269804	0.1175622276	0.09404990403	1.774942032	0.8277719083	NA	442	0.9995822732	0.8424685692	-0.8234361454	2.478979962	1	1	1	BcgI	NA	fixed	368953.5267	glm	20	False	fraction 0.12 < 0.75; dispersion 45.91 > 5.0; containment 0.09 < 0.5	-	single enzyme: no cross-enzyme consistency check available
SF027.BcgI	GCF_000175375.1	s__Corynebacterium_matruchotii	NA	NA	NA	0.0004450378282	NA	NA	NA	0	NA	NA	NA	NA	0	1	0	-	NA	fixed	NA	none	0	False	containment 0.00 < 0.5; only 0/1 enzymes produced a fit; no PTR estimate	BcgI:only 1 windows after outlier trimming	no enzyme produced a usable estimate
SF027.BcgI	GCF_000175635.1	s__Corynebacterium_tuberculostearicum_C	NA	NA	NA	0.001150747986	NA	NA	NA	0	NA	NA	NA	NA	0	1	0	-	NA	fixed	NA	none	0	False	containment 0.00 < 0.5; only 0/1 enzymes produced a fit; no PTR estimate	BcgI:only 1 windows after outlier trimming	no enzyme produced a usable estimate
SF027.BcgI	GCF_000175875.1	s__Campylobacter_B_gracilis	NA	NA	NA	0	NA	NA	NA	0	NA	NA	NA	NA	0	1	0	-	NA	fixed	NA	none	0	False	containment 0.00 < 0.5; only 0/1 enzymes produced a fit; no PTR estimate	BcgI:only 0 windows after outlier trimming	no enzyme produced a usable estimate
SF027.BcgI	GCF_000177055.1	s__Prevotella_timonensis_A	NA	NA	NA	0	NA	NA	NA	0	NA	NA	NA	NA	0	1	0	-	NA	fixed	NA	none	0	False	containment 0.00 < 0.5; only 0/1 enzymes produced a fit; no PTR estimate	BcgI:only 0 windows after outlier trimming	no enzyme produced a usable estimate
SF027.BcgI	GCF_000177375.1	s__Bulleidia_extructa	NA	NA	NA	0	NA	NA	NA	0	NA	NA	NA	NA	0	1	0	-	NA	fixed	NA	none	0	False	containment 0.00 < 0.5; only 0/1 enzymes produced a fit; no PTR estimate	BcgI:only 0 windows after outlier trimming	no enzyme produced a usable estimate
SF027.BcgI	GCF_000178895.1	s__Fusobacterium_nucleatum	NA	NA	NA	0	NA	NA	NA	0	NA	NA	NA	NA	0	1	0	-	NA	fixed	NA	none	0	False	containment 0.00 < 0.5; only 0/1 enzymes produced a fit; no PTR estimate	BcgI:only 0 windows after outlier trimming	no enzyme produced a usable estimate
SF027.BcgI	GCF_000179755.1	s__Veillonella_atypica	171.128277	169.7801348	0.2487768056	0.1927083333	6.71144358	2.746623113	NA	468	1	0.8676435602	1.046072983	4.447173242	1	1	1	BcgI	NA	fixed	1102595.348	glm	31	False	fraction 0.25 < 0.75; dispersion 169.78 > 5.0; containment 0.19 < 0.5	-	single enzyme: no cross-enzyme consistency check available
SF027.BcgI	GCF_000185145.2	s__Prevotella_oralis	NA	NA	NA	0	NA	NA	NA	0	NA	NA	NA	NA	0	1	0	-	NA	fixed	NA	none	0	False	containment 0.00 < 0.5; only 0/1 enzymes produced a fit; no PTR estimate	BcgI:only 0 windows after outlier trimming	no enzyme produced a usable estimate
SF027.BcgI	GCF_000185385.1	s__Lachnoanaerobaculum_saburreum	NA	NA	NA	0.002551020408	NA	NA	NA	0	NA	NA	NA	NA	0	1	0	-	NA	fixed	NA	none	0	False	containment 0.00 < 0.5; only 0/1 enzymes produced a fit; no PTR estimate	BcgI:only 1 windows after outlier trimming	no enzyme produced a usable estimate
SF027.BcgI	GCF_000185505.1	s__Pseudoramibacter_alactolyticus	NA	NA	NA	0	NA	NA	NA	0	NA	NA	NA	NA	0	1	0	-	NA	fixed	NA	none	0	False	containment 0.00 < 0.5; only 0/1 enzymes produced a fit; no PTR estimate	BcgI:only 0 windows after outlier trimming	no enzyme produced a usable estimate
SF027.BcgI	GCF_000185645.1	s__Gemella_morbillorum	NA	NA	NA	0	NA	NA	NA	0	NA	NA	NA	NA	0	1	0	-	NA	fixed	NA	none	0	False	containment 0.00 < 0.5; only 0/1 enzymes produced a fit; no PTR estimate	BcgI:only 0 windows after outlier trimming	no enzyme produced a usable estimate
SF027.BcgI	GCF_000187585.1	s__Streptococcus_peroris	NA	NA	NA	0.008510638298	NA	NA	NA	0	NA	NA	NA	NA	0	1	0	-	NA	fixed	NA	none	0	False	containment 0.01 < 0.5; only 0/1 enzymes produced a fit; no PTR estimate	BcgI:only 1 windows after outlier trimming	no enzyme produced a usable estimate
SF027.BcgI	GCF_000187745.1	s__Streptococcus_sp000187745	NA	NA	NA	0.01136363636	NA	NA	NA	0	NA	NA	NA	NA	0	1	0	-	NA	fixed	NA	none	0	False	containment 0.01 < 0.5; only 0/1 enzymes produced a fit; no PTR estimate	BcgI:only 1 windows after outlier trimming	no enzyme produced a usable estimate
SF027.BcgI	GCF_000188255.1	s__Actinobacillus_ureae	NA	NA	NA	0	NA	NA	NA	0	NA	NA	NA	NA	0	1	0	-	NA	fixed	NA	none	0	False	containment 0.00 < 0.5; only 0/1 enzymes produced a fit; no PTR estimate	BcgI:only 0 windows after outlier trimming	no enzyme produced a usable estimate
SF027.BcgI	GCF_000191065.1	s__Prevotella_multiformis	NA	NA	NA	0.0006020469597	NA	NA	NA	0	NA	NA	NA	NA	0	1	0	-	NA	fixed	NA	none	0	False	containment 0.00 < 0.5; only 0/1 enzymes produced a fit; no PTR estimate	BcgI:only 1 windows after outlier trimming	no enzyme produced a usable estimate
SF027.BcgI	GCF_000191105.1	s__Streptococcus_sanguinis	173.1666667	215.1014573	0.06375661376	0.03947368421	2.871461351	1.521785144	NA	143	0.9995491321	1.783254968	-1.97333037	5.016900657	1	1	1	BcgI	NA	fixed	804230.4089	glm	6	False	fraction 0.06 < 0.75; dispersion 215.10 > 5.0; containment 0.04 < 0.5	-	single enzyme: no cross-enzyme consistency check available
SF027.BcgI	GCF_000191825.1	s__Treponema_B_denticola	NA	NA	NA	0	NA	NA	NA	0	NA	NA	NA	NA	0	1	0	-	NA	fixed	NA	none	0	False	containment 0.00 < 0.5; only 0/1 enzymes produced a fit; no PTR estimate	BcgI:only 0 windows after outlier trimming	no enzyme produced a usable estimate
SF027.BcgI	GCF_000192225.1	s__Capnocytophaga_sp000192225	NA	NA	NA	0	NA	NA	NA	0	NA	NA	NA	NA	0	1	0	-	NA	fixed	NA	none	0	False	containment 0.00 < 0.5; only 0/1 enzymes produced a fit; no PTR estimate	BcgI:only 0 windows after outlier trimming	no enzyme produced a usable estimate
SF027.BcgI	GCF_000193735.1	s__Neisseria_sicca_E	2296.727117	111.0347826	0.08575592994	0.01997146933	3.888813906e+45	151.4460945	NA	166	1	2.9417173	145.6804345	157.2117544	1	1	1	BcgI	NA	fixed	296591.0039	glm	7	False	fraction 0.09 < 0.75; dispersion 111.03 > 5.0; containment 0.02 < 0.5	-	single enzyme: no cross-enzyme consistency check available
SF027.BcgI	GCF_000193755.1	s__Neisseria_sicca_D	NA	NA	NA	0.01198630137	NA	NA	NA	0	NA	NA	NA	NA	0	1	0	-	NA	fixed	NA	none	0	False	containment 0.01 < 0.5; only 0/1 enzymes produced a fit; no PTR estimate	BcgI:only 4 windows after outlier trimming	no enzyme produced a usable estimate
SF027.BcgI	GCF_000193775.1	s__Neisseria_polysaccharea	NA	NA	NA	0.006861063465	NA	NA	NA	0	NA	NA	NA	NA	0	1	0	-	NA	fixed	NA	none	0	False	containment 0.01 < 0.5; only 0/1 enzymes produced a fit; no PTR estimate	BcgI:only 2 windows after outlier trimming	no enzyme produced a usable estimate
SF027.BcgI	GCF_000193795.1	s__Neisseria_lactamica_A	NA	NA	NA	0.002777777778	NA	NA	NA	0	NA	NA	NA	NA	0	1	0	-	NA	fixed	NA	none	0	False	containment 0.00 < 0.5; only 0/1 enzymes produced a fit; no PTR estimate	BcgI:only 1 windows after outlier trimming	no enzyme produced a usable estimate
SF027.BcgI	GCF_000195595.1	s__Actinomyces_sp000195595	NA	NA	NA	0.000475737393	NA	NA	NA	0	NA	NA	NA	NA	0	1	0	-	NA	fixed	NA	none	0	False	containment 0.00 < 0.5; only 0/1 enzymes produced a fit; no PTR estimate	BcgI:only 0 windows after outlier trimming	no enzyme produced a usable estimate
SF027.BcgI	GCF_000208825.1	s__Aeromonas_caviae	NA	NA	NA	0	NA	NA	NA	0	NA	NA	NA	NA	0	1	0	-	NA	fixed	NA	none	0	False	containment 0.00 < 0.5; only 0/1 enzymes produced a fit; no PTR estimate	BcgI:only 0 windows after outlier trimming	no enzyme produced a usable estimate
SF027.BcgI	GCF_000209465.1	s__Lachnoanaerobaculum_sp000209465	NA	NA	NA	0	NA	NA	NA	0	NA	NA	NA	NA	0	1	0	-	NA	fixed	NA	none	0	False	containment 0.00 < 0.5; only 0/1 enzymes produced a fit; no PTR estimate	BcgI:only 0 windows after outlier trimming	no enzyme produced a usable estimate
SF027.BcgI	GCF_000210895.1	s__Haemophilus_D_parainfluenzae_A	NA	NA	NA	0.015625	NA	NA	NA	0	NA	NA	NA	NA	0	1	0	-	NA	fixed	NA	none	0	False	containment 0.02 < 0.5; only 0/1 enzymes produced a fit; no PTR estimate	BcgI:only 3 windows after outlier trimming	no enzyme produced a usable estimate
SF027.BcgI	GCF_000211795.1	s__Sphingomonas_paucimobilis	64.89583333	110.6044768	0.02299117302	0.003374777975	2.689635359	1.427410596	NA	976	0.9981532642	0.8150231466	-0.1700054176	3.02482661	1	1	1	BcgI	NA	fixed	1587727.649	glm	12	False	fraction 0.02 < 0.75; dispersion 110.60 > 5.0; containment 0.00 < 0.5	-	single enzyme: no cross-enzyme consistency check available
SF027.BcgI	GCF_000212855.1	s__Streptococcus_sanguinis_A	NA	NA	NA	0.003546099291	NA	NA	NA	0	NA	NA	NA	NA	0	1	0	-	NA	fixed	NA	none	0	False	containment 0.00 < 0.5; only 0/1 enzymes produced a fit; no PTR estimate	BcgI:only 1 windows after outlier trimming	no enzyme produced a usable estimate
SF027.BcgI	GCF_000213975.1	s__Centipeda_periodontii	NA	NA	NA	0	NA	NA	NA	0	NA	NA	NA	NA	0	1	0	-	NA	fixed	NA	none	0	False	containment 0.00 < 0.5; only 0/1 enzymes produced a fit; no PTR estimate	BcgI:only 0 windows after outlier trimming	no enzyme produced a usable estimate
SF027.BcgI	GCF_000214475.1	s__Parvimonas_sp000214475	NA	NA	NA	0	NA	NA	NA	0	NA	NA	NA	NA	0	1	0	-	NA	fixed	NA	none	0	False	containment 0.00 < 0.5; only 0/1 enzymes produced a fit; no PTR estimate	BcgI:only 0 windows after outlier trimming	no enzyme produced a usable estimate
SF027.BcgI	GCF_000215385.1	s__Streptococcus_infantis_B	119.3	50.44276995	0.2801964702	0.1124260355	12.10183871	3.597154357	NA	94	0.9996614414	1.290891842	1.067052838	6.127255875	1	1	1	BcgI	NA	fixed	1187419.036	glm	10	False	fraction 0.28 < 0.75; dispersion 50.44 > 5.0; containment 0.11 < 0.5	-	single enzyme: no cross-enzyme consistency check available
SF027.BcgI	GCF_000218235.1	s__Prevotella_multisaccharivorax	NA	NA	NA	0	NA	NA	NA	0	NA	NA	NA	NA	0	1	0	-	NA	fixed	NA	none	0	False	containment 0.00 < 0.5; only 0/1 enzymes produced a fit; no PTR estimate	BcgI:only 0 windows after outlier trimming	no enzyme produced a usable estimate
SF027.BcgI	GCF_000220045.1	s__Streptococcus_mitis_AP	NA	NA	NA	0.02469135802	NA	NA	NA	0	NA	NA	NA	NA	0	1	0	-	NA	fixed	NA	none	0	False	containment 0.02 < 0.5; only 0/1 enzymes produced a fit; no PTR estimate	BcgI:only 2 windows after outlier trimming	no enzyme produced a usable estimate
SF027.BcgI	GCF_000220065.1	s__Streptococcus_sp000220065	NA	NA	NA	0.007853403141	NA	NA	NA	0	NA	NA	NA	NA	0	1	0	-	NA	fixed	NA	none	0	False	containment 0.01 < 0.5; only 0/1 enzymes produced a fit; no PTR estimate	BcgI:only 3 windows after outlier trimming	no enzyme produced a usable estimate
SF027.BcgI	GCF_000220215.1	s__Prevotella_seregens	NA	NA	NA	0.0003680529996	NA	NA	NA	0	NA	NA	NA	NA	0	1	0	-	NA	fixed	NA	none	0	False	containment 0.00 < 0.5; only 0/1 enzymes produced a fit; no PTR estimate	BcgI:only 1 windows after outlier trimming	no enzyme produced a usable estimate
SF027.BcgI	GCF_000220835.1	s__Actinomyces_sp000220835	NA	NA	NA	0.003305178112	NA	NA	NA	0	NA	NA	NA	NA	0	1	0	-	NA	fixed	NA	none	0	False	containment 0.00 < 0.5; only 0/1 enzymes produced a fit; no PTR estimate	BcgI:only 2 windows after outlier trimming	no enzyme produced a usable estimate
SF027.BcgI	GCF_000222025.1	s__Haemophilus_haemolyticus_G	NA	NA	NA	0	NA	NA	NA	0	NA	NA	NA	NA	0	1	0	-	NA	fixed	NA	none	0	False	containment 0.00 < 0.5; only 0/1 enzymes produced a fit; no PTR estimate	BcgI:only 0 windows after outlier trimming	no enzyme produced a usable estimate
SF027.BcgI	GCF_000222705.1	s__Streptococcus_mitis_AY	NA	NA	NA	0	NA	NA	NA	0	NA	NA	NA	NA	0	1	0	-	NA	fixed	NA	none	0	False	containment 0.00 < 0.5; only 0/1 enzymes produced a fit; no PTR estimate	BcgI:only 0 windows after outlier trimming	no enzyme produced a usable estimate
SF027.BcgI	GCF_000223255.1	s__Streptococcus_infantis_G	63.1	83.04597701	0.0776374269	0.02898550725	1.819298521	0.8633822883	NA	110	0.9630555705	0.7232803343	-0.5542211176	2.280985694	1	1	1	BcgI	NA	fixed	402189.0456	glm	5	False	fraction 0.08 < 0.75; dispersion 83.05 > 5.0; containment 0.03 < 0.5	-	single enzyme: no cross-enzyme consistency check available
SF027.BcgI	GCF_000223275.1	s__Haemophilus_D_pittmaniae	NA	NA	NA	0.001088139282	NA	NA	NA	0	NA	NA	NA	NA	0	1	0	-	NA	fixed	NA	none	0	False	containment 0.00 < 0.5; only 0/1 enzymes produced a fit; no PTR estimate	BcgI:only 0 windows after outlier trimming	no enzyme produced a usable estimate
SF027.BcgI	GCF_000223335.1	s__Streptococcus_infantis_H	NA	NA	NA	0.007352941176	NA	NA	NA	0	NA	NA	NA	NA	0	1	0	-	NA	fixed	NA	none	0	False	containment 0.01 < 0.5; only 0/1 enzymes produced a fit; no PTR estimate	BcgI:only 1 windows after outlier trimming	no enzyme produced a usable estimate
SF027.BcgI	GCF_000228505.1	s__Streptococcus_sobrinus	NA	NA	NA	0.008741258741	NA	NA	NA	0	NA	NA	NA	NA	0	1	0	-	NA	fixed	NA	none	0	False	containment 0.01 < 0.5; only 0/1 enzymes produced a fit; no PTR estimate	BcgI:only 1 windows after outlier trimming	no enzyme produced a usable estimate
SF027.BcgI	GCF_000229485.1	s__Streptococcus_mutans	NA	NA	NA	0.01898734177	NA	NA	NA	0	NA	NA	NA	NA	0	1	0	-	NA	fixed	NA	none	0	False	containment 0.02 < 0.5; only 0/1 enzymes produced a fit; no PTR estimate	BcgI:only 0 windows after outlier trimming	no enzyme produced a usable estimate
SF027.BcgI	GCF_000234095.1	s__Centipeda_infelix	NA	NA	NA	0	NA	NA	NA	0	NA	NA	NA	NA	0	1	0	-	NA	fixed	NA	none	0	False	containment 0.00 < 0.5; only 0/1 enzymes produced a fit; no PTR estimate	BcgI:only 0 windows after outlier trimming	no enzyme produced a usable estimate
SF027.BcgI	GCF_000234135.1	s__Centipeda_noxia	NA	NA	NA	0	NA	NA	NA	0	NA	NA	NA	NA	0	1	0	-	NA	fixed	NA	none	0	False	containment 0.00 < 0.5; only 0/1 enzymes produced a fit; no PTR estimate	BcgI:only 0 windows after outlier trimming	no enzyme produced a usable estimate
SF027.BcgI	GCF_000235445.1	s__Johnsonella_ignava	NA	NA	NA	0	NA	NA	NA	0	NA	NA	NA	NA	0	1	0	-	NA	fixed	NA	none	0	False	containment 0.00 < 0.5; only 0/1 enzymes produced a fit; no PTR estimate	BcgI:only 0 windows after outlier trimming	no enzyme produced a usable estimate
SF027.BcgI	GCF_000235485.1	s__Streptococcus_sp000235485	NA	NA	NA	0	NA	NA	NA	0	NA	NA	NA	NA	0	1	0	-	NA	fixed	NA	none	0	False	containment 0.00 < 0.5; only 0/1 enzymes produced a fit; no PTR estimate	BcgI:only 0 windows after outlier trimming	no enzyme produced a usable estimate
SF027.BcgI	GCF_000235885.1	s__Prevotella_stercorea	NA	NA	NA	0	NA	NA	NA	0	NA	NA	NA	NA	0	1	0	-	NA	fixed	NA	none	0	False	containment 0.00 < 0.5; only 0/1 enzymes produced a fit; no PTR estimate	BcgI:only 0 windows after outlier trimming	no enzyme produced a usable estimate
SF027.BcgI	GCF_000238055.2	s__Oribacterium_parvum	NA	NA	NA	0.002928257687	NA	NA	NA	0	NA	NA	NA	NA	0	1	0	-	NA	fixed	NA	none	0	False	containment 0.00 < 0.5; only 0/1 enzymes produced a fit; no PTR estimate	BcgI:only 2 windows after outlier trimming	no enzyme produced a usable estimate
SF027.BcgI	GCF_000238075.1	s__Oribacterium_asaccharolyticum	NA	NA	NA	0.003676470588	NA	NA	NA	0	NA	NA	NA	NA	0	1	0	-	NA	fixed	NA	none	0	False	containment 0.00 < 0.5; only 0/1 enzymes produced a fit; no PTR estimate	BcgI:only 3 windows after outlier trimming	no enzyme produced a usable estimate
SF027.BcgI	GCF_000239275.1	s__Anaeroglobus_geminatus	NA	NA	NA	0	NA	NA	NA	0	NA	NA	NA	NA	0	1	0	-	NA	fixed	NA	none	0	False	containment 0.00 < 0.5; only 0/1 enzymes produced a fit; no PTR estimate	BcgI:only 0 windows after outlier trimming	no enzyme produced a usable estimate
SF027.BcgI	GCF_000242235.1	s__Stomatobaculum_longum	80.32777778	24.91517858	0.02320906804	0.01929530201	2.009995808	1.007192493	NA	2004	0.9992367127	0.6956483572	-0.3562532334	2.370638218	1	1	1	BcgI	NA	fixed	130396.63	glm	21	False	fraction 0.02 < 0.75; dispersion 24.92 > 5.0; containment 0.02 < 0.5	-	single enzyme: no cross-enzyme consistency check available
SF027.BcgI	GCF_000242315.1	s__Lachnoanaerobaculum_orale	81	44.68965517	0.05498332936	0.01242236025	3.79757757	1.925079434	NA	111	0.9871932254	1.78799058	-1.579317707	5.429476575	1	1	1	BcgI	NA	fixed	2547203.738	glm	5	False	fraction 0.05 < 0.75; dispersion 44.69 > 5.0; containment 0.01 < 0.5	-	single enzyme: no cross-enzyme consistency check available
SF027.BcgI	GCF_000242675.1	s__Eubacterium_B_infirmum	NA	NA	NA	0	NA	NA	NA	0	NA	NA	NA	NA	0	1	0	-	NA	fixed	NA	none	0	False	containment 0.00 < 0.5; only 0/1 enzymes produced a fit; no PTR estimate	BcgI:only 0 windows after outlier trimming	no enzyme produced a usable estimate
SF027.BcgI	GCF_000243035.1	s__Prevotella_micans	NA	NA	NA	0	NA	NA	NA	0	NA	NA	NA	NA	0	1	0	-	NA	fixed	NA	none	0	False	containment 0.00 < 0.5; only 0/1 enzymes produced a fit; no PTR estimate	BcgI:only 0 windows after outlier trimming	no enzyme produced a usable estimate
SF027.BcgI	GCF_000253155.1	s__Streptococcus_oralis_L	NA	NA	NA	0.01041666667	NA	NA	NA	0	NA	NA	NA	NA	0	1	0	-	NA	fixed	NA	none	0	False	containment 0.01 < 0.5; only 0/1 enzymes produced a fit; no PTR estimate	BcgI:only 1 windows after outlier trimming	no enzyme produced a usable estimate
SF027.BcgI	GCF_000257905.1	s__Streptococcus_mitis_L	NA	NA	NA	0	NA	NA	NA	0	NA	NA	NA	NA	0	1	0	-	NA	fixed	NA	none	0	False	containment 0.00 < 0.5; only 0/1 enzymes produced a fit; no PTR estimate	BcgI:only 0 windows after outlier trimming	no enzyme produced a usable estimate
SF027.BcgI	GCF_000259505.1	s__Streptococcus_sp000259505	NA	NA	NA	0.009756097561	NA	NA	NA	0	NA	NA	NA	NA	0	1	0	-	NA	fixed	NA	none	0	False	containment 0.01 < 0.5; only 0/1 enzymes produced a fit; no PTR estimate	BcgI:only 1 windows after outlier trimming	no enzyme produced a usable estimate
SF027.BcgI	GCF_000260655.1	s__Neisseria_sicca_B	1548.758333	3869.411766	0.3316504329	0.08450704225	2654937565	31.30603079	NA	103	0.9996334891	1.827752952	27.72370083	34.88836075	1	1	1	BcgI	NA	fixed	1533145.855	glm	20	False	fraction 0.33 < 0.75; dispersion 3869.41 > 5.0; containment 0.08 < 0.5	-	single enzyme: no cross-enzyme consistency check available
SF027.BcgI	GCF_000262285.1	s__Haemophilus_haemolyticus	NA	NA	NA	0.004237288136	NA	NA	NA	0	NA	NA	NA	NA	0	1	0	-	NA	fixed	NA	none	0	False	containment 0.00 < 0.5; only 0/1 enzymes produced a fit; no PTR estimate	BcgI:only 1 windows after outlier trimming	no enzyme produced a usable estimate
SF027.BcgI	GCF_000275805.1	s__Scardovia_wiggsiae	NA	NA	NA	0.005934718101	NA	NA	NA	0	NA	NA	NA	NA	0	1	0	-	NA	fixed	NA	none	0	False	containment 0.01 < 0.5; only 0/1 enzymes produced a fit; no PTR estimate	BcgI:only 0 windows after outlier trimming	no enzyme produced a usable estimate
SF027.BcgI	GCF_000277585.1	s__Capnocytophaga_ochracea	NA	NA	NA	0.005662514156	NA	NA	NA	0	NA	NA	NA	NA	0	1	0	-	NA	fixed	NA	none	0	False	containment 0.01 < 0.5; only 0/1 enzymes produced a fit; no PTR estimate	BcgI:only 4 windows after outlier trimming	no enzyme produced a usable estimate
SF027.BcgI	GCF_000278725.1	s__Pauljensenia_sp000278725	77.10576923	17.99758384	0.08549715575	0.01692047377	1.259510196	0.3328628015	NA	750	0.94244174	0.5628800276	-0.7703617802	1.436087383	1	1	1	BcgI	NA	fixed	25723.84444	glm	26	False	fraction 0.09 < 0.75; dispersion 18.00 > 5.0; containment 0.02 < 0.5	-	single enzyme: no cross-enzyme consistency check available
SF027.BcgI	GCF_000279535.1	s__Streptococcus_infantis_I	NA	NA	NA	0.02409638554	NA	NA	NA	0	NA	NA	NA	NA	0	1	0	-	NA	fixed	NA	none	0	False	containment 0.02 < 0.5; only 0/1 enzymes produced a fit; no PTR estimate	BcgI:only 2 windows after outlier trimming	no enzyme produced a usable estimate
SF027.BcgI	GCF_000282935.1	s__Pauljensenia_odontolytica_B	90.85	144.044335	0.1260552647	0.008373205742	2.806455388	1.488749126	NA	257	0.9982542916	0.62180606	0.2700316432	2.707466609	1	1	1	BcgI	NA	fixed	1173087.432	glm	10	False	fraction 0.13 < 0.75; dispersion 144.04 > 5.0; containment 0.01 < 0.5	-	single enzyme: no cross-enzyme consistency check available
SF027.BcgI	GCF_000283035.1	s__Pauljensenia_sp000466265	120.8833333	85.08316179	0.1772932913	0.07021166753	1.617523287	0.6937864827	NA	1283	0.9997599567	0.5178723781	-0.3212247269	1.708797692	1	1	1	BcgI	NA	fixed	1788134.647	glm	85	False	fraction 0.18 < 0.75; dispersion 85.08 > 5.0; containment 0.07 < 0.5	-	single enzyme: no cross-enzyme consistency check available
SF027.BcgI	GCF_000286455.1	s__Centipeda_sp000286455	NA	NA	NA	0	NA	NA	NA	0	NA	NA	NA	NA	0	1	0	-	NA	fixed	NA	none	0	False	containment 0.00 < 0.5; only 0/1 enzymes produced a fit; no PTR estimate	BcgI:only 0 windows after outlier trimming	no enzyme produced a usable estimate
SF027.BcgI	GCF_000287615.1	s__Haemophilus_A_sputorum	NA	NA	NA	0.001303780965	NA	NA	NA	0	NA	NA	NA	NA	0	1	0	-	NA	fixed	NA	none	0	False	containment 0.00 < 0.5; only 0/1 enzymes produced a fit; no PTR estimate	BcgI:only 1 windows after outlier trimming	no enzyme produced a usable estimate
SF027.BcgI	GCF_000287675.1	s__Lachnoanaerobaculum_sp000287675	NA	NA	NA	0	NA	NA	NA	0	NA	NA	NA	NA	0	1	0	-	NA	fixed	NA	none	0	False	containment 0.00 < 0.5; only 0/1 enzymes produced a fit; no PTR estimate	BcgI:only 0 windows after outlier trimming	no enzyme produced a usable estimate
SF027.BcgI	GCF_000287695.1	s__Peptoanaerobacter_margaretiae	NA	NA	NA	0	NA	NA	NA	0	NA	NA	NA	NA	0	1	0	-	NA	fixed	NA	none	0	False	containment 0.00 < 0.5; only 0/1 enzymes produced a fit; no PTR estimate	BcgI:only 0 windows after outlier trimming	no enzyme produced a usable estimate
SF027.BcgI	GCF_000287715.1	s__Streptococcus_oralis_Y	NA	NA	NA	0.02247191011	NA	NA	NA	0	NA	NA	NA	NA	0	1	0	-	NA	fixed	NA	none	0	False	containment 0.02 < 0.5; only 0/1 enzymes produced a fit; no PTR estimate	BcgI:only 2 windows after outlier trimming	no enzyme produced a usable estimate
SF027.BcgI	GCF_000292345.1	s__Cupriavidus_sp000292345	NA	NA	NA	0	NA	NA	NA	0	NA	NA	NA	NA	0	1	0	-	NA	fixed	NA	none	0	False	containment 0.00 < 0.5; only 0/1 enzymes produced a fit; no PTR estimate	BcgI:only 0 windows after outlier trimming	no enzyme produced a usable estimate
SF027.BcgI	GCF_000292955.1	s__Selenomonas_sputigena	NA	NA	NA	0	NA	NA	NA	0	NA	NA	NA	NA	0	1	0	-	NA	fixed	NA	none	0	False	containment 0.00 < 0.5; only 0/1 enzymes produced a fit; no PTR estimate	BcgI:only 0 windows after outlier trimming	no enzyme produced a usable estimate
SF027.BcgI	GCF_000293035.1	s__Peptoanaerobacter_stomatis	NA	NA	NA	0	NA	NA	NA	0	NA	NA	NA	NA	0	1	0	-	NA	fixed	NA	none	0	False	containment 0.00 < 0.5; only 0/1 enzymes produced a fit; no PTR estimate	BcgI:only 0 windows after outlier trimming	no enzyme produced a usable estimate
SF027.BcgI	GCF_000293155.1	s__Mogibacterium_timidum	NA	NA	NA	0	NA	NA	NA	0	NA	NA	NA	NA	0	1	0	-	NA	fixed	NA	none	0	False	containment 0.00 < 0.5; only 0/1 enzymes produced a fit; no PTR estimate	BcgI:only 0 windows after outlier trimming	no enzyme produced a usable estimate
SF027.BcgI	GCF_000293175.1	s__Capnocytophaga_granulosa	NA	NA	NA	0.002915451895	NA	NA	NA	0	NA	NA	NA	NA	0	1	0	-	NA	fixed	NA	none	0	False	containment 0.00 < 0.5; only 0/1 enzymes produced a fit; no PTR estimate	BcgI:only 2 windows after outlier trimming	no enzyme produced a usable estimate
SF027.BcgI	GCF_000295095.1	s__Actinomyces_timonensis	NA	NA	NA	0	NA	NA	NA	0	NA	NA	NA	NA	0	1	0	-	NA	fixed	NA	none	0	False	containment 0.00 < 0.5; only 0/1 enzymes produced a fit; no PTR estimate	BcgI:only 0 windows after outlier trimming	no enzyme produced a usable estimate
SF027.BcgI	GCF_000296275.1	s__Actinomyces_massiliensis	NA	NA	NA	0	NA	NA	NA	0	NA	NA	NA	NA	0	1	0	-	NA	fixed	NA	none	0	False	containment 0.00 < 0.5; only 0/1 enzymes produced a fit; no PTR estimate	BcgI:only 0 windows after outlier trimming	no enzyme produced a usable estimate
SF027.BcgI	GCF_000296505.1	s__Pauljensenia_turicensis	NA	NA	NA	0	NA	NA	NA	0	NA	NA	NA	NA	0	1	0	-	NA	fixed	NA	none	0	False	containment 0.00 < 0.5; only 0/1 enzymes produced a fit; no PTR estimate	BcgI:only 0 windows after outlier trimming	no enzyme produced a usable estimate
SF027.BcgI	GCF_000296875.1	s__Streptococcus_oralis	NA	NA	NA	0	NA	NA	NA	0	NA	NA	NA	NA	0	1	0	-	NA	fixed	NA	none	0	False	containment 0.00 < 0.5; only 0/1 enzymes produced a fit; no PTR estimate	BcgI:only 0 windows after outlier trimming	no enzyme produced a usable estimate
SF027.BcgI	GCF_000298295.1	s__Cecembia_lonarensis	NA	NA	NA	0	NA	NA	NA	0	NA	NA	NA	NA	0	1	0	-	NA	fixed	NA	none	0	False	containment 0.00 < 0.5; only 0/1 enzymes produced a fit; no PTR estimate	BcgI:only 0 windows after outlier trimming	no enzyme produced a usable estimate
SF027.BcgI	GCF_000299315.2	s__Microbacterium_barkeri	NA	NA	NA	0	NA	NA	NA	0	NA	NA	NA	NA	0	1	0	-	NA	fixed	NA	none	0	False	containment 0.00 < 0.5; only 0/1 enzymes produced a fit; no PTR estimate	BcgI:only 0 windows after outlier trimming	no enzyme produced a usable estimate
SF027.BcgI	GCF_000301735.1	s__Acinetobacter_johnsonii	72.8	NA	0.03076478868	0.004070556309	3.796131721	1.924530053	NA	198	0.9611505225	0.4703030569	1.002753	2.846307106	1	1	1	BcgI	NA	fixed	2131725.816	glm	5	False	fraction 0.03 < 0.75; containment 0.00 < 0.5	-	single enzyme: no cross-enzyme consistency check available
SF027.BcgI	GCF_000308055.1	s__Pauljensenia_sp000308055	99.10185185	47.79095324	0.03871931681	0.02663230241	1.3767649	0.4612822218	NA	770	0.9816911969	0.6355914412	-0.7844541118	1.707018556	1	1	1	BcgI	NA	fixed	281814.48	glm	18	False	fraction 0.04 < 0.75; dispersion 47.79 > 5.0; containment 0.03 < 0.5	-	single enzyme: no cross-enzyme consistency check available
SF027.BcgI	GCF_000312445.1	s__Phocaeicola_abscessus	NA	NA	NA	0	NA	NA	NA	0	NA	NA	NA	NA	0	1	0	-	NA	fixed	NA	none	0	False	containment 0.00 < 0.5; only 0/1 enzymes produced a fit; no PTR estimate	BcgI:only 0 windows after outlier trimming	no enzyme produced a usable estimate
SF027.BcgI	GCF_000314795.2	s__Streptococcus_sp000314795	NA	NA	NA	0.005747126437	NA	NA	NA	0	NA	NA	NA	NA	0	1	0	-	NA	fixed	NA	none	0	False	containment 0.01 < 0.5; only 0/1 enzymes produced a fit; no PTR estimate	BcgI:only 2 windows after outlier trimming	no enzyme produced a usable estimate
SF027.BcgI	GCF_000317125.1	s__Chroococcidiopsis_thermalis	NA	NA	NA	0	NA	NA	NA	0	NA	NA	NA	NA	0	1	0	-	NA	fixed	NA	none	0	False	containment 0.00 < 0.5; only 0/1 enzymes produced a fit; no PTR estimate	BcgI:only 0 windows after outlier trimming	no enzyme produced a usable estimate
SF027.BcgI	GCF_000318095.2	s__F0040_sp000318095	NA	NA	NA	0	NA	NA	NA	0	NA	NA	NA	NA	0	1	0	-	NA	fixed	NA	none	0	False	containment 0.00 < 0.5; only 0/1 enzymes produced a fit; no PTR estimate	BcgI:only 0 windows after outlier trimming	no enzyme produced a usable estimate
SF027.BcgI	GCF_000318175.2	s__Centipeda_sp000318175	NA	NA	NA	0	NA	NA	NA	0	NA	NA	NA	NA	0	1	0	-	NA	fixed	NA	none	0	False	containment 0.00 < 0.5; only 0/1 enzymes produced a fit; no PTR estimate	BcgI:only 0 windows after outlier trimming	no enzyme produced a usable estimate
SF027.BcgI	GCF_000318215.2	s__Porphyromonas_catoniae	NA	NA	NA	0.0008347245409	NA	NA	NA	0	NA	NA	NA	NA	0	1	0	-	NA	fixed	NA	none	0	False	containment 0.00 < 0.5; only 0/1 enzymes produced a fit; no PTR estimate	BcgI:only 1 windows after outlier trimming	no enzyme produced a usable estimate
SF027.BcgI	GCF_000318275.2	s__Capnocytophaga_sp000318275	NA	NA	NA	0.001297016861	NA	NA	NA	0	NA	NA	NA	NA	0	1	0	-	NA	fixed	NA	none	0	False	containment 0.00 < 0.5; only 0/1 enzymes produced a fit; no PTR estimate	BcgI:only 1 windows after outlier trimming	no enzyme produced a usable estimate
SF027.BcgI	GCF_000328265.2	s__Neisseria_meningitidis	NA	NA	NA	0	NA	NA	NA	0	NA	NA	NA	NA	0	1	0	-	NA	fixed	NA	none	0	False	containment 0.00 < 0.5; only 0/1 enzymes produced a fit; no PTR estimate	BcgI:only 0 windows after outlier trimming	no enzyme produced a usable estimate
SF027.BcgI	GCF_000332975.1	s__Gordonia_aichiensis	NA	NA	NA	0	NA	NA	NA	0	NA	NA	NA	NA	0	1	0	-	NA	fixed	NA	none	0	False	containment 0.00 < 0.5; only 0/1 enzymes produced a fit; no PTR estimate	BcgI:only 0 windows after outlier trimming	no enzyme produced a usable estimate
SF027.BcgI	GCF_000338475.1	s__Treponema_B_denticola_A	NA	NA	NA	0	NA	NA	NA	0	NA	NA	NA	NA	0	1	0	-	NA	fixed	NA	none	0	False	containment 0.00 < 0.5; only 0/1 enzymes produced a fit; no PTR estimate	BcgI:only 0 windows after outlier trimming	no enzyme produced a usable estimate
SF027.BcgI	GCF_000344295.2	s__Campylobacter_A_showae_B	NA	NA	NA	0	NA	NA	NA	0	NA	NA	NA	NA	0	1	0	-	NA	fixed	NA	none	0	False	containment 0.00 < 0.5; only 0/1 enzymes produced a fit; no PTR estimate	BcgI:only 0 windows after outlier trimming	no enzyme produced a usable estimate
SF027.BcgI	GCF_000364865.1	s__Pauljensenia_cardiffensis	NA	NA	NA	0	NA	NA	NA	0	NA	NA	NA	NA	0	1	0	-	NA	fixed	NA	none	0	False	containment 0.00 < 0.5; only 0/1 enzymes produced a fit; no PTR estimate	BcgI:only 0 windows after outlier trimming	no enzyme produced a usable estimate
SF027.BcgI	GCF_000368705.1	s__Acinetobacter_soli	NA	NA	NA	0	NA	NA	NA	0	NA	NA	NA	NA	0	1	0	-	NA	fixed	NA	none	0	False	containment 0.00 < 0.5; only 0/1 enzymes produced a fit; no PTR estimate	BcgI:only 0 windows after outlier trimming	no enzyme produced a usable estimate
SF027.BcgI	GCF_000368745.1	s__Acinetobacter_junii	93.10416667	24.86555644	0.0422754004	0.02024647887	2.826614969	1.499075378	NA	499	0.9974758525	0.8673315426	-0.2008632082	3.199013964	1	1	1	BcgI	NA	fixed	1581283.846	glm	12	False	fraction 0.04 < 0.75; dispersion 24.87 > 5.0; containment 0.02 < 0.5	-	single enzyme: no cross-enzyme consistency check available
SF027.BcgI	GCF_000373045.1	s__Leptotrichia_shahii	NA	NA	NA	0	NA	NA	NA	0	NA	NA	NA	NA	0	1	0	-	NA	fixed	NA	none	0	False	containment 0.00 < 0.5; only 0/1 enzymes produced a fit; no PTR estimate	BcgI:only 0 windows after outlier trimming	no enzyme produced a usable estimate
SF027.BcgI	GCF_000381265.1	s__Curvibacter_lanceolatus	NA	NA	NA	0	NA	NA	NA	0	NA	NA	NA	NA	0	1	0	-	NA	fixed	NA	none	0	False	containment 0.00 < 0.5; only 0/1 enzymes produced a fit; no PTR estimate	BcgI:only 0 windows after outlier trimming	no enzyme produced a usable estimate
SF027.BcgI	GCF_000394615.1	s__Enterococcus_A_gilvus	NA	NA	NA	0	NA	NA	NA	0	NA	NA	NA	NA	0	1	0	-	NA	fixed	NA	none	0	False	containment 0.00 < 0.5; only 0/1 enzymes produced a fit; no PTR estimate	BcgI:only 0 windows after outlier trimming	no enzyme produced a usable estimate
SF027.BcgI	GCF_000411555.1	s__Lancefieldella_sp000411555	NA	NA	NA	0	NA	NA	NA	0	NA	NA	NA	NA	0	1	0	-	NA	fixed	NA	none	0	False	containment 0.00 < 0.5; only 0/1 enzymes produced a fit; no PTR estimate	BcgI:only 0 windows after outlier trimming	no enzyme produced a usable estimate
SF027.BcgI	GCF_000412995.1	s__Treponema_vincentii	NA	NA	NA	0	NA	NA	NA	0	NA	NA	NA	NA	0	1	0	-	NA	fixed	NA	none	0	False	containment 0.00 < 0.5; only 0/1 enzymes produced a fit; no PTR estimate	BcgI:only 0 windows after outlier trimming	no enzyme produced a usable estimate
SF027.BcgI	GCF_000413035.1	s__Treponema_medium	NA	NA	NA	0	NA	NA	NA	0	NA	NA	NA	NA	0	1	0	-	NA	fixed	NA	none	0	False	containment 0.00 < 0.5; only 0/1 enzymes produced a fit; no PTR estimate	BcgI:only 0 windows after outlier trimming	no enzyme produced a usable estimate
SF027.BcgI	GCF_000413055.1	s__Treponema_C_maltophilum	NA	NA	NA	0	NA	NA	NA	0	NA	NA	NA	NA	0	1	0	-	NA	fixed	NA	none	0	False	containment 0.00 < 0.5; only 0/1 enzymes produced a fit; no PTR estimate	BcgI:only 0 windows after outlier trimming	no enzyme produced a usable estimate
SF027.BcgI	GCF_000417695.2	s__Chlamydophila_ibidis	NA	NA	NA	0	NA	NA	NA	0	NA	NA	NA	NA	0	1	0	-	NA	fixed	NA	none	0	False	containment 0.00 < 0.5; only 0/1 enzymes produced a fit; no PTR estimate	BcgI:only 0 windows after outlier trimming	no enzyme produced a usable estimate
SF027.BcgI	GCF_000425005.1	s__Bulleidia_moorei	NA	NA	NA	0.004201680672	NA	NA	NA	0	NA	NA	NA	NA	0	1	0	-	NA	fixed	NA	none	0	False	containment 0.00 < 0.5; only 0/1 enzymes produced a fit; no PTR estimate	BcgI:only 2 windows after outlier trimming	no enzyme produced a usable estimate
SF027.BcgI	GCF_000426585.1	s__Prevotella_baroniae	NA	NA	NA	0	NA	NA	NA	0	NA	NA	NA	NA	0	1	0	-	NA	fixed	NA	none	0	False	containment 0.00 < 0.5; only 0/1 enzymes produced a fit; no PTR estimate	BcgI:only 0 windows after outlier trimming	no enzyme produced a usable estimate
SF027.BcgI	GCF_000426665.1	s__Centipeda_artemidis	NA	NA	NA	0	NA	NA	NA	0	NA	NA	NA	NA	0	1	0	-	NA	fixed	NA	none	0	False	containment 0.00 < 0.5; only 0/1 enzymes produced a fit; no PTR estimate	BcgI:only 0 windows after outlier trimming	no enzyme produced a usable estimate
SF027.BcgI	GCF_000428965.1	s__Leptotrichia_hofstadii	NA	NA	NA	0	NA	NA	NA	0	NA	NA	NA	NA	0	1	0	-	NA	fixed	NA	none	0	False	containment 0.00 < 0.5; only 0/1 enzymes produced a fit; no PTR estimate	BcgI:only 0 windows after outlier trimming	no enzyme produced a usable estimate
SF027.BcgI	GCF_000429225.1	s__Actinomyces_dentalis	NA	NA	NA	0	NA	NA	NA	0	NA	NA	NA	NA	0	1	0	-	NA	fixed	NA	none	0	False	containment 0.00 < 0.5; only 0/1 enzymes produced a fit; no PTR estimate	BcgI:only 0 windows after outlier trimming	no enzyme produced a usable estimate
SF027.BcgI	GCF_000429245.1	s__Pauljensenia_georgiae	NA	NA	NA	0	NA	NA	NA	0	NA	NA	NA	NA	0	1	0	-	NA	fixed	NA	none	0	False	containment 0.00 < 0.5; only 0/1 enzymes produced a fit; no PTR estimate	BcgI:only 0 windows after outlier trimming	no enzyme produced a usable estimate
SF027.BcgI	GCF_000429265.1	s__Actinomyces_gerencseriae	NA	NA	NA	0	NA	NA	NA	0	NA	NA	NA	NA	0	1	0	-	NA	fixed	NA	none	0	False	containment 0.00 < 0.5; only 0/1 enzymes produced a fit; no PTR estimate	BcgI:only 0 windows after outlier trimming	no enzyme produced a usable estimate
SF027.BcgI	GCF_000430045.1	s__Calidithermus_chliarophilus	NA	NA	NA	0	NA	NA	NA	0	NA	NA	NA	NA	0	1	0	-	NA	fixed	NA	none	0	False	containment 0.00 < 0.5; only 0/1 enzymes produced a fit; no PTR estimate	BcgI:only 0 windows after outlier trimming	no enzyme produced a usable estimate
SF027.BcgI	GCF_000442155.1	s__Streptococcus_oralis_F	NA	NA	NA	0	NA	NA	NA	0	NA	NA	NA	NA	0	1	0	-	NA	fixed	NA	none	0	False	containment 0.00 < 0.5; only 0/1 enzymes produced a fit; no PTR estimate	BcgI:only 0 windows after outlier trimming	no enzyme produced a usable estimate
SF027.BcgI	GCF_000448565.1	s__Streptococcus_sp000448565	190.5833333	78.41655351	0.07351351351	0.06417112299	12.35864621	3.627448811	NA	162	0.9999999988	1.937936702	-0.1708373285	7.42573495	1	1	1	BcgI	NA	fixed	1506732.04	glm	6	False	fraction 0.07 < 0.75; dispersion 78.42 > 5.0; containment 0.06 < 0.5	-	single enzyme: no cross-enzyme consistency check available
SF027.BcgI	GCF_000455385.1	s__Pseudomonas_F_alcaligenes_A	NA	NA	NA	0	NA	NA	NA	0	NA	NA	NA	NA	0	1	0	-	NA	fixed	NA	none	0	False	containment 0.00 < 0.5; only 0/1 enzymes produced a fit; no PTR estimate	BcgI:only 0 windows after outlier trimming	no enzyme produced a usable estimate
SF027.BcgI	GCF_000464455.1	s__Treponema_D_socranskii	NA	NA	NA	0	NA	NA	NA	0	NA	NA	NA	NA	0	1	0	-	NA	fixed	NA	none	0	False	containment 0.00 < 0.5; only 0/1 enzymes produced a fit; no PTR estimate	BcgI:only 0 windows after outlier trimming	no enzyme produced a usable estimate
SF027.BcgI	GCF_000464495.1	s__Cutibacterium_granulosum	NA	NA	NA	0	NA	NA	NA	0	NA	NA	NA	NA	0	1	0	-	NA	fixed	NA	none	0	False	containment 0.00 < 0.5; only 0/1 enzymes produced a fit; no PTR estimate	BcgI:only 0 windows after outlier trimming	no enzyme produced a usable estimate
SF027.BcgI	GCF_000466165.1	s__Peptidiphaga_sp000466165	NA	NA	NA	0	NA	NA	NA	0	NA	NA	NA	NA	0	1	0	-	NA	fixed	NA	none	0	False	containment 0.00 < 0.5; only 0/1 enzymes produced a fit; no PTR estimate	BcgI:only 0 windows after outlier trimming	no enzyme produced a usable estimate
SF027.BcgI	GCF_000466335.1	s__Aggregatibacter_sp000466335	NA	NA	NA	0.001324503311	NA	NA	NA	0	NA	NA	NA	NA	0	1	0	-	NA	fixed	NA	none	0	False	containment 0.00 < 0.5; only 0/1 enzymes produced a fit; no PTR estimate	BcgI:only 0 windows after outlier trimming	no enzyme produced a usable estimate
SF027.BcgI	GCF_000466425.1	s__Capnocytophaga_sp000466425	NA	NA	NA	0.001388888889	NA	NA	NA	0	NA	NA	NA	NA	0	1	0	-	NA	fixed	NA	none	0	False	containment 0.00 < 0.5; only 0/1 enzymes produced a fit; no PTR estimate	BcgI:only 1 windows after outlier trimming	no enzyme produced a usable estimate
SF027.BcgI	GCF_000466685.1	s__Campylobacter_A_concisus_A	NA	NA	NA	0.002898550725	NA	NA	NA	0	NA	NA	NA	NA	0	1	0	-	NA	fixed	NA	none	0	False	containment 0.00 < 0.5; only 0/1 enzymes produced a fit; no PTR estimate	BcgI:only 1 windows after outlier trimming	no enzyme produced a usable estimate
SF027.BcgI	GCF_000467855.2	s__Porphyromonas_sp000467855	NA	NA	NA	0.0006020469597	NA	NA	NA	0	NA	NA	NA	NA	0	1	0	-	NA	fixed	NA	none	0	False	containment 0.00 < 0.5; only 0/1 enzymes produced a fit; no PTR estimate	BcgI:only 1 windows after outlier trimming	no enzyme produced a usable estimate
SF027.BcgI	GCF_000467875.1	s__Prevotella_disiens	NA	NA	NA	0	NA	NA	NA	0	NA	NA	NA	NA	0	1	0	-	NA	fixed	NA	none	0	False	containment 0.00 < 0.5; only 0/1 enzymes produced a fit; no PTR estimate	BcgI:only 0 windows after outlier trimming	no enzyme produced a usable estimate
SF027.BcgI	GCF_000467895.1	s__Prevotella_sp000467895	NA	NA	NA	0.003802281369	NA	NA	NA	0	NA	NA	NA	NA	0	1	0	-	NA	fixed	NA	none	0	False	containment 0.00 < 0.5; only 0/1 enzymes produced a fit; no PTR estimate	BcgI:only 3 windows after outlier trimming	no enzyme produced a usable estimate
SF027.BcgI	GCF_000468035.1	s__Centipeda_sp000468035	NA	NA	NA	0	NA	NA	NA	0	NA	NA	NA	NA	0	1	0	-	NA	fixed	NA	none	0	False	containment 0.00 < 0.5; only 0/1 enzymes produced a fit; no PTR estimate	BcgI:only 0 windows after outlier trimming	no enzyme produced a usable estimate
SF027.BcgI	GCF_000468055.1	s__Treponema_C_lecithinolyticum	NA	NA	NA	0	NA	NA	NA	0	NA	NA	NA	NA	0	1	0	-	NA	fixed	NA	none	0	False	containment 0.00 < 0.5; only 0/1 enzymes produced a fit; no PTR estimate	BcgI:only 0 windows after outlier trimming	no enzyme produced a usable estimate
SF027.BcgI	GCF_000468755.1	s__Olsenella_profusa	NA	NA	NA	0	NA	NA	NA	0	NA	NA	NA	NA	0	1	0	-	NA	fixed	NA	none	0	False	containment 0.00 < 0.5; only 0/1 enzymes produced a fit; no PTR estimate	BcgI:only 0 windows after outlier trimming	no enzyme produced a usable estimate
SF027.BcgI	GCF_000469385.1	s__Leptotrichia_sp000469385	NA	NA	NA	0	NA	NA	NA	0	NA	NA	NA	NA	0	1	0	-	NA	fixed	NA	none	0	False	containment 0.00 < 0.5; only 0/1 enzymes produced a fit; no PTR estimate	BcgI:only 0 windows after outlier trimming	no enzyme produced a usable estimate
SF027.BcgI	GCF_000469405.1	s__Leptotrichia_wadei	NA	NA	NA	0	NA	NA	NA	0	NA	NA	NA	NA	0	1	0	-	NA	fixed	NA	none	0	False	containment 0.00 < 0.5; only 0/1 enzymes produced a fit; no PTR estimate	BcgI:only 0 windows after outlier trimming	no enzyme produced a usable estimate
SF027.BcgI	GCF_000469505.1	s__Leptotrichia_A_sp000469505	NA	NA	NA	0.02142857143	NA	NA	NA	0	NA	NA	NA	NA	0	1	0	-	NA	fixed	NA	none	0	False	containment 0.02 < 0.5; only 0/1 enzymes produced a fit; no PTR estimate	BcgI:only 3 windows after outlier trimming	no enzyme produced a usable estimate
SF027.BcgI	GCF_000469525.1	s__Leptotrichia_massiliensis	NA	NA	NA	0	NA	NA	NA	0	NA	NA	NA	NA	0	1	0	-	NA	fixed	NA	none	0	False	containment 0.00 < 0.5; only 0/1 enzymes produced a fit; no PTR estimate	BcgI:only 0 windows after outlier trimming	no enzyme produced a usable estimate
SF027.BcgI	GCF_000469545.1	s__Mitsuokella_sp000469545	NA	NA	NA	0	NA	NA	NA	0	NA	NA	NA	NA	0	1	0	-	NA	fixed	NA	none	0	False	containment 0.00 < 0.5; only 0/1 enzymes produced a fit; no PTR estimate	BcgI:only 0 windows after outlier trimming	no enzyme produced a usable estimate
SF027.BcgI	GCF_000477375.1	s__Kingella_kingae	NA	NA	NA	0	NA	NA	NA	0	NA	NA	NA	NA	0	1	0	-	NA	fixed	NA	none	0	False	containment 0.00 < 0.5; only 0/1 enzymes produced a fit; no PTR estimate	BcgI:only 0 windows after outlier trimming	no enzyme produced a usable estimate
SF027.BcgI	GCF_000479205.1	s__Fusobacterium_vincentii	NA	NA	NA	0	NA	NA	NA	0	NA	NA	NA	NA	0	1	0	-	NA	fixed	NA	none	0	False	containment 0.00 < 0.5; only 0/1 enzymes produced a fit; no PTR estimate	BcgI:only 0 windows after outlier trimming	no enzyme produced a usable estimate
SF027.BcgI	GCF_000482505.1	s__Leptotrichia_trevisanii	NA	NA	NA	0	NA	NA	NA	0	NA	NA	NA	NA	0	1	0	-	NA	fixed	NA	none	0	False	containment 0.00 < 0.5; only 0/1 enzymes produced a fit; no PTR estimate	BcgI:only 0 windows after outlier trimming	no enzyme produced a usable estimate
SF027.BcgI	GCF_000485555.1	s__Metamycoplasma_salivarium	NA	NA	NA	0	NA	NA	NA	0	NA	NA	NA	NA	0	1	0	-	NA	fixed	NA	none	0	False	containment 0.00 < 0.5; only 0/1 enzymes produced a fit; no PTR estimate	BcgI:only 0 windows after outlier trimming	no enzyme produced a usable estimate
SF027.BcgI	GCF_000488855.1	s__Eubacterium_M_brachy	NA	NA	NA	0	NA	NA	NA	0	NA	NA	NA	NA	0	1	0	-	NA	fixed	NA	none	0	False	containment 0.00 < 0.5; only 0/1 enzymes produced a fit; no PTR estimate	BcgI:only 0 windows after outlier trimming	no enzyme produced a usable estimate
SF027.BcgI	GCF_000496715.1	s__Cupriavidus_metallidurans	NA	NA	NA	0	NA	NA	NA	0	NA	NA	NA	NA	0	1	0	-	NA	fixed	NA	none	0	False	containment 0.00 < 0.5; only 0/1 enzymes produced a fit; no PTR estimate	BcgI:only 0 windows after outlier trimming	no enzyme produced a usable estimate
SF027.BcgI	GCF_000510425.1	s__Eubacterium_A_nodatum	NA	NA	NA	0	NA	NA	NA	0	NA	NA	NA	NA	0	1	0	-	NA	fixed	NA	none	0	False	containment 0.00 < 0.5; only 0/1 enzymes produced a fit; no PTR estimate	BcgI:only 0 windows after outlier trimming	no enzyme produced a usable estimate
SF027.BcgI	GCF_000512995.1	s__Lachnoanaerobaculum_sp000296385	NA	NA	NA	0	NA	NA	NA	0	NA	NA	NA	NA	0	1	0	-	NA	fixed	NA	none	0	False	containment 0.00 < 0.5; only 0/1 enzymes produced a fit; no PTR estimate	BcgI:only 0 windows after outlier trimming	no enzyme produced a usable estimate
SF027.BcgI	GCF_000521305.1	s__Streptococcus_thermophilus	NA	NA	NA	0.02068965517	NA	NA	NA	0	NA	NA	NA	NA	0	1	0	-	NA	fixed	NA	none	0	False	containment 0.02 < 0.5; only 0/1 enzymes produced a fit; no PTR estimate	BcgI:only 4 windows after outlier trimming	no enzyme produced a usable estimate
SF027.BcgI	GCF_000526055.1	s__Eubacterium_B_sulci	NA	NA	NA	0.001779359431	NA	NA	NA	0	NA	NA	NA	NA	0	1	0	-	NA	fixed	NA	none	0	False	containment 0.00 < 0.5; only 0/1 enzymes produced a fit; no PTR estimate	BcgI:only 1 windows after outlier trimming	no enzyme produced a usable estimate
SF027.BcgI	GCF_000526095.1	s__Streptococcus_halitosis	NA	NA	NA	0.05	NA	NA	NA	0	NA	NA	NA	NA	0	1	0	-	NA	fixed	NA	none	0	False	containment 0.05 < 0.5; only 0/1 enzymes produced a fit; no PTR estimate	BcgI:only 3 windows after outlier trimming	no enzyme produced a usable estimate
SF027.BcgI	GCF_000565035.1	s__Pauljensenia_sp001072465	95.73076874	25.3742955	0.0875821925	0.01555209953	3.074862517	1.620521906	NA	363	0.9953990368	1.380472123	-1.085153736	4.326197548	1	1	1	BcgI	NA	fixed	33164.42611	glm	13	False	fraction 0.09 < 0.75; dispersion 25.37 > 5.0; containment 0.02 < 0.5	-	single enzyme: no cross-enzyme consistency check available
SF027.BcgI	GCF_000577555.1	s__Corynebacterium_jeddahense	NA	NA	NA	0	NA	NA	NA	0	NA	NA	NA	NA	0	1	0	-	NA	fixed	NA	none	0	False	containment 0.00 < 0.5; only 0/1 enzymes produced a fit; no PTR estimate	BcgI:only 0 windows after outlier trimming	no enzyme produced a usable estimate
SF027.BcgI	GCF_000599605.1	s__Prevotella_sp000599605	98.68181818	87.72890052	0.1012621084	0.01109660574	6.447467433	2.688732581	NA	505	0.9990989242	1.811771953	-0.8622751956	6.239740357	1	1	1	BcgI	NA	fixed	2141906.556	glm	11	False	fraction 0.10 < 0.75; dispersion 87.73 > 5.0; containment 0.01 < 0.5	-	single enzyme: no cross-enzyme consistency check available
SF027.BcgI	GCF_000607165.1	s__Ralstonia_pickettii_A	NA	NA	NA	0	NA	NA	NA	0	NA	NA	NA	NA	0	1	0	-	NA	fixed	NA	none	0	False	containment 0.00 < 0.5; only 0/1 enzymes produced a fit; no PTR estimate	BcgI:only 0 windows after outlier trimming	no enzyme produced a usable estimate
SF027.BcgI	GCF_000613445.1	s__Prevotella_shahii	NA	NA	NA	0	NA	NA	NA	0	NA	NA	NA	NA	0	1	0	-	NA	fixed	NA	none	0	False	containment 0.00 < 0.5; only 0/1 enzymes produced a fit; no PTR estimate	BcgI:only 0 windows after outlier trimming	no enzyme produced a usable estimate
SF027.BcgI	GCF_000613485.1	s__Prevotella_loescheii	NA	NA	NA	0	NA	NA	NA	0	NA	NA	NA	NA	0	1	0	-	NA	fixed	NA	none	0	False	containment 0.00 < 0.5; only 0/1 enzymes produced a fit; no PTR estimate	BcgI:only 0 windows after outlier trimming	no enzyme produced a usable estimate
SF027.BcgI	GCF_000613625.1	s__Prevotella_marshii	NA	NA	NA	0	NA	NA	NA	0	NA	NA	NA	NA	0	1	0	-	NA	fixed	NA	none	0	False	containment 0.00 < 0.5; only 0/1 enzymes produced a fit; no PTR estimate	BcgI:only 0 windows after outlier trimming	no enzyme produced a usable estimate
SF027.BcgI	GCF_000613725.1	s__Prevotella_pleuritidis	NA	NA	NA	0	NA	NA	NA	0	NA	NA	NA	NA	0	1	0	-	NA	fixed	NA	none	0	False	containment 0.00 < 0.5; only 0/1 enzymes produced a fit; no PTR estimate	BcgI:only 0 windows after outlier trimming	no enzyme produced a usable estimate
SF027.BcgI	GCF_000613785.1	s__Prevotella_oulorum	NA	NA	NA	0.002807411567	NA	NA	NA	0	NA	NA	NA	NA	0	1	0	-	NA	fixed	NA	none	0	False	containment 0.00 < 0.5; only 0/1 enzymes produced a fit; no PTR estimate	BcgI:only 4 windows after outlier trimming	no enzyme produced a usable estimate
SF027.BcgI	GCF_000613925.1	s__Prevotella_histicola	168.6518929	193.4805745	0.2691128073	0.2179487179	2135587.48	21.02620157	NA	741	1	0.690963724	19.67193755	22.38046558	1	1	1	BcgI	NA	fixed	1453258.817	glm	31	False	fraction 0.27 < 0.75; dispersion 193.48 > 5.0; containment 0.22 < 0.5	-	single enzyme: no cross-enzyme consistency check available
SF027.BcgI	GCF_000613945.1	s__Prevotella_falsenii	NA	NA	NA	0	NA	NA	NA	0	NA	NA	NA	NA	0	1	0	-	NA	fixed	NA	none	0	False	containment 0.00 < 0.5; only 0/1 enzymes produced a fit; no PTR estimate	BcgI:only 0 windows after outlier trimming	no enzyme produced a usable estimate
SF027.BcgI	GCF_000613965.1	s__Prevotella_maculosa	NA	NA	NA	0.0008547008547	NA	NA	NA	0	NA	NA	NA	NA	0	1	0	-	NA	fixed	NA	none	0	False	containment 0.00 < 0.5; only 0/1 enzymes produced a fit; no PTR estimate	BcgI:only 2 windows after outlier trimming	no enzyme produced a usable estimate
SF027.BcgI	GCF_000613985.1	s__Prevotella_nanceiensis	111.0631258	52.58099369	0.1257416976	0.1227402474	1.780177444	0.8320210525	NA	1020	0.9993655665	0.630714309	-0.4041562777	2.068198383	1	1	1	BcgI	NA	fixed	1416321.085	glm	26	False	fraction 0.13 < 0.75; dispersion 52.58 > 5.0; containment 0.12 < 0.5	-	single enzyme: no cross-enzyme consistency check available
SF027.BcgI	GCF_000614025.1	s__Prevotella_aurantiaca	NA	NA	NA	0.001654259719	NA	NA	NA	0	NA	NA	NA	NA	0	1	0	-	NA	fixed	NA	none	0	False	containment 0.00 < 0.5; only 0/1 enzymes produced a fit; no PTR estimate	BcgI:only 1 windows after outlier trimming	no enzyme produced a usable estimate
SF027.BcgI	GCF_000614205.1	s__Prevotella_saccharolytica	NA	NA	NA	0	NA	NA	NA	0	NA	NA	NA	NA	0	1	0	-	NA	fixed	NA	none	0	False	containment 0.00 < 0.5; only 0/1 enzymes produced a fit; no PTR estimate	BcgI:only 0 windows after outlier trimming	no enzyme produced a usable estimate
SF027.BcgI	GCF_000614245.1	s__Prevotella_fusca	NA	NA	NA	0	NA	NA	NA	0	NA	NA	NA	NA	0	1	0	-	NA	fixed	NA	none	0	False	containment 0.00 < 0.5; only 0/1 enzymes produced a fit; no PTR estimate	BcgI:only 0 windows after outlier trimming	no enzyme produced a usable estimate
SF027.BcgI	GCF_000620465.1	s__Ralstonia_sp000620465	NA	NA	NA	0	NA	NA	NA	0	NA	NA	NA	NA	0	1	0	-	NA	fixed	NA	none	0	False	containment 0.00 < 0.5; only 0/1 enzymes produced a fit; no PTR estimate	BcgI:only 0 windows after outlier trimming	no enzyme produced a usable estimate
SF027.BcgI	GCF_000633415.1	s__Leucobacter_sp000633415	NA	NA	NA	0.0002086811352	NA	NA	NA	0	NA	NA	NA	NA	0	1	0	-	NA	fixed	NA	none	0	False	containment 0.00 < 0.5; only 0/1 enzymes produced a fit; no PTR estimate	BcgI:only 1 windows after outlier trimming	no enzyme produced a usable estimate
SF027.BcgI	GCF_000699745.1	s__Parabacteroides_distasonis	NA	NA	NA	0	NA	NA	NA	0	NA	NA	NA	NA	0	1	0	-	NA	fixed	NA	none	0	False	containment 0.00 < 0.5; only 0/1 enzymes produced a fit; no PTR estimate	BcgI:only 0 windows after outlier trimming	no enzyme produced a usable estimate
SF027.BcgI	GCF_000711965.1	s__Actinomyces_israelii	NA	NA	NA	0.0002825656965	NA	NA	NA	0	NA	NA	NA	NA	0	1	0	-	NA	fixed	NA	none	0	False	containment 0.00 < 0.5; only 0/1 enzymes produced a fit; no PTR estimate	BcgI:only 1 windows after outlier trimming	no enzyme produced a usable estimate
SF027.BcgI	GCF_000722685.1	s__Streptococcus_mitis_M	NA	NA	NA	0	NA	NA	NA	0	NA	NA	NA	NA	0	1	0	-	NA	fixed	NA	none	0	False	containment 0.00 < 0.5; only 0/1 enzymes produced a fit; no PTR estimate	BcgI:only 0 windows after outlier trimming	no enzyme produced a usable estimate
SF027.BcgI	GCF_000722705.1	s__Streptococcus_mitis_P	NA	NA	NA	0	NA	NA	NA	0	NA	NA	NA	NA	0	1	0	-	NA	fixed	NA	none	0	False	containment 0.00 < 0.5; only 0/1 enzymes produced a fit; no PTR estimate	BcgI:only 0 windows after outlier trimming	no enzyme produced a usable estimate
SF027.BcgI	GCF_000722755.1	s__Streptococcus_mitis_BE	NA	NA	NA	0	NA	NA	NA	0	NA	NA	NA	NA	0	1	0	-	NA	fixed	NA	none	0	False	containment 0.00 < 0.5; only 0/1 enzymes produced a fit; no PTR estimate	BcgI:only 0 windows after outlier trimming	no enzyme produced a usable estimate
SF027.BcgI	GCF_000722775.1	s__Streptococcus_mitis_AV	NA	NA	NA	0	NA	NA	NA	0	NA	NA	NA	NA	0	1	0	-	NA	fixed	NA	none	0	False	containment 0.00 < 0.5; only 0/1 enzymes produced a fit; no PTR estimate	BcgI:only 0 windows after outlier trimming	no enzyme produced a usable estimate
SF027.BcgI	GCF_000722815.1	s__Streptococcus_chosunense	NA	NA	NA	0	NA	NA	NA	0	NA	NA	NA	NA	0	1	0	-	NA	fixed	NA	none	0	False	containment 0.00 < 0.5; only 0/1 enzymes produced a fit; no PTR estimate	BcgI:only 0 windows after outlier trimming	no enzyme produced a usable estimate
SF027.BcgI	GCF_000722835.1	s__Streptococcus_mitis	NA	NA	NA	0.01408450704	NA	NA	NA	0	NA	NA	NA	NA	0	1	0	-	NA	fixed	NA	none	0	False	containment 0.01 < 0.5; only 0/1 enzymes produced a fit; no PTR estimate	BcgI:only 0 windows after outlier trimming	no enzyme produced a usable estimate
SF027.BcgI	GCF_000722845.1	s__Streptococcus_oralis_BC	NA	NA	NA	0.04	NA	NA	NA	0	NA	NA	NA	NA	0	1	0	-	NA	fixed	NA	none	0	False	containment 0.04 < 0.5; only 0/1 enzymes produced a fit; no PTR estimate	BcgI:only 2 windows after outlier trimming	no enzyme produced a usable estimate
SF027.BcgI	GCF_000740795.1	s__Haematobacter_massiliensis	NA	NA	NA	0	NA	NA	NA	0	NA	NA	NA	NA	0	1	0	-	NA	fixed	NA	none	0	False	containment 0.00 < 0.5; only 0/1 enzymes produced a fit; no PTR estimate	BcgI:only 0 windows after outlier trimming	no enzyme produced a usable estimate
SF027.BcgI	GCF_000745955.1	s__Alysiella_crassa	NA	NA	NA	0	NA	NA	NA	0	NA	NA	NA	NA	0	1	0	-	NA	fixed	NA	none	0	False	containment 0.00 < 0.5; only 0/1 enzymes produced a fit; no PTR estimate	BcgI:only 0 windows after outlier trimming	no enzyme produced a usable estimate
SF027.BcgI	GCF_000751855.1	s__Kingella_negevensis	NA	NA	NA	0	NA	NA	NA	0	NA	NA	NA	NA	0	1	0	-	NA	fixed	NA	none	0	False	containment 0.00 < 0.5; only 0/1 enzymes produced a fit; no PTR estimate	BcgI:only 0 windows after outlier trimming	no enzyme produced a usable estimate
SF027.BcgI	GCF_000758755.1	s__Pauljensenia_sp000758755	79.36904762	16.756865	0.03369724072	0.01842948718	1.657957205	0.7294067684	NA	669	0.9895417769	0.627153098	-0.4997907166	1.958604253	1	1	1	BcgI	NA	fixed	1916348.589	glm	14	False	fraction 0.03 < 0.75; dispersion 16.76 > 5.0; containment 0.02 < 0.5	-	single enzyme: no cross-enzyme consistency check available
SF027.BcgI	GCF_000758925.1	s__Prevotella_sp000758925	NA	NA	NA	0	NA	NA	NA	0	NA	NA	NA	NA	0	1	0	-	NA	fixed	NA	none	0	False	containment 0.00 < 0.5; only 0/1 enzymes produced a fit; no PTR estimate	BcgI:only 0 windows after outlier trimming	no enzyme produced a usable estimate
SF027.BcgI	GCF_000758945.1	s__Lancefieldella_sp000564995	103.7777778	8.446616541	0.1703214215	0.021875	2.044763972	1.031934322	NA	181	0.9937098343	0.6583805692	-0.2584678819	2.322336526	1	1	1	BcgI	NA	fixed	1392731.725	glm	9	False	fraction 0.17 < 0.75; dispersion 8.45 > 5.0; containment 0.02 < 0.5	-	single enzyme: no cross-enzyme consistency check available
SF027.BcgI	GCF_000759045.1	s__Prevotella_bivia	NA	NA	NA	0	NA	NA	NA	0	NA	NA	NA	NA	0	1	0	-	NA	fixed	NA	none	0	False	containment 0.00 < 0.5; only 0/1 enzymes produced a fit; no PTR estimate	BcgI:only 0 windows after outlier trimming	no enzyme produced a usable estimate
SF027.BcgI	GCF_000759305.1	s__Prevotella_melaninogenica	77.36363636	NA	0.446969697	0.01494565217	2.971188966	1.571040363	NA	38	0.9936904198	0.7736191586	0.05477467407	3.087306051	1	1	1	BcgI	NA	fixed	920215.1564	glm	11	False	fraction 0.45 < 0.75; containment 0.01 < 0.5	-	single enzyme: no cross-enzyme consistency check available
SF027.BcgI	GCF_000759315.1	s__Prevotella_amnii	NA	NA	NA	0	NA	NA	NA	0	NA	NA	NA	NA	0	1	0	-	NA	fixed	NA	none	0	False	containment 0.00 < 0.5; only 0/1 enzymes produced a fit; no PTR estimate	BcgI:only 0 windows after outlier trimming	no enzyme produced a usable estimate
SF027.BcgI	GCF_000762865.1	s__Prevotella_sp001553265	NA	NA	NA	0	NA	NA	NA	0	NA	NA	NA	NA	0	1	0	-	NA	fixed	NA	none	0	False	containment 0.00 < 0.5; only 0/1 enzymes produced a fit; no PTR estimate	BcgI:only 0 windows after outlier trimming	no enzyme produced a usable estimate
SF027.BcgI	GCF_000763805.1	s__Paracoccus_sphaerophysae	NA	NA	NA	0.0002745744097	NA	NA	NA	0	NA	NA	NA	NA	0	1	0	-	NA	fixed	NA	none	0	False	containment 0.00 < 0.5; only 0/1 enzymes produced a fit; no PTR estimate	BcgI:only 0 windows after outlier trimming	no enzyme produced a usable estimate
SF027.BcgI	GCF_000768875.1	s__Porphyromonas_sp000768875	NA	NA	NA	0	NA	NA	NA	0	NA	NA	NA	NA	0	1	0	-	NA	fixed	NA	none	0	False	containment 0.00 < 0.5; only 0/1 enzymes produced a fit; no PTR estimate	BcgI:only 0 windows after outlier trimming	no enzyme produced a usable estimate
SF027.BcgI	GCF_000768935.1	s__Porphyromonas_sp000769075	NA	NA	NA	0.0005336179296	NA	NA	NA	0	NA	NA	NA	NA	0	1	0	-	NA	fixed	NA	none	0	False	containment 0.00 < 0.5; only 0/1 enzymes produced a fit; no PTR estimate	BcgI:only 1 windows after outlier trimming	no enzyme produced a usable estimate
SF027.BcgI	GCF_000769015.1	s__Porphyromonas_gulae	NA	NA	NA	0	NA	NA	NA	0	NA	NA	NA	NA	0	1	0	-	NA	fixed	NA	none	0	False	containment 0.00 < 0.5; only 0/1 enzymes produced a fit; no PTR estimate	BcgI:only 0 windows after outlier trimming	no enzyme produced a usable estimate
SF027.BcgI	GCF_000771955.1	s__Gallibacterium_anatis	NA	NA	NA	0	NA	NA	NA	0	NA	NA	NA	NA	0	1	0	-	NA	fixed	NA	none	0	False	containment 0.00 < 0.5; only 0/1 enzymes produced a fit; no PTR estimate	BcgI:only 0 windows after outlier trimming	no enzyme produced a usable estimate
SF027.BcgI	GCF_000775995.1	s__Treponema_sp000775995	NA	NA	NA	0	NA	NA	NA	0	NA	NA	NA	NA	0	1	0	-	NA	fixed	NA	none	0	False	containment 0.00 < 0.5; only 0/1 enzymes produced a fit; no PTR estimate	BcgI:only 0 windows after outlier trimming	no enzyme produced a usable estimate
SF027.BcgI	GCF_000790885.1	s__Pseudomonas_aeruginosa	NA	NA	NA	0.0001463271876	NA	NA	NA	0	NA	NA	NA	NA	0	1	0	-	NA	fixed	NA	none	0	False	containment 0.00 < 0.5; only 0/1 enzymes produced a fit; no PTR estimate	BcgI:only 1 windows after outlier trimming	no enzyme produced a usable estimate
SF027.BcgI	GCF_000799055.1	s__Ensifer_sp000799055	NA	NA	NA	9.048954846e-05	NA	NA	NA	0	NA	NA	NA	NA	0	1	0	-	NA	fixed	NA	none	0	False	containment 0.00 < 0.5; only 0/1 enzymes produced a fit; no PTR estimate	BcgI:only 0 windows after outlier trimming	no enzyme produced a usable estimate
SF027.BcgI	GCF_000801955.1	s__Ralstonia_sp000801955	NA	NA	NA	0	NA	NA	NA	0	NA	NA	NA	NA	0	1	0	-	NA	fixed	NA	none	0	False	containment 0.00 < 0.5; only 0/1 enzymes produced a fit; no PTR estimate	BcgI:only 0 windows after outlier trimming	no enzyme produced a usable estimate
SF027.BcgI	GCF_000803625.1	s__TM7x_sp000803625	NA	NA	NA	0	NA	NA	NA	0	NA	NA	NA	NA	0	1	0	-	NA	fixed	NA	none	0	False	containment 0.00 < 0.5; only 0/1 enzymes produced a fit; no PTR estimate	BcgI:only 0 windows after outlier trimming	no enzyme produced a usable estimate
SF027.BcgI	GCF_000813705.1	s__Neisseria_cerebrosa	NA	NA	NA	0.02431610942	NA	NA	NA	0	NA	NA	NA	NA	0	1	0	-	NA	fixed	NA	none	0	False	containment 0.02 < 0.5; only 0/1 enzymes produced a fit; no PTR estimate	BcgI:only 24 anchors (< 30)	no enzyme produced a usable estimate
SF027.BcgI	GCF_000814825.1	s__DNF00809_sp000814825	NA	NA	NA	0	NA	NA	NA	0	NA	NA	NA	NA	0	1	0	-	NA	fixed	NA	none	0	False	containment 0.00 < 0.5; only 0/1 enzymes produced a fit; no PTR estimate	BcgI:only 0 windows after outlier trimming	no enzyme produced a usable estimate
SF027.BcgI	GCF_000818035.1	s__Neisseria_elongata	378.9765233	709.3274795	0.1738953981	0.1686298822	1.398356205e+21	70.2442219	NA	1485	0.9998705511	0.5646943105	69.13744139	71.35100241	1	1	1	BcgI	NA	fixed	107702.2433	glm	23	False	fraction 0.17 < 0.75; dispersion 709.33 > 5.0; containment 0.17 < 0.5	-	single enzyme: no cross-enzyme consistency check available
SF027.BcgI	GCF_000820725.1	s__Pauljensenia_polynesiensis	NA	NA	NA	0	NA	NA	NA	0	NA	NA	NA	NA	0	1	0	-	NA	fixed	NA	none	0	False	containment 0.00 < 0.5; only 0/1 enzymes produced a fit; no PTR estimate	BcgI:only 0 windows after outlier trimming	no enzyme produced a usable estimate
SF027.BcgI	GCF_000827595.2	s__Necropsobacter_massiliensis	NA	NA	NA	0	NA	NA	NA	0	NA	NA	NA	NA	0	1	0	-	NA	fixed	NA	none	0	False	containment 0.00 < 0.5; only 0/1 enzymes produced a fit; no PTR estimate	BcgI:only 0 windows after outlier trimming	no enzyme produced a usable estimate
SF027.BcgI	GCF_000935585.1	s__Acidovorax_temperans	NA	NA	NA	0.0007612281147	NA	NA	NA	0	NA	NA	NA	NA	0	1	0	-	NA	fixed	NA	none	0	False	containment 0.00 < 0.5; only 0/1 enzymes produced a fit; no PTR estimate	BcgI:only 0 windows after outlier trimming	no enzyme produced a usable estimate
SF027.BcgI	GCF_000952155.1	s__Aliterella_atlantica	NA	NA	NA	0	NA	NA	NA	0	NA	NA	NA	NA	0	1	0	-	NA	fixed	NA	none	0	False	containment 0.00 < 0.5; only 0/1 enzymes produced a fit; no PTR estimate	BcgI:only 0 windows after outlier trimming	no enzyme produced a usable estimate
SF027.BcgI	GCF_000954135.1	s__Ralstonia_mannitolilytica	NA	NA	NA	0.000169865806	NA	NA	NA	0	NA	NA	NA	NA	0	1	0	-	NA	fixed	NA	none	0	False	containment 0.00 < 0.5; only 0/1 enzymes produced a fit; no PTR estimate	BcgI:only 1 windows after outlier trimming	no enzyme produced a usable estimate
SF027.BcgI	GCF_000959945.1	s__Streptococcus_oralis_B	NA	NA	NA	0	NA	NA	NA	0	NA	NA	NA	NA	0	1	0	-	NA	fixed	NA	none	0	False	containment 0.00 < 0.5; only 0/1 enzymes produced a fit; no PTR estimate	BcgI:only 0 windows after outlier trimming	no enzyme produced a usable estimate
SF027.BcgI	GCF_000960085.1	s__Streptococcus_infantis_C	NA	NA	NA	0.02205882353	NA	NA	NA	0	NA	NA	NA	NA	0	1	0	-	NA	fixed	NA	none	0	False	containment 0.02 < 0.5; only 0/1 enzymes produced a fit; no PTR estimate	BcgI:only 3 windows after outlier trimming	no enzyme produced a usable estimate
SF027.BcgI	GCF_000963255.1	s__Streptococcus_infantis_F	NA	NA	NA	0.006535947712	NA	NA	NA	0	NA	NA	NA	NA	0	1	0	-	NA	fixed	NA	none	0	False	containment 0.01 < 0.5; only 0/1 enzymes produced a fit; no PTR estimate	BcgI:only 1 windows after outlier trimming	no enzyme produced a usable estimate
SF027.BcgI	GCF_000963285.1	s__Streptococcus_parasanguinis	113.875	126.0224523	0.1377029915	0.04074074074	18.42698367	4.203748029	NA	108	0.9994155569	2.092919902	0.1017003992	8.305795659	1	1	1	BcgI	NA	fixed	1991378.504	glm	8	False	fraction 0.14 < 0.75; dispersion 126.02 > 5.0; containment 0.04 < 0.5	-	single enzyme: no cross-enzyme consistency check available
SF027.BcgI	GCF_000967735.1	s__Paracoccus_marcusii	NA	NA	NA	0	NA	NA	NA	0	NA	NA	NA	NA	0	1	0	-	NA	fixed	NA	none	0	False	containment 0.00 < 0.5; only 0/1 enzymes produced a fit; no PTR estimate	BcgI:only 0 windows after outlier trimming	no enzyme produced a usable estimate
SF027.BcgI	GCF_000971865.1	s__Corynebacterium_argentoratense	NA	NA	NA	0	NA	NA	NA	0	NA	NA	NA	NA	0	1	0	-	NA	fixed	NA	none	0	False	containment 0.00 < 0.5; only 0/1 enzymes produced a fit; no PTR estimate	BcgI:only 0 windows after outlier trimming	no enzyme produced a usable estimate
SF027.BcgI	GCF_000974605.1	s__Cupriavidus_pauculus	NA	NA	NA	0	NA	NA	NA	0	NA	NA	NA	NA	0	1	0	-	NA	fixed	NA	none	0	False	containment 0.00 < 0.5; only 0/1 enzymes produced a fit; no PTR estimate	BcgI:only 0 windows after outlier trimming	no enzyme produced a usable estimate
SF027.BcgI	GCF_000986865.1	s__Pararheinheimera_mesophila	NA	NA	NA	0	NA	NA	NA	0	NA	NA	NA	NA	0	1	0	-	NA	fixed	NA	none	0	False	containment 0.00 < 0.5; only 0/1 enzymes produced a fit; no PTR estimate	BcgI:only 0 windows after outlier trimming	no enzyme produced a usable estimate
SF027.BcgI	GCF_001014975.1	s__Novosphingobium_sp002336885	NA	NA	NA	0	NA	NA	NA	0	NA	NA	NA	NA	0	1	0	-	NA	fixed	NA	none	0	False	containment 0.00 < 0.5; only 0/1 enzymes produced a fit; no PTR estimate	BcgI:only 0 windows after outlier trimming	no enzyme produced a usable estimate
SF027.BcgI	GCF_001042695.1	s__Scardovia_inopinata	NA	NA	NA	0.001453488372	NA	NA	NA	0	NA	NA	NA	NA	0	1	0	-	NA	fixed	NA	none	0	False	containment 0.00 < 0.5; only 0/1 enzymes produced a fit; no PTR estimate	BcgI:only 0 windows after outlier trimming	no enzyme produced a usable estimate
SF027.BcgI	GCF_001053035.1	s__Haemophilus_D_parainfluenzae_J	NA	NA	NA	0.008595988539	NA	NA	NA	0	NA	NA	NA	NA	0	1	0	-	NA	fixed	NA	none	0	False	containment 0.01 < 0.5; only 0/1 enzymes produced a fit; no PTR estimate	BcgI:only 3 windows after outlier trimming	no enzyme produced a usable estimate
SF027.BcgI	GCF_001058575.1	s__Haemophilus_D_parainfluenzae_N	170.3333333	14.03508772	0.08371696505	0.03829787234	1.947871812	0.9618987375	NA	96	0.9770996542	1.546598881	-2.069379367	3.993176842	1	1	1	BcgI	NA	fixed	1221420.131	glm	6	False	fraction 0.08 < 0.75; dispersion 14.04 > 5.0; containment 0.04 < 0.5	-	single enzyme: no cross-enzyme consistency check available
SF027.BcgI	GCF_001059215.1	s__Alloscardovia_omnicolens	NA	NA	NA	0	NA	NA	NA	0	NA	NA	NA	NA	0	1	0	-	NA	fixed	NA	none	0	False	containment 0.00 < 0.5; only 0/1 enzymes produced a fit; no PTR estimate	BcgI:only 0 windows after outlier trimming	no enzyme produced a usable estimate
SF027.BcgI	GCF_001059235.1	s__Pauljensenia_sp000411415	89.29166667	7.11637931	0.04231346615	0.006428988895	6.784331644	2.762206696	NA	272	0.997624435	1.233727803	0.3441446351	5.180268757	1	1	1	BcgI	NA	fixed	233286.185	glm	8	False	fraction 0.04 < 0.75; dispersion 7.12 > 5.0; containment 0.01 < 0.5	-	single enzyme: no cross-enzyme consistency check available
SF027.BcgI	GCF_001059565.1	s__Corynebacterium_aurimucosum_E	NA	NA	NA	0	NA	NA	NA	0	NA	NA	NA	NA	0	1	0	-	NA	fixed	NA	none	0	False	containment 0.00 < 0.5; only 0/1 enzymes produced a fit; no PTR estimate	BcgI:only 0 windows after outlier trimming	no enzyme produced a usable estimate
SF027.BcgI	GCF_001061215.1	s__Neisseria_sp000186165	200.546559	288.6274223	0.1528289146	0.05979073244	2.842280077	1.507048724	NA	444	0.9994021916	1.051436986	-0.5537298996	3.567827348	1	1	1	BcgI	NA	fixed	1350482.311	glm	25	False	fraction 0.15 < 0.75; dispersion 288.63 > 5.0; containment 0.06 < 0.5	-	single enzyme: no cross-enzyme consistency check available
SF027.BcgI	GCF_001062425.1	s__Rothia_dentocariosa	109.7358974	75.26814084	0.08377224804	0.05643340858	1.3303919	0.4118512898	NA	1451	0.991909488	0.5121481135	-0.5919405673	1.415643147	1	1	1	BcgI	NA	fixed	2197595.937	glm	39	False	fraction 0.08 < 0.75; dispersion 75.27 > 5.0; containment 0.06 < 0.5	-	single enzyme: no cross-enzyme consistency check available
SF027.BcgI	GCF_001063545.1	s__Rothia_sp001808955	150.6111111	215.0270853	0.05583180393	0.02868852459	4.139232501	2.049363287	NA	517	0.9999999823	1.037750239	0.01541019393	4.08331638	1	1	1	BcgI	NA	fixed	2158439.383	glm	15	False	fraction 0.06 < 0.75; dispersion 215.03 > 5.0; containment 0.03 < 0.5	-	single enzyme: no cross-enzyme consistency check available
SF027.BcgI	GCF_001063785.1	s__Cardiobacterium_hominis	NA	NA	NA	0.0003617945007	NA	NA	NA	0	NA	NA	NA	NA	0	1	0	-	NA	fixed	NA	none	0	False	containment 0.00 < 0.5; only 0/1 enzymes produced a fit; no PTR estimate	BcgI:only 0 windows after outlier trimming	no enzyme produced a usable estimate
SF027.BcgI	GCF_001064145.1	s__Pauljensenia_sp001064145	152.0715114	495.4461142	0.04437169312	0.01110425663	11.7548987	3.555190202	NA	432	0.9999908404	2.275356212	-0.9044260254	8.014806429	1	1	1	BcgI	NA	fixed	2109634.017	glm	10	False	fraction 0.04 < 0.75; dispersion 495.45 > 5.0; containment 0.01 < 0.5	-	single enzyme: no cross-enzyme consistency check available
SF027.BcgI	GCF_001064185.1	s__Pauljensenia_sp000185285	134.3997776	NA	0.2188116964	0.002464065708	15.35802347	3.940920653	NA	228	0.9983856843	2.441620087	-0.8445667822	8.726408088	1	1	1	BcgI	NA	fixed	1886219.687	glm	5	False	fraction 0.22 < 0.75; containment 0.00 < 0.5	-	single enzyme: no cross-enzyme consistency check available
SF027.BcgI	GCF_001065135.1	s__Rothia_mucilaginosa_A	99.74933333	46.73125311	0.07789168975	0.04458598726	2.702357702	1.434218652	NA	1099	0.9991124391	0.5023933606	0.449545759	2.418891545	1	1	1	BcgI	NA	fixed	553118.545	glm	25	False	fraction 0.08 < 0.75; dispersion 46.73 > 5.0; containment 0.04 < 0.5	-	single enzyme: no cross-enzyme consistency check available
SF027.BcgI	GCF_001066565.1	s__Lacticaseibacillus_paracasei	NA	NA	NA	0.002393776182	NA	NA	NA	0	NA	NA	NA	NA	0	1	0	-	NA	fixed	NA	none	0	False	containment 0.00 < 0.5; only 0/1 enzymes produced a fit; no PTR estimate	BcgI:only 2 windows after outlier trimming	no enzyme produced a usable estimate
SF027.BcgI	GCF_001067635.1	s__Neisseria_bacilliformis	NA	NA	NA	0.002013422819	NA	NA	NA	0	NA	NA	NA	NA	0	1	0	-	NA	fixed	NA	none	0	False	containment 0.00 < 0.5; only 0/1 enzymes produced a fit; no PTR estimate	BcgI:only 0 windows after outlier trimming	no enzyme produced a usable estimate
SF027.BcgI	GCF_001068775.1	s__Streptococcus_pseudopneumoniae_N	NA	NA	NA	0	NA	NA	NA	0	NA	NA	NA	NA	0	1	0	-	NA	fixed	NA	none	0	False	containment 0.00 < 0.5; only 0/1 enzymes produced a fit; no PTR estimate	BcgI:only 0 windows after outlier trimming	no enzyme produced a usable estimate
SF027.BcgI	GCF_001069025.1	s__Streptococcus_vestibularis	NA	NA	NA	0.01748251748	NA	NA	NA	0	NA	NA	NA	NA	0	1	0	-	NA	fixed	NA	none	0	False	containment 0.02 < 0.5; only 0/1 enzymes produced a fit; no PTR estimate	BcgI:only 4 windows after outlier trimming	no enzyme produced a usable estimate
SF027.BcgI	GCF_001069775.1	s__Streptococcus_cristatus	NA	NA	NA	0	NA	NA	NA	0	NA	NA	NA	NA	0	1	0	-	NA	fixed	NA	none	0	False	containment 0.00 < 0.5; only 0/1 enzymes produced a fit; no PTR estimate	BcgI:only 0 windows after outlier trimming	no enzyme produced a usable estimate
SF027.BcgI	GCF_001070115.1	s__Streptococcus_anginosus	78.4	16.64912281	0.07868975469	0.02614379085	3.083081207	1.62437289	NA	86	0.9810699296	0.5943811488	0.4594072449	2.789338534	1	1	1	BcgI	NA	fixed	1250717.76	glm	5	False	fraction 0.08 < 0.75; dispersion 16.65 > 5.0; containment 0.03 < 0.5	-	single enzyme: no cross-enzyme consistency check available
SF027.BcgI	GCF_001070405.1	s__Streptococcus_pseudopneumoniae_O	NA	NA	NA	0	NA	NA	NA	0	NA	NA	NA	NA	0	1	0	-	NA	fixed	NA	none	0	False	containment 0.00 < 0.5; only 0/1 enzymes produced a fit; no PTR estimate	BcgI:only 0 windows after outlier trimming	no enzyme produced a usable estimate
SF027.BcgI	GCF_001070715.1	s__Streptococcus_pseudopneumoniae_H	NA	NA	NA	0	NA	NA	NA	0	NA	NA	NA	NA	0	1	0	-	NA	fixed	NA	none	0	False	containment 0.00 < 0.5; only 0/1 enzymes produced a fit; no PTR estimate	BcgI:only 0 windows after outlier trimming	no enzyme produced a usable estimate
SF027.BcgI	GCF_001070815.1	s__Streptococcus_pseudopneumoniae_P	NA	NA	NA	0	NA	NA	NA	0	NA	NA	NA	NA	0	1	0	-	NA	fixed	NA	none	0	False	containment 0.00 < 0.5; only 0/1 enzymes produced a fit; no PTR estimate	BcgI:only 0 windows after outlier trimming	no enzyme produced a usable estimate
SF027.BcgI	GCF_001070855.1	s__Pauljensenia_pyogenes_A	84.77777778	30.72496328	0.03262842853	0.01313485114	3.80542887	1.928059054	NA	368	0.9967798935	0.5125561401	0.9234674794	2.932650629	1	1	1	BcgI	NA	fixed	1367901.059	glm	9	False	fraction 0.03 < 0.75; dispersion 30.72 > 5.0; containment 0.01 < 0.5	-	single enzyme: no cross-enzyme consistency check available
SF027.BcgI	GCF_001071995.1	s__Granulicatella_sp001071995	85.45454545	27.88857542	0.1130975416	0.05753424658	1.345522872	0.4281669151	NA	202	0.9413246531	0.8701358533	-1.277268019	2.133601849	1	1	1	BcgI	NA	fixed	1263582.273	glm	11	False	fraction 0.11 < 0.75; dispersion 27.89 > 5.0; containment 0.06 < 0.5	-	single enzyme: no cross-enzyme consistency check available
SF027.BcgI	GCF_001072375.1	s__Streptococcus_pseudopneumoniae_L	NA	NA	NA	0.02912621359	NA	NA	NA	0	NA	NA	NA	NA	0	1	0	-	NA	fixed	NA	none	0	False	containment 0.03 < 0.5; only 0/1 enzymes produced a fit; no PTR estimate	BcgI:only 3 windows after outlier trimming	no enzyme produced a usable estimate
SF027.BcgI	GCF_001072385.1	s__Streptococcus_sp004166885	NA	NA	NA	0.02164502165	NA	NA	NA	0	NA	NA	NA	NA	0	1	0	-	NA	fixed	NA	none	0	False	containment 0.02 < 0.5; only 0/1 enzymes produced a fit; no PTR estimate	BcgI:only 4 windows after outlier trimming	no enzyme produced a usable estimate
SF027.BcgI	GCF_001073155.1	s__Streptococcus_parasanguinis_D	NA	NA	NA	0.06060606061	NA	NA	NA	0	NA	NA	NA	NA	0	1	0	-	NA	fixed	NA	none	0	False	containment 0.06 < 0.5; only 0/1 enzymes produced a fit; no PTR estimate	BcgI:only 4 windows after outlier trimming	no enzyme produced a usable estimate
SF027.BcgI	GCF_001073445.1	s__Granulicatella_adiacens	160.5542328	113.165972	0.1326703017	0.1146341463	2.735562606	1.451837573	NA	360	0.9931914349	0.9952043252	-0.4987270613	3.402402208	1	1	1	BcgI	NA	fixed	1633626.898	glm	18	False	fraction 0.13 < 0.75; dispersion 113.17 > 5.0; containment 0.11 < 0.5	-	single enzyme: no cross-enzyme consistency check available
SF027.BcgI	GCF_001074155.1	s__Streptococcus_pseudopneumoniae_A	NA	NA	NA	0	NA	NA	NA	0	NA	NA	NA	NA	0	1	0	-	NA	fixed	NA	none	0	False	containment 0.00 < 0.5; only 0/1 enzymes produced a fit; no PTR estimate	BcgI:only 0 windows after outlier trimming	no enzyme produced a usable estimate
SF027.BcgI	GCF_001074505.1	s__Staphylococcus_epidermidis	NA	NA	NA	0	NA	NA	NA	0	NA	NA	NA	NA	0	1	0	-	NA	fixed	NA	none	0	False	containment 0.00 < 0.5; only 0/1 enzymes produced a fit; no PTR estimate	BcgI:only 0 windows after outlier trimming	no enzyme produced a usable estimate
SF027.BcgI	GCF_001074565.1	s__Streptococcus_pseudopneumoniae_J	NA	NA	NA	0	NA	NA	NA	0	NA	NA	NA	NA	0	1	0	-	NA	fixed	NA	none	0	False	containment 0.00 < 0.5; only 0/1 enzymes produced a fit; no PTR estimate	BcgI:only 0 windows after outlier trimming	no enzyme produced a usable estimate
SF027.BcgI	GCF_001074635.1	s__Streptococcus_mitis_E	NA	NA	NA	0	NA	NA	NA	0	NA	NA	NA	NA	0	1	0	-	NA	fixed	NA	none	0	False	containment 0.00 < 0.5; only 0/1 enzymes produced a fit; no PTR estimate	BcgI:only 0 windows after outlier trimming	no enzyme produced a usable estimate
SF027.BcgI	GCF_001074805.1	s__Streptococcus_parasanguinis_A	NA	NA	NA	0.03773584906	NA	NA	NA	0	NA	NA	NA	NA	0	1	0	-	NA	fixed	NA	none	0	False	containment 0.04 < 0.5; only 0/1 enzymes produced a fit; no PTR estimate	BcgI:only 27 anchors (< 30)	no enzyme produced a usable estimate
SF027.BcgI	GCF_001074975.1	s__Streptococcus_pseudopneumoniae_D	NA	NA	NA	0	NA	NA	NA	0	NA	NA	NA	NA	0	1	0	-	NA	fixed	NA	none	0	False	containment 0.00 < 0.5; only 0/1 enzymes produced a fit; no PTR estimate	BcgI:only 0 windows after outlier trimming	no enzyme produced a usable estimate
SF027.BcgI	GCF_001075645.1	s__Gemella_sp002871655	NA	NA	NA	0	NA	NA	NA	0	NA	NA	NA	NA	0	1	0	-	NA	fixed	NA	none	0	False	containment 0.00 < 0.5; only 0/1 enzymes produced a fit; no PTR estimate	BcgI:only 0 windows after outlier trimming	no enzyme produced a usable estimate
SF027.BcgI	GCF_001075675.1	s__Streptococcus_oralis_V	NA	NA	NA	0.03125	NA	NA	NA	0	NA	NA	NA	NA	0	1	0	-	NA	fixed	NA	none	0	False	containment 0.03 < 0.5; only 0/1 enzymes produced a fit; no PTR estimate	BcgI:only 2 windows after outlier trimming	no enzyme produced a usable estimate
SF027.BcgI	GCF_001075875.1	s__Streptococcus_oralis_I	NA	NA	NA	0	NA	NA	NA	0	NA	NA	NA	NA	0	1	0	-	NA	fixed	NA	none	0	False	containment 0.00 < 0.5; only 0/1 enzymes produced a fit; no PTR estimate	BcgI:only 0 windows after outlier trimming	no enzyme produced a usable estimate
SF027.BcgI	GCF_001076615.1	s__Streptococcus_mitis_N	NA	NA	NA	0	NA	NA	NA	0	NA	NA	NA	NA	0	1	0	-	NA	fixed	NA	none	0	False	containment 0.00 < 0.5; only 0/1 enzymes produced a fit; no PTR estimate	BcgI:only 0 windows after outlier trimming	no enzyme produced a usable estimate
SF027.BcgI	GCF_001076775.1	s__Streptococcus_pseudopneumoniae_G	NA	NA	NA	0	NA	NA	NA	0	NA	NA	NA	NA	0	1	0	-	NA	fixed	NA	none	0	False	containment 0.00 < 0.5; only 0/1 enzymes produced a fit; no PTR estimate	BcgI:only 0 windows after outlier trimming	no enzyme produced a usable estimate
SF027.BcgI	GCF_001078705.1	s__Streptococcus_sanguinis_D	160.9	145.0268456	0.05538461538	0.02430555556	4.542219475	2.183397417	NA	113	0.9997419108	1.677058593	-1.103577026	5.47037186	1	1	1	BcgI	NA	fixed	92848.01111	glm	5	False	fraction 0.06 < 0.75; dispersion 145.03 > 5.0; containment 0.02 < 0.5	-	single enzyme: no cross-enzyme consistency check available
SF027.BcgI	GCF_001096185.1	s__Streptococcus_pneumoniae_B	NA	NA	NA	0	NA	NA	NA	0	NA	NA	NA	NA	0	1	0	-	NA	fixed	NA	none	0	False	containment 0.00 < 0.5; only 0/1 enzymes produced a fit; no PTR estimate	BcgI:only 0 windows after outlier trimming	no enzyme produced a usable estimate
SF027.BcgI	GCF_001113365.1	s__Streptococcus_pneumoniae_C	NA	NA	NA	0.01063829787	NA	NA	NA	0	NA	NA	NA	NA	0	1	0	-	NA	fixed	NA	none	0	False	containment 0.01 < 0.5; only 0/1 enzymes produced a fit; no PTR estimate	BcgI:only 1 windows after outlier trimming	no enzyme produced a usable estimate
SF027.BcgI	GCF_001171885.1	s__Streptococcus_pneumoniae_A	NA	NA	NA	0	NA	NA	NA	0	NA	NA	NA	NA	0	1	0	-	NA	fixed	NA	none	0	False	containment 0.00 < 0.5; only 0/1 enzymes produced a fit; no PTR estimate	BcgI:only 0 windows after outlier trimming	no enzyme produced a usable estimate
SF027.BcgI	GCF_001189515.2	s__Olsenella_sp001189515	NA	NA	NA	0	NA	NA	NA	0	NA	NA	NA	NA	0	1	0	-	NA	fixed	NA	none	0	False	containment 0.00 < 0.5; only 0/1 enzymes produced a fit; no PTR estimate	BcgI:only 0 windows after outlier trimming	no enzyme produced a usable estimate
SF027.BcgI	GCF_001262035.1	s__Aggregatibacter_aphrophilus	NA	NA	NA	0	NA	NA	NA	0	NA	NA	NA	NA	0	1	0	-	NA	fixed	NA	none	0	False	containment 0.00 < 0.5; only 0/1 enzymes produced a fit; no PTR estimate	BcgI:only 0 windows after outlier trimming	no enzyme produced a usable estimate
SF027.BcgI	GCF_001262055.1	s__Pauljensenia_meyeri	49.41666666	22.1004878	0.01606425703	0.003853564547	1.112565067	0.1538897122	NA	498	0.9990795308	1.589338218	-2.961155954	3.268935378	1	1	1	BcgI	NA	fixed	1391908.53	glm	6	False	fraction 0.02 < 0.75; dispersion 22.10 > 5.0; containment 0.00 < 0.5	-	single enzyme: no cross-enzyme consistency check available
SF027.BcgI	GCF_001262075.1	s__Ottowia_sp001262075	91.21449275	43.94485336	0.04513457557	0.0415954416	1.940081747	0.9561174431	NA	1615	0.9994996423	0.7247107467	-0.4642895195	2.376524406	1	1	1	BcgI	NA	fixed	1511752.85	glm	23	False	fraction 0.05 < 0.75; dispersion 43.94 > 5.0; containment 0.04 < 0.5	-	single enzyme: no cross-enzyme consistency check available
SF027.BcgI	GCF_001263295.1	s__Agrobacterium_sp900013535	NA	NA	NA	0.002089427497	NA	NA	NA	0	NA	NA	NA	NA	0	1	0	-	NA	fixed	NA	none	0	False	containment 0.00 < 0.5; only 0/1 enzymes produced a fit; no PTR estimate	BcgI:only 4 windows after outlier trimming	no enzyme produced a usable estimate
SF027.BcgI	GCF_001274535.1	s__Leptotrichia_A_sp001274535	NA	NA	NA	0	NA	NA	NA	0	NA	NA	NA	NA	0	1	0	-	NA	fixed	NA	none	0	False	containment 0.00 < 0.5; only 0/1 enzymes produced a fit; no PTR estimate	BcgI:only 0 windows after outlier trimming	no enzyme produced a usable estimate
SF027.BcgI	GCF_001275345.1	s__Kocuria_palustris	NA	NA	NA	0	NA	NA	NA	0	NA	NA	NA	NA	0	1	0	-	NA	fixed	NA	none	0	False	containment 0.00 < 0.5; only 0/1 enzymes produced a fit; no PTR estimate	BcgI:only 0 windows after outlier trimming	no enzyme produced a usable estimate
SF027.BcgI	GCF_001276515.1	s__Haemophilus_sp001276515	NA	NA	NA	0	NA	NA	NA	0	NA	NA	NA	NA	0	1	0	-	NA	fixed	NA	none	0	False	containment 0.00 < 0.5; only 0/1 enzymes produced a fit; no PTR estimate	BcgI:only 0 windows after outlier trimming	no enzyme produced a usable estimate
SF027.BcgI	GCF_001278845.1	s__Actinomyces_sp001278845	NA	NA	NA	0.0004803073967	NA	NA	NA	0	NA	NA	NA	NA	0	1	0	-	NA	fixed	NA	none	0	False	containment 0.00 < 0.5; only 0/1 enzymes produced a fit; no PTR estimate	BcgI:only 0 windows after outlier trimming	no enzyme produced a usable estimate
SF027.BcgI	GCF_001279145.1	s__Haemophilus_D_sp001679485	NA	NA	NA	0.01785714286	NA	NA	NA	0	NA	NA	NA	NA	0	1	0	-	NA	fixed	NA	none	0	False	containment 0.02 < 0.5; only 0/1 enzymes produced a fit; no PTR estimate	BcgI:only 3 windows after outlier trimming	no enzyme produced a usable estimate
SF027.BcgI	GCF_001299115.1	s__Achromobacter_xylosoxidans	NA	NA	NA	0.0001665001665	NA	NA	NA	0	NA	NA	NA	NA	0	1	0	-	NA	fixed	NA	none	0	False	containment 0.00 < 0.5; only 0/1 enzymes produced a fit; no PTR estimate	BcgI:only 0 windows after outlier trimming	no enzyme produced a usable estimate
SF027.BcgI	GCF_001304655.1	s__Streptococcus_pseudopneumoniae	NA	NA	NA	0	NA	NA	NA	0	NA	NA	NA	NA	0	1	0	-	NA	fixed	NA	none	0	False	containment 0.00 < 0.5; only 0/1 enzymes produced a fit; no PTR estimate	BcgI:only 0 windows after outlier trimming	no enzyme produced a usable estimate
SF027.BcgI	GCF_001308015.1	s__Neisseria_sp001308015	NA	NA	NA	0	NA	NA	NA	0	NA	NA	NA	NA	0	1	0	-	NA	fixed	NA	none	0	False	containment 0.00 < 0.5; only 0/1 enzymes produced a fit; no PTR estimate	BcgI:only 0 windows after outlier trimming	no enzyme produced a usable estimate
SF027.BcgI	GCF_001347015.1	s__Streptococcus_pneumoniae_E	NA	NA	NA	0	NA	NA	NA	0	NA	NA	NA	NA	0	1	0	-	NA	fixed	NA	none	0	False	containment 0.00 < 0.5; only 0/1 enzymes produced a fit; no PTR estimate	BcgI:only 0 windows after outlier trimming	no enzyme produced a usable estimate
SF027.BcgI	GCF_001362535.1	s__Salmonella_enterica	NA	NA	NA	0.0007194244604	NA	NA	NA	0	NA	NA	NA	NA	0	1	0	-	NA	fixed	NA	none	0	False	containment 0.00 < 0.5; only 0/1 enzymes produced a fit; no PTR estimate	BcgI:only 2 windows after outlier trimming	no enzyme produced a usable estimate
SF027.BcgI	GCF_001421985.1	s__Agrobacterium_sp900473305	NA	NA	NA	0	NA	NA	NA	0	NA	NA	NA	NA	0	1	0	-	NA	fixed	NA	none	0	False	containment 0.00 < 0.5; only 0/1 enzymes produced a fit; no PTR estimate	BcgI:only 0 windows after outlier trimming	no enzyme produced a usable estimate
SF027.BcgI	GCF_001423155.1	s__Pseudomonas_E_ovata	NA	NA	NA	0	NA	NA	NA	0	NA	NA	NA	NA	0	1	0	-	NA	fixed	NA	none	0	False	containment 0.00 < 0.5; only 0/1 enzymes produced a fit; no PTR estimate	BcgI:only 0 windows after outlier trimming	no enzyme produced a usable estimate
SF027.BcgI	GCF_001434465.1	s__Limosilactobacillus_oris	NA	NA	NA	0	NA	NA	NA	0	NA	NA	NA	NA	0	1	0	-	NA	fixed	NA	none	0	False	containment 0.00 < 0.5; only 0/1 enzymes produced a fit; no PTR estimate	BcgI:only 0 windows after outlier trimming	no enzyme produced a usable estimate
SF027.BcgI	GCF_001444445.1	s__Prevotella_enoeca	NA	NA	NA	0	NA	NA	NA	0	NA	NA	NA	NA	0	1	0	-	NA	fixed	NA	none	0	False	containment 0.00 < 0.5; only 0/1 enzymes produced a fit; no PTR estimate	BcgI:only 0 windows after outlier trimming	no enzyme produced a usable estimate
SF027.BcgI	GCF_001546595.1	s__Prevotella_corporis	NA	NA	NA	0	NA	NA	NA	0	NA	NA	NA	NA	0	1	0	-	NA	fixed	NA	none	0	False	containment 0.00 < 0.5; only 0/1 enzymes produced a fit; no PTR estimate	BcgI:only 0 windows after outlier trimming	no enzyme produced a usable estimate
SF027.BcgI	GCF_001546835.1	s__Streptococcus_sp000187445	NA	NA	NA	0.01690140845	NA	NA	NA	0	NA	NA	NA	NA	0	1	0	-	NA	fixed	NA	none	0	False	containment 0.02 < 0.5; only 0/1 enzymes produced a fit; no PTR estimate	BcgI:only 4 windows after outlier trimming	no enzyme produced a usable estimate
SF027.BcgI	GCF_001553215.1	s__Porphyromonas_pasteri	171.4359699	157.6828627	0.1351098963	0.114379085	1.590844576	0.6697928927	NA	2076	0.9999993236	0.5587401656	-0.4253177085	1.764903494	1	1	1	BcgI	NA	fixed	2221894.215	glm	30	False	fraction 0.14 < 0.75; dispersion 157.68 > 5.0; containment 0.11 < 0.5	-	single enzyme: no cross-enzyme consistency check available
SF027.BcgI	GCF_001553285.1	s__Varibaculum_cambriense	NA	NA	NA	0	NA	NA	NA	0	NA	NA	NA	NA	0	1	0	-	NA	fixed	NA	none	0	False	containment 0.00 < 0.5; only 0/1 enzymes produced a fit; no PTR estimate	BcgI:only 0 windows after outlier trimming	no enzyme produced a usable estimate
SF027.BcgI	GCF_001553645.1	s__Leptotrichia_sp001553645	NA	NA	NA	0.004830917874	NA	NA	NA	0	NA	NA	NA	NA	0	1	0	-	NA	fixed	NA	none	0	False	containment 0.00 < 0.5; only 0/1 enzymes produced a fit; no PTR estimate	BcgI:only 1 windows after outlier trimming	no enzyme produced a usable estimate
SF027.BcgI	GCF_001553935.1	s__Actinomyces_oris_A	NA	NA	NA	0.0006729475101	NA	NA	NA	0	NA	NA	NA	NA	0	1	0	-	NA	fixed	NA	none	0	False	containment 0.00 < 0.5; only 0/1 enzymes produced a fit; no PTR estimate	BcgI:only 0 windows after outlier trimming	no enzyme produced a usable estimate
SF027.BcgI	GCF_001556045.1	s__Bradyrhizobium_sp001556045	NA	NA	NA	0	NA	NA	NA	0	NA	NA	NA	NA	0	1	0	-	NA	fixed	NA	none	0	False	containment 0.00 < 0.5; only 0/1 enzymes produced a fit; no PTR estimate	BcgI:only 0 windows after outlier trimming	no enzyme produced a usable estimate
SF027.BcgI	GCF_001557225.1	s__Streptococcus_sanguinis_C	NA	NA	NA	0.02252252252	NA	NA	NA	0	NA	NA	NA	NA	0	1	0	-	NA	fixed	NA	none	0	False	containment 0.02 < 0.5; only 0/1 enzymes produced a fit; no PTR estimate	BcgI:only 3 windows after outlier trimming	no enzyme produced a usable estimate
SF027.BcgI	GCF_001559795.1	s__Streptobacillus_hongkongensis	NA	NA	NA	0	NA	NA	NA	0	NA	NA	NA	NA	0	1	0	-	NA	fixed	NA	none	0	False	containment 0.00 < 0.5; only 0/1 enzymes produced a fit; no PTR estimate	BcgI:only 0 windows after outlier trimming	no enzyme produced a usable estimate
SF027.BcgI	GCF_001560895.1	s__Streptococcus_mitis_Q	NA	NA	NA	0	NA	NA	NA	0	NA	NA	NA	NA	0	1	0	-	NA	fixed	NA	none	0	False	containment 0.00 < 0.5; only 0/1 enzymes produced a fit; no PTR estimate	BcgI:only 0 windows after outlier trimming	no enzyme produced a usable estimate
SF027.BcgI	GCF_001578705.1	s__Streptococcus_oralis_J	NA	NA	NA	0	NA	NA	NA	0	NA	NA	NA	NA	0	1	0	-	NA	fixed	NA	none	0	False	containment 0.00 < 0.5; only 0/1 enzymes produced a fit; no PTR estimate	BcgI:only 0 windows after outlier trimming	no enzyme produced a usable estimate
SF027.BcgI	GCF_001578775.1	s__Streptococcus_cristatus_A	NA	NA	NA	0.003773584906	NA	NA	NA	0	NA	NA	NA	NA	0	1	0	-	NA	fixed	NA	none	0	False	containment 0.00 < 0.5; only 0/1 enzymes produced a fit; no PTR estimate	BcgI:only 1 windows after outlier trimming	no enzyme produced a usable estimate
SF027.BcgI	GCF_001578945.1	s__Streptococcus_oralis_Q	NA	NA	NA	0	NA	NA	NA	0	NA	NA	NA	NA	0	1	0	-	NA	fixed	NA	none	0	False	containment 0.00 < 0.5; only 0/1 enzymes produced a fit; no PTR estimate	BcgI:only 0 windows after outlier trimming	no enzyme produced a usable estimate
SF027.BcgI	GCF_001579035.1	s__Streptococcus_mitis_J	NA	NA	NA	0	NA	NA	NA	0	NA	NA	NA	NA	0	1	0	-	NA	fixed	NA	none	0	False	containment 0.00 < 0.5; only 0/1 enzymes produced a fit; no PTR estimate	BcgI:only 0 windows after outlier trimming	no enzyme produced a usable estimate
SF027.BcgI	GCF_001579045.1	s__Streptococcus_mitis_D	NA	NA	NA	0	NA	NA	NA	0	NA	NA	NA	NA	0	1	0	-	NA	fixed	NA	none	0	False	containment 0.00 < 0.5; only 0/1 enzymes produced a fit; no PTR estimate	BcgI:only 0 windows after outlier trimming	no enzyme produced a usable estimate
SF027.BcgI	GCF_001579095.1	s__Streptococcus_oralis_H	NA	NA	NA	0.02985074627	NA	NA	NA	0	NA	NA	NA	NA	0	1	0	-	NA	fixed	NA	none	0	False	containment 0.03 < 0.5; only 0/1 enzymes produced a fit; no PTR estimate	BcgI:only 1 windows after outlier trimming	no enzyme produced a usable estimate
SF027.BcgI	GCF_001579175.1	s__Streptococcus_oralis_O	NA	NA	NA	0	NA	NA	NA	0	NA	NA	NA	NA	0	1	0	-	NA	fixed	NA	none	0	False	containment 0.00 < 0.5; only 0/1 enzymes produced a fit; no PTR estimate	BcgI:only 0 windows after outlier trimming	no enzyme produced a usable estimate
SF027.BcgI	GCF_001579525.1	s__Streptococcus_oralis_M	NA	NA	NA	0.01020408163	NA	NA	NA	0	NA	NA	NA	NA	0	1	0	-	NA	fixed	NA	none	0	False	containment 0.01 < 0.5; only 0/1 enzymes produced a fit; no PTR estimate	BcgI:only 0 windows after outlier trimming	no enzyme produced a usable estimate
SF027.BcgI	GCF_001579645.1	s__Streptococcus_infantis_E	NA	NA	NA	0	NA	NA	NA	0	NA	NA	NA	NA	0	1	0	-	NA	fixed	NA	none	0	False	containment 0.00 < 0.5; only 0/1 enzymes produced a fit; no PTR estimate	BcgI:only 0 windows after outlier trimming	no enzyme produced a usable estimate
SF027.BcgI	GCF_001586195.1	s__Solibacillus_silvestris	NA	NA	NA	0	NA	NA	NA	0	NA	NA	NA	NA	0	1	0	-	NA	fixed	NA	none	0	False	containment 0.00 < 0.5; only 0/1 enzymes produced a fit; no PTR estimate	BcgI:only 0 windows after outlier trimming	no enzyme produced a usable estimate
SF027.BcgI	GCF_001588645.1	s__Streptococcus_oralis_AB	NA	NA	NA	0	NA	NA	NA	0	NA	NA	NA	NA	0	1	0	-	NA	fixed	NA	none	0	False	containment 0.00 < 0.5; only 0/1 enzymes produced a fit; no PTR estimate	BcgI:only 0 windows after outlier trimming	no enzyme produced a usable estimate
SF027.BcgI	GCF_001588895.1	s__Streptococcus_sanguinis_H	NA	NA	NA	0.02049180328	NA	NA	NA	0	NA	NA	NA	NA	0	1	0	-	NA	fixed	NA	none	0	False	containment 0.02 < 0.5; only 0/1 enzymes produced a fit; no PTR estimate	BcgI:only 2 windows after outlier trimming	no enzyme produced a usable estimate
SF027.BcgI	GCF_001589145.1	s__Streptococcus_gordonii	237.6730769	243.6826062	0.1487541091	0.1442622951	727.5756563	9.506953463	NA	293	0.9999999945	0.7102820474	8.114826231	10.89908069	1	1	1	BcgI	NA	fixed	1458409.525	glm	13	False	fraction 0.15 < 0.75; dispersion 243.68 > 5.0; containment 0.14 < 0.5	-	single enzyme: no cross-enzyme consistency check available
SF027.BcgI	GCF_001592185.1	s__Neisseria_denitrificans	NA	NA	NA	0.001143510577	NA	NA	NA	0	NA	NA	NA	NA	0	1	0	-	NA	fixed	NA	none	0	False	containment 0.00 < 0.5; only 0/1 enzymes produced a fit; no PTR estimate	BcgI:only 1 windows after outlier trimming	no enzyme produced a usable estimate
SF027.BcgI	GCF_001592265.1	s__Hylemonella_delicata	NA	NA	NA	0	NA	NA	NA	0	NA	NA	NA	NA	0	1	0	-	NA	fixed	NA	none	0	False	containment 0.00 < 0.5; only 0/1 enzymes produced a fit; no PTR estimate	BcgI:only 0 windows after outlier trimming	no enzyme produced a usable estimate
SF027.BcgI	GCF_001597285.1	s__Pseudomonas_E_alcaligenes	NA	NA	NA	0.0002194907814	NA	NA	NA	0	NA	NA	NA	NA	0	1	0	-	NA	fixed	NA	none	0	False	containment 0.00 < 0.5; only 0/1 enzymes produced a fit; no PTR estimate	BcgI:only 0 windows after outlier trimming	no enzyme produced a usable estimate
SF027.BcgI	GCF_001618085.1	s__Neisseria_flavescens_C	NA	NA	NA	0.01652892562	NA	NA	NA	0	NA	NA	NA	NA	0	1	0	-	NA	fixed	NA	none	0	False	containment 0.02 < 0.5; only 0/1 enzymes produced a fit; no PTR estimate	BcgI:only 4 windows after outlier trimming	no enzyme produced a usable estimate
SF027.BcgI	GCF_001619955.1	s__Sphingomonas_hankookensis	NA	NA	NA	0.0001659475606	NA	NA	NA	0	NA	NA	NA	NA	0	1	0	-	NA	fixed	NA	none	0	False	containment 0.00 < 0.5; only 0/1 enzymes produced a fit; no PTR estimate	BcgI:only 1 windows after outlier trimming	no enzyme produced a usable estimate
SF027.BcgI	GCF_001638925.1	s__Sphingomonas_aquatilis	72.59027778	50.36866858	0.01559101655	0.006726457399	2.526390301	1.337077537	NA	2441	0.999709318	0.6255332865	0.1110548249	2.56310025	1	1	1	BcgI	NA	fixed	1995487.65	glm	24	False	fraction 0.02 < 0.75; dispersion 50.37 > 5.0; containment 0.01 < 0.5	-	single enzyme: no cross-enzyme consistency check available
SF027.BcgI	GCF_001639395.1	s__Streptococcus_oralis_S	NA	NA	NA	0.07352941176	NA	NA	NA	0	NA	NA	NA	NA	0	1	0	-	NA	fixed	NA	none	0	False	containment 0.07 < 0.5; only 0/1 enzymes produced a fit; no PTR estimate	BcgI:only 3 windows after outlier trimming	no enzyme produced a usable estimate
SF027.BcgI	GCF_001648355.1	s__Eikenella_longinqua	NA	NA	NA	0.001313197636	NA	NA	NA	0	NA	NA	NA	NA	0	1	0	-	NA	fixed	NA	none	0	False	containment 0.00 < 0.5; only 0/1 enzymes produced a fit; no PTR estimate	BcgI:only 1 windows after outlier trimming	no enzyme produced a usable estimate
SF027.BcgI	GCF_001648425.1	s__Eikenella_exigua	NA	NA	NA	0.001926782274	NA	NA	NA	0	NA	NA	NA	NA	0	1	0	-	NA	fixed	NA	none	0	False	containment 0.00 < 0.5; only 0/1 enzymes produced a fit; no PTR estimate	BcgI:only 2 windows after outlier trimming	no enzyme produced a usable estimate
SF027.BcgI	GCF_001648475.1	s__Eikenella_halliae	307	767.4856802	0.0283298447	0.008396305626	28.97108401	4.856541762	NA	409	1	2.379649273	0.1925148903	9.520568633	1	1	1	BcgI	NA	fixed	340720.7967	glm	8	False	fraction 0.03 < 0.75; dispersion 767.49 > 5.0; containment 0.01 < 0.5	-	single enzyme: no cross-enzyme consistency check available
SF027.BcgI	GCF_001650315.1	s__Streptococcus_sp001650315	NA	NA	NA	0	NA	NA	NA	0	NA	NA	NA	NA	0	1	0	-	NA	fixed	NA	none	0	False	containment 0.00 < 0.5; only 0/1 enzymes produced a fit; no PTR estimate	BcgI:only 0 windows after outlier trimming	no enzyme produced a usable estimate
SF027.BcgI	GCF_001653935.1	s__Ralstonia_insidiosa	NA	NA	NA	0	NA	NA	NA	0	NA	NA	NA	NA	0	1	0	-	NA	fixed	NA	none	0	False	containment 0.00 < 0.5; only 0/1 enzymes produced a fit; no PTR estimate	BcgI:only 0 windows after outlier trimming	no enzyme produced a usable estimate
SF027.BcgI	GCF_001665295.1	s__Mycobacterium_sp001665295	NA	NA	NA	0.0001462843768	NA	NA	NA	0	NA	NA	NA	NA	0	1	0	-	NA	fixed	NA	none	0	False	containment 0.00 < 0.5; only 0/1 enzymes produced a fit; no PTR estimate	BcgI:only 0 windows after outlier trimming	no enzyme produced a usable estimate
SF027.BcgI	GCF_001665715.1	s__Gordonia_sputi	NA	NA	NA	0	NA	NA	NA	0	NA	NA	NA	NA	0	1	0	-	NA	fixed	NA	none	0	False	containment 0.00 < 0.5; only 0/1 enzymes produced a fit; no PTR estimate	BcgI:only 0 windows after outlier trimming	no enzyme produced a usable estimate
SF027.BcgI	GCF_001665955.1	s__Corynebacterium_pseudodiphtheriticum	NA	NA	NA	0	NA	NA	NA	0	NA	NA	NA	NA	0	1	0	-	NA	fixed	NA	none	0	False	containment 0.00 < 0.5; only 0/1 enzymes produced a fit; no PTR estimate	BcgI:only 0 windows after outlier trimming	no enzyme produced a usable estimate
SF027.BcgI	GCF_001679155.1	s__Moraxella_nonliquefaciens	NA	NA	NA	0	NA	NA	NA	0	NA	NA	NA	NA	0	1	0	-	NA	fixed	NA	none	0	False	containment 0.00 < 0.5; only 0/1 enzymes produced a fit; no PTR estimate	BcgI:only 0 windows after outlier trimming	no enzyme produced a usable estimate
SF027.BcgI	GCF_001679325.1	s__Haemophilus_D_parainfluenzae	302.6409353	333.4460782	0.272994021	0.2558139535	1.46916654e+51	169.9733308	NA	269	1	1.202716635	167.6160495	172.3306121	1	1	1	BcgI	NA	fixed	1481105.015	glm	13	False	fraction 0.27 < 0.75; dispersion 333.45 > 5.0; containment 0.26 < 0.5	-	single enzyme: no cross-enzyme consistency check available
SF027.BcgI	GCF_001683335.1	s__Centipeda_sp001683335	NA	NA	NA	0	NA	NA	NA	0	NA	NA	NA	NA	0	1	0	-	NA	fixed	NA	none	0	False	containment 0.00 < 0.5; only 0/1 enzymes produced a fit; no PTR estimate	BcgI:only 0 windows after outlier trimming	no enzyme produced a usable estimate
SF027.BcgI	GCF_001683355.1	s__Prevotella_scopos	NA	NA	NA	0.002544529262	NA	NA	NA	0	NA	NA	NA	NA	0	1	0	-	NA	fixed	NA	none	0	False	containment 0.00 < 0.5; only 0/1 enzymes produced a fit; no PTR estimate	BcgI:only 2 windows after outlier trimming	no enzyme produced a usable estimate
SF027.BcgI	GCF_001702075.1	s__Haemophilus_quentini	NA	NA	NA	0.003194888179	NA	NA	NA	0	NA	NA	NA	NA	0	1	0	-	NA	fixed	NA	none	0	False	containment 0.00 < 0.5; only 0/1 enzymes produced a fit; no PTR estimate	BcgI:only 1 windows after outlier trimming	no enzyme produced a usable estimate
SF027.BcgI	GCF_001717525.2	s__Tannerella_sp003033925	NA	NA	NA	0	NA	NA	NA	0	NA	NA	NA	NA	0	1	0	-	NA	fixed	NA	none	0	False	containment 0.00 < 0.5; only 0/1 enzymes produced a fit; no PTR estimate	BcgI:only 0 windows after outlier trimming	no enzyme produced a usable estimate
SF027.BcgI	GCF_001717585.1	s__Centipeda_sp001717585	NA	NA	NA	0	NA	NA	NA	0	NA	NA	NA	NA	0	1	0	-	NA	fixed	NA	none	0	False	containment 0.00 < 0.5; only 0/1 enzymes produced a fit; no PTR estimate	BcgI:only 0 windows after outlier trimming	no enzyme produced a usable estimate
SF027.BcgI	GCF_001721245.1	s__Sphingobium_yanoikuyae	NA	NA	NA	0.0002492833105	NA	NA	NA	0	NA	NA	NA	NA	0	1	0	-	NA	fixed	NA	none	0	False	containment 0.00 < 0.5; only 0/1 enzymes produced a fit; no PTR estimate	BcgI:only 1 windows after outlier trimming	no enzyme produced a usable estimate
SF027.BcgI	GCF_001807315.1	s__Corynebacterium_simulans	NA	NA	NA	0	NA	NA	NA	0	NA	NA	NA	NA	0	1	0	-	NA	fixed	NA	none	0	False	containment 0.00 < 0.5; only 0/1 enzymes produced a fit; no PTR estimate	BcgI:only 0 windows after outlier trimming	no enzyme produced a usable estimate
SF027.BcgI	GCF_001807385.1	s__Brachybacterium_paraconglomeratum	NA	NA	NA	0	NA	NA	NA	0	NA	NA	NA	NA	0	1	0	-	NA	fixed	NA	none	0	False	containment 0.00 < 0.5; only 0/1 enzymes produced a fit; no PTR estimate	BcgI:only 0 windows after outlier trimming	no enzyme produced a usable estimate
SF027.BcgI	GCF_001808255.1	s__Neisseria_subflava_A	NA	NA	NA	0.0143442623	NA	NA	NA	0	NA	NA	NA	NA	0	1	0	-	NA	fixed	NA	none	0	False	containment 0.01 < 0.5; only 0/1 enzymes produced a fit; no PTR estimate	BcgI:only 4 windows after outlier trimming	no enzyme produced a usable estimate
SF027.BcgI	GCF_001808705.1	s__Streptococcus_sp001808705	NA	NA	NA	0	NA	NA	NA	0	NA	NA	NA	NA	0	1	0	-	NA	fixed	NA	none	0	False	containment 0.00 < 0.5; only 0/1 enzymes produced a fit; no PTR estimate	BcgI:only 0 windows after outlier trimming	no enzyme produced a usable estimate
SF027.BcgI	GCF_001808865.1	s__Streptococcus_sp001553685	NA	NA	NA	0	NA	NA	NA	0	NA	NA	NA	NA	0	1	0	-	NA	fixed	NA	none	0	False	containment 0.00 < 0.5; only 0/1 enzymes produced a fit; no PTR estimate	BcgI:only 0 windows after outlier trimming	no enzyme produced a usable estimate
SF027.BcgI	GCF_001808875.1	s__Neisseria_sicca_A	603.5888287	186.0210643	0.2161574943	0.0317679558	96.97639744	6.599561755	NA	246	1	1.971973506	2.734564704	10.46455881	1	1	1	BcgI	NA	fixed	2295920.54	glm	13	False	fraction 0.22 < 0.75; dispersion 186.02 > 5.0; containment 0.03 < 0.5	-	single enzyme: no cross-enzyme consistency check available
SF027.BcgI	GCF_001809325.1	s__Neisseria_sp001809325	1621.270977	0.3333333333	0.1823013618	0.03565640194	1.121934557e+56	186.1939618	NA	157	1	3.868778839	178.6112947	193.776629	1	1	1	BcgI	NA	fixed	2250150.869	glm	16	False	fraction 0.18 < 0.75; containment 0.04 < 0.5	-	single enzyme: no cross-enzyme consistency check available
SF027.BcgI	GCF_001810035.1	s__Neisseria_subflava_C	341.0833333	328.2816092	0.2306570513	0.03501094092	5.886911995	2.557511061	NA	196	0.9999999972	1.11052728	0.3809175884	4.734104533	1	1	1	BcgI	NA	fixed	158754.4817	glm	12	False	fraction 0.23 < 0.75; dispersion 328.28 > 5.0; containment 0.04 < 0.5	-	single enzyme: no cross-enzyme consistency check available
SF027.BcgI	GCF_001810785.1	s__Streptococcus_sp001810785	NA	NA	NA	0	NA	NA	NA	0	NA	NA	NA	NA	0	1	0	-	NA	fixed	NA	none	0	False	containment 0.00 < 0.5; only 0/1 enzymes produced a fit; no PTR estimate	BcgI:only 0 windows after outlier trimming	no enzyme produced a usable estimate
SF027.BcgI	GCF_001811505.1	s__Streptococcus_sp001811505	NA	NA	NA	0	NA	NA	NA	0	NA	NA	NA	NA	0	1	0	-	NA	fixed	NA	none	0	False	containment 0.00 < 0.5; only 0/1 enzymes produced a fit; no PTR estimate	BcgI:only 0 windows after outlier trimming	no enzyme produced a usable estimate
SF027.BcgI	GCF_001812965.1	s__Actinomyces_oris_C	1.598466319	0.2291666667	0.04366852818	0.01573426573	1.46586319	0.5517504624	NA	265	0.6443282428	0.3273915372	-0.08992515947	1.193426084	1	1	1	BcgI	NA	fixed	1531974.363	glm	6	False	fraction 0.04 < 0.75; containment 0.02 < 0.5	-	single enzyme: no cross-enzyme consistency check available
SF027.BcgI	GCF_001812975.1	s__Rothia_mucilaginosa	73.05555556	73.33101852	0.04618261689	0.02311557789	4.399995328	2.137501992	NA	498	0.9998269867	0.7953876344	0.5785708747	3.696433109	1	1	1	BcgI	NA	fixed	2164126.076	glm	15	False	fraction 0.05 < 0.75; dispersion 73.33 > 5.0; containment 0.02 < 0.5	-	single enzyme: no cross-enzyme consistency check available
SF027.BcgI	GCF_001813205.1	s__Lancefieldella_rimae	NA	NA	NA	0	NA	NA	NA	0	NA	NA	NA	NA	0	1	0	-	NA	fixed	NA	none	0	False	containment 0.00 < 0.5; only 0/1 enzymes produced a fit; no PTR estimate	BcgI:only 0 windows after outlier trimming	no enzyme produced a usable estimate
SF027.BcgI	GCF_001813295.1	s__Streptococcus_parasanguinis_B	177.1703704	56.38935534	0.1717300135	0.08490566038	2.637469763	1.399154554	NA	149	0.9997535308	0.8192942443	-0.2066326572	3.004941766	1	1	1	BcgI	NA	fixed	110451.0825	glm	9	False	fraction 0.17 < 0.75; dispersion 56.39 > 5.0; containment 0.08 < 0.5	-	single enzyme: no cross-enzyme consistency check available
SF027.BcgI	GCF_001814135.1	s__Neisseria_sp000952795	361	349.024326	0.4189814815	0.04807692308	2.197675263	1.135978224	NA	34	0.9903507613	1.918973408	-2.625140544	4.897096991	1	1	1	BcgI	NA	fixed	1453139.169	glm	6	False	fraction 0.42 < 0.75; dispersion 349.02 > 5.0; containment 0.05 < 0.5	-	single enzyme: no cross-enzyme consistency check available
SF027.BcgI	GCF_001814145.1	s__Prevotella_conceptionensis	NA	NA	NA	0.0004096681688	NA	NA	NA	0	NA	NA	NA	NA	0	1	0	-	NA	fixed	NA	none	0	False	containment 0.00 < 0.5; only 0/1 enzymes produced a fit; no PTR estimate	BcgI:only 1 windows after outlier trimming	no enzyme produced a usable estimate
SF027.BcgI	GCF_001814295.1	s__Streptococcus_constellatus	NA	NA	NA	0	NA	NA	NA	0	NA	NA	NA	NA	0	1	0	-	NA	fixed	NA	none	0	False	containment 0.00 < 0.5; only 0/1 enzymes produced a fit; no PTR estimate	BcgI:only 0 windows after outlier trimming	no enzyme produced a usable estimate
SF027.BcgI	GCF_001814405.1	s__Lacticaseibacillus_rhamnosus	79.6	0.09195402299	0.02327383655	0.003759398496	2.14446108	1.100615133	NA	301	0.9904893922	1.047730338	-0.9528985959	3.154128861	1	1	1	BcgI	NA	fixed	1824684.866	glm	5	False	fraction 0.02 < 0.75; containment 0.00 < 0.5	-	single enzyme: no cross-enzyme consistency check available
SF027.BcgI	GCF_001814685.1	s__Prevotella_oris	NA	NA	NA	0.001360544218	NA	NA	NA	0	NA	NA	NA	NA	0	1	0	-	NA	fixed	NA	none	0	False	containment 0.00 < 0.5; only 0/1 enzymes produced a fit; no PTR estimate	BcgI:only 2 windows after outlier trimming	no enzyme produced a usable estimate
SF027.BcgI	GCF_001814775.1	s__Streptococcus_sp001814775	NA	NA	NA	0	NA	NA	NA	0	NA	NA	NA	NA	0	1	0	-	NA	fixed	NA	none	0	False	containment 0.00 < 0.5; only 0/1 enzymes produced a fit; no PTR estimate	BcgI:only 0 windows after outlier trimming	no enzyme produced a usable estimate
SF027.BcgI	GCF_001815355.1	s__Haemophilus_D_sp001815355	NA	NA	NA	0.035	NA	NA	NA	0	NA	NA	NA	NA	0	1	0	-	NA	fixed	NA	none	0	False	containment 0.04 < 0.5; only 0/1 enzymes produced a fit; no PTR estimate	BcgI:only 4 windows after outlier trimming	no enzyme produced a usable estimate
SF027.BcgI	GCF_001815675.1	s__Neisseria_sp001815675	730.8084435	1165.686941	0.1794244392	0.04849884527	1.83875914e+32	107.1804315	NA	157	1	3.186563273	100.9348823	113.4259808	1	1	1	BcgI	NA	fixed	671667.12	glm	11	False	fraction 0.18 < 0.75; dispersion 1165.69 > 5.0; containment 0.05 < 0.5	-	single enzyme: no cross-enzyme consistency check available
SF027.BcgI	GCF_001815715.1	s__Fusobacterium_polymorphum	NA	NA	NA	0	NA	NA	NA	0	NA	NA	NA	NA	0	1	0	-	NA	fixed	NA	none	0	False	containment 0.00 < 0.5; only 0/1 enzymes produced a fit; no PTR estimate	BcgI:only 0 windows after outlier trimming	no enzyme produced a usable estimate
SF027.BcgI	GCF_001815865.1	s__Abiotrophia_sp001815865	NA	NA	NA	0.01160092807	NA	NA	NA	0	NA	NA	NA	NA	0	1	0	-	NA	fixed	NA	none	0	False	containment 0.01 < 0.5; only 0/1 enzymes produced a fit; no PTR estimate	BcgI:only 4 windows after outlier trimming	no enzyme produced a usable estimate
SF027.BcgI	GCF_001836315.1	s__Neisseria_flavescens_A	142.4285714	84.04545455	0.1883333333	0.01830663616	4.855664977	2.279668884	NA	135	0.9979173448	1.173735075	-0.02080958972	4.580147358	1	1	1	BcgI	NA	fixed	1674676.337	glm	7	False	fraction 0.19 < 0.75; dispersion 84.05 > 5.0; containment 0.02 < 0.5	-	single enzyme: no cross-enzyme consistency check available
SF027.BcgI	GCF_001837905.1	s__Streptococcus_sp900766505	NA	NA	NA	0.05714285714	NA	NA	NA	0	NA	NA	NA	NA	0	1	0	-	NA	fixed	NA	none	0	False	containment 0.06 < 0.5; only 0/1 enzymes produced a fit; no PTR estimate	BcgI:only 3 windows after outlier trimming	no enzyme produced a usable estimate
SF027.BcgI	GCF_001929365.1	s__Actinomyces_oris	NA	NA	NA	0.002028397566	NA	NA	NA	0	NA	NA	NA	NA	0	1	0	-	NA	fixed	NA	none	0	False	containment 0.00 < 0.5; only 0/1 enzymes produced a fit; no PTR estimate	BcgI:only 0 windows after outlier trimming	no enzyme produced a usable estimate
SF027.BcgI	GCF_001937595.1	s__Actinomyces_naeslundii	NA	NA	NA	0	NA	NA	NA	0	NA	NA	NA	NA	0	1	0	-	NA	fixed	NA	none	0	False	containment 0.00 < 0.5; only 0/1 enzymes produced a fit; no PTR estimate	BcgI:only 0 windows after outlier trimming	no enzyme produced a usable estimate
SF027.BcgI	GCF_001937655.1	s__Actinomyces_oris_B	NA	NA	NA	0.001221001221	NA	NA	NA	0	NA	NA	NA	NA	0	1	0	-	NA	fixed	NA	none	0	False	containment 0.00 < 0.5; only 0/1 enzymes produced a fit; no PTR estimate	BcgI:only 0 windows after outlier trimming	no enzyme produced a usable estimate
SF027.BcgI	GCF_001937665.1	s__Actinomyces_oris_D	NA	NA	NA	0	NA	NA	NA	0	NA	NA	NA	NA	0	1	0	-	NA	fixed	NA	none	0	False	containment 0.00 < 0.5; only 0/1 enzymes produced a fit; no PTR estimate	BcgI:only 0 windows after outlier trimming	no enzyme produced a usable estimate
SF027.BcgI	GCF_001937675.1	s__Actinomyces_oris_E	NA	NA	NA	0	NA	NA	NA	0	NA	NA	NA	NA	0	1	0	-	NA	fixed	NA	none	0	False	containment 0.00 < 0.5; only 0/1 enzymes produced a fit; no PTR estimate	BcgI:only 0 windows after outlier trimming	no enzyme produced a usable estimate
SF027.BcgI	GCF_001998825.1	s__Rodentibacter_mrazii	NA	NA	NA	0	NA	NA	NA	0	NA	NA	NA	NA	0	1	0	-	NA	fixed	NA	none	0	False	containment 0.00 < 0.5; only 0/1 enzymes produced a fit; no PTR estimate	BcgI:only 0 windows after outlier trimming	no enzyme produced a usable estimate
SF027.BcgI	GCF_002005545.1	s__Streptococcus_mitis_I	NA	NA	NA	0	NA	NA	NA	0	NA	NA	NA	NA	0	1	0	-	NA	fixed	NA	none	0	False	containment 0.00 < 0.5; only 0/1 enzymes produced a fit; no PTR estimate	BcgI:only 0 windows after outlier trimming	no enzyme produced a usable estimate
SF027.BcgI	GCF_002014765.1	s__Moraxella_C_lincolnii	NA	NA	NA	0	NA	NA	NA	0	NA	NA	NA	NA	0	1	0	-	NA	fixed	NA	none	0	False	containment 0.00 < 0.5; only 0/1 enzymes produced a fit; no PTR estimate	BcgI:only 0 windows after outlier trimming	no enzyme produced a usable estimate
SF027.BcgI	GCF_002014795.1	s__Streptococcus_mitis_AQ	NA	NA	NA	0	NA	NA	NA	0	NA	NA	NA	NA	0	1	0	-	NA	fixed	NA	none	0	False	containment 0.00 < 0.5; only 0/1 enzymes produced a fit; no PTR estimate	BcgI:only 0 windows after outlier trimming	no enzyme produced a usable estimate
SF027.BcgI	GCF_002092855.1	s__Campylobacter_A_concisus_I	NA	NA	NA	0	NA	NA	NA	0	NA	NA	NA	NA	0	1	0	-	NA	fixed	NA	none	0	False	containment 0.00 < 0.5; only 0/1 enzymes produced a fit; no PTR estimate	BcgI:only 0 windows after outlier trimming	no enzyme produced a usable estimate
SF027.BcgI	GCF_002093515.1	s__Streptococcus_oralis_E	NA	NA	NA	0	NA	NA	NA	0	NA	NA	NA	NA	0	1	0	-	NA	fixed	NA	none	0	False	containment 0.00 < 0.5; only 0/1 enzymes produced a fit; no PTR estimate	BcgI:only 0 windows after outlier trimming	no enzyme produced a usable estimate
SF027.BcgI	GCF_002093545.1	s__Streptococcus_oralis_C	NA	NA	NA	0	NA	NA	NA	0	NA	NA	NA	NA	0	1	0	-	NA	fixed	NA	none	0	False	containment 0.00 < 0.5; only 0/1 enzymes produced a fit; no PTR estimate	BcgI:only 0 windows after outlier trimming	no enzyme produced a usable estimate
SF027.BcgI	GCF_002093575.1	s__Streptococcus_oralis_W	NA	NA	NA	0.008	NA	NA	NA	0	NA	NA	NA	NA	0	1	0	-	NA	fixed	NA	none	0	False	containment 0.01 < 0.5; only 0/1 enzymes produced a fit; no PTR estimate	BcgI:only 0 windows after outlier trimming	no enzyme produced a usable estimate
SF027.BcgI	GCF_002096335.1	s__Streptococcus_oralis_Z	NA	NA	NA	0	NA	NA	NA	0	NA	NA	NA	NA	0	1	0	-	NA	fixed	NA	none	0	False	containment 0.00 < 0.5; only 0/1 enzymes produced a fit; no PTR estimate	BcgI:only 0 windows after outlier trimming	no enzyme produced a usable estimate
SF027.BcgI	GCF_002096355.1	s__Streptococcus_oralis_T	NA	NA	NA	0	NA	NA	NA	0	NA	NA	NA	NA	0	1	0	-	NA	fixed	NA	none	0	False	containment 0.00 < 0.5; only 0/1 enzymes produced a fit; no PTR estimate	BcgI:only 0 windows after outlier trimming	no enzyme produced a usable estimate
SF027.BcgI	GCF_002096435.1	s__Streptococcus_oralis_AA	NA	NA	NA	0	NA	NA	NA	0	NA	NA	NA	NA	0	1	0	-	NA	fixed	NA	none	0	False	containment 0.00 < 0.5; only 0/1 enzymes produced a fit; no PTR estimate	BcgI:only 0 windows after outlier trimming	no enzyme produced a usable estimate
SF027.BcgI	GCF_002096445.1	s__Streptococcus_oralis_N	NA	NA	NA	0.04545454545	NA	NA	NA	0	NA	NA	NA	NA	0	1	0	-	NA	fixed	NA	none	0	False	containment 0.05 < 0.5; only 0/1 enzymes produced a fit; no PTR estimate	BcgI:only 1 windows after outlier trimming	no enzyme produced a usable estimate
SF027.BcgI	GCF_002096595.1	s__Streptococcus_oralis_D	NA	NA	NA	0	NA	NA	NA	0	NA	NA	NA	NA	0	1	0	-	NA	fixed	NA	none	0	False	containment 0.00 < 0.5; only 0/1 enzymes produced a fit; no PTR estimate	BcgI:only 0 windows after outlier trimming	no enzyme produced a usable estimate
SF027.BcgI	GCF_002096615.1	s__Streptococcus_oralis_U	NA	NA	NA	0	NA	NA	NA	0	NA	NA	NA	NA	0	1	0	-	NA	fixed	NA	none	0	False	containment 0.00 < 0.5; only 0/1 enzymes produced a fit; no PTR estimate	BcgI:only 0 windows after outlier trimming	no enzyme produced a usable estimate
SF027.BcgI	GCF_002096685.1	s__Streptococcus_oralis_AD	NA	NA	NA	0	NA	NA	NA	0	NA	NA	NA	NA	0	1	0	-	NA	fixed	NA	none	0	False	containment 0.00 < 0.5; only 0/1 enzymes produced a fit; no PTR estimate	BcgI:only 0 windows after outlier trimming	no enzyme produced a usable estimate
SF027.BcgI	GCF_002096695.1	s__Streptococcus_dentisani	NA	NA	NA	0	NA	NA	NA	0	NA	NA	NA	NA	0	1	0	-	NA	fixed	NA	none	0	False	containment 0.00 < 0.5; only 0/1 enzymes produced a fit; no PTR estimate	BcgI:only 0 windows after outlier trimming	no enzyme produced a usable estimate
SF027.BcgI	GCF_002096815.1	s__Streptococcus_mitis_AD	NA	NA	NA	0.01265822785	NA	NA	NA	0	NA	NA	NA	NA	0	1	0	-	NA	fixed	NA	none	0	False	containment 0.01 < 0.5; only 0/1 enzymes produced a fit; no PTR estimate	BcgI:only 0 windows after outlier trimming	no enzyme produced a usable estimate
SF027.BcgI	GCF_002096835.1	s__Streptococcus_mitis_W	NA	NA	NA	0	NA	NA	NA	0	NA	NA	NA	NA	0	1	0	-	NA	fixed	NA	none	0	False	containment 0.00 < 0.5; only 0/1 enzymes produced a fit; no PTR estimate	BcgI:only 0 windows after outlier trimming	no enzyme produced a usable estimate
SF027.BcgI	GCF_002096845.1	s__Streptococcus_mitis_A	NA	NA	NA	0	NA	NA	NA	0	NA	NA	NA	NA	0	1	0	-	NA	fixed	NA	none	0	False	containment 0.00 < 0.5; only 0/1 enzymes produced a fit; no PTR estimate	BcgI:only 0 windows after outlier trimming	no enzyme produced a usable estimate
SF027.BcgI	GCF_002096855.1	s__Streptococcus_mitis_Y	NA	NA	NA	0	NA	NA	NA	0	NA	NA	NA	NA	0	1	0	-	NA	fixed	NA	none	0	False	containment 0.00 < 0.5; only 0/1 enzymes produced a fit; no PTR estimate	BcgI:only 0 windows after outlier trimming	no enzyme produced a usable estimate
SF027.BcgI	GCF_002096895.1	s__Streptococcus_mitis_AH	NA	NA	NA	0	NA	NA	NA	0	NA	NA	NA	NA	0	1	0	-	NA	fixed	NA	none	0	False	containment 0.00 < 0.5; only 0/1 enzymes produced a fit; no PTR estimate	BcgI:only 0 windows after outlier trimming	no enzyme produced a usable estimate
SF027.BcgI	GCF_002096925.1	s__Streptococcus_mitis_AF	NA	NA	NA	0	NA	NA	NA	0	NA	NA	NA	NA	0	1	0	-	NA	fixed	NA	none	0	False	containment 0.00 < 0.5; only 0/1 enzymes produced a fit; no PTR estimate	BcgI:only 0 windows after outlier trimming	no enzyme produced a usable estimate
SF027.BcgI	GCF_002108505.1	s__Neisseria_dumasiana	NA	NA	NA	0	NA	NA	NA	0	NA	NA	NA	NA	0	1	0	-	NA	fixed	NA	none	0	False	containment 0.00 < 0.5; only 0/1 enzymes produced a fit; no PTR estimate	BcgI:only 0 windows after outlier trimming	no enzyme produced a usable estimate
SF027.BcgI	GCF_002108595.1	s__Neisseria_dentiae	NA	NA	NA	0.000456412597	NA	NA	NA	0	NA	NA	NA	NA	0	1	0	-	NA	fixed	NA	none	0	False	containment 0.00 < 0.5; only 0/1 enzymes produced a fit; no PTR estimate	BcgI:only 0 windows after outlier trimming	no enzyme produced a usable estimate
SF027.BcgI	GCF_002127225.1	s__Sphingomonas_sp002127225	NA	NA	NA	0	NA	NA	NA	0	NA	NA	NA	NA	0	1	0	-	NA	fixed	NA	none	0	False	containment 0.00 < 0.5; only 0/1 enzymes produced a fit; no PTR estimate	BcgI:only 0 windows after outlier trimming	no enzyme produced a usable estimate
SF027.BcgI	GCF_002197385.1	s__Streptococcus_agalactiae	NA	NA	NA	0	NA	NA	NA	0	NA	NA	NA	NA	0	1	0	-	NA	fixed	NA	none	0	False	containment 0.00 < 0.5; only 0/1 enzymes produced a fit; no PTR estimate	BcgI:only 0 windows after outlier trimming	no enzyme produced a usable estimate
SF027.BcgI	GCF_002204455.1	s__Porphyromonas_gingivalis	NA	NA	NA	0.000593824228	NA	NA	NA	0	NA	NA	NA	NA	0	1	0	-	NA	fixed	NA	none	0	False	containment 0.00 < 0.5; only 0/1 enzymes produced a fit; no PTR estimate	BcgI:only 1 windows after outlier trimming	no enzyme produced a usable estimate
SF027.BcgI	GCF_002204475.1	s__Prevotella_nigrescens	NA	NA	NA	0.0006357279085	NA	NA	NA	0	NA	NA	NA	NA	0	1	0	-	NA	fixed	NA	none	0	False	containment 0.00 < 0.5; only 0/1 enzymes produced a fit; no PTR estimate	BcgI:only 1 windows after outlier trimming	no enzyme produced a usable estimate
SF027.BcgI	GCF_002205845.1	s__Pelomonas_puraquae	NA	NA	NA	0.001450326323	NA	NA	NA	0	NA	NA	NA	NA	0	1	0	-	NA	fixed	NA	none	0	False	containment 0.00 < 0.5; only 0/1 enzymes produced a fit; no PTR estimate	BcgI:only 1 windows after outlier trimming	no enzyme produced a usable estimate
SF027.BcgI	GCF_002209185.2	s__Corynebacterium_amycolatum_A	NA	NA	NA	0	NA	NA	NA	0	NA	NA	NA	NA	0	1	0	-	NA	fixed	NA	none	0	False	containment 0.00 < 0.5; only 0/1 enzymes produced a fit; no PTR estimate	BcgI:only 0 windows after outlier trimming	no enzyme produced a usable estimate
SF027.BcgI	GCF_002209445.1	s__Capnocytophaga_endodontalis	176.9222203	124.488843	0.04037037037	0.02544247788	3.374012702	1.754465405	NA	544	0.9999467143	1.798545364	-1.770618733	5.279549543	1	1	1	BcgI	NA	fixed	2770368.913	glm	15	False	fraction 0.04 < 0.75; dispersion 124.49 > 5.0; containment 0.03 < 0.5	-	single enzyme: no cross-enzyme consistency check available
SF027.BcgI	GCF_002237445.1	s__Neisseria_sp002237445	NA	NA	NA	0.0005646527386	NA	NA	NA	0	NA	NA	NA	NA	0	1	0	-	NA	fixed	NA	none	0	False	containment 0.00 < 0.5; only 0/1 enzymes produced a fit; no PTR estimate	BcgI:only 0 windows after outlier trimming	no enzyme produced a usable estimate
SF027.BcgI	GCF_002238135.1	s__Rothia_aeria	142.8	196.02	0.01905555348	0.006896551724	2.471229635	1.305229077	NA	310	0.9979946667	1.11467522	-0.8794942081	3.489952362	1	1	1	BcgI	NA	fixed	456651.6	glm	5	False	fraction 0.02 < 0.75; dispersion 196.02 > 5.0; containment 0.01 < 0.5	-	single enzyme: no cross-enzyme consistency check available
SF027.BcgI	GCF_002243385.1	s__Mogibacterium_pumilum	NA	NA	NA	0.001215066829	NA	NA	NA	0	NA	NA	NA	NA	0	1	0	-	NA	fixed	NA	none	0	False	containment 0.00 < 0.5; only 0/1 enzymes produced a fit; no PTR estimate	BcgI:only 1 windows after outlier trimming	no enzyme produced a usable estimate
SF027.BcgI	GCF_002259155.1	s__Rhodococcus_B_sp002259415	NA	NA	NA	0	NA	NA	NA	0	NA	NA	NA	NA	0	1	0	-	NA	fixed	NA	none	0	False	containment 0.00 < 0.5; only 0/1 enzymes produced a fit; no PTR estimate	BcgI:only 0 windows after outlier trimming	no enzyme produced a usable estimate
SF027.BcgI	GCF_002259295.1	s__Rhodococcus_B_fascians	NA	NA	NA	0	NA	NA	NA	0	NA	NA	NA	NA	0	1	0	-	NA	fixed	NA	none	0	False	containment 0.00 < 0.5; only 0/1 enzymes produced a fit; no PTR estimate	BcgI:only 0 windows after outlier trimming	no enzyme produced a usable estimate
SF027.BcgI	GCF_002289925.1	s__Ligilactobacillus_salivarius	105.875	NA	0.148015873	0.03389830508	1.837840187	0.8780113198	NA	74	0.998652026	1.289633682	-1.649624251	3.405646891	1	1	1	BcgI	NA	fixed	307764.725	glm	8	False	fraction 0.15 < 0.75; containment 0.03 < 0.5	-	single enzyme: no cross-enzyme consistency check available
SF027.BcgI	GCF_002302595.1	s__Capnocytophaga_sputigena	175.6122354	94.57640961	0.1327694236	0.1287015945	3.125594028	1.644130404	NA	843	0.9999999994	0.6047252483	0.4588906969	2.829370111	1	1	1	BcgI	NA	fixed	1539967.607	glm	24	False	fraction 0.13 < 0.75; dispersion 94.58 > 5.0; containment 0.13 < 0.5	-	single enzyme: no cross-enzyme consistency check available
SF027.BcgI	GCF_002355895.1	s__Streptococcus_sp002355895	NA	NA	NA	0	NA	NA	NA	0	NA	NA	NA	NA	0	1	0	-	NA	fixed	NA	none	0	False	containment 0.00 < 0.5; only 0/1 enzymes produced a fit; no PTR estimate	BcgI:only 0 windows after outlier trimming	no enzyme produced a usable estimate
SF027.BcgI	GCF_002443115.1	s__Dermabacter_hominis	NA	NA	NA	0	NA	NA	NA	0	NA	NA	NA	NA	0	1	0	-	NA	fixed	NA	none	0	False	containment 0.00 < 0.5; only 0/1 enzymes produced a fit; no PTR estimate	BcgI:only 0 windows after outlier trimming	no enzyme produced a usable estimate
SF027.BcgI	GCF_002551535.2	s__Neisseria_brasiliensis	NA	NA	NA	0	NA	NA	NA	0	NA	NA	NA	NA	0	1	0	-	NA	fixed	NA	none	0	False	containment 0.00 < 0.5; only 0/1 enzymes produced a fit; no PTR estimate	BcgI:only 0 windows after outlier trimming	no enzyme produced a usable estimate
SF027.BcgI	GCF_002763535.1	s__Prevotella_intermedia	NA	NA	NA	0	NA	NA	NA	0	NA	NA	NA	NA	0	1	0	-	NA	fixed	NA	none	0	False	containment 0.00 < 0.5; only 0/1 enzymes produced a fit; no PTR estimate	BcgI:only 0 windows after outlier trimming	no enzyme produced a usable estimate
SF027.BcgI	GCF_002763595.1	s__Fusobacterium_pseudoperiodonticum	NA	NA	NA	0	NA	NA	NA	0	NA	NA	NA	NA	0	1	0	-	NA	fixed	NA	none	0	False	containment 0.00 < 0.5; only 0/1 enzymes produced a fit; no PTR estimate	BcgI:only 0 windows after outlier trimming	no enzyme produced a usable estimate
SF027.BcgI	GCF_002803535.1	s__Ochrobactrum_A_pituitosum	NA	NA	NA	0	NA	NA	NA	0	NA	NA	NA	NA	0	1	0	-	NA	fixed	NA	none	0	False	containment 0.00 < 0.5; only 0/1 enzymes produced a fit; no PTR estimate	BcgI:only 0 windows after outlier trimming	no enzyme produced a usable estimate
SF027.BcgI	GCF_002810365.1	s__Psychrobacter_sp002810365	NA	NA	NA	0	NA	NA	NA	0	NA	NA	NA	NA	0	1	0	-	NA	fixed	NA	none	0	False	containment 0.00 < 0.5; only 0/1 enzymes produced a fit; no PTR estimate	BcgI:only 0 windows after outlier trimming	no enzyme produced a usable estimate
SF027.BcgI	GCF_002860865.1	s__Streptococcus_mitis_AT	NA	NA	NA	0	NA	NA	NA	0	NA	NA	NA	NA	0	1	0	-	NA	fixed	NA	none	0	False	containment 0.00 < 0.5; only 0/1 enzymes produced a fit; no PTR estimate	BcgI:only 0 windows after outlier trimming	no enzyme produced a usable estimate
SF027.BcgI	GCF_002860905.1	s__Streptococcus_oralis_BA	NA	NA	NA	0	NA	NA	NA	0	NA	NA	NA	NA	0	1	0	-	NA	fixed	NA	none	0	False	containment 0.00 < 0.5; only 0/1 enzymes produced a fit; no PTR estimate	BcgI:only 0 windows after outlier trimming	no enzyme produced a usable estimate
SF027.BcgI	GCF_002863305.1	s__Neisseria_perflava	277.9259259	435.010523	0.06801742919	0.03490759754	2.659413738	1.411108242	NA	229	0.9999999984	1.314862208	-1.165974331	3.988190814	1	1	1	BcgI	NA	fixed	483018.7797	glm	9	False	fraction 0.07 < 0.75; dispersion 435.01 > 5.0; containment 0.03 < 0.5	-	single enzyme: no cross-enzyme consistency check available
SF027.BcgI	GCF_002869785.1	s__Tsukamurella_tyrosinosolvens	NA	NA	NA	0	NA	NA	NA	0	NA	NA	NA	NA	0	1	0	-	NA	fixed	NA	none	0	False	containment 0.00 < 0.5; only 0/1 enzymes produced a fit; no PTR estimate	BcgI:only 0 windows after outlier trimming	no enzyme produced a usable estimate
SF027.BcgI	GCF_002871975.1	s__Actinomyces_graevenitzii	224.995961	227.9387242	0.1926365095	0.1804932735	55007526.04	25.71312568	NA	854	0.9996673074	0.6612209505	24.41715643	27.00909493	1	1	1	BcgI	NA	fixed	212537.0711	glm	27	False	fraction 0.19 < 0.75; dispersion 227.94 > 5.0; containment 0.18 < 0.5	-	single enzyme: no cross-enzyme consistency check available
SF027.BcgI	GCF_002884635.1	s__Prevotella_buccalis	NA	NA	NA	0	NA	NA	NA	0	NA	NA	NA	NA	0	1	0	-	NA	fixed	NA	none	0	False	containment 0.00 < 0.5; only 0/1 enzymes produced a fit; no PTR estimate	BcgI:only 0 windows after outlier trimming	no enzyme produced a usable estimate
SF027.BcgI	GCF_002894165.1	s__Prevotella_timonensis	NA	NA	NA	0	NA	NA	NA	0	NA	NA	NA	NA	0	1	0	-	NA	fixed	NA	none	0	False	containment 0.00 < 0.5; only 0/1 enzymes produced a fit; no PTR estimate	BcgI:only 0 windows after outlier trimming	no enzyme produced a usable estimate
SF027.BcgI	GCF_002906715.1	s__Pseudomonas_E_sp002843585	NA	NA	NA	0	NA	NA	NA	0	NA	NA	NA	NA	0	1	0	-	NA	fixed	NA	none	0	False	containment 0.00 < 0.5; only 0/1 enzymes produced a fit; no PTR estimate	BcgI:only 0 windows after outlier trimming	no enzyme produced a usable estimate
SF027.BcgI	GCF_002907185.1	s__Fructilactobacillus_sanfranciscensis	NA	NA	NA	0	NA	NA	NA	0	NA	NA	NA	NA	0	1	0	-	NA	fixed	NA	none	0	False	containment 0.00 < 0.5; only 0/1 enzymes produced a fit; no PTR estimate	BcgI:only 0 windows after outlier trimming	no enzyme produced a usable estimate
SF027.BcgI	GCF_002912505.1	s__Campylobacter_A_concisus_T	NA	NA	NA	0.003472222222	NA	NA	NA	0	NA	NA	NA	NA	0	1	0	-	NA	fixed	NA	none	0	False	containment 0.00 < 0.5; only 0/1 enzymes produced a fit; no PTR estimate	BcgI:only 1 windows after outlier trimming	no enzyme produced a usable estimate
SF027.BcgI	GCF_002914085.1	s__Campylobacter_A_concisus_R	NA	NA	NA	0.003649635036	NA	NA	NA	0	NA	NA	NA	NA	0	1	0	-	NA	fixed	NA	none	0	False	containment 0.00 < 0.5; only 0/1 enzymes produced a fit; no PTR estimate	BcgI:only 1 windows after outlier trimming	no enzyme produced a usable estimate
SF027.BcgI	GCF_002934005.1	s__Cuspidothrix_issatschenkoi	NA	NA	NA	0	NA	NA	NA	0	NA	NA	NA	NA	0	1	0	-	NA	fixed	NA	none	0	False	containment 0.00 < 0.5; only 0/1 enzymes produced a fit; no PTR estimate	BcgI:only 0 windows after outlier trimming	no enzyme produced a usable estimate
SF027.BcgI	GCF_002948535.1	s__Enterococcus_faecalis	NA	NA	NA	0	NA	NA	NA	0	NA	NA	NA	NA	0	1	0	-	NA	fixed	NA	none	0	False	containment 0.00 < 0.5; only 0/1 enzymes produced a fit; no PTR estimate	BcgI:only 0 windows after outlier trimming	no enzyme produced a usable estimate
SF027.BcgI	GCF_002951835.1	s__Simonsiella_muelleri	NA	NA	NA	0	NA	NA	NA	0	NA	NA	NA	NA	0	1	0	-	NA	fixed	NA	none	0	False	containment 0.00 < 0.5; only 0/1 enzymes produced a fit; no PTR estimate	BcgI:only 0 windows after outlier trimming	no enzyme produced a usable estimate
SF027.BcgI	GCF_002959755.1	s__Veillonella_sp002959755	NA	NA	NA	0.1086956522	NA	NA	NA	0	NA	NA	NA	NA	0	1	0	-	NA	fixed	NA	none	0	False	containment 0.11 < 0.5; only 0/1 enzymes produced a fit; no PTR estimate	BcgI:only 3 windows after outlier trimming	no enzyme produced a usable estimate
SF027.BcgI	GCF_002959835.1	s__Veillonella_rogosae	147.5714269	16.64542355	0.06346870521	0.02158273381	12.70382627	3.667191184	NA	147	0.9998944737	1.722821367	0.2905233522	7.043859015	1	1	1	BcgI	NA	fixed	1290688.07	glm	7	False	fraction 0.06 < 0.75; dispersion 16.65 > 5.0; containment 0.02 < 0.5	-	single enzyme: no cross-enzyme consistency check available
SF027.BcgI	GCF_002959855.1	s__Veillonella_denticariosi	NA	NA	NA	0	NA	NA	NA	0	NA	NA	NA	NA	0	1	0	-	NA	fixed	NA	none	0	False	containment 0.00 < 0.5; only 0/1 enzymes produced a fit; no PTR estimate	BcgI:only 0 windows after outlier trimming	no enzyme produced a usable estimate
SF027.BcgI	GCF_002959875.1	s__Veillonella_infantium	NA	NA	NA	0.01666666667	NA	NA	NA	0	NA	NA	NA	NA	0	1	0	-	NA	fixed	NA	none	0	False	containment 0.02 < 0.5; only 0/1 enzymes produced a fit; no PTR estimate	BcgI:only 1 windows after outlier trimming	no enzyme produced a usable estimate
SF027.BcgI	GCF_002984015.1	s__Haemophilus_influenzae_D	NA	NA	NA	0	NA	NA	NA	0	NA	NA	NA	NA	0	1	0	-	NA	fixed	NA	none	0	False	containment 0.00 < 0.5; only 0/1 enzymes produced a fit; no PTR estimate	BcgI:only 0 windows after outlier trimming	no enzyme produced a usable estimate
SF027.BcgI	GCF_002984725.1	s__Haemophilus_influenzae_E	NA	NA	NA	0	NA	NA	NA	0	NA	NA	NA	NA	0	1	0	-	NA	fixed	NA	none	0	False	containment 0.00 < 0.5; only 0/1 enzymes produced a fit; no PTR estimate	BcgI:only 0 windows after outlier trimming	no enzyme produced a usable estimate
SF027.BcgI	GCF_002989575.1	s__Haemophilus_influenzae_F	NA	NA	NA	0	NA	NA	NA	0	NA	NA	NA	NA	0	1	0	-	NA	fixed	NA	none	0	False	containment 0.00 < 0.5; only 0/1 enzymes produced a fit; no PTR estimate	BcgI:only 0 windows after outlier trimming	no enzyme produced a usable estimate
SF027.BcgI	GCF_002999035.1	s__W11650_sp002999035	NA	NA	NA	0	NA	NA	NA	0	NA	NA	NA	NA	0	1	0	-	NA	fixed	NA	none	0	False	containment 0.00 < 0.5; only 0/1 enzymes produced a fit; no PTR estimate	BcgI:only 0 windows after outlier trimming	no enzyme produced a usable estimate
SF027.BcgI	GCF_002999135.1	s__Capnocytophaga_sp002999135	NA	NA	NA	0.006088280061	NA	NA	NA	0	NA	NA	NA	NA	0	1	0	-	NA	fixed	NA	none	0	False	containment 0.01 < 0.5; only 0/1 enzymes produced a fit; no PTR estimate	BcgI:only 3 windows after outlier trimming	no enzyme produced a usable estimate
SF027.BcgI	GCF_002999235.1	s__Actinomyces_sp002999235	NA	NA	NA	0	NA	NA	NA	0	NA	NA	NA	NA	0	1	0	-	NA	fixed	NA	none	0	False	containment 0.00 < 0.5; only 0/1 enzymes produced a fit; no PTR estimate	BcgI:only 0 windows after outlier trimming	no enzyme produced a usable estimate
SF027.BcgI	GCF_002999515.1	s__Streptococcus_anginosus_C	73.71428571	NA	0.1331254724	0.02064896755	1.976923214	0.9832568363	NA	97	0.9702309774	0.8352239336	-0.6537519926	2.620265665	1	1	1	BcgI	NA	fixed	26144.79167	glm	7	False	fraction 0.13 < 0.75; containment 0.02 < 0.5	-	single enzyme: no cross-enzyme consistency check available
SF027.BcgI	GCF_003008575.1	s__SC2-9_sp003008575	NA	NA	NA	0	NA	NA	NA	0	NA	NA	NA	NA	0	1	0	-	NA	fixed	NA	none	0	False	containment 0.00 < 0.5; only 0/1 enzymes produced a fit; no PTR estimate	BcgI:only 0 windows after outlier trimming	no enzyme produced a usable estimate
SF027.BcgI	GCF_003013245.1	s__Neisseria_iguanae	NA	NA	NA	0	NA	NA	NA	0	NA	NA	NA	NA	0	1	0	-	NA	fixed	NA	none	0	False	containment 0.00 < 0.5; only 0/1 enzymes produced a fit; no PTR estimate	BcgI:only 0 windows after outlier trimming	no enzyme produced a usable estimate
SF027.BcgI	GCF_003043925.1	s__Prevotella_sp003043925	NA	NA	NA	0	NA	NA	NA	0	NA	NA	NA	NA	0	1	0	-	NA	fixed	NA	none	0	False	containment 0.00 < 0.5; only 0/1 enzymes produced a fit; no PTR estimate	BcgI:only 0 windows after outlier trimming	no enzyme produced a usable estimate
SF027.BcgI	GCF_003043935.1	s__Prevotella_jejuni	89.10151515	15.87055245	0.06180915858	0.05811623246	2.139658794	1.097380752	NA	842	0.9973398855	0.6147548135	-0.1075165419	2.302278046	1	1	1	BcgI	NA	fixed	1733989.773	glm	22	False	fraction 0.06 < 0.75; dispersion 15.87 > 5.0; containment 0.06 < 0.5	-	single enzyme: no cross-enzyme consistency check available
SF027.BcgI	GCF_003043945.1	s__Prevotella_sp003043945	NA	NA	NA	0.0005330490405	NA	NA	NA	0	NA	NA	NA	NA	0	1	0	-	NA	fixed	NA	none	0	False	containment 0.00 < 0.5; only 0/1 enzymes produced a fit; no PTR estimate	BcgI:only 1 windows after outlier trimming	no enzyme produced a usable estimate
SF027.BcgI	GCF_003043955.1	s__F0428_sp003043955	NA	NA	NA	0.004573170732	NA	NA	NA	0	NA	NA	NA	NA	0	1	0	-	NA	fixed	NA	none	0	False	containment 0.00 < 0.5; only 0/1 enzymes produced a fit; no PTR estimate	BcgI:only 3 windows after outlier trimming	no enzyme produced a usable estimate
SF027.BcgI	GCF_003044425.1	s__Neisseria_sicca_C	1054.074064	49.86885246	0.06162367725	0.02947845805	6.982007973e+14	49.31063533	NA	168	0.9998617455	3.304708301	42.83352608	55.78774458	1	1	1	BcgI	NA	fixed	1090560.57	glm	8	False	fraction 0.06 < 0.75; dispersion 49.87 > 5.0; containment 0.03 < 0.5	-	single enzyme: no cross-enzyme consistency check available
SF027.BcgI	GCF_003044485.1	s__Neisseria_bergeri	NA	NA	NA	0	NA	NA	NA	0	NA	NA	NA	NA	0	1	0	-	NA	fixed	NA	none	0	False	containment 0.00 < 0.5; only 0/1 enzymes produced a fit; no PTR estimate	BcgI:only 0 windows after outlier trimming	no enzyme produced a usable estimate
SF027.BcgI	GCF_003044645.1	s__Neisseria_subflava_B	NA	NA	NA	0.01232032854	NA	NA	NA	0	NA	NA	NA	NA	0	1	0	-	NA	fixed	NA	none	0	False	containment 0.01 < 0.5; only 0/1 enzymes produced a fit; no PTR estimate	BcgI:only 3 windows after outlier trimming	no enzyme produced a usable estimate
SF027.BcgI	GCF_003044905.1	s__Neisseria_weaveri	NA	NA	NA	0	NA	NA	NA	0	NA	NA	NA	NA	0	1	0	-	NA	fixed	NA	none	0	False	containment 0.00 < 0.5; only 0/1 enzymes produced a fit; no PTR estimate	BcgI:only 0 windows after outlier trimming	no enzyme produced a usable estimate
SF027.BcgI	GCF_003048595.1	s__Campylobacter_A_concisus_L	NA	NA	NA	0.0027100271	NA	NA	NA	0	NA	NA	NA	NA	0	1	0	-	NA	fixed	NA	none	0	False	containment 0.00 < 0.5; only 0/1 enzymes produced a fit; no PTR estimate	BcgI:only 1 windows after outlier trimming	no enzyme produced a usable estimate
SF027.BcgI	GCF_003048835.1	s__Campylobacter_A_concisus_D	NA	NA	NA	0	NA	NA	NA	0	NA	NA	NA	NA	0	1	0	-	NA	fixed	NA	none	0	False	containment 0.00 < 0.5; only 0/1 enzymes produced a fit; no PTR estimate	BcgI:only 0 windows after outlier trimming	no enzyme produced a usable estimate
SF027.BcgI	GCF_003053105.1	s__Limosilactobacillus_fermentum	91.55555556	28.36780116	0.2015114613	0.06995884774	2.554837233	1.353231381	NA	404	0.9953310338	0.8232820533	-0.2603717926	2.966834555	1	1	1	BcgI	NA	fixed	1059937.312	glm	27	False	fraction 0.20 < 0.75; dispersion 28.37 > 5.0; containment 0.07 < 0.5	-	single enzyme: no cross-enzyme consistency check available
SF027.BcgI	GCF_003056725.1	s__Mangrovicoccus_ximenensis	NA	NA	NA	0	NA	NA	NA	0	NA	NA	NA	NA	0	1	0	-	NA	fixed	NA	none	0	False	containment 0.00 < 0.5; only 0/1 enzymes produced a fit; no PTR estimate	BcgI:only 0 windows after outlier trimming	no enzyme produced a usable estimate
SF027.BcgI	GCF_003096815.1	s__Prevotella_colorans	NA	NA	NA	0	NA	NA	NA	0	NA	NA	NA	NA	0	1	0	-	NA	fixed	NA	none	0	False	containment 0.00 < 0.5; only 0/1 enzymes produced a fit; no PTR estimate	BcgI:only 0 windows after outlier trimming	no enzyme produced a usable estimate
SF027.BcgI	GCF_003124035.1	s__Kocuria_rosea	NA	NA	NA	0.0003456619426	NA	NA	NA	0	NA	NA	NA	NA	0	1	0	-	NA	fixed	NA	none	0	False	containment 0.00 < 0.5; only 0/1 enzymes produced a fit; no PTR estimate	BcgI:only 1 windows after outlier trimming	no enzyme produced a usable estimate
SF027.BcgI	GCF_003129965.1	s__Aggregatibacter_kilianii_A	NA	NA	NA	0	NA	NA	NA	0	NA	NA	NA	NA	0	1	0	-	NA	fixed	NA	none	0	False	containment 0.00 < 0.5; only 0/1 enzymes produced a fit; no PTR estimate	BcgI:only 0 windows after outlier trimming	no enzyme produced a usable estimate
SF027.BcgI	GCF_003130075.1	s__Aggregatibacter_segnis_A	NA	NA	NA	0	NA	NA	NA	0	NA	NA	NA	NA	0	1	0	-	NA	fixed	NA	none	0	False	containment 0.00 < 0.5; only 0/1 enzymes produced a fit; no PTR estimate	BcgI:only 0 windows after outlier trimming	no enzyme produced a usable estimate
SF027.BcgI	GCF_003182235.1	s__Phyllobacterium_myrsinacearum	NA	NA	NA	0	NA	NA	NA	0	NA	NA	NA	NA	0	1	0	-	NA	fixed	NA	none	0	False	containment 0.00 < 0.5; only 0/1 enzymes produced a fit; no PTR estimate	BcgI:only 0 windows after outlier trimming	no enzyme produced a usable estimate
SF027.BcgI	GCF_003201255.1	s__Pantoea_ananatis	NA	NA	NA	0	NA	NA	NA	0	NA	NA	NA	NA	0	1	0	-	NA	fixed	NA	none	0	False	containment 0.00 < 0.5; only 0/1 enzymes produced a fit; no PTR estimate	BcgI:only 0 windows after outlier trimming	no enzyme produced a usable estimate
SF027.BcgI	GCF_003252645.1	s__Aggregatibacter_segnis	NA	NA	NA	0	NA	NA	NA	0	NA	NA	NA	NA	0	1	0	-	NA	fixed	NA	none	0	False	containment 0.00 < 0.5; only 0/1 enzymes produced a fit; no PTR estimate	BcgI:only 0 windows after outlier trimming	no enzyme produced a usable estimate
SF027.BcgI	GCF_003252725.1	s__Haemophilus_D_parainfluenzae_L	NA	NA	NA	0.01276595745	NA	NA	NA	0	NA	NA	NA	NA	0	1	0	-	NA	fixed	NA	none	0	False	containment 0.01 < 0.5; only 0/1 enzymes produced a fit; no PTR estimate	BcgI:only 3 windows after outlier trimming	no enzyme produced a usable estimate
SF027.BcgI	GCF_003252795.1	s__Haemophilus_D_parainfluenzae_K	263.6	9.191176471	0.05805767351	0.025	41.10996998	5.361416413	NA	113	0.9999068245	1.352943066	2.709696731	8.013136096	1	1	1	BcgI	NA	fixed	462620.5364	glm	5	False	fraction 0.06 < 0.75; dispersion 9.19 > 5.0; containment 0.03 < 0.5	-	single enzyme: no cross-enzyme consistency check available
SF027.BcgI	GCF_003252835.1	s__Aggregatibacter_kilianii	NA	NA	NA	0	NA	NA	NA	0	NA	NA	NA	NA	0	1	0	-	NA	fixed	NA	none	0	False	containment 0.00 < 0.5; only 0/1 enzymes produced a fit; no PTR estimate	BcgI:only 0 windows after outlier trimming	no enzyme produced a usable estimate
SF027.BcgI	GCF_003263915.2	s__Dolosigranulum_pigrum	NA	NA	NA	0	NA	NA	NA	0	NA	NA	NA	NA	0	1	0	-	NA	fixed	NA	none	0	False	containment 0.00 < 0.5; only 0/1 enzymes produced a fit; no PTR estimate	BcgI:only 0 windows after outlier trimming	no enzyme produced a usable estimate
SF027.BcgI	GCF_003345135.1	s__Acidovorax_defluvii	NA	NA	NA	0	NA	NA	NA	0	NA	NA	NA	NA	0	1	0	-	NA	fixed	NA	none	0	False	containment 0.00 < 0.5; only 0/1 enzymes produced a fit; no PTR estimate	BcgI:only 0 windows after outlier trimming	no enzyme produced a usable estimate
SF027.BcgI	GCF_003428885.1	s__Streptococcus_sp003428885	NA	NA	NA	0.00641025641	NA	NA	NA	0	NA	NA	NA	NA	0	1	0	-	NA	fixed	NA	none	0	False	containment 0.01 < 0.5; only 0/1 enzymes produced a fit; no PTR estimate	BcgI:only 1 windows after outlier trimming	no enzyme produced a usable estimate
SF027.BcgI	GCF_003433295.1	s__Eubacterium_A_minutum	NA	NA	NA	0	NA	NA	NA	0	NA	NA	NA	NA	0	1	0	-	NA	fixed	NA	none	0	False	containment 0.00 < 0.5; only 0/1 enzymes produced a fit; no PTR estimate	BcgI:only 0 windows after outlier trimming	no enzyme produced a usable estimate
SF027.BcgI	GCF_003463825.1	s__Veillonella_sp003463825	181.0555556	248.8806818	0.5343915344	0.162962963	4.724776745	2.240246161	NA	54	0.99979456	1.111268721	0.06219949071	4.418292831	1	1	1	BcgI	NA	fixed	456505.1722	glm	18	False	fraction 0.53 < 0.75; dispersion 248.88 > 5.0; containment 0.16 < 0.5	-	single enzyme: no cross-enzyme consistency check available
SF027.BcgI	GCF_003464005.1	s__Veillonella_parvula_A	340.2026316	315.9453103	0.4669005659	0.1838006231	3.93566306	1.976606714	NA	199	0.9999999742	0.8840174945	0.243964263	3.709249165	1	1	1	BcgI	NA	fixed	324707.3778	glm	38	False	fraction 0.47 < 0.75; dispersion 315.95 > 5.0; containment 0.18 < 0.5	-	single enzyme: no cross-enzyme consistency check available
SF027.BcgI	GCF_003490595.1	s__Haemophilus_haemolyticus_I	NA	NA	NA	0	NA	NA	NA	0	NA	NA	NA	NA	0	1	0	-	NA	fixed	NA	none	0	False	containment 0.00 < 0.5; only 0/1 enzymes produced a fit; no PTR estimate	BcgI:only 0 windows after outlier trimming	no enzyme produced a usable estimate
SF027.BcgI	GCF_003492425.1	s__Neisseria_lactamica	NA	NA	NA	0.008438818565	NA	NA	NA	0	NA	NA	NA	NA	0	1	0	-	NA	fixed	NA	none	0	False	containment 0.01 < 0.5; only 0/1 enzymes produced a fit; no PTR estimate	BcgI:only 2 windows after outlier trimming	no enzyme produced a usable estimate
SF027.BcgI	GCF_003493605.1	s__Haemophilus_haemolyticus_J	NA	NA	NA	0	NA	NA	NA	0	NA	NA	NA	NA	0	1	0	-	NA	fixed	NA	none	0	False	containment 0.00 < 0.5; only 0/1 enzymes produced a fit; no PTR estimate	BcgI:only 0 windows after outlier trimming	no enzyme produced a usable estimate
SF027.BcgI	GCF_003570845.1	s__Allisonella_pneumosintes	NA	NA	NA	0	NA	NA	NA	0	NA	NA	NA	NA	0	1	0	-	NA	fixed	NA	none	0	False	containment 0.00 < 0.5; only 0/1 enzymes produced a fit; no PTR estimate	BcgI:only 0 windows after outlier trimming	no enzyme produced a usable estimate
SF027.BcgI	GCF_003603405.1	s__Streptococcus_koreensis	NA	NA	NA	0.01152737752	NA	NA	NA	0	NA	NA	NA	NA	0	1	0	-	NA	fixed	NA	none	0	False	containment 0.01 < 0.5; only 0/1 enzymes produced a fit; no PTR estimate	BcgI:only 3 windows after outlier trimming	no enzyme produced a usable estimate
SF027.BcgI	GCF_003609775.1	s__Prevotella_melaninogenica_A	NA	NA	NA	0.00269179004	NA	NA	NA	0	NA	NA	NA	NA	0	1	0	-	NA	fixed	NA	none	0	False	containment 0.00 < 0.5; only 0/1 enzymes produced a fit; no PTR estimate	BcgI:only 1 windows after outlier trimming	no enzyme produced a usable estimate
SF027.BcgI	GCF_003627155.1	s__Streptococcus_gwangjuense	NA	NA	NA	0	NA	NA	NA	0	NA	NA	NA	NA	0	1	0	-	NA	fixed	NA	none	0	False	containment 0.00 < 0.5; only 0/1 enzymes produced a fit; no PTR estimate	BcgI:only 0 windows after outlier trimming	no enzyme produced a usable estimate
SF027.BcgI	GCF_003660455.1	s__Nocardioides_sp003660455	NA	NA	NA	0.0001773049645	NA	NA	NA	0	NA	NA	NA	NA	0	1	0	-	NA	fixed	NA	none	0	False	containment 0.00 < 0.5; only 0/1 enzymes produced a fit; no PTR estimate	BcgI:only 0 windows after outlier trimming	no enzyme produced a usable estimate
SF027.BcgI	GCF_003710825.1	s__Brevibacillus_D_fluminis	NA	NA	NA	0	NA	NA	NA	0	NA	NA	NA	NA	0	1	0	-	NA	fixed	NA	none	0	False	containment 0.00 < 0.5; only 0/1 enzymes produced a fit; no PTR estimate	BcgI:only 0 windows after outlier trimming	no enzyme produced a usable estimate
SF027.BcgI	GCF_003710885.1	s__Brevibacillus_agri	NA	NA	NA	0	NA	NA	NA	0	NA	NA	NA	NA	0	1	0	-	NA	fixed	NA	none	0	False	containment 0.00 < 0.5; only 0/1 enzymes produced a fit; no PTR estimate	BcgI:only 0 windows after outlier trimming	no enzyme produced a usable estimate
SF027.BcgI	GCF_003790445.1	s__Neisseria_chenwenguii	NA	NA	NA	0.0004885197851	NA	NA	NA	0	NA	NA	NA	NA	0	1	0	-	NA	fixed	NA	none	0	False	containment 0.00 < 0.5; only 0/1 enzymes produced a fit; no PTR estimate	BcgI:only 0 windows after outlier trimming	no enzyme produced a usable estimate
SF027.BcgI	GCF_003797385.1	s__Arachnia_propionica	NA	NA	NA	0.0003921568627	NA	NA	NA	0	NA	NA	NA	NA	0	1	0	-	NA	fixed	NA	none	0	False	containment 0.00 < 0.5; only 0/1 enzymes produced a fit; no PTR estimate	BcgI:only 1 windows after outlier trimming	no enzyme produced a usable estimate
SF027.BcgI	GCF_003798325.1	s__Propionibacterium_acidifaciens	NA	NA	NA	0.005712567649	NA	NA	NA	0	NA	NA	NA	NA	0	1	0	-	NA	fixed	NA	none	0	False	containment 0.01 < 0.5; only 0/1 enzymes produced a fit; no PTR estimate	BcgI:only 2 windows after outlier trimming	no enzyme produced a usable estimate
SF027.BcgI	GCF_003813805.1	s__Neisseria_sp002327085	NA	NA	NA	0	NA	NA	NA	0	NA	NA	NA	NA	0	1	0	-	NA	fixed	NA	none	0	False	containment 0.00 < 0.5; only 0/1 enzymes produced a fit; no PTR estimate	BcgI:only 0 windows after outlier trimming	no enzyme produced a usable estimate
SF027.BcgI	GCF_003837955.1	s__Campylobacter_D_hepaticus	NA	NA	NA	0	NA	NA	NA	0	NA	NA	NA	NA	0	1	0	-	NA	fixed	NA	none	0	False	containment 0.00 < 0.5; only 0/1 enzymes produced a fit; no PTR estimate	BcgI:only 0 windows after outlier trimming	no enzyme produced a usable estimate
SF027.BcgI	GCF_003851545.1	s__Ralstonia_sp003851545	NA	NA	NA	0	NA	NA	NA	0	NA	NA	NA	NA	0	1	0	-	NA	fixed	NA	none	0	False	containment 0.00 < 0.5; only 0/1 enzymes produced a fit; no PTR estimate	BcgI:only 0 windows after outlier trimming	no enzyme produced a usable estimate
SF027.BcgI	GCF_003853905.1	s__Burkholderia_contaminans	NA	NA	NA	0	NA	NA	NA	0	NA	NA	NA	NA	0	1	0	-	NA	fixed	NA	none	0	False	containment 0.00 < 0.5; only 0/1 enzymes produced a fit; no PTR estimate	BcgI:only 0 windows after outlier trimming	no enzyme produced a usable estimate
SF027.BcgI	GCF_003859795.1	s__F0040_sp003859795	NA	NA	NA	0.0004651162791	NA	NA	NA	0	NA	NA	NA	NA	0	1	0	-	NA	fixed	NA	none	0	False	containment 0.00 < 0.5; only 0/1 enzymes produced a fit; no PTR estimate	BcgI:only 1 windows after outlier trimming	no enzyme produced a usable estimate
SF027.BcgI	GCF_003859805.1	s__Arachnia_propionica_C	NA	NA	NA	0	NA	NA	NA	0	NA	NA	NA	NA	0	1	0	-	NA	fixed	NA	none	0	False	containment 0.00 < 0.5; only 0/1 enzymes produced a fit; no PTR estimate	BcgI:only 0 windows after outlier trimming	no enzyme produced a usable estimate
SF027.BcgI	GCF_003862475.1	s__Lachnoanaerobaculum_gingivalis	NA	NA	NA	0.003048780488	NA	NA	NA	0	NA	NA	NA	NA	0	1	0	-	NA	fixed	NA	none	0	False	containment 0.00 < 0.5; only 0/1 enzymes produced a fit; no PTR estimate	BcgI:only 1 windows after outlier trimming	no enzyme produced a usable estimate
SF027.BcgI	GCF_003892345.1	s__Lautropia_dentalis	526.8939394	57.97566588	0.01454545455	0.004612045578	113.1666164	6.822304623	NA	1100	0.9998850358	1.88856152	3.120792061	10.52381719	1	1	1	BcgI	NA	fixed	1705366.187	glm	11	False	fraction 0.01 < 0.75; dispersion 57.98 > 5.0; containment 0.00 < 0.5	-	single enzyme: no cross-enzyme consistency check available
SF027.BcgI	GCF_003932785.1	s__Arachnia_propionica_B	NA	NA	NA	0	NA	NA	NA	0	NA	NA	NA	NA	0	1	0	-	NA	fixed	NA	none	0	False	containment 0.00 < 0.5; only 0/1 enzymes produced a fit; no PTR estimate	BcgI:only 0 windows after outlier trimming	no enzyme produced a usable estimate
SF027.BcgI	GCF_003932855.1	s__Arachnia_sp003932855	NA	NA	NA	0	NA	NA	NA	0	NA	NA	NA	NA	0	1	0	-	NA	fixed	NA	none	0	False	containment 0.00 < 0.5; only 0/1 enzymes produced a fit; no PTR estimate	BcgI:only 0 windows after outlier trimming	no enzyme produced a usable estimate
SF027.BcgI	GCF_003942575.1	s__Streptococcus_mitis_S	NA	NA	NA	0	NA	NA	NA	0	NA	NA	NA	NA	0	1	0	-	NA	fixed	NA	none	0	False	containment 0.00 < 0.5; only 0/1 enzymes produced a fit; no PTR estimate	BcgI:only 0 windows after outlier trimming	no enzyme produced a usable estimate
SF027.BcgI	GCF_003942585.1	s__Streptococcus_oralis_BE	NA	NA	NA	0	NA	NA	NA	0	NA	NA	NA	NA	0	1	0	-	NA	fixed	NA	none	0	False	containment 0.00 < 0.5; only 0/1 enzymes produced a fit; no PTR estimate	BcgI:only 0 windows after outlier trimming	no enzyme produced a usable estimate
SF027.BcgI	GCF_003942665.1	s__Streptococcus_oralis_BD	NA	NA	NA	0	NA	NA	NA	0	NA	NA	NA	NA	0	1	0	-	NA	fixed	NA	none	0	False	containment 0.00 < 0.5; only 0/1 enzymes produced a fit; no PTR estimate	BcgI:only 0 windows after outlier trimming	no enzyme produced a usable estimate
SF027.BcgI	GCF_003942775.1	s__Streptococcus_mitis_AK	NA	NA	NA	0	NA	NA	NA	0	NA	NA	NA	NA	0	1	0	-	NA	fixed	NA	none	0	False	containment 0.00 < 0.5; only 0/1 enzymes produced a fit; no PTR estimate	BcgI:only 0 windows after outlier trimming	no enzyme produced a usable estimate
SF027.BcgI	GCF_003942795.1	s__Streptococcus_mitis_BJ	NA	NA	NA	0	NA	NA	NA	0	NA	NA	NA	NA	0	1	0	-	NA	fixed	NA	none	0	False	containment 0.00 < 0.5; only 0/1 enzymes produced a fit; no PTR estimate	BcgI:only 0 windows after outlier trimming	no enzyme produced a usable estimate
SF027.BcgI	GCF_003942865.1	s__Streptococcus_mitis_BI	NA	NA	NA	0	NA	NA	NA	0	NA	NA	NA	NA	0	1	0	-	NA	fixed	NA	none	0	False	containment 0.00 < 0.5; only 0/1 enzymes produced a fit; no PTR estimate	BcgI:only 0 windows after outlier trimming	no enzyme produced a usable estimate
SF027.BcgI	GCF_003942915.1	s__Streptococcus_mitis_AX	NA	NA	NA	0.01176470588	NA	NA	NA	0	NA	NA	NA	NA	0	1	0	-	NA	fixed	NA	none	0	False	containment 0.01 < 0.5; only 0/1 enzymes produced a fit; no PTR estimate	BcgI:only 0 windows after outlier trimming	no enzyme produced a usable estimate
SF027.BcgI	GCF_003942945.1	s__Streptococcus_mitis_BD	NA	NA	NA	0	NA	NA	NA	0	NA	NA	NA	NA	0	1	0	-	NA	fixed	NA	none	0	False	containment 0.00 < 0.5; only 0/1 enzymes produced a fit; no PTR estimate	BcgI:only 0 windows after outlier trimming	no enzyme produced a usable estimate
SF027.BcgI	GCF_003942965.1	s__Streptococcus_mitis_BH	NA	NA	NA	0.01219512195	NA	NA	NA	0	NA	NA	NA	NA	0	1	0	-	NA	fixed	NA	none	0	False	containment 0.01 < 0.5; only 0/1 enzymes produced a fit; no PTR estimate	BcgI:only 1 windows after outlier trimming	no enzyme produced a usable estimate
SF027.BcgI	GCF_003942985.1	s__Streptococcus_oralis_G	NA	NA	NA	0	NA	NA	NA	0	NA	NA	NA	NA	0	1	0	-	NA	fixed	NA	none	0	False	containment 0.00 < 0.5; only 0/1 enzymes produced a fit; no PTR estimate	BcgI:only 0 windows after outlier trimming	no enzyme produced a usable estimate
SF027.BcgI	GCF_003943395.1	s__Streptococcus_oralis_BF	NA	NA	NA	0	NA	NA	NA	0	NA	NA	NA	NA	0	1	0	-	NA	fixed	NA	none	0	False	containment 0.00 < 0.5; only 0/1 enzymes produced a fit; no PTR estimate	BcgI:only 0 windows after outlier trimming	no enzyme produced a usable estimate
SF027.BcgI	GCF_003943415.1	s__Streptococcus_oralis_BJ	NA	NA	NA	0	NA	NA	NA	0	NA	NA	NA	NA	0	1	0	-	NA	fixed	NA	none	0	False	containment 0.00 < 0.5; only 0/1 enzymes produced a fit; no PTR estimate	BcgI:only 0 windows after outlier trimming	no enzyme produced a usable estimate
SF027.BcgI	GCF_003943505.1	s__Streptococcus_cristatus_E	NA	NA	NA	0.00487804878	NA	NA	NA	0	NA	NA	NA	NA	0	1	0	-	NA	fixed	NA	none	0	False	containment 0.00 < 0.5; only 0/1 enzymes produced a fit; no PTR estimate	BcgI:only 1 windows after outlier trimming	no enzyme produced a usable estimate
SF027.BcgI	GCF_003943515.1	s__Streptococcus_cristatus_D	NA	NA	NA	0	NA	NA	NA	0	NA	NA	NA	NA	0	1	0	-	NA	fixed	NA	none	0	False	containment 0.00 < 0.5; only 0/1 enzymes produced a fit; no PTR estimate	BcgI:only 0 windows after outlier trimming	no enzyme produced a usable estimate
SF027.BcgI	GCF_003943735.1	s__Streptococcus_sanguinis_E	176.2	136.0212826	0.05893925429	0.03347280335	191.3590715	7.580138484	NA	135	0.9999999633	0.9202504727	5.776480701	9.383796267	1	1	1	BcgI	NA	fixed	1760537.928	glm	5	False	fraction 0.06 < 0.75; dispersion 136.02 > 5.0; containment 0.03 < 0.5	-	single enzyme: no cross-enzyme consistency check available
SF027.BcgI	GCF_003943815.1	s__Streptococcus_cristatus_F	NA	NA	NA	0	NA	NA	NA	0	NA	NA	NA	NA	0	1	0	-	NA	fixed	NA	none	0	False	containment 0.00 < 0.5; only 0/1 enzymes produced a fit; no PTR estimate	BcgI:only 0 windows after outlier trimming	no enzyme produced a usable estimate
SF027.BcgI	GCF_003943935.1	s__Streptococcus_mitis_BK	NA	NA	NA	0	NA	NA	NA	0	NA	NA	NA	NA	0	1	0	-	NA	fixed	NA	none	0	False	containment 0.00 < 0.5; only 0/1 enzymes produced a fit; no PTR estimate	BcgI:only 0 windows after outlier trimming	no enzyme produced a usable estimate
SF027.BcgI	GCF_003943955.1	s__Streptococcus_oralis_AC	NA	NA	NA	0	NA	NA	NA	0	NA	NA	NA	NA	0	1	0	-	NA	fixed	NA	none	0	False	containment 0.00 < 0.5; only 0/1 enzymes produced a fit; no PTR estimate	BcgI:only 0 windows after outlier trimming	no enzyme produced a usable estimate
SF027.BcgI	GCF_003944205.1	s__Streptococcus_oralis_BH	NA	NA	NA	0	NA	NA	NA	0	NA	NA	NA	NA	0	1	0	-	NA	fixed	NA	none	0	False	containment 0.00 < 0.5; only 0/1 enzymes produced a fit; no PTR estimate	BcgI:only 0 windows after outlier trimming	no enzyme produced a usable estimate
SF027.BcgI	GCF_003944215.1	s__Streptococcus_oralis_BI	NA	NA	NA	0	NA	NA	NA	0	NA	NA	NA	NA	0	1	0	-	NA	fixed	NA	none	0	False	containment 0.00 < 0.5; only 0/1 enzymes produced a fit; no PTR estimate	BcgI:only 0 windows after outlier trimming	no enzyme produced a usable estimate
SF027.BcgI	GCF_003944225.1	s__Streptococcus_cristatus_C	NA	NA	NA	0.01015228426	NA	NA	NA	0	NA	NA	NA	NA	0	1	0	-	NA	fixed	NA	none	0	False	containment 0.01 < 0.5; only 0/1 enzymes produced a fit; no PTR estimate	BcgI:only 1 windows after outlier trimming	no enzyme produced a usable estimate
SF027.BcgI	GCF_003944325.1	s__Streptococcus_mitis_O	NA	NA	NA	0	NA	NA	NA	0	NA	NA	NA	NA	0	1	0	-	NA	fixed	NA	none	0	False	containment 0.00 < 0.5; only 0/1 enzymes produced a fit; no PTR estimate	BcgI:only 0 windows after outlier trimming	no enzyme produced a usable estimate
SF027.BcgI	GCF_003944465.1	s__Streptococcus_sanguinis_F	NA	NA	NA	0.03238866397	NA	NA	NA	0	NA	NA	NA	NA	0	1	0	-	NA	fixed	NA	none	0	False	containment 0.03 < 0.5; only 0/1 enzymes produced a fit; no PTR estimate	BcgI:only 3 windows after outlier trimming	no enzyme produced a usable estimate
SF027.BcgI	GCF_003964245.1	s__Enterobacter_hormaechei_A	NA	NA	NA	0.0003128911139	NA	NA	NA	0	NA	NA	NA	NA	0	1	0	-	NA	fixed	NA	none	0	False	containment 0.00 < 0.5; only 0/1 enzymes produced a fit; no PTR estimate	BcgI:only 1 windows after outlier trimming	no enzyme produced a usable estimate
SF027.BcgI	GCF_003977605.1	s__Prevotella_koreensis	NA	NA	NA	0	NA	NA	NA	0	NA	NA	NA	NA	0	1	0	-	NA	fixed	NA	none	0	False	containment 0.00 < 0.5; only 0/1 enzymes produced a fit; no PTR estimate	BcgI:only 0 windows after outlier trimming	no enzyme produced a usable estimate
SF027.BcgI	GCF_003990355.1	s__Eikenella_corrodens_B	NA	NA	NA	0.002683363148	NA	NA	NA	0	NA	NA	NA	NA	0	1	0	-	NA	fixed	NA	none	0	False	containment 0.00 < 0.5; only 0/1 enzymes produced a fit; no PTR estimate	BcgI:only 2 windows after outlier trimming	no enzyme produced a usable estimate
SF027.BcgI	GCF_003992005.1	s__F0422_sp003992005	NA	NA	NA	0	NA	NA	NA	0	NA	NA	NA	NA	0	1	0	-	NA	fixed	NA	none	0	False	containment 0.00 < 0.5; only 0/1 enzymes produced a fit; no PTR estimate	BcgI:only 0 windows after outlier trimming	no enzyme produced a usable estimate
SF027.BcgI	GCF_003992055.1	s__F0422_sp003992055	NA	NA	NA	0	NA	NA	NA	0	NA	NA	NA	NA	0	1	0	-	NA	fixed	NA	none	0	False	containment 0.00 < 0.5; only 0/1 enzymes produced a fit; no PTR estimate	BcgI:only 0 windows after outlier trimming	no enzyme produced a usable estimate
SF027.BcgI	GCF_003992085.1	s__F0422_sp003992015	NA	NA	NA	0	NA	NA	NA	0	NA	NA	NA	NA	0	1	0	-	NA	fixed	NA	none	0	False	containment 0.00 < 0.5; only 0/1 enzymes produced a fit; no PTR estimate	BcgI:only 0 windows after outlier trimming	no enzyme produced a usable estimate
SF027.BcgI	GCF_003992135.1	s__F0422_sp003992135	NA	NA	NA	0	NA	NA	NA	0	NA	NA	NA	NA	0	1	0	-	NA	fixed	NA	none	0	False	containment 0.00 < 0.5; only 0/1 enzymes produced a fit; no PTR estimate	BcgI:only 0 windows after outlier trimming	no enzyme produced a usable estimate
SF027.BcgI	GCF_003992235.1	s__F0422_sp001553345	NA	NA	NA	0	NA	NA	NA	0	NA	NA	NA	NA	0	1	0	-	NA	fixed	NA	none	0	False	containment 0.00 < 0.5; only 0/1 enzymes produced a fit; no PTR estimate	BcgI:only 0 windows after outlier trimming	no enzyme produced a usable estimate
SF027.BcgI	GCF_003992315.1	s__F0422_sp003992315	NA	NA	NA	0	NA	NA	NA	0	NA	NA	NA	NA	0	1	0	-	NA	fixed	NA	none	0	False	containment 0.00 < 0.5; only 0/1 enzymes produced a fit; no PTR estimate	BcgI:only 0 windows after outlier trimming	no enzyme produced a usable estimate
SF027.BcgI	GCF_004000985.1	s__Paenibacillus_G_validus	NA	NA	NA	0	NA	NA	NA	0	NA	NA	NA	NA	0	1	0	-	NA	fixed	NA	none	0	False	containment 0.00 < 0.5; only 0/1 enzymes produced a fit; no PTR estimate	BcgI:only 0 windows after outlier trimming	no enzyme produced a usable estimate
SF027.BcgI	GCF_004025845.1	s__Janibacter_hoylei	48.83325763	NA	0.01013729235	0.001439884809	5.700355558	2.51105191	NA	602	0.8056782499	1.586604928	-0.5986366061	5.620740426	1	1	1	BcgI	NA	fixed	3047522.077	glm	6	False	fraction 0.01 < 0.75; containment 0.00 < 0.5	-	single enzyme: no cross-enzyme consistency check available
SF027.BcgI	GCF_004114445.1	s__Bradyrhizobium_guangzhouense	NA	NA	NA	0	NA	NA	NA	0	NA	NA	NA	NA	0	1	0	-	NA	fixed	NA	none	0	False	containment 0.00 < 0.5; only 0/1 enzymes produced a fit; no PTR estimate	BcgI:only 0 windows after outlier trimming	no enzyme produced a usable estimate
SF027.BcgI	GCF_004127235.1	s__Streptococcus_sp000831085	NA	NA	NA	0	NA	NA	NA	0	NA	NA	NA	NA	0	1	0	-	NA	fixed	NA	none	0	False	containment 0.00 < 0.5; only 0/1 enzymes produced a fit; no PTR estimate	BcgI:only 0 windows after outlier trimming	no enzyme produced a usable estimate
SF027.BcgI	GCF_004134945.1	s__Fusobacterium_C_necrophorum	NA	NA	NA	0	NA	NA	NA	0	NA	NA	NA	NA	0	1	0	-	NA	fixed	NA	none	0	False	containment 0.00 < 0.5; only 0/1 enzymes produced a fit; no PTR estimate	BcgI:only 0 windows after outlier trimming	no enzyme produced a usable estimate
SF027.BcgI	GCF_004136315.1	s__Mesorhizobium_sp004136315	NA	NA	NA	9.926543578e-05	NA	NA	NA	0	NA	NA	NA	NA	0	1	0	-	NA	fixed	NA	none	0	False	containment 0.00 < 0.5; only 0/1 enzymes produced a fit; no PTR estimate	BcgI:only 0 windows after outlier trimming	no enzyme produced a usable estimate
SF027.BcgI	GCF_004136555.1	s__Kocuria_carniphila	NA	NA	NA	0	NA	NA	NA	0	NA	NA	NA	NA	0	1	0	-	NA	fixed	NA	none	0	False	containment 0.00 < 0.5; only 0/1 enzymes produced a fit; no PTR estimate	BcgI:only 0 windows after outlier trimming	no enzyme produced a usable estimate
SF027.BcgI	GCF_004138405.1	s__UBA2866_sp004138405	NA	NA	NA	0	NA	NA	NA	0	NA	NA	NA	NA	0	1	0	-	NA	fixed	NA	none	0	False	containment 0.00 < 0.5; only 0/1 enzymes produced a fit; no PTR estimate	BcgI:only 0 windows after outlier trimming	no enzyme produced a usable estimate
SF027.BcgI	GCF_004138455.1	s__UBA1103_sp004138455	NA	NA	NA	0	NA	NA	NA	0	NA	NA	NA	NA	0	1	0	-	NA	fixed	NA	none	0	False	containment 0.00 < 0.5; only 0/1 enzymes produced a fit; no PTR estimate	BcgI:only 0 windows after outlier trimming	no enzyme produced a usable estimate
SF027.BcgI	GCF_004151355.1	s__Dermacoccus_abyssi	NA	NA	NA	0	NA	NA	NA	0	NA	NA	NA	NA	0	1	0	-	NA	fixed	NA	none	0	False	containment 0.00 < 0.5; only 0/1 enzymes produced a fit; no PTR estimate	BcgI:only 0 windows after outlier trimming	no enzyme produced a usable estimate
SF027.BcgI	GCF_004151455.1	s__UMGS1907_sp004151455	NA	NA	NA	0	NA	NA	NA	0	NA	NA	NA	NA	0	1	0	-	NA	fixed	NA	none	0	False	containment 0.00 < 0.5; only 0/1 enzymes produced a fit; no PTR estimate	BcgI:only 0 windows after outlier trimming	no enzyme produced a usable estimate
SF027.BcgI	GCF_004209755.1	s__Pseudoduganella_lutea	NA	NA	NA	0	NA	NA	NA	0	NA	NA	NA	NA	0	1	0	-	NA	fixed	NA	none	0	False	containment 0.00 < 0.5; only 0/1 enzymes produced a fit; no PTR estimate	BcgI:only 0 windows after outlier trimming	no enzyme produced a usable estimate
SF027.BcgI	GCF_004340985.1	s__Cricetibacter_osteomyelitidis	NA	NA	NA	0	NA	NA	NA	0	NA	NA	NA	NA	0	1	0	-	NA	fixed	NA	none	0	False	containment 0.00 < 0.5; only 0/1 enzymes produced a fit; no PTR estimate	BcgI:only 0 windows after outlier trimming	no enzyme produced a usable estimate
SF027.BcgI	GCF_004341385.1	s__Neisseria_suis	NA	NA	NA	0.0005045408678	NA	NA	NA	0	NA	NA	NA	NA	0	1	0	-	NA	fixed	NA	none	0	False	containment 0.00 < 0.5; only 0/1 enzymes produced a fit; no PTR estimate	BcgI:only 0 windows after outlier trimming	no enzyme produced a usable estimate
SF027.BcgI	GCF_004349225.1	s__Saccharopolyspora_sp004348435	NA	NA	NA	0	NA	NA	NA	0	NA	NA	NA	NA	0	1	0	-	NA	fixed	NA	none	0	False	containment 0.00 < 0.5; only 0/1 enzymes produced a fit; no PTR estimate	BcgI:only 0 windows after outlier trimming	no enzyme produced a usable estimate
SF027.BcgI	GCF_004353325.1	s__Streptococcus_sp004353325	NA	NA	NA	0.02816901408	NA	NA	NA	0	NA	NA	NA	NA	0	1	0	-	NA	fixed	NA	none	0	False	containment 0.03 < 0.5; only 0/1 enzymes produced a fit; no PTR estimate	BcgI:only 1 windows after outlier trimming	no enzyme produced a usable estimate
SF027.BcgI	GCF_004363295.1	s__Mesocricetibacter_intestinalis	NA	NA	NA	0	NA	NA	NA	0	NA	NA	NA	NA	0	1	0	-	NA	fixed	NA	none	0	False	containment 0.00 < 0.5; only 0/1 enzymes produced a fit; no PTR estimate	BcgI:only 0 windows after outlier trimming	no enzyme produced a usable estimate
SF027.BcgI	GCF_004365115.1	s__Stenotrophomonas_maltophilia_AJ	90.33333333	NA	0.01	0.001309635173	1.556977726	0.6387483051	NA	600	0.8761913009	0.1717050553	0.3022125808	0.9752840294	1	1	1	BcgI	NA	fixed	1740609	glm	6	False	fraction 0.01 < 0.75; containment 0.00 < 0.5	-	single enzyme: no cross-enzyme consistency check available
SF027.BcgI	GCF_004525795.1	s__Actinomyces_viscosus	NA	NA	NA	0.0009442870633	NA	NA	NA	0	NA	NA	NA	NA	0	1	0	-	NA	fixed	NA	none	0	False	containment 0.00 < 0.5; only 0/1 enzymes produced a fit; no PTR estimate	BcgI:only 0 windows after outlier trimming	no enzyme produced a usable estimate
SF027.BcgI	GCF_004569405.1	s__Neisseria_musculi	NA	NA	NA	0.0009910802775	NA	NA	NA	0	NA	NA	NA	NA	0	1	0	-	NA	fixed	NA	none	0	False	containment 0.00 < 0.5; only 0/1 enzymes produced a fit; no PTR estimate	BcgI:only 0 windows after outlier trimming	no enzyme produced a usable estimate
SF027.BcgI	GCF_004803795.1	s__Campylobacter_A_rectus	NA	NA	NA	0	NA	NA	NA	0	NA	NA	NA	NA	0	1	0	-	NA	fixed	NA	none	0	False	containment 0.00 < 0.5; only 0/1 enzymes produced a fit; no PTR estimate	BcgI:only 0 windows after outlier trimming	no enzyme produced a usable estimate
SF027.BcgI	GCF_004803815.1	s__Campylobacter_A_showae	NA	NA	NA	0.001404494382	NA	NA	NA	0	NA	NA	NA	NA	0	1	0	-	NA	fixed	NA	none	0	False	containment 0.00 < 0.5; only 0/1 enzymes produced a fit; no PTR estimate	BcgI:only 1 windows after outlier trimming	no enzyme produced a usable estimate
SF027.BcgI	GCF_005217565.1	s__Puteibacter_caeruleilacunae	NA	NA	NA	0	NA	NA	NA	0	NA	NA	NA	NA	0	1	0	-	NA	fixed	NA	none	0	False	containment 0.00 < 0.5; only 0/1 enzymes produced a fit; no PTR estimate	BcgI:only 0 windows after outlier trimming	no enzyme produced a usable estimate
SF027.BcgI	GCF_005405725.1	s__Bifidobacterium_moukalabense	NA	NA	NA	0.0003159557662	NA	NA	NA	0	NA	NA	NA	NA	0	1	0	-	NA	fixed	NA	none	0	False	containment 0.00 < 0.5; only 0/1 enzymes produced a fit; no PTR estimate	BcgI:only 1 windows after outlier trimming	no enzyme produced a usable estimate
SF027.BcgI	GCF_005696695.1	s__Pauljensenia_odontolytica_C	131.9848485	120.0731487	0.03121878122	0.01610429448	3.140356532	1.650928361	NA	576	0.9999935839	1.638356045	-1.560190481	4.862047202	1	1	1	BcgI	NA	fixed	983710.7869	glm	11	False	fraction 0.03 < 0.75; dispersion 120.07 > 5.0; containment 0.02 < 0.5	-	single enzyme: no cross-enzyme consistency check available
SF027.BcgI	GCF_005697565.1	s__TM7x_sp005697565	NA	NA	NA	0	NA	NA	NA	0	NA	NA	NA	NA	0	1	0	-	NA	fixed	NA	none	0	False	containment 0.00 < 0.5; only 0/1 enzymes produced a fit; no PTR estimate	BcgI:only 0 windows after outlier trimming	no enzyme produced a usable estimate
SF027.BcgI	GCF_005844455.1	s__Streptococcus_mitis_BF	NA	NA	NA	0	NA	NA	NA	0	NA	NA	NA	NA	0	1	0	-	NA	fixed	NA	none	0	False	containment 0.00 < 0.5; only 0/1 enzymes produced a fit; no PTR estimate	BcgI:only 0 windows after outlier trimming	no enzyme produced a usable estimate
SF027.BcgI	GCF_005864335.1	s__Lactococcus_A_raffinolactis	NA	NA	NA	0	NA	NA	NA	0	NA	NA	NA	NA	0	1	0	-	NA	fixed	NA	none	0	False	containment 0.00 < 0.5; only 0/1 enzymes produced a fit; no PTR estimate	BcgI:only 0 windows after outlier trimming	no enzyme produced a usable estimate
SF027.BcgI	GCF_005937465.1	s__Cutibacterium_acnes	76.92857143	66.48279524	0.01197044335	0.003429878049	1.680412471	0.7488153976	NA	745	0.9270712229	0.4939286738	-0.219267014	1.716897809	1	1	1	BcgI	NA	fixed	1160881.731	glm	7	False	fraction 0.01 < 0.75; dispersion 66.48 > 5.0; containment 0.00 < 0.5	-	single enzyme: no cross-enzyme consistency check available
SF027.BcgI	GCF_006175905.1	s__Streptococcus_oralis_BG	NA	NA	NA	0.01550387597	NA	NA	NA	0	NA	NA	NA	NA	0	1	0	-	NA	fixed	NA	none	0	False	containment 0.02 < 0.5; only 0/1 enzymes produced a fit; no PTR estimate	BcgI:only 2 windows after outlier trimming	no enzyme produced a usable estimate
SF027.BcgI	GCF_006384255.1	s__Haemophilus_sp002998595	NA	NA	NA	0	NA	NA	NA	0	NA	NA	NA	NA	0	1	0	-	NA	fixed	NA	none	0	False	containment 0.00 < 0.5; only 0/1 enzymes produced a fit; no PTR estimate	BcgI:only 0 windows after outlier trimming	no enzyme produced a usable estimate
SF027.BcgI	GCF_006385365.1	s__Tannerella_forsythia	NA	NA	NA	0	NA	NA	NA	0	NA	NA	NA	NA	0	1	0	-	NA	fixed	NA	none	0	False	containment 0.00 < 0.5; only 0/1 enzymes produced a fit; no PTR estimate	BcgI:only 0 windows after outlier trimming	no enzyme produced a usable estimate
SF027.BcgI	GCF_006385785.1	s__Streptococcus_pneumoniae_D	NA	NA	NA	0	NA	NA	NA	0	NA	NA	NA	NA	0	1	0	-	NA	fixed	NA	none	0	False	containment 0.00 < 0.5; only 0/1 enzymes produced a fit; no PTR estimate	BcgI:only 0 windows after outlier trimming	no enzyme produced a usable estimate
SF027.BcgI	GCF_006385805.1	s__Streptococcus_sp001587175	NA	NA	NA	0.01834862385	NA	NA	NA	0	NA	NA	NA	NA	0	1	0	-	NA	fixed	NA	none	0	False	containment 0.02 < 0.5; only 0/1 enzymes produced a fit; no PTR estimate	BcgI:only 3 windows after outlier trimming	no enzyme produced a usable estimate
SF027.BcgI	GCF_006546835.1	s__Actinomyces_johnsonii	NA	NA	NA	0	NA	NA	NA	0	NA	NA	NA	NA	0	1	0	-	NA	fixed	NA	none	0	False	containment 0.00 < 0.5; only 0/1 enzymes produced a fit; no PTR estimate	BcgI:only 0 windows after outlier trimming	no enzyme produced a usable estimate
SF027.BcgI	GCF_006716265.1	s__Rarobacter_faecitabidus	NA	NA	NA	0	NA	NA	NA	0	NA	NA	NA	NA	0	1	0	-	NA	fixed	NA	none	0	False	containment 0.00 < 0.5; only 0/1 enzymes produced a fit; no PTR estimate	BcgI:only 0 windows after outlier trimming	no enzyme produced a usable estimate
SF027.BcgI	GCF_007113795.1	s__Acinetobacter_baumannii	NA	NA	NA	0.000790513834	NA	NA	NA	0	NA	NA	NA	NA	0	1	0	-	NA	fixed	NA	none	0	False	containment 0.00 < 0.5; only 0/1 enzymes produced a fit; no PTR estimate	BcgI:only 1 windows after outlier trimming	no enzyme produced a usable estimate
SF027.BcgI	GCF_007672025.1	s__Corynebacterium_propinquum	NA	NA	NA	0	NA	NA	NA	0	NA	NA	NA	NA	0	1	0	-	NA	fixed	NA	none	0	False	containment 0.00 < 0.5; only 0/1 enzymes produced a fit; no PTR estimate	BcgI:only 0 windows after outlier trimming	no enzyme produced a usable estimate
SF027.BcgI	GCF_007673265.1	s__Bacillus_A_bombysepticus	NA	NA	NA	0	NA	NA	NA	0	NA	NA	NA	NA	0	1	0	-	NA	fixed	NA	none	0	False	containment 0.00 < 0.5; only 0/1 enzymes produced a fit; no PTR estimate	BcgI:only 0 windows after outlier trimming	no enzyme produced a usable estimate
SF027.BcgI	GCF_007681555.1	s__Kocuria_salsicia	NA	NA	NA	0.0004171881519	NA	NA	NA	0	NA	NA	NA	NA	0	1	0	-	NA	fixed	NA	none	0	False	containment 0.00 < 0.5; only 0/1 enzymes produced a fit; no PTR estimate	BcgI:only 0 windows after outlier trimming	no enzyme produced a usable estimate
SF027.BcgI	GCF_007785845.1	s__Lactobacillus_paragasseri	NA	NA	NA	0	NA	NA	NA	0	NA	NA	NA	NA	0	1	0	-	NA	fixed	NA	none	0	False	containment 0.00 < 0.5; only 0/1 enzymes produced a fit; no PTR estimate	BcgI:only 0 windows after outlier trimming	no enzyme produced a usable estimate
SF027.BcgI	GCF_007829675.1	s__Micrococcus_luteus	NA	NA	NA	0	NA	NA	NA	0	NA	NA	NA	NA	0	1	0	-	NA	fixed	NA	none	0	False	containment 0.00 < 0.5; only 0/1 enzymes produced a fit; no PTR estimate	BcgI:only 0 windows after outlier trimming	no enzyme produced a usable estimate
SF027.BcgI	GCF_007845165.1	s__UBA2866_sp007845165	NA	NA	NA	0	NA	NA	NA	0	NA	NA	NA	NA	0	1	0	-	NA	fixed	NA	none	0	False	containment 0.00 < 0.5; only 0/1 enzymes produced a fit; no PTR estimate	BcgI:only 0 windows after outlier trimming	no enzyme produced a usable estimate
SF027.BcgI	GCF_007845205.1	s__SDRK01_sp007845205	NA	NA	NA	0	NA	NA	NA	0	NA	NA	NA	NA	0	1	0	-	NA	fixed	NA	none	0	False	containment 0.00 < 0.5; only 0/1 enzymes produced a fit; no PTR estimate	BcgI:only 0 windows after outlier trimming	no enzyme produced a usable estimate
SF027.BcgI	GCF_007845265.1	s__TM7x_sp007845355	NA	NA	NA	0.01960784314	NA	NA	NA	0	NA	NA	NA	NA	0	1	0	-	NA	fixed	NA	none	0	False	containment 0.02 < 0.5; only 0/1 enzymes produced a fit; no PTR estimate	BcgI:only 3 windows after outlier trimming	no enzyme produced a usable estimate
SF027.BcgI	GCF_007855915.1	s__Geobacillus_thermoleovorans	NA	NA	NA	0	NA	NA	NA	0	NA	NA	NA	NA	0	1	0	-	NA	fixed	NA	none	0	False	containment 0.00 < 0.5; only 0/1 enzymes produced a fit; no PTR estimate	BcgI:only 0 windows after outlier trimming	no enzyme produced a usable estimate
SF027.BcgI	GCF_007990245.1	s__Cellulomonas_composti	NA	NA	NA	0	NA	NA	NA	0	NA	NA	NA	NA	0	1	0	-	NA	fixed	NA	none	0	False	containment 0.00 < 0.5; only 0/1 enzymes produced a fit; no PTR estimate	BcgI:only 0 windows after outlier trimming	no enzyme produced a usable estimate
SF027.BcgI	GCF_007990445.1	s__Leptotrichia_wadei_A	NA	NA	NA	0.01104972376	NA	NA	NA	0	NA	NA	NA	NA	0	1	0	-	NA	fixed	NA	none	0	False	containment 0.01 < 0.5; only 0/1 enzymes produced a fit; no PTR estimate	BcgI:only 2 windows after outlier trimming	no enzyme produced a usable estimate
SF027.BcgI	GCF_007990505.1	s__Pseudoleptotrichia_goodfellowii	NA	NA	NA	0	NA	NA	NA	0	NA	NA	NA	NA	0	1	0	-	NA	fixed	NA	none	0	False	containment 0.00 < 0.5; only 0/1 enzymes produced a fit; no PTR estimate	BcgI:only 0 windows after outlier trimming	no enzyme produced a usable estimate
SF027.BcgI	GCF_007990635.1	s__Leptotrichia_hongkongensis	NA	NA	NA	0	NA	NA	NA	0	NA	NA	NA	NA	0	1	0	-	NA	fixed	NA	none	0	False	containment 0.00 < 0.5; only 0/1 enzymes produced a fit; no PTR estimate	BcgI:only 0 windows after outlier trimming	no enzyme produced a usable estimate
SF027.BcgI	GCF_007991595.1	s__Streptococcus_cristatus_B	NA	NA	NA	0	NA	NA	NA	0	NA	NA	NA	NA	0	1	0	-	NA	fixed	NA	none	0	False	containment 0.00 < 0.5; only 0/1 enzymes produced a fit; no PTR estimate	BcgI:only 0 windows after outlier trimming	no enzyme produced a usable estimate
SF027.BcgI	GCF_007991615.1	s__Novosphingobium_sediminis	NA	NA	NA	0.0001384466288	NA	NA	NA	0	NA	NA	NA	NA	0	1	0	-	NA	fixed	NA	none	0	False	containment 0.00 < 0.5; only 0/1 enzymes produced a fit; no PTR estimate	BcgI:only 1 windows after outlier trimming	no enzyme produced a usable estimate
SF027.BcgI	GCF_007997035.1	s__Ralstonia_sp007997035	NA	NA	NA	0	NA	NA	NA	0	NA	NA	NA	NA	0	1	0	-	NA	fixed	NA	none	0	False	containment 0.00 < 0.5; only 0/1 enzymes produced a fit; no PTR estimate	BcgI:only 0 windows after outlier trimming	no enzyme produced a usable estimate
SF027.BcgI	GCF_008016795.1	s__Prevotella_brunnea	NA	NA	NA	0	NA	NA	NA	0	NA	NA	NA	NA	0	1	0	-	NA	fixed	NA	none	0	False	containment 0.00 < 0.5; only 0/1 enzymes produced a fit; no PTR estimate	BcgI:only 0 windows after outlier trimming	no enzyme produced a usable estimate
SF027.BcgI	GCF_008033175.1	s__Leuconostoc_pseudomesenteroides	NA	NA	NA	0	NA	NA	NA	0	NA	NA	NA	NA	0	1	0	-	NA	fixed	NA	none	0	False	containment 0.00 < 0.5; only 0/1 enzymes produced a fit; no PTR estimate	BcgI:only 0 windows after outlier trimming	no enzyme produced a usable estimate
SF027.BcgI	GCF_008085035.1	s__Aggregatibacter_actinomycetemcomitans	NA	NA	NA	0	NA	NA	NA	0	NA	NA	NA	NA	0	1	0	-	NA	fixed	NA	none	0	False	containment 0.00 < 0.5; only 0/1 enzymes produced a fit; no PTR estimate	BcgI:only 0 windows after outlier trimming	no enzyme produced a usable estimate
SF027.BcgI	GCF_008274805.1	s__Oryzomicrobium_terrae	NA	NA	NA	0	NA	NA	NA	0	NA	NA	NA	NA	0	1	0	-	NA	fixed	NA	none	0	False	containment 0.00 < 0.5; only 0/1 enzymes produced a fit; no PTR estimate	BcgI:only 0 windows after outlier trimming	no enzyme produced a usable estimate
SF027.BcgI	GCF_008326505.1	s__Leuconostoc_citreum	NA	NA	NA	0	NA	NA	NA	0	NA	NA	NA	NA	0	1	0	-	NA	fixed	NA	none	0	False	containment 0.00 < 0.5; only 0/1 enzymes produced a fit; no PTR estimate	BcgI:only 0 windows after outlier trimming	no enzyme produced a usable estimate
SF027.BcgI	GCF_008369405.1	s__Streptococcus_cristatus_G	NA	NA	NA	0	NA	NA	NA	0	NA	NA	NA	NA	0	1	0	-	NA	fixed	NA	none	0	False	containment 0.00 < 0.5; only 0/1 enzymes produced a fit; no PTR estimate	BcgI:only 0 windows after outlier trimming	no enzyme produced a usable estimate
SF027.BcgI	GCF_008633215.1	s__Fusobacterium_nucleatum_J	NA	NA	NA	0	NA	NA	NA	0	NA	NA	NA	NA	0	1	0	-	NA	fixed	NA	none	0	False	containment 0.00 < 0.5; only 0/1 enzymes produced a fit; no PTR estimate	BcgI:only 0 windows after outlier trimming	no enzyme produced a usable estimate
SF027.BcgI	GCF_008806995.1	s__Neisseria_animalis	NA	NA	NA	0.001133144476	NA	NA	NA	0	NA	NA	NA	NA	0	1	0	-	NA	fixed	NA	none	0	False	containment 0.00 < 0.5; only 0/1 enzymes produced a fit; no PTR estimate	BcgI:only 1 windows after outlier trimming	no enzyme produced a usable estimate
SF027.BcgI	GCF_009006965.1	s__Acinetobacter_oleivorans	NA	NA	NA	0	NA	NA	NA	0	NA	NA	NA	NA	0	1	0	-	NA	fixed	NA	none	0	False	containment 0.00 < 0.5; only 0/1 enzymes produced a fit; no PTR estimate	BcgI:only 0 windows after outlier trimming	no enzyme produced a usable estimate
SF027.BcgI	GCF_009378265.1	s__Moraxella_catarrhalis	NA	NA	NA	0	NA	NA	NA	0	NA	NA	NA	NA	0	1	0	-	NA	fixed	NA	none	0	False	containment 0.00 < 0.5; only 0/1 enzymes produced a fit; no PTR estimate	BcgI:only 0 windows after outlier trimming	no enzyme produced a usable estimate
SF027.BcgI	GCF_009496035.1	s__Streptococcus_mitis_BM	NA	NA	NA	0	NA	NA	NA	0	NA	NA	NA	NA	0	1	0	-	NA	fixed	NA	none	0	False	containment 0.00 < 0.5; only 0/1 enzymes produced a fit; no PTR estimate	BcgI:only 0 windows after outlier trimming	no enzyme produced a usable estimate
SF027.BcgI	GCF_009496155.1	s__Streptococcus_mitis_BQ	NA	NA	NA	0	NA	NA	NA	0	NA	NA	NA	NA	0	1	0	-	NA	fixed	NA	none	0	False	containment 0.00 < 0.5; only 0/1 enzymes produced a fit; no PTR estimate	BcgI:only 0 windows after outlier trimming	no enzyme produced a usable estimate
SF027.BcgI	GCF_009496185.1	s__Streptococcus_mitis_BN	NA	NA	NA	0.01388888889	NA	NA	NA	0	NA	NA	NA	NA	0	1	0	-	NA	fixed	NA	none	0	False	containment 0.01 < 0.5; only 0/1 enzymes produced a fit; no PTR estimate	BcgI:only 1 windows after outlier trimming	no enzyme produced a usable estimate
SF027.BcgI	GCF_009496285.1	s__Streptococcus_mitis_BP	NA	NA	NA	0.01709401709	NA	NA	NA	0	NA	NA	NA	NA	0	1	0	-	NA	fixed	NA	none	0	False	containment 0.02 < 0.5; only 0/1 enzymes produced a fit; no PTR estimate	BcgI:only 2 windows after outlier trimming	no enzyme produced a usable estimate
SF027.BcgI	GCF_009496375.1	s__Streptococcus_mitis_AC	NA	NA	NA	0	NA	NA	NA	0	NA	NA	NA	NA	0	1	0	-	NA	fixed	NA	none	0	False	containment 0.00 < 0.5; only 0/1 enzymes produced a fit; no PTR estimate	BcgI:only 0 windows after outlier trimming	no enzyme produced a usable estimate
SF027.BcgI	GCF_009626715.1	s__Bordetella_pertussis	NA	NA	NA	0	NA	NA	NA	0	NA	NA	NA	NA	0	1	0	-	NA	fixed	NA	none	0	False	containment 0.00 < 0.5; only 0/1 enzymes produced a fit; no PTR estimate	BcgI:only 0 windows after outlier trimming	no enzyme produced a usable estimate
SF027.BcgI	GCF_009650815.1	s__Eikenella_corrodens	73.3	NA	0.02505968745	0.01220657277	2.488613146	1.315341981	NA	435	0.9873296358	0.6371794799	0.06649314922	2.564190814	1	1	1	BcgI	NA	fixed	369036.8733	glm	10	False	fraction 0.03 < 0.75; containment 0.01 < 0.5	-	single enzyme: no cross-enzyme consistency check available
SF027.BcgI	GCF_009695705.1	s__Pauljensenia_hyovaginalis	NA	NA	NA	0	NA	NA	NA	0	NA	NA	NA	NA	0	1	0	-	NA	fixed	NA	none	0	False	containment 0.00 < 0.5; only 0/1 enzymes produced a fit; no PTR estimate	BcgI:only 0 windows after outlier trimming	no enzyme produced a usable estimate
SF027.BcgI	GCF_009716875.1	s__Streptococcus_salivarius	138.3722222	159.7750176	0.3763278677	0.2027972028	3.128029674	1.645254199	NA	199	0.9768852652	1.28215874	-0.8677307536	4.158239151	1	1	1	BcgI	NA	fixed	1327615.782	glm	21	False	fraction 0.38 < 0.75; dispersion 159.78 > 5.0; containment 0.20 < 0.5	-	single enzyme: no cross-enzyme consistency check available
SF027.BcgI	GCF_009728485.1	s__Prevotella_sp000257925	73.3	1.290076336	0.05211908518	0.01283880171	4.751931537	2.248514051	NA	129	0.9956162371	0.4673048861	1.332613304	3.164414797	1	1	1	BcgI	NA	fixed	229356.4217	glm	5	False	fraction 0.05 < 0.75; containment 0.01 < 0.5	-	single enzyme: no cross-enzyme consistency check available
SF027.BcgI	GCF_009730375.1	s__Capnocytophaga_leadbetteri	115.2561404	30.5967867	0.05012531328	0.0406779661	3.858921009	1.948197513	NA	675	0.9994646441	0.8188202951	0.3433392244	3.553055801	1	1	1	BcgI	NA	fixed	631148.8183	glm	19	False	fraction 0.05 < 0.75; dispersion 30.60 > 5.0; containment 0.04 < 0.5	-	single enzyme: no cross-enzyme consistency check available
SF027.BcgI	GCF_009731465.1	s__Streptococcus_pseudopneumoniae_E	NA	NA	NA	0	NA	NA	NA	0	NA	NA	NA	NA	0	1	0	-	NA	fixed	NA	none	0	False	containment 0.00 < 0.5; only 0/1 enzymes produced a fit; no PTR estimate	BcgI:only 0 windows after outlier trimming	no enzyme produced a usable estimate
SF027.BcgI	GCF_009734725.1	s__Enterococcus_D_casseliflavus	NA	NA	NA	0	NA	NA	NA	0	NA	NA	NA	NA	0	1	0	-	NA	fixed	NA	none	0	False	containment 0.00 < 0.5; only 0/1 enzymes produced a fit; no PTR estimate	BcgI:only 0 windows after outlier trimming	no enzyme produced a usable estimate
SF027.BcgI	GCF_009740185.1	s__Pseudomonas_A_sp000765155	NA	NA	NA	0.0002042066571	NA	NA	NA	0	NA	NA	NA	NA	0	1	0	-	NA	fixed	NA	none	0	False	containment 0.00 < 0.5; only 0/1 enzymes produced a fit; no PTR estimate	BcgI:only 0 windows after outlier trimming	no enzyme produced a usable estimate
SF027.BcgI	GCF_009856825.1	s__Novosphingobium_sp009856825	NA	NA	NA	0.0001726817475	NA	NA	NA	0	NA	NA	NA	NA	0	1	0	-	NA	fixed	NA	none	0	False	containment 0.00 < 0.5; only 0/1 enzymes produced a fit; no PTR estimate	BcgI:only 1 windows after outlier trimming	no enzyme produced a usable estimate
SF027.BcgI	GCF_009914665.1	s__Bergeyella_A_cardium	NA	NA	NA	0.001788908766	NA	NA	NA	0	NA	NA	NA	NA	0	1	0	-	NA	fixed	NA	none	0	False	containment 0.00 < 0.5; only 0/1 enzymes produced a fit; no PTR estimate	BcgI:only 0 windows after outlier trimming	no enzyme produced a usable estimate
SF027.BcgI	GCF_009935825.1	s__Actinomyces_howellii	NA	NA	NA	0	NA	NA	NA	0	NA	NA	NA	NA	0	1	0	-	NA	fixed	NA	none	0	False	containment 0.00 < 0.5; only 0/1 enzymes produced a fit; no PTR estimate	BcgI:only 0 windows after outlier trimming	no enzyme produced a usable estimate
SF027.BcgI	GCF_010202115.1	s__TM7x_sp010202115	NA	NA	NA	0	NA	NA	NA	0	NA	NA	NA	NA	0	1	0	-	NA	fixed	NA	none	0	False	containment 0.00 < 0.5; only 0/1 enzymes produced a fit; no PTR estimate	BcgI:only 0 windows after outlier trimming	no enzyme produced a usable estimate
SF027.BcgI	GCF_010202465.1	s__TM7x_sp010202465	NA	NA	NA	0	NA	NA	NA	0	NA	NA	NA	NA	0	1	0	-	NA	fixed	NA	none	0	False	containment 0.00 < 0.5; only 0/1 enzymes produced a fit; no PTR estimate	BcgI:only 0 windows after outlier trimming	no enzyme produced a usable estimate
SF027.BcgI	GCF_010202645.1	s__TM7x_sp010202645	NA	NA	NA	0	NA	NA	NA	0	NA	NA	NA	NA	0	1	0	-	NA	fixed	NA	none	0	False	containment 0.00 < 0.5; only 0/1 enzymes produced a fit; no PTR estimate	BcgI:only 0 windows after outlier trimming	no enzyme produced a usable estimate
SF027.BcgI	GCF_010202845.1	s__TM7x_sp010202845	NA	NA	NA	0	NA	NA	NA	0	NA	NA	NA	NA	0	1	0	-	NA	fixed	NA	none	0	False	containment 0.00 < 0.5; only 0/1 enzymes produced a fit; no PTR estimate	BcgI:only 0 windows after outlier trimming	no enzyme produced a usable estimate
SF027.BcgI	GCF_010365865.1	s__Treponema_sp010365865	NA	NA	NA	0	NA	NA	NA	0	NA	NA	NA	NA	0	1	0	-	NA	fixed	NA	none	0	False	containment 0.00 < 0.5; only 0/1 enzymes produced a fit; no PTR estimate	BcgI:only 0 windows after outlier trimming	no enzyme produced a usable estimate
SF027.BcgI	GCF_010667605.1	s__Bifidobacterium_dentium	NA	NA	NA	0	NA	NA	NA	0	NA	NA	NA	NA	0	1	0	-	NA	fixed	NA	none	0	False	containment 0.00 < 0.5; only 0/1 enzymes produced a fit; no PTR estimate	BcgI:only 0 windows after outlier trimming	no enzyme produced a usable estimate
SF027.BcgI	GCF_011029265.1	s__Lactobacillus_crispatus	NA	NA	NA	0	NA	NA	NA	0	NA	NA	NA	NA	0	1	0	-	NA	fixed	NA	none	0	False	containment 0.00 < 0.5; only 0/1 enzymes produced a fit; no PTR estimate	BcgI:only 0 windows after outlier trimming	no enzyme produced a usable estimate
SF027.BcgI	GCF_011038775.1	s__Neisseria_sp011038745	NA	NA	NA	0.001123595506	NA	NA	NA	0	NA	NA	NA	NA	0	1	0	-	NA	fixed	NA	none	0	False	containment 0.00 < 0.5; only 0/1 enzymes produced a fit; no PTR estimate	BcgI:only 1 windows after outlier trimming	no enzyme produced a usable estimate
SF027.BcgI	GCF_011038885.1	s__Pauljensenia_sp011038875	NA	NA	NA	0	NA	NA	NA	0	NA	NA	NA	NA	0	1	0	-	NA	fixed	NA	none	0	False	containment 0.00 < 0.5; only 0/1 enzymes produced a fit; no PTR estimate	BcgI:only 0 windows after outlier trimming	no enzyme produced a usable estimate
SF027.BcgI	GCF_011751965.1	s__Actinomyces_sp011751985	NA	NA	NA	0	NA	NA	NA	0	NA	NA	NA	NA	0	1	0	-	NA	fixed	NA	none	0	False	containment 0.00 < 0.5; only 0/1 enzymes produced a fit; no PTR estimate	BcgI:only 0 windows after outlier trimming	no enzyme produced a usable estimate
SF027.BcgI	GCF_011752065.1	s__Actinomyces_sp011752065	NA	NA	NA	0	NA	NA	NA	0	NA	NA	NA	NA	0	1	0	-	NA	fixed	NA	none	0	False	containment 0.00 < 0.5; only 0/1 enzymes produced a fit; no PTR estimate	BcgI:only 0 windows after outlier trimming	no enzyme produced a usable estimate
SF027.BcgI	GCF_011759595.1	s__Acinetobacter_guillouiae	NA	NA	NA	0	NA	NA	NA	0	NA	NA	NA	NA	0	1	0	-	NA	fixed	NA	none	0	False	containment 0.00 < 0.5; only 0/1 enzymes produced a fit; no PTR estimate	BcgI:only 0 windows after outlier trimming	no enzyme produced a usable estimate
SF027.BcgI	GCF_012184455.1	s__Caulobacter_vibrioides_E	NA	NA	NA	0.0002706359946	NA	NA	NA	0	NA	NA	NA	NA	0	1	0	-	NA	fixed	NA	none	0	False	containment 0.00 < 0.5; only 0/1 enzymes produced a fit; no PTR estimate	BcgI:only 0 windows after outlier trimming	no enzyme produced a usable estimate
SF027.BcgI	GCF_012273215.1	s__Gemella_haemolysans_A	NA	NA	NA	0	NA	NA	NA	0	NA	NA	NA	NA	0	1	0	-	NA	fixed	NA	none	0	False	containment 0.00 < 0.5; only 0/1 enzymes produced a fit; no PTR estimate	BcgI:only 0 windows after outlier trimming	no enzyme produced a usable estimate
SF027.BcgI	GCF_012396635.1	s__Gemella_sanguinis	NA	NA	NA	0.01503759398	NA	NA	NA	0	NA	NA	NA	NA	0	1	0	-	NA	fixed	NA	none	0	False	containment 0.02 < 0.5; only 0/1 enzymes produced a fit; no PTR estimate	BcgI:only 2 windows after outlier trimming	no enzyme produced a usable estimate
SF027.BcgI	GCF_012490605.1	s__Shewanella_xiamenensis	NA	NA	NA	0	NA	NA	NA	0	NA	NA	NA	NA	0	1	0	-	NA	fixed	NA	none	0	False	containment 0.00 < 0.5; only 0/1 enzymes produced a fit; no PTR estimate	BcgI:only 0 windows after outlier trimming	no enzyme produced a usable estimate
SF027.BcgI	GCF_012843315.1	s__Streptococcus_sp012843315	NA	NA	NA	0	NA	NA	NA	0	NA	NA	NA	NA	0	1	0	-	NA	fixed	NA	none	0	False	containment 0.00 < 0.5; only 0/1 enzymes produced a fit; no PTR estimate	BcgI:only 0 windows after outlier trimming	no enzyme produced a usable estimate
SF027.BcgI	GCF_012978895.1	s__Campylobacter_A_curvus	NA	NA	NA	0	NA	NA	NA	0	NA	NA	NA	NA	0	1	0	-	NA	fixed	NA	none	0	False	containment 0.00 < 0.5; only 0/1 enzymes produced a fit; no PTR estimate	BcgI:only 0 windows after outlier trimming	no enzyme produced a usable estimate
SF027.BcgI	GCF_013016685.1	s__Neisseria_gonorrhoeae	NA	NA	NA	0.003947368421	NA	NA	NA	0	NA	NA	NA	NA	0	1	0	-	NA	fixed	NA	none	0	False	containment 0.00 < 0.5; only 0/1 enzymes produced a fit; no PTR estimate	BcgI:only 0 windows after outlier trimming	no enzyme produced a usable estimate
SF027.BcgI	GCF_013099015.1	s__TM7x_sp013099015	NA	NA	NA	0	NA	NA	NA	0	NA	NA	NA	NA	0	1	0	-	NA	fixed	NA	none	0	False	containment 0.00 < 0.5; only 0/1 enzymes produced a fit; no PTR estimate	BcgI:only 0 windows after outlier trimming	no enzyme produced a usable estimate
SF027.BcgI	GCF_013099195.1	s__TM7x_sp013099195	NA	NA	NA	0	NA	NA	NA	0	NA	NA	NA	NA	0	1	0	-	NA	fixed	NA	none	0	False	containment 0.00 < 0.5; only 0/1 enzymes produced a fit; no PTR estimate	BcgI:only 0 windows after outlier trimming	no enzyme produced a usable estimate
SF027.BcgI	GCF_013100805.1	s__TM7x_sp013100805	NA	NA	NA	0	NA	NA	NA	0	NA	NA	NA	NA	0	1	0	-	NA	fixed	NA	none	0	False	containment 0.00 < 0.5; only 0/1 enzymes produced a fit; no PTR estimate	BcgI:only 0 windows after outlier trimming	no enzyme produced a usable estimate
SF027.BcgI	GCF_013100825.1	s__TM7x_sp013100825	NA	NA	NA	0	NA	NA	NA	0	NA	NA	NA	NA	0	1	0	-	NA	fixed	NA	none	0	False	containment 0.00 < 0.5; only 0/1 enzymes produced a fit; no PTR estimate	BcgI:only 0 windows after outlier trimming	no enzyme produced a usable estimate
SF027.BcgI	GCF_013267415.1	s__Abiotrophia_defectiva	NA	NA	NA	0.02109704641	NA	NA	NA	0	NA	NA	NA	NA	0	1	0	-	NA	fixed	NA	none	0	False	containment 0.02 < 0.5; only 0/1 enzymes produced a fit; no PTR estimate	BcgI:only 4 windows after outlier trimming	no enzyme produced a usable estimate
SF027.BcgI	GCF_013276505.1	s__Streptococcus_sp013276505	NA	NA	NA	0.01162790698	NA	NA	NA	0	NA	NA	NA	NA	0	1	0	-	NA	fixed	NA	none	0	False	containment 0.01 < 0.5; only 0/1 enzymes produced a fit; no PTR estimate	BcgI:only 1 windows after outlier trimming	no enzyme produced a usable estimate
SF027.BcgI	GCF_013276755.1	s__Streptococcus_sp013276795	NA	NA	NA	0	NA	NA	NA	0	NA	NA	NA	NA	0	1	0	-	NA	fixed	NA	none	0	False	containment 0.00 < 0.5; only 0/1 enzymes produced a fit; no PTR estimate	BcgI:only 0 windows after outlier trimming	no enzyme produced a usable estimate
SF027.BcgI	GCF_013276955.1	s__Streptococcus_sp903645285	NA	NA	NA	0	NA	NA	NA	0	NA	NA	NA	NA	0	1	0	-	NA	fixed	NA	none	0	False	containment 0.00 < 0.5; only 0/1 enzymes produced a fit; no PTR estimate	BcgI:only 0 windows after outlier trimming	no enzyme produced a usable estimate
SF027.BcgI	GCF_013277075.1	s__Streptococcus_pseudopneumoniae_C	NA	NA	NA	0	NA	NA	NA	0	NA	NA	NA	NA	0	1	0	-	NA	fixed	NA	none	0	False	containment 0.00 < 0.5; only 0/1 enzymes produced a fit; no PTR estimate	BcgI:only 0 windows after outlier trimming	no enzyme produced a usable estimate
SF027.BcgI	GCF_013277115.1	s__Streptococcus_mitis_AW	NA	NA	NA	0	NA	NA	NA	0	NA	NA	NA	NA	0	1	0	-	NA	fixed	NA	none	0	False	containment 0.00 < 0.5; only 0/1 enzymes produced a fit; no PTR estimate	BcgI:only 0 windows after outlier trimming	no enzyme produced a usable estimate
SF027.BcgI	GCF_013277125.1	s__Streptococcus_sp013277415	NA	NA	NA	0	NA	NA	NA	0	NA	NA	NA	NA	0	1	0	-	NA	fixed	NA	none	0	False	containment 0.00 < 0.5; only 0/1 enzymes produced a fit; no PTR estimate	BcgI:only 0 windows after outlier trimming	no enzyme produced a usable estimate
SF027.BcgI	GCF_013277195.1	s__Streptococcus_mitis_BA	NA	NA	NA	0	NA	NA	NA	0	NA	NA	NA	NA	0	1	0	-	NA	fixed	NA	none	0	False	containment 0.00 < 0.5; only 0/1 enzymes produced a fit; no PTR estimate	BcgI:only 0 windows after outlier trimming	no enzyme produced a usable estimate
SF027.BcgI	GCF_013277495.1	s__Streptococcus_sp013277515	NA	NA	NA	0	NA	NA	NA	0	NA	NA	NA	NA	0	1	0	-	NA	fixed	NA	none	0	False	containment 0.00 < 0.5; only 0/1 enzymes produced a fit; no PTR estimate	BcgI:only 0 windows after outlier trimming	no enzyme produced a usable estimate
SF027.BcgI	GCF_013284375.1	s__Brevibacillus_parabrevis	NA	NA	NA	0	NA	NA	NA	0	NA	NA	NA	NA	0	1	0	-	NA	fixed	NA	none	0	False	containment 0.00 < 0.5; only 0/1 enzymes produced a fit; no PTR estimate	BcgI:only 0 windows after outlier trimming	no enzyme produced a usable estimate
SF027.BcgI	GCF_013305725.1	s__Streptococcus_mitis_BO	NA	NA	NA	0	NA	NA	NA	0	NA	NA	NA	NA	0	1	0	-	NA	fixed	NA	none	0	False	containment 0.00 < 0.5; only 0/1 enzymes produced a fit; no PTR estimate	BcgI:only 0 windows after outlier trimming	no enzyme produced a usable estimate
SF027.BcgI	GCF_013307375.1	s__Moraxella_bovoculi	NA	NA	NA	0	NA	NA	NA	0	NA	NA	NA	NA	0	1	0	-	NA	fixed	NA	none	0	False	containment 0.00 < 0.5; only 0/1 enzymes produced a fit; no PTR estimate	BcgI:only 0 windows after outlier trimming	no enzyme produced a usable estimate
SF027.BcgI	GCF_013377255.1	s__Mannheimia_granulomatis	NA	NA	NA	0	NA	NA	NA	0	NA	NA	NA	NA	0	1	0	-	NA	fixed	NA	none	0	False	containment 0.00 < 0.5; only 0/1 enzymes produced a fit; no PTR estimate	BcgI:only 0 windows after outlier trimming	no enzyme produced a usable estimate
SF027.BcgI	GCF_013378355.1	s__Streptococcus_sanguinis_I	NA	NA	NA	0.005917159763	NA	NA	NA	0	NA	NA	NA	NA	0	1	0	-	NA	fixed	NA	none	0	False	containment 0.01 < 0.5; only 0/1 enzymes produced a fit; no PTR estimate	BcgI:only 2 windows after outlier trimming	no enzyme produced a usable estimate
SF027.BcgI	GCF_013386405.1	s__Pseudomonas_E_putida_E	NA	NA	NA	0.0001507613448	NA	NA	NA	0	NA	NA	NA	NA	0	1	0	-	NA	fixed	NA	none	0	False	containment 0.00 < 0.5; only 0/1 enzymes produced a fit; no PTR estimate	BcgI:only 1 windows after outlier trimming	no enzyme produced a usable estimate
SF027.BcgI	GCF_013390465.1	s__Xanthomonas_campestris	NA	NA	NA	0	NA	NA	NA	0	NA	NA	NA	NA	0	1	0	-	NA	fixed	NA	none	0	False	containment 0.00 < 0.5; only 0/1 enzymes produced a fit; no PTR estimate	BcgI:only 0 windows after outlier trimming	no enzyme produced a usable estimate
SF027.BcgI	GCF_013393195.1	s__Flavobacterium_collinsii_A	NA	NA	NA	0	NA	NA	NA	0	NA	NA	NA	NA	0	1	0	-	NA	fixed	NA	none	0	False	containment 0.00 < 0.5; only 0/1 enzymes produced a fit; no PTR estimate	BcgI:only 0 windows after outlier trimming	no enzyme produced a usable estimate
SF027.BcgI	GCF_013394695.1	s__Streptococcus_sp013394695	95.72222222	28.65165804	0.08166666667	0.08275862069	1.592391036	0.6711946554	NA	145	0.583469926	1.17373216	-1.629278105	2.971667416	1	1	1	BcgI	NA	fixed	151762.745	glm	6	False	fraction 0.08 < 0.75; dispersion 28.65 > 5.0; containment 0.08 < 0.5	-	single enzyme: no cross-enzyme consistency check available
SF027.BcgI	GCF_013394755.1	s__TM7x_sp005697215	NA	NA	NA	0	NA	NA	NA	0	NA	NA	NA	NA	0	1	0	-	NA	fixed	NA	none	0	False	containment 0.00 < 0.5; only 0/1 enzymes produced a fit; no PTR estimate	BcgI:only 0 windows after outlier trimming	no enzyme produced a usable estimate
SF027.BcgI	GCF_013394795.1	s__Leptotrichia_sp013394795	NA	NA	NA	0	NA	NA	NA	0	NA	NA	NA	NA	0	1	0	-	NA	fixed	NA	none	0	False	containment 0.00 < 0.5; only 0/1 enzymes produced a fit; no PTR estimate	BcgI:only 0 windows after outlier trimming	no enzyme produced a usable estimate
SF027.BcgI	GCF_013410305.1	s__Corynebacterium_durum	NA	NA	NA	0	NA	NA	NA	0	NA	NA	NA	NA	0	1	0	-	NA	fixed	NA	none	0	False	containment 0.00 < 0.5; only 0/1 enzymes produced a fit; no PTR estimate	BcgI:only 0 windows after outlier trimming	no enzyme produced a usable estimate
SF027.BcgI	GCF_013415415.1	s__Actinomyces_bowdenii_B	NA	NA	NA	0.0004541326067	NA	NA	NA	0	NA	NA	NA	NA	0	1	0	-	NA	fixed	NA	none	0	False	containment 0.00 < 0.5; only 0/1 enzymes produced a fit; no PTR estimate	BcgI:only 0 windows after outlier trimming	no enzyme produced a usable estimate
SF027.BcgI	GCF_013522775.1	s__Pseudomonas_B_oryzihabitans	NA	NA	NA	0	NA	NA	NA	0	NA	NA	NA	NA	0	1	0	-	NA	fixed	NA	none	0	False	containment 0.00 < 0.5; only 0/1 enzymes produced a fit; no PTR estimate	BcgI:only 0 windows after outlier trimming	no enzyme produced a usable estimate
SF027.BcgI	GCF_014054965.1	s__Eikenella_shayeganii	NA	NA	NA	0.001099505223	NA	NA	NA	0	NA	NA	NA	NA	0	1	0	-	NA	fixed	NA	none	0	False	containment 0.00 < 0.5; only 0/1 enzymes produced a fit; no PTR estimate	BcgI:only 2 windows after outlier trimming	no enzyme produced a usable estimate
SF027.BcgI	GCF_014141695.1	s__Ralstonia_pickettii	NA	NA	NA	0	NA	NA	NA	0	NA	NA	NA	NA	0	1	0	-	NA	fixed	NA	none	0	False	containment 0.00 < 0.5; only 0/1 enzymes produced a fit; no PTR estimate	BcgI:only 0 windows after outlier trimming	no enzyme produced a usable estimate
SF027.BcgI	GCF_014142545.1	s__Ralstonia_pickettii_B	NA	NA	NA	0.000234082397	NA	NA	NA	0	NA	NA	NA	NA	0	1	0	-	NA	fixed	NA	none	0	False	containment 0.00 < 0.5; only 0/1 enzymes produced a fit; no PTR estimate	BcgI:only 0 windows after outlier trimming	no enzyme produced a usable estimate
SF027.BcgI	GCF_014145815.1	s__Stenotrophomonas_koreensis	NA	NA	NA	0	NA	NA	NA	0	NA	NA	NA	NA	0	1	0	-	NA	fixed	NA	none	0	False	containment 0.00 < 0.5; only 0/1 enzymes produced a fit; no PTR estimate	BcgI:only 0 windows after outlier trimming	no enzyme produced a usable estimate
SF027.BcgI	GCF_014194675.1	s__Comamonas_aquatica	NA	NA	NA	0	NA	NA	NA	0	NA	NA	NA	NA	0	1	0	-	NA	fixed	NA	none	0	False	containment 0.00 < 0.5; only 0/1 enzymes produced a fit; no PTR estimate	BcgI:only 0 windows after outlier trimming	no enzyme produced a usable estimate
SF027.BcgI	GCF_014195585.1	s__Alloprevotella_rava	NA	NA	NA	0.0008058017728	NA	NA	NA	0	NA	NA	NA	NA	0	1	0	-	NA	fixed	NA	none	0	False	containment 0.00 < 0.5; only 0/1 enzymes produced a fit; no PTR estimate	BcgI:only 1 windows after outlier trimming	no enzyme produced a usable estimate
SF027.BcgI	GCF_014199985.1	s__Methylobacterium_rhodesianum	NA	NA	NA	0.0001325381047	NA	NA	NA	0	NA	NA	NA	NA	0	1	0	-	NA	fixed	NA	none	0	False	containment 0.00 < 0.5; only 0/1 enzymes produced a fit; no PTR estimate	BcgI:only 0 windows after outlier trimming	no enzyme produced a usable estimate
SF027.BcgI	GCF_014217915.1	s__Janibacter_indicus	NA	NA	NA	0	NA	NA	NA	0	NA	NA	NA	NA	0	1	0	-	NA	fixed	NA	none	0	False	containment 0.00 < 0.5; only 0/1 enzymes produced a fit; no PTR estimate	BcgI:only 0 windows after outlier trimming	no enzyme produced a usable estimate
SF027.BcgI	GCF_014253065.1	s__Campylobacter_A_sp014253065	NA	NA	NA	0	NA	NA	NA	0	NA	NA	NA	NA	0	1	0	-	NA	fixed	NA	none	0	False	containment 0.00 < 0.5; only 0/1 enzymes produced a fit; no PTR estimate	BcgI:only 0 windows after outlier trimming	no enzyme produced a usable estimate
SF027.BcgI	GCF_014334325.1	s__Treponema_D_sp014334325	NA	NA	NA	0	NA	NA	NA	0	NA	NA	NA	NA	0	1	0	-	NA	fixed	NA	none	0	False	containment 0.00 < 0.5; only 0/1 enzymes produced a fit; no PTR estimate	BcgI:only 0 windows after outlier trimming	no enzyme produced a usable estimate
SF027.BcgI	GCF_014334335.1	s__Treponema_D_sp014334335	NA	NA	NA	0	NA	NA	NA	0	NA	NA	NA	NA	0	1	0	-	NA	fixed	NA	none	0	False	containment 0.00 < 0.5; only 0/1 enzymes produced a fit; no PTR estimate	BcgI:only 0 windows after outlier trimming	no enzyme produced a usable estimate
SF027.BcgI	GCF_014385435.1	s__F0040_sp003639005	NA	NA	NA	0	NA	NA	NA	0	NA	NA	NA	NA	0	1	0	-	NA	fixed	NA	none	0	False	containment 0.00 < 0.5; only 0/1 enzymes produced a fit; no PTR estimate	BcgI:only 0 windows after outlier trimming	no enzyme produced a usable estimate
SF027.BcgI	GCF_014489875.1	s__Stenotrophomonas_pavanii	87.4	NA	0.01454287718	0.001138303927	2.533443307	1.341099545	NA	443	0.9792483926	0.05177387196	1.239624621	1.442574469	1	1	1	BcgI	NA	fixed	756195.4167	glm	5	False	fraction 0.01 < 0.75; containment 0.00 < 0.5	-	single enzyme: no cross-enzyme consistency check available
SF027.BcgI	GCF_014596365.1	s__Neisseria_flavescens_B	413.5454131	NA	0.08929981635	0.02148760331	54.21563767	5.76063713	NA	227	1	2.537147482	0.7879194418	10.73335482	1	1	1	BcgI	NA	fixed	651475.2833	glm	11	False	fraction 0.09 < 0.75; containment 0.02 < 0.5	-	single enzyme: no cross-enzyme consistency check available
SF027.BcgI	GCF_900014995.1	s__Pseudoclavibacter_helvolus	NA	NA	NA	0	NA	NA	NA	0	NA	NA	NA	NA	0	1	0	-	NA	fixed	NA	none	0	False	containment 0.00 < 0.5; only 0/1 enzymes produced a fit; no PTR estimate	BcgI:only 0 windows after outlier trimming	no enzyme produced a usable estimate
SF027.BcgI	GCF_900052935.1	s__Legionella_pneumophila	NA	NA	NA	0	NA	NA	NA	0	NA	NA	NA	NA	0	1	0	-	NA	fixed	NA	none	0	False	containment 0.00 < 0.5; only 0/1 enzymes produced a fit; no PTR estimate	BcgI:only 0 windows after outlier trimming	no enzyme produced a usable estimate
SF027.BcgI	GCF_900061175.1	s__Streptococcus_pneumoniae	NA	NA	NA	0	NA	NA	NA	0	NA	NA	NA	NA	0	1	0	-	NA	fixed	NA	none	0	False	containment 0.00 < 0.5; only 0/1 enzymes produced a fit; no PTR estimate	BcgI:only 0 windows after outlier trimming	no enzyme produced a usable estimate
SF027.BcgI	GCF_900095705.1	s__Fusobacterium_massiliense	NA	NA	NA	0	NA	NA	NA	0	NA	NA	NA	NA	0	1	0	-	NA	fixed	NA	none	0	False	containment 0.00 < 0.5; only 0/1 enzymes produced a fit; no PTR estimate	BcgI:only 0 windows after outlier trimming	no enzyme produced a usable estimate
SF027.BcgI	GCF_900101615.1	s__Belnapia_rosea	NA	NA	NA	0	NA	NA	NA	0	NA	NA	NA	NA	0	1	0	-	NA	fixed	NA	none	0	False	containment 0.00 < 0.5; only 0/1 enzymes produced a fit; no PTR estimate	BcgI:only 0 windows after outlier trimming	no enzyme produced a usable estimate
SF027.BcgI	GCF_900104285.1	s__Streptococcus_sp900104285	NA	NA	NA	0	NA	NA	NA	0	NA	NA	NA	NA	0	1	0	-	NA	fixed	NA	none	0	False	containment 0.00 < 0.5; only 0/1 enzymes produced a fit; no PTR estimate	BcgI:only 0 windows after outlier trimming	no enzyme produced a usable estimate
SF027.BcgI	GCF_900107735.1	s__Bowdeniella_nasicola_A	NA	NA	NA	0	NA	NA	NA	0	NA	NA	NA	NA	0	1	0	-	NA	fixed	NA	none	0	False	containment 0.00 < 0.5; only 0/1 enzymes produced a fit; no PTR estimate	BcgI:only 0 windows after outlier trimming	no enzyme produced a usable estimate
SF027.BcgI	GCF_900111135.1	s__Granulicatella_balaenopterae	NA	NA	NA	0	NA	NA	NA	0	NA	NA	NA	NA	0	1	0	-	NA	fixed	NA	none	0	False	containment 0.00 < 0.5; only 0/1 enzymes produced a fit; no PTR estimate	BcgI:only 0 windows after outlier trimming	no enzyme produced a usable estimate
SF027.BcgI	GCF_900112185.1	s__Bosea_sp900112185	NA	NA	NA	9.992006395e-05	NA	NA	NA	0	NA	NA	NA	NA	0	1	0	-	NA	fixed	NA	none	0	False	containment 0.00 < 0.5; only 0/1 enzymes produced a fit; no PTR estimate	BcgI:only 0 windows after outlier trimming	no enzyme produced a usable estimate
SF027.BcgI	GCF_900113305.1	s__Prevotella_sp900113305	NA	NA	NA	0	NA	NA	NA	0	NA	NA	NA	NA	0	1	0	-	NA	fixed	NA	none	0	False	containment 0.00 < 0.5; only 0/1 enzymes produced a fit; no PTR estimate	BcgI:only 0 windows after outlier trimming	no enzyme produced a usable estimate
SF027.BcgI	GCF_900115315.1	s__Capnocytophaga_haemolytica	NA	NA	NA	0	NA	NA	NA	0	NA	NA	NA	NA	0	1	0	-	NA	fixed	NA	none	0	False	containment 0.00 < 0.5; only 0/1 enzymes produced a fit; no PTR estimate	BcgI:only 0 windows after outlier trimming	no enzyme produced a usable estimate
SF027.BcgI	GCF_900115545.1	s__Ralstonia_sp900115545	NA	NA	NA	0	NA	NA	NA	0	NA	NA	NA	NA	0	1	0	-	NA	fixed	NA	none	0	False	containment 0.00 < 0.5; only 0/1 enzymes produced a fit; no PTR estimate	BcgI:only 0 windows after outlier trimming	no enzyme produced a usable estimate
SF027.BcgI	GCF_900115665.1	s__Pseudarcicella_hirudinis	NA	NA	NA	0	NA	NA	NA	0	NA	NA	NA	NA	0	1	0	-	NA	fixed	NA	none	0	False	containment 0.00 < 0.5; only 0/1 enzymes produced a fit; no PTR estimate	BcgI:only 0 windows after outlier trimming	no enzyme produced a usable estimate
SF027.BcgI	GCF_900118505.1	s__Chlamydophila_abortus	NA	NA	NA	0	NA	NA	NA	0	NA	NA	NA	NA	0	1	0	-	NA	fixed	NA	none	0	False	containment 0.00 < 0.5; only 0/1 enzymes produced a fit; no PTR estimate	BcgI:only 0 windows after outlier trimming	no enzyme produced a usable estimate
SF027.BcgI	GCF_900120245.1	s__Pauljensenia_marseillensis	72.6	68.32197083	0.03075083692	0.01256038647	0.6022968912	-0.7314532826	NA	420	0.9884894967	1.416634165	-3.508005224	2.045098659	1	1	1	BcgI	NA	fixed	808776.99	glm	10	False	fraction 0.03 < 0.75; dispersion 68.32 > 5.0; containment 0.01 < 0.5	-	single enzyme: no cross-enzyme consistency check available
SF027.BcgI	GCF_900128465.1	s__Pauljensenia_bouchesdurhonensis	93.78333333	78.43989048	0.02820009904	0.02310061602	2.289008434	1.194722779	NA	1552	0.9989993896	0.8572707877	-0.4854970904	2.874942647	1	1	1	BcgI	NA	fixed	303932.8656	glm	20	False	fraction 0.03 < 0.75; dispersion 78.44 > 5.0; containment 0.02 < 0.5	-	single enzyme: no cross-enzyme consistency check available
SF027.BcgI	GCF_900155595.1	s__Pauljensenia_mediterranea	NA	NA	NA	0	NA	NA	NA	0	NA	NA	NA	NA	0	1	0	-	NA	fixed	NA	none	0	False	containment 0.00 < 0.5; only 0/1 enzymes produced a fit; no PTR estimate	BcgI:only 0 windows after outlier trimming	no enzyme produced a usable estimate
SF027.BcgI	GCF_900156035.1	s__Corynebacterium_afermentans	NA	NA	NA	0	NA	NA	NA	0	NA	NA	NA	NA	0	1	0	-	NA	fixed	NA	none	0	False	containment 0.00 < 0.5; only 0/1 enzymes produced a fit; no PTR estimate	BcgI:only 0 windows after outlier trimming	no enzyme produced a usable estimate
SF027.BcgI	GCF_900156605.1	s__Insolitispirillum_peregrinum	NA	NA	NA	0	NA	NA	NA	0	NA	NA	NA	NA	0	1	0	-	NA	fixed	NA	none	0	False	containment 0.00 < 0.5; only 0/1 enzymes produced a fit; no PTR estimate	BcgI:only 0 windows after outlier trimming	no enzyme produced a usable estimate
SF027.BcgI	GCF_900186465.1	s__Centipeda_felix	67.97619048	8.765113396	0.01509157509	0.005195843325	5.118773908	2.355798285	NA	717	0.9955510599	0.4236470493	1.525465326	3.186131244	1	1	1	BcgI	NA	fixed	752254.1758	glm	7	False	fraction 0.02 < 0.75; dispersion 8.77 > 5.0; containment 0.01 < 0.5	-	single enzyme: no cross-enzyme consistency check available
SF027.BcgI	GCF_900186885.1	s__Veillonella_parvula	316.5092593	588.3154596	0.08653594771	0.0826446281	6.394734928	2.676884558	NA	217	1	1.592025617	-0.4434283136	5.79719743	1	1	1	BcgI	NA	fixed	1051208.48	glm	9	False	fraction 0.09 < 0.75; dispersion 588.32 > 5.0; containment 0.08 < 0.5	-	single enzyme: no cross-enzyme consistency check available
SF027.BcgI	GCF_900187285.1	s__Veillonella_rodentium	NA	NA	NA	0.001567398119	NA	NA	NA	0	NA	NA	NA	NA	0	1	0	-	NA	fixed	NA	none	0	False	containment 0.00 < 0.5; only 0/1 enzymes produced a fit; no PTR estimate	BcgI:only 1 windows after outlier trimming	no enzyme produced a usable estimate
SF027.BcgI	GCF_900199505.1	s__KH17_sp900199505	NA	NA	NA	0	NA	NA	NA	0	NA	NA	NA	NA	0	1	0	-	NA	fixed	NA	none	0	False	containment 0.00 < 0.5; only 0/1 enzymes produced a fit; no PTR estimate	BcgI:only 0 windows after outlier trimming	no enzyme produced a usable estimate
SF027.BcgI	GCF_900289195.1	s__Propionibacterium_sp900289195	NA	NA	NA	0	NA	NA	NA	0	NA	NA	NA	NA	0	1	0	-	NA	fixed	NA	none	0	False	containment 0.00 < 0.5; only 0/1 enzymes produced a fit; no PTR estimate	BcgI:only 0 windows after outlier trimming	no enzyme produced a usable estimate
SF027.BcgI	GCF_900290285.1	s__Centipeda_massiliensis	NA	NA	NA	0	NA	NA	NA	0	NA	NA	NA	NA	0	1	0	-	NA	fixed	NA	none	0	False	containment 0.00 < 0.5; only 0/1 enzymes produced a fit; no PTR estimate	BcgI:only 0 windows after outlier trimming	no enzyme produced a usable estimate
SF027.BcgI	GCF_900407485.1	s__Haemophilus_influenzae	NA	NA	NA	0	NA	NA	NA	0	NA	NA	NA	NA	0	1	0	-	NA	fixed	NA	none	0	False	containment 0.00 < 0.5; only 0/1 enzymes produced a fit; no PTR estimate	BcgI:only 0 windows after outlier trimming	no enzyme produced a usable estimate
SF027.BcgI	GCF_900445025.1	s__Pauljensenia_odontolytica	117.2222222	32.8371066	0.01285626256	0.005714285714	8.871876139	3.149239224	NA	970	0.9999589202	1.746496768	-0.273831541	6.572309989	1	1	1	BcgI	NA	fixed	1219524.577	glm	9	False	fraction 0.01 < 0.75; dispersion 32.84 > 5.0; containment 0.01 < 0.5	-	single enzyme: no cross-enzyme consistency check available
SF027.BcgI	GCF_900450505.1	s__Slackia_exigua	NA	NA	NA	0.000254906959	NA	NA	NA	0	NA	NA	NA	NA	0	1	0	-	NA	fixed	NA	none	0	False	containment 0.00 < 0.5; only 0/1 enzymes produced a fit; no PTR estimate	BcgI:only 1 windows after outlier trimming	no enzyme produced a usable estimate
SF027.BcgI	GCF_900450875.1	s__Haemophilus_A_parahaemolyticus	NA	NA	NA	0.002512562814	NA	NA	NA	0	NA	NA	NA	NA	0	1	0	-	NA	fixed	NA	none	0	False	containment 0.00 < 0.5; only 0/1 enzymes produced a fit; no PTR estimate	BcgI:only 1 windows after outlier trimming	no enzyme produced a usable estimate
SF027.BcgI	GCF_900450995.1	s__Haemophilus_D_parainfluenzae_M	NA	NA	NA	0.009771986971	NA	NA	NA	0	NA	NA	NA	NA	0	1	0	-	NA	fixed	NA	none	0	False	containment 0.01 < 0.5; only 0/1 enzymes produced a fit; no PTR estimate	BcgI:only 1 windows after outlier trimming	no enzyme produced a usable estimate
SF027.BcgI	GCF_900451065.1	s__Haemophilus_A_paraphrohaemolyticus	NA	NA	NA	0.001206272618	NA	NA	NA	0	NA	NA	NA	NA	0	1	0	-	NA	fixed	NA	none	0	False	containment 0.00 < 0.5; only 0/1 enzymes produced a fit; no PTR estimate	BcgI:only 1 windows after outlier trimming	no enzyme produced a usable estimate
SF027.BcgI	GCF_900451175.1	s__Neisseria_potus	NA	NA	NA	0	NA	NA	NA	0	NA	NA	NA	NA	0	1	0	-	NA	fixed	NA	none	0	False	containment 0.00 < 0.5; only 0/1 enzymes produced a fit; no PTR estimate	BcgI:only 0 windows after outlier trimming	no enzyme produced a usable estimate
SF027.BcgI	GCF_900451365.1	s__Kingella_A_denitrificans	98.82088692	79.662053	0.04476584022	0.03929866989	2.900981117	1.536540905	NA	1452	0.9997602843	0.8021145021	-0.03557463103	3.10865644	1	1	1	BcgI	NA	fixed	1539680.843	glm	22	False	fraction 0.04 < 0.75; dispersion 79.66 > 5.0; containment 0.04 < 0.5	-	single enzyme: no cross-enzyme consistency check available
SF027.BcgI	GCF_900452275.1	s__Kluyvera_cryocrescens	NA	NA	NA	0.0005975500448	NA	NA	NA	0	NA	NA	NA	NA	0	1	0	-	NA	fixed	NA	none	0	False	containment 0.00 < 0.5; only 0/1 enzymes produced a fit; no PTR estimate	BcgI:only 1 windows after outlier trimming	no enzyme produced a usable estimate
SF027.BcgI	GCF_900454205.1	s__Neisseria_zoodegmatis	NA	NA	NA	0.001336005344	NA	NA	NA	0	NA	NA	NA	NA	0	1	0	-	NA	fixed	NA	none	0	False	containment 0.00 < 0.5; only 0/1 enzymes produced a fit; no PTR estimate	BcgI:only 0 windows after outlier trimming	no enzyme produced a usable estimate
SF027.BcgI	GCF_900454815.1	s__Porphyromonas_endodontalis	NA	NA	NA	0	NA	NA	NA	0	NA	NA	NA	NA	0	1	0	-	NA	fixed	NA	none	0	False	containment 0.00 < 0.5; only 0/1 enzymes produced a fit; no PTR estimate	BcgI:only 0 windows after outlier trimming	no enzyme produced a usable estimate
SF027.BcgI	GCF_900454835.1	s__Prevotella_denticola	NA	NA	NA	0	NA	NA	NA	0	NA	NA	NA	NA	0	1	0	-	NA	fixed	NA	none	0	False	containment 0.00 < 0.5; only 0/1 enzymes produced a fit; no PTR estimate	BcgI:only 0 windows after outlier trimming	no enzyme produced a usable estimate
SF027.BcgI	GCF_900454935.1	s__Prevotella_pallens	91.85755694	31.44679691	0.08876582805	0.08176614881	1.524525037	0.6083598435	NA	1144	0.9991030757	0.5196803322	-0.4101948911	1.626914578	1	1	1	BcgI	NA	fixed	509080.6978	glm	23	False	fraction 0.09 < 0.75; dispersion 31.45 > 5.0; containment 0.08 < 0.5	-	single enzyme: no cross-enzyme consistency check available
SF027.BcgI	GCF_900459415.1	s__Streptococcus_infantis	NA	NA	NA	0.02919708029	NA	NA	NA	0	NA	NA	NA	NA	0	1	0	-	NA	fixed	NA	none	0	False	containment 0.03 < 0.5; only 0/1 enzymes produced a fit; no PTR estimate	BcgI:only 2 windows after outlier trimming	no enzyme produced a usable estimate
SF027.BcgI	GCF_900460625.1	s__Actinobacillus_B_seminis	NA	NA	NA	0.001004016064	NA	NA	NA	0	NA	NA	NA	NA	0	1	0	-	NA	fixed	NA	none	0	False	containment 0.00 < 0.5; only 0/1 enzymes produced a fit; no PTR estimate	BcgI:only 0 windows after outlier trimming	no enzyme produced a usable estimate
SF027.BcgI	GCF_900460955.1	s__Cardiobacterium_valvarum	NA	NA	NA	0	NA	NA	NA	0	NA	NA	NA	NA	0	1	0	-	NA	fixed	NA	none	0	False	containment 0.00 < 0.5; only 0/1 enzymes produced a fit; no PTR estimate	BcgI:only 0 windows after outlier trimming	no enzyme produced a usable estimate
SF027.BcgI	GCF_900469495.1	s__Agrobacterium_pusense	NA	NA	NA	0.001155878468	NA	NA	NA	0	NA	NA	NA	NA	0	1	0	-	NA	fixed	NA	none	0	False	containment 0.00 < 0.5; only 0/1 enzymes produced a fit; no PTR estimate	BcgI:only 2 windows after outlier trimming	no enzyme produced a usable estimate
SF027.BcgI	GCF_900469525.1	s__Allorhizobium_rosettiformans	NA	NA	NA	0.0001394700139	NA	NA	NA	0	NA	NA	NA	NA	0	1	0	-	NA	fixed	NA	none	0	False	containment 0.00 < 0.5; only 0/1 enzymes produced a fit; no PTR estimate	BcgI:only 0 windows after outlier trimming	no enzyme produced a usable estimate
SF027.BcgI	GCF_900470035.1	s__Bosea_vestrisii	NA	NA	NA	0.0001193744777	NA	NA	NA	0	NA	NA	NA	NA	0	1	0	-	NA	fixed	NA	none	0	False	containment 0.00 < 0.5; only 0/1 enzymes produced a fit; no PTR estimate	BcgI:only 1 windows after outlier trimming	no enzyme produced a usable estimate
SF027.BcgI	GCF_900476055.1	s__Streptococcus_australis	NA	NA	NA	0.0110701107	NA	NA	NA	0	NA	NA	NA	NA	0	1	0	-	NA	fixed	NA	none	0	False	containment 0.01 < 0.5; only 0/1 enzymes produced a fit; no PTR estimate	BcgI:only 3 windows after outlier trimming	no enzyme produced a usable estimate
SF027.BcgI	GCF_900498865.1	s__Klebsiella_pneumoniae	96.20977011	34.24287106	0.02438750864	0.015625	1.909651063	0.9333090487	NA	2755	0.9981630751	0.7134068726	-0.464942728	2.331560825	1	1	1	BcgI	NA	fixed	4822445.833	glm	29	False	fraction 0.02 < 0.75; dispersion 34.24 > 5.0; containment 0.02 < 0.5	-	single enzyme: no cross-enzyme consistency check available
SF027.BcgI	GCF_900499005.1	s__Pauljensenia_culturomici	NA	NA	NA	0	NA	NA	NA	0	NA	NA	NA	NA	0	1	0	-	NA	fixed	NA	none	0	False	containment 0.00 < 0.5; only 0/1 enzymes produced a fit; no PTR estimate	BcgI:only 0 windows after outlier trimming	no enzyme produced a usable estimate
SF027.BcgI	GCF_900536635.1	s__Propionibacterium_australiense	NA	NA	NA	0	NA	NA	NA	0	NA	NA	NA	NA	0	1	0	-	NA	fixed	NA	none	0	False	containment 0.00 < 0.5; only 0/1 enzymes produced a fit; no PTR estimate	BcgI:only 0 windows after outlier trimming	no enzyme produced a usable estimate
SF027.BcgI	GCF_900555265.1	s__TM7x_sp900555265	NA	NA	NA	0.01092896175	NA	NA	NA	0	NA	NA	NA	NA	0	1	0	-	NA	fixed	NA	none	0	False	containment 0.01 < 0.5; only 0/1 enzymes produced a fit; no PTR estimate	BcgI:only 2 windows after outlier trimming	no enzyme produced a usable estimate
SF027.BcgI	GCF_900555425.1	s__TM7x_sp900555425	NA	NA	NA	0.01388888889	NA	NA	NA	0	NA	NA	NA	NA	0	1	0	-	NA	fixed	NA	none	0	False	containment 0.01 < 0.5; only 0/1 enzymes produced a fit; no PTR estimate	BcgI:only 2 windows after outlier trimming	no enzyme produced a usable estimate
SF027.BcgI	GCF_900555675.1	s__TM7x_sp900555675	NA	NA	NA	0.02923976608	NA	NA	NA	0	NA	NA	NA	NA	0	1	0	-	NA	fixed	NA	none	0	False	containment 0.03 < 0.5; only 0/1 enzymes produced a fit; no PTR estimate	BcgI:only 4 windows after outlier trimming	no enzyme produced a usable estimate
SF027.BcgI	GCF_900555885.1	s__TM7x_sp900555885	NA	NA	NA	0.02272727273	NA	NA	NA	0	NA	NA	NA	NA	0	1	0	-	NA	fixed	NA	none	0	False	containment 0.02 < 0.5; only 0/1 enzymes produced a fit; no PTR estimate	BcgI:only 2 windows after outlier trimming	no enzyme produced a usable estimate
SF027.BcgI	GCF_900556355.1	s__TM7x_sp900556355	NA	NA	NA	0.02564102564	NA	NA	NA	0	NA	NA	NA	NA	0	1	0	-	NA	fixed	NA	none	0	False	containment 0.03 < 0.5; only 0/1 enzymes produced a fit; no PTR estimate	BcgI:only 2 windows after outlier trimming	no enzyme produced a usable estimate
SF027.BcgI	GCF_900556885.1	s__TM7x_sp900556885	NA	NA	NA	0.006896551724	NA	NA	NA	0	NA	NA	NA	NA	0	1	0	-	NA	fixed	NA	none	0	False	containment 0.01 < 0.5; only 0/1 enzymes produced a fit; no PTR estimate	BcgI:only 1 windows after outlier trimming	no enzyme produced a usable estimate
SF027.BcgI	GCF_900557595.1	s__TM7x_sp900557595	NA	NA	NA	0.007936507937	NA	NA	NA	0	NA	NA	NA	NA	0	1	0	-	NA	fixed	NA	none	0	False	containment 0.01 < 0.5; only 0/1 enzymes produced a fit; no PTR estimate	BcgI:only 1 windows after outlier trimming	no enzyme produced a usable estimate
SF027.BcgI	GCF_900566195.1	s__Treponema_D_pectinovorum	NA	NA	NA	0	NA	NA	NA	0	NA	NA	NA	NA	0	1	0	-	NA	fixed	NA	none	0	False	containment 0.00 < 0.5; only 0/1 enzymes produced a fit; no PTR estimate	BcgI:only 0 windows after outlier trimming	no enzyme produced a usable estimate
SF027.BcgI	GCF_900573955.1	s__Campylobacter_A_showae_D	NA	NA	NA	0	NA	NA	NA	0	NA	NA	NA	NA	0	1	0	-	NA	fixed	NA	none	0	False	containment 0.00 < 0.5; only 0/1 enzymes produced a fit; no PTR estimate	BcgI:only 0 windows after outlier trimming	no enzyme produced a usable estimate
SF027.BcgI	GCF_900573975.1	s__Campylobacter_A_showae_A	NA	NA	NA	0	NA	NA	NA	0	NA	NA	NA	NA	0	1	0	-	NA	fixed	NA	none	0	False	containment 0.00 < 0.5; only 0/1 enzymes produced a fit; no PTR estimate	BcgI:only 0 windows after outlier trimming	no enzyme produced a usable estimate
SF027.BcgI	GCF_900573985.1	s__Campylobacter_A_showae_E	NA	NA	NA	0	NA	NA	NA	0	NA	NA	NA	NA	0	1	0	-	NA	fixed	NA	none	0	False	containment 0.00 < 0.5; only 0/1 enzymes produced a fit; no PTR estimate	BcgI:only 0 windows after outlier trimming	no enzyme produced a usable estimate
SF027.BcgI	GCF_900605015.1	s__Olsenella_B_sp900605015	NA	NA	NA	0	NA	NA	NA	0	NA	NA	NA	NA	0	1	0	-	NA	fixed	NA	none	0	False	containment 0.00 < 0.5; only 0/1 enzymes produced a fit; no PTR estimate	BcgI:only 0 windows after outlier trimming	no enzyme produced a usable estimate
SF027.BcgI	GCF_900607225.1	s__Arachnia_sp900607225	NA	NA	NA	0	NA	NA	NA	0	NA	NA	NA	NA	0	1	0	-	NA	fixed	NA	none	0	False	containment 0.00 < 0.5; only 0/1 enzymes produced a fit; no PTR estimate	BcgI:only 0 windows after outlier trimming	no enzyme produced a usable estimate
SF027.BcgI	GCF_900634705.1	s__Frankia_coriariae	NA	NA	NA	0	NA	NA	NA	0	NA	NA	NA	NA	0	1	0	-	NA	fixed	NA	none	0	False	containment 0.00 < 0.5; only 0/1 enzymes produced a fit; no PTR estimate	BcgI:only 0 windows after outlier trimming	no enzyme produced a usable estimate
SF027.BcgI	GCF_900635155.1	s__Streptococcus_sanguinis_G	NA	NA	NA	0.01470588235	NA	NA	NA	0	NA	NA	NA	NA	0	1	0	-	NA	fixed	NA	none	0	False	containment 0.01 < 0.5; only 0/1 enzymes produced a fit; no PTR estimate	BcgI:only 4 windows after outlier trimming	no enzyme produced a usable estimate
SF027.BcgI	GCF_900637555.1	s__Lautropia_mirabilis	447.3725541	1359.232794	0.2390053763	0.2399874844	3.041068084e+27	91.29663668	NA	3096	0.9999999988	0.4742828254	90.36705942	92.22621393	1	1	1	BcgI	NA	fixed	1020200.414	glm	31	False	fraction 0.24 < 0.75; dispersion 1359.23 > 5.0; containment 0.24 < 0.5	-	single enzyme: no cross-enzyme consistency check available
SF027.BcgI	GCF_900683665.1	s__Bacteroides_heparinolyticus	NA	NA	NA	0	NA	NA	NA	0	NA	NA	NA	NA	0	1	0	-	NA	fixed	NA	none	0	False	containment 0.00 < 0.5; only 0/1 enzymes produced a fit; no PTR estimate	BcgI:only 0 windows after outlier trimming	no enzyme produced a usable estimate
SF027.BcgI	GCF_900755445.1	s__Haemophilus_D_sp900755445	NA	NA	NA	0.005050505051	NA	NA	NA	0	NA	NA	NA	NA	0	1	0	-	NA	fixed	NA	none	0	False	containment 0.01 < 0.5; only 0/1 enzymes produced a fit; no PTR estimate	BcgI:only 1 windows after outlier trimming	no enzyme produced a usable estimate
SF027.BcgI	GCF_900755485.1	s__F0422_sp900544365	NA	NA	NA	0	NA	NA	NA	0	NA	NA	NA	NA	0	1	0	-	NA	fixed	NA	none	0	False	containment 0.00 < 0.5; only 0/1 enzymes produced a fit; no PTR estimate	BcgI:only 0 windows after outlier trimming	no enzyme produced a usable estimate
SF027.BcgI	GCF_900756155.1	s__Haemophilus_D_sp900756155	NA	NA	NA	0.02222222222	NA	NA	NA	0	NA	NA	NA	NA	0	1	0	-	NA	fixed	NA	none	0	False	containment 0.02 < 0.5; only 0/1 enzymes produced a fit; no PTR estimate	BcgI:only 3 windows after outlier trimming	no enzyme produced a usable estimate
SF027.BcgI	GCF_900756875.1	s__Haemophilus_D_sp900756875	NA	NA	NA	0.03937007874	NA	NA	NA	0	NA	NA	NA	NA	0	1	0	-	NA	fixed	NA	none	0	False	containment 0.04 < 0.5; only 0/1 enzymes produced a fit; no PTR estimate	BcgI:only 23 anchors (< 30)	no enzyme produced a usable estimate
SF027.BcgI	GCF_900759775.1	s__F0422_sp003999875	NA	NA	NA	0	NA	NA	NA	0	NA	NA	NA	NA	0	1	0	-	NA	fixed	NA	none	0	False	containment 0.00 < 0.5; only 0/1 enzymes produced a fit; no PTR estimate	BcgI:only 0 windows after outlier trimming	no enzyme produced a usable estimate
SF027.BcgI	GCF_900764435.1	s__Haemophilus_D_sp900764435	NA	NA	NA	0.02118644068	NA	NA	NA	0	NA	NA	NA	NA	0	1	0	-	NA	fixed	NA	none	0	False	containment 0.02 < 0.5; only 0/1 enzymes produced a fit; no PTR estimate	BcgI:only 3 windows after outlier trimming	no enzyme produced a usable estimate
SF027.BcgI	GCF_900765055.1	s__Limosilactobacillus_vaginalis_A	NA	NA	NA	0.002012072435	NA	NA	NA	0	NA	NA	NA	NA	0	1	0	-	NA	fixed	NA	none	0	False	containment 0.00 < 0.5; only 0/1 enzymes produced a fit; no PTR estimate	BcgI:only 1 windows after outlier trimming	no enzyme produced a usable estimate
SF027.BcgI	GCF_900766245.1	s__F0422_sp900766245	NA	NA	NA	0	NA	NA	NA	0	NA	NA	NA	NA	0	1	0	-	NA	fixed	NA	none	0	False	containment 0.00 < 0.5; only 0/1 enzymes produced a fit; no PTR estimate	BcgI:only 0 windows after outlier trimming	no enzyme produced a usable estimate
SF027.BcgI	GCF_900768625.1	s__Prevotellamassilia_sp900768625	NA	NA	NA	0	NA	NA	NA	0	NA	NA	NA	NA	0	1	0	-	NA	fixed	NA	none	0	False	containment 0.00 < 0.5; only 0/1 enzymes produced a fit; no PTR estimate	BcgI:only 0 windows after outlier trimming	no enzyme produced a usable estimate
SF027.BcgI	GCF_900993765.1	s__Streptococcus_pyogenes	NA	NA	NA	0	NA	NA	NA	0	NA	NA	NA	NA	0	1	0	-	NA	fixed	NA	none	0	False	containment 0.00 < 0.5; only 0/1 enzymes produced a fit; no PTR estimate	BcgI:only 0 windows after outlier trimming	no enzyme produced a usable estimate
SF027.BcgI	GCF_901542415.1	s__Streptococcus_mitis_BL	NA	NA	NA	0	NA	NA	NA	0	NA	NA	NA	NA	0	1	0	-	NA	fixed	NA	none	0	False	containment 0.00 < 0.5; only 0/1 enzymes produced a fit; no PTR estimate	BcgI:only 0 windows after outlier trimming	no enzyme produced a usable estimate
SF027.BcgI	GCF_901543175.1	s__Streptococcus_australis_A	NA	NA	NA	0	NA	NA	NA	0	NA	NA	NA	NA	0	1	0	-	NA	fixed	NA	none	0	False	containment 0.00 < 0.5; only 0/1 enzymes produced a fit; no PTR estimate	BcgI:only 0 windows after outlier trimming	no enzyme produced a usable estimate
SF027.BcgI	GCF_901543815.1	s__Streptococcus_mitis_BC	NA	NA	NA	0.0206185567	NA	NA	NA	0	NA	NA	NA	NA	0	1	0	-	NA	fixed	NA	none	0	False	containment 0.02 < 0.5; only 0/1 enzymes produced a fit; no PTR estimate	BcgI:only 1 windows after outlier trimming	no enzyme produced a usable estimate
SF027.BcgI	GCF_902159415.1	s__Streptococcus_mitis_BG	NA	NA	NA	0	NA	NA	NA	0	NA	NA	NA	NA	0	1	0	-	NA	fixed	NA	none	0	False	containment 0.00 < 0.5; only 0/1 enzymes produced a fit; no PTR estimate	BcgI:only 0 windows after outlier trimming	no enzyme produced a usable estimate
SF027.BcgI	GCF_902165435.1	s__Klebsiella_A_grimontii	NA	NA	NA	0.0009987515605	NA	NA	NA	0	NA	NA	NA	NA	0	1	0	-	NA	fixed	NA	none	0	False	containment 0.00 < 0.5; only 0/1 enzymes produced a fit; no PTR estimate	BcgI:only 4 windows after outlier trimming	no enzyme produced a usable estimate
SF027.BcgI	GCF_902363285.1	s__Actinomyces_sp900323545	NA	NA	NA	0	NA	NA	NA	0	NA	NA	NA	NA	0	1	0	-	NA	fixed	NA	none	0	False	containment 0.00 < 0.5; only 0/1 enzymes produced a fit; no PTR estimate	BcgI:only 0 windows after outlier trimming	no enzyme produced a usable estimate
SF027.BcgI	GCF_902363395.1	s__Streptococcus_sp902363395	NA	NA	NA	0	NA	NA	NA	0	NA	NA	NA	NA	0	1	0	-	NA	fixed	NA	none	0	False	containment 0.00 < 0.5; only 0/1 enzymes produced a fit; no PTR estimate	BcgI:only 0 windows after outlier trimming	no enzyme produced a usable estimate
SF027.BcgI	GCF_902364435.1	s__Veillonella_dispar_A	NA	NA	NA	0.05952380952	NA	NA	NA	0	NA	NA	NA	NA	0	1	0	-	NA	fixed	NA	none	0	False	containment 0.06 < 0.5; only 0/1 enzymes produced a fit; no PTR estimate	BcgI:only 20 anchors (< 30)	no enzyme produced a usable estimate
SF027.BcgI	GCF_902373675.1	s__Parvimonas_micra	NA	NA	NA	0	NA	NA	NA	0	NA	NA	NA	NA	0	1	0	-	NA	fixed	NA	none	0	False	containment 0.00 < 0.5; only 0/1 enzymes produced a fit; no PTR estimate	BcgI:only 0 windows after outlier trimming	no enzyme produced a usable estimate
SF027.BcgI	GCF_902374235.1	s__Prevotella_salivae	106.6173499	49.88062619	0.1248252891	0.09992193599	1.475195913	0.5609065642	NA	1161	0.9991095016	0.5983842652	-0.6119050445	1.733718173	1	1	1	BcgI	NA	fixed	1206977.707	glm	24	False	fraction 0.12 < 0.75; dispersion 49.88 > 5.0; containment 0.10 < 0.5	-	single enzyme: no cross-enzyme consistency check available
SF027.BcgI	GCF_902374455.1	s__Neisseria_macacae	1605.669697	3337.928793	0.1753224324	0.09844559585	1.978191397e+155	515.8830367	NA	270	0.9999816402	1.226689518	513.4787695	518.287304	1	1	1	BcgI	NA	fixed	1445128.3	glm	11	False	fraction 0.18 < 0.75; dispersion 3337.93 > 5.0; containment 0.10 < 0.5	-	single enzyme: no cross-enzyme consistency check available
SF027.BcgI	GCF_902375005.1	s__Streptococcus_sp000411475	NA	NA	NA	0.02395209581	NA	NA	NA	0	NA	NA	NA	NA	0	1	0	-	NA	fixed	NA	none	0	False	containment 0.02 < 0.5; only 0/1 enzymes produced a fit; no PTR estimate	BcgI:only 3 windows after outlier trimming	no enzyme produced a usable estimate
SF027.BcgI	GCF_902376125.1	s__Streptococcus_timonensis	NA	NA	NA	0.007692307692	NA	NA	NA	0	NA	NA	NA	NA	0	1	0	-	NA	fixed	NA	none	0	False	containment 0.01 < 0.5; only 0/1 enzymes produced a fit; no PTR estimate	BcgI:only 1 windows after outlier trimming	no enzyme produced a usable estimate
SF027.BcgI	GCF_902376145.1	s__F0040_sp900095835	NA	NA	NA	0.002213613724	NA	NA	NA	0	NA	NA	NA	NA	0	1	0	-	NA	fixed	NA	none	0	False	containment 0.00 < 0.5; only 0/1 enzymes produced a fit; no PTR estimate	BcgI:only 3 windows after outlier trimming	no enzyme produced a usable estimate
SF027.BcgI	GCF_902387945.1	s__Lachnoanaerobaculum_umeaense	NA	NA	NA	0	NA	NA	NA	0	NA	NA	NA	NA	0	1	0	-	NA	fixed	NA	none	0	False	containment 0.00 < 0.5; only 0/1 enzymes produced a fit; no PTR estimate	BcgI:only 0 windows after outlier trimming	no enzyme produced a usable estimate
SF027.BcgI	GCF_902460355.1	s__Streptococcus_sp902460355	NA	NA	NA	0	NA	NA	NA	0	NA	NA	NA	NA	0	1	0	-	NA	fixed	NA	none	0	False	containment 0.00 < 0.5; only 0/1 enzymes produced a fit; no PTR estimate	BcgI:only 0 windows after outlier trimming	no enzyme produced a usable estimate
SF027.BcgI	GCF_902460385.1	s__Streptococcus_sinensis	NA	NA	NA	0.002132196162	NA	NA	NA	0	NA	NA	NA	NA	0	1	0	-	NA	fixed	NA	none	0	False	containment 0.00 < 0.5; only 0/1 enzymes produced a fit; no PTR estimate	BcgI:only 1 windows after outlier trimming	no enzyme produced a usable estimate
SF027.BcgI	GCF_902460535.1	s__Campylobacter_A_concisus_J	NA	NA	NA	0.003225806452	NA	NA	NA	0	NA	NA	NA	NA	0	1	0	-	NA	fixed	NA	none	0	False	containment 0.00 < 0.5; only 0/1 enzymes produced a fit; no PTR estimate	BcgI:only 1 windows after outlier trimming	no enzyme produced a usable estimate
SF027.BcgI	GCF_902460615.1	s__Campylobacter_A_concisus_C	NA	NA	NA	0	NA	NA	NA	0	NA	NA	NA	NA	0	1	0	-	NA	fixed	NA	none	0	False	containment 0.00 < 0.5; only 0/1 enzymes produced a fit; no PTR estimate	BcgI:only 0 windows after outlier trimming	no enzyme produced a usable estimate
SF027.BcgI	GCF_902460705.1	s__Campylobacter_A_concisus_Z	NA	NA	NA	0	NA	NA	NA	0	NA	NA	NA	NA	0	1	0	-	NA	fixed	NA	none	0	False	containment 0.00 < 0.5; only 0/1 enzymes produced a fit; no PTR estimate	BcgI:only 0 windows after outlier trimming	no enzyme produced a usable estimate
SF027.BcgI	GCF_902460815.1	s__Campylobacter_A_concisus_F	NA	NA	NA	0	NA	NA	NA	0	NA	NA	NA	NA	0	1	0	-	NA	fixed	NA	none	0	False	containment 0.00 < 0.5; only 0/1 enzymes produced a fit; no PTR estimate	BcgI:only 0 windows after outlier trimming	no enzyme produced a usable estimate
SF027.BcgI	GCF_902859015.1	s__Streptococcus_sp001556435	145.9833333	142.1308504	0.1196923077	0.1102661597	1.290498194	0.3679281221	NA	238	0.9977374237	1.160335366	-1.906287405	2.64214365	1	1	1	BcgI	NA	fixed	282441.7422	glm	10	False	fraction 0.12 < 0.75; dispersion 142.13 > 5.0; containment 0.11 < 0.5	-	single enzyme: no cross-enzyme consistency check available
SF027.BcgI	GCF_902983995.1	s__Treponema_D_buccale	NA	NA	NA	0	NA	NA	NA	0	NA	NA	NA	NA	0	1	0	-	NA	fixed	NA	none	0	False	containment 0.00 < 0.5; only 0/1 enzymes produced a fit; no PTR estimate	BcgI:only 0 windows after outlier trimming	no enzyme produced a usable estimate
SF027.BcgI	GCF_903645325.1	s__Microbacterium_sp903645325	NA	NA	NA	0	NA	NA	NA	0	NA	NA	NA	NA	0	1	0	-	NA	fixed	NA	none	0	False	containment 0.00 < 0.5; only 0/1 enzymes produced a fit; no PTR estimate	BcgI:only 0 windows after outlier trimming	no enzyme produced a usable estimate
