sample	genome	taxonomy	coverage	dispersion	fraction	containment	PTR	log2(PTR)	enzyme_consistency	n_anchors	ori_confidence	se	ci_low	ci_high	n_enzymes	n_enzymes_attempted	enzyme_fit_rate	enzymes_used	enzyme_i2	fusion_model	ori	method	n_windows	pass_qc	qc_reason	excluded	note
CRR1310390	GCA_000162895.1	s__Peptidiphaga_gingivicola	NA	NA	NA	0.001444564825	NA	NA	NA	0	NA	NA	NA	NA	0	1	0	-	NA	fixed	NA	none	0	False	containment 0.00 < 0.5; only 0/1 enzymes produced a fit; no PTR estimate	BcgI:only 1 windows after outlier trimming	no enzyme produced a usable estimate
CRR1310390	GCA_000210715.1	s__Fretibacterium_fastidiosum	NA	NA	NA	0.001890359168	NA	NA	NA	0	NA	NA	NA	NA	0	1	0	-	NA	fixed	NA	none	0	False	containment 0.00 < 0.5; only 0/1 enzymes produced a fit; no PTR estimate	BcgI:only 2 windows after outlier trimming	no enzyme produced a usable estimate
CRR1310390	GCA_000286355.1	s__Kocuria_atrinae	NA	NA	NA	0.0004533091568	NA	NA	NA	0	NA	NA	NA	NA	0	1	0	-	NA	fixed	NA	none	0	False	containment 0.00 < 0.5; only 0/1 enzymes produced a fit; no PTR estimate	BcgI:only 0 windows after outlier trimming	no enzyme produced a usable estimate
CRR1310390	GCA_000385835.1	s__Streptococcus_mitis_AI	NA	NA	NA	0	NA	NA	NA	0	NA	NA	NA	NA	0	1	0	-	NA	fixed	NA	none	0	False	containment 0.00 < 0.5; only 0/1 enzymes produced a fit; no PTR estimate	BcgI:only 0 windows after outlier trimming	no enzyme produced a usable estimate
CRR1310390	GCA_000413015.1	s__Treponema_D_paredis	NA	NA	NA	0	NA	NA	NA	0	NA	NA	NA	NA	0	1	0	-	NA	fixed	NA	none	0	False	containment 0.00 < 0.5; only 0/1 enzymes produced a fit; no PTR estimate	BcgI:only 0 windows after outlier trimming	no enzyme produced a usable estimate
CRR1310390	GCA_000413335.1	s__Cutibacterium_avidum	NA	NA	NA	0	NA	NA	NA	0	NA	NA	NA	NA	0	1	0	-	NA	fixed	NA	none	0	False	containment 0.00 < 0.5; only 0/1 enzymes produced a fit; no PTR estimate	BcgI:only 0 windows after outlier trimming	no enzyme produced a usable estimate
CRR1310390	GCA_001062585.1	s__Neisseria_sp000227275	NA	NA	NA	0	NA	NA	NA	0	NA	NA	NA	NA	0	1	0	-	NA	fixed	NA	none	0	False	containment 0.00 < 0.5; only 0/1 enzymes produced a fit; no PTR estimate	BcgI:only 0 windows after outlier trimming	no enzyme produced a usable estimate
CRR1310390	GCA_001063255.1	s__Neisseria_mucosa	NA	NA	NA	0	NA	NA	NA	0	NA	NA	NA	NA	0	1	0	-	NA	fixed	NA	none	0	False	containment 0.00 < 0.5; only 0/1 enzymes produced a fit; no PTR estimate	BcgI:only 0 windows after outlier trimming	no enzyme produced a usable estimate
CRR1310390	GCA_001067315.1	s__Neisseria_subflava	NA	NA	NA	0	NA	NA	NA	0	NA	NA	NA	NA	0	1	0	-	NA	fixed	NA	none	0	False	containment 0.00 < 0.5; only 0/1 enzymes produced a fit; no PTR estimate	BcgI:only 0 windows after outlier trimming	no enzyme produced a usable estimate
CRR1310390	GCA_001067655.1	s__Neisseria_lactamica_B	NA	NA	NA	0	NA	NA	NA	0	NA	NA	NA	NA	0	1	0	-	NA	fixed	NA	none	0	False	containment 0.00 < 0.5; only 0/1 enzymes produced a fit; no PTR estimate	BcgI:only 0 windows after outlier trimming	no enzyme produced a usable estimate
CRR1310390	GCA_001196045.1	s__Staphylococcus_warneri	NA	NA	NA	0.0488997555	NA	NA	NA	0	NA	NA	NA	NA	0	1	0	-	NA	fixed	NA	none	0	False	containment 0.05 < 0.5; only 0/1 enzymes produced a fit; no PTR estimate	BcgI:only 1 windows after outlier trimming	no enzyme produced a usable estimate
CRR1310390	GCA_001275035.1	s__Pararheinheimera_tangshanensis	NA	NA	NA	0	NA	NA	NA	0	NA	NA	NA	NA	0	1	0	-	NA	fixed	NA	none	0	False	containment 0.00 < 0.5; only 0/1 enzymes produced a fit; no PTR estimate	BcgI:only 0 windows after outlier trimming	no enzyme produced a usable estimate
CRR1310390	GCA_001296205.1	s__Streptococcus_intermedius	NA	NA	NA	0.01769911504	NA	NA	NA	0	NA	NA	NA	NA	0	1	0	-	NA	fixed	NA	none	0	False	containment 0.02 < 0.5; only 0/1 enzymes produced a fit; no PTR estimate	BcgI:only 1 windows after outlier trimming	no enzyme produced a usable estimate
CRR1310390	GCA_001421095.1	s__Bacteroides_D_periocalifornicus	NA	NA	NA	0	NA	NA	NA	0	NA	NA	NA	NA	0	1	0	-	NA	fixed	NA	none	0	False	containment 0.00 < 0.5; only 0/1 enzymes produced a fit; no PTR estimate	BcgI:only 0 windows after outlier trimming	no enzyme produced a usable estimate
CRR1310390	GCA_001477075.1	s__Methylobacterium_organophilum	NA	NA	NA	0.0001588562351	NA	NA	NA	0	NA	NA	NA	NA	0	1	0	-	NA	fixed	NA	none	0	False	containment 0.00 < 0.5; only 0/1 enzymes produced a fit; no PTR estimate	BcgI:only 0 windows after outlier trimming	no enzyme produced a usable estimate
CRR1310390	GCA_001556165.1	s__Sphingomonas_ginsenosidimutans	NA	NA	NA	0.0002072968491	NA	NA	NA	0	NA	NA	NA	NA	0	1	0	-	NA	fixed	NA	none	0	False	containment 0.00 < 0.5; only 0/1 enzymes produced a fit; no PTR estimate	BcgI:only 0 windows after outlier trimming	no enzyme produced a usable estimate
CRR1310390	GCA_001578795.1	s__Streptococcus_gordonii_A	NA	NA	NA	0.05539358601	NA	NA	NA	0	NA	NA	NA	NA	0	1	0	-	NA	fixed	NA	none	0	False	containment 0.06 < 0.5; only 0/1 enzymes produced a fit; no PTR estimate	BcgI:only 3 windows after outlier trimming	no enzyme produced a usable estimate
CRR1310390	GCA_001578855.1	s__Streptococcus_oralis_R	NA	NA	NA	0.01829268293	NA	NA	NA	0	NA	NA	NA	NA	0	1	0	-	NA	fixed	NA	none	0	False	containment 0.02 < 0.5; only 0/1 enzymes produced a fit; no PTR estimate	BcgI:only 2 windows after outlier trimming	no enzyme produced a usable estimate
CRR1310390	GCA_001579015.1	s__Streptococcus_oralis_K	NA	NA	NA	0.0350877193	NA	NA	NA	0	NA	NA	NA	NA	0	1	0	-	NA	fixed	NA	none	0	False	containment 0.04 < 0.5; only 0/1 enzymes produced a fit; no PTR estimate	BcgI:only 2 windows after outlier trimming	no enzyme produced a usable estimate
CRR1310390	GCA_001636165.1	s__Schleiferilactobacillus_harbinensis	NA	NA	NA	0	NA	NA	NA	0	NA	NA	NA	NA	0	1	0	-	NA	fixed	NA	none	0	False	containment 0.00 < 0.5; only 0/1 enzymes produced a fit; no PTR estimate	BcgI:only 0 windows after outlier trimming	no enzyme produced a usable estimate
CRR1310390	GCA_001724095.1	s__Pigmentiphaga_sp001898625	NA	NA	NA	0	NA	NA	NA	0	NA	NA	NA	NA	0	1	0	-	NA	fixed	NA	none	0	False	containment 0.00 < 0.5; only 0/1 enzymes produced a fit; no PTR estimate	BcgI:only 0 windows after outlier trimming	no enzyme produced a usable estimate
CRR1310390	GCA_001725355.1	s__Novosphingobium_sp001725355	NA	NA	NA	0.0002306805075	NA	NA	NA	0	NA	NA	NA	NA	0	1	0	-	NA	fixed	NA	none	0	False	containment 0.00 < 0.5; only 0/1 enzymes produced a fit; no PTR estimate	BcgI:only 0 windows after outlier trimming	no enzyme produced a usable estimate
CRR1310390	GCA_001838375.1	s__Neisseria_mucosa_A	NA	NA	NA	0	NA	NA	NA	0	NA	NA	NA	NA	0	1	0	-	NA	fixed	NA	none	0	False	containment 0.00 < 0.5; only 0/1 enzymes produced a fit; no PTR estimate	BcgI:only 0 windows after outlier trimming	no enzyme produced a usable estimate
CRR1310390	GCA_001899205.1	s__Mesorhizobium_sp001899205	NA	NA	NA	0	NA	NA	NA	0	NA	NA	NA	NA	0	1	0	-	NA	fixed	NA	none	0	False	containment 0.00 < 0.5; only 0/1 enzymes produced a fit; no PTR estimate	BcgI:only 0 windows after outlier trimming	no enzyme produced a usable estimate
CRR1310390	GCA_001899725.1	s__Sphingomonas_leidyi	NA	NA	NA	0	NA	NA	NA	0	NA	NA	NA	NA	0	1	0	-	NA	fixed	NA	none	0	False	containment 0.00 < 0.5; only 0/1 enzymes produced a fit; no PTR estimate	BcgI:only 0 windows after outlier trimming	no enzyme produced a usable estimate
CRR1310390	GCA_001914195.1	s__Streptococcus_mitis_F	NA	NA	NA	0.01098901099	NA	NA	NA	0	NA	NA	NA	NA	0	1	0	-	NA	fixed	NA	none	0	False	containment 0.01 < 0.5; only 0/1 enzymes produced a fit; no PTR estimate	BcgI:only 0 windows after outlier trimming	no enzyme produced a usable estimate
CRR1310390	GCA_002211645.1	s__Fusobacterium_animalis	NA	NA	NA	0	NA	NA	NA	0	NA	NA	NA	NA	0	1	0	-	NA	fixed	NA	none	0	False	containment 0.00 < 0.5; only 0/1 enzymes produced a fit; no PTR estimate	BcgI:only 0 windows after outlier trimming	no enzyme produced a usable estimate
CRR1310390	GCA_002256345.1	s__Tardiphaga_sp002256345	NA	NA	NA	0.0002718376223	NA	NA	NA	0	NA	NA	NA	NA	0	1	0	-	NA	fixed	NA	none	0	False	containment 0.00 < 0.5; only 0/1 enzymes produced a fit; no PTR estimate	BcgI:only 0 windows after outlier trimming	no enzyme produced a usable estimate
CRR1310390	GCA_002305995.1	s__UBA1367_sp002305995	NA	NA	NA	0.001263024945	NA	NA	NA	0	NA	NA	NA	NA	0	1	0	-	NA	fixed	NA	none	0	False	containment 0.00 < 0.5; only 0/1 enzymes produced a fit; no PTR estimate	BcgI:only 3 windows after outlier trimming	no enzyme produced a usable estimate
CRR1310390	GCA_002316995.1	s__Proteiniphilum_sp002410345	NA	NA	NA	0	NA	NA	NA	0	NA	NA	NA	NA	0	1	0	-	NA	fixed	NA	none	0	False	containment 0.00 < 0.5; only 0/1 enzymes produced a fit; no PTR estimate	BcgI:only 0 windows after outlier trimming	no enzyme produced a usable estimate
CRR1310390	GCA_002322135.1	s__Moraxella_A_cinereus	NA	NA	NA	0	NA	NA	NA	0	NA	NA	NA	NA	0	1	0	-	NA	fixed	NA	none	0	False	containment 0.00 < 0.5; only 0/1 enzymes produced a fit; no PTR estimate	BcgI:only 0 windows after outlier trimming	no enzyme produced a usable estimate
CRR1310390	GCA_002341725.1	s__Bradyrhizobium_sp002831585	NA	NA	NA	0.0005587632706	NA	NA	NA	0	NA	NA	NA	NA	0	1	0	-	NA	fixed	NA	none	0	False	containment 0.00 < 0.5; only 0/1 enzymes produced a fit; no PTR estimate	BcgI:only 0 windows after outlier trimming	no enzyme produced a usable estimate
CRR1310390	GCA_002345845.1	s__Azonexus_sp002345845	NA	NA	NA	0.0001575795777	NA	NA	NA	0	NA	NA	NA	NA	0	1	0	-	NA	fixed	NA	none	0	False	containment 0.00 < 0.5; only 0/1 enzymes produced a fit; no PTR estimate	BcgI:only 0 windows after outlier trimming	no enzyme produced a usable estimate
CRR1310390	GCA_002353675.1	s__Prevotella_sp900318855	NA	NA	NA	0.0004106776181	NA	NA	NA	0	NA	NA	NA	NA	0	1	0	-	NA	fixed	NA	none	0	False	containment 0.00 < 0.5; only 0/1 enzymes produced a fit; no PTR estimate	BcgI:only 1 windows after outlier trimming	no enzyme produced a usable estimate
CRR1310390	GCA_002354335.1	s__Sphingobacterium_sp002354335	NA	NA	NA	0	NA	NA	NA	0	NA	NA	NA	NA	0	1	0	-	NA	fixed	NA	none	0	False	containment 0.00 < 0.5; only 0/1 enzymes produced a fit; no PTR estimate	BcgI:only 0 windows after outlier trimming	no enzyme produced a usable estimate
CRR1310390	GCA_002380835.1	s__Kurthia_gibsonii	NA	NA	NA	0	NA	NA	NA	0	NA	NA	NA	NA	0	1	0	-	NA	fixed	NA	none	0	False	containment 0.00 < 0.5; only 0/1 enzymes produced a fit; no PTR estimate	BcgI:only 0 windows after outlier trimming	no enzyme produced a usable estimate
CRR1310390	GCA_002387245.1	s__Brevundimonas_sp002387245	NA	NA	NA	0	NA	NA	NA	0	NA	NA	NA	NA	0	1	0	-	NA	fixed	NA	none	0	False	containment 0.00 < 0.5; only 0/1 enzymes produced a fit; no PTR estimate	BcgI:only 0 windows after outlier trimming	no enzyme produced a usable estimate
CRR1310390	GCA_002396845.1	s__UBA4877_sp002399345	NA	NA	NA	0	NA	NA	NA	0	NA	NA	NA	NA	0	1	0	-	NA	fixed	NA	none	0	False	containment 0.00 < 0.5; only 0/1 enzymes produced a fit; no PTR estimate	BcgI:only 0 windows after outlier trimming	no enzyme produced a usable estimate
CRR1310390	GCA_002397005.1	s__Caproiciproducens_sp002407645	NA	NA	NA	0	NA	NA	NA	0	NA	NA	NA	NA	0	1	0	-	NA	fixed	NA	none	0	False	containment 0.00 < 0.5; only 0/1 enzymes produced a fit; no PTR estimate	BcgI:only 0 windows after outlier trimming	no enzyme produced a usable estimate
CRR1310390	GCA_002397085.1	s__UBA4871_sp002119605	NA	NA	NA	0	NA	NA	NA	0	NA	NA	NA	NA	0	1	0	-	NA	fixed	NA	none	0	False	containment 0.00 < 0.5; only 0/1 enzymes produced a fit; no PTR estimate	BcgI:only 0 windows after outlier trimming	no enzyme produced a usable estimate
CRR1310390	GCA_002397275.1	s__Syntrophaceticus_sp002397275	NA	NA	NA	0	NA	NA	NA	0	NA	NA	NA	NA	0	1	0	-	NA	fixed	NA	none	0	False	containment 0.00 < 0.5; only 0/1 enzymes produced a fit; no PTR estimate	BcgI:only 0 windows after outlier trimming	no enzyme produced a usable estimate
CRR1310390	GCA_002397665.1	s__Clostridium_E_sp002397665	NA	NA	NA	0.001983143282	NA	NA	NA	0	NA	NA	NA	NA	0	1	0	-	NA	fixed	NA	none	0	False	containment 0.00 < 0.5; only 0/1 enzymes produced a fit; no PTR estimate	BcgI:only 1 windows after outlier trimming	no enzyme produced a usable estimate
CRR1310390	GCA_002397945.1	s__UBA4923_sp002427535	NA	NA	NA	0.00135501355	NA	NA	NA	0	NA	NA	NA	NA	0	1	0	-	NA	fixed	NA	none	0	False	containment 0.00 < 0.5; only 0/1 enzymes produced a fit; no PTR estimate	BcgI:only 1 windows after outlier trimming	no enzyme produced a usable estimate
CRR1310390	GCA_002398185.1	s__UBA4844_sp002424365	NA	NA	NA	0	NA	NA	NA	0	NA	NA	NA	NA	0	1	0	-	NA	fixed	NA	none	0	False	containment 0.00 < 0.5; only 0/1 enzymes produced a fit; no PTR estimate	BcgI:only 0 windows after outlier trimming	no enzyme produced a usable estimate
CRR1310390	GCA_002398695.1	s__Olegusella_sp002407925	NA	NA	NA	0	NA	NA	NA	0	NA	NA	NA	NA	0	1	0	-	NA	fixed	NA	none	0	False	containment 0.00 < 0.5; only 0/1 enzymes produced a fit; no PTR estimate	BcgI:only 0 windows after outlier trimming	no enzyme produced a usable estimate
CRR1310390	GCA_002398905.1	s__Caprobacter_sp002407675	NA	NA	NA	0	NA	NA	NA	0	NA	NA	NA	NA	0	1	0	-	NA	fixed	NA	none	0	False	containment 0.00 < 0.5; only 0/1 enzymes produced a fit; no PTR estimate	BcgI:only 0 windows after outlier trimming	no enzyme produced a usable estimate
CRR1310390	GCA_002399315.1	s__UBA4851_sp002408445	NA	NA	NA	0	NA	NA	NA	0	NA	NA	NA	NA	0	1	0	-	NA	fixed	NA	none	0	False	containment 0.00 < 0.5; only 0/1 enzymes produced a fit; no PTR estimate	BcgI:only 0 windows after outlier trimming	no enzyme produced a usable estimate
CRR1310390	GCA_002407685.1	s__Fermentimonas_sp002398875	NA	NA	NA	0	NA	NA	NA	0	NA	NA	NA	NA	0	1	0	-	NA	fixed	NA	none	0	False	containment 0.00 < 0.5; only 0/1 enzymes produced a fit; no PTR estimate	BcgI:only 0 windows after outlier trimming	no enzyme produced a usable estimate
CRR1310390	GCA_002408485.1	s__Proteiniphilum_sp002408485	NA	NA	NA	0.001156737999	NA	NA	NA	0	NA	NA	NA	NA	0	1	0	-	NA	fixed	NA	none	0	False	containment 0.00 < 0.5; only 0/1 enzymes produced a fit; no PTR estimate	BcgI:only 1 windows after outlier trimming	no enzyme produced a usable estimate
CRR1310390	GCA_002408725.1	s__DTU098_sp002408725	NA	NA	NA	0.001272264631	NA	NA	NA	0	NA	NA	NA	NA	0	1	0	-	NA	fixed	NA	none	0	False	containment 0.00 < 0.5; only 0/1 enzymes produced a fit; no PTR estimate	BcgI:only 0 windows after outlier trimming	no enzyme produced a usable estimate
CRR1310390	GCA_002409095.1	s__DTU032_sp002427505	NA	NA	NA	0	NA	NA	NA	0	NA	NA	NA	NA	0	1	0	-	NA	fixed	NA	none	0	False	containment 0.00 < 0.5; only 0/1 enzymes produced a fit; no PTR estimate	BcgI:only 0 windows after outlier trimming	no enzyme produced a usable estimate
CRR1310390	GCA_002409445.1	s__UBA10988_sp002409445	NA	NA	NA	0	NA	NA	NA	0	NA	NA	NA	NA	0	1	0	-	NA	fixed	NA	none	0	False	containment 0.00 < 0.5; only 0/1 enzymes produced a fit; no PTR estimate	BcgI:only 0 windows after outlier trimming	no enzyme produced a usable estimate
CRR1310390	GCA_002409905.1	s__Aminobacterium_mobile	NA	NA	NA	0	NA	NA	NA	0	NA	NA	NA	NA	0	1	0	-	NA	fixed	NA	none	0	False	containment 0.00 < 0.5; only 0/1 enzymes produced a fit; no PTR estimate	BcgI:only 0 windows after outlier trimming	no enzyme produced a usable estimate
CRR1310390	GCA_002410045.1	s__T78_sp002409625	NA	NA	NA	0	NA	NA	NA	0	NA	NA	NA	NA	0	1	0	-	NA	fixed	NA	none	0	False	containment 0.00 < 0.5; only 0/1 enzymes produced a fit; no PTR estimate	BcgI:only 0 windows after outlier trimming	no enzyme produced a usable estimate
CRR1310390	GCA_002411015.1	s__UBA5352_sp002411015	NA	NA	NA	0.000175346309	NA	NA	NA	0	NA	NA	NA	NA	0	1	0	-	NA	fixed	NA	none	0	False	containment 0.00 < 0.5; only 0/1 enzymes produced a fit; no PTR estimate	BcgI:only 1 windows after outlier trimming	no enzyme produced a usable estimate
CRR1310390	GCA_002419745.1	s__Massilia_timonae	NA	NA	NA	0	NA	NA	NA	0	NA	NA	NA	NA	0	1	0	-	NA	fixed	NA	none	0	False	containment 0.00 < 0.5; only 0/1 enzymes produced a fit; no PTR estimate	BcgI:only 0 windows after outlier trimming	no enzyme produced a usable estimate
CRR1310390	GCA_002427175.1	s__UBA4874_sp002398065	NA	NA	NA	0	NA	NA	NA	0	NA	NA	NA	NA	0	1	0	-	NA	fixed	NA	none	0	False	containment 0.00 < 0.5; only 0/1 enzymes produced a fit; no PTR estimate	BcgI:only 0 windows after outlier trimming	no enzyme produced a usable estimate
CRR1310390	GCA_002427475.1	s__DTU032_sp002427475	NA	NA	NA	0	NA	NA	NA	0	NA	NA	NA	NA	0	1	0	-	NA	fixed	NA	none	0	False	containment 0.00 < 0.5; only 0/1 enzymes produced a fit; no PTR estimate	BcgI:only 0 windows after outlier trimming	no enzyme produced a usable estimate
CRR1310390	GCA_002431665.1	s__Petrimonas_sp002356435	NA	NA	NA	0.0006093845216	NA	NA	NA	0	NA	NA	NA	NA	0	1	0	-	NA	fixed	NA	none	0	False	containment 0.00 < 0.5; only 0/1 enzymes produced a fit; no PTR estimate	BcgI:only 0 windows after outlier trimming	no enzyme produced a usable estimate
CRR1310390	GCA_002437285.1	s__Prevotella_sp002437285	NA	NA	NA	0.001395348837	NA	NA	NA	0	NA	NA	NA	NA	0	1	0	-	NA	fixed	NA	none	0	False	containment 0.00 < 0.5; only 0/1 enzymes produced a fit; no PTR estimate	BcgI:only 3 windows after outlier trimming	no enzyme produced a usable estimate
CRR1310390	GCA_002454415.1	s__Sphingobacterium_sp002454415	NA	NA	NA	0	NA	NA	NA	0	NA	NA	NA	NA	0	1	0	-	NA	fixed	NA	none	0	False	containment 0.00 < 0.5; only 0/1 enzymes produced a fit; no PTR estimate	BcgI:only 0 windows after outlier trimming	no enzyme produced a usable estimate
CRR1310390	GCA_002455995.1	s__Leclercia_adecarboxylata_C	NA	NA	NA	0.001546072975	NA	NA	NA	0	NA	NA	NA	NA	0	1	0	-	NA	fixed	NA	none	0	False	containment 0.00 < 0.5; only 0/1 enzymes produced a fit; no PTR estimate	BcgI:only 3 windows after outlier trimming	no enzyme produced a usable estimate
CRR1310390	GCA_002694485.1	s__Brevundimonas_aurantiaca	NA	NA	NA	0.0005464480874	NA	NA	NA	0	NA	NA	NA	NA	0	1	0	-	NA	fixed	NA	none	0	False	containment 0.00 < 0.5; only 0/1 enzymes produced a fit; no PTR estimate	BcgI:only 0 windows after outlier trimming	no enzyme produced a usable estimate
CRR1310390	GCA_002724745.1	s__Herbaspirillum_huttiense	NA	NA	NA	0	NA	NA	NA	0	NA	NA	NA	NA	0	1	0	-	NA	fixed	NA	none	0	False	containment 0.00 < 0.5; only 0/1 enzymes produced a fit; no PTR estimate	BcgI:only 0 windows after outlier trimming	no enzyme produced a usable estimate
CRR1310390	GCA_002727035.1	s__Methylobacterium_fujisawaense	NA	NA	NA	0	NA	NA	NA	0	NA	NA	NA	NA	0	1	0	-	NA	fixed	NA	none	0	False	containment 0.00 < 0.5; only 0/1 enzymes produced a fit; no PTR estimate	BcgI:only 0 windows after outlier trimming	no enzyme produced a usable estimate
CRR1310390	GCA_002890635.1	s__Tannerella_sp002890585	NA	NA	NA	0	NA	NA	NA	0	NA	NA	NA	NA	0	1	0	-	NA	fixed	NA	none	0	False	containment 0.00 < 0.5; only 0/1 enzymes produced a fit; no PTR estimate	BcgI:only 0 windows after outlier trimming	no enzyme produced a usable estimate
CRR1310390	GCA_003241005.1	s__Brachybacterium_muris	NA	NA	NA	0.0002713704206	NA	NA	NA	0	NA	NA	NA	NA	0	1	0	-	NA	fixed	NA	none	0	False	containment 0.00 < 0.5; only 0/1 enzymes produced a fit; no PTR estimate	BcgI:only 0 windows after outlier trimming	no enzyme produced a usable estimate
CRR1310390	GCA_003241315.1	s__Lawsonella_clevelandensis_A	NA	NA	NA	0.001062699256	NA	NA	NA	0	NA	NA	NA	NA	0	1	0	-	NA	fixed	NA	none	0	False	containment 0.00 < 0.5; only 0/1 enzymes produced a fit; no PTR estimate	BcgI:only 0 windows after outlier trimming	no enzyme produced a usable estimate
CRR1310390	GCA_003248485.1	s__QFNR01_sp003248485	NA	NA	NA	0	NA	NA	NA	0	NA	NA	NA	NA	0	1	0	-	NA	fixed	NA	none	0	False	containment 0.00 < 0.5; only 0/1 enzymes produced a fit; no PTR estimate	BcgI:only 0 windows after outlier trimming	no enzyme produced a usable estimate
CRR1310390	GCA_003260325.1	s__GN02-872_sp003260325	NA	NA	NA	0.02	NA	NA	NA	0	NA	NA	NA	NA	0	1	0	-	NA	fixed	NA	none	0	False	containment 0.02 < 0.5; only 0/1 enzymes produced a fit; no PTR estimate	BcgI:only 1 windows after outlier trimming	no enzyme produced a usable estimate
CRR1310390	GCA_003260345.1	s__GN02-873_sp003260345	NA	NA	NA	0	NA	NA	NA	0	NA	NA	NA	NA	0	1	0	-	NA	fixed	NA	none	0	False	containment 0.00 < 0.5; only 0/1 enzymes produced a fit; no PTR estimate	BcgI:only 0 windows after outlier trimming	no enzyme produced a usable estimate
CRR1310390	GCA_003260355.1	s__HOT-345_sp003260355	NA	NA	NA	0.00390625	NA	NA	NA	0	NA	NA	NA	NA	0	1	0	-	NA	fixed	NA	none	0	False	containment 0.00 < 0.5; only 0/1 enzymes produced a fit; no PTR estimate	BcgI:only 0 windows after outlier trimming	no enzyme produced a usable estimate
CRR1310390	GCA_003469565.1	s__Streptococcus_parasanguinis_C	5.292194891	4.562773126	0.2154888651	0.172	3.062774013	1.614838922	NA	205	0.9575267209	0.7922080736	0.0621396291	3.167538214	1	1	1	BcgI	NA	fixed	1115154.358	glm	13	False	fraction 0.22 < 0.75; containment 0.17 < 0.5	-	single enzyme: no cross-enzyme consistency check available
CRR1310390	GCA_003476535.1	s__Bradyrhizobium_sp003020075	NA	NA	NA	9.831874939e-05	NA	NA	NA	0	NA	NA	NA	NA	0	1	0	-	NA	fixed	NA	none	0	False	containment 0.00 < 0.5; only 0/1 enzymes produced a fit; no PTR estimate	BcgI:only 1 windows after outlier trimming	no enzyme produced a usable estimate
CRR1310390	GCA_003524895.1	s__Muricomes_intestini	NA	NA	NA	0.001107419712	NA	NA	NA	0	NA	NA	NA	NA	0	1	0	-	NA	fixed	NA	none	0	False	containment 0.00 < 0.5; only 0/1 enzymes produced a fit; no PTR estimate	BcgI:only 1 windows after outlier trimming	no enzyme produced a usable estimate
CRR1310390	GCA_003638725.1	s__Leptotrichia_sp002240055	NA	NA	NA	0	NA	NA	NA	0	NA	NA	NA	NA	0	1	0	-	NA	fixed	NA	none	0	False	containment 0.00 < 0.5; only 0/1 enzymes produced a fit; no PTR estimate	BcgI:only 0 windows after outlier trimming	no enzyme produced a usable estimate
CRR1310390	GCA_003639045.1	s__Pauljensenia_hongkongensis	NA	NA	NA	0.002070393375	NA	NA	NA	0	NA	NA	NA	NA	0	1	0	-	NA	fixed	NA	none	0	False	containment 0.00 < 0.5; only 0/1 enzymes produced a fit; no PTR estimate	BcgI:only 1 windows after outlier trimming	no enzyme produced a usable estimate
CRR1310390	GCA_003640335.1	s__Porphyromonas_sp003640335	NA	NA	NA	0	NA	NA	NA	0	NA	NA	NA	NA	0	1	0	-	NA	fixed	NA	none	0	False	containment 0.00 < 0.5; only 0/1 enzymes produced a fit; no PTR estimate	BcgI:only 0 windows after outlier trimming	no enzyme produced a usable estimate
CRR1310390	GCA_003862175.1	s__UBA7748_sp003862175	NA	NA	NA	0.0003075976623	NA	NA	NA	0	NA	NA	NA	NA	0	1	0	-	NA	fixed	NA	none	0	False	containment 0.00 < 0.5; only 0/1 enzymes produced a fit; no PTR estimate	BcgI:only 1 windows after outlier trimming	no enzyme produced a usable estimate
CRR1310390	GCA_003862265.1	s__Limosilactobacillus_mucosae	1.861567483	0.3333333333	0.1503378378	0.0310880829	1.391321103	0.4764554179	NA	89	0.6422056381	0.6810170396	-0.8583134525	1.811224288	1	1	1	BcgI	NA	fixed	839135.4369	glm	6	False	fraction 0.15 < 0.75; containment 0.03 < 0.5	-	single enzyme: no cross-enzyme consistency check available
CRR1310390	GCA_003963075.1	s__Pelomonas_sp003963075	NA	NA	NA	0.0001758087201	NA	NA	NA	0	NA	NA	NA	NA	0	1	0	-	NA	fixed	NA	none	0	False	containment 0.00 < 0.5; only 0/1 enzymes produced a fit; no PTR estimate	BcgI:only 1 windows after outlier trimming	no enzyme produced a usable estimate
CRR1310390	GCA_003963115.1	s__Aquabacterium_sp003963115	NA	NA	NA	0	NA	NA	NA	0	NA	NA	NA	NA	0	1	0	-	NA	fixed	NA	none	0	False	containment 0.00 < 0.5; only 0/1 enzymes produced a fit; no PTR estimate	BcgI:only 0 windows after outlier trimming	no enzyme produced a usable estimate
CRR1310390	GCA_004297045.1	s__Bosea_sp900156025	NA	NA	NA	0	NA	NA	NA	0	NA	NA	NA	NA	0	1	0	-	NA	fixed	NA	none	0	False	containment 0.00 < 0.5; only 0/1 enzymes produced a fit; no PTR estimate	BcgI:only 0 windows after outlier trimming	no enzyme produced a usable estimate
CRR1310390	GCA_004297605.1	s__Aquabacterium_sp004322345	NA	NA	NA	0	NA	NA	NA	0	NA	NA	NA	NA	0	1	0	-	NA	fixed	NA	none	0	False	containment 0.00 < 0.5; only 0/1 enzymes produced a fit; no PTR estimate	BcgI:only 0 windows after outlier trimming	no enzyme produced a usable estimate
CRR1310390	GCA_004555055.1	s__F0040_sp004555055	NA	NA	NA	0.001294498382	NA	NA	NA	0	NA	NA	NA	NA	0	1	0	-	NA	fixed	NA	none	0	False	containment 0.00 < 0.5; only 0/1 enzymes produced a fit; no PTR estimate	BcgI:only 2 windows after outlier trimming	no enzyme produced a usable estimate
CRR1310390	GCA_005768775.1	s__Gemella_haemolysans_B	NA	NA	NA	0.01734104046	NA	NA	NA	0	NA	NA	NA	NA	0	1	0	-	NA	fixed	NA	none	0	False	containment 0.02 < 0.5; only 0/1 enzymes produced a fit; no PTR estimate	BcgI:only 1 windows after outlier trimming	no enzyme produced a usable estimate
CRR1310390	GCA_009830425.1	s__Staphylococcus_A_sciuri	NA	NA	NA	0	NA	NA	NA	0	NA	NA	NA	NA	0	1	0	-	NA	fixed	NA	none	0	False	containment 0.00 < 0.5; only 0/1 enzymes produced a fit; no PTR estimate	BcgI:only 0 windows after outlier trimming	no enzyme produced a usable estimate
CRR1310390	GCA_009923995.1	s__Janthinobacterium_sp009923995	NA	NA	NA	0	NA	NA	NA	0	NA	NA	NA	NA	0	1	0	-	NA	fixed	NA	none	0	False	containment 0.00 < 0.5; only 0/1 enzymes produced a fit; no PTR estimate	BcgI:only 0 windows after outlier trimming	no enzyme produced a usable estimate
CRR1310390	GCA_012512005.1	s__T78_sp002411175	NA	NA	NA	0	NA	NA	NA	0	NA	NA	NA	NA	0	1	0	-	NA	fixed	NA	none	0	False	containment 0.00 < 0.5; only 0/1 enzymes produced a fit; no PTR estimate	BcgI:only 0 windows after outlier trimming	no enzyme produced a usable estimate
CRR1310390	GCA_012518595.1	s__UBA4971_sp012518595	NA	NA	NA	0	NA	NA	NA	0	NA	NA	NA	NA	0	1	0	-	NA	fixed	NA	none	0	False	containment 0.00 < 0.5; only 0/1 enzymes produced a fit; no PTR estimate	BcgI:only 0 windows after outlier trimming	no enzyme produced a usable estimate
CRR1310390	GCA_012519495.1	s__JAAYQA01_sp012519495	NA	NA	NA	0	NA	NA	NA	0	NA	NA	NA	NA	0	1	0	-	NA	fixed	NA	none	0	False	containment 0.00 < 0.5; only 0/1 enzymes produced a fit; no PTR estimate	BcgI:only 0 windows after outlier trimming	no enzyme produced a usable estimate
CRR1310390	GCA_012728535.1	s__DTU032_sp012728535	NA	NA	NA	0	NA	NA	NA	0	NA	NA	NA	NA	0	1	0	-	NA	fixed	NA	none	0	False	containment 0.00 < 0.5; only 0/1 enzymes produced a fit; no PTR estimate	BcgI:only 0 windows after outlier trimming	no enzyme produced a usable estimate
CRR1310390	GCA_012799365.1	s__JAAZLJ01_sp012799365	NA	NA	NA	0	NA	NA	NA	0	NA	NA	NA	NA	0	1	0	-	NA	fixed	NA	none	0	False	containment 0.00 < 0.5; only 0/1 enzymes produced a fit; no PTR estimate	BcgI:only 0 windows after outlier trimming	no enzyme produced a usable estimate
CRR1310390	GCA_012840585.1	s__UBA3913_sp002391425	NA	NA	NA	0	NA	NA	NA	0	NA	NA	NA	NA	0	1	0	-	NA	fixed	NA	none	0	False	containment 0.00 < 0.5; only 0/1 enzymes produced a fit; no PTR estimate	BcgI:only 0 windows after outlier trimming	no enzyme produced a usable estimate
CRR1310390	GCA_013152425.1	s__Ralstonia_sp001078575	NA	NA	NA	0.001425008906	NA	NA	NA	0	NA	NA	NA	NA	0	1	0	-	NA	fixed	NA	none	0	False	containment 0.00 < 0.5; only 0/1 enzymes produced a fit; no PTR estimate	BcgI:only 4 windows after outlier trimming	no enzyme produced a usable estimate
CRR1310390	GCA_013332525.2	s__GN02-873_sp013332525	NA	NA	NA	0	NA	NA	NA	0	NA	NA	NA	NA	0	1	0	-	NA	fixed	NA	none	0	False	containment 0.00 < 0.5; only 0/1 enzymes produced a fit; no PTR estimate	BcgI:only 0 windows after outlier trimming	no enzyme produced a usable estimate
CRR1310390	GCA_013332955.2	s__UBA2866_sp013332955	NA	NA	NA	0	NA	NA	NA	0	NA	NA	NA	NA	0	1	0	-	NA	fixed	NA	none	0	False	containment 0.00 < 0.5; only 0/1 enzymes produced a fit; no PTR estimate	BcgI:only 0 windows after outlier trimming	no enzyme produced a usable estimate
CRR1310390	GCA_013332965.2	s__UBA2866_sp013332965	NA	NA	NA	0	NA	NA	NA	0	NA	NA	NA	NA	0	1	0	-	NA	fixed	NA	none	0	False	containment 0.00 < 0.5; only 0/1 enzymes produced a fit; no PTR estimate	BcgI:only 0 windows after outlier trimming	no enzyme produced a usable estimate
CRR1310390	GCA_013333035.2	s__CAG-793_sp013333035	NA	NA	NA	0	NA	NA	NA	0	NA	NA	NA	NA	0	1	0	-	NA	fixed	NA	none	0	False	containment 0.00 < 0.5; only 0/1 enzymes produced a fit; no PTR estimate	BcgI:only 0 windows after outlier trimming	no enzyme produced a usable estimate
CRR1310390	GCA_013333075.2	s__Prevotella_sp013333285	NA	NA	NA	0	NA	NA	NA	0	NA	NA	NA	NA	0	1	0	-	NA	fixed	NA	none	0	False	containment 0.00 < 0.5; only 0/1 enzymes produced a fit; no PTR estimate	BcgI:only 0 windows after outlier trimming	no enzyme produced a usable estimate
CRR1310390	GCA_013333105.2	s__JABCPO02_sp013333105	NA	NA	NA	0	NA	NA	NA	0	NA	NA	NA	NA	0	1	0	-	NA	fixed	NA	none	0	False	containment 0.00 < 0.5; only 0/1 enzymes produced a fit; no PTR estimate	BcgI:only 0 windows after outlier trimming	no enzyme produced a usable estimate
CRR1310390	GCA_013333135.2	s__UBA2866_sp013333135	NA	NA	NA	0	NA	NA	NA	0	NA	NA	NA	NA	0	1	0	-	NA	fixed	NA	none	0	False	containment 0.00 < 0.5; only 0/1 enzymes produced a fit; no PTR estimate	BcgI:only 0 windows after outlier trimming	no enzyme produced a usable estimate
CRR1310390	GCA_013333165.2	s__JABCPG02_sp013333195	NA	NA	NA	0	NA	NA	NA	0	NA	NA	NA	NA	0	1	0	-	NA	fixed	NA	none	0	False	containment 0.00 < 0.5; only 0/1 enzymes produced a fit; no PTR estimate	BcgI:only 0 windows after outlier trimming	no enzyme produced a usable estimate
CRR1310390	GCA_013333235.2	s__JABCPH02_sp013333235	NA	NA	NA	0	NA	NA	NA	0	NA	NA	NA	NA	0	1	0	-	NA	fixed	NA	none	0	False	containment 0.00 < 0.5; only 0/1 enzymes produced a fit; no PTR estimate	BcgI:only 0 windows after outlier trimming	no enzyme produced a usable estimate
CRR1310390	GCA_013333295.2	s__HOT-345_sp013333295	NA	NA	NA	0	NA	NA	NA	0	NA	NA	NA	NA	0	1	0	-	NA	fixed	NA	none	0	False	containment 0.00 < 0.5; only 0/1 enzymes produced a fit; no PTR estimate	BcgI:only 0 windows after outlier trimming	no enzyme produced a usable estimate
CRR1310390	GCA_013333375.2	s__UBA2866_sp013333375	NA	NA	NA	0	NA	NA	NA	0	NA	NA	NA	NA	0	1	0	-	NA	fixed	NA	none	0	False	containment 0.00 < 0.5; only 0/1 enzymes produced a fit; no PTR estimate	BcgI:only 0 windows after outlier trimming	no enzyme produced a usable estimate
CRR1310390	GCA_013333395.2	s__CAG-793_sp013333395	NA	NA	NA	0	NA	NA	NA	0	NA	NA	NA	NA	0	1	0	-	NA	fixed	NA	none	0	False	containment 0.00 < 0.5; only 0/1 enzymes produced a fit; no PTR estimate	BcgI:only 0 windows after outlier trimming	no enzyme produced a usable estimate
CRR1310390	GCA_013333405.2	s__UMGS1907_sp013333405	NA	NA	NA	0.004098360656	NA	NA	NA	0	NA	NA	NA	NA	0	1	0	-	NA	fixed	NA	none	0	False	containment 0.00 < 0.5; only 0/1 enzymes produced a fit; no PTR estimate	BcgI:only 0 windows after outlier trimming	no enzyme produced a usable estimate
CRR1310390	GCA_013333425.2	s__Mogibacterium_diversum	1.449742901	0.3333333333	0.2288888889	0.03264604811	1.532195522	0.6156004095	NA	34	0.6484497377	0.2486287387	0.128297036	1.102903783	1	1	1	BcgI	NA	fixed	895000.9444	glm	5	False	fraction 0.23 < 0.75; containment 0.03 < 0.5	-	single enzyme: no cross-enzyme consistency check available
CRR1310390	GCA_013333485.2	s__Saccharimonas_sp010202265	NA	NA	NA	0	NA	NA	NA	0	NA	NA	NA	NA	0	1	0	-	NA	fixed	NA	none	0	False	containment 0.00 < 0.5; only 0/1 enzymes produced a fit; no PTR estimate	BcgI:only 0 windows after outlier trimming	no enzyme produced a usable estimate
CRR1310390	GCA_013333495.2	s__TM7x_sp013333495	NA	NA	NA	0	NA	NA	NA	0	NA	NA	NA	NA	0	1	0	-	NA	fixed	NA	none	0	False	containment 0.00 < 0.5; only 0/1 enzymes produced a fit; no PTR estimate	BcgI:only 0 windows after outlier trimming	no enzyme produced a usable estimate
CRR1310390	GCA_013333505.2	s__JABCPE02_sp013333255	NA	NA	NA	0	NA	NA	NA	0	NA	NA	NA	NA	0	1	0	-	NA	fixed	NA	none	0	False	containment 0.00 < 0.5; only 0/1 enzymes produced a fit; no PTR estimate	BcgI:only 0 windows after outlier trimming	no enzyme produced a usable estimate
CRR1310390	GCA_013333515.2	s__UBA1103_sp013333515	NA	NA	NA	0.01111111111	NA	NA	NA	0	NA	NA	NA	NA	0	1	0	-	NA	fixed	NA	none	0	False	containment 0.01 < 0.5; only 0/1 enzymes produced a fit; no PTR estimate	BcgI:only 1 windows after outlier trimming	no enzyme produced a usable estimate
CRR1310390	GCA_013333595.2	s__SDRW01_sp013333595	NA	NA	NA	0	NA	NA	NA	0	NA	NA	NA	NA	0	1	0	-	NA	fixed	NA	none	0	False	containment 0.00 < 0.5; only 0/1 enzymes produced a fit; no PTR estimate	BcgI:only 0 windows after outlier trimming	no enzyme produced a usable estimate
CRR1310390	GCA_013333605.2	s__HOT-345_sp013333605	NA	NA	NA	0	NA	NA	NA	0	NA	NA	NA	NA	0	1	0	-	NA	fixed	NA	none	0	False	containment 0.00 < 0.5; only 0/1 enzymes produced a fit; no PTR estimate	BcgI:only 0 windows after outlier trimming	no enzyme produced a usable estimate
CRR1310390	GCA_013333625.2	s__Saccharimonas_sp013333625	NA	NA	NA	0.01207729469	NA	NA	NA	0	NA	NA	NA	NA	0	1	0	-	NA	fixed	NA	none	0	False	containment 0.01 < 0.5; only 0/1 enzymes produced a fit; no PTR estimate	BcgI:only 3 windows after outlier trimming	no enzyme produced a usable estimate
CRR1310390	GCA_013333645.2	s__Saccharimonas_sp013333645	NA	NA	NA	0.001057082452	NA	NA	NA	0	NA	NA	NA	NA	0	1	0	-	NA	fixed	NA	none	0	False	containment 0.00 < 0.5; only 0/1 enzymes produced a fit; no PTR estimate	BcgI:only 0 windows after outlier trimming	no enzyme produced a usable estimate
CRR1310390	GCA_013333675.2	s__Saccharimonas_sp013333675	NA	NA	NA	0.005018820577	NA	NA	NA	0	NA	NA	NA	NA	0	1	0	-	NA	fixed	NA	none	0	False	containment 0.01 < 0.5; only 0/1 enzymes produced a fit; no PTR estimate	BcgI:only 1 windows after outlier trimming	no enzyme produced a usable estimate
CRR1310390	GCA_013333695.2	s__TM7x_sp013333695	NA	NA	NA	0	NA	NA	NA	0	NA	NA	NA	NA	0	1	0	-	NA	fixed	NA	none	0	False	containment 0.00 < 0.5; only 0/1 enzymes produced a fit; no PTR estimate	BcgI:only 0 windows after outlier trimming	no enzyme produced a usable estimate
CRR1310390	GCA_013333755.2	s__GN02-872_sp002761215	NA	NA	NA	0	NA	NA	NA	0	NA	NA	NA	NA	0	1	0	-	NA	fixed	NA	none	0	False	containment 0.00 < 0.5; only 0/1 enzymes produced a fit; no PTR estimate	BcgI:only 0 windows after outlier trimming	no enzyme produced a usable estimate
CRR1310390	GCA_013333795.2	s__Saccharimonas_sp013333795	NA	NA	NA	0.02739726027	NA	NA	NA	0	NA	NA	NA	NA	0	1	0	-	NA	fixed	NA	none	0	False	containment 0.03 < 0.5; only 0/1 enzymes produced a fit; no PTR estimate	BcgI:only 1 windows after outlier trimming	no enzyme produced a usable estimate
CRR1310390	GCA_013333815.2	s__SDRW01_sp007845485	NA	NA	NA	0.01304347826	NA	NA	NA	0	NA	NA	NA	NA	0	1	0	-	NA	fixed	NA	none	0	False	containment 0.01 < 0.5; only 0/1 enzymes produced a fit; no PTR estimate	BcgI:only 0 windows after outlier trimming	no enzyme produced a usable estimate
CRR1310390	GCA_013333835.2	s__Bacteroides_D_sp013333835	NA	NA	NA	0	NA	NA	NA	0	NA	NA	NA	NA	0	1	0	-	NA	fixed	NA	none	0	False	containment 0.00 < 0.5; only 0/1 enzymes produced a fit; no PTR estimate	BcgI:only 0 windows after outlier trimming	no enzyme produced a usable estimate
CRR1310390	GCA_013333845.2	s__Saccharimonas_sp013333845	NA	NA	NA	0.00283286119	NA	NA	NA	0	NA	NA	NA	NA	0	1	0	-	NA	fixed	NA	none	0	False	containment 0.00 < 0.5; only 0/1 enzymes produced a fit; no PTR estimate	BcgI:only 0 windows after outlier trimming	no enzyme produced a usable estimate
CRR1310390	GCA_013333875.2	s__JABCPE02_sp013333875	NA	NA	NA	0	NA	NA	NA	0	NA	NA	NA	NA	0	1	0	-	NA	fixed	NA	none	0	False	containment 0.00 < 0.5; only 0/1 enzymes produced a fit; no PTR estimate	BcgI:only 0 windows after outlier trimming	no enzyme produced a usable estimate
CRR1310390	GCA_013333895.2	s__Arachnia_sp013333735	NA	NA	NA	0.0007173601148	NA	NA	NA	0	NA	NA	NA	NA	0	1	0	-	NA	fixed	NA	none	0	False	containment 0.00 < 0.5; only 0/1 enzymes produced a fit; no PTR estimate	BcgI:only 0 windows after outlier trimming	no enzyme produced a usable estimate
CRR1310390	GCA_013333935.1	s__Prevotella_sp013333935	NA	NA	NA	0	NA	NA	NA	0	NA	NA	NA	NA	0	1	0	-	NA	fixed	NA	none	0	False	containment 0.00 < 0.5; only 0/1 enzymes produced a fit; no PTR estimate	BcgI:only 0 windows after outlier trimming	no enzyme produced a usable estimate
CRR1310390	GCA_013333945.2	s__Arachnia_sp013333945	NA	NA	NA	0	NA	NA	NA	0	NA	NA	NA	NA	0	1	0	-	NA	fixed	NA	none	0	False	containment 0.00 < 0.5; only 0/1 enzymes produced a fit; no PTR estimate	BcgI:only 0 windows after outlier trimming	no enzyme produced a usable estimate
CRR1310390	GCA_014467095.1	s__Streptococcus_mitis_K	NA	NA	NA	0	NA	NA	NA	0	NA	NA	NA	NA	0	1	0	-	NA	fixed	NA	none	0	False	containment 0.00 < 0.5; only 0/1 enzymes produced a fit; no PTR estimate	BcgI:only 0 windows after outlier trimming	no enzyme produced a usable estimate
CRR1310390	GCA_900066305.1	s__UBA1191_sp900066305	NA	NA	NA	0.007725736359	NA	NA	NA	0	NA	NA	NA	NA	0	1	0	-	NA	fixed	NA	none	0	False	containment 0.01 < 0.5; only 0/1 enzymes produced a fit; no PTR estimate	BcgI:only 4 windows after outlier trimming	no enzyme produced a usable estimate
CRR1310390	GCA_900167215.1	s__Peptoanaerobacter_yurii	NA	NA	NA	0	NA	NA	NA	0	NA	NA	NA	NA	0	1	0	-	NA	fixed	NA	none	0	False	containment 0.00 < 0.5; only 0/1 enzymes produced a fit; no PTR estimate	BcgI:only 0 windows after outlier trimming	no enzyme produced a usable estimate
CRR1310390	GCA_900299135.1	s__Trueperella_pyogenes	NA	NA	NA	0	NA	NA	NA	0	NA	NA	NA	NA	0	1	0	-	NA	fixed	NA	none	0	False	containment 0.00 < 0.5; only 0/1 enzymes produced a fit; no PTR estimate	BcgI:only 0 windows after outlier trimming	no enzyme produced a usable estimate
CRR1310390	GCA_900453905.1	s__Neisseria_flavescens	NA	NA	NA	0	NA	NA	NA	0	NA	NA	NA	NA	0	1	0	-	NA	fixed	NA	none	0	False	containment 0.00 < 0.5; only 0/1 enzymes produced a fit; no PTR estimate	BcgI:only 0 windows after outlier trimming	no enzyme produced a usable estimate
CRR1310390	GCA_900538345.1	s__Veillonella_tobetsuensis	1.353821995	0.3333333333	0.06076388889	0.02901785714	1.225626418	0.2935192995	NA	147	0.6396895077	0.3957793469	-0.4821939662	1.069232565	1	1	1	BcgI	NA	fixed	1281843.021	glm	6	False	fraction 0.06 < 0.75; containment 0.03 < 0.5	-	single enzyme: no cross-enzyme consistency check available
CRR1310390	GCA_900538355.1	s__Veillonella_sp900538355	NA	NA	NA	0.0622406639	NA	NA	NA	0	NA	NA	NA	NA	0	1	0	-	NA	fixed	NA	none	0	False	containment 0.06 < 0.5; only 0/1 enzymes produced a fit; no PTR estimate	BcgI:only 3 windows after outlier trimming	no enzyme produced a usable estimate
CRR1310390	GCA_900539315.1	s__Granulicatella_sp001058355	NA	NA	NA	0.08645533141	NA	NA	NA	0	NA	NA	NA	NA	0	1	0	-	NA	fixed	NA	none	0	False	containment 0.09 < 0.5; only 0/1 enzymes produced a fit; no PTR estimate	BcgI:only 3 windows after outlier trimming	no enzyme produced a usable estimate
CRR1310390	GCA_900539505.1	s__Campylobacter_B_sp900539505	NA	NA	NA	0.001619433198	NA	NA	NA	0	NA	NA	NA	NA	0	1	0	-	NA	fixed	NA	none	0	False	containment 0.00 < 0.5; only 0/1 enzymes produced a fit; no PTR estimate	BcgI:only 1 windows after outlier trimming	no enzyme produced a usable estimate
CRR1310390	GCA_900539555.1	s__Streptococcus_mitis_BB	NA	NA	NA	0	NA	NA	NA	0	NA	NA	NA	NA	0	1	0	-	NA	fixed	NA	none	0	False	containment 0.00 < 0.5; only 0/1 enzymes produced a fit; no PTR estimate	BcgI:only 0 windows after outlier trimming	no enzyme produced a usable estimate
CRR1310390	GCA_900539805.1	s__Phyllobacterium_sp900539805	NA	NA	NA	0.000170386778	NA	NA	NA	0	NA	NA	NA	NA	0	1	0	-	NA	fixed	NA	none	0	False	containment 0.00 < 0.5; only 0/1 enzymes produced a fit; no PTR estimate	BcgI:only 1 windows after outlier trimming	no enzyme produced a usable estimate
CRR1310390	GCA_900540375.1	s__Prevotella_sp900540375	NA	NA	NA	0	NA	NA	NA	0	NA	NA	NA	NA	0	1	0	-	NA	fixed	NA	none	0	False	containment 0.00 < 0.5; only 0/1 enzymes produced a fit; no PTR estimate	BcgI:only 0 windows after outlier trimming	no enzyme produced a usable estimate
CRR1310390	GCA_900540565.1	s__Pauljensenia_sp001838165	NA	NA	NA	0.01272605492	NA	NA	NA	0	NA	NA	NA	NA	0	1	0	-	NA	fixed	NA	none	0	False	containment 0.01 < 0.5; only 0/1 enzymes produced a fit; no PTR estimate	BcgI:only 4 windows after outlier trimming	no enzyme produced a usable estimate
CRR1310390	GCA_900541895.1	s__Pauljensenia_sp900541895	1.108308686	0.3055555556	0.05735897436	0.0129969419	1.656860014	0.7284517161	NA	220	0.6546944567	0.4475981431	-0.1488245239	1.605727956	1	1	1	BcgI	NA	fixed	831629.335	glm	5	False	fraction 0.06 < 0.75; containment 0.01 < 0.5	-	single enzyme: no cross-enzyme consistency check available
CRR1310390	GCA_900542465.1	s__UBA4285_sp900542465	NA	NA	NA	0.004672897196	NA	NA	NA	0	NA	NA	NA	NA	0	1	0	-	NA	fixed	NA	none	0	False	containment 0.00 < 0.5; only 0/1 enzymes produced a fit; no PTR estimate	BcgI:only 2 windows after outlier trimming	no enzyme produced a usable estimate
CRR1310390	GCA_900546865.1	s__Rothia_terrae	NA	NA	NA	0	NA	NA	NA	0	NA	NA	NA	NA	0	1	0	-	NA	fixed	NA	none	0	False	containment 0.00 < 0.5; only 0/1 enzymes produced a fit; no PTR estimate	BcgI:only 0 windows after outlier trimming	no enzyme produced a usable estimate
CRR1310390	GCA_900549805.1	s__Veillonella_sp900549805	NA	NA	NA	0	NA	NA	NA	0	NA	NA	NA	NA	0	1	0	-	NA	fixed	NA	none	0	False	containment 0.00 < 0.5; only 0/1 enzymes produced a fit; no PTR estimate	BcgI:only 0 windows after outlier trimming	no enzyme produced a usable estimate
CRR1310390	GCA_900549845.1	s__Veillonella_sp900549845	4.662365056	3.309042146	0.85	0.2769230769	3.801090131	1.926413235	NA	41	0.9616846359	1.203638519	-0.4326749126	4.285501382	1	1	1	BcgI	NA	fixed	34627.0275	glm	24	False	containment 0.28 < 0.5	-	single enzyme: no cross-enzyme consistency check available
CRR1310390	GCA_900550175.1	s__Veillonella_sp900550175	2.00543554	0.875	0.4578715107	0.05747126437	3.901768396	1.964128144	NA	50	0.8429615775	0.5302485837	0.9248600171	3.003396271	1	1	1	BcgI	NA	fixed	166361.0667	glm	8	False	fraction 0.46 < 0.75; containment 0.06 < 0.5	-	single enzyme: no cross-enzyme consistency check available
CRR1310390	GCA_900550455.1	s__Veillonella_sp900550455	NA	NA	NA	0	NA	NA	NA	0	NA	NA	NA	NA	0	1	0	-	NA	fixed	NA	none	0	False	containment 0.00 < 0.5; only 0/1 enzymes produced a fit; no PTR estimate	BcgI:only 0 windows after outlier trimming	no enzyme produced a usable estimate
CRR1310390	GCA_900551535.1	s__Granulicatella_sp900551535	NA	NA	NA	0.04529616725	NA	NA	NA	0	NA	NA	NA	NA	0	1	0	-	NA	fixed	NA	none	0	False	containment 0.05 < 0.5; only 0/1 enzymes produced a fit; no PTR estimate	BcgI:only 3 windows after outlier trimming	no enzyme produced a usable estimate
CRR1310390	GCA_900552445.1	s__Veillonella_sp900552445	NA	NA	NA	0.1111111111	NA	NA	NA	0	NA	NA	NA	NA	0	1	0	-	NA	fixed	NA	none	0	False	containment 0.11 < 0.5; only 0/1 enzymes produced a fit; no PTR estimate	BcgI:only 11 anchors (< 30)	no enzyme produced a usable estimate
CRR1310390	GCA_900552715.1	s__Veillonella_sp900552715	NA	NA	NA	0.08108108108	NA	NA	NA	0	NA	NA	NA	NA	0	1	0	-	NA	fixed	NA	none	0	False	containment 0.08 < 0.5; only 0/1 enzymes produced a fit; no PTR estimate	BcgI:only 3 windows after outlier trimming	no enzyme produced a usable estimate
CRR1310390	GCA_900554555.1	s__Bulleidia_sp900554555	NA	NA	NA	0.01025641026	NA	NA	NA	0	NA	NA	NA	NA	0	1	0	-	NA	fixed	NA	none	0	False	containment 0.01 < 0.5; only 0/1 enzymes produced a fit; no PTR estimate	BcgI:only 1 windows after outlier trimming	no enzyme produced a usable estimate
CRR1310390	GCA_900554605.1	s__Pauljensenia_sp900554605	NA	NA	NA	0.004975124378	NA	NA	NA	0	NA	NA	NA	NA	0	1	0	-	NA	fixed	NA	none	0	False	containment 0.00 < 0.5; only 0/1 enzymes produced a fit; no PTR estimate	BcgI:only 0 windows after outlier trimming	no enzyme produced a usable estimate
CRR1310390	GCA_900555155.1	s__Streptococcus_sp900555155	NA	NA	NA	0.1230769231	NA	NA	NA	0	NA	NA	NA	NA	0	1	0	-	NA	fixed	NA	none	0	False	containment 0.12 < 0.5; only 0/1 enzymes produced a fit; no PTR estimate	BcgI:only 2 windows after outlier trimming	no enzyme produced a usable estimate
CRR1310390	GCA_900555245.1	s__Dialister_sp900555245	182.123975	212.8179905	0.8367283951	0.2185929648	2.748880735	1.458844314	NA	105	0.9999898478	1.426650739	-1.337339753	4.255028381	1	1	1	BcgI	NA	fixed	119554.7167	glm	54	False	dispersion 212.82 > 5.0; containment 0.22 < 0.5	-	single enzyme: no cross-enzyme consistency check available
CRR1310390	GCA_900555335.1	s__Lancefieldella_sp900555335	2.61680352	NA	0.3645833333	0.03684210526	2.025008811	1.017928185	NA	35	0.639940463	0.6700090493	-0.2952654207	2.331121791	1	1	1	BcgI	NA	fixed	561228.265	glm	6	False	fraction 0.36 < 0.75; containment 0.04 < 0.5	-	single enzyme: no cross-enzyme consistency check available
CRR1310390	GCA_900555945.1	s__UMGS1907_sp900555945	NA	NA	NA	0.004201680672	NA	NA	NA	0	NA	NA	NA	NA	0	1	0	-	NA	fixed	NA	none	0	False	containment 0.00 < 0.5; only 0/1 enzymes produced a fit; no PTR estimate	BcgI:only 1 windows after outlier trimming	no enzyme produced a usable estimate
CRR1310390	GCA_900555985.1	s__Gemella_sp900555985	NA	NA	NA	0	NA	NA	NA	0	NA	NA	NA	NA	0	1	0	-	NA	fixed	NA	none	0	False	containment 0.00 < 0.5; only 0/1 enzymes produced a fit; no PTR estimate	BcgI:only 0 windows after outlier trimming	no enzyme produced a usable estimate
CRR1310390	GCA_900556165.1	s__UMGS1907_sp900556165	NA	NA	NA	0.00390625	NA	NA	NA	0	NA	NA	NA	NA	0	1	0	-	NA	fixed	NA	none	0	False	containment 0.00 < 0.5; only 0/1 enzymes produced a fit; no PTR estimate	BcgI:only 0 windows after outlier trimming	no enzyme produced a usable estimate
CRR1310390	GCA_900556405.1	s__Pauljensenia_sp900556405	NA	NA	NA	0.009601181684	NA	NA	NA	0	NA	NA	NA	NA	0	1	0	-	NA	fixed	NA	none	0	False	containment 0.01 < 0.5; only 0/1 enzymes produced a fit; no PTR estimate	BcgI:only 3 windows after outlier trimming	no enzyme produced a usable estimate
CRR1310390	GCA_900556785.1	s__Veillonella_sp900556785	3.356467042	2.895833333	0.4573829532	0.1171875	1.812173489	0.8577210789	NA	37	0.6732201771	0.8346972506	-0.7782554704	2.493697628	1	1	1	BcgI	NA	fixed	8732.680556	glm	7	False	fraction 0.46 < 0.75; containment 0.12 < 0.5	-	single enzyme: no cross-enzyme consistency check available
CRR1310390	GCA_900557325.1	s__Streptococcus_rubneri	NA	NA	NA	0.02298850575	NA	NA	NA	0	NA	NA	NA	NA	0	1	0	-	NA	fixed	NA	none	0	False	containment 0.02 < 0.5; only 0/1 enzymes produced a fit; no PTR estimate	BcgI:only 2 windows after outlier trimming	no enzyme produced a usable estimate
CRR1310390	GCA_900755085.1	s__Streptococcus_sp900755085	4.629741015	5.188311688	0.4132783883	0.0447761194	10.7380431	3.424659196	NA	36	0.8307140161	2.671449356	-1.811285328	8.66060372	1	1	1	BcgI	NA	fixed	1208239.147	glm	8	False	fraction 0.41 < 0.75; dispersion 5.19 > 5.0; containment 0.04 < 0.5	-	single enzyme: no cross-enzyme consistency check available
CRR1310390	GCA_900755465.1	s__Rothia_sp902373285	2.195809679	0.3333333333	0.07514711921	0.01316701317	1.645456169	0.7184875973	NA	193	0.6452339062	0.4940295069	-0.2497924434	1.686767638	1	1	1	BcgI	NA	fixed	1540605.809	glm	9	False	fraction 0.08 < 0.75; containment 0.01 < 0.5	-	single enzyme: no cross-enzyme consistency check available
CRR1310390	GCA_900755475.1	s__Streptococcus_sp900543065	5.446747667	NA	0.1620289855	0.01703163017	18.56973164	4.214881061	NA	60	0.7776987396	3.69785537	-3.032782284	11.46254441	1	1	1	BcgI	NA	fixed	687915.9844	glm	5	False	fraction 0.16 < 0.75; containment 0.02 < 0.5	-	single enzyme: no cross-enzyme consistency check available
CRR1310390	GCA_900757715.1	s__Veillonella_sp900757715	396.9456924	272.1759256	0.7831010453	0.1796116505	2.397599468	1.261590669	NA	125	1	1.310991688	-1.307905823	3.83108716	1	1	1	BcgI	NA	fixed	1327711.613	glm	41	False	dispersion 272.18 > 5.0; containment 0.18 < 0.5	-	single enzyme: no cross-enzyme consistency check available
CRR1310390	GCA_900758605.1	s__Bacteroides_sp900552405	10.735683	28.56794712	0.4468125569	0.1213612136	2.903286952	1.53768717	NA	1505	0.9997706125	1.577470568	-1.55409833	4.629472671	1	1	1	BcgI	NA	fixed	2937867.02	glm	88	False	fraction 0.45 < 0.75; dispersion 28.57 > 5.0; containment 0.12 < 0.5	-	single enzyme: no cross-enzyme consistency check available
CRR1310390	GCA_900759325.1	s__Peptostreptococcus_sp900759325	NA	NA	NA	0.01935483871	NA	NA	NA	0	NA	NA	NA	NA	0	1	0	-	NA	fixed	NA	none	0	False	containment 0.02 < 0.5; only 0/1 enzymes produced a fit; no PTR estimate	BcgI:only 0 windows after outlier trimming	no enzyme produced a usable estimate
CRR1310390	GCA_900765235.1	s__Veillonella_sp900765235	NA	NA	NA	0.1632653061	NA	NA	NA	0	NA	NA	NA	NA	0	1	0	-	NA	fixed	NA	none	0	False	containment 0.16 < 0.5; only 0/1 enzymes produced a fit; no PTR estimate	BcgI:only 13 anchors (< 30)	no enzyme produced a usable estimate
CRR1310390	GCA_900766125.1	s__Veillonella_sp900766125	NA	NA	NA	0.04580152672	NA	NA	NA	0	NA	NA	NA	NA	0	1	0	-	NA	fixed	NA	none	0	False	containment 0.05 < 0.5; only 0/1 enzymes produced a fit; no PTR estimate	BcgI:only 2 windows after outlier trimming	no enzyme produced a usable estimate
CRR1310390	GCA_900766185.1	s__Johnsonella_sp900766185	NA	NA	NA	0	NA	NA	NA	0	NA	NA	NA	NA	0	1	0	-	NA	fixed	NA	none	0	False	containment 0.00 < 0.5; only 0/1 enzymes produced a fit; no PTR estimate	BcgI:only 0 windows after outlier trimming	no enzyme produced a usable estimate
CRR1310390	GCA_900766305.1	s__Gemella_sp900766305	NA	NA	NA	0	NA	NA	NA	0	NA	NA	NA	NA	0	1	0	-	NA	fixed	NA	none	0	False	containment 0.00 < 0.5; only 0/1 enzymes produced a fit; no PTR estimate	BcgI:only 0 windows after outlier trimming	no enzyme produced a usable estimate
CRR1310390	GCA_900766345.1	s__Corynebacterium_sp900539985	NA	NA	NA	0	NA	NA	NA	0	NA	NA	NA	NA	0	1	0	-	NA	fixed	NA	none	0	False	containment 0.00 < 0.5; only 0/1 enzymes produced a fit; no PTR estimate	BcgI:only 0 windows after outlier trimming	no enzyme produced a usable estimate
CRR1310390	GCA_900766415.1	s__Veillonella_sp009929605	NA	NA	NA	0.003521126761	NA	NA	NA	0	NA	NA	NA	NA	0	1	0	-	NA	fixed	NA	none	0	False	containment 0.00 < 0.5; only 0/1 enzymes produced a fit; no PTR estimate	BcgI:only 2 windows after outlier trimming	no enzyme produced a usable estimate
CRR1310390	GCA_901420285.1	s__Rodentibacter_sp901420285	NA	NA	NA	0.0008012820513	NA	NA	NA	0	NA	NA	NA	NA	0	1	0	-	NA	fixed	NA	none	0	False	containment 0.00 < 0.5; only 0/1 enzymes produced a fit; no PTR estimate	BcgI:only 1 windows after outlier trimming	no enzyme produced a usable estimate
CRR1310390	GCA_902373375.1	s__Lancefieldella_sp902373375	NA	NA	NA	0.008771929825	NA	NA	NA	0	NA	NA	NA	NA	0	1	0	-	NA	fixed	NA	none	0	False	containment 0.01 < 0.5; only 0/1 enzymes produced a fit; no PTR estimate	BcgI:only 1 windows after outlier trimming	no enzyme produced a usable estimate
CRR1310390	GCA_902373385.1	s__Methylobacterium_sp002778835	NA	NA	NA	0	NA	NA	NA	0	NA	NA	NA	NA	0	1	0	-	NA	fixed	NA	none	0	False	containment 0.00 < 0.5; only 0/1 enzymes produced a fit; no PTR estimate	BcgI:only 0 windows after outlier trimming	no enzyme produced a usable estimate
CRR1310390	GCA_902373395.1	s__Rothia_mucilaginosa_B	2.099180165	1.25952381	0.3934575569	0.05837004405	2.083809533	1.059223416	NA	103	0.7709260516	0.5334894028	0.01360340077	2.104843432	1	1	1	BcgI	NA	fixed	377798.3194	glm	20	False	fraction 0.39 < 0.75; containment 0.06 < 0.5	-	single enzyme: no cross-enzyme consistency check available
CRR1310390	GCA_902373435.1	s__Pauljensenia_sp902373435	NA	NA	NA	0.00430239705	NA	NA	NA	0	NA	NA	NA	NA	0	1	0	-	NA	fixed	NA	none	0	False	containment 0.00 < 0.5; only 0/1 enzymes produced a fit; no PTR estimate	BcgI:only 2 windows after outlier trimming	no enzyme produced a usable estimate
CRR1310390	GCA_902373455.1	s__Streptococcus_sp902373455	NA	NA	NA	0.1240875912	NA	NA	NA	0	NA	NA	NA	NA	0	1	0	-	NA	fixed	NA	none	0	False	containment 0.12 < 0.5; only 0/1 enzymes produced a fit; no PTR estimate	BcgI:only 24 anchors (< 30)	no enzyme produced a usable estimate
CRR1310390	GCA_902373545.1	s__Pauljensenia_sp902373545	1.904591383	1.4	0.1279304029	0.008320332813	2.215526633	1.14764967	NA	195	0.6750498684	0.8187215411	-0.4570150643	2.752314404	1	1	1	BcgI	NA	fixed	60083.16667	glm	6	False	fraction 0.13 < 0.75; containment 0.01 < 0.5	-	single enzyme: no cross-enzyme consistency check available
CRR1310390	GCA_902373585.1	s__Veillonella_dispar	3.520436752	1.888888889	0.2619047619	0.0802919708	2.402964859	1.264815551	NA	45	0.7466636887	1.33122326	-1.344334095	3.873965196	1	1	1	BcgI	NA	fixed	205743.1639	glm	7	False	fraction 0.26 < 0.75; containment 0.08 < 0.5	-	single enzyme: no cross-enzyme consistency check available
CRR1310390	GCA_902406185.1	s__Streptococcus_sp900550895	NA	NA	NA	0.09523809524	NA	NA	NA	0	NA	NA	NA	NA	0	1	0	-	NA	fixed	NA	none	0	False	containment 0.10 < 0.5; only 0/1 enzymes produced a fit; no PTR estimate	BcgI:only 13 anchors (< 30)	no enzyme produced a usable estimate
CRR1310390	GCA_902406255.1	s__Veillonella_sp900545205	NA	NA	NA	0.1320754717	NA	NA	NA	0	NA	NA	NA	NA	0	1	0	-	NA	fixed	NA	none	0	False	containment 0.13 < 0.5; only 0/1 enzymes produced a fit; no PTR estimate	BcgI:only 26 anchors (< 30)	no enzyme produced a usable estimate
CRR1310390	GCA_902406345.1	s__Anaeroglobus_micronuciformis	NA	NA	NA	0.007559395248	NA	NA	NA	0	NA	NA	NA	NA	0	1	0	-	NA	fixed	NA	none	0	False	containment 0.01 < 0.5; only 0/1 enzymes produced a fit; no PTR estimate	BcgI:only 1 windows after outlier trimming	no enzyme produced a usable estimate
CRR1310390	GCA_902498835.1	s__Chlamydophila_avium	NA	NA	NA	0	NA	NA	NA	0	NA	NA	NA	NA	0	1	0	-	NA	fixed	NA	none	0	False	containment 0.00 < 0.5; only 0/1 enzymes produced a fit; no PTR estimate	BcgI:only 0 windows after outlier trimming	no enzyme produced a usable estimate
CRR1310390	GCA_902756015.1	s__UBA3839_sp900321835	NA	NA	NA	0.0006521030323	NA	NA	NA	0	NA	NA	NA	NA	0	1	0	-	NA	fixed	NA	none	0	False	containment 0.00 < 0.5; only 0/1 enzymes produced a fit; no PTR estimate	BcgI:only 1 windows after outlier trimming	no enzyme produced a usable estimate
CRR1310390	GCA_902759415.1	s__UBA3663_sp900319235	NA	NA	NA	0.0002124495432	NA	NA	NA	0	NA	NA	NA	NA	0	1	0	-	NA	fixed	NA	none	0	False	containment 0.00 < 0.5; only 0/1 enzymes produced a fit; no PTR estimate	BcgI:only 1 windows after outlier trimming	no enzyme produced a usable estimate
CRR1310390	GCA_903823475.1	s__Limnohabitans_sp903880855	NA	NA	NA	0	NA	NA	NA	0	NA	NA	NA	NA	0	1	0	-	NA	fixed	NA	none	0	False	containment 0.00 < 0.5; only 0/1 enzymes produced a fit; no PTR estimate	BcgI:only 0 windows after outlier trimming	no enzyme produced a usable estimate
CRR1310390	GCA_903924425.1	s__UBA4615_sp903903975	NA	NA	NA	0.0002725538294	NA	NA	NA	0	NA	NA	NA	NA	0	1	0	-	NA	fixed	NA	none	0	False	containment 0.00 < 0.5; only 0/1 enzymes produced a fit; no PTR estimate	BcgI:only 2 windows after outlier trimming	no enzyme produced a usable estimate
CRR1310390	GCF_000011305.1	s__Corynebacterium_efficiens	NA	NA	NA	0	NA	NA	NA	0	NA	NA	NA	NA	0	1	0	-	NA	fixed	NA	none	0	False	containment 0.00 < 0.5; only 0/1 enzymes produced a fit; no PTR estimate	BcgI:only 0 windows after outlier trimming	no enzyme produced a usable estimate
CRR1310390	GCF_000015165.1	s__Bradyrhizobium_sp000015165	NA	NA	NA	7.849909726e-05	NA	NA	NA	0	NA	NA	NA	NA	0	1	0	-	NA	fixed	NA	none	0	False	containment 0.00 < 0.5; only 0/1 enzymes produced a fit; no PTR estimate	BcgI:only 1 windows after outlier trimming	no enzyme produced a usable estimate
CRR1310390	GCF_000023845.1	s__Cryptobacterium_curtum	NA	NA	NA	0.002216066482	NA	NA	NA	0	NA	NA	NA	NA	0	1	0	-	NA	fixed	NA	none	0	False	containment 0.00 < 0.5; only 0/1 enzymes produced a fit; no PTR estimate	BcgI:only 0 windows after outlier trimming	no enzyme produced a usable estimate
CRR1310390	GCF_000023905.1	s__Leptotrichia_buccalis	NA	NA	NA	0	NA	NA	NA	0	NA	NA	NA	NA	0	1	0	-	NA	fixed	NA	none	0	False	containment 0.00 < 0.5; only 0/1 enzymes produced a fit; no PTR estimate	BcgI:only 0 windows after outlier trimming	no enzyme produced a usable estimate
CRR1310390	GCF_000024225.1	s__Lancefieldella_parvula	NA	NA	NA	0.007886435331	NA	NA	NA	0	NA	NA	NA	NA	0	1	0	-	NA	fixed	NA	none	0	False	containment 0.01 < 0.5; only 0/1 enzymes produced a fit; no PTR estimate	BcgI:only 1 windows after outlier trimming	no enzyme produced a usable estimate
CRR1310390	GCF_000027165.1	s__Streptococcus_mitis_AR	NA	NA	NA	0	NA	NA	NA	0	NA	NA	NA	NA	0	1	0	-	NA	fixed	NA	none	0	False	containment 0.00 < 0.5; only 0/1 enzymes produced a fit; no PTR estimate	BcgI:only 0 windows after outlier trimming	no enzyme produced a usable estimate
CRR1310390	GCF_000090875.1	s__Neisseria_sp000090875	NA	NA	NA	0	NA	NA	NA	0	NA	NA	NA	NA	0	1	0	-	NA	fixed	NA	none	0	False	containment 0.00 < 0.5; only 0/1 enzymes produced a fit; no PTR estimate	BcgI:only 0 windows after outlier trimming	no enzyme produced a usable estimate
CRR1310390	GCF_000143845.1	s__Olsenella_uli	11.15153612	NA	0.01	0.004122938531	178.7997248	7.482200706	NA	800	0.97063288	2.996363766	1.609435641	13.35496577	1	1	1	BcgI	NA	fixed	87147.78	glm	8	False	fraction 0.01 < 0.75; containment 0.00 < 0.5	-	single enzyme: no cross-enzyme consistency check available
CRR1310390	GCF_000146585.1	s__Streptococcus_mitis_AZ	NA	NA	NA	0	NA	NA	NA	0	NA	NA	NA	NA	0	1	0	-	NA	fixed	NA	none	0	False	containment 0.00 < 0.5; only 0/1 enzymes produced a fit; no PTR estimate	BcgI:only 0 windows after outlier trimming	no enzyme produced a usable estimate
CRR1310390	GCF_000147675.1	s__Peptostreptococcus_stomatis	NA	NA	NA	0	NA	NA	NA	0	NA	NA	NA	NA	0	1	0	-	NA	fixed	NA	none	0	False	containment 0.00 < 0.5; only 0/1 enzymes produced a fit; no PTR estimate	BcgI:only 0 windows after outlier trimming	no enzyme produced a usable estimate
CRR1310390	GCF_000148525.1	s__Streptococcus_mitis_H	NA	NA	NA	0	NA	NA	NA	0	NA	NA	NA	NA	0	1	0	-	NA	fixed	NA	none	0	False	containment 0.00 < 0.5; only 0/1 enzymes produced a fit; no PTR estimate	BcgI:only 0 windows after outlier trimming	no enzyme produced a usable estimate
CRR1310390	GCF_000148545.1	s__Streptococcus_mitis_C	NA	NA	NA	0	NA	NA	NA	0	NA	NA	NA	NA	0	1	0	-	NA	fixed	NA	none	0	False	containment 0.00 < 0.5; only 0/1 enzymes produced a fit; no PTR estimate	BcgI:only 0 windows after outlier trimming	no enzyme produced a usable estimate
CRR1310390	GCF_000148975.1	s__Streptococcus_pseudopneumoniae_M	NA	NA	NA	0.009345794393	NA	NA	NA	0	NA	NA	NA	NA	0	1	0	-	NA	fixed	NA	none	0	False	containment 0.01 < 0.5; only 0/1 enzymes produced a fit; no PTR estimate	BcgI:only 1 windows after outlier trimming	no enzyme produced a usable estimate
CRR1310390	GCF_000154225.1	s__Pauljensenia_odontolytica_A	NA	NA	NA	0.00576184379	NA	NA	NA	0	NA	NA	NA	NA	0	1	0	-	NA	fixed	NA	none	0	False	containment 0.01 < 0.5; only 0/1 enzymes produced a fit; no PTR estimate	BcgI:only 2 windows after outlier trimming	no enzyme produced a usable estimate
CRR1310390	GCF_000156615.2	s__Corynebacterium_tuberculostearicum	NA	NA	NA	0	NA	NA	NA	0	NA	NA	NA	NA	0	1	0	-	NA	fixed	NA	none	0	False	containment 0.00 < 0.5; only 0/1 enzymes produced a fit; no PTR estimate	BcgI:only 0 windows after outlier trimming	no enzyme produced a usable estimate
CRR1310390	GCF_000158215.3	s__Fusobacterium_periodonticum_D	NA	NA	NA	0	NA	NA	NA	0	NA	NA	NA	NA	0	1	0	-	NA	fixed	NA	none	0	False	containment 0.00 < 0.5; only 0/1 enzymes produced a fit; no PTR estimate	BcgI:only 0 windows after outlier trimming	no enzyme produced a usable estimate
CRR1310390	GCF_000159435.1	s__Limosilactobacillus_vaginalis	NA	NA	NA	0.008130081301	NA	NA	NA	0	NA	NA	NA	NA	0	1	0	-	NA	fixed	NA	none	0	False	containment 0.01 < 0.5; only 0/1 enzymes produced a fit; no PTR estimate	BcgI:only 4 windows after outlier trimming	no enzyme produced a usable estimate
CRR1310390	GCF_000159995.1	s__Alloprevotella_tannerae	NA	NA	NA	0.005089058524	NA	NA	NA	0	NA	NA	NA	NA	0	1	0	-	NA	fixed	NA	none	0	False	containment 0.01 < 0.5; only 0/1 enzymes produced a fit; no PTR estimate	BcgI:only 3 windows after outlier trimming	no enzyme produced a usable estimate
CRR1310390	GCF_000160035.2	s__Catonella_morbi	NA	NA	NA	0.003115264798	NA	NA	NA	0	NA	NA	NA	NA	0	1	0	-	NA	fixed	NA	none	0	False	containment 0.00 < 0.5; only 0/1 enzymes produced a fit; no PTR estimate	BcgI:only 2 windows after outlier trimming	no enzyme produced a usable estimate
CRR1310390	GCF_000160055.1	s__Dialister_invisus	1.246579944	0.2733333333	0.075	0.06067961165	2.96951043	1.5702251	NA	200	0.8633188565	0.5392184198	0.5133764171	2.627073782	1	1	1	BcgI	NA	fixed	1072596.569	glm	8	False	fraction 0.08 < 0.75; containment 0.06 < 0.5	-	single enzyme: no cross-enzyme consistency check available
CRR1310390	GCF_000160115.1	s__Shuttleworthia_satelles	NA	NA	NA	0.0009407337723	NA	NA	NA	0	NA	NA	NA	NA	0	1	0	-	NA	fixed	NA	none	0	False	containment 0.00 < 0.5; only 0/1 enzymes produced a fit; no PTR estimate	BcgI:only 1 windows after outlier trimming	no enzyme produced a usable estimate
CRR1310390	GCF_000160135.1	s__Oribacterium_sp000160135	NA	NA	NA	0	NA	NA	NA	0	NA	NA	NA	NA	0	1	0	-	NA	fixed	NA	none	0	False	containment 0.00 < 0.5; only 0/1 enzymes produced a fit; no PTR estimate	BcgI:only 0 windows after outlier trimming	no enzyme produced a usable estimate
CRR1310390	GCF_000160435.1	s__Kingella_B_oralis	NA	NA	NA	0	NA	NA	NA	0	NA	NA	NA	NA	0	1	0	-	NA	fixed	NA	none	0	False	containment 0.00 < 0.5; only 0/1 enzymes produced a fit; no PTR estimate	BcgI:only 0 windows after outlier trimming	no enzyme produced a usable estimate
CRR1310390	GCF_000160635.1	s__Oribacterium_sinus	NA	NA	NA	0.008756567426	NA	NA	NA	0	NA	NA	NA	NA	0	1	0	-	NA	fixed	NA	none	0	False	containment 0.01 < 0.5; only 0/1 enzymes produced a fit; no PTR estimate	BcgI:only 0 windows after outlier trimming	no enzyme produced a usable estimate
CRR1310390	GCF_000160695.1	s__Centipeda_flueggei	NA	NA	NA	0	NA	NA	NA	0	NA	NA	NA	NA	0	1	0	-	NA	fixed	NA	none	0	False	containment 0.00 < 0.5; only 0/1 enzymes produced a fit; no PTR estimate	BcgI:only 0 windows after outlier trimming	no enzyme produced a usable estimate
CRR1310390	GCF_000161975.1	s__Eubacterium_N_saphenum	NA	NA	NA	0	NA	NA	NA	0	NA	NA	NA	NA	0	1	0	-	NA	fixed	NA	none	0	False	containment 0.00 < 0.5; only 0/1 enzymes produced a fit; no PTR estimate	BcgI:only 0 windows after outlier trimming	no enzyme produced a usable estimate
CRR1310390	GCF_000162455.1	s__Prevotella_buccae	NA	NA	NA	0	NA	NA	NA	0	NA	NA	NA	NA	0	1	0	-	NA	fixed	NA	none	0	False	containment 0.00 < 0.5; only 0/1 enzymes produced a fit; no PTR estimate	BcgI:only 0 windows after outlier trimming	no enzyme produced a usable estimate
CRR1310390	GCF_000162475.2	s__Granulicatella_elegans	NA	NA	NA	0	NA	NA	NA	0	NA	NA	NA	NA	0	1	0	-	NA	fixed	NA	none	0	False	containment 0.00 < 0.5; only 0/1 enzymes produced a fit; no PTR estimate	BcgI:only 0 windows after outlier trimming	no enzyme produced a usable estimate
CRR1310390	GCF_000162935.1	s__Prevotella_veroralis	NA	NA	NA	0	NA	NA	NA	0	NA	NA	NA	NA	0	1	0	-	NA	fixed	NA	none	0	False	containment 0.00 < 0.5; only 0/1 enzymes produced a fit; no PTR estimate	BcgI:only 0 windows after outlier trimming	no enzyme produced a usable estimate
CRR1310390	GCF_000163055.2	s__Prevotella_sp000163055	NA	NA	NA	0	NA	NA	NA	0	NA	NA	NA	NA	0	1	0	-	NA	fixed	NA	none	0	False	containment 0.00 < 0.5; only 0/1 enzymes produced a fit; no PTR estimate	BcgI:only 0 windows after outlier trimming	no enzyme produced a usable estimate
CRR1310390	GCF_000163475.1	s__Pasteurella_dagmatis	NA	NA	NA	0	NA	NA	NA	0	NA	NA	NA	NA	0	1	0	-	NA	fixed	NA	none	0	False	containment 0.00 < 0.5; only 0/1 enzymes produced a fit; no PTR estimate	BcgI:only 0 windows after outlier trimming	no enzyme produced a usable estimate
CRR1310390	GCF_000163695.1	s__F0058_sp000163695	NA	NA	NA	0.0006609385327	NA	NA	NA	0	NA	NA	NA	NA	0	1	0	-	NA	fixed	NA	none	0	False	containment 0.00 < 0.5; only 0/1 enzymes produced a fit; no PTR estimate	BcgI:only 0 windows after outlier trimming	no enzyme produced a usable estimate
CRR1310390	GCF_000163835.1	s__Parascardovia_denticolens	NA	NA	NA	0.0009930486594	NA	NA	NA	0	NA	NA	NA	NA	0	1	0	-	NA	fixed	NA	none	0	False	containment 0.00 < 0.5; only 0/1 enzymes produced a fit; no PTR estimate	BcgI:only 1 windows after outlier trimming	no enzyme produced a usable estimate
CRR1310390	GCF_000163895.2	s__Filifactor_alocis	NA	NA	NA	0	NA	NA	NA	0	NA	NA	NA	NA	0	1	0	-	NA	fixed	NA	none	0	False	containment 0.00 < 0.5; only 0/1 enzymes produced a fit; no PTR estimate	BcgI:only 0 windows after outlier trimming	no enzyme produced a usable estimate
CRR1310390	GCF_000173895.1	s__Neisseria_cinerea	NA	NA	NA	0	NA	NA	NA	0	NA	NA	NA	NA	0	1	0	-	NA	fixed	NA	none	0	False	containment 0.00 < 0.5; only 0/1 enzymes produced a fit; no PTR estimate	BcgI:only 0 windows after outlier trimming	no enzyme produced a usable estimate
CRR1310390	GCF_000173915.1	s__Gemella_haemolysans	NA	NA	NA	0.007299270073	NA	NA	NA	0	NA	NA	NA	NA	0	1	0	-	NA	fixed	NA	none	0	False	containment 0.01 < 0.5; only 0/1 enzymes produced a fit; no PTR estimate	BcgI:only 0 windows after outlier trimming	no enzyme produced a usable estimate
CRR1310390	GCF_000174655.1	s__Neisseria_sicca	NA	NA	NA	0	NA	NA	NA	0	NA	NA	NA	NA	0	1	0	-	NA	fixed	NA	none	0	False	containment 0.00 < 0.5; only 0/1 enzymes produced a fit; no PTR estimate	BcgI:only 0 windows after outlier trimming	no enzyme produced a usable estimate
CRR1310390	GCF_000174755.1	s__Capnocytophaga_gingivalis	NA	NA	NA	0	NA	NA	NA	0	NA	NA	NA	NA	0	1	0	-	NA	fixed	NA	none	0	False	containment 0.00 < 0.5; only 0/1 enzymes produced a fit; no PTR estimate	BcgI:only 0 windows after outlier trimming	no enzyme produced a usable estimate
CRR1310390	GCF_000175375.1	s__Corynebacterium_matruchotii	NA	NA	NA	0.001335113485	NA	NA	NA	0	NA	NA	NA	NA	0	1	0	-	NA	fixed	NA	none	0	False	containment 0.00 < 0.5; only 0/1 enzymes produced a fit; no PTR estimate	BcgI:only 0 windows after outlier trimming	no enzyme produced a usable estimate
CRR1310390	GCF_000175635.1	s__Corynebacterium_tuberculostearicum_C	NA	NA	NA	0	NA	NA	NA	0	NA	NA	NA	NA	0	1	0	-	NA	fixed	NA	none	0	False	containment 0.00 < 0.5; only 0/1 enzymes produced a fit; no PTR estimate	BcgI:only 0 windows after outlier trimming	no enzyme produced a usable estimate
CRR1310390	GCF_000175875.1	s__Campylobacter_B_gracilis	NA	NA	NA	0	NA	NA	NA	0	NA	NA	NA	NA	0	1	0	-	NA	fixed	NA	none	0	False	containment 0.00 < 0.5; only 0/1 enzymes produced a fit; no PTR estimate	BcgI:only 0 windows after outlier trimming	no enzyme produced a usable estimate
CRR1310390	GCF_000177055.1	s__Prevotella_timonensis_A	NA	NA	NA	0.01317523057	NA	NA	NA	0	NA	NA	NA	NA	0	1	0	-	NA	fixed	NA	none	0	False	containment 0.01 < 0.5; only 0/1 enzymes produced a fit; no PTR estimate	BcgI:only 3 windows after outlier trimming	no enzyme produced a usable estimate
CRR1310390	GCF_000177375.1	s__Bulleidia_extructa	NA	NA	NA	0	NA	NA	NA	0	NA	NA	NA	NA	0	1	0	-	NA	fixed	NA	none	0	False	containment 0.00 < 0.5; only 0/1 enzymes produced a fit; no PTR estimate	BcgI:only 0 windows after outlier trimming	no enzyme produced a usable estimate
CRR1310390	GCF_000178895.1	s__Fusobacterium_nucleatum	NA	NA	NA	0	NA	NA	NA	0	NA	NA	NA	NA	0	1	0	-	NA	fixed	NA	none	0	False	containment 0.00 < 0.5; only 0/1 enzymes produced a fit; no PTR estimate	BcgI:only 0 windows after outlier trimming	no enzyme produced a usable estimate
CRR1310390	GCF_000179755.1	s__Veillonella_atypica	1.721517196	0.9111364002	0.3641394391	0.2760416667	1.225047591	0.2928377966	NA	483	0.6679331004	0.6033164353	-0.8896406878	1.475316281	1	1	1	BcgI	NA	fixed	534970.9906	glm	33	False	fraction 0.36 < 0.75; containment 0.28 < 0.5	-	single enzyme: no cross-enzyme consistency check available
CRR1310390	GCF_000185145.2	s__Prevotella_oralis	NA	NA	NA	0.0004411116012	NA	NA	NA	0	NA	NA	NA	NA	0	1	0	-	NA	fixed	NA	none	0	False	containment 0.00 < 0.5; only 0/1 enzymes produced a fit; no PTR estimate	BcgI:only 1 windows after outlier trimming	no enzyme produced a usable estimate
CRR1310390	GCF_000185385.1	s__Lachnoanaerobaculum_saburreum	NA	NA	NA	0.002551020408	NA	NA	NA	0	NA	NA	NA	NA	0	1	0	-	NA	fixed	NA	none	0	False	containment 0.00 < 0.5; only 0/1 enzymes produced a fit; no PTR estimate	BcgI:only 1 windows after outlier trimming	no enzyme produced a usable estimate
CRR1310390	GCF_000185505.1	s__Pseudoramibacter_alactolyticus	NA	NA	NA	0.001074691026	NA	NA	NA	0	NA	NA	NA	NA	0	1	0	-	NA	fixed	NA	none	0	False	containment 0.00 < 0.5; only 0/1 enzymes produced a fit; no PTR estimate	BcgI:only 1 windows after outlier trimming	no enzyme produced a usable estimate
CRR1310390	GCF_000185645.1	s__Gemella_morbillorum	NA	NA	NA	0.005988023952	NA	NA	NA	0	NA	NA	NA	NA	0	1	0	-	NA	fixed	NA	none	0	False	containment 0.01 < 0.5; only 0/1 enzymes produced a fit; no PTR estimate	BcgI:only 0 windows after outlier trimming	no enzyme produced a usable estimate
CRR1310390	GCF_000187585.1	s__Streptococcus_peroris	NA	NA	NA	0	NA	NA	NA	0	NA	NA	NA	NA	0	1	0	-	NA	fixed	NA	none	0	False	containment 0.00 < 0.5; only 0/1 enzymes produced a fit; no PTR estimate	BcgI:only 0 windows after outlier trimming	no enzyme produced a usable estimate
CRR1310390	GCF_000187745.1	s__Streptococcus_sp000187745	NA	NA	NA	0.02272727273	NA	NA	NA	0	NA	NA	NA	NA	0	1	0	-	NA	fixed	NA	none	0	False	containment 0.02 < 0.5; only 0/1 enzymes produced a fit; no PTR estimate	BcgI:only 0 windows after outlier trimming	no enzyme produced a usable estimate
CRR1310390	GCF_000188255.1	s__Actinobacillus_ureae	NA	NA	NA	0	NA	NA	NA	0	NA	NA	NA	NA	0	1	0	-	NA	fixed	NA	none	0	False	containment 0.00 < 0.5; only 0/1 enzymes produced a fit; no PTR estimate	BcgI:only 0 windows after outlier trimming	no enzyme produced a usable estimate
CRR1310390	GCF_000191065.1	s__Prevotella_multiformis	NA	NA	NA	0.0006020469597	NA	NA	NA	0	NA	NA	NA	NA	0	1	0	-	NA	fixed	NA	none	0	False	containment 0.00 < 0.5; only 0/1 enzymes produced a fit; no PTR estimate	BcgI:only 0 windows after outlier trimming	no enzyme produced a usable estimate
CRR1310390	GCF_000191105.1	s__Streptococcus_sanguinis	NA	NA	NA	0.06140350877	NA	NA	NA	0	NA	NA	NA	NA	0	1	0	-	NA	fixed	NA	none	0	False	containment 0.06 < 0.5; only 0/1 enzymes produced a fit; no PTR estimate	BcgI:only 0 windows after outlier trimming	no enzyme produced a usable estimate
CRR1310390	GCF_000191825.1	s__Treponema_B_denticola	NA	NA	NA	0	NA	NA	NA	0	NA	NA	NA	NA	0	1	0	-	NA	fixed	NA	none	0	False	containment 0.00 < 0.5; only 0/1 enzymes produced a fit; no PTR estimate	BcgI:only 0 windows after outlier trimming	no enzyme produced a usable estimate
CRR1310390	GCF_000192225.1	s__Capnocytophaga_sp000192225	NA	NA	NA	0	NA	NA	NA	0	NA	NA	NA	NA	0	1	0	-	NA	fixed	NA	none	0	False	containment 0.00 < 0.5; only 0/1 enzymes produced a fit; no PTR estimate	BcgI:only 0 windows after outlier trimming	no enzyme produced a usable estimate
CRR1310390	GCF_000193735.1	s__Neisseria_sicca_E	NA	NA	NA	0	NA	NA	NA	0	NA	NA	NA	NA	0	1	0	-	NA	fixed	NA	none	0	False	containment 0.00 < 0.5; only 0/1 enzymes produced a fit; no PTR estimate	BcgI:only 0 windows after outlier trimming	no enzyme produced a usable estimate
CRR1310390	GCF_000193755.1	s__Neisseria_sicca_D	NA	NA	NA	0	NA	NA	NA	0	NA	NA	NA	NA	0	1	0	-	NA	fixed	NA	none	0	False	containment 0.00 < 0.5; only 0/1 enzymes produced a fit; no PTR estimate	BcgI:only 0 windows after outlier trimming	no enzyme produced a usable estimate
CRR1310390	GCF_000193775.1	s__Neisseria_polysaccharea	NA	NA	NA	0	NA	NA	NA	0	NA	NA	NA	NA	0	1	0	-	NA	fixed	NA	none	0	False	containment 0.00 < 0.5; only 0/1 enzymes produced a fit; no PTR estimate	BcgI:only 0 windows after outlier trimming	no enzyme produced a usable estimate
CRR1310390	GCF_000193795.1	s__Neisseria_lactamica_A	NA	NA	NA	0.001388888889	NA	NA	NA	0	NA	NA	NA	NA	0	1	0	-	NA	fixed	NA	none	0	False	containment 0.00 < 0.5; only 0/1 enzymes produced a fit; no PTR estimate	BcgI:only 0 windows after outlier trimming	no enzyme produced a usable estimate
CRR1310390	GCF_000195595.1	s__Actinomyces_sp000195595	NA	NA	NA	0	NA	NA	NA	0	NA	NA	NA	NA	0	1	0	-	NA	fixed	NA	none	0	False	containment 0.00 < 0.5; only 0/1 enzymes produced a fit; no PTR estimate	BcgI:only 0 windows after outlier trimming	no enzyme produced a usable estimate
CRR1310390	GCF_000208825.1	s__Aeromonas_caviae	NA	NA	NA	0.0002616431188	NA	NA	NA	0	NA	NA	NA	NA	0	1	0	-	NA	fixed	NA	none	0	False	containment 0.00 < 0.5; only 0/1 enzymes produced a fit; no PTR estimate	BcgI:only 1 windows after outlier trimming	no enzyme produced a usable estimate
CRR1310390	GCF_000209465.1	s__Lachnoanaerobaculum_sp000209465	NA	NA	NA	0.004761904762	NA	NA	NA	0	NA	NA	NA	NA	0	1	0	-	NA	fixed	NA	none	0	False	containment 0.00 < 0.5; only 0/1 enzymes produced a fit; no PTR estimate	BcgI:only 1 windows after outlier trimming	no enzyme produced a usable estimate
CRR1310390	GCF_000210895.1	s__Haemophilus_D_parainfluenzae_A	8.840739661	14.23165158	0.07806451613	0.0703125	7.252431106	2.858464686	NA	206	0.9945419257	1.389593935	0.1349106206	5.582018751	1	1	1	BcgI	NA	fixed	571967.5458	glm	8	False	fraction 0.08 < 0.75; dispersion 14.23 > 5.0; containment 0.07 < 0.5	-	single enzyme: no cross-enzyme consistency check available
CRR1310390	GCF_000211795.1	s__Sphingomonas_paucimobilis	NA	NA	NA	0	NA	NA	NA	0	NA	NA	NA	NA	0	1	0	-	NA	fixed	NA	none	0	False	containment 0.00 < 0.5; only 0/1 enzymes produced a fit; no PTR estimate	BcgI:only 0 windows after outlier trimming	no enzyme produced a usable estimate
CRR1310390	GCF_000212855.1	s__Streptococcus_sanguinis_A	NA	NA	NA	0.003546099291	NA	NA	NA	0	NA	NA	NA	NA	0	1	0	-	NA	fixed	NA	none	0	False	containment 0.00 < 0.5; only 0/1 enzymes produced a fit; no PTR estimate	BcgI:only 0 windows after outlier trimming	no enzyme produced a usable estimate
CRR1310390	GCF_000213975.1	s__Centipeda_periodontii	NA	NA	NA	0	NA	NA	NA	0	NA	NA	NA	NA	0	1	0	-	NA	fixed	NA	none	0	False	containment 0.00 < 0.5; only 0/1 enzymes produced a fit; no PTR estimate	BcgI:only 0 windows after outlier trimming	no enzyme produced a usable estimate
CRR1310390	GCF_000214475.1	s__Parvimonas_sp000214475	NA	NA	NA	0	NA	NA	NA	0	NA	NA	NA	NA	0	1	0	-	NA	fixed	NA	none	0	False	containment 0.00 < 0.5; only 0/1 enzymes produced a fit; no PTR estimate	BcgI:only 0 windows after outlier trimming	no enzyme produced a usable estimate
CRR1310390	GCF_000215385.1	s__Streptococcus_infantis_B	NA	NA	NA	0.08875739645	NA	NA	NA	0	NA	NA	NA	NA	0	1	0	-	NA	fixed	NA	none	0	False	containment 0.09 < 0.5; only 0/1 enzymes produced a fit; no PTR estimate	BcgI:only 4 windows after outlier trimming	no enzyme produced a usable estimate
CRR1310390	GCF_000218235.1	s__Prevotella_multisaccharivorax	NA	NA	NA	0.000528262018	NA	NA	NA	0	NA	NA	NA	NA	0	1	0	-	NA	fixed	NA	none	0	False	containment 0.00 < 0.5; only 0/1 enzymes produced a fit; no PTR estimate	BcgI:only 1 windows after outlier trimming	no enzyme produced a usable estimate
CRR1310390	GCF_000220045.1	s__Streptococcus_mitis_AP	NA	NA	NA	0.01234567901	NA	NA	NA	0	NA	NA	NA	NA	0	1	0	-	NA	fixed	NA	none	0	False	containment 0.01 < 0.5; only 0/1 enzymes produced a fit; no PTR estimate	BcgI:only 0 windows after outlier trimming	no enzyme produced a usable estimate
CRR1310390	GCF_000220065.1	s__Streptococcus_sp000220065	NA	NA	NA	0.002617801047	NA	NA	NA	0	NA	NA	NA	NA	0	1	0	-	NA	fixed	NA	none	0	False	containment 0.00 < 0.5; only 0/1 enzymes produced a fit; no PTR estimate	BcgI:only 0 windows after outlier trimming	no enzyme produced a usable estimate
CRR1310390	GCF_000220215.1	s__Prevotella_seregens	NA	NA	NA	0	NA	NA	NA	0	NA	NA	NA	NA	0	1	0	-	NA	fixed	NA	none	0	False	containment 0.00 < 0.5; only 0/1 enzymes produced a fit; no PTR estimate	BcgI:only 0 windows after outlier trimming	no enzyme produced a usable estimate
CRR1310390	GCF_000220835.1	s__Actinomyces_sp000220835	0.6865607223	0.3569047619	0.032	0.02130003672	1.193210231	0.2548482529	NA	1000	0.6409721996	0.5608435265	-0.8443848599	1.354081366	1	1	1	BcgI	NA	fixed	329058.8	glm	10	False	coverage 0.69 < 1.0; fraction 0.03 < 0.75; containment 0.02 < 0.5	-	single enzyme: no cross-enzyme consistency check available
CRR1310390	GCF_000222025.1	s__Haemophilus_haemolyticus_G	NA	NA	NA	0	NA	NA	NA	0	NA	NA	NA	NA	0	1	0	-	NA	fixed	NA	none	0	False	containment 0.00 < 0.5; only 0/1 enzymes produced a fit; no PTR estimate	BcgI:only 0 windows after outlier trimming	no enzyme produced a usable estimate
CRR1310390	GCF_000222705.1	s__Streptococcus_mitis_AY	NA	NA	NA	0	NA	NA	NA	0	NA	NA	NA	NA	0	1	0	-	NA	fixed	NA	none	0	False	containment 0.00 < 0.5; only 0/1 enzymes produced a fit; no PTR estimate	BcgI:only 0 windows after outlier trimming	no enzyme produced a usable estimate
CRR1310390	GCF_000223255.1	s__Streptococcus_infantis_G	NA	NA	NA	0.0193236715	NA	NA	NA	0	NA	NA	NA	NA	0	1	0	-	NA	fixed	NA	none	0	False	containment 0.02 < 0.5; only 0/1 enzymes produced a fit; no PTR estimate	BcgI:only 0 windows after outlier trimming	no enzyme produced a usable estimate
CRR1310390	GCF_000223275.1	s__Haemophilus_D_pittmaniae	NA	NA	NA	0.002176278564	NA	NA	NA	0	NA	NA	NA	NA	0	1	0	-	NA	fixed	NA	none	0	False	containment 0.00 < 0.5; only 0/1 enzymes produced a fit; no PTR estimate	BcgI:only 1 windows after outlier trimming	no enzyme produced a usable estimate
CRR1310390	GCF_000223335.1	s__Streptococcus_infantis_H	NA	NA	NA	0.007352941176	NA	NA	NA	0	NA	NA	NA	NA	0	1	0	-	NA	fixed	NA	none	0	False	containment 0.01 < 0.5; only 0/1 enzymes produced a fit; no PTR estimate	BcgI:only 0 windows after outlier trimming	no enzyme produced a usable estimate
CRR1310390	GCF_000228505.1	s__Streptococcus_sobrinus	NA	NA	NA	0	NA	NA	NA	0	NA	NA	NA	NA	0	1	0	-	NA	fixed	NA	none	0	False	containment 0.00 < 0.5; only 0/1 enzymes produced a fit; no PTR estimate	BcgI:only 0 windows after outlier trimming	no enzyme produced a usable estimate
CRR1310390	GCF_000229485.1	s__Streptococcus_mutans	NA	NA	NA	0	NA	NA	NA	0	NA	NA	NA	NA	0	1	0	-	NA	fixed	NA	none	0	False	containment 0.00 < 0.5; only 0/1 enzymes produced a fit; no PTR estimate	BcgI:only 0 windows after outlier trimming	no enzyme produced a usable estimate
CRR1310390	GCF_000234095.1	s__Centipeda_infelix	NA	NA	NA	0	NA	NA	NA	0	NA	NA	NA	NA	0	1	0	-	NA	fixed	NA	none	0	False	containment 0.00 < 0.5; only 0/1 enzymes produced a fit; no PTR estimate	BcgI:only 0 windows after outlier trimming	no enzyme produced a usable estimate
CRR1310390	GCF_000234135.1	s__Centipeda_noxia	NA	NA	NA	0	NA	NA	NA	0	NA	NA	NA	NA	0	1	0	-	NA	fixed	NA	none	0	False	containment 0.00 < 0.5; only 0/1 enzymes produced a fit; no PTR estimate	BcgI:only 0 windows after outlier trimming	no enzyme produced a usable estimate
CRR1310390	GCF_000235445.1	s__Johnsonella_ignava	NA	NA	NA	0.006864988558	NA	NA	NA	0	NA	NA	NA	NA	0	1	0	-	NA	fixed	NA	none	0	False	containment 0.01 < 0.5; only 0/1 enzymes produced a fit; no PTR estimate	BcgI:only 2 windows after outlier trimming	no enzyme produced a usable estimate
CRR1310390	GCF_000235485.1	s__Streptococcus_sp000235485	NA	NA	NA	0.006578947368	NA	NA	NA	0	NA	NA	NA	NA	0	1	0	-	NA	fixed	NA	none	0	False	containment 0.01 < 0.5; only 0/1 enzymes produced a fit; no PTR estimate	BcgI:only 0 windows after outlier trimming	no enzyme produced a usable estimate
CRR1310390	GCF_000235885.1	s__Prevotella_stercorea	103.3618352	11.67990686	0.3310859197	0.02023319616	205293.7617	17.64733026	NA	245	0.999994796	25.45132054	-32.23634136	67.53100189	1	1	1	BcgI	NA	fixed	381691.2917	glm	7	False	fraction 0.33 < 0.75; dispersion 11.68 > 5.0; containment 0.02 < 0.5	-	single enzyme: no cross-enzyme consistency check available
CRR1310390	GCF_000238055.2	s__Oribacterium_parvum	NA	NA	NA	0	NA	NA	NA	0	NA	NA	NA	NA	0	1	0	-	NA	fixed	NA	none	0	False	containment 0.00 < 0.5; only 0/1 enzymes produced a fit; no PTR estimate	BcgI:only 0 windows after outlier trimming	no enzyme produced a usable estimate
CRR1310390	GCF_000238075.1	s__Oribacterium_asaccharolyticum	NA	NA	NA	0.001225490196	NA	NA	NA	0	NA	NA	NA	NA	0	1	0	-	NA	fixed	NA	none	0	False	containment 0.00 < 0.5; only 0/1 enzymes produced a fit; no PTR estimate	BcgI:only 0 windows after outlier trimming	no enzyme produced a usable estimate
CRR1310390	GCF_000239275.1	s__Anaeroglobus_geminatus	NA	NA	NA	0.001679261125	NA	NA	NA	0	NA	NA	NA	NA	0	1	0	-	NA	fixed	NA	none	0	False	containment 0.00 < 0.5; only 0/1 enzymes produced a fit; no PTR estimate	BcgI:only 2 windows after outlier trimming	no enzyme produced a usable estimate
CRR1310390	GCF_000242235.1	s__Stomatobaculum_longum	NA	NA	NA	0.002097315436	NA	NA	NA	0	NA	NA	NA	NA	0	1	0	-	NA	fixed	NA	none	0	False	containment 0.00 < 0.5; only 0/1 enzymes produced a fit; no PTR estimate	BcgI:only 2 windows after outlier trimming	no enzyme produced a usable estimate
CRR1310390	GCF_000242315.1	s__Lachnoanaerobaculum_orale	NA	NA	NA	0.004140786749	NA	NA	NA	0	NA	NA	NA	NA	0	1	0	-	NA	fixed	NA	none	0	False	containment 0.00 < 0.5; only 0/1 enzymes produced a fit; no PTR estimate	BcgI:only 2 windows after outlier trimming	no enzyme produced a usable estimate
CRR1310390	GCF_000242675.1	s__Eubacterium_B_infirmum	NA	NA	NA	0.005706134094	NA	NA	NA	0	NA	NA	NA	NA	0	1	0	-	NA	fixed	NA	none	0	False	containment 0.01 < 0.5; only 0/1 enzymes produced a fit; no PTR estimate	BcgI:only 0 windows after outlier trimming	no enzyme produced a usable estimate
CRR1310390	GCF_000243035.1	s__Prevotella_micans	NA	NA	NA	0	NA	NA	NA	0	NA	NA	NA	NA	0	1	0	-	NA	fixed	NA	none	0	False	containment 0.00 < 0.5; only 0/1 enzymes produced a fit; no PTR estimate	BcgI:only 0 windows after outlier trimming	no enzyme produced a usable estimate
CRR1310390	GCF_000253155.1	s__Streptococcus_oralis_L	NA	NA	NA	0.01041666667	NA	NA	NA	0	NA	NA	NA	NA	0	1	0	-	NA	fixed	NA	none	0	False	containment 0.01 < 0.5; only 0/1 enzymes produced a fit; no PTR estimate	BcgI:only 1 windows after outlier trimming	no enzyme produced a usable estimate
CRR1310390	GCF_000257905.1	s__Streptococcus_mitis_L	NA	NA	NA	0	NA	NA	NA	0	NA	NA	NA	NA	0	1	0	-	NA	fixed	NA	none	0	False	containment 0.00 < 0.5; only 0/1 enzymes produced a fit; no PTR estimate	BcgI:only 0 windows after outlier trimming	no enzyme produced a usable estimate
CRR1310390	GCF_000259505.1	s__Streptococcus_sp000259505	NA	NA	NA	0	NA	NA	NA	0	NA	NA	NA	NA	0	1	0	-	NA	fixed	NA	none	0	False	containment 0.00 < 0.5; only 0/1 enzymes produced a fit; no PTR estimate	BcgI:only 0 windows after outlier trimming	no enzyme produced a usable estimate
CRR1310390	GCF_000260655.1	s__Neisseria_sicca_B	NA	NA	NA	0	NA	NA	NA	0	NA	NA	NA	NA	0	1	0	-	NA	fixed	NA	none	0	False	containment 0.00 < 0.5; only 0/1 enzymes produced a fit; no PTR estimate	BcgI:only 0 windows after outlier trimming	no enzyme produced a usable estimate
CRR1310390	GCF_000262285.1	s__Haemophilus_haemolyticus	NA	NA	NA	0.004237288136	NA	NA	NA	0	NA	NA	NA	NA	0	1	0	-	NA	fixed	NA	none	0	False	containment 0.00 < 0.5; only 0/1 enzymes produced a fit; no PTR estimate	BcgI:only 1 windows after outlier trimming	no enzyme produced a usable estimate
CRR1310390	GCF_000275805.1	s__Scardovia_wiggsiae	1.551424565	0.3333333333	0.035	0.01681503462	2.453665254	1.29493844	NA	200	0.6561383208	0.2939199405	0.7188659426	1.871010938	1	1	1	BcgI	NA	fixed	569536.3283	glm	5	False	fraction 0.03 < 0.75; containment 0.02 < 0.5	-	single enzyme: no cross-enzyme consistency check available
CRR1310390	GCF_000277585.1	s__Capnocytophaga_ochracea	NA	NA	NA	0	NA	NA	NA	0	NA	NA	NA	NA	0	1	0	-	NA	fixed	NA	none	0	False	containment 0.00 < 0.5; only 0/1 enzymes produced a fit; no PTR estimate	BcgI:only 0 windows after outlier trimming	no enzyme produced a usable estimate
CRR1310390	GCF_000278725.1	s__Pauljensenia_sp000278725	1.428477082	0.4973904041	0.1894254908	0.100676819	1.945674089	0.9602700711	NA	1391	0.9330072809	0.4439026775	0.09023681052	1.830303332	1	1	1	BcgI	NA	fixed	1522208.495	glm	61	False	fraction 0.19 < 0.75; containment 0.10 < 0.5	-	single enzyme: no cross-enzyme consistency check available
CRR1310390	GCF_000279535.1	s__Streptococcus_infantis_I	NA	NA	NA	0.03614457831	NA	NA	NA	0	NA	NA	NA	NA	0	1	0	-	NA	fixed	NA	none	0	False	containment 0.04 < 0.5; only 0/1 enzymes produced a fit; no PTR estimate	BcgI:only 1 windows after outlier trimming	no enzyme produced a usable estimate
CRR1310390	GCF_000282935.1	s__Pauljensenia_odontolytica_B	NA	NA	NA	0.004784688995	NA	NA	NA	0	NA	NA	NA	NA	0	1	0	-	NA	fixed	NA	none	0	False	containment 0.00 < 0.5; only 0/1 enzymes produced a fit; no PTR estimate	BcgI:only 1 windows after outlier trimming	no enzyme produced a usable estimate
CRR1310390	GCF_000283035.1	s__Pauljensenia_sp000466265	1.188901226	0.3595238095	0.132139102	0.04904491482	1.418341939	0.5042053846	NA	377	0.6548227621	0.4303899047	-0.339343328	1.347754097	1	1	1	BcgI	NA	fixed	2062586.948	glm	19	False	fraction 0.13 < 0.75; containment 0.05 < 0.5	-	single enzyme: no cross-enzyme consistency check available
CRR1310390	GCF_000286455.1	s__Centipeda_sp000286455	NA	NA	NA	0	NA	NA	NA	0	NA	NA	NA	NA	0	1	0	-	NA	fixed	NA	none	0	False	containment 0.00 < 0.5; only 0/1 enzymes produced a fit; no PTR estimate	BcgI:only 0 windows after outlier trimming	no enzyme produced a usable estimate
CRR1310390	GCF_000287615.1	s__Haemophilus_A_sputorum	1.605661003	0.4055555556	0.1809491428	0.06779661017	1.278908578	0.3549131378	NA	410	0.6482954976	0.4235379973	-0.4752060829	1.185032359	1	1	1	BcgI	NA	fixed	615379.34	glm	18	False	fraction 0.18 < 0.75; containment 0.07 < 0.5	-	single enzyme: no cross-enzyme consistency check available
CRR1310390	GCF_000287675.1	s__Lachnoanaerobaculum_sp000287675	NA	NA	NA	0	NA	NA	NA	0	NA	NA	NA	NA	0	1	0	-	NA	fixed	NA	none	0	False	containment 0.00 < 0.5; only 0/1 enzymes produced a fit; no PTR estimate	BcgI:only 0 windows after outlier trimming	no enzyme produced a usable estimate
CRR1310390	GCF_000287695.1	s__Peptoanaerobacter_margaretiae	NA	NA	NA	0	NA	NA	NA	0	NA	NA	NA	NA	0	1	0	-	NA	fixed	NA	none	0	False	containment 0.00 < 0.5; only 0/1 enzymes produced a fit; no PTR estimate	BcgI:only 0 windows after outlier trimming	no enzyme produced a usable estimate
CRR1310390	GCF_000287715.1	s__Streptococcus_oralis_Y	NA	NA	NA	0	NA	NA	NA	0	NA	NA	NA	NA	0	1	0	-	NA	fixed	NA	none	0	False	containment 0.00 < 0.5; only 0/1 enzymes produced a fit; no PTR estimate	BcgI:only 0 windows after outlier trimming	no enzyme produced a usable estimate
CRR1310390	GCF_000292345.1	s__Cupriavidus_sp000292345	NA	NA	NA	0	NA	NA	NA	0	NA	NA	NA	NA	0	1	0	-	NA	fixed	NA	none	0	False	containment 0.00 < 0.5; only 0/1 enzymes produced a fit; no PTR estimate	BcgI:only 0 windows after outlier trimming	no enzyme produced a usable estimate
CRR1310390	GCF_000292955.1	s__Selenomonas_sputigena	NA	NA	NA	0.0002417794971	NA	NA	NA	0	NA	NA	NA	NA	0	1	0	-	NA	fixed	NA	none	0	False	containment 0.00 < 0.5; only 0/1 enzymes produced a fit; no PTR estimate	BcgI:only 0 windows after outlier trimming	no enzyme produced a usable estimate
CRR1310390	GCF_000293035.1	s__Peptoanaerobacter_stomatis	NA	NA	NA	0	NA	NA	NA	0	NA	NA	NA	NA	0	1	0	-	NA	fixed	NA	none	0	False	containment 0.00 < 0.5; only 0/1 enzymes produced a fit; no PTR estimate	BcgI:only 0 windows after outlier trimming	no enzyme produced a usable estimate
CRR1310390	GCF_000293155.1	s__Mogibacterium_timidum	NA	NA	NA	0.0009372071228	NA	NA	NA	0	NA	NA	NA	NA	0	1	0	-	NA	fixed	NA	none	0	False	containment 0.00 < 0.5; only 0/1 enzymes produced a fit; no PTR estimate	BcgI:only 0 windows after outlier trimming	no enzyme produced a usable estimate
CRR1310390	GCF_000293175.1	s__Capnocytophaga_granulosa	NA	NA	NA	0	NA	NA	NA	0	NA	NA	NA	NA	0	1	0	-	NA	fixed	NA	none	0	False	containment 0.00 < 0.5; only 0/1 enzymes produced a fit; no PTR estimate	BcgI:only 0 windows after outlier trimming	no enzyme produced a usable estimate
CRR1310390	GCF_000295095.1	s__Actinomyces_timonensis	NA	NA	NA	0.001171417415	NA	NA	NA	0	NA	NA	NA	NA	0	1	0	-	NA	fixed	NA	none	0	False	containment 0.00 < 0.5; only 0/1 enzymes produced a fit; no PTR estimate	BcgI:only 0 windows after outlier trimming	no enzyme produced a usable estimate
CRR1310390	GCF_000296275.1	s__Actinomyces_massiliensis	NA	NA	NA	0.001120448179	NA	NA	NA	0	NA	NA	NA	NA	0	1	0	-	NA	fixed	NA	none	0	False	containment 0.00 < 0.5; only 0/1 enzymes produced a fit; no PTR estimate	BcgI:only 0 windows after outlier trimming	no enzyme produced a usable estimate
CRR1310390	GCF_000296505.1	s__Pauljensenia_turicensis	NA	NA	NA	0	NA	NA	NA	0	NA	NA	NA	NA	0	1	0	-	NA	fixed	NA	none	0	False	containment 0.00 < 0.5; only 0/1 enzymes produced a fit; no PTR estimate	BcgI:only 0 windows after outlier trimming	no enzyme produced a usable estimate
CRR1310390	GCF_000296875.1	s__Streptococcus_oralis	NA	NA	NA	0.02816901408	NA	NA	NA	0	NA	NA	NA	NA	0	1	0	-	NA	fixed	NA	none	0	False	containment 0.03 < 0.5; only 0/1 enzymes produced a fit; no PTR estimate	BcgI:only 1 windows after outlier trimming	no enzyme produced a usable estimate
CRR1310390	GCF_000298295.1	s__Cecembia_lonarensis	NA	NA	NA	0	NA	NA	NA	0	NA	NA	NA	NA	0	1	0	-	NA	fixed	NA	none	0	False	containment 0.00 < 0.5; only 0/1 enzymes produced a fit; no PTR estimate	BcgI:only 0 windows after outlier trimming	no enzyme produced a usable estimate
CRR1310390	GCF_000299315.2	s__Microbacterium_barkeri	NA	NA	NA	0	NA	NA	NA	0	NA	NA	NA	NA	0	1	0	-	NA	fixed	NA	none	0	False	containment 0.00 < 0.5; only 0/1 enzymes produced a fit; no PTR estimate	BcgI:only 0 windows after outlier trimming	no enzyme produced a usable estimate
CRR1310390	GCF_000301735.1	s__Acinetobacter_johnsonii	NA	NA	NA	0.003392130258	NA	NA	NA	0	NA	NA	NA	NA	0	1	0	-	NA	fixed	NA	none	0	False	containment 0.00 < 0.5; only 0/1 enzymes produced a fit; no PTR estimate	BcgI:only 2 windows after outlier trimming	no enzyme produced a usable estimate
CRR1310390	GCF_000308055.1	s__Pauljensenia_sp000308055	1.315936627	0.2791666667	0.04347826087	0.01890034364	2.854592319	1.513284721	NA	276	0.6748370568	0.6921863406	0.1566244225	2.869945019	1	1	1	BcgI	NA	fixed	1719685.44	glm	6	False	fraction 0.04 < 0.75; containment 0.02 < 0.5	-	single enzyme: no cross-enzyme consistency check available
CRR1310390	GCF_000312445.1	s__Phocaeicola_abscessus	NA	NA	NA	0.01695786228	NA	NA	NA	0	NA	NA	NA	NA	0	1	0	-	NA	fixed	NA	none	0	False	containment 0.02 < 0.5; only 0/1 enzymes produced a fit; no PTR estimate	BcgI:only 3 windows after outlier trimming	no enzyme produced a usable estimate
CRR1310390	GCF_000314795.2	s__Streptococcus_sp000314795	5.306769094	6.496419702	0.07343301435	0.06034482759	3.363662433	1.750032928	NA	260	0.9336172505	1.561723625	-1.310889131	4.810954988	1	1	1	BcgI	NA	fixed	115867.22	glm	11	False	fraction 0.07 < 0.75; dispersion 6.50 > 5.0; containment 0.06 < 0.5	-	single enzyme: no cross-enzyme consistency check available
CRR1310390	GCF_000317125.1	s__Chroococcidiopsis_thermalis	NA	NA	NA	0	NA	NA	NA	0	NA	NA	NA	NA	0	1	0	-	NA	fixed	NA	none	0	False	containment 0.00 < 0.5; only 0/1 enzymes produced a fit; no PTR estimate	BcgI:only 0 windows after outlier trimming	no enzyme produced a usable estimate
CRR1310390	GCF_000318095.2	s__F0040_sp000318095	NA	NA	NA	0	NA	NA	NA	0	NA	NA	NA	NA	0	1	0	-	NA	fixed	NA	none	0	False	containment 0.00 < 0.5; only 0/1 enzymes produced a fit; no PTR estimate	BcgI:only 0 windows after outlier trimming	no enzyme produced a usable estimate
CRR1310390	GCF_000318175.2	s__Centipeda_sp000318175	NA	NA	NA	0	NA	NA	NA	0	NA	NA	NA	NA	0	1	0	-	NA	fixed	NA	none	0	False	containment 0.00 < 0.5; only 0/1 enzymes produced a fit; no PTR estimate	BcgI:only 0 windows after outlier trimming	no enzyme produced a usable estimate
CRR1310390	GCF_000318215.2	s__Porphyromonas_catoniae	NA	NA	NA	0.0008347245409	NA	NA	NA	0	NA	NA	NA	NA	0	1	0	-	NA	fixed	NA	none	0	False	containment 0.00 < 0.5; only 0/1 enzymes produced a fit; no PTR estimate	BcgI:only 1 windows after outlier trimming	no enzyme produced a usable estimate
CRR1310390	GCF_000318275.2	s__Capnocytophaga_sp000318275	NA	NA	NA	0.001297016861	NA	NA	NA	0	NA	NA	NA	NA	0	1	0	-	NA	fixed	NA	none	0	False	containment 0.00 < 0.5; only 0/1 enzymes produced a fit; no PTR estimate	BcgI:only 1 windows after outlier trimming	no enzyme produced a usable estimate
CRR1310390	GCF_000328265.2	s__Neisseria_meningitidis	NA	NA	NA	0	NA	NA	NA	0	NA	NA	NA	NA	0	1	0	-	NA	fixed	NA	none	0	False	containment 0.00 < 0.5; only 0/1 enzymes produced a fit; no PTR estimate	BcgI:only 0 windows after outlier trimming	no enzyme produced a usable estimate
CRR1310390	GCF_000332975.1	s__Gordonia_aichiensis	NA	NA	NA	0.0001232134056	NA	NA	NA	0	NA	NA	NA	NA	0	1	0	-	NA	fixed	NA	none	0	False	containment 0.00 < 0.5; only 0/1 enzymes produced a fit; no PTR estimate	BcgI:only 0 windows after outlier trimming	no enzyme produced a usable estimate
CRR1310390	GCF_000338475.1	s__Treponema_B_denticola_A	NA	NA	NA	0	NA	NA	NA	0	NA	NA	NA	NA	0	1	0	-	NA	fixed	NA	none	0	False	containment 0.00 < 0.5; only 0/1 enzymes produced a fit; no PTR estimate	BcgI:only 0 windows after outlier trimming	no enzyme produced a usable estimate
CRR1310390	GCF_000344295.2	s__Campylobacter_A_showae_B	NA	NA	NA	0	NA	NA	NA	0	NA	NA	NA	NA	0	1	0	-	NA	fixed	NA	none	0	False	containment 0.00 < 0.5; only 0/1 enzymes produced a fit; no PTR estimate	BcgI:only 0 windows after outlier trimming	no enzyme produced a usable estimate
CRR1310390	GCF_000364865.1	s__Pauljensenia_cardiffensis	NA	NA	NA	0.003088803089	NA	NA	NA	0	NA	NA	NA	NA	0	1	0	-	NA	fixed	NA	none	0	False	containment 0.00 < 0.5; only 0/1 enzymes produced a fit; no PTR estimate	BcgI:only 3 windows after outlier trimming	no enzyme produced a usable estimate
CRR1310390	GCF_000368705.1	s__Acinetobacter_soli	NA	NA	NA	0	NA	NA	NA	0	NA	NA	NA	NA	0	1	0	-	NA	fixed	NA	none	0	False	containment 0.00 < 0.5; only 0/1 enzymes produced a fit; no PTR estimate	BcgI:only 0 windows after outlier trimming	no enzyme produced a usable estimate
CRR1310390	GCF_000368745.1	s__Acinetobacter_junii	NA	NA	NA	0	NA	NA	NA	0	NA	NA	NA	NA	0	1	0	-	NA	fixed	NA	none	0	False	containment 0.00 < 0.5; only 0/1 enzymes produced a fit; no PTR estimate	BcgI:only 0 windows after outlier trimming	no enzyme produced a usable estimate
CRR1310390	GCF_000373045.1	s__Leptotrichia_shahii	NA	NA	NA	0	NA	NA	NA	0	NA	NA	NA	NA	0	1	0	-	NA	fixed	NA	none	0	False	containment 0.00 < 0.5; only 0/1 enzymes produced a fit; no PTR estimate	BcgI:only 0 windows after outlier trimming	no enzyme produced a usable estimate
CRR1310390	GCF_000381265.1	s__Curvibacter_lanceolatus	NA	NA	NA	0	NA	NA	NA	0	NA	NA	NA	NA	0	1	0	-	NA	fixed	NA	none	0	False	containment 0.00 < 0.5; only 0/1 enzymes produced a fit; no PTR estimate	BcgI:only 0 windows after outlier trimming	no enzyme produced a usable estimate
CRR1310390	GCF_000394615.1	s__Enterococcus_A_gilvus	NA	NA	NA	0.00161987041	NA	NA	NA	0	NA	NA	NA	NA	0	1	0	-	NA	fixed	NA	none	0	False	containment 0.00 < 0.5; only 0/1 enzymes produced a fit; no PTR estimate	BcgI:only 1 windows after outlier trimming	no enzyme produced a usable estimate
CRR1310390	GCF_000411555.1	s__Lancefieldella_sp000411555	NA	NA	NA	0.002555366269	NA	NA	NA	0	NA	NA	NA	NA	0	1	0	-	NA	fixed	NA	none	0	False	containment 0.00 < 0.5; only 0/1 enzymes produced a fit; no PTR estimate	BcgI:only 0 windows after outlier trimming	no enzyme produced a usable estimate
CRR1310390	GCF_000412995.1	s__Treponema_vincentii	NA	NA	NA	0	NA	NA	NA	0	NA	NA	NA	NA	0	1	0	-	NA	fixed	NA	none	0	False	containment 0.00 < 0.5; only 0/1 enzymes produced a fit; no PTR estimate	BcgI:only 0 windows after outlier trimming	no enzyme produced a usable estimate
CRR1310390	GCF_000413035.1	s__Treponema_medium	NA	NA	NA	0	NA	NA	NA	0	NA	NA	NA	NA	0	1	0	-	NA	fixed	NA	none	0	False	containment 0.00 < 0.5; only 0/1 enzymes produced a fit; no PTR estimate	BcgI:only 0 windows after outlier trimming	no enzyme produced a usable estimate
CRR1310390	GCF_000413055.1	s__Treponema_C_maltophilum	NA	NA	NA	0	NA	NA	NA	0	NA	NA	NA	NA	0	1	0	-	NA	fixed	NA	none	0	False	containment 0.00 < 0.5; only 0/1 enzymes produced a fit; no PTR estimate	BcgI:only 0 windows after outlier trimming	no enzyme produced a usable estimate
CRR1310390	GCF_000417695.2	s__Chlamydophila_ibidis	NA	NA	NA	0.00289017341	NA	NA	NA	0	NA	NA	NA	NA	0	1	0	-	NA	fixed	NA	none	0	False	containment 0.00 < 0.5; only 0/1 enzymes produced a fit; no PTR estimate	BcgI:only 1 windows after outlier trimming	no enzyme produced a usable estimate
CRR1310390	GCF_000425005.1	s__Bulleidia_moorei	NA	NA	NA	0.05672268908	NA	NA	NA	0	NA	NA	NA	NA	0	1	0	-	NA	fixed	NA	none	0	False	containment 0.06 < 0.5; only 0/1 enzymes produced a fit; no PTR estimate	BcgI:only 3 windows after outlier trimming	no enzyme produced a usable estimate
CRR1310390	GCF_000426585.1	s__Prevotella_baroniae	NA	NA	NA	0.0008837825895	NA	NA	NA	0	NA	NA	NA	NA	0	1	0	-	NA	fixed	NA	none	0	False	containment 0.00 < 0.5; only 0/1 enzymes produced a fit; no PTR estimate	BcgI:only 2 windows after outlier trimming	no enzyme produced a usable estimate
CRR1310390	GCF_000426665.1	s__Centipeda_artemidis	NA	NA	NA	0.001016949153	NA	NA	NA	0	NA	NA	NA	NA	0	1	0	-	NA	fixed	NA	none	0	False	containment 0.00 < 0.5; only 0/1 enzymes produced a fit; no PTR estimate	BcgI:only 2 windows after outlier trimming	no enzyme produced a usable estimate
CRR1310390	GCF_000428965.1	s__Leptotrichia_hofstadii	NA	NA	NA	0	NA	NA	NA	0	NA	NA	NA	NA	0	1	0	-	NA	fixed	NA	none	0	False	containment 0.00 < 0.5; only 0/1 enzymes produced a fit; no PTR estimate	BcgI:only 0 windows after outlier trimming	no enzyme produced a usable estimate
CRR1310390	GCF_000429225.1	s__Actinomyces_dentalis	NA	NA	NA	0.004648760331	NA	NA	NA	0	NA	NA	NA	NA	0	1	0	-	NA	fixed	NA	none	0	False	containment 0.00 < 0.5; only 0/1 enzymes produced a fit; no PTR estimate	BcgI:only 1 windows after outlier trimming	no enzyme produced a usable estimate
CRR1310390	GCF_000429245.1	s__Pauljensenia_georgiae	NA	NA	NA	0.001803968731	NA	NA	NA	0	NA	NA	NA	NA	0	1	0	-	NA	fixed	NA	none	0	False	containment 0.00 < 0.5; only 0/1 enzymes produced a fit; no PTR estimate	BcgI:only 0 windows after outlier trimming	no enzyme produced a usable estimate
CRR1310390	GCF_000429265.1	s__Actinomyces_gerencseriae	NA	NA	NA	0.001538461538	NA	NA	NA	0	NA	NA	NA	NA	0	1	0	-	NA	fixed	NA	none	0	False	containment 0.00 < 0.5; only 0/1 enzymes produced a fit; no PTR estimate	BcgI:only 0 windows after outlier trimming	no enzyme produced a usable estimate
CRR1310390	GCF_000430045.1	s__Calidithermus_chliarophilus	NA	NA	NA	0	NA	NA	NA	0	NA	NA	NA	NA	0	1	0	-	NA	fixed	NA	none	0	False	containment 0.00 < 0.5; only 0/1 enzymes produced a fit; no PTR estimate	BcgI:only 0 windows after outlier trimming	no enzyme produced a usable estimate
CRR1310390	GCF_000442155.1	s__Streptococcus_oralis_F	NA	NA	NA	0	NA	NA	NA	0	NA	NA	NA	NA	0	1	0	-	NA	fixed	NA	none	0	False	containment 0.00 < 0.5; only 0/1 enzymes produced a fit; no PTR estimate	BcgI:only 0 windows after outlier trimming	no enzyme produced a usable estimate
CRR1310390	GCF_000448565.1	s__Streptococcus_sp000448565	5.34304319	4.572947199	0.2157528958	0.2192513369	5.557343894	2.474395518	NA	187	0.992837521	0.3243942776	1.838594418	3.110196619	1	1	1	BcgI	NA	fixed	1843934.528	glm	7	False	fraction 0.22 < 0.75; containment 0.22 < 0.5	-	single enzyme: no cross-enzyme consistency check available
CRR1310390	GCF_000455385.1	s__Pseudomonas_F_alcaligenes_A	7.415901871	NA	0.02828130684	0.001449065353	2.057759112	1.041074105	NA	274	0.7512898251	1.102299309	-1.119392841	3.201541051	1	1	1	BcgI	NA	fixed	6074475.418	glm	6	False	fraction 0.03 < 0.75; containment 0.00 < 0.5	-	single enzyme: no cross-enzyme consistency check available
CRR1310390	GCF_000464455.1	s__Treponema_D_socranskii	NA	NA	NA	0.0003837298542	NA	NA	NA	0	NA	NA	NA	NA	0	1	0	-	NA	fixed	NA	none	0	False	containment 0.00 < 0.5; only 0/1 enzymes produced a fit; no PTR estimate	BcgI:only 0 windows after outlier trimming	no enzyme produced a usable estimate
CRR1310390	GCF_000464495.1	s__Cutibacterium_granulosum	NA	NA	NA	0	NA	NA	NA	0	NA	NA	NA	NA	0	1	0	-	NA	fixed	NA	none	0	False	containment 0.00 < 0.5; only 0/1 enzymes produced a fit; no PTR estimate	BcgI:only 0 windows after outlier trimming	no enzyme produced a usable estimate
CRR1310390	GCF_000466165.1	s__Peptidiphaga_sp000466165	NA	NA	NA	0.005691768827	NA	NA	NA	0	NA	NA	NA	NA	0	1	0	-	NA	fixed	NA	none	0	False	containment 0.01 < 0.5; only 0/1 enzymes produced a fit; no PTR estimate	BcgI:only 3 windows after outlier trimming	no enzyme produced a usable estimate
CRR1310390	GCF_000466335.1	s__Aggregatibacter_sp000466335	NA	NA	NA	0.001324503311	NA	NA	NA	0	NA	NA	NA	NA	0	1	0	-	NA	fixed	NA	none	0	False	containment 0.00 < 0.5; only 0/1 enzymes produced a fit; no PTR estimate	BcgI:only 1 windows after outlier trimming	no enzyme produced a usable estimate
CRR1310390	GCF_000466425.1	s__Capnocytophaga_sp000466425	NA	NA	NA	0	NA	NA	NA	0	NA	NA	NA	NA	0	1	0	-	NA	fixed	NA	none	0	False	containment 0.00 < 0.5; only 0/1 enzymes produced a fit; no PTR estimate	BcgI:only 0 windows after outlier trimming	no enzyme produced a usable estimate
CRR1310390	GCF_000466685.1	s__Campylobacter_A_concisus_A	NA	NA	NA	0	NA	NA	NA	0	NA	NA	NA	NA	0	1	0	-	NA	fixed	NA	none	0	False	containment 0.00 < 0.5; only 0/1 enzymes produced a fit; no PTR estimate	BcgI:only 0 windows after outlier trimming	no enzyme produced a usable estimate
CRR1310390	GCF_000467855.2	s__Porphyromonas_sp000467855	NA	NA	NA	0	NA	NA	NA	0	NA	NA	NA	NA	0	1	0	-	NA	fixed	NA	none	0	False	containment 0.00 < 0.5; only 0/1 enzymes produced a fit; no PTR estimate	BcgI:only 0 windows after outlier trimming	no enzyme produced a usable estimate
CRR1310390	GCF_000467875.1	s__Prevotella_disiens	NA	NA	NA	0.002737226277	NA	NA	NA	0	NA	NA	NA	NA	0	1	0	-	NA	fixed	NA	none	0	False	containment 0.00 < 0.5; only 0/1 enzymes produced a fit; no PTR estimate	BcgI:only 3 windows after outlier trimming	no enzyme produced a usable estimate
CRR1310390	GCF_000467895.1	s__Prevotella_sp000467895	NA	NA	NA	0	NA	NA	NA	0	NA	NA	NA	NA	0	1	0	-	NA	fixed	NA	none	0	False	containment 0.00 < 0.5; only 0/1 enzymes produced a fit; no PTR estimate	BcgI:only 0 windows after outlier trimming	no enzyme produced a usable estimate
CRR1310390	GCF_000468035.1	s__Centipeda_sp000468035	NA	NA	NA	0	NA	NA	NA	0	NA	NA	NA	NA	0	1	0	-	NA	fixed	NA	none	0	False	containment 0.00 < 0.5; only 0/1 enzymes produced a fit; no PTR estimate	BcgI:only 0 windows after outlier trimming	no enzyme produced a usable estimate
CRR1310390	GCF_000468055.1	s__Treponema_C_lecithinolyticum	NA	NA	NA	0	NA	NA	NA	0	NA	NA	NA	NA	0	1	0	-	NA	fixed	NA	none	0	False	containment 0.00 < 0.5; only 0/1 enzymes produced a fit; no PTR estimate	BcgI:only 0 windows after outlier trimming	no enzyme produced a usable estimate
CRR1310390	GCF_000468755.1	s__Olsenella_profusa	5.876259046	2.666666667	0.01779459601	0.003790087464	3.483387174	1.800490836	NA	836	0.8872474571	1.070173581	-0.2970108402	3.897992511	1	1	1	BcgI	NA	fixed	139105.9756	glm	9	False	fraction 0.02 < 0.75; containment 0.00 < 0.5	-	single enzyme: no cross-enzyme consistency check available
CRR1310390	GCF_000469385.1	s__Leptotrichia_sp000469385	NA	NA	NA	0	NA	NA	NA	0	NA	NA	NA	NA	0	1	0	-	NA	fixed	NA	none	0	False	containment 0.00 < 0.5; only 0/1 enzymes produced a fit; no PTR estimate	BcgI:only 0 windows after outlier trimming	no enzyme produced a usable estimate
CRR1310390	GCF_000469405.1	s__Leptotrichia_wadei	NA	NA	NA	0	NA	NA	NA	0	NA	NA	NA	NA	0	1	0	-	NA	fixed	NA	none	0	False	containment 0.00 < 0.5; only 0/1 enzymes produced a fit; no PTR estimate	BcgI:only 0 windows after outlier trimming	no enzyme produced a usable estimate
CRR1310390	GCF_000469505.1	s__Leptotrichia_A_sp000469505	NA	NA	NA	0	NA	NA	NA	0	NA	NA	NA	NA	0	1	0	-	NA	fixed	NA	none	0	False	containment 0.00 < 0.5; only 0/1 enzymes produced a fit; no PTR estimate	BcgI:only 0 windows after outlier trimming	no enzyme produced a usable estimate
CRR1310390	GCF_000469525.1	s__Leptotrichia_massiliensis	NA	NA	NA	0	NA	NA	NA	0	NA	NA	NA	NA	0	1	0	-	NA	fixed	NA	none	0	False	containment 0.00 < 0.5; only 0/1 enzymes produced a fit; no PTR estimate	BcgI:only 0 windows after outlier trimming	no enzyme produced a usable estimate
CRR1310390	GCF_000469545.1	s__Mitsuokella_sp000469545	NA	NA	NA	0	NA	NA	NA	0	NA	NA	NA	NA	0	1	0	-	NA	fixed	NA	none	0	False	containment 0.00 < 0.5; only 0/1 enzymes produced a fit; no PTR estimate	BcgI:only 0 windows after outlier trimming	no enzyme produced a usable estimate
CRR1310390	GCF_000477375.1	s__Kingella_kingae	NA	NA	NA	0	NA	NA	NA	0	NA	NA	NA	NA	0	1	0	-	NA	fixed	NA	none	0	False	containment 0.00 < 0.5; only 0/1 enzymes produced a fit; no PTR estimate	BcgI:only 0 windows after outlier trimming	no enzyme produced a usable estimate
CRR1310390	GCF_000479205.1	s__Fusobacterium_vincentii	NA	NA	NA	0	NA	NA	NA	0	NA	NA	NA	NA	0	1	0	-	NA	fixed	NA	none	0	False	containment 0.00 < 0.5; only 0/1 enzymes produced a fit; no PTR estimate	BcgI:only 0 windows after outlier trimming	no enzyme produced a usable estimate
CRR1310390	GCF_000482505.1	s__Leptotrichia_trevisanii	NA	NA	NA	0	NA	NA	NA	0	NA	NA	NA	NA	0	1	0	-	NA	fixed	NA	none	0	False	containment 0.00 < 0.5; only 0/1 enzymes produced a fit; no PTR estimate	BcgI:only 0 windows after outlier trimming	no enzyme produced a usable estimate
CRR1310390	GCF_000485555.1	s__Metamycoplasma_salivarium	NA	NA	NA	0.01408450704	NA	NA	NA	0	NA	NA	NA	NA	0	1	0	-	NA	fixed	NA	none	0	False	containment 0.01 < 0.5; only 0/1 enzymes produced a fit; no PTR estimate	BcgI:only 0 windows after outlier trimming	no enzyme produced a usable estimate
CRR1310390	GCF_000488855.1	s__Eubacterium_M_brachy	NA	NA	NA	0.002070393375	NA	NA	NA	0	NA	NA	NA	NA	0	1	0	-	NA	fixed	NA	none	0	False	containment 0.00 < 0.5; only 0/1 enzymes produced a fit; no PTR estimate	BcgI:only 0 windows after outlier trimming	no enzyme produced a usable estimate
CRR1310390	GCF_000496715.1	s__Cupriavidus_metallidurans	NA	NA	NA	0.001555209953	NA	NA	NA	0	NA	NA	NA	NA	0	1	0	-	NA	fixed	NA	none	0	False	containment 0.00 < 0.5; only 0/1 enzymes produced a fit; no PTR estimate	BcgI:only 3 windows after outlier trimming	no enzyme produced a usable estimate
CRR1310390	GCF_000510425.1	s__Eubacterium_A_nodatum	NA	NA	NA	0.007246376812	NA	NA	NA	0	NA	NA	NA	NA	0	1	0	-	NA	fixed	NA	none	0	False	containment 0.01 < 0.5; only 0/1 enzymes produced a fit; no PTR estimate	BcgI:only 0 windows after outlier trimming	no enzyme produced a usable estimate
CRR1310390	GCF_000512995.1	s__Lachnoanaerobaculum_sp000296385	NA	NA	NA	0.003344481605	NA	NA	NA	0	NA	NA	NA	NA	0	1	0	-	NA	fixed	NA	none	0	False	containment 0.00 < 0.5; only 0/1 enzymes produced a fit; no PTR estimate	BcgI:only 1 windows after outlier trimming	no enzyme produced a usable estimate
CRR1310390	GCF_000521305.1	s__Streptococcus_thermophilus	1.892871963	3.317688622	0.3433333333	0.3344827586	2.689844075	1.427522545	NA	290	0.9771484055	0.6985328402	0.05842333603	2.796621754	1	1	1	BcgI	NA	fixed	260251.8361	glm	12	False	fraction 0.34 < 0.75; containment 0.33 < 0.5	-	single enzyme: no cross-enzyme consistency check available
CRR1310390	GCF_000526055.1	s__Eubacterium_B_sulci	NA	NA	NA	0.03736654804	NA	NA	NA	0	NA	NA	NA	NA	0	1	0	-	NA	fixed	NA	none	0	False	containment 0.04 < 0.5; only 0/1 enzymes produced a fit; no PTR estimate	BcgI:only 2 windows after outlier trimming	no enzyme produced a usable estimate
CRR1310390	GCF_000526095.1	s__Streptococcus_halitosis	NA	NA	NA	0.01	NA	NA	NA	0	NA	NA	NA	NA	0	1	0	-	NA	fixed	NA	none	0	False	containment 0.01 < 0.5; only 0/1 enzymes produced a fit; no PTR estimate	BcgI:only 0 windows after outlier trimming	no enzyme produced a usable estimate
CRR1310390	GCF_000565035.1	s__Pauljensenia_sp001072465	NA	NA	NA	0.005443234837	NA	NA	NA	0	NA	NA	NA	NA	0	1	0	-	NA	fixed	NA	none	0	False	containment 0.01 < 0.5; only 0/1 enzymes produced a fit; no PTR estimate	BcgI:only 3 windows after outlier trimming	no enzyme produced a usable estimate
CRR1310390	GCF_000577555.1	s__Corynebacterium_jeddahense	NA	NA	NA	0.0003327787022	NA	NA	NA	0	NA	NA	NA	NA	0	1	0	-	NA	fixed	NA	none	0	False	containment 0.00 < 0.5; only 0/1 enzymes produced a fit; no PTR estimate	BcgI:only 1 windows after outlier trimming	no enzyme produced a usable estimate
CRR1310390	GCF_000599605.1	s__Prevotella_sp000599605	NA	NA	NA	0.002610966057	NA	NA	NA	0	NA	NA	NA	NA	0	1	0	-	NA	fixed	NA	none	0	False	containment 0.00 < 0.5; only 0/1 enzymes produced a fit; no PTR estimate	BcgI:only 4 windows after outlier trimming	no enzyme produced a usable estimate
CRR1310390	GCF_000607165.1	s__Ralstonia_pickettii_A	NA	NA	NA	0.0007062146893	NA	NA	NA	0	NA	NA	NA	NA	0	1	0	-	NA	fixed	NA	none	0	False	containment 0.00 < 0.5; only 0/1 enzymes produced a fit; no PTR estimate	BcgI:only 3 windows after outlier trimming	no enzyme produced a usable estimate
CRR1310390	GCF_000613445.1	s__Prevotella_shahii	NA	NA	NA	0	NA	NA	NA	0	NA	NA	NA	NA	0	1	0	-	NA	fixed	NA	none	0	False	containment 0.00 < 0.5; only 0/1 enzymes produced a fit; no PTR estimate	BcgI:only 0 windows after outlier trimming	no enzyme produced a usable estimate
CRR1310390	GCF_000613485.1	s__Prevotella_loescheii	NA	NA	NA	0	NA	NA	NA	0	NA	NA	NA	NA	0	1	0	-	NA	fixed	NA	none	0	False	containment 0.00 < 0.5; only 0/1 enzymes produced a fit; no PTR estimate	BcgI:only 0 windows after outlier trimming	no enzyme produced a usable estimate
CRR1310390	GCF_000613625.1	s__Prevotella_marshii	NA	NA	NA	0.00111049417	NA	NA	NA	0	NA	NA	NA	NA	0	1	0	-	NA	fixed	NA	none	0	False	containment 0.00 < 0.5; only 0/1 enzymes produced a fit; no PTR estimate	BcgI:only 2 windows after outlier trimming	no enzyme produced a usable estimate
CRR1310390	GCF_000613725.1	s__Prevotella_pleuritidis	NA	NA	NA	0.0006553079948	NA	NA	NA	0	NA	NA	NA	NA	0	1	0	-	NA	fixed	NA	none	0	False	containment 0.00 < 0.5; only 0/1 enzymes produced a fit; no PTR estimate	BcgI:only 1 windows after outlier trimming	no enzyme produced a usable estimate
CRR1310390	GCF_000613785.1	s__Prevotella_oulorum	NA	NA	NA	0.0005614823133	NA	NA	NA	0	NA	NA	NA	NA	0	1	0	-	NA	fixed	NA	none	0	False	containment 0.00 < 0.5; only 0/1 enzymes produced a fit; no PTR estimate	BcgI:only 0 windows after outlier trimming	no enzyme produced a usable estimate
CRR1310390	GCF_000613925.1	s__Prevotella_histicola	NA	NA	NA	0.01282051282	NA	NA	NA	0	NA	NA	NA	NA	0	1	0	-	NA	fixed	NA	none	0	False	containment 0.01 < 0.5; only 0/1 enzymes produced a fit; no PTR estimate	BcgI:only 1 windows after outlier trimming	no enzyme produced a usable estimate
CRR1310390	GCF_000613945.1	s__Prevotella_falsenii	NA	NA	NA	0	NA	NA	NA	0	NA	NA	NA	NA	0	1	0	-	NA	fixed	NA	none	0	False	containment 0.00 < 0.5; only 0/1 enzymes produced a fit; no PTR estimate	BcgI:only 0 windows after outlier trimming	no enzyme produced a usable estimate
CRR1310390	GCF_000613965.1	s__Prevotella_maculosa	NA	NA	NA	0.0008547008547	NA	NA	NA	0	NA	NA	NA	NA	0	1	0	-	NA	fixed	NA	none	0	False	containment 0.00 < 0.5; only 0/1 enzymes produced a fit; no PTR estimate	BcgI:only 2 windows after outlier trimming	no enzyme produced a usable estimate
CRR1310390	GCF_000613985.1	s__Prevotella_nanceiensis	NA	NA	NA	0	NA	NA	NA	0	NA	NA	NA	NA	0	1	0	-	NA	fixed	NA	none	0	False	containment 0.00 < 0.5; only 0/1 enzymes produced a fit; no PTR estimate	BcgI:only 0 windows after outlier trimming	no enzyme produced a usable estimate
CRR1310390	GCF_000614025.1	s__Prevotella_aurantiaca	NA	NA	NA	0	NA	NA	NA	0	NA	NA	NA	NA	0	1	0	-	NA	fixed	NA	none	0	False	containment 0.00 < 0.5; only 0/1 enzymes produced a fit; no PTR estimate	BcgI:only 0 windows after outlier trimming	no enzyme produced a usable estimate
CRR1310390	GCF_000614205.1	s__Prevotella_saccharolytica	NA	NA	NA	0	NA	NA	NA	0	NA	NA	NA	NA	0	1	0	-	NA	fixed	NA	none	0	False	containment 0.00 < 0.5; only 0/1 enzymes produced a fit; no PTR estimate	BcgI:only 0 windows after outlier trimming	no enzyme produced a usable estimate
CRR1310390	GCF_000614245.1	s__Prevotella_fusca	NA	NA	NA	0	NA	NA	NA	0	NA	NA	NA	NA	0	1	0	-	NA	fixed	NA	none	0	False	containment 0.00 < 0.5; only 0/1 enzymes produced a fit; no PTR estimate	BcgI:only 0 windows after outlier trimming	no enzyme produced a usable estimate
CRR1310390	GCF_000620465.1	s__Ralstonia_sp000620465	NA	NA	NA	0.001856579253	NA	NA	NA	0	NA	NA	NA	NA	0	1	0	-	NA	fixed	NA	none	0	False	containment 0.00 < 0.5; only 0/1 enzymes produced a fit; no PTR estimate	BcgI:only 1 windows after outlier trimming	no enzyme produced a usable estimate
CRR1310390	GCF_000633415.1	s__Leucobacter_sp000633415	NA	NA	NA	0.0002086811352	NA	NA	NA	0	NA	NA	NA	NA	0	1	0	-	NA	fixed	NA	none	0	False	containment 0.00 < 0.5; only 0/1 enzymes produced a fit; no PTR estimate	BcgI:only 0 windows after outlier trimming	no enzyme produced a usable estimate
CRR1310390	GCF_000699745.1	s__Parabacteroides_distasonis	46.61113828	38.64482391	0.5581422656	0.5463291139	1.162302429	0.2169855045	NA	1856	0.9996088282	0.5454646938	-0.8521056502	1.286076659	1	1	1	BcgI	NA	fixed	2940657.292	glm	72	False	fraction 0.56 < 0.75; dispersion 38.64 > 5.0	-	single enzyme: no cross-enzyme consistency check available
CRR1310390	GCF_000711965.1	s__Actinomyces_israelii	NA	NA	NA	0.000565131393	NA	NA	NA	0	NA	NA	NA	NA	0	1	0	-	NA	fixed	NA	none	0	False	containment 0.00 < 0.5; only 0/1 enzymes produced a fit; no PTR estimate	BcgI:only 0 windows after outlier trimming	no enzyme produced a usable estimate
CRR1310390	GCF_000722685.1	s__Streptococcus_mitis_M	NA	NA	NA	0.01098901099	NA	NA	NA	0	NA	NA	NA	NA	0	1	0	-	NA	fixed	NA	none	0	False	containment 0.01 < 0.5; only 0/1 enzymes produced a fit; no PTR estimate	BcgI:only 0 windows after outlier trimming	no enzyme produced a usable estimate
CRR1310390	GCF_000722705.1	s__Streptococcus_mitis_P	NA	NA	NA	0	NA	NA	NA	0	NA	NA	NA	NA	0	1	0	-	NA	fixed	NA	none	0	False	containment 0.00 < 0.5; only 0/1 enzymes produced a fit; no PTR estimate	BcgI:only 0 windows after outlier trimming	no enzyme produced a usable estimate
CRR1310390	GCF_000722755.1	s__Streptococcus_mitis_BE	NA	NA	NA	0	NA	NA	NA	0	NA	NA	NA	NA	0	1	0	-	NA	fixed	NA	none	0	False	containment 0.00 < 0.5; only 0/1 enzymes produced a fit; no PTR estimate	BcgI:only 0 windows after outlier trimming	no enzyme produced a usable estimate
CRR1310390	GCF_000722775.1	s__Streptococcus_mitis_AV	NA	NA	NA	0	NA	NA	NA	0	NA	NA	NA	NA	0	1	0	-	NA	fixed	NA	none	0	False	containment 0.00 < 0.5; only 0/1 enzymes produced a fit; no PTR estimate	BcgI:only 0 windows after outlier trimming	no enzyme produced a usable estimate
CRR1310390	GCF_000722815.1	s__Streptococcus_chosunense	NA	NA	NA	0.03529411765	NA	NA	NA	0	NA	NA	NA	NA	0	1	0	-	NA	fixed	NA	none	0	False	containment 0.04 < 0.5; only 0/1 enzymes produced a fit; no PTR estimate	BcgI:only 1 windows after outlier trimming	no enzyme produced a usable estimate
CRR1310390	GCF_000722835.1	s__Streptococcus_mitis	NA	NA	NA	0	NA	NA	NA	0	NA	NA	NA	NA	0	1	0	-	NA	fixed	NA	none	0	False	containment 0.00 < 0.5; only 0/1 enzymes produced a fit; no PTR estimate	BcgI:only 0 windows after outlier trimming	no enzyme produced a usable estimate
CRR1310390	GCF_000722845.1	s__Streptococcus_oralis_BC	NA	NA	NA	0.01333333333	NA	NA	NA	0	NA	NA	NA	NA	0	1	0	-	NA	fixed	NA	none	0	False	containment 0.01 < 0.5; only 0/1 enzymes produced a fit; no PTR estimate	BcgI:only 1 windows after outlier trimming	no enzyme produced a usable estimate
CRR1310390	GCF_000740795.1	s__Haematobacter_massiliensis	NA	NA	NA	0	NA	NA	NA	0	NA	NA	NA	NA	0	1	0	-	NA	fixed	NA	none	0	False	containment 0.00 < 0.5; only 0/1 enzymes produced a fit; no PTR estimate	BcgI:only 0 windows after outlier trimming	no enzyme produced a usable estimate
CRR1310390	GCF_000745955.1	s__Alysiella_crassa	NA	NA	NA	0	NA	NA	NA	0	NA	NA	NA	NA	0	1	0	-	NA	fixed	NA	none	0	False	containment 0.00 < 0.5; only 0/1 enzymes produced a fit; no PTR estimate	BcgI:only 0 windows after outlier trimming	no enzyme produced a usable estimate
CRR1310390	GCF_000751855.1	s__Kingella_negevensis	NA	NA	NA	0	NA	NA	NA	0	NA	NA	NA	NA	0	1	0	-	NA	fixed	NA	none	0	False	containment 0.00 < 0.5; only 0/1 enzymes produced a fit; no PTR estimate	BcgI:only 0 windows after outlier trimming	no enzyme produced a usable estimate
CRR1310390	GCF_000758755.1	s__Pauljensenia_sp000758755	1.120860496	0.4458333333	0.04923180363	0.01842948718	2.41675849	1.27307331	NA	256	0.664212077	1.030880709	-0.7474157513	3.293562371	1	1	1	BcgI	NA	fixed	447112.1778	glm	6	False	fraction 0.05 < 0.75; containment 0.02 < 0.5	-	single enzyme: no cross-enzyme consistency check available
CRR1310390	GCF_000758925.1	s__Prevotella_sp000758925	NA	NA	NA	0.006198347107	NA	NA	NA	0	NA	NA	NA	NA	0	1	0	-	NA	fixed	NA	none	0	False	containment 0.01 < 0.5; only 0/1 enzymes produced a fit; no PTR estimate	BcgI:only 3 windows after outlier trimming	no enzyme produced a usable estimate
CRR1310390	GCF_000758945.1	s__Lancefieldella_sp000564995	1.477323601	0.5277777778	0.09711106651	0.0453125	2.591052258	1.373538113	NA	176	0.7060234793	0.8752897692	-0.3419983107	3.089074537	1	1	1	BcgI	NA	fixed	1440964.858	glm	8	False	fraction 0.10 < 0.75; containment 0.05 < 0.5	-	single enzyme: no cross-enzyme consistency check available
CRR1310390	GCF_000759045.1	s__Prevotella_bivia	14.28796656	7.555577454	0.7895833114	0.7231759657	4.356604728	2.123204224	NA	863	0.9997904317	0.5336212599	1.077325774	3.169082675	1	1	1	BcgI	NA	fixed	691683.6333	glm	66	False	dispersion 7.56 > 5.0	-	single enzyme: no cross-enzyme consistency check available
CRR1310390	GCF_000759305.1	s__Prevotella_melaninogenica	NA	NA	NA	0	NA	NA	NA	0	NA	NA	NA	NA	0	1	0	-	NA	fixed	NA	none	0	False	containment 0.00 < 0.5; only 0/1 enzymes produced a fit; no PTR estimate	BcgI:only 0 windows after outlier trimming	no enzyme produced a usable estimate
CRR1310390	GCF_000759315.1	s__Prevotella_amnii	NA	NA	NA	0.01094890511	NA	NA	NA	0	NA	NA	NA	NA	0	1	0	-	NA	fixed	NA	none	0	False	containment 0.01 < 0.5; only 0/1 enzymes produced a fit; no PTR estimate	BcgI:only 3 windows after outlier trimming	no enzyme produced a usable estimate
CRR1310390	GCF_000762865.1	s__Prevotella_sp001553265	NA	NA	NA	0.00515084621	NA	NA	NA	0	NA	NA	NA	NA	0	1	0	-	NA	fixed	NA	none	0	False	containment 0.01 < 0.5; only 0/1 enzymes produced a fit; no PTR estimate	BcgI:only 2 windows after outlier trimming	no enzyme produced a usable estimate
CRR1310390	GCF_000763805.1	s__Paracoccus_sphaerophysae	NA	NA	NA	0	NA	NA	NA	0	NA	NA	NA	NA	0	1	0	-	NA	fixed	NA	none	0	False	containment 0.00 < 0.5; only 0/1 enzymes produced a fit; no PTR estimate	BcgI:only 0 windows after outlier trimming	no enzyme produced a usable estimate
CRR1310390	GCF_000768875.1	s__Porphyromonas_sp000768875	NA	NA	NA	0.0004570383912	NA	NA	NA	0	NA	NA	NA	NA	0	1	0	-	NA	fixed	NA	none	0	False	containment 0.00 < 0.5; only 0/1 enzymes produced a fit; no PTR estimate	BcgI:only 0 windows after outlier trimming	no enzyme produced a usable estimate
CRR1310390	GCF_000768935.1	s__Porphyromonas_sp000769075	NA	NA	NA	0	NA	NA	NA	0	NA	NA	NA	NA	0	1	0	-	NA	fixed	NA	none	0	False	containment 0.00 < 0.5; only 0/1 enzymes produced a fit; no PTR estimate	BcgI:only 0 windows after outlier trimming	no enzyme produced a usable estimate
CRR1310390	GCF_000769015.1	s__Porphyromonas_gulae	NA	NA	NA	0	NA	NA	NA	0	NA	NA	NA	NA	0	1	0	-	NA	fixed	NA	none	0	False	containment 0.00 < 0.5; only 0/1 enzymes produced a fit; no PTR estimate	BcgI:only 0 windows after outlier trimming	no enzyme produced a usable estimate
CRR1310390	GCF_000771955.1	s__Gallibacterium_anatis	NA	NA	NA	0	NA	NA	NA	0	NA	NA	NA	NA	0	1	0	-	NA	fixed	NA	none	0	False	containment 0.00 < 0.5; only 0/1 enzymes produced a fit; no PTR estimate	BcgI:only 0 windows after outlier trimming	no enzyme produced a usable estimate
CRR1310390	GCF_000775995.1	s__Treponema_sp000775995	NA	NA	NA	0	NA	NA	NA	0	NA	NA	NA	NA	0	1	0	-	NA	fixed	NA	none	0	False	containment 0.00 < 0.5; only 0/1 enzymes produced a fit; no PTR estimate	BcgI:only 0 windows after outlier trimming	no enzyme produced a usable estimate
CRR1310390	GCF_000790885.1	s__Pseudomonas_aeruginosa	4.005279293	0.3333333333	0.01238576996	0.001902253439	4.257251061	2.089922172	NA	500	0.7779179155	1.562981978	-0.9734662125	5.153310557	1	1	1	BcgI	NA	fixed	2927290.584	glm	5	False	fraction 0.01 < 0.75; containment 0.00 < 0.5	-	single enzyme: no cross-enzyme consistency check available
CRR1310390	GCF_000799055.1	s__Ensifer_sp000799055	NA	NA	NA	9.048954846e-05	NA	NA	NA	0	NA	NA	NA	NA	0	1	0	-	NA	fixed	NA	none	0	False	containment 0.00 < 0.5; only 0/1 enzymes produced a fit; no PTR estimate	BcgI:only 1 windows after outlier trimming	no enzyme produced a usable estimate
CRR1310390	GCF_000801955.1	s__Ralstonia_sp000801955	NA	NA	NA	0.0001313542624	NA	NA	NA	0	NA	NA	NA	NA	0	1	0	-	NA	fixed	NA	none	0	False	containment 0.00 < 0.5; only 0/1 enzymes produced a fit; no PTR estimate	BcgI:only 0 windows after outlier trimming	no enzyme produced a usable estimate
CRR1310390	GCF_000803625.1	s__TM7x_sp000803625	NA	NA	NA	0	NA	NA	NA	0	NA	NA	NA	NA	0	1	0	-	NA	fixed	NA	none	0	False	containment 0.00 < 0.5; only 0/1 enzymes produced a fit; no PTR estimate	BcgI:only 0 windows after outlier trimming	no enzyme produced a usable estimate
CRR1310390	GCF_000813705.1	s__Neisseria_cerebrosa	NA	NA	NA	0	NA	NA	NA	0	NA	NA	NA	NA	0	1	0	-	NA	fixed	NA	none	0	False	containment 0.00 < 0.5; only 0/1 enzymes produced a fit; no PTR estimate	BcgI:only 0 windows after outlier trimming	no enzyme produced a usable estimate
CRR1310390	GCF_000814825.1	s__DNF00809_sp000814825	NA	NA	NA	0.003640776699	NA	NA	NA	0	NA	NA	NA	NA	0	1	0	-	NA	fixed	NA	none	0	False	containment 0.00 < 0.5; only 0/1 enzymes produced a fit; no PTR estimate	BcgI:only 4 windows after outlier trimming	no enzyme produced a usable estimate
CRR1310390	GCF_000818035.1	s__Neisseria_elongata	NA	NA	NA	0	NA	NA	NA	0	NA	NA	NA	NA	0	1	0	-	NA	fixed	NA	none	0	False	containment 0.00 < 0.5; only 0/1 enzymes produced a fit; no PTR estimate	BcgI:only 0 windows after outlier trimming	no enzyme produced a usable estimate
CRR1310390	GCF_000820725.1	s__Pauljensenia_polynesiensis	NA	NA	NA	0	NA	NA	NA	0	NA	NA	NA	NA	0	1	0	-	NA	fixed	NA	none	0	False	containment 0.00 < 0.5; only 0/1 enzymes produced a fit; no PTR estimate	BcgI:only 0 windows after outlier trimming	no enzyme produced a usable estimate
CRR1310390	GCF_000827595.2	s__Necropsobacter_massiliensis	NA	NA	NA	0.0005851375073	NA	NA	NA	0	NA	NA	NA	NA	0	1	0	-	NA	fixed	NA	none	0	False	containment 0.00 < 0.5; only 0/1 enzymes produced a fit; no PTR estimate	BcgI:only 1 windows after outlier trimming	no enzyme produced a usable estimate
CRR1310390	GCF_000935585.1	s__Acidovorax_temperans	NA	NA	NA	0	NA	NA	NA	0	NA	NA	NA	NA	0	1	0	-	NA	fixed	NA	none	0	False	containment 0.00 < 0.5; only 0/1 enzymes produced a fit; no PTR estimate	BcgI:only 0 windows after outlier trimming	no enzyme produced a usable estimate
CRR1310390	GCF_000952155.1	s__Aliterella_atlantica	NA	NA	NA	0	NA	NA	NA	0	NA	NA	NA	NA	0	1	0	-	NA	fixed	NA	none	0	False	containment 0.00 < 0.5; only 0/1 enzymes produced a fit; no PTR estimate	BcgI:only 0 windows after outlier trimming	no enzyme produced a usable estimate
CRR1310390	GCF_000954135.1	s__Ralstonia_mannitolilytica	NA	NA	NA	0.000339731612	NA	NA	NA	0	NA	NA	NA	NA	0	1	0	-	NA	fixed	NA	none	0	False	containment 0.00 < 0.5; only 0/1 enzymes produced a fit; no PTR estimate	BcgI:only 1 windows after outlier trimming	no enzyme produced a usable estimate
CRR1310390	GCF_000959945.1	s__Streptococcus_oralis_B	NA	NA	NA	0	NA	NA	NA	0	NA	NA	NA	NA	0	1	0	-	NA	fixed	NA	none	0	False	containment 0.00 < 0.5; only 0/1 enzymes produced a fit; no PTR estimate	BcgI:only 0 windows after outlier trimming	no enzyme produced a usable estimate
CRR1310390	GCF_000960085.1	s__Streptococcus_infantis_C	NA	NA	NA	0.007352941176	NA	NA	NA	0	NA	NA	NA	NA	0	1	0	-	NA	fixed	NA	none	0	False	containment 0.01 < 0.5; only 0/1 enzymes produced a fit; no PTR estimate	BcgI:only 0 windows after outlier trimming	no enzyme produced a usable estimate
CRR1310390	GCF_000963255.1	s__Streptococcus_infantis_F	NA	NA	NA	0	NA	NA	NA	0	NA	NA	NA	NA	0	1	0	-	NA	fixed	NA	none	0	False	containment 0.00 < 0.5; only 0/1 enzymes produced a fit; no PTR estimate	BcgI:only 0 windows after outlier trimming	no enzyme produced a usable estimate
CRR1310390	GCF_000963285.1	s__Streptococcus_parasanguinis	5.640795317	3.441606763	0.4313042513	0.4037037037	3.158270246	1.659134625	NA	270	0.9938828124	0.6058779026	0.4716357567	2.846633493	1	1	1	BcgI	NA	fixed	1546416.361	glm	19	False	fraction 0.43 < 0.75; containment 0.40 < 0.5	-	single enzyme: no cross-enzyme consistency check available
CRR1310390	GCF_000967735.1	s__Paracoccus_marcusii	NA	NA	NA	0	NA	NA	NA	0	NA	NA	NA	NA	0	1	0	-	NA	fixed	NA	none	0	False	containment 0.00 < 0.5; only 0/1 enzymes produced a fit; no PTR estimate	BcgI:only 0 windows after outlier trimming	no enzyme produced a usable estimate
CRR1310390	GCF_000971865.1	s__Corynebacterium_argentoratense	NA	NA	NA	0	NA	NA	NA	0	NA	NA	NA	NA	0	1	0	-	NA	fixed	NA	none	0	False	containment 0.00 < 0.5; only 0/1 enzymes produced a fit; no PTR estimate	BcgI:only 0 windows after outlier trimming	no enzyme produced a usable estimate
CRR1310390	GCF_000974605.1	s__Cupriavidus_pauculus	0.9340600825	0.3389607717	0.1016400556	0.04341957255	2.065809005	1.046706876	NA	3814	0.9737668705	0.3091021286	0.440877836	1.652535915	1	1	1	BcgI	NA	fixed	4199370.026	glm	54	False	coverage 0.93 < 1.0; fraction 0.10 < 0.75; containment 0.04 < 0.5	-	single enzyme: no cross-enzyme consistency check available
CRR1310390	GCF_000986865.1	s__Pararheinheimera_mesophila	NA	NA	NA	0	NA	NA	NA	0	NA	NA	NA	NA	0	1	0	-	NA	fixed	NA	none	0	False	containment 0.00 < 0.5; only 0/1 enzymes produced a fit; no PTR estimate	BcgI:only 0 windows after outlier trimming	no enzyme produced a usable estimate
CRR1310390	GCF_001014975.1	s__Novosphingobium_sp002336885	NA	NA	NA	0	NA	NA	NA	0	NA	NA	NA	NA	0	1	0	-	NA	fixed	NA	none	0	False	containment 0.00 < 0.5; only 0/1 enzymes produced a fit; no PTR estimate	BcgI:only 0 windows after outlier trimming	no enzyme produced a usable estimate
CRR1310390	GCF_001042695.1	s__Scardovia_inopinata	NA	NA	NA	0	NA	NA	NA	0	NA	NA	NA	NA	0	1	0	-	NA	fixed	NA	none	0	False	containment 0.00 < 0.5; only 0/1 enzymes produced a fit; no PTR estimate	BcgI:only 0 windows after outlier trimming	no enzyme produced a usable estimate
CRR1310390	GCF_001053035.1	s__Haemophilus_D_parainfluenzae_J	12.77693854	NA	0.1672222222	0.02005730659	2.93536917	1.553541957	NA	36	0.8802000189	1.638116356	-1.657107103	4.764191017	1	1	1	BcgI	NA	fixed	216256.2586	glm	5	False	fraction 0.17 < 0.75; containment 0.02 < 0.5	-	single enzyme: no cross-enzyme consistency check available
CRR1310390	GCF_001058575.1	s__Haemophilus_D_parainfluenzae_N	14.49292974	11.76802885	0.1271447507	0.08936170213	3.961492952	1.986044235	NA	153	0.9793732268	0.8588586022	0.3027123072	3.669376163	1	1	1	BcgI	NA	fixed	107566.7222	glm	9	False	fraction 0.13 < 0.75; dispersion 11.77 > 5.0; containment 0.09 < 0.5	-	single enzyme: no cross-enzyme consistency check available
CRR1310390	GCF_001059215.1	s__Alloscardovia_omnicolens	NA	NA	NA	0	NA	NA	NA	0	NA	NA	NA	NA	0	1	0	-	NA	fixed	NA	none	0	False	containment 0.00 < 0.5; only 0/1 enzymes produced a fit; no PTR estimate	BcgI:only 0 windows after outlier trimming	no enzyme produced a usable estimate
CRR1310390	GCF_001059235.1	s__Pauljensenia_sp000411415	NA	NA	NA	0.008182349503	NA	NA	NA	0	NA	NA	NA	NA	0	1	0	-	NA	fixed	NA	none	0	False	containment 0.01 < 0.5; only 0/1 enzymes produced a fit; no PTR estimate	BcgI:only 2 windows after outlier trimming	no enzyme produced a usable estimate
CRR1310390	GCF_001059565.1	s__Corynebacterium_aurimucosum_E	NA	NA	NA	0	NA	NA	NA	0	NA	NA	NA	NA	0	1	0	-	NA	fixed	NA	none	0	False	containment 0.00 < 0.5; only 0/1 enzymes produced a fit; no PTR estimate	BcgI:only 0 windows after outlier trimming	no enzyme produced a usable estimate
CRR1310390	GCF_001061215.1	s__Neisseria_sp000186165	NA	NA	NA	0	NA	NA	NA	0	NA	NA	NA	NA	0	1	0	-	NA	fixed	NA	none	0	False	containment 0.00 < 0.5; only 0/1 enzymes produced a fit; no PTR estimate	BcgI:only 0 windows after outlier trimming	no enzyme produced a usable estimate
CRR1310390	GCF_001062425.1	s__Rothia_dentocariosa	NA	NA	NA	0.0118510158	NA	NA	NA	0	NA	NA	NA	NA	0	1	0	-	NA	fixed	NA	none	0	False	containment 0.01 < 0.5; only 0/1 enzymes produced a fit; no PTR estimate	BcgI:only 2 windows after outlier trimming	no enzyme produced a usable estimate
CRR1310390	GCF_001063545.1	s__Rothia_sp001808955	1.79892539	0.8055555556	0.05824162382	0.02868852459	2.088309019	1.062335212	NA	281	0.7019484409	0.7885381444	-0.483171152	2.607841575	1	1	1	BcgI	NA	fixed	1929611.384	glm	9	False	fraction 0.06 < 0.75; containment 0.03 < 0.5	-	single enzyme: no cross-enzyme consistency check available
CRR1310390	GCF_001063785.1	s__Cardiobacterium_hominis	NA	NA	NA	0.001085383502	NA	NA	NA	0	NA	NA	NA	NA	0	1	0	-	NA	fixed	NA	none	0	False	containment 0.00 < 0.5; only 0/1 enzymes produced a fit; no PTR estimate	BcgI:only 1 windows after outlier trimming	no enzyme produced a usable estimate
CRR1310390	GCF_001064145.1	s__Pauljensenia_sp001064145	NA	NA	NA	0.009870450339	NA	NA	NA	0	NA	NA	NA	NA	0	1	0	-	NA	fixed	NA	none	0	False	containment 0.01 < 0.5; only 0/1 enzymes produced a fit; no PTR estimate	BcgI:only 2 windows after outlier trimming	no enzyme produced a usable estimate
CRR1310390	GCF_001064185.1	s__Pauljensenia_sp000185285	NA	NA	NA	0.004928131417	NA	NA	NA	0	NA	NA	NA	NA	0	1	0	-	NA	fixed	NA	none	0	False	containment 0.00 < 0.5; only 0/1 enzymes produced a fit; no PTR estimate	BcgI:only 1 windows after outlier trimming	no enzyme produced a usable estimate
CRR1310390	GCF_001065135.1	s__Rothia_mucilaginosa_A	1.407570793	0.6857566906	0.1530280167	0.1422505308	1.590181778	0.669191693	NA	1307	0.8471370203	0.5617959772	-0.431908189	1.770291575	1	1	1	BcgI	NA	fixed	444227.1983	glm	30	False	fraction 0.15 < 0.75; containment 0.14 < 0.5	-	single enzyme: no cross-enzyme consistency check available
CRR1310390	GCF_001066565.1	s__Lacticaseibacillus_paracasei	NA	NA	NA	0.0065828845	NA	NA	NA	0	NA	NA	NA	NA	0	1	0	-	NA	fixed	NA	none	0	False	containment 0.01 < 0.5; only 0/1 enzymes produced a fit; no PTR estimate	BcgI:only 0 windows after outlier trimming	no enzyme produced a usable estimate
CRR1310390	GCF_001067635.1	s__Neisseria_bacilliformis	NA	NA	NA	0	NA	NA	NA	0	NA	NA	NA	NA	0	1	0	-	NA	fixed	NA	none	0	False	containment 0.00 < 0.5; only 0/1 enzymes produced a fit; no PTR estimate	BcgI:only 0 windows after outlier trimming	no enzyme produced a usable estimate
CRR1310390	GCF_001068775.1	s__Streptococcus_pseudopneumoniae_N	NA	NA	NA	0.03418803419	NA	NA	NA	0	NA	NA	NA	NA	0	1	0	-	NA	fixed	NA	none	0	False	containment 0.03 < 0.5; only 0/1 enzymes produced a fit; no PTR estimate	BcgI:only 1 windows after outlier trimming	no enzyme produced a usable estimate
CRR1310390	GCF_001069025.1	s__Streptococcus_vestibularis	3.892633214	3.527601598	0.6030537783	0.506993007	1.311001424	0.3906692526	NA	258	0.6699301857	0.8852788227	-1.344445356	2.125783861	1	1	1	BcgI	NA	fixed	970133.5	glm	41	False	fraction 0.60 < 0.75	-	single enzyme: no cross-enzyme consistency check available
CRR1310390	GCF_001069775.1	s__Streptococcus_cristatus	NA	NA	NA	0.0141509434	NA	NA	NA	0	NA	NA	NA	NA	0	1	0	-	NA	fixed	NA	none	0	False	containment 0.01 < 0.5; only 0/1 enzymes produced a fit; no PTR estimate	BcgI:only 1 windows after outlier trimming	no enzyme produced a usable estimate
CRR1310390	GCF_001070115.1	s__Streptococcus_anginosus	NA	NA	NA	0.006535947712	NA	NA	NA	0	NA	NA	NA	NA	0	1	0	-	NA	fixed	NA	none	0	False	containment 0.01 < 0.5; only 0/1 enzymes produced a fit; no PTR estimate	BcgI:only 0 windows after outlier trimming	no enzyme produced a usable estimate
CRR1310390	GCF_001070405.1	s__Streptococcus_pseudopneumoniae_O	NA	NA	NA	0	NA	NA	NA	0	NA	NA	NA	NA	0	1	0	-	NA	fixed	NA	none	0	False	containment 0.00 < 0.5; only 0/1 enzymes produced a fit; no PTR estimate	BcgI:only 0 windows after outlier trimming	no enzyme produced a usable estimate
CRR1310390	GCF_001070715.1	s__Streptococcus_pseudopneumoniae_H	NA	NA	NA	0.01123595506	NA	NA	NA	0	NA	NA	NA	NA	0	1	0	-	NA	fixed	NA	none	0	False	containment 0.01 < 0.5; only 0/1 enzymes produced a fit; no PTR estimate	BcgI:only 1 windows after outlier trimming	no enzyme produced a usable estimate
CRR1310390	GCF_001070815.1	s__Streptococcus_pseudopneumoniae_P	NA	NA	NA	0	NA	NA	NA	0	NA	NA	NA	NA	0	1	0	-	NA	fixed	NA	none	0	False	containment 0.00 < 0.5; only 0/1 enzymes produced a fit; no PTR estimate	BcgI:only 0 windows after outlier trimming	no enzyme produced a usable estimate
CRR1310390	GCF_001070855.1	s__Pauljensenia_pyogenes_A	NA	NA	NA	0.01138353765	NA	NA	NA	0	NA	NA	NA	NA	0	1	0	-	NA	fixed	NA	none	0	False	containment 0.01 < 0.5; only 0/1 enzymes produced a fit; no PTR estimate	BcgI:only 2 windows after outlier trimming	no enzyme produced a usable estimate
CRR1310390	GCF_001071995.1	s__Granulicatella_sp001071995	NA	NA	NA	0.06575342466	NA	NA	NA	0	NA	NA	NA	NA	0	1	0	-	NA	fixed	NA	none	0	False	containment 0.07 < 0.5; only 0/1 enzymes produced a fit; no PTR estimate	BcgI:only 2 windows after outlier trimming	no enzyme produced a usable estimate
CRR1310390	GCF_001072375.1	s__Streptococcus_pseudopneumoniae_L	NA	NA	NA	0.009708737864	NA	NA	NA	0	NA	NA	NA	NA	0	1	0	-	NA	fixed	NA	none	0	False	containment 0.01 < 0.5; only 0/1 enzymes produced a fit; no PTR estimate	BcgI:only 1 windows after outlier trimming	no enzyme produced a usable estimate
CRR1310390	GCF_001072385.1	s__Streptococcus_sp004166885	NA	NA	NA	0.0303030303	NA	NA	NA	0	NA	NA	NA	NA	0	1	0	-	NA	fixed	NA	none	0	False	containment 0.03 < 0.5; only 0/1 enzymes produced a fit; no PTR estimate	BcgI:only 2 windows after outlier trimming	no enzyme produced a usable estimate
CRR1310390	GCF_001073155.1	s__Streptococcus_parasanguinis_D	4.350036185	4.163003663	0.3945578231	0.1575757576	3.912692016	1.968161554	NA	87	0.9245602823	1.512303661	-0.9958991551	4.932222263	1	1	1	BcgI	NA	fixed	902261.4378	glm	14	False	fraction 0.39 < 0.75; containment 0.16 < 0.5	-	single enzyme: no cross-enzyme consistency check available
CRR1310390	GCF_001073445.1	s__Granulicatella_adiacens	1.264369499	0.25	0.0649078678	0.04390243902	1.756953929	0.8130763612	NA	155	0.6580689625	0.734486888	-0.6264914863	2.252644209	1	1	1	BcgI	NA	fixed	11981.31972	glm	6	False	fraction 0.06 < 0.75; containment 0.04 < 0.5	-	single enzyme: no cross-enzyme consistency check available
CRR1310390	GCF_001074155.1	s__Streptococcus_pseudopneumoniae_A	NA	NA	NA	0.01020408163	NA	NA	NA	0	NA	NA	NA	NA	0	1	0	-	NA	fixed	NA	none	0	False	containment 0.01 < 0.5; only 0/1 enzymes produced a fit; no PTR estimate	BcgI:only 0 windows after outlier trimming	no enzyme produced a usable estimate
CRR1310390	GCF_001074505.1	s__Staphylococcus_epidermidis	NA	NA	NA	0.002824858757	NA	NA	NA	0	NA	NA	NA	NA	0	1	0	-	NA	fixed	NA	none	0	False	containment 0.00 < 0.5; only 0/1 enzymes produced a fit; no PTR estimate	BcgI:only 0 windows after outlier trimming	no enzyme produced a usable estimate
CRR1310390	GCF_001074565.1	s__Streptococcus_pseudopneumoniae_J	NA	NA	NA	0	NA	NA	NA	0	NA	NA	NA	NA	0	1	0	-	NA	fixed	NA	none	0	False	containment 0.00 < 0.5; only 0/1 enzymes produced a fit; no PTR estimate	BcgI:only 0 windows after outlier trimming	no enzyme produced a usable estimate
CRR1310390	GCF_001074635.1	s__Streptococcus_mitis_E	NA	NA	NA	0.01041666667	NA	NA	NA	0	NA	NA	NA	NA	0	1	0	-	NA	fixed	NA	none	0	False	containment 0.01 < 0.5; only 0/1 enzymes produced a fit; no PTR estimate	BcgI:only 1 windows after outlier trimming	no enzyme produced a usable estimate
CRR1310390	GCF_001074805.1	s__Streptococcus_parasanguinis_A	7.543774925	3.383333333	0.5727513228	0.141509434	1.679092653	0.7476818408	NA	48	0.7622099091	0.8091431351	-0.8382095624	2.333573244	1	1	1	BcgI	NA	fixed	1532712.089	glm	18	False	fraction 0.57 < 0.75; containment 0.14 < 0.5	-	single enzyme: no cross-enzyme consistency check available
CRR1310390	GCF_001074975.1	s__Streptococcus_pseudopneumoniae_D	NA	NA	NA	0.007751937984	NA	NA	NA	0	NA	NA	NA	NA	0	1	0	-	NA	fixed	NA	none	0	False	containment 0.01 < 0.5; only 0/1 enzymes produced a fit; no PTR estimate	BcgI:only 0 windows after outlier trimming	no enzyme produced a usable estimate
CRR1310390	GCF_001075645.1	s__Gemella_sp002871655	NA	NA	NA	0	NA	NA	NA	0	NA	NA	NA	NA	0	1	0	-	NA	fixed	NA	none	0	False	containment 0.00 < 0.5; only 0/1 enzymes produced a fit; no PTR estimate	BcgI:only 0 windows after outlier trimming	no enzyme produced a usable estimate
CRR1310390	GCF_001075675.1	s__Streptococcus_oralis_V	NA	NA	NA	0	NA	NA	NA	0	NA	NA	NA	NA	0	1	0	-	NA	fixed	NA	none	0	False	containment 0.00 < 0.5; only 0/1 enzymes produced a fit; no PTR estimate	BcgI:only 0 windows after outlier trimming	no enzyme produced a usable estimate
CRR1310390	GCF_001075875.1	s__Streptococcus_oralis_I	NA	NA	NA	0	NA	NA	NA	0	NA	NA	NA	NA	0	1	0	-	NA	fixed	NA	none	0	False	containment 0.00 < 0.5; only 0/1 enzymes produced a fit; no PTR estimate	BcgI:only 0 windows after outlier trimming	no enzyme produced a usable estimate
CRR1310390	GCF_001076615.1	s__Streptococcus_mitis_N	NA	NA	NA	0	NA	NA	NA	0	NA	NA	NA	NA	0	1	0	-	NA	fixed	NA	none	0	False	containment 0.00 < 0.5; only 0/1 enzymes produced a fit; no PTR estimate	BcgI:only 0 windows after outlier trimming	no enzyme produced a usable estimate
CRR1310390	GCF_001076775.1	s__Streptococcus_pseudopneumoniae_G	NA	NA	NA	0	NA	NA	NA	0	NA	NA	NA	NA	0	1	0	-	NA	fixed	NA	none	0	False	containment 0.00 < 0.5; only 0/1 enzymes produced a fit; no PTR estimate	BcgI:only 0 windows after outlier trimming	no enzyme produced a usable estimate
CRR1310390	GCF_001078705.1	s__Streptococcus_sanguinis_D	NA	NA	NA	0.006944444444	NA	NA	NA	0	NA	NA	NA	NA	0	1	0	-	NA	fixed	NA	none	0	False	containment 0.01 < 0.5; only 0/1 enzymes produced a fit; no PTR estimate	BcgI:only 0 windows after outlier trimming	no enzyme produced a usable estimate
CRR1310390	GCF_001096185.1	s__Streptococcus_pneumoniae_B	NA	NA	NA	0	NA	NA	NA	0	NA	NA	NA	NA	0	1	0	-	NA	fixed	NA	none	0	False	containment 0.00 < 0.5; only 0/1 enzymes produced a fit; no PTR estimate	BcgI:only 0 windows after outlier trimming	no enzyme produced a usable estimate
CRR1310390	GCF_001113365.1	s__Streptococcus_pneumoniae_C	NA	NA	NA	0	NA	NA	NA	0	NA	NA	NA	NA	0	1	0	-	NA	fixed	NA	none	0	False	containment 0.00 < 0.5; only 0/1 enzymes produced a fit; no PTR estimate	BcgI:only 0 windows after outlier trimming	no enzyme produced a usable estimate
CRR1310390	GCF_001171885.1	s__Streptococcus_pneumoniae_A	NA	NA	NA	0	NA	NA	NA	0	NA	NA	NA	NA	0	1	0	-	NA	fixed	NA	none	0	False	containment 0.00 < 0.5; only 0/1 enzymes produced a fit; no PTR estimate	BcgI:only 0 windows after outlier trimming	no enzyme produced a usable estimate
CRR1310390	GCF_001189515.2	s__Olsenella_sp001189515	NA	NA	NA	0.004243710215	NA	NA	NA	0	NA	NA	NA	NA	0	1	0	-	NA	fixed	NA	none	0	False	containment 0.00 < 0.5; only 0/1 enzymes produced a fit; no PTR estimate	BcgI:only 1 windows after outlier trimming	no enzyme produced a usable estimate
CRR1310390	GCF_001262035.1	s__Aggregatibacter_aphrophilus	NA	NA	NA	0	NA	NA	NA	0	NA	NA	NA	NA	0	1	0	-	NA	fixed	NA	none	0	False	containment 0.00 < 0.5; only 0/1 enzymes produced a fit; no PTR estimate	BcgI:only 0 windows after outlier trimming	no enzyme produced a usable estimate
CRR1310390	GCF_001262055.1	s__Pauljensenia_meyeri	NA	NA	NA	0.0004816955684	NA	NA	NA	0	NA	NA	NA	NA	0	1	0	-	NA	fixed	NA	none	0	False	containment 0.00 < 0.5; only 0/1 enzymes produced a fit; no PTR estimate	BcgI:only 1 windows after outlier trimming	no enzyme produced a usable estimate
CRR1310390	GCF_001262075.1	s__Ottowia_sp001262075	NA	NA	NA	0.0005698005698	NA	NA	NA	0	NA	NA	NA	NA	0	1	0	-	NA	fixed	NA	none	0	False	containment 0.00 < 0.5; only 0/1 enzymes produced a fit; no PTR estimate	BcgI:only 1 windows after outlier trimming	no enzyme produced a usable estimate
CRR1310390	GCF_001263295.1	s__Agrobacterium_sp900013535	NA	NA	NA	0.0001392951665	NA	NA	NA	0	NA	NA	NA	NA	0	1	0	-	NA	fixed	NA	none	0	False	containment 0.00 < 0.5; only 0/1 enzymes produced a fit; no PTR estimate	BcgI:only 0 windows after outlier trimming	no enzyme produced a usable estimate
CRR1310390	GCF_001274535.1	s__Leptotrichia_A_sp001274535	NA	NA	NA	0	NA	NA	NA	0	NA	NA	NA	NA	0	1	0	-	NA	fixed	NA	none	0	False	containment 0.00 < 0.5; only 0/1 enzymes produced a fit; no PTR estimate	BcgI:only 0 windows after outlier trimming	no enzyme produced a usable estimate
CRR1310390	GCF_001275345.1	s__Kocuria_palustris	NA	NA	NA	0	NA	NA	NA	0	NA	NA	NA	NA	0	1	0	-	NA	fixed	NA	none	0	False	containment 0.00 < 0.5; only 0/1 enzymes produced a fit; no PTR estimate	BcgI:only 0 windows after outlier trimming	no enzyme produced a usable estimate
CRR1310390	GCF_001276515.1	s__Haemophilus_sp001276515	NA	NA	NA	0.003984063745	NA	NA	NA	0	NA	NA	NA	NA	0	1	0	-	NA	fixed	NA	none	0	False	containment 0.00 < 0.5; only 0/1 enzymes produced a fit; no PTR estimate	BcgI:only 1 windows after outlier trimming	no enzyme produced a usable estimate
CRR1310390	GCF_001278845.1	s__Actinomyces_sp001278845	NA	NA	NA	0.00144092219	NA	NA	NA	0	NA	NA	NA	NA	0	1	0	-	NA	fixed	NA	none	0	False	containment 0.00 < 0.5; only 0/1 enzymes produced a fit; no PTR estimate	BcgI:only 0 windows after outlier trimming	no enzyme produced a usable estimate
CRR1310390	GCF_001279145.1	s__Haemophilus_D_sp001679485	12.17089746	7.238492547	0.1626678546	0.1160714286	1.698490397	0.7642530616	NA	130	0.8690099148	0.6673700932	-0.5437682854	2.072274409	1	1	1	BcgI	NA	fixed	209419.7658	glm	6	False	fraction 0.16 < 0.75; dispersion 7.24 > 5.0; containment 0.12 < 0.5	-	single enzyme: no cross-enzyme consistency check available
CRR1310390	GCF_001299115.1	s__Achromobacter_xylosoxidans	NA	NA	NA	0.003663003663	NA	NA	NA	0	NA	NA	NA	NA	0	1	0	-	NA	fixed	NA	none	0	False	containment 0.00 < 0.5; only 0/1 enzymes produced a fit; no PTR estimate	BcgI:only 3 windows after outlier trimming	no enzyme produced a usable estimate
CRR1310390	GCF_001304655.1	s__Streptococcus_pseudopneumoniae	NA	NA	NA	0	NA	NA	NA	0	NA	NA	NA	NA	0	1	0	-	NA	fixed	NA	none	0	False	containment 0.00 < 0.5; only 0/1 enzymes produced a fit; no PTR estimate	BcgI:only 0 windows after outlier trimming	no enzyme produced a usable estimate
CRR1310390	GCF_001308015.1	s__Neisseria_sp001308015	NA	NA	NA	0	NA	NA	NA	0	NA	NA	NA	NA	0	1	0	-	NA	fixed	NA	none	0	False	containment 0.00 < 0.5; only 0/1 enzymes produced a fit; no PTR estimate	BcgI:only 0 windows after outlier trimming	no enzyme produced a usable estimate
CRR1310390	GCF_001347015.1	s__Streptococcus_pneumoniae_E	NA	NA	NA	0	NA	NA	NA	0	NA	NA	NA	NA	0	1	0	-	NA	fixed	NA	none	0	False	containment 0.00 < 0.5; only 0/1 enzymes produced a fit; no PTR estimate	BcgI:only 0 windows after outlier trimming	no enzyme produced a usable estimate
CRR1310390	GCF_001362535.1	s__Salmonella_enterica	16.05531706	3.59306119	0.05583619514	0.007553956835	2.41888711	1.27434344	NA	975	0.9840042056	0.9054115559	-0.5002306006	3.048917481	1	1	1	BcgI	NA	fixed	1717776.935	glm	14	False	fraction 0.06 < 0.75; containment 0.01 < 0.5	-	single enzyme: no cross-enzyme consistency check available
CRR1310390	GCF_001421985.1	s__Agrobacterium_sp900473305	NA	NA	NA	0	NA	NA	NA	0	NA	NA	NA	NA	0	1	0	-	NA	fixed	NA	none	0	False	containment 0.00 < 0.5; only 0/1 enzymes produced a fit; no PTR estimate	BcgI:only 0 windows after outlier trimming	no enzyme produced a usable estimate
CRR1310390	GCF_001423155.1	s__Pseudomonas_E_ovata	11.78324514	7.117647059	0.01133511348	0.001807228916	18.70778478	4.225566832	NA	707	0.9060035096	1.380170994	1.520481391	6.930652273	1	1	1	BcgI	NA	fixed	2245206.292	glm	7	False	fraction 0.01 < 0.75; dispersion 7.12 > 5.0; containment 0.00 < 0.5	-	single enzyme: no cross-enzyme consistency check available
CRR1310390	GCF_001434465.1	s__Limosilactobacillus_oris	NA	NA	NA	0	NA	NA	NA	0	NA	NA	NA	NA	0	1	0	-	NA	fixed	NA	none	0	False	containment 0.00 < 0.5; only 0/1 enzymes produced a fit; no PTR estimate	BcgI:only 0 windows after outlier trimming	no enzyme produced a usable estimate
CRR1310390	GCF_001444445.1	s__Prevotella_enoeca	NA	NA	NA	0	NA	NA	NA	0	NA	NA	NA	NA	0	1	0	-	NA	fixed	NA	none	0	False	containment 0.00 < 0.5; only 0/1 enzymes produced a fit; no PTR estimate	BcgI:only 0 windows after outlier trimming	no enzyme produced a usable estimate
CRR1310390	GCF_001546595.1	s__Prevotella_corporis	7.579042401	3.977611241	0.658264938	0.5929352397	3.806335904	1.928402883	NA	1098	0.9996072391	0.6846408372	0.5865315	3.270274266	1	1	1	BcgI	NA	fixed	160038.9494	glm	46	False	fraction 0.66 < 0.75	-	single enzyme: no cross-enzyme consistency check available
CRR1310390	GCF_001546835.1	s__Streptococcus_sp000187445	4.416029645	1.090740741	0.2709150327	0.05070422535	2.656311923	1.409424568	NA	98	0.6131682797	2.831891138	-4.14098007	6.959829206	1	1	1	BcgI	NA	fixed	458199.9361	glm	6	False	fraction 0.27 < 0.75; containment 0.05 < 0.5	-	single enzyme: no cross-enzyme consistency check available
CRR1310390	GCF_001553215.1	s__Porphyromonas_pasteri	NA	NA	NA	0	NA	NA	NA	0	NA	NA	NA	NA	0	1	0	-	NA	fixed	NA	none	0	False	containment 0.00 < 0.5; only 0/1 enzymes produced a fit; no PTR estimate	BcgI:only 0 windows after outlier trimming	no enzyme produced a usable estimate
CRR1310390	GCF_001553285.1	s__Varibaculum_cambriense	NA	NA	NA	0.0008591065292	NA	NA	NA	0	NA	NA	NA	NA	0	1	0	-	NA	fixed	NA	none	0	False	containment 0.00 < 0.5; only 0/1 enzymes produced a fit; no PTR estimate	BcgI:only 1 windows after outlier trimming	no enzyme produced a usable estimate
CRR1310390	GCF_001553645.1	s__Leptotrichia_sp001553645	NA	NA	NA	0	NA	NA	NA	0	NA	NA	NA	NA	0	1	0	-	NA	fixed	NA	none	0	False	containment 0.00 < 0.5; only 0/1 enzymes produced a fit; no PTR estimate	BcgI:only 0 windows after outlier trimming	no enzyme produced a usable estimate
CRR1310390	GCF_001553935.1	s__Actinomyces_oris_A	NA	NA	NA	0.01480484522	NA	NA	NA	0	NA	NA	NA	NA	0	1	0	-	NA	fixed	NA	none	0	False	containment 0.01 < 0.5; only 0/1 enzymes produced a fit; no PTR estimate	BcgI:only 3 windows after outlier trimming	no enzyme produced a usable estimate
CRR1310390	GCF_001556045.1	s__Bradyrhizobium_sp001556045	NA	NA	NA	0	NA	NA	NA	0	NA	NA	NA	NA	0	1	0	-	NA	fixed	NA	none	0	False	containment 0.00 < 0.5; only 0/1 enzymes produced a fit; no PTR estimate	BcgI:only 0 windows after outlier trimming	no enzyme produced a usable estimate
CRR1310390	GCF_001557225.1	s__Streptococcus_sanguinis_C	NA	NA	NA	0.02702702703	NA	NA	NA	0	NA	NA	NA	NA	0	1	0	-	NA	fixed	NA	none	0	False	containment 0.03 < 0.5; only 0/1 enzymes produced a fit; no PTR estimate	BcgI:only 0 windows after outlier trimming	no enzyme produced a usable estimate
CRR1310390	GCF_001559795.1	s__Streptobacillus_hongkongensis	NA	NA	NA	0.02564102564	NA	NA	NA	0	NA	NA	NA	NA	0	1	0	-	NA	fixed	NA	none	0	False	containment 0.03 < 0.5; only 0/1 enzymes produced a fit; no PTR estimate	BcgI:only 0 windows after outlier trimming	no enzyme produced a usable estimate
CRR1310390	GCF_001560895.1	s__Streptococcus_mitis_Q	NA	NA	NA	0	NA	NA	NA	0	NA	NA	NA	NA	0	1	0	-	NA	fixed	NA	none	0	False	containment 0.00 < 0.5; only 0/1 enzymes produced a fit; no PTR estimate	BcgI:only 0 windows after outlier trimming	no enzyme produced a usable estimate
CRR1310390	GCF_001578705.1	s__Streptococcus_oralis_J	NA	NA	NA	0	NA	NA	NA	0	NA	NA	NA	NA	0	1	0	-	NA	fixed	NA	none	0	False	containment 0.00 < 0.5; only 0/1 enzymes produced a fit; no PTR estimate	BcgI:only 0 windows after outlier trimming	no enzyme produced a usable estimate
CRR1310390	GCF_001578775.1	s__Streptococcus_cristatus_A	NA	NA	NA	0.01509433962	NA	NA	NA	0	NA	NA	NA	NA	0	1	0	-	NA	fixed	NA	none	0	False	containment 0.02 < 0.5; only 0/1 enzymes produced a fit; no PTR estimate	BcgI:only 0 windows after outlier trimming	no enzyme produced a usable estimate
CRR1310390	GCF_001578945.1	s__Streptococcus_oralis_Q	NA	NA	NA	0.004901960784	NA	NA	NA	0	NA	NA	NA	NA	0	1	0	-	NA	fixed	NA	none	0	False	containment 0.00 < 0.5; only 0/1 enzymes produced a fit; no PTR estimate	BcgI:only 0 windows after outlier trimming	no enzyme produced a usable estimate
CRR1310390	GCF_001579035.1	s__Streptococcus_mitis_J	NA	NA	NA	0	NA	NA	NA	0	NA	NA	NA	NA	0	1	0	-	NA	fixed	NA	none	0	False	containment 0.00 < 0.5; only 0/1 enzymes produced a fit; no PTR estimate	BcgI:only 0 windows after outlier trimming	no enzyme produced a usable estimate
CRR1310390	GCF_001579045.1	s__Streptococcus_mitis_D	NA	NA	NA	0	NA	NA	NA	0	NA	NA	NA	NA	0	1	0	-	NA	fixed	NA	none	0	False	containment 0.00 < 0.5; only 0/1 enzymes produced a fit; no PTR estimate	BcgI:only 0 windows after outlier trimming	no enzyme produced a usable estimate
CRR1310390	GCF_001579095.1	s__Streptococcus_oralis_H	NA	NA	NA	0.01492537313	NA	NA	NA	0	NA	NA	NA	NA	0	1	0	-	NA	fixed	NA	none	0	False	containment 0.01 < 0.5; only 0/1 enzymes produced a fit; no PTR estimate	BcgI:only 1 windows after outlier trimming	no enzyme produced a usable estimate
CRR1310390	GCF_001579175.1	s__Streptococcus_oralis_O	NA	NA	NA	0	NA	NA	NA	0	NA	NA	NA	NA	0	1	0	-	NA	fixed	NA	none	0	False	containment 0.00 < 0.5; only 0/1 enzymes produced a fit; no PTR estimate	BcgI:only 0 windows after outlier trimming	no enzyme produced a usable estimate
CRR1310390	GCF_001579525.1	s__Streptococcus_oralis_M	NA	NA	NA	0.01020408163	NA	NA	NA	0	NA	NA	NA	NA	0	1	0	-	NA	fixed	NA	none	0	False	containment 0.01 < 0.5; only 0/1 enzymes produced a fit; no PTR estimate	BcgI:only 0 windows after outlier trimming	no enzyme produced a usable estimate
CRR1310390	GCF_001579645.1	s__Streptococcus_infantis_E	NA	NA	NA	0.01666666667	NA	NA	NA	0	NA	NA	NA	NA	0	1	0	-	NA	fixed	NA	none	0	False	containment 0.02 < 0.5; only 0/1 enzymes produced a fit; no PTR estimate	BcgI:only 1 windows after outlier trimming	no enzyme produced a usable estimate
CRR1310390	GCF_001586195.1	s__Solibacillus_silvestris	NA	NA	NA	0	NA	NA	NA	0	NA	NA	NA	NA	0	1	0	-	NA	fixed	NA	none	0	False	containment 0.00 < 0.5; only 0/1 enzymes produced a fit; no PTR estimate	BcgI:only 0 windows after outlier trimming	no enzyme produced a usable estimate
CRR1310390	GCF_001588645.1	s__Streptococcus_oralis_AB	NA	NA	NA	0.02222222222	NA	NA	NA	0	NA	NA	NA	NA	0	1	0	-	NA	fixed	NA	none	0	False	containment 0.02 < 0.5; only 0/1 enzymes produced a fit; no PTR estimate	BcgI:only 1 windows after outlier trimming	no enzyme produced a usable estimate
CRR1310390	GCF_001588895.1	s__Streptococcus_sanguinis_H	NA	NA	NA	0.02459016393	NA	NA	NA	0	NA	NA	NA	NA	0	1	0	-	NA	fixed	NA	none	0	False	containment 0.02 < 0.5; only 0/1 enzymes produced a fit; no PTR estimate	BcgI:only 2 windows after outlier trimming	no enzyme produced a usable estimate
CRR1310390	GCF_001589145.1	s__Streptococcus_gordonii	NA	NA	NA	0.04918032787	NA	NA	NA	0	NA	NA	NA	NA	0	1	0	-	NA	fixed	NA	none	0	False	containment 0.05 < 0.5; only 0/1 enzymes produced a fit; no PTR estimate	BcgI:only 4 windows after outlier trimming	no enzyme produced a usable estimate
CRR1310390	GCF_001592185.1	s__Neisseria_denitrificans	NA	NA	NA	0	NA	NA	NA	0	NA	NA	NA	NA	0	1	0	-	NA	fixed	NA	none	0	False	containment 0.00 < 0.5; only 0/1 enzymes produced a fit; no PTR estimate	BcgI:only 0 windows after outlier trimming	no enzyme produced a usable estimate
CRR1310390	GCF_001592265.1	s__Hylemonella_delicata	NA	NA	NA	0	NA	NA	NA	0	NA	NA	NA	NA	0	1	0	-	NA	fixed	NA	none	0	False	containment 0.00 < 0.5; only 0/1 enzymes produced a fit; no PTR estimate	BcgI:only 0 windows after outlier trimming	no enzyme produced a usable estimate
CRR1310390	GCF_001597285.1	s__Pseudomonas_E_alcaligenes	7.956729907	NA	0.01	0.00153643547	4.133337893	2.047307306	NA	500	0.9925958664	0.8656036497	0.3507553279	3.743859285	1	1	1	BcgI	NA	fixed	2729425.225	glm	5	False	fraction 0.01 < 0.75; containment 0.00 < 0.5	-	single enzyme: no cross-enzyme consistency check available
CRR1310390	GCF_001618085.1	s__Neisseria_flavescens_C	NA	NA	NA	0	NA	NA	NA	0	NA	NA	NA	NA	0	1	0	-	NA	fixed	NA	none	0	False	containment 0.00 < 0.5; only 0/1 enzymes produced a fit; no PTR estimate	BcgI:only 0 windows after outlier trimming	no enzyme produced a usable estimate
CRR1310390	GCF_001619955.1	s__Sphingomonas_hankookensis	NA	NA	NA	0	NA	NA	NA	0	NA	NA	NA	NA	0	1	0	-	NA	fixed	NA	none	0	False	containment 0.00 < 0.5; only 0/1 enzymes produced a fit; no PTR estimate	BcgI:only 0 windows after outlier trimming	no enzyme produced a usable estimate
CRR1310390	GCF_001638925.1	s__Sphingomonas_aquatilis	NA	NA	NA	0	NA	NA	NA	0	NA	NA	NA	NA	0	1	0	-	NA	fixed	NA	none	0	False	containment 0.00 < 0.5; only 0/1 enzymes produced a fit; no PTR estimate	BcgI:only 0 windows after outlier trimming	no enzyme produced a usable estimate
CRR1310390	GCF_001639395.1	s__Streptococcus_oralis_S	NA	NA	NA	0.04411764706	NA	NA	NA	0	NA	NA	NA	NA	0	1	0	-	NA	fixed	NA	none	0	False	containment 0.04 < 0.5; only 0/1 enzymes produced a fit; no PTR estimate	BcgI:only 1 windows after outlier trimming	no enzyme produced a usable estimate
CRR1310390	GCF_001648355.1	s__Eikenella_longinqua	NA	NA	NA	0	NA	NA	NA	0	NA	NA	NA	NA	0	1	0	-	NA	fixed	NA	none	0	False	containment 0.00 < 0.5; only 0/1 enzymes produced a fit; no PTR estimate	BcgI:only 0 windows after outlier trimming	no enzyme produced a usable estimate
CRR1310390	GCF_001648425.1	s__Eikenella_exigua	NA	NA	NA	0	NA	NA	NA	0	NA	NA	NA	NA	0	1	0	-	NA	fixed	NA	none	0	False	containment 0.00 < 0.5; only 0/1 enzymes produced a fit; no PTR estimate	BcgI:only 0 windows after outlier trimming	no enzyme produced a usable estimate
CRR1310390	GCF_001648475.1	s__Eikenella_halliae	NA	NA	NA	0	NA	NA	NA	0	NA	NA	NA	NA	0	1	0	-	NA	fixed	NA	none	0	False	containment 0.00 < 0.5; only 0/1 enzymes produced a fit; no PTR estimate	BcgI:only 0 windows after outlier trimming	no enzyme produced a usable estimate
CRR1310390	GCF_001650315.1	s__Streptococcus_sp001650315	NA	NA	NA	0	NA	NA	NA	0	NA	NA	NA	NA	0	1	0	-	NA	fixed	NA	none	0	False	containment 0.00 < 0.5; only 0/1 enzymes produced a fit; no PTR estimate	BcgI:only 0 windows after outlier trimming	no enzyme produced a usable estimate
CRR1310390	GCF_001653935.1	s__Ralstonia_insidiosa	NA	NA	NA	0	NA	NA	NA	0	NA	NA	NA	NA	0	1	0	-	NA	fixed	NA	none	0	False	containment 0.00 < 0.5; only 0/1 enzymes produced a fit; no PTR estimate	BcgI:only 0 windows after outlier trimming	no enzyme produced a usable estimate
CRR1310390	GCF_001665295.1	s__Mycobacterium_sp001665295	NA	NA	NA	0.0007314218841	NA	NA	NA	0	NA	NA	NA	NA	0	1	0	-	NA	fixed	NA	none	0	False	containment 0.00 < 0.5; only 0/1 enzymes produced a fit; no PTR estimate	BcgI:only 4 windows after outlier trimming	no enzyme produced a usable estimate
CRR1310390	GCF_001665715.1	s__Gordonia_sputi	NA	NA	NA	0.000121980971	NA	NA	NA	0	NA	NA	NA	NA	0	1	0	-	NA	fixed	NA	none	0	False	containment 0.00 < 0.5; only 0/1 enzymes produced a fit; no PTR estimate	BcgI:only 1 windows after outlier trimming	no enzyme produced a usable estimate
CRR1310390	GCF_001665955.1	s__Corynebacterium_pseudodiphtheriticum	NA	NA	NA	0.0004518752824	NA	NA	NA	0	NA	NA	NA	NA	0	1	0	-	NA	fixed	NA	none	0	False	containment 0.00 < 0.5; only 0/1 enzymes produced a fit; no PTR estimate	BcgI:only 0 windows after outlier trimming	no enzyme produced a usable estimate
CRR1310390	GCF_001679155.1	s__Moraxella_nonliquefaciens	NA	NA	NA	0	NA	NA	NA	0	NA	NA	NA	NA	0	1	0	-	NA	fixed	NA	none	0	False	containment 0.00 < 0.5; only 0/1 enzymes produced a fit; no PTR estimate	BcgI:only 0 windows after outlier trimming	no enzyme produced a usable estimate
CRR1310390	GCF_001679325.1	s__Haemophilus_D_parainfluenzae	1.710739448	0.9908695431	0.4064819354	0.3853820598	4.129140306	2.045841441	NA	230	0.9787139304	0.9664177	0.1516975554	3.939985327	1	1	1	BcgI	NA	fixed	1986143.12	glm	12	False	fraction 0.41 < 0.75; containment 0.39 < 0.5	-	single enzyme: no cross-enzyme consistency check available
CRR1310390	GCF_001683335.1	s__Centipeda_sp001683335	NA	NA	NA	0.0005422993492	NA	NA	NA	0	NA	NA	NA	NA	0	1	0	-	NA	fixed	NA	none	0	False	containment 0.00 < 0.5; only 0/1 enzymes produced a fit; no PTR estimate	BcgI:only 2 windows after outlier trimming	no enzyme produced a usable estimate
CRR1310390	GCF_001683355.1	s__Prevotella_scopos	NA	NA	NA	0	NA	NA	NA	0	NA	NA	NA	NA	0	1	0	-	NA	fixed	NA	none	0	False	containment 0.00 < 0.5; only 0/1 enzymes produced a fit; no PTR estimate	BcgI:only 0 windows after outlier trimming	no enzyme produced a usable estimate
CRR1310390	GCF_001702075.1	s__Haemophilus_quentini	NA	NA	NA	0.006389776358	NA	NA	NA	0	NA	NA	NA	NA	0	1	0	-	NA	fixed	NA	none	0	False	containment 0.01 < 0.5; only 0/1 enzymes produced a fit; no PTR estimate	BcgI:only 1 windows after outlier trimming	no enzyme produced a usable estimate
CRR1310390	GCF_001717525.2	s__Tannerella_sp003033925	NA	NA	NA	0.0004058441558	NA	NA	NA	0	NA	NA	NA	NA	0	1	0	-	NA	fixed	NA	none	0	False	containment 0.00 < 0.5; only 0/1 enzymes produced a fit; no PTR estimate	BcgI:only 1 windows after outlier trimming	no enzyme produced a usable estimate
CRR1310390	GCF_001717585.1	s__Centipeda_sp001717585	NA	NA	NA	0	NA	NA	NA	0	NA	NA	NA	NA	0	1	0	-	NA	fixed	NA	none	0	False	containment 0.00 < 0.5; only 0/1 enzymes produced a fit; no PTR estimate	BcgI:only 0 windows after outlier trimming	no enzyme produced a usable estimate
CRR1310390	GCF_001721245.1	s__Sphingobium_yanoikuyae	NA	NA	NA	0.003489966347	NA	NA	NA	0	NA	NA	NA	NA	0	1	0	-	NA	fixed	NA	none	0	False	containment 0.00 < 0.5; only 0/1 enzymes produced a fit; no PTR estimate	BcgI:only 3 windows after outlier trimming	no enzyme produced a usable estimate
CRR1310390	GCF_001807315.1	s__Corynebacterium_simulans	NA	NA	NA	0.0003929273084	NA	NA	NA	0	NA	NA	NA	NA	0	1	0	-	NA	fixed	NA	none	0	False	containment 0.00 < 0.5; only 0/1 enzymes produced a fit; no PTR estimate	BcgI:only 0 windows after outlier trimming	no enzyme produced a usable estimate
CRR1310390	GCF_001807385.1	s__Brachybacterium_paraconglomeratum	NA	NA	NA	0.000462000462	NA	NA	NA	0	NA	NA	NA	NA	0	1	0	-	NA	fixed	NA	none	0	False	containment 0.00 < 0.5; only 0/1 enzymes produced a fit; no PTR estimate	BcgI:only 0 windows after outlier trimming	no enzyme produced a usable estimate
CRR1310390	GCF_001808255.1	s__Neisseria_subflava_A	NA	NA	NA	0	NA	NA	NA	0	NA	NA	NA	NA	0	1	0	-	NA	fixed	NA	none	0	False	containment 0.00 < 0.5; only 0/1 enzymes produced a fit; no PTR estimate	BcgI:only 0 windows after outlier trimming	no enzyme produced a usable estimate
CRR1310390	GCF_001808705.1	s__Streptococcus_sp001808705	NA	NA	NA	0.00826446281	NA	NA	NA	0	NA	NA	NA	NA	0	1	0	-	NA	fixed	NA	none	0	False	containment 0.01 < 0.5; only 0/1 enzymes produced a fit; no PTR estimate	BcgI:only 0 windows after outlier trimming	no enzyme produced a usable estimate
CRR1310390	GCF_001808865.1	s__Streptococcus_sp001553685	NA	NA	NA	0	NA	NA	NA	0	NA	NA	NA	NA	0	1	0	-	NA	fixed	NA	none	0	False	containment 0.00 < 0.5; only 0/1 enzymes produced a fit; no PTR estimate	BcgI:only 0 windows after outlier trimming	no enzyme produced a usable estimate
CRR1310390	GCF_001808875.1	s__Neisseria_sicca_A	NA	NA	NA	0	NA	NA	NA	0	NA	NA	NA	NA	0	1	0	-	NA	fixed	NA	none	0	False	containment 0.00 < 0.5; only 0/1 enzymes produced a fit; no PTR estimate	BcgI:only 0 windows after outlier trimming	no enzyme produced a usable estimate
CRR1310390	GCF_001809325.1	s__Neisseria_sp001809325	NA	NA	NA	0	NA	NA	NA	0	NA	NA	NA	NA	0	1	0	-	NA	fixed	NA	none	0	False	containment 0.00 < 0.5; only 0/1 enzymes produced a fit; no PTR estimate	BcgI:only 0 windows after outlier trimming	no enzyme produced a usable estimate
CRR1310390	GCF_001810035.1	s__Neisseria_subflava_C	NA	NA	NA	0	NA	NA	NA	0	NA	NA	NA	NA	0	1	0	-	NA	fixed	NA	none	0	False	containment 0.00 < 0.5; only 0/1 enzymes produced a fit; no PTR estimate	BcgI:only 0 windows after outlier trimming	no enzyme produced a usable estimate
CRR1310390	GCF_001810785.1	s__Streptococcus_sp001810785	NA	NA	NA	0.01818181818	NA	NA	NA	0	NA	NA	NA	NA	0	1	0	-	NA	fixed	NA	none	0	False	containment 0.02 < 0.5; only 0/1 enzymes produced a fit; no PTR estimate	BcgI:only 1 windows after outlier trimming	no enzyme produced a usable estimate
CRR1310390	GCF_001811505.1	s__Streptococcus_sp001811505	NA	NA	NA	0	NA	NA	NA	0	NA	NA	NA	NA	0	1	0	-	NA	fixed	NA	none	0	False	containment 0.00 < 0.5; only 0/1 enzymes produced a fit; no PTR estimate	BcgI:only 0 windows after outlier trimming	no enzyme produced a usable estimate
CRR1310390	GCF_001812965.1	s__Actinomyces_oris_C	NA	NA	NA	0.004079254079	NA	NA	NA	0	NA	NA	NA	NA	0	1	0	-	NA	fixed	NA	none	0	False	containment 0.00 < 0.5; only 0/1 enzymes produced a fit; no PTR estimate	BcgI:only 1 windows after outlier trimming	no enzyme produced a usable estimate
CRR1310390	GCF_001812975.1	s__Rothia_mucilaginosa	NA	NA	NA	0.01005025126	NA	NA	NA	0	NA	NA	NA	NA	0	1	0	-	NA	fixed	NA	none	0	False	containment 0.01 < 0.5; only 0/1 enzymes produced a fit; no PTR estimate	BcgI:only 2 windows after outlier trimming	no enzyme produced a usable estimate
CRR1310390	GCF_001813205.1	s__Lancefieldella_rimae	NA	NA	NA	0.02488038278	NA	NA	NA	0	NA	NA	NA	NA	0	1	0	-	NA	fixed	NA	none	0	False	containment 0.02 < 0.5; only 0/1 enzymes produced a fit; no PTR estimate	BcgI:only 3 windows after outlier trimming	no enzyme produced a usable estimate
CRR1310390	GCF_001813295.1	s__Streptococcus_parasanguinis_B	7.478901217	4.554704457	0.3579543333	0.2169811321	1.446319883	0.532386669	NA	173	0.7865103422	0.8737925778	-1.180215313	2.244988651	1	1	1	BcgI	NA	fixed	1386249.683	glm	14	False	fraction 0.36 < 0.75; containment 0.22 < 0.5	-	single enzyme: no cross-enzyme consistency check available
CRR1310390	GCF_001814135.1	s__Neisseria_sp000952795	NA	NA	NA	0	NA	NA	NA	0	NA	NA	NA	NA	0	1	0	-	NA	fixed	NA	none	0	False	containment 0.00 < 0.5; only 0/1 enzymes produced a fit; no PTR estimate	BcgI:only 0 windows after outlier trimming	no enzyme produced a usable estimate
CRR1310390	GCF_001814145.1	s__Prevotella_conceptionensis	NA	NA	NA	0	NA	NA	NA	0	NA	NA	NA	NA	0	1	0	-	NA	fixed	NA	none	0	False	containment 0.00 < 0.5; only 0/1 enzymes produced a fit; no PTR estimate	BcgI:only 0 windows after outlier trimming	no enzyme produced a usable estimate
CRR1310390	GCF_001814295.1	s__Streptococcus_constellatus	NA	NA	NA	0.01	NA	NA	NA	0	NA	NA	NA	NA	0	1	0	-	NA	fixed	NA	none	0	False	containment 0.01 < 0.5; only 0/1 enzymes produced a fit; no PTR estimate	BcgI:only 0 windows after outlier trimming	no enzyme produced a usable estimate
CRR1310390	GCF_001814405.1	s__Lacticaseibacillus_rhamnosus	NA	NA	NA	0	NA	NA	NA	0	NA	NA	NA	NA	0	1	0	-	NA	fixed	NA	none	0	False	containment 0.00 < 0.5; only 0/1 enzymes produced a fit; no PTR estimate	BcgI:only 0 windows after outlier trimming	no enzyme produced a usable estimate
CRR1310390	GCF_001814685.1	s__Prevotella_oris	NA	NA	NA	0.002721088435	NA	NA	NA	0	NA	NA	NA	NA	0	1	0	-	NA	fixed	NA	none	0	False	containment 0.00 < 0.5; only 0/1 enzymes produced a fit; no PTR estimate	BcgI:only 3 windows after outlier trimming	no enzyme produced a usable estimate
CRR1310390	GCF_001814775.1	s__Streptococcus_sp001814775	NA	NA	NA	0.005405405405	NA	NA	NA	0	NA	NA	NA	NA	0	1	0	-	NA	fixed	NA	none	0	False	containment 0.01 < 0.5; only 0/1 enzymes produced a fit; no PTR estimate	BcgI:only 0 windows after outlier trimming	no enzyme produced a usable estimate
CRR1310390	GCF_001815355.1	s__Haemophilus_D_sp001815355	7.02232401	5.260902256	0.1908243728	0.115	6.954211394	2.797886923	NA	127	0.9851263347	0.9396545305	0.956197885	4.63957596	1	1	1	BcgI	NA	fixed	12457.50667	glm	7	False	fraction 0.19 < 0.75; dispersion 5.26 > 5.0; containment 0.12 < 0.5	-	single enzyme: no cross-enzyme consistency check available
CRR1310390	GCF_001815675.1	s__Neisseria_sp001815675	NA	NA	NA	0	NA	NA	NA	0	NA	NA	NA	NA	0	1	0	-	NA	fixed	NA	none	0	False	containment 0.00 < 0.5; only 0/1 enzymes produced a fit; no PTR estimate	BcgI:only 0 windows after outlier trimming	no enzyme produced a usable estimate
CRR1310390	GCF_001815715.1	s__Fusobacterium_polymorphum	NA	NA	NA	0	NA	NA	NA	0	NA	NA	NA	NA	0	1	0	-	NA	fixed	NA	none	0	False	containment 0.00 < 0.5; only 0/1 enzymes produced a fit; no PTR estimate	BcgI:only 0 windows after outlier trimming	no enzyme produced a usable estimate
CRR1310390	GCF_001815865.1	s__Abiotrophia_sp001815865	NA	NA	NA	0	NA	NA	NA	0	NA	NA	NA	NA	0	1	0	-	NA	fixed	NA	none	0	False	containment 0.00 < 0.5; only 0/1 enzymes produced a fit; no PTR estimate	BcgI:only 0 windows after outlier trimming	no enzyme produced a usable estimate
CRR1310390	GCF_001836315.1	s__Neisseria_flavescens_A	NA	NA	NA	0	NA	NA	NA	0	NA	NA	NA	NA	0	1	0	-	NA	fixed	NA	none	0	False	containment 0.00 < 0.5; only 0/1 enzymes produced a fit; no PTR estimate	BcgI:only 0 windows after outlier trimming	no enzyme produced a usable estimate
CRR1310390	GCF_001837905.1	s__Streptococcus_sp900766505	4.771420597	2.223304473	0.343996744	0.1885714286	9.626434208	3.267001499	NA	123	0.993212681	0.9896389168	1.327344864	5.206658133	1	1	1	BcgI	NA	fixed	1107279.305	glm	9	False	fraction 0.34 < 0.75; containment 0.19 < 0.5	-	single enzyme: no cross-enzyme consistency check available
CRR1310390	GCF_001929365.1	s__Actinomyces_oris	NA	NA	NA	0.01757944557	NA	NA	NA	0	NA	NA	NA	NA	0	1	0	-	NA	fixed	NA	none	0	False	containment 0.02 < 0.5; only 0/1 enzymes produced a fit; no PTR estimate	BcgI:only 1 windows after outlier trimming	no enzyme produced a usable estimate
CRR1310390	GCF_001937595.1	s__Actinomyces_naeslundii	NA	NA	NA	0.004884547069	NA	NA	NA	0	NA	NA	NA	NA	0	1	0	-	NA	fixed	NA	none	0	False	containment 0.00 < 0.5; only 0/1 enzymes produced a fit; no PTR estimate	BcgI:only 2 windows after outlier trimming	no enzyme produced a usable estimate
CRR1310390	GCF_001937655.1	s__Actinomyces_oris_B	NA	NA	NA	0.0006105006105	NA	NA	NA	0	NA	NA	NA	NA	0	1	0	-	NA	fixed	NA	none	0	False	containment 0.00 < 0.5; only 0/1 enzymes produced a fit; no PTR estimate	BcgI:only 0 windows after outlier trimming	no enzyme produced a usable estimate
CRR1310390	GCF_001937665.1	s__Actinomyces_oris_D	NA	NA	NA	0.00114416476	NA	NA	NA	0	NA	NA	NA	NA	0	1	0	-	NA	fixed	NA	none	0	False	containment 0.00 < 0.5; only 0/1 enzymes produced a fit; no PTR estimate	BcgI:only 0 windows after outlier trimming	no enzyme produced a usable estimate
CRR1310390	GCF_001937675.1	s__Actinomyces_oris_E	NA	NA	NA	0.00237388724	NA	NA	NA	0	NA	NA	NA	NA	0	1	0	-	NA	fixed	NA	none	0	False	containment 0.00 < 0.5; only 0/1 enzymes produced a fit; no PTR estimate	BcgI:only 2 windows after outlier trimming	no enzyme produced a usable estimate
CRR1310390	GCF_001998825.1	s__Rodentibacter_mrazii	NA	NA	NA	0	NA	NA	NA	0	NA	NA	NA	NA	0	1	0	-	NA	fixed	NA	none	0	False	containment 0.00 < 0.5; only 0/1 enzymes produced a fit; no PTR estimate	BcgI:only 0 windows after outlier trimming	no enzyme produced a usable estimate
CRR1310390	GCF_002005545.1	s__Streptococcus_mitis_I	NA	NA	NA	0.01388888889	NA	NA	NA	0	NA	NA	NA	NA	0	1	0	-	NA	fixed	NA	none	0	False	containment 0.01 < 0.5; only 0/1 enzymes produced a fit; no PTR estimate	BcgI:only 0 windows after outlier trimming	no enzyme produced a usable estimate
CRR1310390	GCF_002014765.1	s__Moraxella_C_lincolnii	NA	NA	NA	0	NA	NA	NA	0	NA	NA	NA	NA	0	1	0	-	NA	fixed	NA	none	0	False	containment 0.00 < 0.5; only 0/1 enzymes produced a fit; no PTR estimate	BcgI:only 0 windows after outlier trimming	no enzyme produced a usable estimate
CRR1310390	GCF_002014795.1	s__Streptococcus_mitis_AQ	NA	NA	NA	0	NA	NA	NA	0	NA	NA	NA	NA	0	1	0	-	NA	fixed	NA	none	0	False	containment 0.00 < 0.5; only 0/1 enzymes produced a fit; no PTR estimate	BcgI:only 0 windows after outlier trimming	no enzyme produced a usable estimate
CRR1310390	GCF_002092855.1	s__Campylobacter_A_concisus_I	NA	NA	NA	0	NA	NA	NA	0	NA	NA	NA	NA	0	1	0	-	NA	fixed	NA	none	0	False	containment 0.00 < 0.5; only 0/1 enzymes produced a fit; no PTR estimate	BcgI:only 0 windows after outlier trimming	no enzyme produced a usable estimate
CRR1310390	GCF_002093515.1	s__Streptococcus_oralis_E	21.88291276	11.33839464	0.5805355286	0.5	5.956480953	2.574460248	NA	116	0.9982931586	0.7844768309	1.036913913	4.112006584	1	1	1	BcgI	NA	fixed	715285.3847	glm	16	False	fraction 0.58 < 0.75; dispersion 11.34 > 5.0	-	single enzyme: no cross-enzyme consistency check available
CRR1310390	GCF_002093545.1	s__Streptococcus_oralis_C	NA	NA	NA	0.008130081301	NA	NA	NA	0	NA	NA	NA	NA	0	1	0	-	NA	fixed	NA	none	0	False	containment 0.01 < 0.5; only 0/1 enzymes produced a fit; no PTR estimate	BcgI:only 1 windows after outlier trimming	no enzyme produced a usable estimate
CRR1310390	GCF_002093575.1	s__Streptococcus_oralis_W	NA	NA	NA	0.032	NA	NA	NA	0	NA	NA	NA	NA	0	1	0	-	NA	fixed	NA	none	0	False	containment 0.03 < 0.5; only 0/1 enzymes produced a fit; no PTR estimate	BcgI:only 2 windows after outlier trimming	no enzyme produced a usable estimate
CRR1310390	GCF_002096335.1	s__Streptococcus_oralis_Z	NA	NA	NA	0	NA	NA	NA	0	NA	NA	NA	NA	0	1	0	-	NA	fixed	NA	none	0	False	containment 0.00 < 0.5; only 0/1 enzymes produced a fit; no PTR estimate	BcgI:only 0 windows after outlier trimming	no enzyme produced a usable estimate
CRR1310390	GCF_002096355.1	s__Streptococcus_oralis_T	NA	NA	NA	0	NA	NA	NA	0	NA	NA	NA	NA	0	1	0	-	NA	fixed	NA	none	0	False	containment 0.00 < 0.5; only 0/1 enzymes produced a fit; no PTR estimate	BcgI:only 0 windows after outlier trimming	no enzyme produced a usable estimate
CRR1310390	GCF_002096435.1	s__Streptococcus_oralis_AA	NA	NA	NA	0.0119047619	NA	NA	NA	0	NA	NA	NA	NA	0	1	0	-	NA	fixed	NA	none	0	False	containment 0.01 < 0.5; only 0/1 enzymes produced a fit; no PTR estimate	BcgI:only 1 windows after outlier trimming	no enzyme produced a usable estimate
CRR1310390	GCF_002096445.1	s__Streptococcus_oralis_N	NA	NA	NA	0.02272727273	NA	NA	NA	0	NA	NA	NA	NA	0	1	0	-	NA	fixed	NA	none	0	False	containment 0.02 < 0.5; only 0/1 enzymes produced a fit; no PTR estimate	BcgI:only 0 windows after outlier trimming	no enzyme produced a usable estimate
CRR1310390	GCF_002096595.1	s__Streptococcus_oralis_D	NA	NA	NA	0	NA	NA	NA	0	NA	NA	NA	NA	0	1	0	-	NA	fixed	NA	none	0	False	containment 0.00 < 0.5; only 0/1 enzymes produced a fit; no PTR estimate	BcgI:only 0 windows after outlier trimming	no enzyme produced a usable estimate
CRR1310390	GCF_002096615.1	s__Streptococcus_oralis_U	NA	NA	NA	0	NA	NA	NA	0	NA	NA	NA	NA	0	1	0	-	NA	fixed	NA	none	0	False	containment 0.00 < 0.5; only 0/1 enzymes produced a fit; no PTR estimate	BcgI:only 0 windows after outlier trimming	no enzyme produced a usable estimate
CRR1310390	GCF_002096685.1	s__Streptococcus_oralis_AD	NA	NA	NA	0.01369863014	NA	NA	NA	0	NA	NA	NA	NA	0	1	0	-	NA	fixed	NA	none	0	False	containment 0.01 < 0.5; only 0/1 enzymes produced a fit; no PTR estimate	BcgI:only 1 windows after outlier trimming	no enzyme produced a usable estimate
CRR1310390	GCF_002096695.1	s__Streptococcus_dentisani	NA	NA	NA	0	NA	NA	NA	0	NA	NA	NA	NA	0	1	0	-	NA	fixed	NA	none	0	False	containment 0.00 < 0.5; only 0/1 enzymes produced a fit; no PTR estimate	BcgI:only 0 windows after outlier trimming	no enzyme produced a usable estimate
CRR1310390	GCF_002096815.1	s__Streptococcus_mitis_AD	NA	NA	NA	0	NA	NA	NA	0	NA	NA	NA	NA	0	1	0	-	NA	fixed	NA	none	0	False	containment 0.00 < 0.5; only 0/1 enzymes produced a fit; no PTR estimate	BcgI:only 0 windows after outlier trimming	no enzyme produced a usable estimate
CRR1310390	GCF_002096835.1	s__Streptococcus_mitis_W	NA	NA	NA	0.01639344262	NA	NA	NA	0	NA	NA	NA	NA	0	1	0	-	NA	fixed	NA	none	0	False	containment 0.02 < 0.5; only 0/1 enzymes produced a fit; no PTR estimate	BcgI:only 0 windows after outlier trimming	no enzyme produced a usable estimate
CRR1310390	GCF_002096845.1	s__Streptococcus_mitis_A	NA	NA	NA	0	NA	NA	NA	0	NA	NA	NA	NA	0	1	0	-	NA	fixed	NA	none	0	False	containment 0.00 < 0.5; only 0/1 enzymes produced a fit; no PTR estimate	BcgI:only 0 windows after outlier trimming	no enzyme produced a usable estimate
CRR1310390	GCF_002096855.1	s__Streptococcus_mitis_Y	NA	NA	NA	0	NA	NA	NA	0	NA	NA	NA	NA	0	1	0	-	NA	fixed	NA	none	0	False	containment 0.00 < 0.5; only 0/1 enzymes produced a fit; no PTR estimate	BcgI:only 0 windows after outlier trimming	no enzyme produced a usable estimate
CRR1310390	GCF_002096895.1	s__Streptococcus_mitis_AH	NA	NA	NA	0.01851851852	NA	NA	NA	0	NA	NA	NA	NA	0	1	0	-	NA	fixed	NA	none	0	False	containment 0.02 < 0.5; only 0/1 enzymes produced a fit; no PTR estimate	BcgI:only 1 windows after outlier trimming	no enzyme produced a usable estimate
CRR1310390	GCF_002096925.1	s__Streptococcus_mitis_AF	NA	NA	NA	0	NA	NA	NA	0	NA	NA	NA	NA	0	1	0	-	NA	fixed	NA	none	0	False	containment 0.00 < 0.5; only 0/1 enzymes produced a fit; no PTR estimate	BcgI:only 0 windows after outlier trimming	no enzyme produced a usable estimate
CRR1310390	GCF_002108505.1	s__Neisseria_dumasiana	NA	NA	NA	0	NA	NA	NA	0	NA	NA	NA	NA	0	1	0	-	NA	fixed	NA	none	0	False	containment 0.00 < 0.5; only 0/1 enzymes produced a fit; no PTR estimate	BcgI:only 0 windows after outlier trimming	no enzyme produced a usable estimate
CRR1310390	GCF_002108595.1	s__Neisseria_dentiae	NA	NA	NA	0.000456412597	NA	NA	NA	0	NA	NA	NA	NA	0	1	0	-	NA	fixed	NA	none	0	False	containment 0.00 < 0.5; only 0/1 enzymes produced a fit; no PTR estimate	BcgI:only 1 windows after outlier trimming	no enzyme produced a usable estimate
CRR1310390	GCF_002127225.1	s__Sphingomonas_sp002127225	NA	NA	NA	0	NA	NA	NA	0	NA	NA	NA	NA	0	1	0	-	NA	fixed	NA	none	0	False	containment 0.00 < 0.5; only 0/1 enzymes produced a fit; no PTR estimate	BcgI:only 0 windows after outlier trimming	no enzyme produced a usable estimate
CRR1310390	GCF_002197385.1	s__Streptococcus_agalactiae	NA	NA	NA	0	NA	NA	NA	0	NA	NA	NA	NA	0	1	0	-	NA	fixed	NA	none	0	False	containment 0.00 < 0.5; only 0/1 enzymes produced a fit; no PTR estimate	BcgI:only 0 windows after outlier trimming	no enzyme produced a usable estimate
CRR1310390	GCF_002204455.1	s__Porphyromonas_gingivalis	NA	NA	NA	0.001187648456	NA	NA	NA	0	NA	NA	NA	NA	0	1	0	-	NA	fixed	NA	none	0	False	containment 0.00 < 0.5; only 0/1 enzymes produced a fit; no PTR estimate	BcgI:only 0 windows after outlier trimming	no enzyme produced a usable estimate
CRR1310390	GCF_002204475.1	s__Prevotella_nigrescens	NA	NA	NA	0.001907183725	NA	NA	NA	0	NA	NA	NA	NA	0	1	0	-	NA	fixed	NA	none	0	False	containment 0.00 < 0.5; only 0/1 enzymes produced a fit; no PTR estimate	BcgI:only 1 windows after outlier trimming	no enzyme produced a usable estimate
CRR1310390	GCF_002205845.1	s__Pelomonas_puraquae	NA	NA	NA	0	NA	NA	NA	0	NA	NA	NA	NA	0	1	0	-	NA	fixed	NA	none	0	False	containment 0.00 < 0.5; only 0/1 enzymes produced a fit; no PTR estimate	BcgI:only 0 windows after outlier trimming	no enzyme produced a usable estimate
CRR1310390	GCF_002209185.2	s__Corynebacterium_amycolatum_A	NA	NA	NA	0	NA	NA	NA	0	NA	NA	NA	NA	0	1	0	-	NA	fixed	NA	none	0	False	containment 0.00 < 0.5; only 0/1 enzymes produced a fit; no PTR estimate	BcgI:only 0 windows after outlier trimming	no enzyme produced a usable estimate
CRR1310390	GCF_002209445.1	s__Capnocytophaga_endodontalis	NA	NA	NA	0	NA	NA	NA	0	NA	NA	NA	NA	0	1	0	-	NA	fixed	NA	none	0	False	containment 0.00 < 0.5; only 0/1 enzymes produced a fit; no PTR estimate	BcgI:only 0 windows after outlier trimming	no enzyme produced a usable estimate
CRR1310390	GCF_002237445.1	s__Neisseria_sp002237445	NA	NA	NA	0.0005646527386	NA	NA	NA	0	NA	NA	NA	NA	0	1	0	-	NA	fixed	NA	none	0	False	containment 0.00 < 0.5; only 0/1 enzymes produced a fit; no PTR estimate	BcgI:only 1 windows after outlier trimming	no enzyme produced a usable estimate
CRR1310390	GCF_002238135.1	s__Rothia_aeria	NA	NA	NA	0.007586206897	NA	NA	NA	0	NA	NA	NA	NA	0	1	0	-	NA	fixed	NA	none	0	False	containment 0.01 < 0.5; only 0/1 enzymes produced a fit; no PTR estimate	BcgI:only 2 windows after outlier trimming	no enzyme produced a usable estimate
CRR1310390	GCF_002243385.1	s__Mogibacterium_pumilum	NA	NA	NA	0	NA	NA	NA	0	NA	NA	NA	NA	0	1	0	-	NA	fixed	NA	none	0	False	containment 0.00 < 0.5; only 0/1 enzymes produced a fit; no PTR estimate	BcgI:only 0 windows after outlier trimming	no enzyme produced a usable estimate
CRR1310390	GCF_002259155.1	s__Rhodococcus_B_sp002259415	NA	NA	NA	0	NA	NA	NA	0	NA	NA	NA	NA	0	1	0	-	NA	fixed	NA	none	0	False	containment 0.00 < 0.5; only 0/1 enzymes produced a fit; no PTR estimate	BcgI:only 0 windows after outlier trimming	no enzyme produced a usable estimate
CRR1310390	GCF_002259295.1	s__Rhodococcus_B_fascians	NA	NA	NA	0	NA	NA	NA	0	NA	NA	NA	NA	0	1	0	-	NA	fixed	NA	none	0	False	containment 0.00 < 0.5; only 0/1 enzymes produced a fit; no PTR estimate	BcgI:only 0 windows after outlier trimming	no enzyme produced a usable estimate
CRR1310390	GCF_002289925.1	s__Ligilactobacillus_salivarius	NA	NA	NA	0	NA	NA	NA	0	NA	NA	NA	NA	0	1	0	-	NA	fixed	NA	none	0	False	containment 0.00 < 0.5; only 0/1 enzymes produced a fit; no PTR estimate	BcgI:only 0 windows after outlier trimming	no enzyme produced a usable estimate
CRR1310390	GCF_002302595.1	s__Capnocytophaga_sputigena	NA	NA	NA	0	NA	NA	NA	0	NA	NA	NA	NA	0	1	0	-	NA	fixed	NA	none	0	False	containment 0.00 < 0.5; only 0/1 enzymes produced a fit; no PTR estimate	BcgI:only 0 windows after outlier trimming	no enzyme produced a usable estimate
CRR1310390	GCF_002355895.1	s__Streptococcus_sp002355895	NA	NA	NA	0	NA	NA	NA	0	NA	NA	NA	NA	0	1	0	-	NA	fixed	NA	none	0	False	containment 0.00 < 0.5; only 0/1 enzymes produced a fit; no PTR estimate	BcgI:only 0 windows after outlier trimming	no enzyme produced a usable estimate
CRR1310390	GCF_002443115.1	s__Dermabacter_hominis	NA	NA	NA	0	NA	NA	NA	0	NA	NA	NA	NA	0	1	0	-	NA	fixed	NA	none	0	False	containment 0.00 < 0.5; only 0/1 enzymes produced a fit; no PTR estimate	BcgI:only 0 windows after outlier trimming	no enzyme produced a usable estimate
CRR1310390	GCF_002551535.2	s__Neisseria_brasiliensis	NA	NA	NA	0	NA	NA	NA	0	NA	NA	NA	NA	0	1	0	-	NA	fixed	NA	none	0	False	containment 0.00 < 0.5; only 0/1 enzymes produced a fit; no PTR estimate	BcgI:only 0 windows after outlier trimming	no enzyme produced a usable estimate
CRR1310390	GCF_002763535.1	s__Prevotella_intermedia	NA	NA	NA	0	NA	NA	NA	0	NA	NA	NA	NA	0	1	0	-	NA	fixed	NA	none	0	False	containment 0.00 < 0.5; only 0/1 enzymes produced a fit; no PTR estimate	BcgI:only 0 windows after outlier trimming	no enzyme produced a usable estimate
CRR1310390	GCF_002763595.1	s__Fusobacterium_pseudoperiodonticum	NA	NA	NA	0	NA	NA	NA	0	NA	NA	NA	NA	0	1	0	-	NA	fixed	NA	none	0	False	containment 0.00 < 0.5; only 0/1 enzymes produced a fit; no PTR estimate	BcgI:only 0 windows after outlier trimming	no enzyme produced a usable estimate
CRR1310390	GCF_002803535.1	s__Ochrobactrum_A_pituitosum	NA	NA	NA	0	NA	NA	NA	0	NA	NA	NA	NA	0	1	0	-	NA	fixed	NA	none	0	False	containment 0.00 < 0.5; only 0/1 enzymes produced a fit; no PTR estimate	BcgI:only 0 windows after outlier trimming	no enzyme produced a usable estimate
CRR1310390	GCF_002810365.1	s__Psychrobacter_sp002810365	NA	NA	NA	0.0005837711617	NA	NA	NA	0	NA	NA	NA	NA	0	1	0	-	NA	fixed	NA	none	0	False	containment 0.00 < 0.5; only 0/1 enzymes produced a fit; no PTR estimate	BcgI:only 0 windows after outlier trimming	no enzyme produced a usable estimate
CRR1310390	GCF_002860865.1	s__Streptococcus_mitis_AT	NA	NA	NA	0.0206185567	NA	NA	NA	0	NA	NA	NA	NA	0	1	0	-	NA	fixed	NA	none	0	False	containment 0.02 < 0.5; only 0/1 enzymes produced a fit; no PTR estimate	BcgI:only 0 windows after outlier trimming	no enzyme produced a usable estimate
CRR1310390	GCF_002860905.1	s__Streptococcus_oralis_BA	NA	NA	NA	0	NA	NA	NA	0	NA	NA	NA	NA	0	1	0	-	NA	fixed	NA	none	0	False	containment 0.00 < 0.5; only 0/1 enzymes produced a fit; no PTR estimate	BcgI:only 0 windows after outlier trimming	no enzyme produced a usable estimate
CRR1310390	GCF_002863305.1	s__Neisseria_perflava	NA	NA	NA	0	NA	NA	NA	0	NA	NA	NA	NA	0	1	0	-	NA	fixed	NA	none	0	False	containment 0.00 < 0.5; only 0/1 enzymes produced a fit; no PTR estimate	BcgI:only 0 windows after outlier trimming	no enzyme produced a usable estimate
CRR1310390	GCF_002869785.1	s__Tsukamurella_tyrosinosolvens	NA	NA	NA	0.0003036283589	NA	NA	NA	0	NA	NA	NA	NA	0	1	0	-	NA	fixed	NA	none	0	False	containment 0.00 < 0.5; only 0/1 enzymes produced a fit; no PTR estimate	BcgI:only 2 windows after outlier trimming	no enzyme produced a usable estimate
CRR1310390	GCF_002871975.1	s__Actinomyces_graevenitzii	0.7847649698	0.3277777778	0.09446886447	0.04035874439	4.661052236	2.220655681	NA	191	0.7853343222	0.8817134993	0.4925289778	3.948782384	1	1	1	BcgI	NA	fixed	1938823.227	glm	6	False	coverage 0.78 < 1.0; fraction 0.09 < 0.75; containment 0.04 < 0.5	-	single enzyme: no cross-enzyme consistency check available
CRR1310390	GCF_002884635.1	s__Prevotella_buccalis	4.017505017	6.489878948	0.04350727778	0.02646239554	5.906993835	2.562424106	NA	462	0.9765884592	1.665465277	-0.7018278532	5.826676066	1	1	1	BcgI	NA	fixed	1960748.478	glm	8	False	fraction 0.04 < 0.75; dispersion 6.49 > 5.0; containment 0.03 < 0.5	-	single enzyme: no cross-enzyme consistency check available
CRR1310390	GCF_002894165.1	s__Prevotella_timonensis	NA	NA	NA	0.01652892562	NA	NA	NA	0	NA	NA	NA	NA	0	1	0	-	NA	fixed	NA	none	0	False	containment 0.02 < 0.5; only 0/1 enzymes produced a fit; no PTR estimate	BcgI:only 1 windows after outlier trimming	no enzyme produced a usable estimate
CRR1310390	GCF_002906715.1	s__Pseudomonas_E_sp002843585	5.633684586	13.23529412	0.01111111111	0.001716336402	2.611977879	1.385142679	NA	900	0.8442951816	0.9465200667	-0.4700025627	3.24028792	1	1	1	BcgI	NA	fixed	2481185.331	glm	9	False	fraction 0.01 < 0.75; dispersion 13.24 > 5.0; containment 0.00 < 0.5	-	single enzyme: no cross-enzyme consistency check available
CRR1310390	GCF_002907185.1	s__Fructilactobacillus_sanfranciscensis	NA	NA	NA	0	NA	NA	NA	0	NA	NA	NA	NA	0	1	0	-	NA	fixed	NA	none	0	False	containment 0.00 < 0.5; only 0/1 enzymes produced a fit; no PTR estimate	BcgI:only 0 windows after outlier trimming	no enzyme produced a usable estimate
CRR1310390	GCF_002912505.1	s__Campylobacter_A_concisus_T	NA	NA	NA	0	NA	NA	NA	0	NA	NA	NA	NA	0	1	0	-	NA	fixed	NA	none	0	False	containment 0.00 < 0.5; only 0/1 enzymes produced a fit; no PTR estimate	BcgI:only 0 windows after outlier trimming	no enzyme produced a usable estimate
CRR1310390	GCF_002914085.1	s__Campylobacter_A_concisus_R	NA	NA	NA	0	NA	NA	NA	0	NA	NA	NA	NA	0	1	0	-	NA	fixed	NA	none	0	False	containment 0.00 < 0.5; only 0/1 enzymes produced a fit; no PTR estimate	BcgI:only 0 windows after outlier trimming	no enzyme produced a usable estimate
CRR1310390	GCF_002934005.1	s__Cuspidothrix_issatschenkoi	NA	NA	NA	0	NA	NA	NA	0	NA	NA	NA	NA	0	1	0	-	NA	fixed	NA	none	0	False	containment 0.00 < 0.5; only 0/1 enzymes produced a fit; no PTR estimate	BcgI:only 0 windows after outlier trimming	no enzyme produced a usable estimate
CRR1310390	GCF_002948535.1	s__Enterococcus_faecalis	NA	NA	NA	0.002649006623	NA	NA	NA	0	NA	NA	NA	NA	0	1	0	-	NA	fixed	NA	none	0	False	containment 0.00 < 0.5; only 0/1 enzymes produced a fit; no PTR estimate	BcgI:only 1 windows after outlier trimming	no enzyme produced a usable estimate
CRR1310390	GCF_002951835.1	s__Simonsiella_muelleri	NA	NA	NA	0	NA	NA	NA	0	NA	NA	NA	NA	0	1	0	-	NA	fixed	NA	none	0	False	containment 0.00 < 0.5; only 0/1 enzymes produced a fit; no PTR estimate	BcgI:only 0 windows after outlier trimming	no enzyme produced a usable estimate
CRR1310390	GCF_002959755.1	s__Veillonella_sp002959755	NA	NA	NA	0.115942029	NA	NA	NA	0	NA	NA	NA	NA	0	1	0	-	NA	fixed	NA	none	0	False	containment 0.12 < 0.5; only 0/1 enzymes produced a fit; no PTR estimate	BcgI:only 4 windows after outlier trimming	no enzyme produced a usable estimate
CRR1310390	GCF_002959835.1	s__Veillonella_rogosae	2.142418386	1.517526455	0.1439304898	0.1055155875	2.88474425	1.528443421	NA	241	0.9129332238	0.4944779619	0.5592844245	2.497602418	1	1	1	BcgI	NA	fixed	1256706.335	glm	11	False	fraction 0.14 < 0.75; containment 0.11 < 0.5	-	single enzyme: no cross-enzyme consistency check available
CRR1310390	GCF_002959855.1	s__Veillonella_denticariosi	NA	NA	NA	0	NA	NA	NA	0	NA	NA	NA	NA	0	1	0	-	NA	fixed	NA	none	0	False	containment 0.00 < 0.5; only 0/1 enzymes produced a fit; no PTR estimate	BcgI:only 0 windows after outlier trimming	no enzyme produced a usable estimate
CRR1310390	GCF_002959875.1	s__Veillonella_infantium	2.826520261	0.9777777778	0.1584233732	0.05	2.364386365	1.241465806	NA	99	0.7050011905	0.1250048497	0.9964608024	1.486470809	1	1	1	BcgI	NA	fixed	1846755.938	glm	6	False	fraction 0.16 < 0.75; containment 0.05 < 0.5	-	single enzyme: no cross-enzyme consistency check available
CRR1310390	GCF_002984015.1	s__Haemophilus_influenzae_D	NA	NA	NA	0	NA	NA	NA	0	NA	NA	NA	NA	0	1	0	-	NA	fixed	NA	none	0	False	containment 0.00 < 0.5; only 0/1 enzymes produced a fit; no PTR estimate	BcgI:only 0 windows after outlier trimming	no enzyme produced a usable estimate
CRR1310390	GCF_002984725.1	s__Haemophilus_influenzae_E	NA	NA	NA	0	NA	NA	NA	0	NA	NA	NA	NA	0	1	0	-	NA	fixed	NA	none	0	False	containment 0.00 < 0.5; only 0/1 enzymes produced a fit; no PTR estimate	BcgI:only 0 windows after outlier trimming	no enzyme produced a usable estimate
CRR1310390	GCF_002989575.1	s__Haemophilus_influenzae_F	NA	NA	NA	0	NA	NA	NA	0	NA	NA	NA	NA	0	1	0	-	NA	fixed	NA	none	0	False	containment 0.00 < 0.5; only 0/1 enzymes produced a fit; no PTR estimate	BcgI:only 0 windows after outlier trimming	no enzyme produced a usable estimate
CRR1310390	GCF_002999035.1	s__W11650_sp002999035	NA	NA	NA	0.001384083045	NA	NA	NA	0	NA	NA	NA	NA	0	1	0	-	NA	fixed	NA	none	0	False	containment 0.00 < 0.5; only 0/1 enzymes produced a fit; no PTR estimate	BcgI:only 1 windows after outlier trimming	no enzyme produced a usable estimate
CRR1310390	GCF_002999135.1	s__Capnocytophaga_sp002999135	NA	NA	NA	0	NA	NA	NA	0	NA	NA	NA	NA	0	1	0	-	NA	fixed	NA	none	0	False	containment 0.00 < 0.5; only 0/1 enzymes produced a fit; no PTR estimate	BcgI:only 0 windows after outlier trimming	no enzyme produced a usable estimate
CRR1310390	GCF_002999235.1	s__Actinomyces_sp002999235	NA	NA	NA	0.001951854262	NA	NA	NA	0	NA	NA	NA	NA	0	1	0	-	NA	fixed	NA	none	0	False	containment 0.00 < 0.5; only 0/1 enzymes produced a fit; no PTR estimate	BcgI:only 1 windows after outlier trimming	no enzyme produced a usable estimate
CRR1310390	GCF_002999515.1	s__Streptococcus_anginosus_C	NA	NA	NA	0.04424778761	NA	NA	NA	0	NA	NA	NA	NA	0	1	0	-	NA	fixed	NA	none	0	False	containment 0.04 < 0.5; only 0/1 enzymes produced a fit; no PTR estimate	BcgI:only 3 windows after outlier trimming	no enzyme produced a usable estimate
CRR1310390	GCF_003008575.1	s__SC2-9_sp003008575	NA	NA	NA	0	NA	NA	NA	0	NA	NA	NA	NA	0	1	0	-	NA	fixed	NA	none	0	False	containment 0.00 < 0.5; only 0/1 enzymes produced a fit; no PTR estimate	BcgI:only 0 windows after outlier trimming	no enzyme produced a usable estimate
CRR1310390	GCF_003013245.1	s__Neisseria_iguanae	NA	NA	NA	0	NA	NA	NA	0	NA	NA	NA	NA	0	1	0	-	NA	fixed	NA	none	0	False	containment 0.00 < 0.5; only 0/1 enzymes produced a fit; no PTR estimate	BcgI:only 0 windows after outlier trimming	no enzyme produced a usable estimate
CRR1310390	GCF_003043925.1	s__Prevotella_sp003043925	NA	NA	NA	0.001271455817	NA	NA	NA	0	NA	NA	NA	NA	0	1	0	-	NA	fixed	NA	none	0	False	containment 0.00 < 0.5; only 0/1 enzymes produced a fit; no PTR estimate	BcgI:only 1 windows after outlier trimming	no enzyme produced a usable estimate
CRR1310390	GCF_003043935.1	s__Prevotella_jejuni	NA	NA	NA	0.002004008016	NA	NA	NA	0	NA	NA	NA	NA	0	1	0	-	NA	fixed	NA	none	0	False	containment 0.00 < 0.5; only 0/1 enzymes produced a fit; no PTR estimate	BcgI:only 1 windows after outlier trimming	no enzyme produced a usable estimate
CRR1310390	GCF_003043945.1	s__Prevotella_sp003043945	NA	NA	NA	0.0005330490405	NA	NA	NA	0	NA	NA	NA	NA	0	1	0	-	NA	fixed	NA	none	0	False	containment 0.00 < 0.5; only 0/1 enzymes produced a fit; no PTR estimate	BcgI:only 0 windows after outlier trimming	no enzyme produced a usable estimate
CRR1310390	GCF_003043955.1	s__F0428_sp003043955	NA	NA	NA	0.009146341463	NA	NA	NA	0	NA	NA	NA	NA	0	1	0	-	NA	fixed	NA	none	0	False	containment 0.01 < 0.5; only 0/1 enzymes produced a fit; no PTR estimate	BcgI:only 2 windows after outlier trimming	no enzyme produced a usable estimate
CRR1310390	GCF_003044425.1	s__Neisseria_sicca_C	NA	NA	NA	0	NA	NA	NA	0	NA	NA	NA	NA	0	1	0	-	NA	fixed	NA	none	0	False	containment 0.00 < 0.5; only 0/1 enzymes produced a fit; no PTR estimate	BcgI:only 0 windows after outlier trimming	no enzyme produced a usable estimate
CRR1310390	GCF_003044485.1	s__Neisseria_bergeri	NA	NA	NA	0	NA	NA	NA	0	NA	NA	NA	NA	0	1	0	-	NA	fixed	NA	none	0	False	containment 0.00 < 0.5; only 0/1 enzymes produced a fit; no PTR estimate	BcgI:only 0 windows after outlier trimming	no enzyme produced a usable estimate
CRR1310390	GCF_003044645.1	s__Neisseria_subflava_B	NA	NA	NA	0	NA	NA	NA	0	NA	NA	NA	NA	0	1	0	-	NA	fixed	NA	none	0	False	containment 0.00 < 0.5; only 0/1 enzymes produced a fit; no PTR estimate	BcgI:only 0 windows after outlier trimming	no enzyme produced a usable estimate
CRR1310390	GCF_003044905.1	s__Neisseria_weaveri	NA	NA	NA	0	NA	NA	NA	0	NA	NA	NA	NA	0	1	0	-	NA	fixed	NA	none	0	False	containment 0.00 < 0.5; only 0/1 enzymes produced a fit; no PTR estimate	BcgI:only 0 windows after outlier trimming	no enzyme produced a usable estimate
CRR1310390	GCF_003048595.1	s__Campylobacter_A_concisus_L	NA	NA	NA	0	NA	NA	NA	0	NA	NA	NA	NA	0	1	0	-	NA	fixed	NA	none	0	False	containment 0.00 < 0.5; only 0/1 enzymes produced a fit; no PTR estimate	BcgI:only 0 windows after outlier trimming	no enzyme produced a usable estimate
CRR1310390	GCF_003048835.1	s__Campylobacter_A_concisus_D	NA	NA	NA	0	NA	NA	NA	0	NA	NA	NA	NA	0	1	0	-	NA	fixed	NA	none	0	False	containment 0.00 < 0.5; only 0/1 enzymes produced a fit; no PTR estimate	BcgI:only 0 windows after outlier trimming	no enzyme produced a usable estimate
CRR1310390	GCF_003053105.1	s__Limosilactobacillus_fermentum	NA	NA	NA	0	NA	NA	NA	0	NA	NA	NA	NA	0	1	0	-	NA	fixed	NA	none	0	False	containment 0.00 < 0.5; only 0/1 enzymes produced a fit; no PTR estimate	BcgI:only 0 windows after outlier trimming	no enzyme produced a usable estimate
CRR1310390	GCF_003056725.1	s__Mangrovicoccus_ximenensis	NA	NA	NA	0.0001291489087	NA	NA	NA	0	NA	NA	NA	NA	0	1	0	-	NA	fixed	NA	none	0	False	containment 0.00 < 0.5; only 0/1 enzymes produced a fit; no PTR estimate	BcgI:only 0 windows after outlier trimming	no enzyme produced a usable estimate
CRR1310390	GCF_003096815.1	s__Prevotella_colorans	11.11244805	3.615384615	0.1486760462	0.01044083527	2.666516541	1.414956278	NA	109	0.7491002482	2.401279897	-3.291465838	6.121378393	1	1	1	BcgI	NA	fixed	1915274.4	glm	6	False	fraction 0.15 < 0.75; containment 0.01 < 0.5	-	single enzyme: no cross-enzyme consistency check available
CRR1310390	GCF_003124035.1	s__Kocuria_rosea	NA	NA	NA	0	NA	NA	NA	0	NA	NA	NA	NA	0	1	0	-	NA	fixed	NA	none	0	False	containment 0.00 < 0.5; only 0/1 enzymes produced a fit; no PTR estimate	BcgI:only 0 windows after outlier trimming	no enzyme produced a usable estimate
CRR1310390	GCF_003129965.1	s__Aggregatibacter_kilianii_A	NA	NA	NA	0	NA	NA	NA	0	NA	NA	NA	NA	0	1	0	-	NA	fixed	NA	none	0	False	containment 0.00 < 0.5; only 0/1 enzymes produced a fit; no PTR estimate	BcgI:only 0 windows after outlier trimming	no enzyme produced a usable estimate
CRR1310390	GCF_003130075.1	s__Aggregatibacter_segnis_A	NA	NA	NA	0	NA	NA	NA	0	NA	NA	NA	NA	0	1	0	-	NA	fixed	NA	none	0	False	containment 0.00 < 0.5; only 0/1 enzymes produced a fit; no PTR estimate	BcgI:only 0 windows after outlier trimming	no enzyme produced a usable estimate
CRR1310390	GCF_003182235.1	s__Phyllobacterium_myrsinacearum	NA	NA	NA	0	NA	NA	NA	0	NA	NA	NA	NA	0	1	0	-	NA	fixed	NA	none	0	False	containment 0.00 < 0.5; only 0/1 enzymes produced a fit; no PTR estimate	BcgI:only 0 windows after outlier trimming	no enzyme produced a usable estimate
CRR1310390	GCF_003201255.1	s__Pantoea_ananatis	NA	NA	NA	0.0005929439668	NA	NA	NA	0	NA	NA	NA	NA	0	1	0	-	NA	fixed	NA	none	0	False	containment 0.00 < 0.5; only 0/1 enzymes produced a fit; no PTR estimate	BcgI:only 1 windows after outlier trimming	no enzyme produced a usable estimate
CRR1310390	GCF_003252645.1	s__Aggregatibacter_segnis	NA	NA	NA	0	NA	NA	NA	0	NA	NA	NA	NA	0	1	0	-	NA	fixed	NA	none	0	False	containment 0.00 < 0.5; only 0/1 enzymes produced a fit; no PTR estimate	BcgI:only 0 windows after outlier trimming	no enzyme produced a usable estimate
CRR1310390	GCF_003252725.1	s__Haemophilus_D_parainfluenzae_L	19.6972414	10.071592	0.1230216588	0.08085106383	3.235078355	1.693800655	NA	154	0.9014296378	2.261645347	-2.738942771	6.126544081	1	1	1	BcgI	NA	fixed	1386979.575	glm	8	False	fraction 0.12 < 0.75; dispersion 10.07 > 5.0; containment 0.08 < 0.5	-	single enzyme: no cross-enzyme consistency check available
CRR1310390	GCF_003252795.1	s__Haemophilus_D_parainfluenzae_K	9.62734842	12.19107355	0.1219968502	0.1166666667	4.702875054	2.233543003	NA	213	0.9895765334	0.9730516153	0.3263968819	4.140689124	1	1	1	BcgI	NA	fixed	971034.7817	glm	9	False	fraction 0.12 < 0.75; dispersion 12.19 > 5.0; containment 0.12 < 0.5	-	single enzyme: no cross-enzyme consistency check available
CRR1310390	GCF_003252835.1	s__Aggregatibacter_kilianii	NA	NA	NA	0	NA	NA	NA	0	NA	NA	NA	NA	0	1	0	-	NA	fixed	NA	none	0	False	containment 0.00 < 0.5; only 0/1 enzymes produced a fit; no PTR estimate	BcgI:only 0 windows after outlier trimming	no enzyme produced a usable estimate
CRR1310390	GCF_003263915.2	s__Dolosigranulum_pigrum	NA	NA	NA	0	NA	NA	NA	0	NA	NA	NA	NA	0	1	0	-	NA	fixed	NA	none	0	False	containment 0.00 < 0.5; only 0/1 enzymes produced a fit; no PTR estimate	BcgI:only 0 windows after outlier trimming	no enzyme produced a usable estimate
CRR1310390	GCF_003345135.1	s__Acidovorax_defluvii	NA	NA	NA	0	NA	NA	NA	0	NA	NA	NA	NA	0	1	0	-	NA	fixed	NA	none	0	False	containment 0.00 < 0.5; only 0/1 enzymes produced a fit; no PTR estimate	BcgI:only 0 windows after outlier trimming	no enzyme produced a usable estimate
CRR1310390	GCF_003428885.1	s__Streptococcus_sp003428885	NA	NA	NA	0	NA	NA	NA	0	NA	NA	NA	NA	0	1	0	-	NA	fixed	NA	none	0	False	containment 0.00 < 0.5; only 0/1 enzymes produced a fit; no PTR estimate	BcgI:only 0 windows after outlier trimming	no enzyme produced a usable estimate
CRR1310390	GCF_003433295.1	s__Eubacterium_A_minutum	NA	NA	NA	0	NA	NA	NA	0	NA	NA	NA	NA	0	1	0	-	NA	fixed	NA	none	0	False	containment 0.00 < 0.5; only 0/1 enzymes produced a fit; no PTR estimate	BcgI:only 0 windows after outlier trimming	no enzyme produced a usable estimate
CRR1310390	GCF_003463825.1	s__Veillonella_sp003463825	4.241323031	1.018356816	0.5634920635	0.2148148148	1.509615764	0.5941813933	NA	52	0.7224532951	1.06675421	-1.496618439	2.684981226	1	1	1	BcgI	NA	fixed	997628.6986	glm	15	False	fraction 0.56 < 0.75; containment 0.21 < 0.5	-	single enzyme: no cross-enzyme consistency check available
CRR1310390	GCF_003464005.1	s__Veillonella_parvula_A	2.720409659	1.80395382	0.5758547245	0.3395638629	2.097976115	1.068998253	NA	232	0.9235892451	0.5150384632	0.05954141479	2.078455092	1	1	1	BcgI	NA	fixed	395190.2667	glm	38	False	fraction 0.58 < 0.75; containment 0.34 < 0.5	-	single enzyme: no cross-enzyme consistency check available
CRR1310390	GCF_003490595.1	s__Haemophilus_haemolyticus_I	NA	NA	NA	0	NA	NA	NA	0	NA	NA	NA	NA	0	1	0	-	NA	fixed	NA	none	0	False	containment 0.00 < 0.5; only 0/1 enzymes produced a fit; no PTR estimate	BcgI:only 0 windows after outlier trimming	no enzyme produced a usable estimate
CRR1310390	GCF_003492425.1	s__Neisseria_lactamica	NA	NA	NA	0	NA	NA	NA	0	NA	NA	NA	NA	0	1	0	-	NA	fixed	NA	none	0	False	containment 0.00 < 0.5; only 0/1 enzymes produced a fit; no PTR estimate	BcgI:only 0 windows after outlier trimming	no enzyme produced a usable estimate
CRR1310390	GCF_003493605.1	s__Haemophilus_haemolyticus_J	NA	NA	NA	0	NA	NA	NA	0	NA	NA	NA	NA	0	1	0	-	NA	fixed	NA	none	0	False	containment 0.00 < 0.5; only 0/1 enzymes produced a fit; no PTR estimate	BcgI:only 0 windows after outlier trimming	no enzyme produced a usable estimate
CRR1310390	GCF_003570845.1	s__Allisonella_pneumosintes	1.121475352	0.4673376623	0.2884090909	0.2878787879	1.542820821	0.6255705211	NA	197	0.683656987	0.62244545	-0.5944001433	1.845541185	1	1	1	BcgI	NA	fixed	654625.9431	glm	8	False	fraction 0.29 < 0.75; containment 0.29 < 0.5	-	single enzyme: no cross-enzyme consistency check available
CRR1310390	GCF_003603405.1	s__Streptococcus_koreensis	1.083535418	0.6642857143	0.1049183007	0.09510086455	2.271213956	1.183463619	NA	202	0.7437424217	0.7506320127	-0.2877480912	2.65467533	1	1	1	BcgI	NA	fixed	1470346.613	glm	8	False	fraction 0.10 < 0.75; containment 0.10 < 0.5	-	single enzyme: no cross-enzyme consistency check available
CRR1310390	GCF_003609775.1	s__Prevotella_melaninogenica_A	NA	NA	NA	0	NA	NA	NA	0	NA	NA	NA	NA	0	1	0	-	NA	fixed	NA	none	0	False	containment 0.00 < 0.5; only 0/1 enzymes produced a fit; no PTR estimate	BcgI:only 0 windows after outlier trimming	no enzyme produced a usable estimate
CRR1310390	GCF_003627155.1	s__Streptococcus_gwangjuense	NA	NA	NA	0	NA	NA	NA	0	NA	NA	NA	NA	0	1	0	-	NA	fixed	NA	none	0	False	containment 0.00 < 0.5; only 0/1 enzymes produced a fit; no PTR estimate	BcgI:only 0 windows after outlier trimming	no enzyme produced a usable estimate
CRR1310390	GCF_003660455.1	s__Nocardioides_sp003660455	NA	NA	NA	0	NA	NA	NA	0	NA	NA	NA	NA	0	1	0	-	NA	fixed	NA	none	0	False	containment 0.00 < 0.5; only 0/1 enzymes produced a fit; no PTR estimate	BcgI:only 0 windows after outlier trimming	no enzyme produced a usable estimate
CRR1310390	GCF_003710825.1	s__Brevibacillus_D_fluminis	NA	NA	NA	0	NA	NA	NA	0	NA	NA	NA	NA	0	1	0	-	NA	fixed	NA	none	0	False	containment 0.00 < 0.5; only 0/1 enzymes produced a fit; no PTR estimate	BcgI:only 0 windows after outlier trimming	no enzyme produced a usable estimate
CRR1310390	GCF_003710885.1	s__Brevibacillus_agri	NA	NA	NA	0	NA	NA	NA	0	NA	NA	NA	NA	0	1	0	-	NA	fixed	NA	none	0	False	containment 0.00 < 0.5; only 0/1 enzymes produced a fit; no PTR estimate	BcgI:only 0 windows after outlier trimming	no enzyme produced a usable estimate
CRR1310390	GCF_003790445.1	s__Neisseria_chenwenguii	NA	NA	NA	0	NA	NA	NA	0	NA	NA	NA	NA	0	1	0	-	NA	fixed	NA	none	0	False	containment 0.00 < 0.5; only 0/1 enzymes produced a fit; no PTR estimate	BcgI:only 0 windows after outlier trimming	no enzyme produced a usable estimate
CRR1310390	GCF_003797385.1	s__Arachnia_propionica	NA	NA	NA	0.003921568627	NA	NA	NA	0	NA	NA	NA	NA	0	1	0	-	NA	fixed	NA	none	0	False	containment 0.00 < 0.5; only 0/1 enzymes produced a fit; no PTR estimate	BcgI:only 3 windows after outlier trimming	no enzyme produced a usable estimate
CRR1310390	GCF_003798325.1	s__Propionibacterium_acidifaciens	NA	NA	NA	0.002405291642	NA	NA	NA	0	NA	NA	NA	NA	0	1	0	-	NA	fixed	NA	none	0	False	containment 0.00 < 0.5; only 0/1 enzymes produced a fit; no PTR estimate	BcgI:only 2 windows after outlier trimming	no enzyme produced a usable estimate
CRR1310390	GCF_003813805.1	s__Neisseria_sp002327085	NA	NA	NA	0	NA	NA	NA	0	NA	NA	NA	NA	0	1	0	-	NA	fixed	NA	none	0	False	containment 0.00 < 0.5; only 0/1 enzymes produced a fit; no PTR estimate	BcgI:only 0 windows after outlier trimming	no enzyme produced a usable estimate
CRR1310390	GCF_003837955.1	s__Campylobacter_D_hepaticus	NA	NA	NA	0	NA	NA	NA	0	NA	NA	NA	NA	0	1	0	-	NA	fixed	NA	none	0	False	containment 0.00 < 0.5; only 0/1 enzymes produced a fit; no PTR estimate	BcgI:only 0 windows after outlier trimming	no enzyme produced a usable estimate
CRR1310390	GCF_003851545.1	s__Ralstonia_sp003851545	NA	NA	NA	0.0001701837985	NA	NA	NA	0	NA	NA	NA	NA	0	1	0	-	NA	fixed	NA	none	0	False	containment 0.00 < 0.5; only 0/1 enzymes produced a fit; no PTR estimate	BcgI:only 1 windows after outlier trimming	no enzyme produced a usable estimate
CRR1310390	GCF_003853905.1	s__Burkholderia_contaminans	NA	NA	NA	0	NA	NA	NA	0	NA	NA	NA	NA	0	1	0	-	NA	fixed	NA	none	0	False	containment 0.00 < 0.5; only 0/1 enzymes produced a fit; no PTR estimate	BcgI:only 0 windows after outlier trimming	no enzyme produced a usable estimate
CRR1310390	GCF_003859795.1	s__F0040_sp003859795	NA	NA	NA	0.0004651162791	NA	NA	NA	0	NA	NA	NA	NA	0	1	0	-	NA	fixed	NA	none	0	False	containment 0.00 < 0.5; only 0/1 enzymes produced a fit; no PTR estimate	BcgI:only 1 windows after outlier trimming	no enzyme produced a usable estimate
CRR1310390	GCF_003859805.1	s__Arachnia_propionica_C	NA	NA	NA	0.0005735589332	NA	NA	NA	0	NA	NA	NA	NA	0	1	0	-	NA	fixed	NA	none	0	False	containment 0.00 < 0.5; only 0/1 enzymes produced a fit; no PTR estimate	BcgI:only 1 windows after outlier trimming	no enzyme produced a usable estimate
CRR1310390	GCF_003862475.1	s__Lachnoanaerobaculum_gingivalis	NA	NA	NA	0	NA	NA	NA	0	NA	NA	NA	NA	0	1	0	-	NA	fixed	NA	none	0	False	containment 0.00 < 0.5; only 0/1 enzymes produced a fit; no PTR estimate	BcgI:only 0 windows after outlier trimming	no enzyme produced a usable estimate
CRR1310390	GCF_003892345.1	s__Lautropia_dentalis	NA	NA	NA	0	NA	NA	NA	0	NA	NA	NA	NA	0	1	0	-	NA	fixed	NA	none	0	False	containment 0.00 < 0.5; only 0/1 enzymes produced a fit; no PTR estimate	BcgI:only 0 windows after outlier trimming	no enzyme produced a usable estimate
CRR1310390	GCF_003932785.1	s__Arachnia_propionica_B	NA	NA	NA	0	NA	NA	NA	0	NA	NA	NA	NA	0	1	0	-	NA	fixed	NA	none	0	False	containment 0.00 < 0.5; only 0/1 enzymes produced a fit; no PTR estimate	BcgI:only 0 windows after outlier trimming	no enzyme produced a usable estimate
CRR1310390	GCF_003932855.1	s__Arachnia_sp003932855	NA	NA	NA	0	NA	NA	NA	0	NA	NA	NA	NA	0	1	0	-	NA	fixed	NA	none	0	False	containment 0.00 < 0.5; only 0/1 enzymes produced a fit; no PTR estimate	BcgI:only 0 windows after outlier trimming	no enzyme produced a usable estimate
CRR1310390	GCF_003942575.1	s__Streptococcus_mitis_S	NA	NA	NA	0	NA	NA	NA	0	NA	NA	NA	NA	0	1	0	-	NA	fixed	NA	none	0	False	containment 0.00 < 0.5; only 0/1 enzymes produced a fit; no PTR estimate	BcgI:only 0 windows after outlier trimming	no enzyme produced a usable estimate
CRR1310390	GCF_003942585.1	s__Streptococcus_oralis_BE	NA	NA	NA	0	NA	NA	NA	0	NA	NA	NA	NA	0	1	0	-	NA	fixed	NA	none	0	False	containment 0.00 < 0.5; only 0/1 enzymes produced a fit; no PTR estimate	BcgI:only 0 windows after outlier trimming	no enzyme produced a usable estimate
CRR1310390	GCF_003942665.1	s__Streptococcus_oralis_BD	NA	NA	NA	0.009174311927	NA	NA	NA	0	NA	NA	NA	NA	0	1	0	-	NA	fixed	NA	none	0	False	containment 0.01 < 0.5; only 0/1 enzymes produced a fit; no PTR estimate	BcgI:only 0 windows after outlier trimming	no enzyme produced a usable estimate
CRR1310390	GCF_003942775.1	s__Streptococcus_mitis_AK	NA	NA	NA	0.01538461538	NA	NA	NA	0	NA	NA	NA	NA	0	1	0	-	NA	fixed	NA	none	0	False	containment 0.02 < 0.5; only 0/1 enzymes produced a fit; no PTR estimate	BcgI:only 0 windows after outlier trimming	no enzyme produced a usable estimate
CRR1310390	GCF_003942795.1	s__Streptococcus_mitis_BJ	NA	NA	NA	0.01020408163	NA	NA	NA	0	NA	NA	NA	NA	0	1	0	-	NA	fixed	NA	none	0	False	containment 0.01 < 0.5; only 0/1 enzymes produced a fit; no PTR estimate	BcgI:only 1 windows after outlier trimming	no enzyme produced a usable estimate
CRR1310390	GCF_003942865.1	s__Streptococcus_mitis_BI	NA	NA	NA	0.01298701299	NA	NA	NA	0	NA	NA	NA	NA	0	1	0	-	NA	fixed	NA	none	0	False	containment 0.01 < 0.5; only 0/1 enzymes produced a fit; no PTR estimate	BcgI:only 1 windows after outlier trimming	no enzyme produced a usable estimate
CRR1310390	GCF_003942915.1	s__Streptococcus_mitis_AX	NA	NA	NA	0.02352941176	NA	NA	NA	0	NA	NA	NA	NA	0	1	0	-	NA	fixed	NA	none	0	False	containment 0.02 < 0.5; only 0/1 enzymes produced a fit; no PTR estimate	BcgI:only 0 windows after outlier trimming	no enzyme produced a usable estimate
CRR1310390	GCF_003942945.1	s__Streptococcus_mitis_BD	NA	NA	NA	0	NA	NA	NA	0	NA	NA	NA	NA	0	1	0	-	NA	fixed	NA	none	0	False	containment 0.00 < 0.5; only 0/1 enzymes produced a fit; no PTR estimate	BcgI:only 0 windows after outlier trimming	no enzyme produced a usable estimate
CRR1310390	GCF_003942965.1	s__Streptococcus_mitis_BH	NA	NA	NA	0.01219512195	NA	NA	NA	0	NA	NA	NA	NA	0	1	0	-	NA	fixed	NA	none	0	False	containment 0.01 < 0.5; only 0/1 enzymes produced a fit; no PTR estimate	BcgI:only 1 windows after outlier trimming	no enzyme produced a usable estimate
CRR1310390	GCF_003942985.1	s__Streptococcus_oralis_G	NA	NA	NA	0	NA	NA	NA	0	NA	NA	NA	NA	0	1	0	-	NA	fixed	NA	none	0	False	containment 0.00 < 0.5; only 0/1 enzymes produced a fit; no PTR estimate	BcgI:only 0 windows after outlier trimming	no enzyme produced a usable estimate
CRR1310390	GCF_003943395.1	s__Streptococcus_oralis_BF	NA	NA	NA	0	NA	NA	NA	0	NA	NA	NA	NA	0	1	0	-	NA	fixed	NA	none	0	False	containment 0.00 < 0.5; only 0/1 enzymes produced a fit; no PTR estimate	BcgI:only 0 windows after outlier trimming	no enzyme produced a usable estimate
CRR1310390	GCF_003943415.1	s__Streptococcus_oralis_BJ	NA	NA	NA	0	NA	NA	NA	0	NA	NA	NA	NA	0	1	0	-	NA	fixed	NA	none	0	False	containment 0.00 < 0.5; only 0/1 enzymes produced a fit; no PTR estimate	BcgI:only 0 windows after outlier trimming	no enzyme produced a usable estimate
CRR1310390	GCF_003943505.1	s__Streptococcus_cristatus_E	NA	NA	NA	0.00487804878	NA	NA	NA	0	NA	NA	NA	NA	0	1	0	-	NA	fixed	NA	none	0	False	containment 0.00 < 0.5; only 0/1 enzymes produced a fit; no PTR estimate	BcgI:only 0 windows after outlier trimming	no enzyme produced a usable estimate
CRR1310390	GCF_003943515.1	s__Streptococcus_cristatus_D	NA	NA	NA	0.01507537688	NA	NA	NA	0	NA	NA	NA	NA	0	1	0	-	NA	fixed	NA	none	0	False	containment 0.02 < 0.5; only 0/1 enzymes produced a fit; no PTR estimate	BcgI:only 1 windows after outlier trimming	no enzyme produced a usable estimate
CRR1310390	GCF_003943735.1	s__Streptococcus_sanguinis_E	NA	NA	NA	0.02092050209	NA	NA	NA	0	NA	NA	NA	NA	0	1	0	-	NA	fixed	NA	none	0	False	containment 0.02 < 0.5; only 0/1 enzymes produced a fit; no PTR estimate	BcgI:only 1 windows after outlier trimming	no enzyme produced a usable estimate
CRR1310390	GCF_003943815.1	s__Streptococcus_cristatus_F	NA	NA	NA	0.03141361257	NA	NA	NA	0	NA	NA	NA	NA	0	1	0	-	NA	fixed	NA	none	0	False	containment 0.03 < 0.5; only 0/1 enzymes produced a fit; no PTR estimate	BcgI:only 1 windows after outlier trimming	no enzyme produced a usable estimate
CRR1310390	GCF_003943935.1	s__Streptococcus_mitis_BK	NA	NA	NA	0	NA	NA	NA	0	NA	NA	NA	NA	0	1	0	-	NA	fixed	NA	none	0	False	containment 0.00 < 0.5; only 0/1 enzymes produced a fit; no PTR estimate	BcgI:only 0 windows after outlier trimming	no enzyme produced a usable estimate
CRR1310390	GCF_003943955.1	s__Streptococcus_oralis_AC	NA	NA	NA	0.01162790698	NA	NA	NA	0	NA	NA	NA	NA	0	1	0	-	NA	fixed	NA	none	0	False	containment 0.01 < 0.5; only 0/1 enzymes produced a fit; no PTR estimate	BcgI:only 1 windows after outlier trimming	no enzyme produced a usable estimate
CRR1310390	GCF_003944205.1	s__Streptococcus_oralis_BH	NA	NA	NA	0	NA	NA	NA	0	NA	NA	NA	NA	0	1	0	-	NA	fixed	NA	none	0	False	containment 0.00 < 0.5; only 0/1 enzymes produced a fit; no PTR estimate	BcgI:only 0 windows after outlier trimming	no enzyme produced a usable estimate
CRR1310390	GCF_003944215.1	s__Streptococcus_oralis_BI	NA	NA	NA	0.01041666667	NA	NA	NA	0	NA	NA	NA	NA	0	1	0	-	NA	fixed	NA	none	0	False	containment 0.01 < 0.5; only 0/1 enzymes produced a fit; no PTR estimate	BcgI:only 0 windows after outlier trimming	no enzyme produced a usable estimate
CRR1310390	GCF_003944225.1	s__Streptococcus_cristatus_C	NA	NA	NA	0.005076142132	NA	NA	NA	0	NA	NA	NA	NA	0	1	0	-	NA	fixed	NA	none	0	False	containment 0.01 < 0.5; only 0/1 enzymes produced a fit; no PTR estimate	BcgI:only 0 windows after outlier trimming	no enzyme produced a usable estimate
CRR1310390	GCF_003944325.1	s__Streptococcus_mitis_O	NA	NA	NA	0	NA	NA	NA	0	NA	NA	NA	NA	0	1	0	-	NA	fixed	NA	none	0	False	containment 0.00 < 0.5; only 0/1 enzymes produced a fit; no PTR estimate	BcgI:only 0 windows after outlier trimming	no enzyme produced a usable estimate
CRR1310390	GCF_003944465.1	s__Streptococcus_sanguinis_F	NA	NA	NA	0.03238866397	NA	NA	NA	0	NA	NA	NA	NA	0	1	0	-	NA	fixed	NA	none	0	False	containment 0.03 < 0.5; only 0/1 enzymes produced a fit; no PTR estimate	BcgI:only 3 windows after outlier trimming	no enzyme produced a usable estimate
CRR1310390	GCF_003964245.1	s__Enterobacter_hormaechei_A	15.30882647	3.919571429	0.1693204253	0.006257822278	12.83605704	3.6821302	NA	823	0.9968421371	1.739914985	0.2719594939	7.092300907	1	1	1	BcgI	NA	fixed	1890805.235	glm	11	False	fraction 0.17 < 0.75; containment 0.01 < 0.5	-	single enzyme: no cross-enzyme consistency check available
CRR1310390	GCF_003977605.1	s__Prevotella_koreensis	NA	NA	NA	0	NA	NA	NA	0	NA	NA	NA	NA	0	1	0	-	NA	fixed	NA	none	0	False	containment 0.00 < 0.5; only 0/1 enzymes produced a fit; no PTR estimate	BcgI:only 0 windows after outlier trimming	no enzyme produced a usable estimate
CRR1310390	GCF_003990355.1	s__Eikenella_corrodens_B	NA	NA	NA	0.0008944543828	NA	NA	NA	0	NA	NA	NA	NA	0	1	0	-	NA	fixed	NA	none	0	False	containment 0.00 < 0.5; only 0/1 enzymes produced a fit; no PTR estimate	BcgI:only 0 windows after outlier trimming	no enzyme produced a usable estimate
CRR1310390	GCF_003992005.1	s__F0422_sp003992005	NA	NA	NA	0	NA	NA	NA	0	NA	NA	NA	NA	0	1	0	-	NA	fixed	NA	none	0	False	containment 0.00 < 0.5; only 0/1 enzymes produced a fit; no PTR estimate	BcgI:only 0 windows after outlier trimming	no enzyme produced a usable estimate
CRR1310390	GCF_003992055.1	s__F0422_sp003992055	NA	NA	NA	0	NA	NA	NA	0	NA	NA	NA	NA	0	1	0	-	NA	fixed	NA	none	0	False	containment 0.00 < 0.5; only 0/1 enzymes produced a fit; no PTR estimate	BcgI:only 0 windows after outlier trimming	no enzyme produced a usable estimate
CRR1310390	GCF_003992085.1	s__F0422_sp003992015	NA	NA	NA	0	NA	NA	NA	0	NA	NA	NA	NA	0	1	0	-	NA	fixed	NA	none	0	False	containment 0.00 < 0.5; only 0/1 enzymes produced a fit; no PTR estimate	BcgI:only 0 windows after outlier trimming	no enzyme produced a usable estimate
CRR1310390	GCF_003992135.1	s__F0422_sp003992135	NA	NA	NA	0	NA	NA	NA	0	NA	NA	NA	NA	0	1	0	-	NA	fixed	NA	none	0	False	containment 0.00 < 0.5; only 0/1 enzymes produced a fit; no PTR estimate	BcgI:only 0 windows after outlier trimming	no enzyme produced a usable estimate
CRR1310390	GCF_003992235.1	s__F0422_sp001553345	NA	NA	NA	0	NA	NA	NA	0	NA	NA	NA	NA	0	1	0	-	NA	fixed	NA	none	0	False	containment 0.00 < 0.5; only 0/1 enzymes produced a fit; no PTR estimate	BcgI:only 0 windows after outlier trimming	no enzyme produced a usable estimate
CRR1310390	GCF_003992315.1	s__F0422_sp003992315	NA	NA	NA	0	NA	NA	NA	0	NA	NA	NA	NA	0	1	0	-	NA	fixed	NA	none	0	False	containment 0.00 < 0.5; only 0/1 enzymes produced a fit; no PTR estimate	BcgI:only 0 windows after outlier trimming	no enzyme produced a usable estimate
CRR1310390	GCF_004000985.1	s__Paenibacillus_G_validus	NA	NA	NA	0.0001920122888	NA	NA	NA	0	NA	NA	NA	NA	0	1	0	-	NA	fixed	NA	none	0	False	containment 0.00 < 0.5; only 0/1 enzymes produced a fit; no PTR estimate	BcgI:only 1 windows after outlier trimming	no enzyme produced a usable estimate
CRR1310390	GCF_004025845.1	s__Janibacter_hoylei	NA	NA	NA	0.0002399808015	NA	NA	NA	0	NA	NA	NA	NA	0	1	0	-	NA	fixed	NA	none	0	False	containment 0.00 < 0.5; only 0/1 enzymes produced a fit; no PTR estimate	BcgI:only 1 windows after outlier trimming	no enzyme produced a usable estimate
CRR1310390	GCF_004114445.1	s__Bradyrhizobium_guangzhouense	NA	NA	NA	0	NA	NA	NA	0	NA	NA	NA	NA	0	1	0	-	NA	fixed	NA	none	0	False	containment 0.00 < 0.5; only 0/1 enzymes produced a fit; no PTR estimate	BcgI:only 0 windows after outlier trimming	no enzyme produced a usable estimate
CRR1310390	GCF_004127235.1	s__Streptococcus_sp000831085	NA	NA	NA	0.02654867257	NA	NA	NA	0	NA	NA	NA	NA	0	1	0	-	NA	fixed	NA	none	0	False	containment 0.03 < 0.5; only 0/1 enzymes produced a fit; no PTR estimate	BcgI:only 2 windows after outlier trimming	no enzyme produced a usable estimate
CRR1310390	GCF_004134945.1	s__Fusobacterium_C_necrophorum	NA	NA	NA	0.002840909091	NA	NA	NA	0	NA	NA	NA	NA	0	1	0	-	NA	fixed	NA	none	0	False	containment 0.00 < 0.5; only 0/1 enzymes produced a fit; no PTR estimate	BcgI:only 1 windows after outlier trimming	no enzyme produced a usable estimate
CRR1310390	GCF_004136315.1	s__Mesorhizobium_sp004136315	NA	NA	NA	0	NA	NA	NA	0	NA	NA	NA	NA	0	1	0	-	NA	fixed	NA	none	0	False	containment 0.00 < 0.5; only 0/1 enzymes produced a fit; no PTR estimate	BcgI:only 0 windows after outlier trimming	no enzyme produced a usable estimate
CRR1310390	GCF_004136555.1	s__Kocuria_carniphila	NA	NA	NA	0	NA	NA	NA	0	NA	NA	NA	NA	0	1	0	-	NA	fixed	NA	none	0	False	containment 0.00 < 0.5; only 0/1 enzymes produced a fit; no PTR estimate	BcgI:only 0 windows after outlier trimming	no enzyme produced a usable estimate
CRR1310390	GCF_004138405.1	s__UBA2866_sp004138405	NA	NA	NA	0.004132231405	NA	NA	NA	0	NA	NA	NA	NA	0	1	0	-	NA	fixed	NA	none	0	False	containment 0.00 < 0.5; only 0/1 enzymes produced a fit; no PTR estimate	BcgI:only 0 windows after outlier trimming	no enzyme produced a usable estimate
CRR1310390	GCF_004138455.1	s__UBA1103_sp004138455	NA	NA	NA	0	NA	NA	NA	0	NA	NA	NA	NA	0	1	0	-	NA	fixed	NA	none	0	False	containment 0.00 < 0.5; only 0/1 enzymes produced a fit; no PTR estimate	BcgI:only 0 windows after outlier trimming	no enzyme produced a usable estimate
CRR1310390	GCF_004151355.1	s__Dermacoccus_abyssi	NA	NA	NA	0	NA	NA	NA	0	NA	NA	NA	NA	0	1	0	-	NA	fixed	NA	none	0	False	containment 0.00 < 0.5; only 0/1 enzymes produced a fit; no PTR estimate	BcgI:only 0 windows after outlier trimming	no enzyme produced a usable estimate
CRR1310390	GCF_004151455.1	s__UMGS1907_sp004151455	NA	NA	NA	0.01020408163	NA	NA	NA	0	NA	NA	NA	NA	0	1	0	-	NA	fixed	NA	none	0	False	containment 0.01 < 0.5; only 0/1 enzymes produced a fit; no PTR estimate	BcgI:only 0 windows after outlier trimming	no enzyme produced a usable estimate
CRR1310390	GCF_004209755.1	s__Pseudoduganella_lutea	NA	NA	NA	0.0001810938066	NA	NA	NA	0	NA	NA	NA	NA	0	1	0	-	NA	fixed	NA	none	0	False	containment 0.00 < 0.5; only 0/1 enzymes produced a fit; no PTR estimate	BcgI:only 1 windows after outlier trimming	no enzyme produced a usable estimate
CRR1310390	GCF_004340985.1	s__Cricetibacter_osteomyelitidis	NA	NA	NA	0	NA	NA	NA	0	NA	NA	NA	NA	0	1	0	-	NA	fixed	NA	none	0	False	containment 0.00 < 0.5; only 0/1 enzymes produced a fit; no PTR estimate	BcgI:only 0 windows after outlier trimming	no enzyme produced a usable estimate
CRR1310390	GCF_004341385.1	s__Neisseria_suis	NA	NA	NA	0.0005045408678	NA	NA	NA	0	NA	NA	NA	NA	0	1	0	-	NA	fixed	NA	none	0	False	containment 0.00 < 0.5; only 0/1 enzymes produced a fit; no PTR estimate	BcgI:only 1 windows after outlier trimming	no enzyme produced a usable estimate
CRR1310390	GCF_004349225.1	s__Saccharopolyspora_sp004348435	NA	NA	NA	0.0001242544732	NA	NA	NA	0	NA	NA	NA	NA	0	1	0	-	NA	fixed	NA	none	0	False	containment 0.00 < 0.5; only 0/1 enzymes produced a fit; no PTR estimate	BcgI:only 1 windows after outlier trimming	no enzyme produced a usable estimate
CRR1310390	GCF_004353325.1	s__Streptococcus_sp004353325	NA	NA	NA	0	NA	NA	NA	0	NA	NA	NA	NA	0	1	0	-	NA	fixed	NA	none	0	False	containment 0.00 < 0.5; only 0/1 enzymes produced a fit; no PTR estimate	BcgI:only 0 windows after outlier trimming	no enzyme produced a usable estimate
CRR1310390	GCF_004363295.1	s__Mesocricetibacter_intestinalis	NA	NA	NA	0	NA	NA	NA	0	NA	NA	NA	NA	0	1	0	-	NA	fixed	NA	none	0	False	containment 0.00 < 0.5; only 0/1 enzymes produced a fit; no PTR estimate	BcgI:only 0 windows after outlier trimming	no enzyme produced a usable estimate
CRR1310390	GCF_004365115.1	s__Stenotrophomonas_maltophilia_AJ	NA	NA	NA	0	NA	NA	NA	0	NA	NA	NA	NA	0	1	0	-	NA	fixed	NA	none	0	False	containment 0.00 < 0.5; only 0/1 enzymes produced a fit; no PTR estimate	BcgI:only 0 windows after outlier trimming	no enzyme produced a usable estimate
CRR1310390	GCF_004525795.1	s__Actinomyces_viscosus	NA	NA	NA	0	NA	NA	NA	0	NA	NA	NA	NA	0	1	0	-	NA	fixed	NA	none	0	False	containment 0.00 < 0.5; only 0/1 enzymes produced a fit; no PTR estimate	BcgI:only 0 windows after outlier trimming	no enzyme produced a usable estimate
CRR1310390	GCF_004569405.1	s__Neisseria_musculi	NA	NA	NA	0	NA	NA	NA	0	NA	NA	NA	NA	0	1	0	-	NA	fixed	NA	none	0	False	containment 0.00 < 0.5; only 0/1 enzymes produced a fit; no PTR estimate	BcgI:only 0 windows after outlier trimming	no enzyme produced a usable estimate
CRR1310390	GCF_004803795.1	s__Campylobacter_A_rectus	NA	NA	NA	0	NA	NA	NA	0	NA	NA	NA	NA	0	1	0	-	NA	fixed	NA	none	0	False	containment 0.00 < 0.5; only 0/1 enzymes produced a fit; no PTR estimate	BcgI:only 0 windows after outlier trimming	no enzyme produced a usable estimate
CRR1310390	GCF_004803815.1	s__Campylobacter_A_showae	NA	NA	NA	0	NA	NA	NA	0	NA	NA	NA	NA	0	1	0	-	NA	fixed	NA	none	0	False	containment 0.00 < 0.5; only 0/1 enzymes produced a fit; no PTR estimate	BcgI:only 0 windows after outlier trimming	no enzyme produced a usable estimate
CRR1310390	GCF_005217565.1	s__Puteibacter_caeruleilacunae	NA	NA	NA	0	NA	NA	NA	0	NA	NA	NA	NA	0	1	0	-	NA	fixed	NA	none	0	False	containment 0.00 < 0.5; only 0/1 enzymes produced a fit; no PTR estimate	BcgI:only 0 windows after outlier trimming	no enzyme produced a usable estimate
CRR1310390	GCF_005405725.1	s__Bifidobacterium_moukalabense	30.46424034	22.33840694	0.02064220311	0.01358609795	2.795498829	1.48310574	NA	2014	0.998096864	0.8471993126	-0.1773744001	3.143585881	1	1	1	BcgI	NA	fixed	322639.005	glm	22	False	fraction 0.02 < 0.75; dispersion 22.34 > 5.0; containment 0.01 < 0.5	-	single enzyme: no cross-enzyme consistency check available
CRR1310390	GCF_005696695.1	s__Pauljensenia_odontolytica_C	NA	NA	NA	0.00536809816	NA	NA	NA	0	NA	NA	NA	NA	0	1	0	-	NA	fixed	NA	none	0	False	containment 0.01 < 0.5; only 0/1 enzymes produced a fit; no PTR estimate	BcgI:only 2 windows after outlier trimming	no enzyme produced a usable estimate
CRR1310390	GCF_005697565.1	s__TM7x_sp005697565	NA	NA	NA	0	NA	NA	NA	0	NA	NA	NA	NA	0	1	0	-	NA	fixed	NA	none	0	False	containment 0.00 < 0.5; only 0/1 enzymes produced a fit; no PTR estimate	BcgI:only 0 windows after outlier trimming	no enzyme produced a usable estimate
CRR1310390	GCF_005844455.1	s__Streptococcus_mitis_BF	NA	NA	NA	0	NA	NA	NA	0	NA	NA	NA	NA	0	1	0	-	NA	fixed	NA	none	0	False	containment 0.00 < 0.5; only 0/1 enzymes produced a fit; no PTR estimate	BcgI:only 0 windows after outlier trimming	no enzyme produced a usable estimate
CRR1310390	GCF_005864335.1	s__Lactococcus_A_raffinolactis	NA	NA	NA	0	NA	NA	NA	0	NA	NA	NA	NA	0	1	0	-	NA	fixed	NA	none	0	False	containment 0.00 < 0.5; only 0/1 enzymes produced a fit; no PTR estimate	BcgI:only 0 windows after outlier trimming	no enzyme produced a usable estimate
CRR1310390	GCF_005937465.1	s__Cutibacterium_acnes	NA	NA	NA	0.003429878049	NA	NA	NA	0	NA	NA	NA	NA	0	1	0	-	NA	fixed	NA	none	0	False	containment 0.00 < 0.5; only 0/1 enzymes produced a fit; no PTR estimate	BcgI:only 1 windows after outlier trimming	no enzyme produced a usable estimate
CRR1310390	GCF_006175905.1	s__Streptococcus_oralis_BG	NA	NA	NA	0.02325581395	NA	NA	NA	0	NA	NA	NA	NA	0	1	0	-	NA	fixed	NA	none	0	False	containment 0.02 < 0.5; only 0/1 enzymes produced a fit; no PTR estimate	BcgI:only 3 windows after outlier trimming	no enzyme produced a usable estimate
CRR1310390	GCF_006384255.1	s__Haemophilus_sp002998595	NA	NA	NA	0	NA	NA	NA	0	NA	NA	NA	NA	0	1	0	-	NA	fixed	NA	none	0	False	containment 0.00 < 0.5; only 0/1 enzymes produced a fit; no PTR estimate	BcgI:only 0 windows after outlier trimming	no enzyme produced a usable estimate
CRR1310390	GCF_006385365.1	s__Tannerella_forsythia	NA	NA	NA	0.001175088132	NA	NA	NA	0	NA	NA	NA	NA	0	1	0	-	NA	fixed	NA	none	0	False	containment 0.00 < 0.5; only 0/1 enzymes produced a fit; no PTR estimate	BcgI:only 2 windows after outlier trimming	no enzyme produced a usable estimate
CRR1310390	GCF_006385785.1	s__Streptococcus_pneumoniae_D	NA	NA	NA	0	NA	NA	NA	0	NA	NA	NA	NA	0	1	0	-	NA	fixed	NA	none	0	False	containment 0.00 < 0.5; only 0/1 enzymes produced a fit; no PTR estimate	BcgI:only 0 windows after outlier trimming	no enzyme produced a usable estimate
CRR1310390	GCF_006385805.1	s__Streptococcus_sp001587175	NA	NA	NA	0.01376146789	NA	NA	NA	0	NA	NA	NA	NA	0	1	0	-	NA	fixed	NA	none	0	False	containment 0.01 < 0.5; only 0/1 enzymes produced a fit; no PTR estimate	BcgI:only 1 windows after outlier trimming	no enzyme produced a usable estimate
CRR1310390	GCF_006546835.1	s__Actinomyces_johnsonii	NA	NA	NA	0.0008220304151	NA	NA	NA	0	NA	NA	NA	NA	0	1	0	-	NA	fixed	NA	none	0	False	containment 0.00 < 0.5; only 0/1 enzymes produced a fit; no PTR estimate	BcgI:only 0 windows after outlier trimming	no enzyme produced a usable estimate
CRR1310390	GCF_006716265.1	s__Rarobacter_faecitabidus	NA	NA	NA	0.0002654632333	NA	NA	NA	0	NA	NA	NA	NA	0	1	0	-	NA	fixed	NA	none	0	False	containment 0.00 < 0.5; only 0/1 enzymes produced a fit; no PTR estimate	BcgI:only 1 windows after outlier trimming	no enzyme produced a usable estimate
CRR1310390	GCF_007113795.1	s__Acinetobacter_baumannii	NA	NA	NA	0.003162055336	NA	NA	NA	0	NA	NA	NA	NA	0	1	0	-	NA	fixed	NA	none	0	False	containment 0.00 < 0.5; only 0/1 enzymes produced a fit; no PTR estimate	BcgI:only 1 windows after outlier trimming	no enzyme produced a usable estimate
CRR1310390	GCF_007672025.1	s__Corynebacterium_propinquum	NA	NA	NA	0.001160541586	NA	NA	NA	0	NA	NA	NA	NA	0	1	0	-	NA	fixed	NA	none	0	False	containment 0.00 < 0.5; only 0/1 enzymes produced a fit; no PTR estimate	BcgI:only 1 windows after outlier trimming	no enzyme produced a usable estimate
CRR1310390	GCF_007673265.1	s__Bacillus_A_bombysepticus	NA	NA	NA	0	NA	NA	NA	0	NA	NA	NA	NA	0	1	0	-	NA	fixed	NA	none	0	False	containment 0.00 < 0.5; only 0/1 enzymes produced a fit; no PTR estimate	BcgI:only 0 windows after outlier trimming	no enzyme produced a usable estimate
CRR1310390	GCF_007681555.1	s__Kocuria_salsicia	NA	NA	NA	0.0004171881519	NA	NA	NA	0	NA	NA	NA	NA	0	1	0	-	NA	fixed	NA	none	0	False	containment 0.00 < 0.5; only 0/1 enzymes produced a fit; no PTR estimate	BcgI:only 0 windows after outlier trimming	no enzyme produced a usable estimate
CRR1310390	GCF_007785845.1	s__Lactobacillus_paragasseri	NA	NA	NA	0	NA	NA	NA	0	NA	NA	NA	NA	0	1	0	-	NA	fixed	NA	none	0	False	containment 0.00 < 0.5; only 0/1 enzymes produced a fit; no PTR estimate	BcgI:only 0 windows after outlier trimming	no enzyme produced a usable estimate
CRR1310390	GCF_007829675.1	s__Micrococcus_luteus	NA	NA	NA	0.0004967709886	NA	NA	NA	0	NA	NA	NA	NA	0	1	0	-	NA	fixed	NA	none	0	False	containment 0.00 < 0.5; only 0/1 enzymes produced a fit; no PTR estimate	BcgI:only 1 windows after outlier trimming	no enzyme produced a usable estimate
CRR1310390	GCF_007845165.1	s__UBA2866_sp007845165	NA	NA	NA	0	NA	NA	NA	0	NA	NA	NA	NA	0	1	0	-	NA	fixed	NA	none	0	False	containment 0.00 < 0.5; only 0/1 enzymes produced a fit; no PTR estimate	BcgI:only 0 windows after outlier trimming	no enzyme produced a usable estimate
CRR1310390	GCF_007845205.1	s__SDRK01_sp007845205	NA	NA	NA	0	NA	NA	NA	0	NA	NA	NA	NA	0	1	0	-	NA	fixed	NA	none	0	False	containment 0.00 < 0.5; only 0/1 enzymes produced a fit; no PTR estimate	BcgI:only 0 windows after outlier trimming	no enzyme produced a usable estimate
CRR1310390	GCF_007845265.1	s__TM7x_sp007845355	4.239497237	4.048351648	0.3745464853	0.1633986928	2.996043835	1.583058732	NA	79	0.7743860506	1.428445633	-1.216643262	4.382760726	1	1	1	BcgI	NA	fixed	364693.2589	glm	7	False	fraction 0.37 < 0.75; containment 0.16 < 0.5	-	single enzyme: no cross-enzyme consistency check available
CRR1310390	GCF_007855915.1	s__Geobacillus_thermoleovorans	NA	NA	NA	0	NA	NA	NA	0	NA	NA	NA	NA	0	1	0	-	NA	fixed	NA	none	0	False	containment 0.00 < 0.5; only 0/1 enzymes produced a fit; no PTR estimate	BcgI:only 0 windows after outlier trimming	no enzyme produced a usable estimate
CRR1310390	GCF_007990245.1	s__Cellulomonas_composti	NA	NA	NA	0	NA	NA	NA	0	NA	NA	NA	NA	0	1	0	-	NA	fixed	NA	none	0	False	containment 0.00 < 0.5; only 0/1 enzymes produced a fit; no PTR estimate	BcgI:only 0 windows after outlier trimming	no enzyme produced a usable estimate
CRR1310390	GCF_007990445.1	s__Leptotrichia_wadei_A	NA	NA	NA	0	NA	NA	NA	0	NA	NA	NA	NA	0	1	0	-	NA	fixed	NA	none	0	False	containment 0.00 < 0.5; only 0/1 enzymes produced a fit; no PTR estimate	BcgI:only 0 windows after outlier trimming	no enzyme produced a usable estimate
CRR1310390	GCF_007990505.1	s__Pseudoleptotrichia_goodfellowii	NA	NA	NA	0	NA	NA	NA	0	NA	NA	NA	NA	0	1	0	-	NA	fixed	NA	none	0	False	containment 0.00 < 0.5; only 0/1 enzymes produced a fit; no PTR estimate	BcgI:only 0 windows after outlier trimming	no enzyme produced a usable estimate
CRR1310390	GCF_007990635.1	s__Leptotrichia_hongkongensis	NA	NA	NA	0	NA	NA	NA	0	NA	NA	NA	NA	0	1	0	-	NA	fixed	NA	none	0	False	containment 0.00 < 0.5; only 0/1 enzymes produced a fit; no PTR estimate	BcgI:only 0 windows after outlier trimming	no enzyme produced a usable estimate
CRR1310390	GCF_007991595.1	s__Streptococcus_cristatus_B	NA	NA	NA	0.0110701107	NA	NA	NA	0	NA	NA	NA	NA	0	1	0	-	NA	fixed	NA	none	0	False	containment 0.01 < 0.5; only 0/1 enzymes produced a fit; no PTR estimate	BcgI:only 0 windows after outlier trimming	no enzyme produced a usable estimate
CRR1310390	GCF_007991615.1	s__Novosphingobium_sediminis	NA	NA	NA	0	NA	NA	NA	0	NA	NA	NA	NA	0	1	0	-	NA	fixed	NA	none	0	False	containment 0.00 < 0.5; only 0/1 enzymes produced a fit; no PTR estimate	BcgI:only 0 windows after outlier trimming	no enzyme produced a usable estimate
CRR1310390	GCF_007997035.1	s__Ralstonia_sp007997035	NA	NA	NA	0.000824742268	NA	NA	NA	0	NA	NA	NA	NA	0	1	0	-	NA	fixed	NA	none	0	False	containment 0.00 < 0.5; only 0/1 enzymes produced a fit; no PTR estimate	BcgI:only 0 windows after outlier trimming	no enzyme produced a usable estimate
CRR1310390	GCF_008016795.1	s__Prevotella_brunnea	13.9087591	2.101010101	0.2593482906	0.01277683135	1.979743811	0.9853137501	NA	87	0.8710639707	1.679881788	-2.307194053	4.277821553	1	1	1	BcgI	NA	fixed	1850520.342	glm	6	False	fraction 0.26 < 0.75; containment 0.01 < 0.5	-	single enzyme: no cross-enzyme consistency check available
CRR1310390	GCF_008033175.1	s__Leuconostoc_pseudomesenteroides	NA	NA	NA	0	NA	NA	NA	0	NA	NA	NA	NA	0	1	0	-	NA	fixed	NA	none	0	False	containment 0.00 < 0.5; only 0/1 enzymes produced a fit; no PTR estimate	BcgI:only 0 windows after outlier trimming	no enzyme produced a usable estimate
CRR1310390	GCF_008085035.1	s__Aggregatibacter_actinomycetemcomitans	NA	NA	NA	0.0009233610342	NA	NA	NA	0	NA	NA	NA	NA	0	1	0	-	NA	fixed	NA	none	0	False	containment 0.00 < 0.5; only 0/1 enzymes produced a fit; no PTR estimate	BcgI:only 1 windows after outlier trimming	no enzyme produced a usable estimate
CRR1310390	GCF_008274805.1	s__Oryzomicrobium_terrae	NA	NA	NA	0.0006441223833	NA	NA	NA	0	NA	NA	NA	NA	0	1	0	-	NA	fixed	NA	none	0	False	containment 0.00 < 0.5; only 0/1 enzymes produced a fit; no PTR estimate	BcgI:only 1 windows after outlier trimming	no enzyme produced a usable estimate
CRR1310390	GCF_008326505.1	s__Leuconostoc_citreum	NA	NA	NA	0	NA	NA	NA	0	NA	NA	NA	NA	0	1	0	-	NA	fixed	NA	none	0	False	containment 0.00 < 0.5; only 0/1 enzymes produced a fit; no PTR estimate	BcgI:only 0 windows after outlier trimming	no enzyme produced a usable estimate
CRR1310390	GCF_008369405.1	s__Streptococcus_cristatus_G	NA	NA	NA	0.004504504505	NA	NA	NA	0	NA	NA	NA	NA	0	1	0	-	NA	fixed	NA	none	0	False	containment 0.00 < 0.5; only 0/1 enzymes produced a fit; no PTR estimate	BcgI:only 0 windows after outlier trimming	no enzyme produced a usable estimate
CRR1310390	GCF_008633215.1	s__Fusobacterium_nucleatum_J	NA	NA	NA	0	NA	NA	NA	0	NA	NA	NA	NA	0	1	0	-	NA	fixed	NA	none	0	False	containment 0.00 < 0.5; only 0/1 enzymes produced a fit; no PTR estimate	BcgI:only 0 windows after outlier trimming	no enzyme produced a usable estimate
CRR1310390	GCF_008806995.1	s__Neisseria_animalis	NA	NA	NA	0	NA	NA	NA	0	NA	NA	NA	NA	0	1	0	-	NA	fixed	NA	none	0	False	containment 0.00 < 0.5; only 0/1 enzymes produced a fit; no PTR estimate	BcgI:only 0 windows after outlier trimming	no enzyme produced a usable estimate
CRR1310390	GCF_009006965.1	s__Acinetobacter_oleivorans	NA	NA	NA	0.0007704160247	NA	NA	NA	0	NA	NA	NA	NA	0	1	0	-	NA	fixed	NA	none	0	False	containment 0.00 < 0.5; only 0/1 enzymes produced a fit; no PTR estimate	BcgI:only 0 windows after outlier trimming	no enzyme produced a usable estimate
CRR1310390	GCF_009378265.1	s__Moraxella_catarrhalis	NA	NA	NA	0	NA	NA	NA	0	NA	NA	NA	NA	0	1	0	-	NA	fixed	NA	none	0	False	containment 0.00 < 0.5; only 0/1 enzymes produced a fit; no PTR estimate	BcgI:only 0 windows after outlier trimming	no enzyme produced a usable estimate
CRR1310390	GCF_009496035.1	s__Streptococcus_mitis_BM	NA	NA	NA	0	NA	NA	NA	0	NA	NA	NA	NA	0	1	0	-	NA	fixed	NA	none	0	False	containment 0.00 < 0.5; only 0/1 enzymes produced a fit; no PTR estimate	BcgI:only 0 windows after outlier trimming	no enzyme produced a usable estimate
CRR1310390	GCF_009496155.1	s__Streptococcus_mitis_BQ	NA	NA	NA	0.008403361345	NA	NA	NA	0	NA	NA	NA	NA	0	1	0	-	NA	fixed	NA	none	0	False	containment 0.01 < 0.5; only 0/1 enzymes produced a fit; no PTR estimate	BcgI:only 0 windows after outlier trimming	no enzyme produced a usable estimate
CRR1310390	GCF_009496185.1	s__Streptococcus_mitis_BN	NA	NA	NA	0.01388888889	NA	NA	NA	0	NA	NA	NA	NA	0	1	0	-	NA	fixed	NA	none	0	False	containment 0.01 < 0.5; only 0/1 enzymes produced a fit; no PTR estimate	BcgI:only 0 windows after outlier trimming	no enzyme produced a usable estimate
CRR1310390	GCF_009496285.1	s__Streptococcus_mitis_BP	NA	NA	NA	0.008547008547	NA	NA	NA	0	NA	NA	NA	NA	0	1	0	-	NA	fixed	NA	none	0	False	containment 0.01 < 0.5; only 0/1 enzymes produced a fit; no PTR estimate	BcgI:only 0 windows after outlier trimming	no enzyme produced a usable estimate
CRR1310390	GCF_009496375.1	s__Streptococcus_mitis_AC	NA	NA	NA	0	NA	NA	NA	0	NA	NA	NA	NA	0	1	0	-	NA	fixed	NA	none	0	False	containment 0.00 < 0.5; only 0/1 enzymes produced a fit; no PTR estimate	BcgI:only 0 windows after outlier trimming	no enzyme produced a usable estimate
CRR1310390	GCF_009626715.1	s__Bordetella_pertussis	NA	NA	NA	0	NA	NA	NA	0	NA	NA	NA	NA	0	1	0	-	NA	fixed	NA	none	0	False	containment 0.00 < 0.5; only 0/1 enzymes produced a fit; no PTR estimate	BcgI:only 0 windows after outlier trimming	no enzyme produced a usable estimate
CRR1310390	GCF_009650815.1	s__Eikenella_corrodens	NA	NA	NA	0	NA	NA	NA	0	NA	NA	NA	NA	0	1	0	-	NA	fixed	NA	none	0	False	containment 0.00 < 0.5; only 0/1 enzymes produced a fit; no PTR estimate	BcgI:only 0 windows after outlier trimming	no enzyme produced a usable estimate
CRR1310390	GCF_009695705.1	s__Pauljensenia_hyovaginalis	NA	NA	NA	0	NA	NA	NA	0	NA	NA	NA	NA	0	1	0	-	NA	fixed	NA	none	0	False	containment 0.00 < 0.5; only 0/1 enzymes produced a fit; no PTR estimate	BcgI:only 0 windows after outlier trimming	no enzyme produced a usable estimate
CRR1310390	GCF_009716875.1	s__Streptococcus_salivarius	15.68255625	12.6438298	0.6785655685	0.5594405594	2.246433912	1.16763662	NA	269	0.9333804789	0.8293259718	-0.4578124165	2.793085656	1	1	1	BcgI	NA	fixed	84092.84444	glm	38	False	fraction 0.68 < 0.75; dispersion 12.64 > 5.0	-	single enzyme: no cross-enzyme consistency check available
CRR1310390	GCF_009728485.1	s__Prevotella_sp000257925	NA	NA	NA	0.001426533524	NA	NA	NA	0	NA	NA	NA	NA	0	1	0	-	NA	fixed	NA	none	0	False	containment 0.00 < 0.5; only 0/1 enzymes produced a fit; no PTR estimate	BcgI:only 1 windows after outlier trimming	no enzyme produced a usable estimate
CRR1310390	GCF_009730375.1	s__Capnocytophaga_leadbetteri	NA	NA	NA	0	NA	NA	NA	0	NA	NA	NA	NA	0	1	0	-	NA	fixed	NA	none	0	False	containment 0.00 < 0.5; only 0/1 enzymes produced a fit; no PTR estimate	BcgI:only 0 windows after outlier trimming	no enzyme produced a usable estimate
CRR1310390	GCF_009731465.1	s__Streptococcus_pseudopneumoniae_E	NA	NA	NA	0	NA	NA	NA	0	NA	NA	NA	NA	0	1	0	-	NA	fixed	NA	none	0	False	containment 0.00 < 0.5; only 0/1 enzymes produced a fit; no PTR estimate	BcgI:only 0 windows after outlier trimming	no enzyme produced a usable estimate
CRR1310390	GCF_009734725.1	s__Enterococcus_D_casseliflavus	NA	NA	NA	0.000521648409	NA	NA	NA	0	NA	NA	NA	NA	0	1	0	-	NA	fixed	NA	none	0	False	containment 0.00 < 0.5; only 0/1 enzymes produced a fit; no PTR estimate	BcgI:only 0 windows after outlier trimming	no enzyme produced a usable estimate
CRR1310390	GCF_009740185.1	s__Pseudomonas_A_sp000765155	NA	NA	NA	0.0004084133143	NA	NA	NA	0	NA	NA	NA	NA	0	1	0	-	NA	fixed	NA	none	0	False	containment 0.00 < 0.5; only 0/1 enzymes produced a fit; no PTR estimate	BcgI:only 2 windows after outlier trimming	no enzyme produced a usable estimate
CRR1310390	GCF_009856825.1	s__Novosphingobium_sp009856825	NA	NA	NA	0.0001726817475	NA	NA	NA	0	NA	NA	NA	NA	0	1	0	-	NA	fixed	NA	none	0	False	containment 0.00 < 0.5; only 0/1 enzymes produced a fit; no PTR estimate	BcgI:only 1 windows after outlier trimming	no enzyme produced a usable estimate
CRR1310390	GCF_009914665.1	s__Bergeyella_A_cardium	NA	NA	NA	0	NA	NA	NA	0	NA	NA	NA	NA	0	1	0	-	NA	fixed	NA	none	0	False	containment 0.00 < 0.5; only 0/1 enzymes produced a fit; no PTR estimate	BcgI:only 0 windows after outlier trimming	no enzyme produced a usable estimate
CRR1310390	GCF_009935825.1	s__Actinomyces_howellii	NA	NA	NA	0	NA	NA	NA	0	NA	NA	NA	NA	0	1	0	-	NA	fixed	NA	none	0	False	containment 0.00 < 0.5; only 0/1 enzymes produced a fit; no PTR estimate	BcgI:only 0 windows after outlier trimming	no enzyme produced a usable estimate
CRR1310390	GCF_010202115.1	s__TM7x_sp010202115	NA	NA	NA	0	NA	NA	NA	0	NA	NA	NA	NA	0	1	0	-	NA	fixed	NA	none	0	False	containment 0.00 < 0.5; only 0/1 enzymes produced a fit; no PTR estimate	BcgI:only 0 windows after outlier trimming	no enzyme produced a usable estimate
CRR1310390	GCF_010202465.1	s__TM7x_sp010202465	NA	NA	NA	0	NA	NA	NA	0	NA	NA	NA	NA	0	1	0	-	NA	fixed	NA	none	0	False	containment 0.00 < 0.5; only 0/1 enzymes produced a fit; no PTR estimate	BcgI:only 0 windows after outlier trimming	no enzyme produced a usable estimate
CRR1310390	GCF_010202645.1	s__TM7x_sp010202645	NA	NA	NA	0.003891050584	NA	NA	NA	0	NA	NA	NA	NA	0	1	0	-	NA	fixed	NA	none	0	False	containment 0.00 < 0.5; only 0/1 enzymes produced a fit; no PTR estimate	BcgI:only 0 windows after outlier trimming	no enzyme produced a usable estimate
CRR1310390	GCF_010202845.1	s__TM7x_sp010202845	NA	NA	NA	0	NA	NA	NA	0	NA	NA	NA	NA	0	1	0	-	NA	fixed	NA	none	0	False	containment 0.00 < 0.5; only 0/1 enzymes produced a fit; no PTR estimate	BcgI:only 0 windows after outlier trimming	no enzyme produced a usable estimate
CRR1310390	GCF_010365865.1	s__Treponema_sp010365865	NA	NA	NA	0	NA	NA	NA	0	NA	NA	NA	NA	0	1	0	-	NA	fixed	NA	none	0	False	containment 0.00 < 0.5; only 0/1 enzymes produced a fit; no PTR estimate	BcgI:only 0 windows after outlier trimming	no enzyme produced a usable estimate
CRR1310390	GCF_010667605.1	s__Bifidobacterium_dentium	28.23900887	29.47854947	0.08314686599	0.03259857187	2.975033497	1.572905912	NA	2080	0.9998985593	2.22028092	-2.778764727	5.924576552	1	1	1	BcgI	NA	fixed	499484.1775	glm	24	False	fraction 0.08 < 0.75; dispersion 29.48 > 5.0; containment 0.03 < 0.5	-	single enzyme: no cross-enzyme consistency check available
CRR1310390	GCF_011029265.1	s__Lactobacillus_crispatus	1.828158269	0.5140724135	0.4505185726	0.2621527778	1.953950786	0.9663941309	NA	297	0.881600539	0.4671004475	0.05089407669	1.881894185	1	1	1	BcgI	NA	fixed	1706294.573	glm	37	False	fraction 0.45 < 0.75; containment 0.26 < 0.5	-	single enzyme: no cross-enzyme consistency check available
CRR1310390	GCF_011038775.1	s__Neisseria_sp011038745	NA	NA	NA	0	NA	NA	NA	0	NA	NA	NA	NA	0	1	0	-	NA	fixed	NA	none	0	False	containment 0.00 < 0.5; only 0/1 enzymes produced a fit; no PTR estimate	BcgI:only 0 windows after outlier trimming	no enzyme produced a usable estimate
CRR1310390	GCF_011038885.1	s__Pauljensenia_sp011038875	NA	NA	NA	0	NA	NA	NA	0	NA	NA	NA	NA	0	1	0	-	NA	fixed	NA	none	0	False	containment 0.00 < 0.5; only 0/1 enzymes produced a fit; no PTR estimate	BcgI:only 0 windows after outlier trimming	no enzyme produced a usable estimate
CRR1310390	GCF_011751965.1	s__Actinomyces_sp011751985	NA	NA	NA	0.0003512469266	NA	NA	NA	0	NA	NA	NA	NA	0	1	0	-	NA	fixed	NA	none	0	False	containment 0.00 < 0.5; only 0/1 enzymes produced a fit; no PTR estimate	BcgI:only 0 windows after outlier trimming	no enzyme produced a usable estimate
CRR1310390	GCF_011752065.1	s__Actinomyces_sp011752065	NA	NA	NA	0	NA	NA	NA	0	NA	NA	NA	NA	0	1	0	-	NA	fixed	NA	none	0	False	containment 0.00 < 0.5; only 0/1 enzymes produced a fit; no PTR estimate	BcgI:only 0 windows after outlier trimming	no enzyme produced a usable estimate
CRR1310390	GCF_011759595.1	s__Acinetobacter_guillouiae	1.111300775	0.4291666667	0.03263888889	0.01782178218	1.779377529	0.8313726383	NA	380	0.6726577604	0.547171215	-0.2410632366	1.903808513	1	1	1	BcgI	NA	fixed	304288.6642	glm	6	False	fraction 0.03 < 0.75; containment 0.02 < 0.5	-	single enzyme: no cross-enzyme consistency check available
CRR1310390	GCF_012184455.1	s__Caulobacter_vibrioides_E	NA	NA	NA	0	NA	NA	NA	0	NA	NA	NA	NA	0	1	0	-	NA	fixed	NA	none	0	False	containment 0.00 < 0.5; only 0/1 enzymes produced a fit; no PTR estimate	BcgI:only 0 windows after outlier trimming	no enzyme produced a usable estimate
CRR1310390	GCF_012273215.1	s__Gemella_haemolysans_A	NA	NA	NA	0	NA	NA	NA	0	NA	NA	NA	NA	0	1	0	-	NA	fixed	NA	none	0	False	containment 0.00 < 0.5; only 0/1 enzymes produced a fit; no PTR estimate	BcgI:only 0 windows after outlier trimming	no enzyme produced a usable estimate
CRR1310390	GCF_012396635.1	s__Gemella_sanguinis	NA	NA	NA	0.007518796992	NA	NA	NA	0	NA	NA	NA	NA	0	1	0	-	NA	fixed	NA	none	0	False	containment 0.01 < 0.5; only 0/1 enzymes produced a fit; no PTR estimate	BcgI:only 1 windows after outlier trimming	no enzyme produced a usable estimate
CRR1310390	GCF_012490605.1	s__Shewanella_xiamenensis	NA	NA	NA	0.0003483106931	NA	NA	NA	0	NA	NA	NA	NA	0	1	0	-	NA	fixed	NA	none	0	False	containment 0.00 < 0.5; only 0/1 enzymes produced a fit; no PTR estimate	BcgI:only 1 windows after outlier trimming	no enzyme produced a usable estimate
CRR1310390	GCF_012843315.1	s__Streptococcus_sp012843315	NA	NA	NA	0.009615384615	NA	NA	NA	0	NA	NA	NA	NA	0	1	0	-	NA	fixed	NA	none	0	False	containment 0.01 < 0.5; only 0/1 enzymes produced a fit; no PTR estimate	BcgI:only 0 windows after outlier trimming	no enzyme produced a usable estimate
CRR1310390	GCF_012978895.1	s__Campylobacter_A_curvus	NA	NA	NA	0	NA	NA	NA	0	NA	NA	NA	NA	0	1	0	-	NA	fixed	NA	none	0	False	containment 0.00 < 0.5; only 0/1 enzymes produced a fit; no PTR estimate	BcgI:only 0 windows after outlier trimming	no enzyme produced a usable estimate
CRR1310390	GCF_013016685.1	s__Neisseria_gonorrhoeae	NA	NA	NA	0	NA	NA	NA	0	NA	NA	NA	NA	0	1	0	-	NA	fixed	NA	none	0	False	containment 0.00 < 0.5; only 0/1 enzymes produced a fit; no PTR estimate	BcgI:only 0 windows after outlier trimming	no enzyme produced a usable estimate
CRR1310390	GCF_013099015.1	s__TM7x_sp013099015	NA	NA	NA	0.007843137255	NA	NA	NA	0	NA	NA	NA	NA	0	1	0	-	NA	fixed	NA	none	0	False	containment 0.01 < 0.5; only 0/1 enzymes produced a fit; no PTR estimate	BcgI:only 1 windows after outlier trimming	no enzyme produced a usable estimate
CRR1310390	GCF_013099195.1	s__TM7x_sp013099195	NA	NA	NA	0.003816793893	NA	NA	NA	0	NA	NA	NA	NA	0	1	0	-	NA	fixed	NA	none	0	False	containment 0.00 < 0.5; only 0/1 enzymes produced a fit; no PTR estimate	BcgI:only 1 windows after outlier trimming	no enzyme produced a usable estimate
CRR1310390	GCF_013100805.1	s__TM7x_sp013100805	NA	NA	NA	0.004048582996	NA	NA	NA	0	NA	NA	NA	NA	0	1	0	-	NA	fixed	NA	none	0	False	containment 0.00 < 0.5; only 0/1 enzymes produced a fit; no PTR estimate	BcgI:only 1 windows after outlier trimming	no enzyme produced a usable estimate
CRR1310390	GCF_013100825.1	s__TM7x_sp013100825	NA	NA	NA	0	NA	NA	NA	0	NA	NA	NA	NA	0	1	0	-	NA	fixed	NA	none	0	False	containment 0.00 < 0.5; only 0/1 enzymes produced a fit; no PTR estimate	BcgI:only 0 windows after outlier trimming	no enzyme produced a usable estimate
CRR1310390	GCF_013267415.1	s__Abiotrophia_defectiva	NA	NA	NA	0	NA	NA	NA	0	NA	NA	NA	NA	0	1	0	-	NA	fixed	NA	none	0	False	containment 0.00 < 0.5; only 0/1 enzymes produced a fit; no PTR estimate	BcgI:only 0 windows after outlier trimming	no enzyme produced a usable estimate
CRR1310390	GCF_013276505.1	s__Streptococcus_sp013276505	NA	NA	NA	0	NA	NA	NA	0	NA	NA	NA	NA	0	1	0	-	NA	fixed	NA	none	0	False	containment 0.00 < 0.5; only 0/1 enzymes produced a fit; no PTR estimate	BcgI:only 0 windows after outlier trimming	no enzyme produced a usable estimate
CRR1310390	GCF_013276755.1	s__Streptococcus_sp013276795	NA	NA	NA	0	NA	NA	NA	0	NA	NA	NA	NA	0	1	0	-	NA	fixed	NA	none	0	False	containment 0.00 < 0.5; only 0/1 enzymes produced a fit; no PTR estimate	BcgI:only 0 windows after outlier trimming	no enzyme produced a usable estimate
CRR1310390	GCF_013276955.1	s__Streptococcus_sp903645285	NA	NA	NA	0.009803921569	NA	NA	NA	0	NA	NA	NA	NA	0	1	0	-	NA	fixed	NA	none	0	False	containment 0.01 < 0.5; only 0/1 enzymes produced a fit; no PTR estimate	BcgI:only 0 windows after outlier trimming	no enzyme produced a usable estimate
CRR1310390	GCF_013277075.1	s__Streptococcus_pseudopneumoniae_C	NA	NA	NA	0	NA	NA	NA	0	NA	NA	NA	NA	0	1	0	-	NA	fixed	NA	none	0	False	containment 0.00 < 0.5; only 0/1 enzymes produced a fit; no PTR estimate	BcgI:only 0 windows after outlier trimming	no enzyme produced a usable estimate
CRR1310390	GCF_013277115.1	s__Streptococcus_mitis_AW	NA	NA	NA	0	NA	NA	NA	0	NA	NA	NA	NA	0	1	0	-	NA	fixed	NA	none	0	False	containment 0.00 < 0.5; only 0/1 enzymes produced a fit; no PTR estimate	BcgI:only 0 windows after outlier trimming	no enzyme produced a usable estimate
CRR1310390	GCF_013277125.1	s__Streptococcus_sp013277415	NA	NA	NA	0	NA	NA	NA	0	NA	NA	NA	NA	0	1	0	-	NA	fixed	NA	none	0	False	containment 0.00 < 0.5; only 0/1 enzymes produced a fit; no PTR estimate	BcgI:only 0 windows after outlier trimming	no enzyme produced a usable estimate
CRR1310390	GCF_013277195.1	s__Streptococcus_mitis_BA	NA	NA	NA	0	NA	NA	NA	0	NA	NA	NA	NA	0	1	0	-	NA	fixed	NA	none	0	False	containment 0.00 < 0.5; only 0/1 enzymes produced a fit; no PTR estimate	BcgI:only 0 windows after outlier trimming	no enzyme produced a usable estimate
CRR1310390	GCF_013277495.1	s__Streptococcus_sp013277515	NA	NA	NA	0	NA	NA	NA	0	NA	NA	NA	NA	0	1	0	-	NA	fixed	NA	none	0	False	containment 0.00 < 0.5; only 0/1 enzymes produced a fit; no PTR estimate	BcgI:only 0 windows after outlier trimming	no enzyme produced a usable estimate
CRR1310390	GCF_013284375.1	s__Brevibacillus_parabrevis	NA	NA	NA	0	NA	NA	NA	0	NA	NA	NA	NA	0	1	0	-	NA	fixed	NA	none	0	False	containment 0.00 < 0.5; only 0/1 enzymes produced a fit; no PTR estimate	BcgI:only 0 windows after outlier trimming	no enzyme produced a usable estimate
CRR1310390	GCF_013305725.1	s__Streptococcus_mitis_BO	NA	NA	NA	0	NA	NA	NA	0	NA	NA	NA	NA	0	1	0	-	NA	fixed	NA	none	0	False	containment 0.00 < 0.5; only 0/1 enzymes produced a fit; no PTR estimate	BcgI:only 0 windows after outlier trimming	no enzyme produced a usable estimate
CRR1310390	GCF_013307375.1	s__Moraxella_bovoculi	NA	NA	NA	0	NA	NA	NA	0	NA	NA	NA	NA	0	1	0	-	NA	fixed	NA	none	0	False	containment 0.00 < 0.5; only 0/1 enzymes produced a fit; no PTR estimate	BcgI:only 0 windows after outlier trimming	no enzyme produced a usable estimate
CRR1310390	GCF_013377255.1	s__Mannheimia_granulomatis	NA	NA	NA	0	NA	NA	NA	0	NA	NA	NA	NA	0	1	0	-	NA	fixed	NA	none	0	False	containment 0.00 < 0.5; only 0/1 enzymes produced a fit; no PTR estimate	BcgI:only 0 windows after outlier trimming	no enzyme produced a usable estimate
CRR1310390	GCF_013378355.1	s__Streptococcus_sanguinis_I	NA	NA	NA	0.002958579882	NA	NA	NA	0	NA	NA	NA	NA	0	1	0	-	NA	fixed	NA	none	0	False	containment 0.00 < 0.5; only 0/1 enzymes produced a fit; no PTR estimate	BcgI:only 0 windows after outlier trimming	no enzyme produced a usable estimate
CRR1310390	GCF_013386405.1	s__Pseudomonas_E_putida_E	4.348255588	1.285714286	0.04743593509	0.001206090758	1.883770091	0.9136228989	NA	394	0.6783872663	1.034272805	-1.113514549	2.940760347	1	1	1	BcgI	NA	fixed	1724155.13	glm	7	False	fraction 0.05 < 0.75; containment 0.00 < 0.5	-	single enzyme: no cross-enzyme consistency check available
CRR1310390	GCF_013390465.1	s__Xanthomonas_campestris	NA	NA	NA	0	NA	NA	NA	0	NA	NA	NA	NA	0	1	0	-	NA	fixed	NA	none	0	False	containment 0.00 < 0.5; only 0/1 enzymes produced a fit; no PTR estimate	BcgI:only 0 windows after outlier trimming	no enzyme produced a usable estimate
CRR1310390	GCF_013393195.1	s__Flavobacterium_collinsii_A	NA	NA	NA	0	NA	NA	NA	0	NA	NA	NA	NA	0	1	0	-	NA	fixed	NA	none	0	False	containment 0.00 < 0.5; only 0/1 enzymes produced a fit; no PTR estimate	BcgI:only 0 windows after outlier trimming	no enzyme produced a usable estimate
CRR1310390	GCF_013394695.1	s__Streptococcus_sp013394695	NA	NA	NA	0	NA	NA	NA	0	NA	NA	NA	NA	0	1	0	-	NA	fixed	NA	none	0	False	containment 0.00 < 0.5; only 0/1 enzymes produced a fit; no PTR estimate	BcgI:only 0 windows after outlier trimming	no enzyme produced a usable estimate
CRR1310390	GCF_013394755.1	s__TM7x_sp005697215	NA	NA	NA	0.004115226337	NA	NA	NA	0	NA	NA	NA	NA	0	1	0	-	NA	fixed	NA	none	0	False	containment 0.00 < 0.5; only 0/1 enzymes produced a fit; no PTR estimate	BcgI:only 1 windows after outlier trimming	no enzyme produced a usable estimate
CRR1310390	GCF_013394795.1	s__Leptotrichia_sp013394795	NA	NA	NA	0	NA	NA	NA	0	NA	NA	NA	NA	0	1	0	-	NA	fixed	NA	none	0	False	containment 0.00 < 0.5; only 0/1 enzymes produced a fit; no PTR estimate	BcgI:only 0 windows after outlier trimming	no enzyme produced a usable estimate
CRR1310390	GCF_013410305.1	s__Corynebacterium_durum	NA	NA	NA	0.005224205485	NA	NA	NA	0	NA	NA	NA	NA	0	1	0	-	NA	fixed	NA	none	0	False	containment 0.01 < 0.5; only 0/1 enzymes produced a fit; no PTR estimate	BcgI:only 3 windows after outlier trimming	no enzyme produced a usable estimate
CRR1310390	GCF_013415415.1	s__Actinomyces_bowdenii_B	NA	NA	NA	0.0004541326067	NA	NA	NA	0	NA	NA	NA	NA	0	1	0	-	NA	fixed	NA	none	0	False	containment 0.00 < 0.5; only 0/1 enzymes produced a fit; no PTR estimate	BcgI:only 1 windows after outlier trimming	no enzyme produced a usable estimate
CRR1310390	GCF_013522775.1	s__Pseudomonas_B_oryzihabitans	NA	NA	NA	0.001023541453	NA	NA	NA	0	NA	NA	NA	NA	0	1	0	-	NA	fixed	NA	none	0	False	containment 0.00 < 0.5; only 0/1 enzymes produced a fit; no PTR estimate	BcgI:only 3 windows after outlier trimming	no enzyme produced a usable estimate
CRR1310390	GCF_014054965.1	s__Eikenella_shayeganii	NA	NA	NA	0	NA	NA	NA	0	NA	NA	NA	NA	0	1	0	-	NA	fixed	NA	none	0	False	containment 0.00 < 0.5; only 0/1 enzymes produced a fit; no PTR estimate	BcgI:only 0 windows after outlier trimming	no enzyme produced a usable estimate
CRR1310390	GCF_014141695.1	s__Ralstonia_pickettii	1.009011516	0.5989087302	0.03751022257	0.01835501859	1.160765961	0.2150771186	NA	1482	0.639829904	0.5006366744	-0.7661527326	1.19630697	1	1	1	BcgI	NA	fixed	1913005.482	glm	16	False	fraction 0.04 < 0.75; containment 0.02 < 0.5	-	single enzyme: no cross-enzyme consistency check available
CRR1310390	GCF_014142545.1	s__Ralstonia_pickettii_B	1.291524658	0.5306447938	0.04718881119	0.01193820225	8731.540309	13.09202046	NA	543	0.9209949382	9.261562663	-5.060308797	31.24434972	1	1	1	BcgI	NA	fixed	1876332.722	glm	5	False	fraction 0.05 < 0.75; containment 0.01 < 0.5	-	single enzyme: no cross-enzyme consistency check available
CRR1310390	GCF_014145815.1	s__Stenotrophomonas_koreensis	NA	NA	NA	0.0002875215641	NA	NA	NA	0	NA	NA	NA	NA	0	1	0	-	NA	fixed	NA	none	0	False	containment 0.00 < 0.5; only 0/1 enzymes produced a fit; no PTR estimate	BcgI:only 1 windows after outlier trimming	no enzyme produced a usable estimate
CRR1310390	GCF_014194675.1	s__Comamonas_aquatica	NA	NA	NA	0	NA	NA	NA	0	NA	NA	NA	NA	0	1	0	-	NA	fixed	NA	none	0	False	containment 0.00 < 0.5; only 0/1 enzymes produced a fit; no PTR estimate	BcgI:only 0 windows after outlier trimming	no enzyme produced a usable estimate
CRR1310390	GCF_014195585.1	s__Alloprevotella_rava	NA	NA	NA	0	NA	NA	NA	0	NA	NA	NA	NA	0	1	0	-	NA	fixed	NA	none	0	False	containment 0.00 < 0.5; only 0/1 enzymes produced a fit; no PTR estimate	BcgI:only 0 windows after outlier trimming	no enzyme produced a usable estimate
CRR1310390	GCF_014199985.1	s__Methylobacterium_rhodesianum	NA	NA	NA	0.0001325381047	NA	NA	NA	0	NA	NA	NA	NA	0	1	0	-	NA	fixed	NA	none	0	False	containment 0.00 < 0.5; only 0/1 enzymes produced a fit; no PTR estimate	BcgI:only 1 windows after outlier trimming	no enzyme produced a usable estimate
CRR1310390	GCF_014217915.1	s__Janibacter_indicus	NA	NA	NA	0.0004384042087	NA	NA	NA	0	NA	NA	NA	NA	0	1	0	-	NA	fixed	NA	none	0	False	containment 0.00 < 0.5; only 0/1 enzymes produced a fit; no PTR estimate	BcgI:only 1 windows after outlier trimming	no enzyme produced a usable estimate
CRR1310390	GCF_014253065.1	s__Campylobacter_A_sp014253065	NA	NA	NA	0	NA	NA	NA	0	NA	NA	NA	NA	0	1	0	-	NA	fixed	NA	none	0	False	containment 0.00 < 0.5; only 0/1 enzymes produced a fit; no PTR estimate	BcgI:only 0 windows after outlier trimming	no enzyme produced a usable estimate
CRR1310390	GCF_014334325.1	s__Treponema_D_sp014334325	NA	NA	NA	0	NA	NA	NA	0	NA	NA	NA	NA	0	1	0	-	NA	fixed	NA	none	0	False	containment 0.00 < 0.5; only 0/1 enzymes produced a fit; no PTR estimate	BcgI:only 0 windows after outlier trimming	no enzyme produced a usable estimate
CRR1310390	GCF_014334335.1	s__Treponema_D_sp014334335	NA	NA	NA	0	NA	NA	NA	0	NA	NA	NA	NA	0	1	0	-	NA	fixed	NA	none	0	False	containment 0.00 < 0.5; only 0/1 enzymes produced a fit; no PTR estimate	BcgI:only 0 windows after outlier trimming	no enzyme produced a usable estimate
CRR1310390	GCF_014385435.1	s__F0040_sp003639005	NA	NA	NA	0.0008703220191	NA	NA	NA	0	NA	NA	NA	NA	0	1	0	-	NA	fixed	NA	none	0	False	containment 0.00 < 0.5; only 0/1 enzymes produced a fit; no PTR estimate	BcgI:only 2 windows after outlier trimming	no enzyme produced a usable estimate
CRR1310390	GCF_014489875.1	s__Stenotrophomonas_pavanii	NA	NA	NA	0.0001897173212	NA	NA	NA	0	NA	NA	NA	NA	0	1	0	-	NA	fixed	NA	none	0	False	containment 0.00 < 0.5; only 0/1 enzymes produced a fit; no PTR estimate	BcgI:only 0 windows after outlier trimming	no enzyme produced a usable estimate
CRR1310390	GCF_014596365.1	s__Neisseria_flavescens_B	NA	NA	NA	0	NA	NA	NA	0	NA	NA	NA	NA	0	1	0	-	NA	fixed	NA	none	0	False	containment 0.00 < 0.5; only 0/1 enzymes produced a fit; no PTR estimate	BcgI:only 0 windows after outlier trimming	no enzyme produced a usable estimate
CRR1310390	GCF_900014995.1	s__Pseudoclavibacter_helvolus	NA	NA	NA	0.0001573564123	NA	NA	NA	0	NA	NA	NA	NA	0	1	0	-	NA	fixed	NA	none	0	False	containment 0.00 < 0.5; only 0/1 enzymes produced a fit; no PTR estimate	BcgI:only 0 windows after outlier trimming	no enzyme produced a usable estimate
CRR1310390	GCF_900052935.1	s__Legionella_pneumophila	NA	NA	NA	0	NA	NA	NA	0	NA	NA	NA	NA	0	1	0	-	NA	fixed	NA	none	0	False	containment 0.00 < 0.5; only 0/1 enzymes produced a fit; no PTR estimate	BcgI:only 0 windows after outlier trimming	no enzyme produced a usable estimate
CRR1310390	GCF_900061175.1	s__Streptococcus_pneumoniae	NA	NA	NA	0	NA	NA	NA	0	NA	NA	NA	NA	0	1	0	-	NA	fixed	NA	none	0	False	containment 0.00 < 0.5; only 0/1 enzymes produced a fit; no PTR estimate	BcgI:only 0 windows after outlier trimming	no enzyme produced a usable estimate
CRR1310390	GCF_900095705.1	s__Fusobacterium_massiliense	NA	NA	NA	0	NA	NA	NA	0	NA	NA	NA	NA	0	1	0	-	NA	fixed	NA	none	0	False	containment 0.00 < 0.5; only 0/1 enzymes produced a fit; no PTR estimate	BcgI:only 0 windows after outlier trimming	no enzyme produced a usable estimate
CRR1310390	GCF_900101615.1	s__Belnapia_rosea	NA	NA	NA	0.0001246727341	NA	NA	NA	0	NA	NA	NA	NA	0	1	0	-	NA	fixed	NA	none	0	False	containment 0.00 < 0.5; only 0/1 enzymes produced a fit; no PTR estimate	BcgI:only 0 windows after outlier trimming	no enzyme produced a usable estimate
CRR1310390	GCF_900104285.1	s__Streptococcus_sp900104285	NA	NA	NA	0	NA	NA	NA	0	NA	NA	NA	NA	0	1	0	-	NA	fixed	NA	none	0	False	containment 0.00 < 0.5; only 0/1 enzymes produced a fit; no PTR estimate	BcgI:only 0 windows after outlier trimming	no enzyme produced a usable estimate
CRR1310390	GCF_900107735.1	s__Bowdeniella_nasicola_A	NA	NA	NA	0.0002855511136	NA	NA	NA	0	NA	NA	NA	NA	0	1	0	-	NA	fixed	NA	none	0	False	containment 0.00 < 0.5; only 0/1 enzymes produced a fit; no PTR estimate	BcgI:only 1 windows after outlier trimming	no enzyme produced a usable estimate
CRR1310390	GCF_900111135.1	s__Granulicatella_balaenopterae	NA	NA	NA	0	NA	NA	NA	0	NA	NA	NA	NA	0	1	0	-	NA	fixed	NA	none	0	False	containment 0.00 < 0.5; only 0/1 enzymes produced a fit; no PTR estimate	BcgI:only 0 windows after outlier trimming	no enzyme produced a usable estimate
CRR1310390	GCF_900112185.1	s__Bosea_sp900112185	NA	NA	NA	0	NA	NA	NA	0	NA	NA	NA	NA	0	1	0	-	NA	fixed	NA	none	0	False	containment 0.00 < 0.5; only 0/1 enzymes produced a fit; no PTR estimate	BcgI:only 0 windows after outlier trimming	no enzyme produced a usable estimate
CRR1310390	GCF_900113305.1	s__Prevotella_sp900113305	NA	NA	NA	0.0008984725966	NA	NA	NA	0	NA	NA	NA	NA	0	1	0	-	NA	fixed	NA	none	0	False	containment 0.00 < 0.5; only 0/1 enzymes produced a fit; no PTR estimate	BcgI:only 1 windows after outlier trimming	no enzyme produced a usable estimate
CRR1310390	GCF_900115315.1	s__Capnocytophaga_haemolytica	NA	NA	NA	0	NA	NA	NA	0	NA	NA	NA	NA	0	1	0	-	NA	fixed	NA	none	0	False	containment 0.00 < 0.5; only 0/1 enzymes produced a fit; no PTR estimate	BcgI:only 0 windows after outlier trimming	no enzyme produced a usable estimate
CRR1310390	GCF_900115545.1	s__Ralstonia_sp900115545	NA	NA	NA	0.0003830683777	NA	NA	NA	0	NA	NA	NA	NA	0	1	0	-	NA	fixed	NA	none	0	False	containment 0.00 < 0.5; only 0/1 enzymes produced a fit; no PTR estimate	BcgI:only 1 windows after outlier trimming	no enzyme produced a usable estimate
CRR1310390	GCF_900115665.1	s__Pseudarcicella_hirudinis	NA	NA	NA	0.0007423904974	NA	NA	NA	0	NA	NA	NA	NA	0	1	0	-	NA	fixed	NA	none	0	False	containment 0.00 < 0.5; only 0/1 enzymes produced a fit; no PTR estimate	BcgI:only 1 windows after outlier trimming	no enzyme produced a usable estimate
CRR1310390	GCF_900118505.1	s__Chlamydophila_abortus	NA	NA	NA	0	NA	NA	NA	0	NA	NA	NA	NA	0	1	0	-	NA	fixed	NA	none	0	False	containment 0.00 < 0.5; only 0/1 enzymes produced a fit; no PTR estimate	BcgI:only 0 windows after outlier trimming	no enzyme produced a usable estimate
CRR1310390	GCF_900120245.1	s__Pauljensenia_marseillensis	NA	NA	NA	0.005797101449	NA	NA	NA	0	NA	NA	NA	NA	0	1	0	-	NA	fixed	NA	none	0	False	containment 0.01 < 0.5; only 0/1 enzymes produced a fit; no PTR estimate	BcgI:only 0 windows after outlier trimming	no enzyme produced a usable estimate
CRR1310390	GCF_900128465.1	s__Pauljensenia_bouchesdurhonensis	0.7586171324	0.3066578483	0.04801348223	0.03336755647	1.585808263	0.6652183478	NA	998	0.6934682628	0.5405535218	-0.3942470866	1.724683782	1	1	1	BcgI	NA	fixed	78190.19778	glm	12	False	coverage 0.76 < 1.0; fraction 0.05 < 0.75; containment 0.03 < 0.5	-	single enzyme: no cross-enzyme consistency check available
CRR1310390	GCF_900155595.1	s__Pauljensenia_mediterranea	NA	NA	NA	0	NA	NA	NA	0	NA	NA	NA	NA	0	1	0	-	NA	fixed	NA	none	0	False	containment 0.00 < 0.5; only 0/1 enzymes produced a fit; no PTR estimate	BcgI:only 0 windows after outlier trimming	no enzyme produced a usable estimate
CRR1310390	GCF_900156035.1	s__Corynebacterium_afermentans	NA	NA	NA	0	NA	NA	NA	0	NA	NA	NA	NA	0	1	0	-	NA	fixed	NA	none	0	False	containment 0.00 < 0.5; only 0/1 enzymes produced a fit; no PTR estimate	BcgI:only 0 windows after outlier trimming	no enzyme produced a usable estimate
CRR1310390	GCF_900156605.1	s__Insolitispirillum_peregrinum	NA	NA	NA	0	NA	NA	NA	0	NA	NA	NA	NA	0	1	0	-	NA	fixed	NA	none	0	False	containment 0.00 < 0.5; only 0/1 enzymes produced a fit; no PTR estimate	BcgI:only 0 windows after outlier trimming	no enzyme produced a usable estimate
CRR1310390	GCF_900186465.1	s__Centipeda_felix	NA	NA	NA	0.0003996802558	NA	NA	NA	0	NA	NA	NA	NA	0	1	0	-	NA	fixed	NA	none	0	False	containment 0.00 < 0.5; only 0/1 enzymes produced a fit; no PTR estimate	BcgI:only 1 windows after outlier trimming	no enzyme produced a usable estimate
CRR1310390	GCF_900186885.1	s__Veillonella_parvula	3.220119319	0.9614060245	0.1866666667	0.1363636364	2.677617144	1.420949694	NA	150	0.9799963395	0.8804838089	-0.3047668608	3.146666248	1	1	1	BcgI	NA	fixed	1117500.907	glm	6	False	fraction 0.19 < 0.75; containment 0.14 < 0.5	-	single enzyme: no cross-enzyme consistency check available
CRR1310390	GCF_900187285.1	s__Veillonella_rodentium	NA	NA	NA	0.007836990596	NA	NA	NA	0	NA	NA	NA	NA	0	1	0	-	NA	fixed	NA	none	0	False	containment 0.01 < 0.5; only 0/1 enzymes produced a fit; no PTR estimate	BcgI:only 1 windows after outlier trimming	no enzyme produced a usable estimate
CRR1310390	GCF_900199505.1	s__KH17_sp900199505	NA	NA	NA	0.0003002101471	NA	NA	NA	0	NA	NA	NA	NA	0	1	0	-	NA	fixed	NA	none	0	False	containment 0.00 < 0.5; only 0/1 enzymes produced a fit; no PTR estimate	BcgI:only 0 windows after outlier trimming	no enzyme produced a usable estimate
CRR1310390	GCF_900289195.1	s__Propionibacterium_sp900289195	NA	NA	NA	0	NA	NA	NA	0	NA	NA	NA	NA	0	1	0	-	NA	fixed	NA	none	0	False	containment 0.00 < 0.5; only 0/1 enzymes produced a fit; no PTR estimate	BcgI:only 0 windows after outlier trimming	no enzyme produced a usable estimate
CRR1310390	GCF_900290285.1	s__Centipeda_massiliensis	NA	NA	NA	0.0003161555485	NA	NA	NA	0	NA	NA	NA	NA	0	1	0	-	NA	fixed	NA	none	0	False	containment 0.00 < 0.5; only 0/1 enzymes produced a fit; no PTR estimate	BcgI:only 1 windows after outlier trimming	no enzyme produced a usable estimate
CRR1310390	GCF_900407485.1	s__Haemophilus_influenzae	NA	NA	NA	0	NA	NA	NA	0	NA	NA	NA	NA	0	1	0	-	NA	fixed	NA	none	0	False	containment 0.00 < 0.5; only 0/1 enzymes produced a fit; no PTR estimate	BcgI:only 0 windows after outlier trimming	no enzyme produced a usable estimate
CRR1310390	GCF_900445025.1	s__Pauljensenia_odontolytica	NA	NA	NA	0.002040816327	NA	NA	NA	0	NA	NA	NA	NA	0	1	0	-	NA	fixed	NA	none	0	False	containment 0.00 < 0.5; only 0/1 enzymes produced a fit; no PTR estimate	BcgI:only 2 windows after outlier trimming	no enzyme produced a usable estimate
CRR1310390	GCF_900450505.1	s__Slackia_exigua	19.32156305	1	0.01166666667	0.00484323222	3295.058986	11.68608858	NA	600	0.9992417763	5.677019585	0.5593346511	22.8128425	1	1	1	BcgI	NA	fixed	1004418.367	glm	6	False	fraction 0.01 < 0.75; containment 0.00 < 0.5	-	single enzyme: no cross-enzyme consistency check available
CRR1310390	GCF_900450875.1	s__Haemophilus_A_parahaemolyticus	NA	NA	NA	0	NA	NA	NA	0	NA	NA	NA	NA	0	1	0	-	NA	fixed	NA	none	0	False	containment 0.00 < 0.5; only 0/1 enzymes produced a fit; no PTR estimate	BcgI:only 0 windows after outlier trimming	no enzyme produced a usable estimate
CRR1310390	GCF_900450995.1	s__Haemophilus_D_parainfluenzae_M	18.52545485	17.00316425	0.06890625	0.04885993485	3.803997421	1.927516268	NA	207	0.9693644169	1.665053523	-1.335928669	5.190961205	1	1	1	BcgI	NA	fixed	1579582.955	glm	8	False	fraction 0.07 < 0.75; dispersion 17.00 > 5.0; containment 0.05 < 0.5	-	single enzyme: no cross-enzyme consistency check available
CRR1310390	GCF_900451065.1	s__Haemophilus_A_paraphrohaemolyticus	NA	NA	NA	0	NA	NA	NA	0	NA	NA	NA	NA	0	1	0	-	NA	fixed	NA	none	0	False	containment 0.00 < 0.5; only 0/1 enzymes produced a fit; no PTR estimate	BcgI:only 0 windows after outlier trimming	no enzyme produced a usable estimate
CRR1310390	GCF_900451175.1	s__Neisseria_potus	NA	NA	NA	0	NA	NA	NA	0	NA	NA	NA	NA	0	1	0	-	NA	fixed	NA	none	0	False	containment 0.00 < 0.5; only 0/1 enzymes produced a fit; no PTR estimate	BcgI:only 0 windows after outlier trimming	no enzyme produced a usable estimate
CRR1310390	GCF_900451365.1	s__Kingella_A_denitrificans	NA	NA	NA	0	NA	NA	NA	0	NA	NA	NA	NA	0	1	0	-	NA	fixed	NA	none	0	False	containment 0.00 < 0.5; only 0/1 enzymes produced a fit; no PTR estimate	BcgI:only 0 windows after outlier trimming	no enzyme produced a usable estimate
CRR1310390	GCF_900452275.1	s__Kluyvera_cryocrescens	NA	NA	NA	0.00119510009	NA	NA	NA	0	NA	NA	NA	NA	0	1	0	-	NA	fixed	NA	none	0	False	containment 0.00 < 0.5; only 0/1 enzymes produced a fit; no PTR estimate	BcgI:only 3 windows after outlier trimming	no enzyme produced a usable estimate
CRR1310390	GCF_900454205.1	s__Neisseria_zoodegmatis	NA	NA	NA	0	NA	NA	NA	0	NA	NA	NA	NA	0	1	0	-	NA	fixed	NA	none	0	False	containment 0.00 < 0.5; only 0/1 enzymes produced a fit; no PTR estimate	BcgI:only 0 windows after outlier trimming	no enzyme produced a usable estimate
CRR1310390	GCF_900454815.1	s__Porphyromonas_endodontalis	NA	NA	NA	0	NA	NA	NA	0	NA	NA	NA	NA	0	1	0	-	NA	fixed	NA	none	0	False	containment 0.00 < 0.5; only 0/1 enzymes produced a fit; no PTR estimate	BcgI:only 0 windows after outlier trimming	no enzyme produced a usable estimate
CRR1310390	GCF_900454835.1	s__Prevotella_denticola	NA	NA	NA	0.0006289308176	NA	NA	NA	0	NA	NA	NA	NA	0	1	0	-	NA	fixed	NA	none	0	False	containment 0.00 < 0.5; only 0/1 enzymes produced a fit; no PTR estimate	BcgI:only 1 windows after outlier trimming	no enzyme produced a usable estimate
CRR1310390	GCF_900454935.1	s__Prevotella_pallens	NA	NA	NA	0.0008176614881	NA	NA	NA	0	NA	NA	NA	NA	0	1	0	-	NA	fixed	NA	none	0	False	containment 0.00 < 0.5; only 0/1 enzymes produced a fit; no PTR estimate	BcgI:only 0 windows after outlier trimming	no enzyme produced a usable estimate
CRR1310390	GCF_900459415.1	s__Streptococcus_infantis	NA	NA	NA	0.02919708029	NA	NA	NA	0	NA	NA	NA	NA	0	1	0	-	NA	fixed	NA	none	0	False	containment 0.03 < 0.5; only 0/1 enzymes produced a fit; no PTR estimate	BcgI:only 2 windows after outlier trimming	no enzyme produced a usable estimate
CRR1310390	GCF_900460625.1	s__Actinobacillus_B_seminis	NA	NA	NA	0	NA	NA	NA	0	NA	NA	NA	NA	0	1	0	-	NA	fixed	NA	none	0	False	containment 0.00 < 0.5; only 0/1 enzymes produced a fit; no PTR estimate	BcgI:only 0 windows after outlier trimming	no enzyme produced a usable estimate
CRR1310390	GCF_900460955.1	s__Cardiobacterium_valvarum	NA	NA	NA	0.0003498950315	NA	NA	NA	0	NA	NA	NA	NA	0	1	0	-	NA	fixed	NA	none	0	False	containment 0.00 < 0.5; only 0/1 enzymes produced a fit; no PTR estimate	BcgI:only 1 windows after outlier trimming	no enzyme produced a usable estimate
CRR1310390	GCF_900469495.1	s__Agrobacterium_pusense	NA	NA	NA	0.0003302509908	NA	NA	NA	0	NA	NA	NA	NA	0	1	0	-	NA	fixed	NA	none	0	False	containment 0.00 < 0.5; only 0/1 enzymes produced a fit; no PTR estimate	BcgI:only 0 windows after outlier trimming	no enzyme produced a usable estimate
CRR1310390	GCF_900469525.1	s__Allorhizobium_rosettiformans	NA	NA	NA	0	NA	NA	NA	0	NA	NA	NA	NA	0	1	0	-	NA	fixed	NA	none	0	False	containment 0.00 < 0.5; only 0/1 enzymes produced a fit; no PTR estimate	BcgI:only 0 windows after outlier trimming	no enzyme produced a usable estimate
CRR1310390	GCF_900470035.1	s__Bosea_vestrisii	NA	NA	NA	0	NA	NA	NA	0	NA	NA	NA	NA	0	1	0	-	NA	fixed	NA	none	0	False	containment 0.00 < 0.5; only 0/1 enzymes produced a fit; no PTR estimate	BcgI:only 0 windows after outlier trimming	no enzyme produced a usable estimate
CRR1310390	GCF_900476055.1	s__Streptococcus_australis	NA	NA	NA	0.0258302583	NA	NA	NA	0	NA	NA	NA	NA	0	1	0	-	NA	fixed	NA	none	0	False	containment 0.03 < 0.5; only 0/1 enzymes produced a fit; no PTR estimate	BcgI:only 4 windows after outlier trimming	no enzyme produced a usable estimate
CRR1310390	GCF_900498865.1	s__Klebsiella_pneumoniae	4.027552993	10.17948038	0.0787805326	0.04817708333	7.892723487	2.980523207	NA	1008	0.988038833	2.018321906	-0.975315039	6.936361453	1	1	1	BcgI	NA	fixed	121291.8194	glm	11	False	fraction 0.08 < 0.75; dispersion 10.18 > 5.0; containment 0.05 < 0.5	-	single enzyme: no cross-enzyme consistency check available
CRR1310390	GCF_900499005.1	s__Pauljensenia_culturomici	NA	NA	NA	0	NA	NA	NA	0	NA	NA	NA	NA	0	1	0	-	NA	fixed	NA	none	0	False	containment 0.00 < 0.5; only 0/1 enzymes produced a fit; no PTR estimate	BcgI:only 0 windows after outlier trimming	no enzyme produced a usable estimate
CRR1310390	GCF_900536635.1	s__Propionibacterium_australiense	NA	NA	NA	0	NA	NA	NA	0	NA	NA	NA	NA	0	1	0	-	NA	fixed	NA	none	0	False	containment 0.00 < 0.5; only 0/1 enzymes produced a fit; no PTR estimate	BcgI:only 0 windows after outlier trimming	no enzyme produced a usable estimate
CRR1310390	GCF_900555265.1	s__TM7x_sp900555265	2.336347605	0.9134545455	0.1391328671	0.1147540984	2.916703919	1.544338943	NA	121	0.8064580709	0.8687839603	-0.1584463298	3.247124215	1	1	1	BcgI	NA	fixed	133872.8092	glm	5	False	fraction 0.14 < 0.75; containment 0.11 < 0.5	-	single enzyme: no cross-enzyme consistency check available
CRR1310390	GCF_900555425.1	s__TM7x_sp900555425	3.658796031	1.5	0.4296296296	0.1180555556	4.367169573	2.126698551	NA	35	0.9147618729	0.9233625284	0.3169412504	3.936455851	1	1	1	BcgI	NA	fixed	511108.7778	glm	9	False	fraction 0.43 < 0.75; containment 0.12 < 0.5	-	single enzyme: no cross-enzyme consistency check available
CRR1310390	GCF_900555675.1	s__TM7x_sp900555675	1.721221785	1.266666667	0.1961538462	0.1169590643	7.868734722	2.976131672	NA	52	0.77771093	1.144019141	0.7338953573	5.218367986	1	1	1	BcgI	NA	fixed	186766.7822	glm	5	False	fraction 0.20 < 0.75; containment 0.12 < 0.5	-	single enzyme: no cross-enzyme consistency check available
CRR1310390	GCF_900555885.1	s__TM7x_sp900555885	NA	NA	NA	0.1439393939	NA	NA	NA	0	NA	NA	NA	NA	0	1	0	-	NA	fixed	NA	none	0	False	containment 0.14 < 0.5; only 0/1 enzymes produced a fit; no PTR estimate	BcgI:only 27 anchors (< 30)	no enzyme produced a usable estimate
CRR1310390	GCF_900556355.1	s__TM7x_sp900556355	NA	NA	NA	0.3076923077	NA	NA	NA	0	NA	NA	NA	NA	0	1	0	-	NA	fixed	NA	none	0	False	containment 0.31 < 0.5; only 0/1 enzymes produced a fit; no PTR estimate	BcgI:only 26 anchors (< 30)	no enzyme produced a usable estimate
CRR1310390	GCF_900556885.1	s__TM7x_sp900556885	NA	NA	NA	0.05517241379	NA	NA	NA	0	NA	NA	NA	NA	0	1	0	-	NA	fixed	NA	none	0	False	containment 0.06 < 0.5; only 0/1 enzymes produced a fit; no PTR estimate	BcgI:only 3 windows after outlier trimming	no enzyme produced a usable estimate
CRR1310390	GCF_900557595.1	s__TM7x_sp900557595	NA	NA	NA	0.09523809524	NA	NA	NA	0	NA	NA	NA	NA	0	1	0	-	NA	fixed	NA	none	0	False	containment 0.10 < 0.5; only 0/1 enzymes produced a fit; no PTR estimate	BcgI:only 22 anchors (< 30)	no enzyme produced a usable estimate
CRR1310390	GCF_900566195.1	s__Treponema_D_pectinovorum	NA	NA	NA	0	NA	NA	NA	0	NA	NA	NA	NA	0	1	0	-	NA	fixed	NA	none	0	False	containment 0.00 < 0.5; only 0/1 enzymes produced a fit; no PTR estimate	BcgI:only 0 windows after outlier trimming	no enzyme produced a usable estimate
CRR1310390	GCF_900573955.1	s__Campylobacter_A_showae_D	NA	NA	NA	0	NA	NA	NA	0	NA	NA	NA	NA	0	1	0	-	NA	fixed	NA	none	0	False	containment 0.00 < 0.5; only 0/1 enzymes produced a fit; no PTR estimate	BcgI:only 0 windows after outlier trimming	no enzyme produced a usable estimate
CRR1310390	GCF_900573975.1	s__Campylobacter_A_showae_A	NA	NA	NA	0	NA	NA	NA	0	NA	NA	NA	NA	0	1	0	-	NA	fixed	NA	none	0	False	containment 0.00 < 0.5; only 0/1 enzymes produced a fit; no PTR estimate	BcgI:only 0 windows after outlier trimming	no enzyme produced a usable estimate
CRR1310390	GCF_900573985.1	s__Campylobacter_A_showae_E	NA	NA	NA	0	NA	NA	NA	0	NA	NA	NA	NA	0	1	0	-	NA	fixed	NA	none	0	False	containment 0.00 < 0.5; only 0/1 enzymes produced a fit; no PTR estimate	BcgI:only 0 windows after outlier trimming	no enzyme produced a usable estimate
CRR1310390	GCF_900605015.1	s__Olsenella_B_sp900605015	2.897662341	1.034241222	0.01808510638	0.01683410263	1.662809589	0.7336229732	NA	1541	0.7038968815	0.9158737192	-1.061456531	2.528702477	1	1	1	BcgI	NA	fixed	137574.3211	glm	15	False	fraction 0.02 < 0.75; containment 0.02 < 0.5	-	single enzyme: no cross-enzyme consistency check available
CRR1310390	GCF_900607225.1	s__Arachnia_sp900607225	NA	NA	NA	0.0003685956506	NA	NA	NA	0	NA	NA	NA	NA	0	1	0	-	NA	fixed	NA	none	0	False	containment 0.00 < 0.5; only 0/1 enzymes produced a fit; no PTR estimate	BcgI:only 1 windows after outlier trimming	no enzyme produced a usable estimate
CRR1310390	GCF_900634705.1	s__Frankia_coriariae	NA	NA	NA	0.0002227171492	NA	NA	NA	0	NA	NA	NA	NA	0	1	0	-	NA	fixed	NA	none	0	False	containment 0.00 < 0.5; only 0/1 enzymes produced a fit; no PTR estimate	BcgI:only 0 windows after outlier trimming	no enzyme produced a usable estimate
CRR1310390	GCF_900635155.1	s__Streptococcus_sanguinis_G	NA	NA	NA	0.007352941176	NA	NA	NA	0	NA	NA	NA	NA	0	1	0	-	NA	fixed	NA	none	0	False	containment 0.01 < 0.5; only 0/1 enzymes produced a fit; no PTR estimate	BcgI:only 0 windows after outlier trimming	no enzyme produced a usable estimate
CRR1310390	GCF_900637555.1	s__Lautropia_mirabilis	NA	NA	NA	0.0009386733417	NA	NA	NA	0	NA	NA	NA	NA	0	1	0	-	NA	fixed	NA	none	0	False	containment 0.00 < 0.5; only 0/1 enzymes produced a fit; no PTR estimate	BcgI:only 0 windows after outlier trimming	no enzyme produced a usable estimate
CRR1310390	GCF_900683665.1	s__Bacteroides_heparinolyticus	434.4612459	153.850572	0.01504122715	0.007787448465	58.9361131	5.881080011	NA	1130	1	2.624570618	0.7370161248	11.0251439	1	1	1	BcgI	NA	fixed	1968112.688	glm	13	False	fraction 0.02 < 0.75; dispersion 153.85 > 5.0; containment 0.01 < 0.5	-	single enzyme: no cross-enzyme consistency check available
CRR1310390	GCF_900755445.1	s__Haemophilus_D_sp900755445	NA	NA	NA	0.04545454545	NA	NA	NA	0	NA	NA	NA	NA	0	1	0	-	NA	fixed	NA	none	0	False	containment 0.05 < 0.5; only 0/1 enzymes produced a fit; no PTR estimate	BcgI:only 12 anchors (< 30)	no enzyme produced a usable estimate
CRR1310390	GCF_900755485.1	s__F0422_sp900544365	NA	NA	NA	0	NA	NA	NA	0	NA	NA	NA	NA	0	1	0	-	NA	fixed	NA	none	0	False	containment 0.00 < 0.5; only 0/1 enzymes produced a fit; no PTR estimate	BcgI:only 0 windows after outlier trimming	no enzyme produced a usable estimate
CRR1310390	GCF_900756155.1	s__Haemophilus_D_sp900756155	6.460458458	11.41871406	0.1664236172	0.1244444444	2.869354401	1.52072617	NA	160	0.9651863894	1.312413564	-1.051557147	4.093009487	1	1	1	BcgI	NA	fixed	540475.71	glm	8	False	fraction 0.17 < 0.75; dispersion 11.42 > 5.0; containment 0.12 < 0.5	-	single enzyme: no cross-enzyme consistency check available
CRR1310390	GCF_900756875.1	s__Haemophilus_D_sp900756875	19.45647685	15.81585437	0.7016666667	0.2204724409	1.58968415	0.6687401491	NA	98	0.9929369712	0.6866157928	-0.677002076	2.014482374	1	1	1	BcgI	NA	fixed	297542.575	glm	40	False	fraction 0.70 < 0.75; dispersion 15.82 > 5.0; containment 0.22 < 0.5	-	single enzyme: no cross-enzyme consistency check available
CRR1310390	GCF_900759775.1	s__F0422_sp003999875	NA	NA	NA	0.04089219331	NA	NA	NA	0	NA	NA	NA	NA	0	1	0	-	NA	fixed	NA	none	0	False	containment 0.04 < 0.5; only 0/1 enzymes produced a fit; no PTR estimate	BcgI:only 22 anchors (< 30)	no enzyme produced a usable estimate
CRR1310390	GCF_900764435.1	s__Haemophilus_D_sp900764435	9.871248677	13.56451613	0.4911255411	0.08474576271	16.0610892	4.005497829	NA	38	0.9945753092	2.077326154	-0.06598661724	8.076982275	1	1	1	BcgI	NA	fixed	189563.3289	glm	11	False	fraction 0.49 < 0.75; dispersion 13.56 > 5.0; containment 0.08 < 0.5	-	single enzyme: no cross-enzyme consistency check available
CRR1310390	GCF_900765055.1	s__Limosilactobacillus_vaginalis_A	NA	NA	NA	0	NA	NA	NA	0	NA	NA	NA	NA	0	1	0	-	NA	fixed	NA	none	0	False	containment 0.00 < 0.5; only 0/1 enzymes produced a fit; no PTR estimate	BcgI:only 0 windows after outlier trimming	no enzyme produced a usable estimate
CRR1310390	GCF_900766245.1	s__F0422_sp900766245	NA	NA	NA	0.004739336493	NA	NA	NA	0	NA	NA	NA	NA	0	1	0	-	NA	fixed	NA	none	0	False	containment 0.00 < 0.5; only 0/1 enzymes produced a fit; no PTR estimate	BcgI:only 1 windows after outlier trimming	no enzyme produced a usable estimate
CRR1310390	GCF_900768625.1	s__Prevotellamassilia_sp900768625	NA	NA	NA	0.00353200883	NA	NA	NA	0	NA	NA	NA	NA	0	1	0	-	NA	fixed	NA	none	0	False	containment 0.00 < 0.5; only 0/1 enzymes produced a fit; no PTR estimate	BcgI:only 4 windows after outlier trimming	no enzyme produced a usable estimate
CRR1310390	GCF_900993765.1	s__Streptococcus_pyogenes	NA	NA	NA	0	NA	NA	NA	0	NA	NA	NA	NA	0	1	0	-	NA	fixed	NA	none	0	False	containment 0.00 < 0.5; only 0/1 enzymes produced a fit; no PTR estimate	BcgI:only 0 windows after outlier trimming	no enzyme produced a usable estimate
CRR1310390	GCF_901542415.1	s__Streptococcus_mitis_BL	NA	NA	NA	0.02702702703	NA	NA	NA	0	NA	NA	NA	NA	0	1	0	-	NA	fixed	NA	none	0	False	containment 0.03 < 0.5; only 0/1 enzymes produced a fit; no PTR estimate	BcgI:only 1 windows after outlier trimming	no enzyme produced a usable estimate
CRR1310390	GCF_901543175.1	s__Streptococcus_australis_A	NA	NA	NA	0.006711409396	NA	NA	NA	0	NA	NA	NA	NA	0	1	0	-	NA	fixed	NA	none	0	False	containment 0.01 < 0.5; only 0/1 enzymes produced a fit; no PTR estimate	BcgI:only 0 windows after outlier trimming	no enzyme produced a usable estimate
CRR1310390	GCF_901543815.1	s__Streptococcus_mitis_BC	NA	NA	NA	0.01030927835	NA	NA	NA	0	NA	NA	NA	NA	0	1	0	-	NA	fixed	NA	none	0	False	containment 0.01 < 0.5; only 0/1 enzymes produced a fit; no PTR estimate	BcgI:only 1 windows after outlier trimming	no enzyme produced a usable estimate
CRR1310390	GCF_902159415.1	s__Streptococcus_mitis_BG	NA	NA	NA	0.01290322581	NA	NA	NA	0	NA	NA	NA	NA	0	1	0	-	NA	fixed	NA	none	0	False	containment 0.01 < 0.5; only 0/1 enzymes produced a fit; no PTR estimate	BcgI:only 1 windows after outlier trimming	no enzyme produced a usable estimate
CRR1310390	GCF_902165435.1	s__Klebsiella_A_grimontii	8.230086488	0.4642857143	0.1350130812	0.003995006242	2.26540775	1.179770744	NA	703	0.8762077311	1.192075202	-1.156653719	3.516195207	1	1	1	BcgI	NA	fixed	4339707.394	glm	11	False	fraction 0.14 < 0.75; containment 0.00 < 0.5	-	single enzyme: no cross-enzyme consistency check available
CRR1310390	GCF_902363285.1	s__Actinomyces_sp900323545	NA	NA	NA	0	NA	NA	NA	0	NA	NA	NA	NA	0	1	0	-	NA	fixed	NA	none	0	False	containment 0.00 < 0.5; only 0/1 enzymes produced a fit; no PTR estimate	BcgI:only 0 windows after outlier trimming	no enzyme produced a usable estimate
CRR1310390	GCF_902363395.1	s__Streptococcus_sp902363395	NA	NA	NA	0.03112840467	NA	NA	NA	0	NA	NA	NA	NA	0	1	0	-	NA	fixed	NA	none	0	False	containment 0.03 < 0.5; only 0/1 enzymes produced a fit; no PTR estimate	BcgI:only 3 windows after outlier trimming	no enzyme produced a usable estimate
CRR1310390	GCF_902364435.1	s__Veillonella_dispar_A	2.197536638	1.429403929	0.6203174603	0.1488095238	8.699269124	3.120894197	NA	44	0.8305087007	2.424080755	-1.630216778	7.872005172	1	1	1	BcgI	NA	fixed	1285794.343	glm	10	False	fraction 0.62 < 0.75; containment 0.15 < 0.5	-	single enzyme: no cross-enzyme consistency check available
CRR1310390	GCF_902373675.1	s__Parvimonas_micra	NA	NA	NA	0.0202020202	NA	NA	NA	0	NA	NA	NA	NA	0	1	0	-	NA	fixed	NA	none	0	False	containment 0.02 < 0.5; only 0/1 enzymes produced a fit; no PTR estimate	BcgI:only 1 windows after outlier trimming	no enzyme produced a usable estimate
CRR1310390	GCF_902374235.1	s__Prevotella_salivae	NA	NA	NA	0.0007806401249	NA	NA	NA	0	NA	NA	NA	NA	0	1	0	-	NA	fixed	NA	none	0	False	containment 0.00 < 0.5; only 0/1 enzymes produced a fit; no PTR estimate	BcgI:only 1 windows after outlier trimming	no enzyme produced a usable estimate
CRR1310390	GCF_902374455.1	s__Neisseria_macacae	NA	NA	NA	0	NA	NA	NA	0	NA	NA	NA	NA	0	1	0	-	NA	fixed	NA	none	0	False	containment 0.00 < 0.5; only 0/1 enzymes produced a fit; no PTR estimate	BcgI:only 0 windows after outlier trimming	no enzyme produced a usable estimate
CRR1310390	GCF_902375005.1	s__Streptococcus_sp000411475	NA	NA	NA	0	NA	NA	NA	0	NA	NA	NA	NA	0	1	0	-	NA	fixed	NA	none	0	False	containment 0.00 < 0.5; only 0/1 enzymes produced a fit; no PTR estimate	BcgI:only 0 windows after outlier trimming	no enzyme produced a usable estimate
CRR1310390	GCF_902376125.1	s__Streptococcus_timonensis	NA	NA	NA	0.01538461538	NA	NA	NA	0	NA	NA	NA	NA	0	1	0	-	NA	fixed	NA	none	0	False	containment 0.02 < 0.5; only 0/1 enzymes produced a fit; no PTR estimate	BcgI:only 1 windows after outlier trimming	no enzyme produced a usable estimate
CRR1310390	GCF_902376145.1	s__F0040_sp900095835	NA	NA	NA	0	NA	NA	NA	0	NA	NA	NA	NA	0	1	0	-	NA	fixed	NA	none	0	False	containment 0.00 < 0.5; only 0/1 enzymes produced a fit; no PTR estimate	BcgI:only 0 windows after outlier trimming	no enzyme produced a usable estimate
CRR1310390	GCF_902387945.1	s__Lachnoanaerobaculum_umeaense	NA	NA	NA	0	NA	NA	NA	0	NA	NA	NA	NA	0	1	0	-	NA	fixed	NA	none	0	False	containment 0.00 < 0.5; only 0/1 enzymes produced a fit; no PTR estimate	BcgI:only 0 windows after outlier trimming	no enzyme produced a usable estimate
CRR1310390	GCF_902460355.1	s__Streptococcus_sp902460355	NA	NA	NA	0.03720930233	NA	NA	NA	0	NA	NA	NA	NA	0	1	0	-	NA	fixed	NA	none	0	False	containment 0.04 < 0.5; only 0/1 enzymes produced a fit; no PTR estimate	BcgI:only 2 windows after outlier trimming	no enzyme produced a usable estimate
CRR1310390	GCF_902460385.1	s__Streptococcus_sinensis	NA	NA	NA	0.004264392324	NA	NA	NA	0	NA	NA	NA	NA	0	1	0	-	NA	fixed	NA	none	0	False	containment 0.00 < 0.5; only 0/1 enzymes produced a fit; no PTR estimate	BcgI:only 0 windows after outlier trimming	no enzyme produced a usable estimate
CRR1310390	GCF_902460535.1	s__Campylobacter_A_concisus_J	NA	NA	NA	0	NA	NA	NA	0	NA	NA	NA	NA	0	1	0	-	NA	fixed	NA	none	0	False	containment 0.00 < 0.5; only 0/1 enzymes produced a fit; no PTR estimate	BcgI:only 0 windows after outlier trimming	no enzyme produced a usable estimate
CRR1310390	GCF_902460615.1	s__Campylobacter_A_concisus_C	NA	NA	NA	0	NA	NA	NA	0	NA	NA	NA	NA	0	1	0	-	NA	fixed	NA	none	0	False	containment 0.00 < 0.5; only 0/1 enzymes produced a fit; no PTR estimate	BcgI:only 0 windows after outlier trimming	no enzyme produced a usable estimate
CRR1310390	GCF_902460705.1	s__Campylobacter_A_concisus_Z	NA	NA	NA	0	NA	NA	NA	0	NA	NA	NA	NA	0	1	0	-	NA	fixed	NA	none	0	False	containment 0.00 < 0.5; only 0/1 enzymes produced a fit; no PTR estimate	BcgI:only 0 windows after outlier trimming	no enzyme produced a usable estimate
CRR1310390	GCF_902460815.1	s__Campylobacter_A_concisus_F	NA	NA	NA	0	NA	NA	NA	0	NA	NA	NA	NA	0	1	0	-	NA	fixed	NA	none	0	False	containment 0.00 < 0.5; only 0/1 enzymes produced a fit; no PTR estimate	BcgI:only 0 windows after outlier trimming	no enzyme produced a usable estimate
CRR1310390	GCF_902859015.1	s__Streptococcus_sp001556435	6.436531028	9.826491461	0.3953846154	0.4068441065	1.991961394	0.994189687	NA	238	0.9905803862	0.8618667529	-0.6950381081	2.683417482	1	1	1	BcgI	NA	fixed	1930851.733	glm	10	False	fraction 0.40 < 0.75; dispersion 9.83 > 5.0; containment 0.41 < 0.5	-	single enzyme: no cross-enzyme consistency check available
CRR1310390	GCF_902983995.1	s__Treponema_D_buccale	NA	NA	NA	0	NA	NA	NA	0	NA	NA	NA	NA	0	1	0	-	NA	fixed	NA	none	0	False	containment 0.00 < 0.5; only 0/1 enzymes produced a fit; no PTR estimate	BcgI:only 0 windows after outlier trimming	no enzyme produced a usable estimate
CRR1310390	GCF_903645325.1	s__Microbacterium_sp903645325	NA	NA	NA	0.0002014910336	NA	NA	NA	0	NA	NA	NA	NA	0	1	0	-	NA	fixed	NA	none	0	False	containment 0.00 < 0.5; only 0/1 enzymes produced a fit; no PTR estimate	BcgI:only 0 windows after outlier trimming	no enzyme produced a usable estimate
