sample	genome	taxonomy	coverage	dispersion	fraction	containment	PTR	log2(PTR)	enzyme_consistency	n_anchors	ori_confidence	se	ci_low	ci_high	n_enzymes	n_enzymes_attempted	enzyme_fit_rate	enzymes_used	enzyme_i2	fusion_model	ori	method	n_windows	pass_qc	qc_reason	excluded	note
S_1413216	GCA_000162895.1	s__Peptidiphaga_gingivicola	NA	NA	NA	0.001083423619	NA	NA	NA	0	NA	NA	NA	NA	0	1	0	-	NA	fixed	NA	none	0	False	containment 0.00 < 0.5; only 0/1 enzymes produced a fit; no PTR estimate	BcgI:only 3 windows after outlier trimming	no enzyme produced a usable estimate
S_1413216	GCA_000210715.1	s__Fretibacterium_fastidiosum	NA	NA	NA	0	NA	NA	NA	0	NA	NA	NA	NA	0	1	0	-	NA	fixed	NA	none	0	False	containment 0.00 < 0.5; only 0/1 enzymes produced a fit; no PTR estimate	BcgI:only 0 windows after outlier trimming	no enzyme produced a usable estimate
S_1413216	GCA_000286355.1	s__Kocuria_atrinae	NA	NA	NA	0.0004533091568	NA	NA	NA	0	NA	NA	NA	NA	0	1	0	-	NA	fixed	NA	none	0	False	containment 0.00 < 0.5; only 0/1 enzymes produced a fit; no PTR estimate	BcgI:only 1 windows after outlier trimming	no enzyme produced a usable estimate
S_1413216	GCA_000385835.1	s__Streptococcus_mitis_AI	NA	NA	NA	0.1176470588	NA	NA	NA	0	NA	NA	NA	NA	0	1	0	-	NA	fixed	NA	none	0	False	containment 0.12 < 0.5; only 0/1 enzymes produced a fit; no PTR estimate	BcgI:only 16 anchors (< 30)	no enzyme produced a usable estimate
S_1413216	GCA_000413015.1	s__Treponema_D_paredis	NA	NA	NA	0.001612253124	NA	NA	NA	0	NA	NA	NA	NA	0	1	0	-	NA	fixed	NA	none	0	False	containment 0.00 < 0.5; only 0/1 enzymes produced a fit; no PTR estimate	BcgI:only 2 windows after outlier trimming	no enzyme produced a usable estimate
S_1413216	GCA_000413335.1	s__Cutibacterium_avidum	NA	NA	NA	0	NA	NA	NA	0	NA	NA	NA	NA	0	1	0	-	NA	fixed	NA	none	0	False	containment 0.00 < 0.5; only 0/1 enzymes produced a fit; no PTR estimate	BcgI:only 0 windows after outlier trimming	no enzyme produced a usable estimate
S_1413216	GCA_001062585.1	s__Neisseria_sp000227275	15.72413382	7.497570519	0.5480331263	0.08148148148	6.113383315	2.611971028	NA	70	0.9846057225	1.788382301	-0.8931938714	6.117135928	1	1	1	BcgI	NA	fixed	1361769.187	glm	23	False	fraction 0.55 < 0.75; dispersion 7.50 > 5.0; containment 0.08 < 0.5	-	single enzyme: no cross-enzyme consistency check available
S_1413216	GCA_001063255.1	s__Neisseria_mucosa	113.6079812	279.5490657	0.5585581601	0.1337047354	13.31248765	3.734708282	NA	131	0.9999999684	1.88575623	0.0386939866	7.430722576	1	1	1	BcgI	NA	fixed	1439614.488	glm	34	False	fraction 0.56 < 0.75; dispersion 279.55 > 5.0; containment 0.13 < 0.5	-	single enzyme: no cross-enzyme consistency check available
S_1413216	GCA_001067315.1	s__Neisseria_subflava	107.7792649	242.7593676	0.2061255677	0.07884615385	8.799998512	3.13750328	NA	272	0.9998842068	1.729197928	-0.2516623822	6.526668942	1	1	1	BcgI	NA	fixed	2009475.143	glm	20	False	fraction 0.21 < 0.75; dispersion 242.76 > 5.0; containment 0.08 < 0.5	-	single enzyme: no cross-enzyme consistency check available
S_1413216	GCA_001067655.1	s__Neisseria_lactamica_B	45.68398932	46.03539823	0.3816350316	0.04194630872	16.95035044	4.083243195	NA	87	0.9999971149	1.431044481	1.278447552	6.888038838	1	1	1	BcgI	NA	fixed	1852379.867	glm	22	False	fraction 0.38 < 0.75; dispersion 46.04 > 5.0; containment 0.04 < 0.5	-	single enzyme: no cross-enzyme consistency check available
S_1413216	GCA_001196045.1	s__Staphylococcus_warneri	NA	NA	NA	0.002444987775	NA	NA	NA	0	NA	NA	NA	NA	0	1	0	-	NA	fixed	NA	none	0	False	containment 0.00 < 0.5; only 0/1 enzymes produced a fit; no PTR estimate	BcgI:only 1 windows after outlier trimming	no enzyme produced a usable estimate
S_1413216	GCA_001275035.1	s__Pararheinheimera_tangshanensis	NA	NA	NA	0	NA	NA	NA	0	NA	NA	NA	NA	0	1	0	-	NA	fixed	NA	none	0	False	containment 0.00 < 0.5; only 0/1 enzymes produced a fit; no PTR estimate	BcgI:only 0 windows after outlier trimming	no enzyme produced a usable estimate
S_1413216	GCA_001296205.1	s__Streptococcus_intermedius	7.025218038	9.058653709	0.4048979592	0.4041297935	1.575276617	0.6556051868	NA	339	0.9449513231	0.7521887054	-0.8186575853	2.129867959	1	1	1	BcgI	NA	fixed	859727.5833	glm	14	False	fraction 0.40 < 0.75; dispersion 9.06 > 5.0; containment 0.40 < 0.5	-	single enzyme: no cross-enzyme consistency check available
S_1413216	GCA_001421095.1	s__Bacteroides_D_periocalifornicus	NA	NA	NA	0	NA	NA	NA	0	NA	NA	NA	NA	0	1	0	-	NA	fixed	NA	none	0	False	containment 0.00 < 0.5; only 0/1 enzymes produced a fit; no PTR estimate	BcgI:only 0 windows after outlier trimming	no enzyme produced a usable estimate
S_1413216	GCA_001477075.1	s__Methylobacterium_organophilum	NA	NA	NA	0.0004765687053	NA	NA	NA	0	NA	NA	NA	NA	0	1	0	-	NA	fixed	NA	none	0	False	containment 0.00 < 0.5; only 0/1 enzymes produced a fit; no PTR estimate	BcgI:only 0 windows after outlier trimming	no enzyme produced a usable estimate
S_1413216	GCA_001556165.1	s__Sphingomonas_ginsenosidimutans	2.059037487	1	0.03497314349	0.002487562189	1.605728787	0.6832282376	NA	289	0.6526288577	0.797965802	-0.8807559951	2.24721247	1	1	1	BcgI	NA	fixed	1199184.857	glm	5	False	fraction 0.03 < 0.75; containment 0.00 < 0.5	-	single enzyme: no cross-enzyme consistency check available
S_1413216	GCA_001578795.1	s__Streptococcus_gordonii_A	11.70894288	20.07340995	0.1659345917	0.1574344023	1.445760523	0.5318286028	NA	311	0.7183320631	1.246950445	-1.912149359	2.975806565	1	1	1	BcgI	NA	fixed	591416.3125	glm	13	False	fraction 0.17 < 0.75; dispersion 20.07 > 5.0; containment 0.16 < 0.5	-	single enzyme: no cross-enzyme consistency check available
S_1413216	GCA_001578855.1	s__Streptococcus_oralis_R	NA	NA	NA	0.0243902439	NA	NA	NA	0	NA	NA	NA	NA	0	1	0	-	NA	fixed	NA	none	0	False	containment 0.02 < 0.5; only 0/1 enzymes produced a fit; no PTR estimate	BcgI:only 2 windows after outlier trimming	no enzyme produced a usable estimate
S_1413216	GCA_001579015.1	s__Streptococcus_oralis_K	44.23550853	120.7755347	0.660380117	0.1052631579	4.341350527	2.118143913	NA	58	0.9998094796	2.677301401	-3.129270409	7.365558234	1	1	1	BcgI	NA	fixed	2003420.162	glm	8	False	fraction 0.66 < 0.75; dispersion 120.78 > 5.0; containment 0.11 < 0.5	-	single enzyme: no cross-enzyme consistency check available
S_1413216	GCA_001636165.1	s__Schleiferilactobacillus_harbinensis	NA	NA	NA	0	NA	NA	NA	0	NA	NA	NA	NA	0	1	0	-	NA	fixed	NA	none	0	False	containment 0.00 < 0.5; only 0/1 enzymes produced a fit; no PTR estimate	BcgI:only 0 windows after outlier trimming	no enzyme produced a usable estimate
S_1413216	GCA_001724095.1	s__Pigmentiphaga_sp001898625	NA	NA	NA	0.0001372118551	NA	NA	NA	0	NA	NA	NA	NA	0	1	0	-	NA	fixed	NA	none	0	False	containment 0.00 < 0.5; only 0/1 enzymes produced a fit; no PTR estimate	BcgI:only 1 windows after outlier trimming	no enzyme produced a usable estimate
S_1413216	GCA_001725355.1	s__Novosphingobium_sp001725355	NA	NA	NA	0.001384083045	NA	NA	NA	0	NA	NA	NA	NA	0	1	0	-	NA	fixed	NA	none	0	False	containment 0.00 < 0.5; only 0/1 enzymes produced a fit; no PTR estimate	BcgI:only 3 windows after outlier trimming	no enzyme produced a usable estimate
S_1413216	GCA_001838375.1	s__Neisseria_mucosa_A	30.21730037	41.70736548	0.3156625119	0.03738317757	5.359470038	2.422090349	NA	141	0.9999144719	2.707462268	-2.884438186	7.728618885	1	1	1	BcgI	NA	fixed	1696083.175	glm	15	False	fraction 0.32 < 0.75; dispersion 41.71 > 5.0; containment 0.04 < 0.5	-	single enzyme: no cross-enzyme consistency check available
S_1413216	GCA_001899205.1	s__Mesorhizobium_sp001899205	NA	NA	NA	0.001145594668	NA	NA	NA	0	NA	NA	NA	NA	0	1	0	-	NA	fixed	NA	none	0	False	containment 0.00 < 0.5; only 0/1 enzymes produced a fit; no PTR estimate	BcgI:only 3 windows after outlier trimming	no enzyme produced a usable estimate
S_1413216	GCA_001899725.1	s__Sphingomonas_leidyi	3.497820542	NA	0.01150553884	0.003042596349	2.001172672	1.000845656	NA	898	0.6672706413	1.297050868	-1.54132733	3.543018643	1	1	1	BcgI	NA	fixed	2864521.275	glm	10	False	fraction 0.01 < 0.75; containment 0.00 < 0.5	-	single enzyme: no cross-enzyme consistency check available
S_1413216	GCA_001914195.1	s__Streptococcus_mitis_F	200.7598434	876.4994391	0.4105555556	0.2197802198	820.4060179	9.680194264	NA	46	1	3.353666852	3.107128018	16.25326051	1	1	1	BcgI	NA	fixed	723745.1944	glm	10	False	fraction 0.41 < 0.75; dispersion 876.50 > 5.0; containment 0.22 < 0.5	-	single enzyme: no cross-enzyme consistency check available
S_1413216	GCA_002211645.1	s__Fusobacterium_animalis	NA	NA	NA	0.09090909091	NA	NA	NA	0	NA	NA	NA	NA	0	1	0	-	NA	fixed	NA	none	0	False	containment 0.09 < 0.5; only 0/1 enzymes produced a fit; no PTR estimate	BcgI:only 1 windows after outlier trimming	no enzyme produced a usable estimate
S_1413216	GCA_002256345.1	s__Tardiphaga_sp002256345	NA	NA	NA	0.0005436752447	NA	NA	NA	0	NA	NA	NA	NA	0	1	0	-	NA	fixed	NA	none	0	False	containment 0.00 < 0.5; only 0/1 enzymes produced a fit; no PTR estimate	BcgI:only 2 windows after outlier trimming	no enzyme produced a usable estimate
S_1413216	GCA_002305995.1	s__UBA1367_sp002305995	NA	NA	NA	0.0003157562362	NA	NA	NA	0	NA	NA	NA	NA	0	1	0	-	NA	fixed	NA	none	0	False	containment 0.00 < 0.5; only 0/1 enzymes produced a fit; no PTR estimate	BcgI:only 1 windows after outlier trimming	no enzyme produced a usable estimate
S_1413216	GCA_002316995.1	s__Proteiniphilum_sp002410345	NA	NA	NA	0	NA	NA	NA	0	NA	NA	NA	NA	0	1	0	-	NA	fixed	NA	none	0	False	containment 0.00 < 0.5; only 0/1 enzymes produced a fit; no PTR estimate	BcgI:only 0 windows after outlier trimming	no enzyme produced a usable estimate
S_1413216	GCA_002322135.1	s__Moraxella_A_cinereus	NA	NA	NA	0.003759398496	NA	NA	NA	0	NA	NA	NA	NA	0	1	0	-	NA	fixed	NA	none	0	False	containment 0.00 < 0.5; only 0/1 enzymes produced a fit; no PTR estimate	BcgI:only 3 windows after outlier trimming	no enzyme produced a usable estimate
S_1413216	GCA_002341725.1	s__Bradyrhizobium_sp002831585	NA	NA	NA	0.0006518904824	NA	NA	NA	0	NA	NA	NA	NA	0	1	0	-	NA	fixed	NA	none	0	False	containment 0.00 < 0.5; only 0/1 enzymes produced a fit; no PTR estimate	BcgI:only 3 windows after outlier trimming	no enzyme produced a usable estimate
S_1413216	GCA_002345845.1	s__Azonexus_sp002345845	NA	NA	NA	0.0004727387331	NA	NA	NA	0	NA	NA	NA	NA	0	1	0	-	NA	fixed	NA	none	0	False	containment 0.00 < 0.5; only 0/1 enzymes produced a fit; no PTR estimate	BcgI:only 3 windows after outlier trimming	no enzyme produced a usable estimate
S_1413216	GCA_002353675.1	s__Prevotella_sp900318855	NA	NA	NA	0	NA	NA	NA	0	NA	NA	NA	NA	0	1	0	-	NA	fixed	NA	none	0	False	containment 0.00 < 0.5; only 0/1 enzymes produced a fit; no PTR estimate	BcgI:only 0 windows after outlier trimming	no enzyme produced a usable estimate
S_1413216	GCA_002354335.1	s__Sphingobacterium_sp002354335	NA	NA	NA	0	NA	NA	NA	0	NA	NA	NA	NA	0	1	0	-	NA	fixed	NA	none	0	False	containment 0.00 < 0.5; only 0/1 enzymes produced a fit; no PTR estimate	BcgI:only 0 windows after outlier trimming	no enzyme produced a usable estimate
S_1413216	GCA_002380835.1	s__Kurthia_gibsonii	NA	NA	NA	0	NA	NA	NA	0	NA	NA	NA	NA	0	1	0	-	NA	fixed	NA	none	0	False	containment 0.00 < 0.5; only 0/1 enzymes produced a fit; no PTR estimate	BcgI:only 0 windows after outlier trimming	no enzyme produced a usable estimate
S_1413216	GCA_002387245.1	s__Brevundimonas_sp002387245	NA	NA	NA	0.001109057301	NA	NA	NA	0	NA	NA	NA	NA	0	1	0	-	NA	fixed	NA	none	0	False	containment 0.00 < 0.5; only 0/1 enzymes produced a fit; no PTR estimate	BcgI:only 1 windows after outlier trimming	no enzyme produced a usable estimate
S_1413216	GCA_002396845.1	s__UBA4877_sp002399345	NA	NA	NA	0	NA	NA	NA	0	NA	NA	NA	NA	0	1	0	-	NA	fixed	NA	none	0	False	containment 0.00 < 0.5; only 0/1 enzymes produced a fit; no PTR estimate	BcgI:only 0 windows after outlier trimming	no enzyme produced a usable estimate
S_1413216	GCA_002397005.1	s__Caproiciproducens_sp002407645	NA	NA	NA	0	NA	NA	NA	0	NA	NA	NA	NA	0	1	0	-	NA	fixed	NA	none	0	False	containment 0.00 < 0.5; only 0/1 enzymes produced a fit; no PTR estimate	BcgI:only 0 windows after outlier trimming	no enzyme produced a usable estimate
S_1413216	GCA_002397085.1	s__UBA4871_sp002119605	NA	NA	NA	0	NA	NA	NA	0	NA	NA	NA	NA	0	1	0	-	NA	fixed	NA	none	0	False	containment 0.00 < 0.5; only 0/1 enzymes produced a fit; no PTR estimate	BcgI:only 0 windows after outlier trimming	no enzyme produced a usable estimate
S_1413216	GCA_002397275.1	s__Syntrophaceticus_sp002397275	NA	NA	NA	0	NA	NA	NA	0	NA	NA	NA	NA	0	1	0	-	NA	fixed	NA	none	0	False	containment 0.00 < 0.5; only 0/1 enzymes produced a fit; no PTR estimate	BcgI:only 0 windows after outlier trimming	no enzyme produced a usable estimate
S_1413216	GCA_002397665.1	s__Clostridium_E_sp002397665	NA	NA	NA	0	NA	NA	NA	0	NA	NA	NA	NA	0	1	0	-	NA	fixed	NA	none	0	False	containment 0.00 < 0.5; only 0/1 enzymes produced a fit; no PTR estimate	BcgI:only 0 windows after outlier trimming	no enzyme produced a usable estimate
S_1413216	GCA_002397945.1	s__UBA4923_sp002427535	NA	NA	NA	0	NA	NA	NA	0	NA	NA	NA	NA	0	1	0	-	NA	fixed	NA	none	0	False	containment 0.00 < 0.5; only 0/1 enzymes produced a fit; no PTR estimate	BcgI:only 0 windows after outlier trimming	no enzyme produced a usable estimate
S_1413216	GCA_002398185.1	s__UBA4844_sp002424365	NA	NA	NA	0	NA	NA	NA	0	NA	NA	NA	NA	0	1	0	-	NA	fixed	NA	none	0	False	containment 0.00 < 0.5; only 0/1 enzymes produced a fit; no PTR estimate	BcgI:only 0 windows after outlier trimming	no enzyme produced a usable estimate
S_1413216	GCA_002398695.1	s__Olegusella_sp002407925	NA	NA	NA	0	NA	NA	NA	0	NA	NA	NA	NA	0	1	0	-	NA	fixed	NA	none	0	False	containment 0.00 < 0.5; only 0/1 enzymes produced a fit; no PTR estimate	BcgI:only 0 windows after outlier trimming	no enzyme produced a usable estimate
S_1413216	GCA_002398905.1	s__Caprobacter_sp002407675	NA	NA	NA	0	NA	NA	NA	0	NA	NA	NA	NA	0	1	0	-	NA	fixed	NA	none	0	False	containment 0.00 < 0.5; only 0/1 enzymes produced a fit; no PTR estimate	BcgI:only 0 windows after outlier trimming	no enzyme produced a usable estimate
S_1413216	GCA_002399315.1	s__UBA4851_sp002408445	NA	NA	NA	0	NA	NA	NA	0	NA	NA	NA	NA	0	1	0	-	NA	fixed	NA	none	0	False	containment 0.00 < 0.5; only 0/1 enzymes produced a fit; no PTR estimate	BcgI:only 0 windows after outlier trimming	no enzyme produced a usable estimate
S_1413216	GCA_002407685.1	s__Fermentimonas_sp002398875	NA	NA	NA	0	NA	NA	NA	0	NA	NA	NA	NA	0	1	0	-	NA	fixed	NA	none	0	False	containment 0.00 < 0.5; only 0/1 enzymes produced a fit; no PTR estimate	BcgI:only 0 windows after outlier trimming	no enzyme produced a usable estimate
S_1413216	GCA_002408485.1	s__Proteiniphilum_sp002408485	NA	NA	NA	0	NA	NA	NA	0	NA	NA	NA	NA	0	1	0	-	NA	fixed	NA	none	0	False	containment 0.00 < 0.5; only 0/1 enzymes produced a fit; no PTR estimate	BcgI:only 0 windows after outlier trimming	no enzyme produced a usable estimate
S_1413216	GCA_002408725.1	s__DTU098_sp002408725	NA	NA	NA	0	NA	NA	NA	0	NA	NA	NA	NA	0	1	0	-	NA	fixed	NA	none	0	False	containment 0.00 < 0.5; only 0/1 enzymes produced a fit; no PTR estimate	BcgI:only 0 windows after outlier trimming	no enzyme produced a usable estimate
S_1413216	GCA_002409095.1	s__DTU032_sp002427505	NA	NA	NA	0	NA	NA	NA	0	NA	NA	NA	NA	0	1	0	-	NA	fixed	NA	none	0	False	containment 0.00 < 0.5; only 0/1 enzymes produced a fit; no PTR estimate	BcgI:only 0 windows after outlier trimming	no enzyme produced a usable estimate
S_1413216	GCA_002409445.1	s__UBA10988_sp002409445	NA	NA	NA	0	NA	NA	NA	0	NA	NA	NA	NA	0	1	0	-	NA	fixed	NA	none	0	False	containment 0.00 < 0.5; only 0/1 enzymes produced a fit; no PTR estimate	BcgI:only 0 windows after outlier trimming	no enzyme produced a usable estimate
S_1413216	GCA_002409905.1	s__Aminobacterium_mobile	NA	NA	NA	0	NA	NA	NA	0	NA	NA	NA	NA	0	1	0	-	NA	fixed	NA	none	0	False	containment 0.00 < 0.5; only 0/1 enzymes produced a fit; no PTR estimate	BcgI:only 0 windows after outlier trimming	no enzyme produced a usable estimate
S_1413216	GCA_002410045.1	s__T78_sp002409625	NA	NA	NA	0	NA	NA	NA	0	NA	NA	NA	NA	0	1	0	-	NA	fixed	NA	none	0	False	containment 0.00 < 0.5; only 0/1 enzymes produced a fit; no PTR estimate	BcgI:only 0 windows after outlier trimming	no enzyme produced a usable estimate
S_1413216	GCA_002411015.1	s__UBA5352_sp002411015	NA	NA	NA	0	NA	NA	NA	0	NA	NA	NA	NA	0	1	0	-	NA	fixed	NA	none	0	False	containment 0.00 < 0.5; only 0/1 enzymes produced a fit; no PTR estimate	BcgI:only 0 windows after outlier trimming	no enzyme produced a usable estimate
S_1413216	GCA_002419745.1	s__Massilia_timonae	NA	NA	NA	0.0009412397472	NA	NA	NA	0	NA	NA	NA	NA	0	1	0	-	NA	fixed	NA	none	0	False	containment 0.00 < 0.5; only 0/1 enzymes produced a fit; no PTR estimate	BcgI:only 1 windows after outlier trimming	no enzyme produced a usable estimate
S_1413216	GCA_002427175.1	s__UBA4874_sp002398065	NA	NA	NA	0	NA	NA	NA	0	NA	NA	NA	NA	0	1	0	-	NA	fixed	NA	none	0	False	containment 0.00 < 0.5; only 0/1 enzymes produced a fit; no PTR estimate	BcgI:only 0 windows after outlier trimming	no enzyme produced a usable estimate
S_1413216	GCA_002427475.1	s__DTU032_sp002427475	NA	NA	NA	0	NA	NA	NA	0	NA	NA	NA	NA	0	1	0	-	NA	fixed	NA	none	0	False	containment 0.00 < 0.5; only 0/1 enzymes produced a fit; no PTR estimate	BcgI:only 0 windows after outlier trimming	no enzyme produced a usable estimate
S_1413216	GCA_002431665.1	s__Petrimonas_sp002356435	NA	NA	NA	0	NA	NA	NA	0	NA	NA	NA	NA	0	1	0	-	NA	fixed	NA	none	0	False	containment 0.00 < 0.5; only 0/1 enzymes produced a fit; no PTR estimate	BcgI:only 0 windows after outlier trimming	no enzyme produced a usable estimate
S_1413216	GCA_002437285.1	s__Prevotella_sp002437285	NA	NA	NA	0.0004651162791	NA	NA	NA	0	NA	NA	NA	NA	0	1	0	-	NA	fixed	NA	none	0	False	containment 0.00 < 0.5; only 0/1 enzymes produced a fit; no PTR estimate	BcgI:only 1 windows after outlier trimming	no enzyme produced a usable estimate
S_1413216	GCA_002454415.1	s__Sphingobacterium_sp002454415	NA	NA	NA	0	NA	NA	NA	0	NA	NA	NA	NA	0	1	0	-	NA	fixed	NA	none	0	False	containment 0.00 < 0.5; only 0/1 enzymes produced a fit; no PTR estimate	BcgI:only 0 windows after outlier trimming	no enzyme produced a usable estimate
S_1413216	GCA_002455995.1	s__Leclercia_adecarboxylata_C	NA	NA	NA	0.0003092145949	NA	NA	NA	0	NA	NA	NA	NA	0	1	0	-	NA	fixed	NA	none	0	False	containment 0.00 < 0.5; only 0/1 enzymes produced a fit; no PTR estimate	BcgI:only 0 windows after outlier trimming	no enzyme produced a usable estimate
S_1413216	GCA_002694485.1	s__Brevundimonas_aurantiaca	2.487016284	1.116117216	0.2240320569	0.05300546448	1.640195528	0.7138678091	NA	359	0.7947532506	0.3746508997	-0.02043446107	1.448170079	1	1	1	BcgI	NA	fixed	831208.4375	glm	41	False	fraction 0.22 < 0.75; containment 0.05 < 0.5	-	single enzyme: no cross-enzyme consistency check available
S_1413216	GCA_002724745.1	s__Herbaspirillum_huttiense	NA	NA	NA	0.0003047386866	NA	NA	NA	0	NA	NA	NA	NA	0	1	0	-	NA	fixed	NA	none	0	False	containment 0.00 < 0.5; only 0/1 enzymes produced a fit; no PTR estimate	BcgI:only 0 windows after outlier trimming	no enzyme produced a usable estimate
S_1413216	GCA_002727035.1	s__Methylobacterium_fujisawaense	NA	NA	NA	0.0004491017964	NA	NA	NA	0	NA	NA	NA	NA	0	1	0	-	NA	fixed	NA	none	0	False	containment 0.00 < 0.5; only 0/1 enzymes produced a fit; no PTR estimate	BcgI:only 1 windows after outlier trimming	no enzyme produced a usable estimate
S_1413216	GCA_002890635.1	s__Tannerella_sp002890585	2.486350008	0.7555555556	0.1753851288	0.0314576872	1.553248508	0.6352886682	NA	865	0.7639313255	0.3702664312	-0.0904202017	1.360997538	1	1	1	BcgI	NA	fixed	824187.96	glm	38	False	fraction 0.18 < 0.75; containment 0.03 < 0.5	-	single enzyme: no cross-enzyme consistency check available
S_1413216	GCA_003241005.1	s__Brachybacterium_muris	NA	NA	NA	0.0008141112619	NA	NA	NA	0	NA	NA	NA	NA	0	1	0	-	NA	fixed	NA	none	0	False	containment 0.00 < 0.5; only 0/1 enzymes produced a fit; no PTR estimate	BcgI:only 3 windows after outlier trimming	no enzyme produced a usable estimate
S_1413216	GCA_003241315.1	s__Lawsonella_clevelandensis_A	NA	NA	NA	0.001062699256	NA	NA	NA	0	NA	NA	NA	NA	0	1	0	-	NA	fixed	NA	none	0	False	containment 0.00 < 0.5; only 0/1 enzymes produced a fit; no PTR estimate	BcgI:only 0 windows after outlier trimming	no enzyme produced a usable estimate
S_1413216	GCA_003248485.1	s__QFNR01_sp003248485	NA	NA	NA	0	NA	NA	NA	0	NA	NA	NA	NA	0	1	0	-	NA	fixed	NA	none	0	False	containment 0.00 < 0.5; only 0/1 enzymes produced a fit; no PTR estimate	BcgI:only 0 windows after outlier trimming	no enzyme produced a usable estimate
S_1413216	GCA_003260325.1	s__GN02-872_sp003260325	NA	NA	NA	0	NA	NA	NA	0	NA	NA	NA	NA	0	1	0	-	NA	fixed	NA	none	0	False	containment 0.00 < 0.5; only 0/1 enzymes produced a fit; no PTR estimate	BcgI:only 0 windows after outlier trimming	no enzyme produced a usable estimate
S_1413216	GCA_003260345.1	s__GN02-873_sp003260345	NA	NA	NA	0	NA	NA	NA	0	NA	NA	NA	NA	0	1	0	-	NA	fixed	NA	none	0	False	containment 0.00 < 0.5; only 0/1 enzymes produced a fit; no PTR estimate	BcgI:only 0 windows after outlier trimming	no enzyme produced a usable estimate
S_1413216	GCA_003260355.1	s__HOT-345_sp003260355	NA	NA	NA	0.01953125	NA	NA	NA	0	NA	NA	NA	NA	0	1	0	-	NA	fixed	NA	none	0	False	containment 0.02 < 0.5; only 0/1 enzymes produced a fit; no PTR estimate	BcgI:only 1 windows after outlier trimming	no enzyme produced a usable estimate
S_1413216	GCA_003469565.1	s__Streptococcus_parasanguinis_C	11.56831472	20.0650876	0.47201169	0.4	3.062580471	1.614747752	NA	242	0.9982167978	1.042796425	-0.4290956832	3.658591188	1	1	1	BcgI	NA	fixed	1448279.751	glm	21	False	fraction 0.47 < 0.75; dispersion 20.07 > 5.0; containment 0.40 < 0.5	-	single enzyme: no cross-enzyme consistency check available
S_1413216	GCA_003476535.1	s__Bradyrhizobium_sp003020075	1.651891245	0.6730194133	0.06148196913	0.05132238718	1.403675374	0.4892093241	NA	7971	0.8882054962	0.2990107023	-0.09684088342	1.075259532	1	1	1	BcgI	NA	fixed	3870515.21	glm	105	False	fraction 0.06 < 0.75; containment 0.05 < 0.5	-	single enzyme: no cross-enzyme consistency check available
S_1413216	GCA_003524895.1	s__Muricomes_intestini	NA	NA	NA	0	NA	NA	NA	0	NA	NA	NA	NA	0	1	0	-	NA	fixed	NA	none	0	False	containment 0.00 < 0.5; only 0/1 enzymes produced a fit; no PTR estimate	BcgI:only 0 windows after outlier trimming	no enzyme produced a usable estimate
S_1413216	GCA_003638725.1	s__Leptotrichia_sp002240055	NA	NA	NA	0.015625	NA	NA	NA	0	NA	NA	NA	NA	0	1	0	-	NA	fixed	NA	none	0	False	containment 0.02 < 0.5; only 0/1 enzymes produced a fit; no PTR estimate	BcgI:only 1 windows after outlier trimming	no enzyme produced a usable estimate
S_1413216	GCA_003639045.1	s__Pauljensenia_hongkongensis	3.22808378	1.569390165	0.2656041447	0.1066252588	1.419411566	0.5052929671	NA	428	0.781007061	0.4649649296	-0.406021549	1.416607483	1	1	1	BcgI	NA	fixed	683050.27	glm	51	False	fraction 0.27 < 0.75; containment 0.11 < 0.5	-	single enzyme: no cross-enzyme consistency check available
S_1413216	GCA_003640335.1	s__Porphyromonas_sp003640335	3.352332078	1.466666667	0.4047979798	0.07766990291	1.821860959	0.8654128598	NA	83	0.7515988359	0.8722010731	-0.8440698308	2.57489555	1	1	1	BcgI	NA	fixed	843964.7108	glm	22	False	fraction 0.40 < 0.75; containment 0.08 < 0.5	-	single enzyme: no cross-enzyme consistency check available
S_1413216	GCA_003862175.1	s__UBA7748_sp003862175	NA	NA	NA	0	NA	NA	NA	0	NA	NA	NA	NA	0	1	0	-	NA	fixed	NA	none	0	False	containment 0.00 < 0.5; only 0/1 enzymes produced a fit; no PTR estimate	BcgI:only 0 windows after outlier trimming	no enzyme produced a usable estimate
S_1413216	GCA_003862265.1	s__Limosilactobacillus_mucosae	NA	NA	NA	0	NA	NA	NA	0	NA	NA	NA	NA	0	1	0	-	NA	fixed	NA	none	0	False	containment 0.00 < 0.5; only 0/1 enzymes produced a fit; no PTR estimate	BcgI:only 0 windows after outlier trimming	no enzyme produced a usable estimate
S_1413216	GCA_003963075.1	s__Pelomonas_sp003963075	NA	NA	NA	0.001582278481	NA	NA	NA	0	NA	NA	NA	NA	0	1	0	-	NA	fixed	NA	none	0	False	containment 0.00 < 0.5; only 0/1 enzymes produced a fit; no PTR estimate	BcgI:only 3 windows after outlier trimming	no enzyme produced a usable estimate
S_1413216	GCA_003963115.1	s__Aquabacterium_sp003963115	NA	NA	NA	0.001235003529	NA	NA	NA	0	NA	NA	NA	NA	0	1	0	-	NA	fixed	NA	none	0	False	containment 0.00 < 0.5; only 0/1 enzymes produced a fit; no PTR estimate	BcgI:only 3 windows after outlier trimming	no enzyme produced a usable estimate
S_1413216	GCA_004297045.1	s__Bosea_sp900156025	NA	NA	NA	0.0002794857462	NA	NA	NA	0	NA	NA	NA	NA	0	1	0	-	NA	fixed	NA	none	0	False	containment 0.00 < 0.5; only 0/1 enzymes produced a fit; no PTR estimate	BcgI:only 2 windows after outlier trimming	no enzyme produced a usable estimate
S_1413216	GCA_004297605.1	s__Aquabacterium_sp004322345	NA	NA	NA	0.001135503407	NA	NA	NA	0	NA	NA	NA	NA	0	1	0	-	NA	fixed	NA	none	0	False	containment 0.00 < 0.5; only 0/1 enzymes produced a fit; no PTR estimate	BcgI:only 2 windows after outlier trimming	no enzyme produced a usable estimate
S_1413216	GCA_004555055.1	s__F0040_sp004555055	NA	NA	NA	0	NA	NA	NA	0	NA	NA	NA	NA	0	1	0	-	NA	fixed	NA	none	0	False	containment 0.00 < 0.5; only 0/1 enzymes produced a fit; no PTR estimate	BcgI:only 0 windows after outlier trimming	no enzyme produced a usable estimate
S_1413216	GCA_005768775.1	s__Gemella_haemolysans_B	68.20527237	82.96954953	0.7693452381	0.5260115607	1.588285672	0.6674704212	NA	119	0.9986851436	1.152774215	-1.591925523	2.926866365	1	1	1	BcgI	NA	fixed	714096.575	glm	32	False	dispersion 82.97 > 5.0	-	single enzyme: no cross-enzyme consistency check available
S_1413216	GCA_009830425.1	s__Staphylococcus_A_sciuri	NA	NA	NA	0	NA	NA	NA	0	NA	NA	NA	NA	0	1	0	-	NA	fixed	NA	none	0	False	containment 0.00 < 0.5; only 0/1 enzymes produced a fit; no PTR estimate	BcgI:only 0 windows after outlier trimming	no enzyme produced a usable estimate
S_1413216	GCA_009923995.1	s__Janthinobacterium_sp009923995	NA	NA	NA	0.0002815315315	NA	NA	NA	0	NA	NA	NA	NA	0	1	0	-	NA	fixed	NA	none	0	False	containment 0.00 < 0.5; only 0/1 enzymes produced a fit; no PTR estimate	BcgI:only 2 windows after outlier trimming	no enzyme produced a usable estimate
S_1413216	GCA_012512005.1	s__T78_sp002411175	NA	NA	NA	0	NA	NA	NA	0	NA	NA	NA	NA	0	1	0	-	NA	fixed	NA	none	0	False	containment 0.00 < 0.5; only 0/1 enzymes produced a fit; no PTR estimate	BcgI:only 0 windows after outlier trimming	no enzyme produced a usable estimate
S_1413216	GCA_012518595.1	s__UBA4971_sp012518595	NA	NA	NA	0	NA	NA	NA	0	NA	NA	NA	NA	0	1	0	-	NA	fixed	NA	none	0	False	containment 0.00 < 0.5; only 0/1 enzymes produced a fit; no PTR estimate	BcgI:only 0 windows after outlier trimming	no enzyme produced a usable estimate
S_1413216	GCA_012519495.1	s__JAAYQA01_sp012519495	NA	NA	NA	0	NA	NA	NA	0	NA	NA	NA	NA	0	1	0	-	NA	fixed	NA	none	0	False	containment 0.00 < 0.5; only 0/1 enzymes produced a fit; no PTR estimate	BcgI:only 0 windows after outlier trimming	no enzyme produced a usable estimate
S_1413216	GCA_012728535.1	s__DTU032_sp012728535	NA	NA	NA	0	NA	NA	NA	0	NA	NA	NA	NA	0	1	0	-	NA	fixed	NA	none	0	False	containment 0.00 < 0.5; only 0/1 enzymes produced a fit; no PTR estimate	BcgI:only 0 windows after outlier trimming	no enzyme produced a usable estimate
S_1413216	GCA_012799365.1	s__JAAZLJ01_sp012799365	NA	NA	NA	0	NA	NA	NA	0	NA	NA	NA	NA	0	1	0	-	NA	fixed	NA	none	0	False	containment 0.00 < 0.5; only 0/1 enzymes produced a fit; no PTR estimate	BcgI:only 0 windows after outlier trimming	no enzyme produced a usable estimate
S_1413216	GCA_012840585.1	s__UBA3913_sp002391425	NA	NA	NA	0.0004528985507	NA	NA	NA	0	NA	NA	NA	NA	0	1	0	-	NA	fixed	NA	none	0	False	containment 0.00 < 0.5; only 0/1 enzymes produced a fit; no PTR estimate	BcgI:only 1 windows after outlier trimming	no enzyme produced a usable estimate
S_1413216	GCA_013152425.1	s__Ralstonia_sp001078575	2.130408607	0.6666666667	0.04338402886	0.008906305664	1.787945449	0.8383027201	NA	896	0.7311602616	0.2534966824	0.3414583524	1.335147088	1	1	1	BcgI	NA	fixed	4274774.14	glm	23	False	fraction 0.04 < 0.75; containment 0.01 < 0.5	-	single enzyme: no cross-enzyme consistency check available
S_1413216	GCA_013332525.2	s__GN02-873_sp013332525	NA	NA	NA	0	NA	NA	NA	0	NA	NA	NA	NA	0	1	0	-	NA	fixed	NA	none	0	False	containment 0.00 < 0.5; only 0/1 enzymes produced a fit; no PTR estimate	BcgI:only 0 windows after outlier trimming	no enzyme produced a usable estimate
S_1413216	GCA_013332955.2	s__UBA2866_sp013332955	NA	NA	NA	0.0234375	NA	NA	NA	0	NA	NA	NA	NA	0	1	0	-	NA	fixed	NA	none	0	False	containment 0.02 < 0.5; only 0/1 enzymes produced a fit; no PTR estimate	BcgI:only 3 windows after outlier trimming	no enzyme produced a usable estimate
S_1413216	GCA_013332965.2	s__UBA2866_sp013332965	NA	NA	NA	0.01215805471	NA	NA	NA	0	NA	NA	NA	NA	0	1	0	-	NA	fixed	NA	none	0	False	containment 0.01 < 0.5; only 0/1 enzymes produced a fit; no PTR estimate	BcgI:only 1 windows after outlier trimming	no enzyme produced a usable estimate
S_1413216	GCA_013333035.2	s__CAG-793_sp013333035	NA	NA	NA	0.01754385965	NA	NA	NA	0	NA	NA	NA	NA	0	1	0	-	NA	fixed	NA	none	0	False	containment 0.02 < 0.5; only 0/1 enzymes produced a fit; no PTR estimate	BcgI:only 0 windows after outlier trimming	no enzyme produced a usable estimate
S_1413216	GCA_013333075.2	s__Prevotella_sp013333285	2.346850149	0.619047619	0.2865308303	0.02568493151	2.089060595	1.06285434	NA	101	0.7170689229	0.6502695012	-0.2116504628	2.337359143	1	1	1	BcgI	NA	fixed	905811.9478	glm	12	False	fraction 0.29 < 0.75; containment 0.03 < 0.5	-	single enzyme: no cross-enzyme consistency check available
S_1413216	GCA_013333105.2	s__JABCPO02_sp013333105	NA	NA	NA	0	NA	NA	NA	0	NA	NA	NA	NA	0	1	0	-	NA	fixed	NA	none	0	False	containment 0.00 < 0.5; only 0/1 enzymes produced a fit; no PTR estimate	BcgI:only 0 windows after outlier trimming	no enzyme produced a usable estimate
S_1413216	GCA_013333135.2	s__UBA2866_sp013333135	6.057535302	0.1428571429	0.1649350649	0.02892561983	1.615879195	0.6923193446	NA	71	0.6483943703	0.856459602	-0.9863106297	2.370949319	1	1	1	BcgI	NA	fixed	177129.3844	glm	5	False	fraction 0.16 < 0.75; containment 0.03 < 0.5	-	single enzyme: no cross-enzyme consistency check available
S_1413216	GCA_013333165.2	s__JABCPG02_sp013333195	NA	NA	NA	0.009910802775	NA	NA	NA	0	NA	NA	NA	NA	0	1	0	-	NA	fixed	NA	none	0	False	containment 0.01 < 0.5; only 0/1 enzymes produced a fit; no PTR estimate	BcgI:only 4 windows after outlier trimming	no enzyme produced a usable estimate
S_1413216	GCA_013333235.2	s__JABCPH02_sp013333235	4.667134355	4.307894737	0.3623376623	0.1082474227	3.152071273	1.656300157	NA	52	0.9269253486	0.8169112403	0.05518354716	3.257416766	1	1	1	BcgI	NA	fixed	277372.3125	glm	11	False	fraction 0.36 < 0.75; containment 0.11 < 0.5	-	single enzyme: no cross-enzyme consistency check available
S_1413216	GCA_013333295.2	s__HOT-345_sp013333295	NA	NA	NA	0	NA	NA	NA	0	NA	NA	NA	NA	0	1	0	-	NA	fixed	NA	none	0	False	containment 0.00 < 0.5; only 0/1 enzymes produced a fit; no PTR estimate	BcgI:only 0 windows after outlier trimming	no enzyme produced a usable estimate
S_1413216	GCA_013333375.2	s__UBA2866_sp013333375	NA	NA	NA	0.03365384615	NA	NA	NA	0	NA	NA	NA	NA	0	1	0	-	NA	fixed	NA	none	0	False	containment 0.03 < 0.5; only 0/1 enzymes produced a fit; no PTR estimate	BcgI:only 4 windows after outlier trimming	no enzyme produced a usable estimate
S_1413216	GCA_013333395.2	s__CAG-793_sp013333395	NA	NA	NA	0.115942029	NA	NA	NA	0	NA	NA	NA	NA	0	1	0	-	NA	fixed	NA	none	0	False	containment 0.12 < 0.5; only 0/1 enzymes produced a fit; no PTR estimate	BcgI:only 9 anchors (< 30)	no enzyme produced a usable estimate
S_1413216	GCA_013333405.2	s__UMGS1907_sp013333405	3.572777972	1.69047619	0.2261111111	0.08606557377	5.601304985	2.485762984	NA	77	0.9568617251	0.8123244651	0.8936362883	4.077889679	1	1	1	BcgI	NA	fixed	150070.4333	glm	10	False	fraction 0.23 < 0.75; containment 0.09 < 0.5	-	single enzyme: no cross-enzyme consistency check available
S_1413216	GCA_013333425.2	s__Mogibacterium_diversum	4.942203452	2.300414301	0.3646612465	0.235395189	1.467459931	0.5533211112	NA	420	0.7887056641	0.6991559513	-0.8169993729	1.923641595	1	1	1	BcgI	NA	fixed	295815.2472	glm	46	False	fraction 0.36 < 0.75; containment 0.24 < 0.5	-	single enzyme: no cross-enzyme consistency check available
S_1413216	GCA_013333485.2	s__Saccharimonas_sp010202265	NA	NA	NA	0.002173913043	NA	NA	NA	0	NA	NA	NA	NA	0	1	0	-	NA	fixed	NA	none	0	False	containment 0.00 < 0.5; only 0/1 enzymes produced a fit; no PTR estimate	BcgI:only 1 windows after outlier trimming	no enzyme produced a usable estimate
S_1413216	GCA_013333495.2	s__TM7x_sp013333495	NA	NA	NA	0.00198019802	NA	NA	NA	0	NA	NA	NA	NA	0	1	0	-	NA	fixed	NA	none	0	False	containment 0.00 < 0.5; only 0/1 enzymes produced a fit; no PTR estimate	BcgI:only 1 windows after outlier trimming	no enzyme produced a usable estimate
S_1413216	GCA_013333505.2	s__JABCPE02_sp013333255	5.287617754	3.775518814	0.5220588235	0.2234432234	4.371639751	2.128174519	NA	143	0.9903552054	0.7779396439	0.6034408352	3.652908204	1	1	1	BcgI	NA	fixed	311164.8986	glm	33	False	fraction 0.52 < 0.75; containment 0.22 < 0.5	-	single enzyme: no cross-enzyme consistency check available
S_1413216	GCA_013333515.2	s__UBA1103_sp013333515	NA	NA	NA	0.008333333333	NA	NA	NA	0	NA	NA	NA	NA	0	1	0	-	NA	fixed	NA	none	0	False	containment 0.01 < 0.5; only 0/1 enzymes produced a fit; no PTR estimate	BcgI:only 2 windows after outlier trimming	no enzyme produced a usable estimate
S_1413216	GCA_013333595.2	s__SDRW01_sp013333595	NA	NA	NA	0	NA	NA	NA	0	NA	NA	NA	NA	0	1	0	-	NA	fixed	NA	none	0	False	containment 0.00 < 0.5; only 0/1 enzymes produced a fit; no PTR estimate	BcgI:only 0 windows after outlier trimming	no enzyme produced a usable estimate
S_1413216	GCA_013333605.2	s__HOT-345_sp013333605	NA	NA	NA	0.008196721311	NA	NA	NA	0	NA	NA	NA	NA	0	1	0	-	NA	fixed	NA	none	0	False	containment 0.01 < 0.5; only 0/1 enzymes produced a fit; no PTR estimate	BcgI:only 1 windows after outlier trimming	no enzyme produced a usable estimate
S_1413216	GCA_013333625.2	s__Saccharimonas_sp013333625	NA	NA	NA	0.01690821256	NA	NA	NA	0	NA	NA	NA	NA	0	1	0	-	NA	fixed	NA	none	0	False	containment 0.02 < 0.5; only 0/1 enzymes produced a fit; no PTR estimate	BcgI:only 4 windows after outlier trimming	no enzyme produced a usable estimate
S_1413216	GCA_013333645.2	s__Saccharimonas_sp013333645	NA	NA	NA	0.00422832981	NA	NA	NA	0	NA	NA	NA	NA	0	1	0	-	NA	fixed	NA	none	0	False	containment 0.00 < 0.5; only 0/1 enzymes produced a fit; no PTR estimate	BcgI:only 3 windows after outlier trimming	no enzyme produced a usable estimate
S_1413216	GCA_013333675.2	s__Saccharimonas_sp013333675	NA	NA	NA	0.002509410289	NA	NA	NA	0	NA	NA	NA	NA	0	1	0	-	NA	fixed	NA	none	0	False	containment 0.00 < 0.5; only 0/1 enzymes produced a fit; no PTR estimate	BcgI:only 2 windows after outlier trimming	no enzyme produced a usable estimate
S_1413216	GCA_013333695.2	s__TM7x_sp013333695	NA	NA	NA	0.007936507937	NA	NA	NA	0	NA	NA	NA	NA	0	1	0	-	NA	fixed	NA	none	0	False	containment 0.01 < 0.5; only 0/1 enzymes produced a fit; no PTR estimate	BcgI:only 2 windows after outlier trimming	no enzyme produced a usable estimate
S_1413216	GCA_013333755.2	s__GN02-872_sp002761215	NA	NA	NA	0	NA	NA	NA	0	NA	NA	NA	NA	0	1	0	-	NA	fixed	NA	none	0	False	containment 0.00 < 0.5; only 0/1 enzymes produced a fit; no PTR estimate	BcgI:only 0 windows after outlier trimming	no enzyme produced a usable estimate
S_1413216	GCA_013333795.2	s__Saccharimonas_sp013333795	NA	NA	NA	0.01917808219	NA	NA	NA	0	NA	NA	NA	NA	0	1	0	-	NA	fixed	NA	none	0	False	containment 0.02 < 0.5; only 0/1 enzymes produced a fit; no PTR estimate	BcgI:only 19 anchors (< 30)	no enzyme produced a usable estimate
S_1413216	GCA_013333815.2	s__SDRW01_sp007845485	2.893725176	1.396825397	0.1103743	0.05217391304	1.677795762	0.7465671076	NA	117	0.6702026886	1.004308719	-1.221841811	2.714976026	1	1	1	BcgI	NA	fixed	578051.53	glm	5	False	fraction 0.11 < 0.75; containment 0.05 < 0.5	-	single enzyme: no cross-enzyme consistency check available
S_1413216	GCA_013333835.2	s__Bacteroides_D_sp013333835	NA	NA	NA	0	NA	NA	NA	0	NA	NA	NA	NA	0	1	0	-	NA	fixed	NA	none	0	False	containment 0.00 < 0.5; only 0/1 enzymes produced a fit; no PTR estimate	BcgI:only 0 windows after outlier trimming	no enzyme produced a usable estimate
S_1413216	GCA_013333845.2	s__Saccharimonas_sp013333845	NA	NA	NA	0.01133144476	NA	NA	NA	0	NA	NA	NA	NA	0	1	0	-	NA	fixed	NA	none	0	False	containment 0.01 < 0.5; only 0/1 enzymes produced a fit; no PTR estimate	BcgI:only 3 windows after outlier trimming	no enzyme produced a usable estimate
S_1413216	GCA_013333875.2	s__JABCPE02_sp013333875	4.983958332	NA	0.6154761905	0.1028806584	3.109680126	1.636766187	NA	30	0.9368889823	0.8484169736	-0.02610052539	3.299632899	1	1	1	BcgI	NA	fixed	120102.8111	glm	14	False	fraction 0.62 < 0.75; containment 0.10 < 0.5	-	single enzyme: no cross-enzyme consistency check available
S_1413216	GCA_013333895.2	s__Arachnia_sp013333735	4.135762381	8.266666667	0.1370944211	0.005738880918	18.6619683	4.222029252	NA	108	0.9778904964	1.784999434	0.7234946488	7.720563855	1	1	1	BcgI	NA	fixed	2007324.052	glm	6	False	fraction 0.14 < 0.75; dispersion 8.27 > 5.0; containment 0.01 < 0.5	-	single enzyme: no cross-enzyme consistency check available
S_1413216	GCA_013333935.1	s__Prevotella_sp013333935	1.918166729	0.7016680195	0.06860278669	0.05060240964	2.220574645	1.150933069	NA	958	0.833283865	0.6396746476	-0.1028062025	2.40467234	1	1	1	BcgI	NA	fixed	661949.08	glm	21	False	fraction 0.07 < 0.75; containment 0.05 < 0.5	-	single enzyme: no cross-enzyme consistency check available
S_1413216	GCA_013333945.2	s__Arachnia_sp013333945	6.887810976	9.323467532	0.3817428185	0.3307810107	1.188550679	0.2492034203	NA	2189	0.9797277493	0.3998654502	-0.5345184608	1.032925301	1	1	1	BcgI	NA	fixed	439182.6042	glm	195	False	fraction 0.38 < 0.75; dispersion 9.32 > 5.0; containment 0.33 < 0.5	-	single enzyme: no cross-enzyme consistency check available
S_1413216	GCA_014467095.1	s__Streptococcus_mitis_K	NA	NA	NA	0.1111111111	NA	NA	NA	0	NA	NA	NA	NA	0	1	0	-	NA	fixed	NA	none	0	False	containment 0.11 < 0.5; only 0/1 enzymes produced a fit; no PTR estimate	BcgI:only 3 windows after outlier trimming	no enzyme produced a usable estimate
S_1413216	GCA_900066305.1	s__UBA1191_sp900066305	NA	NA	NA	0	NA	NA	NA	0	NA	NA	NA	NA	0	1	0	-	NA	fixed	NA	none	0	False	containment 0.00 < 0.5; only 0/1 enzymes produced a fit; no PTR estimate	BcgI:only 0 windows after outlier trimming	no enzyme produced a usable estimate
S_1413216	GCA_900167215.1	s__Peptoanaerobacter_yurii	2.210100449	0.8	0.148015873	0.05078125	5.259465837	2.394916284	NA	74	0.7348776522	0.5154886179	1.384577158	3.405255409	1	1	1	BcgI	NA	fixed	1318468.76	glm	7	False	fraction 0.15 < 0.75; containment 0.05 < 0.5	-	single enzyme: no cross-enzyme consistency check available
S_1413216	GCA_900299135.1	s__Trueperella_pyogenes	NA	NA	NA	0	NA	NA	NA	0	NA	NA	NA	NA	0	1	0	-	NA	fixed	NA	none	0	False	containment 0.00 < 0.5; only 0/1 enzymes produced a fit; no PTR estimate	BcgI:only 0 windows after outlier trimming	no enzyme produced a usable estimate
S_1413216	GCA_900453905.1	s__Neisseria_flavescens	92.1054192	78.41098451	0.08766838286	0.05235602094	3.363097955	1.7497908	NA	349	0.9999197704	1.39397857	-0.982356993	4.481938593	1	1	1	BcgI	NA	fixed	1112156.372	glm	16	False	fraction 0.09 < 0.75; dispersion 78.41 > 5.0; containment 0.05 < 0.5	-	single enzyme: no cross-enzyme consistency check available
S_1413216	GCA_900538345.1	s__Veillonella_tobetsuensis	5.532218746	3.761298701	0.08984187109	0.03794642857	1.847275003	0.8853986556	NA	175	0.7413441187	1.149497629	-1.367575298	3.138372609	1	1	1	BcgI	NA	fixed	749929.0556	glm	7	False	fraction 0.09 < 0.75; containment 0.04 < 0.5	-	single enzyme: no cross-enzyme consistency check available
S_1413216	GCA_900538355.1	s__Veillonella_sp900538355	12.92236934	27.0695628	0.2814367037	0.05809128631	16.47711896	4.042392103	NA	69	0.9934343684	1.173305301	1.74275597	6.342028235	1	1	1	BcgI	NA	fixed	539946.1742	glm	5	False	fraction 0.28 < 0.75; dispersion 27.07 > 5.0; containment 0.06 < 0.5	-	single enzyme: no cross-enzyme consistency check available
S_1413216	GCA_900539315.1	s__Granulicatella_sp001058355	17.39059301	26.0827066	0.4904580299	0.3832853026	6.413115814	2.681025461	NA	330	0.9999555714	0.8575440897	1.00026993	4.361780992	1	1	1	BcgI	NA	fixed	561055.2267	glm	29	False	fraction 0.49 < 0.75; dispersion 26.08 > 5.0; containment 0.38 < 0.5	-	single enzyme: no cross-enzyme consistency check available
S_1413216	GCA_900539505.1	s__Campylobacter_B_sp900539505	2.337056877	1.576190476	0.1046522661	0.03724696356	3.355049215	1.746333929	NA	480	0.9321842208	0.7863959515	0.2050261871	3.287641672	1	1	1	BcgI	NA	fixed	107239.8814	glm	22	False	fraction 0.10 < 0.75; containment 0.04 < 0.5	-	single enzyme: no cross-enzyme consistency check available
S_1413216	GCA_900539555.1	s__Streptococcus_mitis_BB	32.15820292	24.15678873	0.719017094	0.4202898551	3.226779638	1.690095057	NA	42	0.9664010596	0.6266286757	0.461925421	2.918264693	1	1	1	BcgI	NA	fixed	445370.13	glm	12	False	fraction 0.72 < 0.75; dispersion 24.16 > 5.0; containment 0.42 < 0.5	-	single enzyme: no cross-enzyme consistency check available
S_1413216	GCA_900539805.1	s__Phyllobacterium_sp900539805	2.043115076	0.2666666667	0.01951724715	0.002726188448	1.907616153	0.9317709039	NA	651	0.66158875	0.7335645168	-0.5059891293	2.369530937	1	1	1	BcgI	NA	fixed	2952212.976	glm	8	False	fraction 0.02 < 0.75; containment 0.00 < 0.5	-	single enzyme: no cross-enzyme consistency check available
S_1413216	GCA_900540375.1	s__Prevotella_sp900540375	NA	NA	NA	0	NA	NA	NA	0	NA	NA	NA	NA	0	1	0	-	NA	fixed	NA	none	0	False	containment 0.00 < 0.5; only 0/1 enzymes produced a fit; no PTR estimate	BcgI:only 0 windows after outlier trimming	no enzyme produced a usable estimate
S_1413216	GCA_900540565.1	s__Pauljensenia_sp001838165	9.352152689	20.46476261	0.2451243806	0.2364367046	4.198743749	2.069957742	NA	1296	0.998350903	0.7189148485	0.6609105314	3.479004953	1	1	1	BcgI	NA	fixed	693330	glm	37	False	fraction 0.25 < 0.75; dispersion 20.46 > 5.0; containment 0.24 < 0.5	-	single enzyme: no cross-enzyme consistency check available
S_1413216	GCA_900541895.1	s__Pauljensenia_sp900541895	4.528348012	3.102733164	0.08439321926	0.03516819572	1.731753829	0.7922338634	NA	701	0.8036220689	0.8216234221	-0.8181184527	2.40258618	1	1	1	BcgI	NA	fixed	693517.7017	glm	24	False	fraction 0.08 < 0.75; containment 0.04 < 0.5	-	single enzyme: no cross-enzyme consistency check available
S_1413216	GCA_900542465.1	s__UBA4285_sp900542465	NA	NA	NA	0	NA	NA	NA	0	NA	NA	NA	NA	0	1	0	-	NA	fixed	NA	none	0	False	containment 0.00 < 0.5; only 0/1 enzymes produced a fit; no PTR estimate	BcgI:only 0 windows after outlier trimming	no enzyme produced a usable estimate
S_1413216	GCA_900546865.1	s__Rothia_terrae	NA	NA	NA	0	NA	NA	NA	0	NA	NA	NA	NA	0	1	0	-	NA	fixed	NA	none	0	False	containment 0.00 < 0.5; only 0/1 enzymes produced a fit; no PTR estimate	BcgI:only 0 windows after outlier trimming	no enzyme produced a usable estimate
S_1413216	GCA_900549805.1	s__Veillonella_sp900549805	NA	NA	NA	0.03383458647	NA	NA	NA	0	NA	NA	NA	NA	0	1	0	-	NA	fixed	NA	none	0	False	containment 0.03 < 0.5; only 0/1 enzymes produced a fit; no PTR estimate	BcgI:only 3 windows after outlier trimming	no enzyme produced a usable estimate
S_1413216	GCA_900549845.1	s__Veillonella_sp900549845	10.15809923	8	0.5625	0.1307692308	1.632995868	0.70752114	NA	40	0.7261978596	1.214110047	-1.672090825	3.087133105	1	1	1	BcgI	NA	fixed	105064.9125	glm	16	False	fraction 0.56 < 0.75; dispersion 8.00 > 5.0; containment 0.13 < 0.5	-	single enzyme: no cross-enzyme consistency check available
S_1413216	GCA_900550175.1	s__Veillonella_sp900550175	25.84593494	1.005263158	0.4852380952	0.07279693487	24.12006867	4.592162109	NA	59	0.9999333476	2.127151621	0.4230215426	8.761302676	1	1	1	BcgI	NA	fixed	652620.6011	glm	15	False	fraction 0.49 < 0.75; containment 0.07 < 0.5	-	single enzyme: no cross-enzyme consistency check available
S_1413216	GCA_900550455.1	s__Veillonella_sp900550455	NA	NA	NA	0.0269058296	NA	NA	NA	0	NA	NA	NA	NA	0	1	0	-	NA	fixed	NA	none	0	False	containment 0.03 < 0.5; only 0/1 enzymes produced a fit; no PTR estimate	BcgI:only 1 windows after outlier trimming	no enzyme produced a usable estimate
S_1413216	GCA_900551535.1	s__Granulicatella_sp900551535	32.6671958	40.64573172	0.6198796723	0.3240418118	2.269995675	1.182689549	NA	189	0.9979739454	0.9617617495	-0.7023288418	3.06770794	1	1	1	BcgI	NA	fixed	437330.7594	glm	62	False	fraction 0.62 < 0.75; dispersion 40.65 > 5.0; containment 0.32 < 0.5	-	single enzyme: no cross-enzyme consistency check available
S_1413216	GCA_900552445.1	s__Veillonella_sp900552445	27.07354166	47.63675421	0.7275	0.1984126984	3.770998779	1.914946683	NA	76	0.999787488	1.17682242	-0.3915828758	4.221476242	1	1	1	BcgI	NA	fixed	599304.5333	glm	40	False	fraction 0.73 < 0.75; dispersion 47.64 > 5.0; containment 0.20 < 0.5	-	single enzyme: no cross-enzyme consistency check available
S_1413216	GCA_900552715.1	s__Veillonella_sp900552715	7.412180922	13.66666667	0.7111111111	0.1801801802	4.097315393	2.034678949	NA	31	0.987782143	1.301790972	-0.5167844707	4.58614237	1	1	1	BcgI	NA	fixed	162011.5	glm	15	False	fraction 0.71 < 0.75; dispersion 13.67 > 5.0; containment 0.18 < 0.5	-	single enzyme: no cross-enzyme consistency check available
S_1413216	GCA_900554555.1	s__Bulleidia_sp900554555	3.935674668	0.9989121989	0.6863636364	0.1794871795	2.253846083	1.172388996	NA	50	0.866427203	0.6423737785	-0.08664047432	2.431418467	1	1	1	BcgI	NA	fixed	175509.5894	glm	22	False	fraction 0.69 < 0.75; containment 0.18 < 0.5	-	single enzyme: no cross-enzyme consistency check available
S_1413216	GCA_900554605.1	s__Pauljensenia_sp900554605	5.857236296	3.870382947	0.4474153298	0.05597014925	2.36285724	1.240532466	NA	97	0.9202061898	0.7097452995	-0.1505427588	2.631607692	1	1	1	BcgI	NA	fixed	137796.5033	glm	22	False	fraction 0.45 < 0.75; containment 0.06 < 0.5	-	single enzyme: no cross-enzyme consistency check available
S_1413216	GCA_900555155.1	s__Streptococcus_sp900555155	NA	NA	NA	0.01538461538	NA	NA	NA	0	NA	NA	NA	NA	0	1	0	-	NA	fixed	NA	none	0	False	containment 0.02 < 0.5; only 0/1 enzymes produced a fit; no PTR estimate	BcgI:only 2 windows after outlier trimming	no enzyme produced a usable estimate
S_1413216	GCA_900555245.1	s__Dialister_sp900555245	NA	NA	NA	0.05025125628	NA	NA	NA	0	NA	NA	NA	NA	0	1	0	-	NA	fixed	NA	none	0	False	containment 0.05 < 0.5; only 0/1 enzymes produced a fit; no PTR estimate	BcgI:only 24 anchors (< 30)	no enzyme produced a usable estimate
S_1413216	GCA_900555335.1	s__Lancefieldella_sp900555335	6.180096505	7.24693001	0.313548414	0.1736842105	2.88677271	1.529457521	NA	197	0.9943109128	1.089657523	-0.6062319791	3.665147022	1	1	1	BcgI	NA	fixed	343909.5472	glm	31	False	fraction 0.31 < 0.75; dispersion 7.25 > 5.0; containment 0.17 < 0.5	-	single enzyme: no cross-enzyme consistency check available
S_1413216	GCA_900555945.1	s__UMGS1907_sp900555945	2.595376172	NA	0.07919252044	0.04621848739	1.94018227	0.9561921921	NA	89	0.6548761582	0.6402241922	-0.2986241666	2.211008551	1	1	1	BcgI	NA	fixed	197408.6806	glm	6	False	fraction 0.08 < 0.75; containment 0.05 < 0.5	-	single enzyme: no cross-enzyme consistency check available
S_1413216	GCA_900555985.1	s__Gemella_sp900555985	NA	NA	NA	0.06	NA	NA	NA	0	NA	NA	NA	NA	0	1	0	-	NA	fixed	NA	none	0	False	containment 0.06 < 0.5; only 0/1 enzymes produced a fit; no PTR estimate	BcgI:only 4 windows after outlier trimming	no enzyme produced a usable estimate
S_1413216	GCA_900556165.1	s__UMGS1907_sp900556165	2.730959135	2.079040404	0.3981409894	0.10546875	2.15710955	1.109099446	NA	94	0.743413241	0.8958624215	-0.6467586347	2.864957528	1	1	1	BcgI	NA	fixed	114924.7883	glm	13	False	fraction 0.40 < 0.75; containment 0.11 < 0.5	-	single enzyme: no cross-enzyme consistency check available
S_1413216	GCA_900556405.1	s__Pauljensenia_sp900556405	6.871719154	6.488674331	0.2754137567	0.1033973412	3.525948194	1.818011278	NA	518	0.999793968	0.8096054465	0.2312137609	3.404808795	1	1	1	BcgI	NA	fixed	408807.0631	glm	74	False	fraction 0.28 < 0.75; dispersion 6.49 > 5.0; containment 0.10 < 0.5	-	single enzyme: no cross-enzyme consistency check available
S_1413216	GCA_900556785.1	s__Veillonella_sp900556785	18.05335074	5.157269485	0.5789060068	0.2265625	7.680149837	2.941134458	NA	68	0.999832205	1.790521105	-0.5682224219	6.450491337	1	1	1	BcgI	NA	fixed	304595.8978	glm	18	False	fraction 0.58 < 0.75; dispersion 5.16 > 5.0; containment 0.23 < 0.5	-	single enzyme: no cross-enzyme consistency check available
S_1413216	GCA_900557325.1	s__Streptococcus_rubneri	NA	NA	NA	0.05747126437	NA	NA	NA	0	NA	NA	NA	NA	0	1	0	-	NA	fixed	NA	none	0	False	containment 0.06 < 0.5; only 0/1 enzymes produced a fit; no PTR estimate	BcgI:only 14 anchors (< 30)	no enzyme produced a usable estimate
S_1413216	GCA_900755085.1	s__Streptococcus_sp900755085	16.52324639	10.52592593	0.5790890269	0.1044776119	3.202426857	1.67916562	NA	68	0.9869401253	1.689413383	-1.632023766	4.990355006	1	1	1	BcgI	NA	fixed	1276657.954	glm	23	False	fraction 0.58 < 0.75; dispersion 10.53 > 5.0; containment 0.10 < 0.5	-	single enzyme: no cross-enzyme consistency check available
S_1413216	GCA_900755465.1	s__Rothia_sp902373285	92.08786449	176.5637676	0.1541259404	0.04712404712	11.65385196	3.542734984	NA	739	0.999998503	1.575615262	0.4545858171	6.630884151	1	1	1	BcgI	NA	fixed	1668111.867	glm	45	False	fraction 0.15 < 0.75; dispersion 176.56 > 5.0; containment 0.05 < 0.5	-	single enzyme: no cross-enzyme consistency check available
S_1413216	GCA_900755475.1	s__Streptococcus_sp900543065	20.79194459	1.6	0.198205481	0.01946472019	2.73305032	1.450512022	NA	65	0.9790318354	1.68365937	-1.849399706	4.750423751	1	1	1	BcgI	NA	fixed	1483497.49	glm	6	False	fraction 0.20 < 0.75; containment 0.02 < 0.5	-	single enzyme: no cross-enzyme consistency check available
S_1413216	GCA_900757715.1	s__Veillonella_sp900757715	7.850689419	9.894147356	0.4984126984	0.09708737864	1.637463432	0.7114626883	NA	115	0.8145934285	1.134494023	-1.512104737	2.935030113	1	1	1	BcgI	NA	fixed	1488348.326	glm	23	False	fraction 0.50 < 0.75; dispersion 9.89 > 5.0; containment 0.10 < 0.5	-	single enzyme: no cross-enzyme consistency check available
S_1413216	GCA_900758605.1	s__Bacteroides_sp900552405	NA	NA	NA	0.0008200082001	NA	NA	NA	0	NA	NA	NA	NA	0	1	0	-	NA	fixed	NA	none	0	False	containment 0.00 < 0.5; only 0/1 enzymes produced a fit; no PTR estimate	BcgI:only 2 windows after outlier trimming	no enzyme produced a usable estimate
S_1413216	GCA_900759325.1	s__Peptostreptococcus_sp900759325	2.694820622	2.025	0.3546296296	0.1161290323	1.527442644	0.6111182078	NA	61	0.6570619195	0.6864647575	-0.7343279935	1.956564409	1	1	1	BcgI	NA	fixed	549401.2417	glm	9	False	fraction 0.35 < 0.75; containment 0.12 < 0.5	-	single enzyme: no cross-enzyme consistency check available
S_1413216	GCA_900765235.1	s__Veillonella_sp900765235	NA	NA	NA	0.1428571429	NA	NA	NA	0	NA	NA	NA	NA	0	1	0	-	NA	fixed	NA	none	0	False	containment 0.14 < 0.5; only 0/1 enzymes produced a fit; no PTR estimate	BcgI:only 15 anchors (< 30)	no enzyme produced a usable estimate
S_1413216	GCA_900766125.1	s__Veillonella_sp900766125	NA	NA	NA	0.09160305344	NA	NA	NA	0	NA	NA	NA	NA	0	1	0	-	NA	fixed	NA	none	0	False	containment 0.09 < 0.5; only 0/1 enzymes produced a fit; no PTR estimate	BcgI:only 19 anchors (< 30)	no enzyme produced a usable estimate
S_1413216	GCA_900766185.1	s__Johnsonella_sp900766185	NA	NA	NA	0.008350730689	NA	NA	NA	0	NA	NA	NA	NA	0	1	0	-	NA	fixed	NA	none	0	False	containment 0.01 < 0.5; only 0/1 enzymes produced a fit; no PTR estimate	BcgI:only 3 windows after outlier trimming	no enzyme produced a usable estimate
S_1413216	GCA_900766305.1	s__Gemella_sp900766305	61.88650314	25.38121547	0.5081089744	0.1513157895	2.479743335	1.310190803	NA	74	0.9973394983	1.712359185	-2.045971528	4.666353134	1	1	1	BcgI	NA	fixed	868742.9439	glm	20	False	fraction 0.51 < 0.75; dispersion 25.38 > 5.0; containment 0.15 < 0.5	-	single enzyme: no cross-enzyme consistency check available
S_1413216	GCA_900766345.1	s__Corynebacterium_sp900539985	NA	NA	NA	0	NA	NA	NA	0	NA	NA	NA	NA	0	1	0	-	NA	fixed	NA	none	0	False	containment 0.00 < 0.5; only 0/1 enzymes produced a fit; no PTR estimate	BcgI:only 0 windows after outlier trimming	no enzyme produced a usable estimate
S_1413216	GCA_900766415.1	s__Veillonella_sp009929605	NA	NA	NA	0	NA	NA	NA	0	NA	NA	NA	NA	0	1	0	-	NA	fixed	NA	none	0	False	containment 0.00 < 0.5; only 0/1 enzymes produced a fit; no PTR estimate	BcgI:only 0 windows after outlier trimming	no enzyme produced a usable estimate
S_1413216	GCA_901420285.1	s__Rodentibacter_sp901420285	4.909688667	6.578908113	0.2752290138	0.2483974359	1.568299078	0.6492007105	NA	1101	0.983057592	0.5409424831	-0.411027074	1.709428495	1	1	1	BcgI	NA	fixed	736351.4083	glm	23	False	fraction 0.28 < 0.75; dispersion 6.58 > 5.0; containment 0.25 < 0.5	-	single enzyme: no cross-enzyme consistency check available
S_1413216	GCA_902373375.1	s__Lancefieldella_sp902373375	3.989908013	2.285714286	0.2495289025	0.03289473684	1.496546372	0.5816369826	NA	104	0.6658707715	1.039232276	-1.455220849	2.618494814	1	1	1	BcgI	NA	fixed	741535.7675	glm	11	False	fraction 0.25 < 0.75; containment 0.03 < 0.5	-	single enzyme: no cross-enzyme consistency check available
S_1413216	GCA_902373385.1	s__Methylobacterium_sp002778835	NA	NA	NA	0.0007742934572	NA	NA	NA	0	NA	NA	NA	NA	0	1	0	-	NA	fixed	NA	none	0	False	containment 0.00 < 0.5; only 0/1 enzymes produced a fit; no PTR estimate	BcgI:only 1 windows after outlier trimming	no enzyme produced a usable estimate
S_1413216	GCA_902373395.1	s__Rothia_mucilaginosa_B	267.4875923	427.2219657	0.4345325533	0.154185022	2.349533168	1.232374134	NA	380	1	0.893599242	-0.5190481968	2.983796465	1	1	1	BcgI	NA	fixed	651335.4028	glm	87	False	fraction 0.43 < 0.75; dispersion 427.22 > 5.0; containment 0.15 < 0.5	-	single enzyme: no cross-enzyme consistency check available
S_1413216	GCA_902373435.1	s__Pauljensenia_sp902373435	6.685013712	6.107752282	0.1210066518	0.0307314075	1.833949722	0.8749540874	NA	430	0.7553833386	0.9790956112	-1.044038048	2.793946223	1	1	1	BcgI	NA	fixed	1364521.037	glm	29	False	fraction 0.12 < 0.75; dispersion 6.11 > 5.0; containment 0.03 < 0.5	-	single enzyme: no cross-enzyme consistency check available
S_1413216	GCA_902373455.1	s__Streptococcus_sp902373455	43.61848945	83.90322581	0.7583333333	0.2189781022	1.548519314	0.630889377	NA	41	0.8958826972	2.172478368	-3.627089981	4.888868735	1	1	1	BcgI	NA	fixed	56651.03889	glm	24	False	dispersion 83.90 > 5.0; containment 0.22 < 0.5	-	single enzyme: no cross-enzyme consistency check available
S_1413216	GCA_902373545.1	s__Pauljensenia_sp902373545	5.743935114	7.492949618	0.3194009199	0.2236089444	4.602779008	2.202505176	NA	1506	0.9991648412	0.5530649393	1.118517814	3.286492539	1	1	1	BcgI	NA	fixed	719796.3367	glm	102	False	fraction 0.32 < 0.75; dispersion 7.49 > 5.0; containment 0.22 < 0.5	-	single enzyme: no cross-enzyme consistency check available
S_1413216	GCA_902373585.1	s__Veillonella_dispar	20.77769483	2	0.3764880952	0.08759124088	109.0395632	6.768707878	NA	40	0.9981014471	1.05282551	4.705207797	8.832207959	1	1	1	BcgI	NA	fixed	595976.9011	glm	8	False	fraction 0.38 < 0.75; containment 0.09 < 0.5	-	single enzyme: no cross-enzyme consistency check available
S_1413216	GCA_902406185.1	s__Streptococcus_sp900550895	NA	NA	NA	0.03174603175	NA	NA	NA	0	NA	NA	NA	NA	0	1	0	-	NA	fixed	NA	none	0	False	containment 0.03 < 0.5; only 0/1 enzymes produced a fit; no PTR estimate	BcgI:only 3 windows after outlier trimming	no enzyme produced a usable estimate
S_1413216	GCA_902406255.1	s__Veillonella_sp900545205	NA	NA	NA	0.1226415094	NA	NA	NA	0	NA	NA	NA	NA	0	1	0	-	NA	fixed	NA	none	0	False	containment 0.12 < 0.5; only 0/1 enzymes produced a fit; no PTR estimate	BcgI:only 20 anchors (< 30)	no enzyme produced a usable estimate
S_1413216	GCA_902406345.1	s__Anaeroglobus_micronuciformis	3.145200576	2.108104274	0.1603591162	0.1576673866	2.900646268	1.53637437	NA	875	0.9946132228	0.5974317811	0.3654295964	2.707319145	1	1	1	BcgI	NA	fixed	1263642.047	glm	25	False	fraction 0.16 < 0.75; containment 0.16 < 0.5	-	single enzyme: no cross-enzyme consistency check available
S_1413216	GCA_902498835.1	s__Chlamydophila_avium	NA	NA	NA	0	NA	NA	NA	0	NA	NA	NA	NA	0	1	0	-	NA	fixed	NA	none	0	False	containment 0.00 < 0.5; only 0/1 enzymes produced a fit; no PTR estimate	BcgI:only 0 windows after outlier trimming	no enzyme produced a usable estimate
S_1413216	GCA_902756015.1	s__UBA3839_sp900321835	NA	NA	NA	0.0003260515161	NA	NA	NA	0	NA	NA	NA	NA	0	1	0	-	NA	fixed	NA	none	0	False	containment 0.00 < 0.5; only 0/1 enzymes produced a fit; no PTR estimate	BcgI:only 1 windows after outlier trimming	no enzyme produced a usable estimate
S_1413216	GCA_902759415.1	s__UBA3663_sp900319235	NA	NA	NA	0.0002124495432	NA	NA	NA	0	NA	NA	NA	NA	0	1	0	-	NA	fixed	NA	none	0	False	containment 0.00 < 0.5; only 0/1 enzymes produced a fit; no PTR estimate	BcgI:only 1 windows after outlier trimming	no enzyme produced a usable estimate
S_1413216	GCA_903823475.1	s__Limnohabitans_sp903880855	NA	NA	NA	0	NA	NA	NA	0	NA	NA	NA	NA	0	1	0	-	NA	fixed	NA	none	0	False	containment 0.00 < 0.5; only 0/1 enzymes produced a fit; no PTR estimate	BcgI:only 0 windows after outlier trimming	no enzyme produced a usable estimate
S_1413216	GCA_903924425.1	s__UBA4615_sp903903975	NA	NA	NA	0.0001362769147	NA	NA	NA	0	NA	NA	NA	NA	0	1	0	-	NA	fixed	NA	none	0	False	containment 0.00 < 0.5; only 0/1 enzymes produced a fit; no PTR estimate	BcgI:only 1 windows after outlier trimming	no enzyme produced a usable estimate
S_1413216	GCF_000011305.1	s__Corynebacterium_efficiens	NA	NA	NA	0	NA	NA	NA	0	NA	NA	NA	NA	0	1	0	-	NA	fixed	NA	none	0	False	containment 0.00 < 0.5; only 0/1 enzymes produced a fit; no PTR estimate	BcgI:only 0 windows after outlier trimming	no enzyme produced a usable estimate
S_1413216	GCF_000015165.1	s__Bradyrhizobium_sp000015165	2.002895964	0.8333333333	0.01333333333	0.001177486459	1.427770093	0.5137636883	NA	600	0.6472448188	0.8483420915	-1.148956258	2.176483634	1	1	1	BcgI	NA	fixed	2235992.037	glm	6	False	fraction 0.01 < 0.75; containment 0.00 < 0.5	-	single enzyme: no cross-enzyme consistency check available
S_1413216	GCF_000023845.1	s__Cryptobacterium_curtum	NA	NA	NA	0	NA	NA	NA	0	NA	NA	NA	NA	0	1	0	-	NA	fixed	NA	none	0	False	containment 0.00 < 0.5; only 0/1 enzymes produced a fit; no PTR estimate	BcgI:only 0 windows after outlier trimming	no enzyme produced a usable estimate
S_1413216	GCF_000023905.1	s__Leptotrichia_buccalis	2.766594914	1.316760037	0.1666666667	0.1658291457	10.72784874	3.423288896	NA	174	0.9954418383	0.7969083732	1.861377185	4.985200606	1	1	1	BcgI	NA	fixed	134434.5511	glm	7	False	fraction 0.17 < 0.75; containment 0.17 < 0.5	-	single enzyme: no cross-enzyme consistency check available
S_1413216	GCF_000024225.1	s__Lancefieldella_parvula	4.934424783	3.690204597	0.1619814241	0.1340694006	2.138109002	1.096335404	NA	484	0.9948401404	0.6371308657	-0.1524181461	2.345088954	1	1	1	BcgI	NA	fixed	407096.1867	glm	19	False	fraction 0.16 < 0.75; containment 0.13 < 0.5	-	single enzyme: no cross-enzyme consistency check available
S_1413216	GCF_000027165.1	s__Streptococcus_mitis_AR	NA	NA	NA	0.08737864078	NA	NA	NA	0	NA	NA	NA	NA	0	1	0	-	NA	fixed	NA	none	0	False	containment 0.09 < 0.5; only 0/1 enzymes produced a fit; no PTR estimate	BcgI:only 3 windows after outlier trimming	no enzyme produced a usable estimate
S_1413216	GCF_000090875.1	s__Neisseria_sp000090875	4.998540245	11.6761478	0.2570018218	0.2571638501	1.874935932	0.9068412985	NA	1079	0.994728659	0.5772396944	-0.224527713	2.03821031	1	1	1	BcgI	NA	fixed	1985275.413	glm	20	False	fraction 0.26 < 0.75; dispersion 11.68 > 5.0; containment 0.26 < 0.5	-	single enzyme: no cross-enzyme consistency check available
S_1413216	GCF_000143845.1	s__Olsenella_uli	NA	NA	NA	0	NA	NA	NA	0	NA	NA	NA	NA	0	1	0	-	NA	fixed	NA	none	0	False	containment 0.00 < 0.5; only 0/1 enzymes produced a fit; no PTR estimate	BcgI:only 0 windows after outlier trimming	no enzyme produced a usable estimate
S_1413216	GCF_000146585.1	s__Streptococcus_mitis_AZ	NA	NA	NA	0.04807692308	NA	NA	NA	0	NA	NA	NA	NA	0	1	0	-	NA	fixed	NA	none	0	False	containment 0.05 < 0.5; only 0/1 enzymes produced a fit; no PTR estimate	BcgI:only 4 windows after outlier trimming	no enzyme produced a usable estimate
S_1413216	GCF_000147675.1	s__Peptostreptococcus_stomatis	NA	NA	NA	0.0125	NA	NA	NA	0	NA	NA	NA	NA	0	1	0	-	NA	fixed	NA	none	0	False	containment 0.01 < 0.5; only 0/1 enzymes produced a fit; no PTR estimate	BcgI:only 2 windows after outlier trimming	no enzyme produced a usable estimate
S_1413216	GCF_000148525.1	s__Streptococcus_mitis_H	NA	NA	NA	0.1111111111	NA	NA	NA	0	NA	NA	NA	NA	0	1	0	-	NA	fixed	NA	none	0	False	containment 0.11 < 0.5; only 0/1 enzymes produced a fit; no PTR estimate	BcgI:only 29 anchors (< 30)	no enzyme produced a usable estimate
S_1413216	GCF_000148545.1	s__Streptococcus_mitis_C	NA	NA	NA	0.1149425287	NA	NA	NA	0	NA	NA	NA	NA	0	1	0	-	NA	fixed	NA	none	0	False	containment 0.11 < 0.5; only 0/1 enzymes produced a fit; no PTR estimate	BcgI:only 19 anchors (< 30)	no enzyme produced a usable estimate
S_1413216	GCF_000148975.1	s__Streptococcus_pseudopneumoniae_M	7.718054268	11.65597471	0.6714285714	0.1962616822	4.617341597	2.207062469	NA	33	0.9834069008	1.520095733	-0.7722704211	5.186395359	1	1	1	BcgI	NA	fixed	1106232.141	glm	14	False	fraction 0.67 < 0.75; dispersion 11.66 > 5.0; containment 0.20 < 0.5	-	single enzyme: no cross-enzyme consistency check available
S_1413216	GCF_000154225.1	s__Pauljensenia_odontolytica_A	4.36919503	10.52271454	0.2057333832	0.204865557	1.87058011	0.9034857526	NA	1314	0.9815208711	0.5261032786	-0.1276577256	1.934629231	1	1	1	BcgI	NA	fixed	1720453.787	glm	21	False	fraction 0.21 < 0.75; dispersion 10.52 > 5.0; containment 0.20 < 0.5	-	single enzyme: no cross-enzyme consistency check available
S_1413216	GCF_000156615.2	s__Corynebacterium_tuberculostearicum	NA	NA	NA	0.001057082452	NA	NA	NA	0	NA	NA	NA	NA	0	1	0	-	NA	fixed	NA	none	0	False	containment 0.00 < 0.5; only 0/1 enzymes produced a fit; no PTR estimate	BcgI:only 1 windows after outlier trimming	no enzyme produced a usable estimate
S_1413216	GCF_000158215.3	s__Fusobacterium_periodonticum_D	NA	NA	NA	0.09615384615	NA	NA	NA	0	NA	NA	NA	NA	0	1	0	-	NA	fixed	NA	none	0	False	containment 0.10 < 0.5; only 0/1 enzymes produced a fit; no PTR estimate	BcgI:only 1 windows after outlier trimming	no enzyme produced a usable estimate
S_1413216	GCF_000159435.1	s__Limosilactobacillus_vaginalis	NA	NA	NA	0	NA	NA	NA	0	NA	NA	NA	NA	0	1	0	-	NA	fixed	NA	none	0	False	containment 0.00 < 0.5; only 0/1 enzymes produced a fit; no PTR estimate	BcgI:only 0 windows after outlier trimming	no enzyme produced a usable estimate
S_1413216	GCF_000159995.1	s__Alloprevotella_tannerae	NA	NA	NA	0.001272264631	NA	NA	NA	0	NA	NA	NA	NA	0	1	0	-	NA	fixed	NA	none	0	False	containment 0.00 < 0.5; only 0/1 enzymes produced a fit; no PTR estimate	BcgI:only 2 windows after outlier trimming	no enzyme produced a usable estimate
S_1413216	GCF_000160035.2	s__Catonella_morbi	NA	NA	NA	0	NA	NA	NA	0	NA	NA	NA	NA	0	1	0	-	NA	fixed	NA	none	0	False	containment 0.00 < 0.5; only 0/1 enzymes produced a fit; no PTR estimate	BcgI:only 0 windows after outlier trimming	no enzyme produced a usable estimate
S_1413216	GCF_000160055.1	s__Dialister_invisus	4.466158624	3.589334614	0.1788108108	0.1674757282	2.385794348	1.25446969	NA	387	0.8501524871	0.7661875481	-0.2472303094	2.75616969	1	1	1	BcgI	NA	fixed	1541002.333	glm	15	False	fraction 0.18 < 0.75; containment 0.17 < 0.5	-	single enzyme: no cross-enzyme consistency check available
S_1413216	GCF_000160115.1	s__Shuttleworthia_satelles	NA	NA	NA	0	NA	NA	NA	0	NA	NA	NA	NA	0	1	0	-	NA	fixed	NA	none	0	False	containment 0.00 < 0.5; only 0/1 enzymes produced a fit; no PTR estimate	BcgI:only 0 windows after outlier trimming	no enzyme produced a usable estimate
S_1413216	GCF_000160135.1	s__Oribacterium_sp000160135	2.188961757	1.364614209	0.1393864225	0.1336858006	1.897349907	0.9239857633	NA	1268	0.9831841344	0.6148260731	-0.2810511967	2.129022723	1	1	1	BcgI	NA	fixed	1608568.375	glm	26	False	fraction 0.14 < 0.75; containment 0.13 < 0.5	-	single enzyme: no cross-enzyme consistency check available
S_1413216	GCF_000160435.1	s__Kingella_B_oralis	2.227949817	11.28159274	0.240016172	0.2374401914	1.521839744	0.6058164453	NA	1672	0.9618443654	0.5375848626	-0.447830524	1.659463415	1	1	1	BcgI	NA	fixed	851484.54	glm	26	False	fraction 0.24 < 0.75; dispersion 11.28 > 5.0; containment 0.24 < 0.5	-	single enzyme: no cross-enzyme consistency check available
S_1413216	GCF_000160635.1	s__Oribacterium_sinus	3.503277506	2.724559184	0.2062169312	0.1873905429	1.490074578	0.5753845394	NA	445	0.8215196371	0.3179702841	-0.0478257657	1.198594844	1	1	1	BcgI	NA	fixed	1514976.758	glm	18	False	fraction 0.21 < 0.75; containment 0.19 < 0.5	-	single enzyme: no cross-enzyme consistency check available
S_1413216	GCF_000160695.1	s__Centipeda_flueggei	2.772489557	0.8666666667	0.01896098852	0.01097852029	1.604847129	0.682435879	NA	833	0.6533033286	0.8243885098	-0.9333359094	2.298207667	1	1	1	BcgI	NA	fixed	1413738.088	glm	10	False	fraction 0.02 < 0.75; containment 0.01 < 0.5	-	single enzyme: no cross-enzyme consistency check available
S_1413216	GCF_000161975.1	s__Eubacterium_N_saphenum	NA	NA	NA	0	NA	NA	NA	0	NA	NA	NA	NA	0	1	0	-	NA	fixed	NA	none	0	False	containment 0.00 < 0.5; only 0/1 enzymes produced a fit; no PTR estimate	BcgI:only 0 windows after outlier trimming	no enzyme produced a usable estimate
S_1413216	GCF_000162455.1	s__Prevotella_buccae	NA	NA	NA	0.0004321521175	NA	NA	NA	0	NA	NA	NA	NA	0	1	0	-	NA	fixed	NA	none	0	False	containment 0.00 < 0.5; only 0/1 enzymes produced a fit; no PTR estimate	BcgI:only 0 windows after outlier trimming	no enzyme produced a usable estimate
S_1413216	GCF_000162475.2	s__Granulicatella_elegans	18.37948419	52.91900784	0.4180952381	0.4243542435	3.182935363	1.67035786	NA	246	0.9999765806	1.118380028	-0.5216267149	3.862342435	1	1	1	BcgI	NA	fixed	1475562.122	glm	10	False	fraction 0.42 < 0.75; dispersion 52.92 > 5.0; containment 0.42 < 0.5	-	single enzyme: no cross-enzyme consistency check available
S_1413216	GCF_000162935.1	s__Prevotella_veroralis	6.541709358	3.934782609	0.04817302532	0.01792573624	4.522032854	2.176971474	NA	248	0.9274934316	1.355184301	-0.4791409487	4.833083896	1	1	1	BcgI	NA	fixed	696051.2842	glm	8	False	fraction 0.05 < 0.75; containment 0.02 < 0.5	-	single enzyme: no cross-enzyme consistency check available
S_1413216	GCF_000163055.2	s__Prevotella_sp000163055	20.91533264	15.02630882	0.06076388889	0.042527339	2.879134473	1.525635173	NA	576	0.9935892437	1.978156851	-2.35148101	5.402751356	1	1	1	BcgI	NA	fixed	85320.61111	glm	18	False	fraction 0.06 < 0.75; dispersion 15.03 > 5.0; containment 0.04 < 0.5	-	single enzyme: no cross-enzyme consistency check available
S_1413216	GCF_000163475.1	s__Pasteurella_dagmatis	NA	NA	NA	0	NA	NA	NA	0	NA	NA	NA	NA	0	1	0	-	NA	fixed	NA	none	0	False	containment 0.00 < 0.5; only 0/1 enzymes produced a fit; no PTR estimate	BcgI:only 0 windows after outlier trimming	no enzyme produced a usable estimate
S_1413216	GCF_000163695.1	s__F0058_sp000163695	NA	NA	NA	0.001982815598	NA	NA	NA	0	NA	NA	NA	NA	0	1	0	-	NA	fixed	NA	none	0	False	containment 0.00 < 0.5; only 0/1 enzymes produced a fit; no PTR estimate	BcgI:only 2 windows after outlier trimming	no enzyme produced a usable estimate
S_1413216	GCF_000163835.1	s__Parascardovia_denticolens	NA	NA	NA	0	NA	NA	NA	0	NA	NA	NA	NA	0	1	0	-	NA	fixed	NA	none	0	False	containment 0.00 < 0.5; only 0/1 enzymes produced a fit; no PTR estimate	BcgI:only 0 windows after outlier trimming	no enzyme produced a usable estimate
S_1413216	GCF_000163895.2	s__Filifactor_alocis	NA	NA	NA	0.002816901408	NA	NA	NA	0	NA	NA	NA	NA	0	1	0	-	NA	fixed	NA	none	0	False	containment 0.00 < 0.5; only 0/1 enzymes produced a fit; no PTR estimate	BcgI:only 1 windows after outlier trimming	no enzyme produced a usable estimate
S_1413216	GCF_000173895.1	s__Neisseria_cinerea	12.66863526	23.5246407	0.2376201503	0.2240373396	1.986452411	0.9901942317	NA	771	0.9971080394	0.8412232512	-0.6585730436	2.638961507	1	1	1	BcgI	NA	fixed	962343.5572	glm	29	False	fraction 0.24 < 0.75; dispersion 23.52 > 5.0; containment 0.22 < 0.5	-	single enzyme: no cross-enzyme consistency check available
S_1413216	GCF_000173915.1	s__Gemella_haemolysans	41.40907793	132.0944895	0.351151053	0.2408759124	7.976773657	2.995805342	NA	132	0.9999992926	2.323471142	-1.558114416	7.549725099	1	1	1	BcgI	NA	fixed	1672228.636	glm	9	False	fraction 0.35 < 0.75; dispersion 132.09 > 5.0; containment 0.24 < 0.5	-	single enzyme: no cross-enzyme consistency check available
S_1413216	GCF_000174655.1	s__Neisseria_sicca	54.21731641	69.56417776	0.08010455142	0.03896103896	7.362036733	2.880104948	NA	212	0.9997711198	2.564121982	-2.145481789	7.905691685	1	1	1	BcgI	NA	fixed	2078704.181	glm	12	False	fraction 0.08 < 0.75; dispersion 69.56 > 5.0; containment 0.04 < 0.5	-	single enzyme: no cross-enzyme consistency check available
S_1413216	GCF_000174755.1	s__Capnocytophaga_gingivalis	7.03717462	9.761995108	0.3601298146	0.3358925144	3.128407213	1.645428315	NA	447	0.9971186395	0.7247350842	0.2249736518	3.065882979	1	1	1	BcgI	NA	fixed	710166.1867	glm	22	False	fraction 0.36 < 0.75; dispersion 9.76 > 5.0; containment 0.34 < 0.5	-	single enzyme: no cross-enzyme consistency check available
S_1413216	GCF_000175375.1	s__Corynebacterium_matruchotii	8.732994764	28.94827627	0.3844934846	0.3800623053	1.610826583	0.6878011858	NA	1980	0.9988230993	0.3357226135	0.02979695451	1.345805417	1	1	1	BcgI	NA	fixed	2721705.089	glm	23	False	fraction 0.38 < 0.75; dispersion 28.95 > 5.0; containment 0.38 < 0.5	-	single enzyme: no cross-enzyme consistency check available
S_1413216	GCF_000175635.1	s__Corynebacterium_tuberculostearicum_C	NA	NA	NA	0	NA	NA	NA	0	NA	NA	NA	NA	0	1	0	-	NA	fixed	NA	none	0	False	containment 0.00 < 0.5; only 0/1 enzymes produced a fit; no PTR estimate	BcgI:only 0 windows after outlier trimming	no enzyme produced a usable estimate
S_1413216	GCF_000175875.1	s__Campylobacter_B_gracilis	2.629379786	2.457142857	0.04301288189	0.02404965089	2.838652675	1.505206338	NA	392	0.7681366523	0.8925847723	-0.2442276689	3.254640345	1	1	1	BcgI	NA	fixed	1839133.855	glm	9	False	fraction 0.04 < 0.75; containment 0.02 < 0.5	-	single enzyme: no cross-enzyme consistency check available
S_1413216	GCF_000177055.1	s__Prevotella_timonensis_A	NA	NA	NA	0.00395256917	NA	NA	NA	0	NA	NA	NA	NA	0	1	0	-	NA	fixed	NA	none	0	False	containment 0.00 < 0.5; only 0/1 enzymes produced a fit; no PTR estimate	BcgI:only 1 windows after outlier trimming	no enzyme produced a usable estimate
S_1413216	GCF_000177375.1	s__Bulleidia_extructa	NA	NA	NA	0.004587155963	NA	NA	NA	0	NA	NA	NA	NA	0	1	0	-	NA	fixed	NA	none	0	False	containment 0.00 < 0.5; only 0/1 enzymes produced a fit; no PTR estimate	BcgI:only 1 windows after outlier trimming	no enzyme produced a usable estimate
S_1413216	GCF_000178895.1	s__Fusobacterium_nucleatum	NA	NA	NA	0	NA	NA	NA	0	NA	NA	NA	NA	0	1	0	-	NA	fixed	NA	none	0	False	containment 0.00 < 0.5; only 0/1 enzymes produced a fit; no PTR estimate	BcgI:only 0 windows after outlier trimming	no enzyme produced a usable estimate
S_1413216	GCF_000179755.1	s__Veillonella_atypica	7.698151804	10.05803843	0.3975836697	0.3020833333	1.69171036	0.7584825842	NA	539	0.9961737688	0.7881279952	-0.7862199015	2.30318507	1	1	1	BcgI	NA	fixed	556739.9017	glm	41	False	fraction 0.40 < 0.75; dispersion 10.06 > 5.0; containment 0.30 < 0.5	-	single enzyme: no cross-enzyme consistency check available
S_1413216	GCF_000185145.2	s__Prevotella_oralis	NA	NA	NA	0	NA	NA	NA	0	NA	NA	NA	NA	0	1	0	-	NA	fixed	NA	none	0	False	containment 0.00 < 0.5; only 0/1 enzymes produced a fit; no PTR estimate	BcgI:only 0 windows after outlier trimming	no enzyme produced a usable estimate
S_1413216	GCF_000185385.1	s__Lachnoanaerobaculum_saburreum	2.512325791	0.3	0.1975757576	0.05612244898	2.33712454	1.224734614	NA	184	0.7698549156	0.6595878517	-0.06803381991	2.517503048	1	1	1	BcgI	NA	fixed	1734488.889	glm	8	False	fraction 0.20 < 0.75; containment 0.06 < 0.5	-	single enzyme: no cross-enzyme consistency check available
S_1413216	GCF_000185505.1	s__Pseudoramibacter_alactolyticus	NA	NA	NA	0.001612036539	NA	NA	NA	0	NA	NA	NA	NA	0	1	0	-	NA	fixed	NA	none	0	False	containment 0.00 < 0.5; only 0/1 enzymes produced a fit; no PTR estimate	BcgI:only 2 windows after outlier trimming	no enzyme produced a usable estimate
S_1413216	GCF_000185645.1	s__Gemella_morbillorum	6.323321799	9.459185896	0.2828911565	0.2634730539	1.669178929	0.7391386138	NA	163	0.7912064859	0.943270953	-1.109638482	2.587915709	1	1	1	BcgI	NA	fixed	191219.3461	glm	7	False	fraction 0.28 < 0.75; dispersion 9.46 > 5.0; containment 0.26 < 0.5	-	single enzyme: no cross-enzyme consistency check available
S_1413216	GCF_000187585.1	s__Streptococcus_peroris	12.48982376	21.44280989	0.08095238095	0.05957446809	2.218671511	1.149696083	NA	160	0.8734437932	1.481324211	-1.753646019	4.053038185	1	1	1	BcgI	NA	fixed	115238.2542	glm	6	False	fraction 0.08 < 0.75; dispersion 21.44 > 5.0; containment 0.06 < 0.5	-	single enzyme: no cross-enzyme consistency check available
S_1413216	GCF_000187745.1	s__Streptococcus_sp000187745	NA	NA	NA	0.1022727273	NA	NA	NA	0	NA	NA	NA	NA	0	1	0	-	NA	fixed	NA	none	0	False	containment 0.10 < 0.5; only 0/1 enzymes produced a fit; no PTR estimate	BcgI:only 4 windows after outlier trimming	no enzyme produced a usable estimate
S_1413216	GCF_000188255.1	s__Actinobacillus_ureae	NA	NA	NA	0	NA	NA	NA	0	NA	NA	NA	NA	0	1	0	-	NA	fixed	NA	none	0	False	containment 0.00 < 0.5; only 0/1 enzymes produced a fit; no PTR estimate	BcgI:only 0 windows after outlier trimming	no enzyme produced a usable estimate
S_1413216	GCF_000191065.1	s__Prevotella_multiformis	4.73345549	2.609813797	0.03528242591	0.01745936183	5.225920759	2.385685249	NA	895	0.9908735692	0.9992527486	0.4271858505	4.344184648	1	1	1	BcgI	NA	fixed	2998021.402	glm	14	False	fraction 0.04 < 0.75; containment 0.02 < 0.5	-	single enzyme: no cross-enzyme consistency check available
S_1413216	GCF_000191105.1	s__Streptococcus_sanguinis	26.19172377	33.13738578	0.1162081129	0.1096491228	44.09930608	5.462684049	NA	203	0.9994101522	1.522507698	2.478623794	8.446744304	1	1	1	BcgI	NA	fixed	1852647.496	glm	9	False	fraction 0.12 < 0.75; dispersion 33.14 > 5.0; containment 0.11 < 0.5	-	single enzyme: no cross-enzyme consistency check available
S_1413216	GCF_000191825.1	s__Treponema_B_denticola	NA	NA	NA	0	NA	NA	NA	0	NA	NA	NA	NA	0	1	0	-	NA	fixed	NA	none	0	False	containment 0.00 < 0.5; only 0/1 enzymes produced a fit; no PTR estimate	BcgI:only 0 windows after outlier trimming	no enzyme produced a usable estimate
S_1413216	GCF_000192225.1	s__Capnocytophaga_sp000192225	1.177248874	0.4019047619	0.09142857143	0.06363636364	1.507616006	0.592269017	NA	175	0.6493157178	0.9290304245	-1.228597156	2.41313519	1	1	1	BcgI	NA	fixed	565600.1922	glm	7	False	fraction 0.09 < 0.75; containment 0.06 < 0.5	-	single enzyme: no cross-enzyme consistency check available
S_1413216	GCF_000193735.1	s__Neisseria_sicca_E	16.33378188	47.06724957	0.1735020973	0.0242510699	6.371116141	2.671546137	NA	145	0.9829004706	2.146436359	-1.535391823	6.878484097	1	1	1	BcgI	NA	fixed	1137148.041	glm	10	False	fraction 0.17 < 0.75; dispersion 47.07 > 5.0; containment 0.02 < 0.5	-	single enzyme: no cross-enzyme consistency check available
S_1413216	GCF_000193755.1	s__Neisseria_sicca_D	22.10417211	10.69253663	0.1826256952	0.04623287671	8.134005809	3.023966021	NA	167	0.9973663563	1.445201289	0.191423544	5.856508498	1	1	1	BcgI	NA	fixed	827538.1833	glm	12	False	fraction 0.18 < 0.75; dispersion 10.69 > 5.0; containment 0.05 < 0.5	-	single enzyme: no cross-enzyme consistency check available
S_1413216	GCF_000193775.1	s__Neisseria_polysaccharea	19.70098352	10.41959958	0.1182342285	0.03945111492	2.244667046	1.166501464	NA	217	0.9719839797	1.736078158	-2.236149199	4.569152128	1	1	1	BcgI	NA	fixed	1660244.055	glm	11	False	fraction 0.12 < 0.75; dispersion 10.42 > 5.0; containment 0.04 < 0.5	-	single enzyme: no cross-enzyme consistency check available
S_1413216	GCF_000193795.1	s__Neisseria_lactamica_A	4.819886786	5.101190476	0.1555980726	0.01805555556	13.46604093	3.75125385	NA	170	0.9591906009	1.25586872	1.289796389	6.212711312	1	1	1	BcgI	NA	fixed	214921.4933	glm	7	False	fraction 0.16 < 0.75; dispersion 5.10 > 5.0; containment 0.02 < 0.5	-	single enzyme: no cross-enzyme consistency check available
S_1413216	GCF_000195595.1	s__Actinomyces_sp000195595	9.446665791	19.34973996	0.5539609061	0.5180780209	2.726654129	1.447131709	NA	1787	0.9998950291	0.8729724516	-0.263862856	3.158126273	1	1	1	BcgI	NA	fixed	1523657.054	glm	49	False	fraction 0.55 < 0.75; dispersion 19.35 > 5.0	-	single enzyme: no cross-enzyme consistency check available
S_1413216	GCF_000208825.1	s__Aeromonas_caviae	NA	NA	NA	0.0007849293564	NA	NA	NA	0	NA	NA	NA	NA	0	1	0	-	NA	fixed	NA	none	0	False	containment 0.00 < 0.5; only 0/1 enzymes produced a fit; no PTR estimate	BcgI:only 2 windows after outlier trimming	no enzyme produced a usable estimate
S_1413216	GCF_000209465.1	s__Lachnoanaerobaculum_sp000209465	1.59362426	NA	0.0436032152	0.01428571429	1	6.424391404e-17	NA	118	0.07543337984	6.144794859e-16	-1.140113748e-15	1.268601576e-15	1	1	1	BcgI	NA	fixed	1508739.754	glm	5	False	fraction 0.04 < 0.75; containment 0.01 < 0.5	-	single enzyme: no cross-enzyme consistency check available
S_1413216	GCF_000210895.1	s__Haemophilus_D_parainfluenzae_A	31.45229054	92.25356065	0.255483871	0.2578125	1.393621806	0.4788391031	NA	256	0.9914131228	1.020939777	-1.522166089	2.479844296	1	1	1	BcgI	NA	fixed	1665009.671	glm	10	False	fraction 0.26 < 0.75; dispersion 92.25 > 5.0; containment 0.26 < 0.5	-	single enzyme: no cross-enzyme consistency check available
S_1413216	GCF_000211795.1	s__Sphingomonas_paucimobilis	1.919841069	0.6713032581	0.03061934207	0.01438721137	1.429244331	0.5152525677	NA	1882	0.6734829765	0.4308221639	-0.3291433573	1.359648493	1	1	1	BcgI	NA	fixed	1287758.44	glm	22	False	fraction 0.03 < 0.75; containment 0.01 < 0.5	-	single enzyme: no cross-enzyme consistency check available
S_1413216	GCF_000212855.1	s__Streptococcus_sanguinis_A	10.30875844	10.87576313	0.08166666667	0.06737588652	24.55875053	4.618165258	NA	205	0.9954963722	1.458787092	1.758995096	7.477335419	1	1	1	BcgI	NA	fixed	2101004.444	glm	8	False	fraction 0.08 < 0.75; dispersion 10.88 > 5.0; containment 0.07 < 0.5	-	single enzyme: no cross-enzyme consistency check available
S_1413216	GCF_000213975.1	s__Centipeda_periodontii	1.305861542	0.3333333333	0.014	0.00583090379	1.397536747	0.4828862178	NA	1000	0.6505566948	0.278578507	-0.06311762276	1.028890058	1	1	1	BcgI	NA	fixed	1506624.267	glm	10	False	fraction 0.01 < 0.75; containment 0.01 < 0.5	-	single enzyme: no cross-enzyme consistency check available
S_1413216	GCF_000214475.1	s__Parvimonas_sp000214475	NA	NA	NA	0	NA	NA	NA	0	NA	NA	NA	NA	0	1	0	-	NA	fixed	NA	none	0	False	containment 0.00 < 0.5; only 0/1 enzymes produced a fit; no PTR estimate	BcgI:only 0 windows after outlier trimming	no enzyme produced a usable estimate
S_1413216	GCF_000215385.1	s__Streptococcus_infantis_B	12.25861459	14.32338651	0.5664904377	0.4733727811	18.11725214	4.179292252	NA	157	0.999343855	1.112090738	1.999634459	6.358950046	1	1	1	BcgI	NA	fixed	1209547.606	glm	17	False	fraction 0.57 < 0.75; dispersion 14.32 > 5.0; containment 0.47 < 0.5	-	single enzyme: no cross-enzyme consistency check available
S_1413216	GCF_000218235.1	s__Prevotella_multisaccharivorax	NA	NA	NA	0	NA	NA	NA	0	NA	NA	NA	NA	0	1	0	-	NA	fixed	NA	none	0	False	containment 0.00 < 0.5; only 0/1 enzymes produced a fit; no PTR estimate	BcgI:only 0 windows after outlier trimming	no enzyme produced a usable estimate
S_1413216	GCF_000220045.1	s__Streptococcus_mitis_AP	NA	NA	NA	0.08641975309	NA	NA	NA	0	NA	NA	NA	NA	0	1	0	-	NA	fixed	NA	none	0	False	containment 0.09 < 0.5; only 0/1 enzymes produced a fit; no PTR estimate	BcgI:only 3 windows after outlier trimming	no enzyme produced a usable estimate
S_1413216	GCF_000220065.1	s__Streptococcus_sp000220065	3.073212995	3.191237701	0.1661538462	0.1570680628	2.338111422	1.225343683	NA	325	0.9997479667	1.03903381	-0.8111251627	3.261812528	1	1	1	BcgI	NA	fixed	1879291.575	glm	13	False	fraction 0.17 < 0.75; containment 0.16 < 0.5	-	single enzyme: no cross-enzyme consistency check available
S_1413216	GCF_000220215.1	s__Prevotella_seregens	NA	NA	NA	0	NA	NA	NA	0	NA	NA	NA	NA	0	1	0	-	NA	fixed	NA	none	0	False	containment 0.00 < 0.5; only 0/1 enzymes produced a fit; no PTR estimate	BcgI:only 0 windows after outlier trimming	no enzyme produced a usable estimate
S_1413216	GCF_000220835.1	s__Actinomyces_sp000220835	4.349608919	15.66776921	0.4940343915	0.4307748806	2.429264353	1.280519493	NA	2316	0.9999994704	0.5605142293	0.1819317905	2.379107195	1	1	1	BcgI	NA	fixed	1408685.053	glm	28	False	fraction 0.49 < 0.75; dispersion 15.67 > 5.0; containment 0.43 < 0.5	-	single enzyme: no cross-enzyme consistency check available
S_1413216	GCF_000222025.1	s__Haemophilus_haemolyticus_G	15.88264921	77.92644761	0.1440859002	0.06542056075	637.0328222	9.315223897	NA	151	0.9998959877	4.071322454	1.335578517	17.29486928	1	1	1	BcgI	NA	fixed	1001128.567	glm	7	False	fraction 0.14 < 0.75; dispersion 77.93 > 5.0; containment 0.07 < 0.5	-	single enzyme: no cross-enzyme consistency check available
S_1413216	GCF_000222705.1	s__Streptococcus_mitis_AY	NA	NA	NA	0.03883495146	NA	NA	NA	0	NA	NA	NA	NA	0	1	0	-	NA	fixed	NA	none	0	False	containment 0.04 < 0.5; only 0/1 enzymes produced a fit; no PTR estimate	BcgI:only 3 windows after outlier trimming	no enzyme produced a usable estimate
S_1413216	GCF_000223255.1	s__Streptococcus_infantis_G	24.71742105	53.57942781	0.1912600307	0.1787439614	5.026558854	2.329571079	NA	202	0.9975893114	0.7213933272	0.9156661393	3.743476019	1	1	1	BcgI	NA	fixed	8534.515556	glm	9	False	fraction 0.19 < 0.75; dispersion 53.58 > 5.0; containment 0.18 < 0.5	-	single enzyme: no cross-enzyme consistency check available
S_1413216	GCF_000223275.1	s__Haemophilus_D_pittmaniae	NA	NA	NA	0.005440696409	NA	NA	NA	0	NA	NA	NA	NA	0	1	0	-	NA	fixed	NA	none	0	False	containment 0.01 < 0.5; only 0/1 enzymes produced a fit; no PTR estimate	BcgI:only 3 windows after outlier trimming	no enzyme produced a usable estimate
S_1413216	GCF_000223335.1	s__Streptococcus_infantis_H	200.3406454	513.9188069	0.2614807302	0.1838235294	7.854873688e+19	66.09022188	NA	108	1	63.8641782	-59.0812673	191.2617111	1	1	1	BcgI	NA	fixed	805131.0633	glm	6	False	fraction 0.26 < 0.75; dispersion 513.92 > 5.0; containment 0.18 < 0.5	-	single enzyme: no cross-enzyme consistency check available
S_1413216	GCF_000228505.1	s__Streptococcus_sobrinus	NA	NA	NA	0.001748251748	NA	NA	NA	0	NA	NA	NA	NA	0	1	0	-	NA	fixed	NA	none	0	False	containment 0.00 < 0.5; only 0/1 enzymes produced a fit; no PTR estimate	BcgI:only 1 windows after outlier trimming	no enzyme produced a usable estimate
S_1413216	GCF_000229485.1	s__Streptococcus_mutans	NA	NA	NA	0.003164556962	NA	NA	NA	0	NA	NA	NA	NA	0	1	0	-	NA	fixed	NA	none	0	False	containment 0.00 < 0.5; only 0/1 enzymes produced a fit; no PTR estimate	BcgI:only 1 windows after outlier trimming	no enzyme produced a usable estimate
S_1413216	GCF_000234095.1	s__Centipeda_infelix	1.823105781	0.8326373858	0.04620571512	0.04384772264	1.554132376	0.6361093932	NA	2582	0.8113420353	0.595897836	-0.5318289038	1.80404769	1	1	1	BcgI	NA	fixed	1067712	glm	25	False	fraction 0.05 < 0.75; containment 0.04 < 0.5	-	single enzyme: no cross-enzyme consistency check available
S_1413216	GCF_000234135.1	s__Centipeda_noxia	1.438845456	0.6797962861	0.07426568463	0.06793579694	1.392108396	0.4772715503	NA	2175	0.7660942111	0.4310999516	-0.3676688287	1.322211929	1	1	1	BcgI	NA	fixed	1301010.929	glm	21	False	fraction 0.07 < 0.75; containment 0.07 < 0.5	-	single enzyme: no cross-enzyme consistency check available
S_1413216	GCF_000235445.1	s__Johnsonella_ignava	NA	NA	NA	0.0114416476	NA	NA	NA	0	NA	NA	NA	NA	0	1	0	-	NA	fixed	NA	none	0	False	containment 0.01 < 0.5; only 0/1 enzymes produced a fit; no PTR estimate	BcgI:only 2 windows after outlier trimming	no enzyme produced a usable estimate
S_1413216	GCF_000235485.1	s__Streptococcus_sp000235485	5.742109943	6.987179487	0.1225576384	0.06578947368	6.214185003	2.635565193	NA	113	0.9714118142	1.963271948	-1.212377117	6.483507502	1	1	1	BcgI	NA	fixed	1505590.717	glm	7	False	fraction 0.12 < 0.75; dispersion 6.99 > 5.0; containment 0.07 < 0.5	-	single enzyme: no cross-enzyme consistency check available
S_1413216	GCF_000235885.1	s__Prevotella_stercorea	NA	NA	NA	0	NA	NA	NA	0	NA	NA	NA	NA	0	1	0	-	NA	fixed	NA	none	0	False	containment 0.00 < 0.5; only 0/1 enzymes produced a fit; no PTR estimate	BcgI:only 0 windows after outlier trimming	no enzyme produced a usable estimate
S_1413216	GCF_000238055.2	s__Oribacterium_parvum	3.228266896	2.512894757	0.1654826182	0.1566617862	2.486801404	1.314291299	NA	628	0.9689846768	0.8035404059	-0.2606189571	2.889201554	1	1	1	BcgI	NA	fixed	838752.3958	glm	23	False	fraction 0.17 < 0.75; containment 0.16 < 0.5	-	single enzyme: no cross-enzyme consistency check available
S_1413216	GCF_000238075.1	s__Oribacterium_asaccharolyticum	2.113052636	0.9982467532	0.08464523012	0.06862745098	2.038148032	1.027258839	NA	559	0.8245186846	0.5801253648	-0.1097659826	2.16428366	1	1	1	BcgI	NA	fixed	1635659.595	glm	17	False	fraction 0.08 < 0.75; containment 0.07 < 0.5	-	single enzyme: no cross-enzyme consistency check available
S_1413216	GCF_000239275.1	s__Anaeroglobus_geminatus	NA	NA	NA	0	NA	NA	NA	0	NA	NA	NA	NA	0	1	0	-	NA	fixed	NA	none	0	False	containment 0.00 < 0.5; only 0/1 enzymes produced a fit; no PTR estimate	BcgI:only 0 windows after outlier trimming	no enzyme produced a usable estimate
S_1413216	GCF_000242235.1	s__Stomatobaculum_longum	2.449647884	1.467779872	0.0469420541	0.04488255034	2.147325814	1.102541108	NA	2194	0.9563502316	0.5344494879	0.05503936002	2.150042856	1	1	1	BcgI	NA	fixed	763843.0042	glm	23	False	fraction 0.05 < 0.75; containment 0.04 < 0.5	-	single enzyme: no cross-enzyme consistency check available
S_1413216	GCF_000242315.1	s__Lachnoanaerobaculum_orale	3.046284409	3.110992063	0.1737267082	0.06832298137	4.063644148	2.022774071	NA	196	0.959560514	0.875534556	0.3067578742	3.738790268	1	1	1	BcgI	NA	fixed	1793126.212	glm	13	False	fraction 0.17 < 0.75; containment 0.07 < 0.5	-	single enzyme: no cross-enzyme consistency check available
S_1413216	GCF_000242675.1	s__Eubacterium_B_infirmum	2.580083211	1.488528139	0.09402427638	0.06847360913	2.015999254	1.011495105	NA	476	0.8245998088	0.6414217779	-0.2456684784	2.268658689	1	1	1	BcgI	NA	fixed	597340.6256	glm	17	False	fraction 0.09 < 0.75; containment 0.07 < 0.5	-	single enzyme: no cross-enzyme consistency check available
S_1413216	GCF_000243035.1	s__Prevotella_micans	NA	NA	NA	0	NA	NA	NA	0	NA	NA	NA	NA	0	1	0	-	NA	fixed	NA	none	0	False	containment 0.00 < 0.5; only 0/1 enzymes produced a fit; no PTR estimate	BcgI:only 0 windows after outlier trimming	no enzyme produced a usable estimate
S_1413216	GCF_000253155.1	s__Streptococcus_oralis_L	NA	NA	NA	0.07291666667	NA	NA	NA	0	NA	NA	NA	NA	0	1	0	-	NA	fixed	NA	none	0	False	containment 0.07 < 0.5; only 0/1 enzymes produced a fit; no PTR estimate	BcgI:only 4 windows after outlier trimming	no enzyme produced a usable estimate
S_1413216	GCF_000257905.1	s__Streptococcus_mitis_L	78.0107231	68.98016254	0.597911892	0.3103448276	2.642170707	1.40172368	NA	56	0.9997602073	2.029643355	-2.576304198	5.379751557	1	1	1	BcgI	NA	fixed	1015386.969	glm	17	False	fraction 0.60 < 0.75; dispersion 68.98 > 5.0; containment 0.31 < 0.5	-	single enzyme: no cross-enzyme consistency check available
S_1413216	GCF_000259505.1	s__Streptococcus_sp000259505	20.2333333	22.78291896	0.2387218045	0.1073170732	1.175653735	0.2334632065	NA	58	0.6409596421	0.6768199509	-1.093079521	1.560005934	1	1	1	BcgI	NA	fixed	416259.9467	glm	5	False	fraction 0.24 < 0.75; dispersion 22.78 > 5.0; containment 0.11 < 0.5	-	single enzyme: no cross-enzyme consistency check available
S_1413216	GCF_000260655.1	s__Neisseria_sicca_B	14.87676005	7.259294872	0.3317821068	0.05915492958	7.050847139	2.817796604	NA	76	0.9916052344	1.545655438	-0.2116323872	5.847225595	1	1	1	BcgI	NA	fixed	2142329.828	glm	14	False	fraction 0.33 < 0.75; dispersion 7.26 > 5.0; containment 0.06 < 0.5	-	single enzyme: no cross-enzyme consistency check available
S_1413216	GCF_000262285.1	s__Haemophilus_haemolyticus	66.04004577	78.46427004	0.2403986782	0.09322033898	7.545766703	2.915667496	NA	151	0.9989054422	1.33071763	0.3075088678	5.523826125	1	1	1	BcgI	NA	fixed	1586174.211	glm	8	False	fraction 0.24 < 0.75; dispersion 78.46 > 5.0; containment 0.09 < 0.5	-	single enzyme: no cross-enzyme consistency check available
S_1413216	GCF_000275805.1	s__Scardovia_wiggsiae	4.950293067	8.664816776	0.2687478935	0.2700296736	2.141567109	1.098666887	NA	931	0.9984889146	0.5431369812	0.03413796482	2.163195809	1	1	1	BcgI	NA	fixed	824578.315	glm	23	False	fraction 0.27 < 0.75; dispersion 8.66 > 5.0; containment 0.27 < 0.5	-	single enzyme: no cross-enzyme consistency check available
S_1413216	GCF_000277585.1	s__Capnocytophaga_ochracea	3.093118934	2.73695521	0.1845354372	0.1506228766	2.783571258	1.476937016	NA	723	0.9859449821	0.5633726287	0.372746954	2.581127078	1	1	1	BcgI	NA	fixed	876488.3	glm	27	False	fraction 0.18 < 0.75; containment 0.15 < 0.5	-	single enzyme: no cross-enzyme consistency check available
S_1413216	GCF_000278725.1	s__Pauljensenia_sp000278725	19.45705292	39.16901629	0.3223903726	0.2783417936	2.65741084	1.410021288	NA	2233	0.9998263316	0.6028048139	0.2285455627	2.591497013	1	1	1	BcgI	NA	fixed	1686841.099	glm	109	False	fraction 0.32 < 0.75; dispersion 39.17 > 5.0; containment 0.28 < 0.5	-	single enzyme: no cross-enzyme consistency check available
S_1413216	GCF_000279535.1	s__Streptococcus_infantis_I	25.44835336	87.42241751	0.4023443223	0.2409638554	3.751391351	1.907425775	NA	77	0.999368764	3.117619872	-4.202996892	8.017848442	1	1	1	BcgI	NA	fixed	842642.1133	glm	5	False	fraction 0.40 < 0.75; dispersion 87.42 > 5.0; containment 0.24 < 0.5	-	single enzyme: no cross-enzyme consistency check available
S_1413216	GCF_000282935.1	s__Pauljensenia_odontolytica_B	13.16488005	21.33812578	0.275537972	0.1949760766	1.435050319	0.5211013253	NA	1278	0.9933711821	0.763152057	-0.9746492211	2.016851872	1	1	1	BcgI	NA	fixed	267338.2678	glm	71	False	fraction 0.28 < 0.75; dispersion 21.34 > 5.0; containment 0.19 < 0.5	-	single enzyme: no cross-enzyme consistency check available
S_1413216	GCF_000283035.1	s__Pauljensenia_sp000466265	6.340161002	6.012256505	0.2642115972	0.1430046464	1.496388189	0.5814844838	NA	1282	0.9733317382	0.5127458492	-0.4234789138	1.586447881	1	1	1	BcgI	NA	fixed	1145149.233	glm	93	False	fraction 0.26 < 0.75; dispersion 6.01 > 5.0; containment 0.14 < 0.5	-	single enzyme: no cross-enzyme consistency check available
S_1413216	GCF_000286455.1	s__Centipeda_sp000286455	NA	NA	NA	0.002570694087	NA	NA	NA	0	NA	NA	NA	NA	0	1	0	-	NA	fixed	NA	none	0	False	containment 0.00 < 0.5; only 0/1 enzymes produced a fit; no PTR estimate	BcgI:only 4 windows after outlier trimming	no enzyme produced a usable estimate
S_1413216	GCF_000287615.1	s__Haemophilus_A_sputorum	38.13177545	77.97030083	0.4107558287	0.3767926988	1.592788972	0.6715551372	NA	686	0.9921219994	0.7071606583	-0.7144542842	2.057564559	1	1	1	BcgI	NA	fixed	220660.6575	glm	32	False	fraction 0.41 < 0.75; dispersion 77.97 > 5.0; containment 0.38 < 0.5	-	single enzyme: no cross-enzyme consistency check available
S_1413216	GCF_000287675.1	s__Lachnoanaerobaculum_sp000287675	4.298134434	5.302638258	0.2110882443	0.157480315	3.632463142	1.860948159	NA	186	0.9881192499	1.120500836	-0.3351931246	4.057089443	1	1	1	BcgI	NA	fixed	1672120.103	glm	13	False	fraction 0.21 < 0.75; dispersion 5.30 > 5.0; containment 0.16 < 0.5	-	single enzyme: no cross-enzyme consistency check available
S_1413216	GCF_000287695.1	s__Peptoanaerobacter_margaretiae	NA	NA	NA	0.003236245955	NA	NA	NA	0	NA	NA	NA	NA	0	1	0	-	NA	fixed	NA	none	0	False	containment 0.00 < 0.5; only 0/1 enzymes produced a fit; no PTR estimate	BcgI:only 1 windows after outlier trimming	no enzyme produced a usable estimate
S_1413216	GCF_000287715.1	s__Streptococcus_oralis_Y	NA	NA	NA	0.05617977528	NA	NA	NA	0	NA	NA	NA	NA	0	1	0	-	NA	fixed	NA	none	0	False	containment 0.06 < 0.5; only 0/1 enzymes produced a fit; no PTR estimate	BcgI:only 4 windows after outlier trimming	no enzyme produced a usable estimate
S_1413216	GCF_000292345.1	s__Cupriavidus_sp000292345	NA	NA	NA	0	NA	NA	NA	0	NA	NA	NA	NA	0	1	0	-	NA	fixed	NA	none	0	False	containment 0.00 < 0.5; only 0/1 enzymes produced a fit; no PTR estimate	BcgI:only 0 windows after outlier trimming	no enzyme produced a usable estimate
S_1413216	GCF_000292955.1	s__Selenomonas_sputigena	2.116350785	1.024596411	0.02682297608	0.0164410058	1.957869331	0.9692844818	NA	2000	0.8014279307	0.6735657811	-0.3508801904	2.289449154	1	1	1	BcgI	NA	fixed	923161.7125	glm	22	False	fraction 0.03 < 0.75; containment 0.02 < 0.5	-	single enzyme: no cross-enzyme consistency check available
S_1413216	GCF_000293035.1	s__Peptoanaerobacter_stomatis	NA	NA	NA	0.003300330033	NA	NA	NA	0	NA	NA	NA	NA	0	1	0	-	NA	fixed	NA	none	0	False	containment 0.00 < 0.5; only 0/1 enzymes produced a fit; no PTR estimate	BcgI:only 1 windows after outlier trimming	no enzyme produced a usable estimate
S_1413216	GCF_000293155.1	s__Mogibacterium_timidum	NA	NA	NA	0.003748828491	NA	NA	NA	0	NA	NA	NA	NA	0	1	0	-	NA	fixed	NA	none	0	False	containment 0.00 < 0.5; only 0/1 enzymes produced a fit; no PTR estimate	BcgI:only 2 windows after outlier trimming	no enzyme produced a usable estimate
S_1413216	GCF_000293175.1	s__Capnocytophaga_granulosa	2.057218351	1.722895623	0.1963807516	0.09620991254	2.698289887	1.43204535	NA	265	0.8444156118	1.005997441	-0.5396734018	3.403764102	1	1	1	BcgI	NA	fixed	1048764.876	glm	17	False	fraction 0.20 < 0.75; containment 0.10 < 0.5	-	single enzyme: no cross-enzyme consistency check available
S_1413216	GCF_000295095.1	s__Actinomyces_timonensis	NA	NA	NA	0.001171417415	NA	NA	NA	0	NA	NA	NA	NA	0	1	0	-	NA	fixed	NA	none	0	False	containment 0.00 < 0.5; only 0/1 enzymes produced a fit; no PTR estimate	BcgI:only 3 windows after outlier trimming	no enzyme produced a usable estimate
S_1413216	GCF_000296275.1	s__Actinomyces_massiliensis	2.336746387	0.911052663	0.1768610181	0.1047619048	1.5469317	0.6294095003	NA	2582	0.9278071468	0.5803230389	-0.5080027552	1.766821756	1	1	1	BcgI	NA	fixed	1168337.103	glm	94	False	fraction 0.18 < 0.75; containment 0.10 < 0.5	-	single enzyme: no cross-enzyme consistency check available
S_1413216	GCF_000296505.1	s__Pauljensenia_turicensis	NA	NA	NA	0	NA	NA	NA	0	NA	NA	NA	NA	0	1	0	-	NA	fixed	NA	none	0	False	containment 0.00 < 0.5; only 0/1 enzymes produced a fit; no PTR estimate	BcgI:only 0 windows after outlier trimming	no enzyme produced a usable estimate
S_1413216	GCF_000296875.1	s__Streptococcus_oralis	NA	NA	NA	0.1830985915	NA	NA	NA	0	NA	NA	NA	NA	0	1	0	-	NA	fixed	NA	none	0	False	containment 0.18 < 0.5; only 0/1 enzymes produced a fit; no PTR estimate	BcgI:only 21 anchors (< 30)	no enzyme produced a usable estimate
S_1413216	GCF_000298295.1	s__Cecembia_lonarensis	NA	NA	NA	0	NA	NA	NA	0	NA	NA	NA	NA	0	1	0	-	NA	fixed	NA	none	0	False	containment 0.00 < 0.5; only 0/1 enzymes produced a fit; no PTR estimate	BcgI:only 0 windows after outlier trimming	no enzyme produced a usable estimate
S_1413216	GCF_000299315.2	s__Microbacterium_barkeri	NA	NA	NA	0	NA	NA	NA	0	NA	NA	NA	NA	0	1	0	-	NA	fixed	NA	none	0	False	containment 0.00 < 0.5; only 0/1 enzymes produced a fit; no PTR estimate	BcgI:only 0 windows after outlier trimming	no enzyme produced a usable estimate
S_1413216	GCF_000301735.1	s__Acinetobacter_johnsonii	NA	NA	NA	0.0006784260516	NA	NA	NA	0	NA	NA	NA	NA	0	1	0	-	NA	fixed	NA	none	0	False	containment 0.00 < 0.5; only 0/1 enzymes produced a fit; no PTR estimate	BcgI:only 1 windows after outlier trimming	no enzyme produced a usable estimate
S_1413216	GCF_000308055.1	s__Pauljensenia_sp000308055	3.964326578	2.357458125	0.1056686527	0.09020618557	1.206531217	0.2708652437	NA	971	0.6845255294	0.5820892391	-0.8700087006	1.411739188	1	1	1	BcgI	NA	fixed	1110801.6	glm	23	False	fraction 0.11 < 0.75; containment 0.09 < 0.5	-	single enzyme: no cross-enzyme consistency check available
S_1413216	GCF_000312445.1	s__Phocaeicola_abscessus	NA	NA	NA	0	NA	NA	NA	0	NA	NA	NA	NA	0	1	0	-	NA	fixed	NA	none	0	False	containment 0.00 < 0.5; only 0/1 enzymes produced a fit; no PTR estimate	BcgI:only 0 windows after outlier trimming	no enzyme produced a usable estimate
S_1413216	GCF_000314795.2	s__Streptococcus_sp000314795	13.42662959	33.77906634	0.3390797259	0.3477011494	3.193086731	1.67495174	NA	298	0.9973724856	0.9316184148	-0.1509868	3.500890281	1	1	1	BcgI	NA	fixed	1735543.04	glm	13	False	fraction 0.34 < 0.75; dispersion 33.78 > 5.0; containment 0.35 < 0.5	-	single enzyme: no cross-enzyme consistency check available
S_1413216	GCF_000317125.1	s__Chroococcidiopsis_thermalis	NA	NA	NA	0	NA	NA	NA	0	NA	NA	NA	NA	0	1	0	-	NA	fixed	NA	none	0	False	containment 0.00 < 0.5; only 0/1 enzymes produced a fit; no PTR estimate	BcgI:only 0 windows after outlier trimming	no enzyme produced a usable estimate
S_1413216	GCF_000318095.2	s__F0040_sp000318095	102.5055452	27.58922573	0.03737942827	0.01586294416	9.133169823	3.191115659	NA	722	0.9999827528	1.599143339	0.05685230781	6.32537901	1	1	1	BcgI	NA	fixed	1873926.81	glm	12	False	fraction 0.04 < 0.75; dispersion 27.59 > 5.0; containment 0.02 < 0.5	-	single enzyme: no cross-enzyme consistency check available
S_1413216	GCF_000318175.2	s__Centipeda_sp000318175	1.904591383	0.2	0.02115118083	0.003719008264	1.566795867	0.6478172276	NA	491	0.6508500129	0.8481991485	-1.014622555	2.31025701	1	1	1	BcgI	NA	fixed	2302163.175	glm	6	False	fraction 0.02 < 0.75; containment 0.00 < 0.5	-	single enzyme: no cross-enzyme consistency check available
S_1413216	GCF_000318215.2	s__Porphyromonas_catoniae	3.761766905	5.648720953	0.2442032294	0.2053422371	3.093526931	1.629252594	NA	1109	0.9976720163	0.7457875397	0.1675358757	3.090969312	1	1	1	BcgI	NA	fixed	669486.3697	glm	26	False	fraction 0.24 < 0.75; dispersion 5.65 > 5.0; containment 0.21 < 0.5	-	single enzyme: no cross-enzyme consistency check available
S_1413216	GCF_000318275.2	s__Capnocytophaga_sp000318275	2.57671664	1.066666667	0.1095845705	0.02075226978	1.593209863	0.6719363157	NA	188	0.6525183286	0.8576659207	-1.009058	2.352930631	1	1	1	BcgI	NA	fixed	793280.585	glm	8	False	fraction 0.11 < 0.75; containment 0.02 < 0.5	-	single enzyme: no cross-enzyme consistency check available
S_1413216	GCF_000328265.2	s__Neisseria_meningitidis	9.164852258	6.312737127	0.05559404925	0.02724358974	2.893579014	1.53285504	NA	306	0.9679964169	1.65722432	-1.715244942	4.780955022	1	1	1	BcgI	NA	fixed	795820.54	glm	12	False	fraction 0.06 < 0.75; dispersion 6.31 > 5.0; containment 0.03 < 0.5	-	single enzyme: no cross-enzyme consistency check available
S_1413216	GCF_000332975.1	s__Gordonia_aichiensis	NA	NA	NA	0.0001232134056	NA	NA	NA	0	NA	NA	NA	NA	0	1	0	-	NA	fixed	NA	none	0	False	containment 0.00 < 0.5; only 0/1 enzymes produced a fit; no PTR estimate	BcgI:only 1 windows after outlier trimming	no enzyme produced a usable estimate
S_1413216	GCF_000338475.1	s__Treponema_B_denticola_A	NA	NA	NA	0	NA	NA	NA	0	NA	NA	NA	NA	0	1	0	-	NA	fixed	NA	none	0	False	containment 0.00 < 0.5; only 0/1 enzymes produced a fit; no PTR estimate	BcgI:only 0 windows after outlier trimming	no enzyme produced a usable estimate
S_1413216	GCF_000344295.2	s__Campylobacter_A_showae_B	NA	NA	NA	0.004143646409	NA	NA	NA	0	NA	NA	NA	NA	0	1	0	-	NA	fixed	NA	none	0	False	containment 0.00 < 0.5; only 0/1 enzymes produced a fit; no PTR estimate	BcgI:only 0 windows after outlier trimming	no enzyme produced a usable estimate
S_1413216	GCF_000364865.1	s__Pauljensenia_cardiffensis	NA	NA	NA	0	NA	NA	NA	0	NA	NA	NA	NA	0	1	0	-	NA	fixed	NA	none	0	False	containment 0.00 < 0.5; only 0/1 enzymes produced a fit; no PTR estimate	BcgI:only 0 windows after outlier trimming	no enzyme produced a usable estimate
S_1413216	GCF_000368705.1	s__Acinetobacter_soli	NA	NA	NA	0	NA	NA	NA	0	NA	NA	NA	NA	0	1	0	-	NA	fixed	NA	none	0	False	containment 0.00 < 0.5; only 0/1 enzymes produced a fit; no PTR estimate	BcgI:only 0 windows after outlier trimming	no enzyme produced a usable estimate
S_1413216	GCF_000368745.1	s__Acinetobacter_junii	NA	NA	NA	0	NA	NA	NA	0	NA	NA	NA	NA	0	1	0	-	NA	fixed	NA	none	0	False	containment 0.00 < 0.5; only 0/1 enzymes produced a fit; no PTR estimate	BcgI:only 0 windows after outlier trimming	no enzyme produced a usable estimate
S_1413216	GCF_000373045.1	s__Leptotrichia_shahii	5.52276471	6.606152086	0.2086491042	0.1360946746	5.496277642	2.458454883	NA	119	0.9380774937	0.982496246	0.532797626	4.38411214	1	1	1	BcgI	NA	fixed	1213488.219	glm	7	False	fraction 0.21 < 0.75; dispersion 6.61 > 5.0; containment 0.14 < 0.5	-	single enzyme: no cross-enzyme consistency check available
S_1413216	GCF_000381265.1	s__Curvibacter_lanceolatus	NA	NA	NA	0.000158755358	NA	NA	NA	0	NA	NA	NA	NA	0	1	0	-	NA	fixed	NA	none	0	False	containment 0.00 < 0.5; only 0/1 enzymes produced a fit; no PTR estimate	BcgI:only 0 windows after outlier trimming	no enzyme produced a usable estimate
S_1413216	GCF_000394615.1	s__Enterococcus_A_gilvus	NA	NA	NA	0	NA	NA	NA	0	NA	NA	NA	NA	0	1	0	-	NA	fixed	NA	none	0	False	containment 0.00 < 0.5; only 0/1 enzymes produced a fit; no PTR estimate	BcgI:only 0 windows after outlier trimming	no enzyme produced a usable estimate
S_1413216	GCF_000411555.1	s__Lancefieldella_sp000411555	NA	NA	NA	0.002555366269	NA	NA	NA	0	NA	NA	NA	NA	0	1	0	-	NA	fixed	NA	none	0	False	containment 0.00 < 0.5; only 0/1 enzymes produced a fit; no PTR estimate	BcgI:only 1 windows after outlier trimming	no enzyme produced a usable estimate
S_1413216	GCF_000412995.1	s__Treponema_vincentii	NA	NA	NA	0.001728110599	NA	NA	NA	0	NA	NA	NA	NA	0	1	0	-	NA	fixed	NA	none	0	False	containment 0.00 < 0.5; only 0/1 enzymes produced a fit; no PTR estimate	BcgI:only 1 windows after outlier trimming	no enzyme produced a usable estimate
S_1413216	GCF_000413035.1	s__Treponema_medium	NA	NA	NA	0.005245901639	NA	NA	NA	0	NA	NA	NA	NA	0	1	0	-	NA	fixed	NA	none	0	False	containment 0.01 < 0.5; only 0/1 enzymes produced a fit; no PTR estimate	BcgI:only 3 windows after outlier trimming	no enzyme produced a usable estimate
S_1413216	GCF_000413055.1	s__Treponema_C_maltophilum	NA	NA	NA	0.0003891050584	NA	NA	NA	0	NA	NA	NA	NA	0	1	0	-	NA	fixed	NA	none	0	False	containment 0.00 < 0.5; only 0/1 enzymes produced a fit; no PTR estimate	BcgI:only 0 windows after outlier trimming	no enzyme produced a usable estimate
S_1413216	GCF_000417695.2	s__Chlamydophila_ibidis	NA	NA	NA	0.0549132948	NA	NA	NA	0	NA	NA	NA	NA	0	1	0	-	NA	fixed	NA	none	0	False	containment 0.05 < 0.5; only 0/1 enzymes produced a fit; no PTR estimate	BcgI:only 19 anchors (< 30)	no enzyme produced a usable estimate
S_1413216	GCF_000425005.1	s__Bulleidia_moorei	3.943806614	2.448051948	0.3965029762	0.05462184874	6.057487916	2.598719622	NA	98	0.9740223273	0.742180464	1.144072642	4.053366601	1	1	1	BcgI	NA	fixed	735545.1389	glm	16	False	fraction 0.40 < 0.75; containment 0.05 < 0.5	-	single enzyme: no cross-enzyme consistency check available
S_1413216	GCF_000426585.1	s__Prevotella_baroniae	NA	NA	NA	0.0008837825895	NA	NA	NA	0	NA	NA	NA	NA	0	1	0	-	NA	fixed	NA	none	0	False	containment 0.00 < 0.5; only 0/1 enzymes produced a fit; no PTR estimate	BcgI:only 2 windows after outlier trimming	no enzyme produced a usable estimate
S_1413216	GCF_000426665.1	s__Centipeda_artemidis	1.664211053	0.8222526311	0.08632214754	0.06983050847	1.185761649	0.2458140416	NA	2534	0.6331085319	0.5889767691	-0.9085592136	1.400187297	1	1	1	BcgI	NA	fixed	1029444.972	glm	29	False	fraction 0.09 < 0.75; containment 0.07 < 0.5	-	single enzyme: no cross-enzyme consistency check available
S_1413216	GCF_000428965.1	s__Leptotrichia_hofstadii	NA	NA	NA	0.03783783784	NA	NA	NA	0	NA	NA	NA	NA	0	1	0	-	NA	fixed	NA	none	0	False	containment 0.04 < 0.5; only 0/1 enzymes produced a fit; no PTR estimate	BcgI:only 3 windows after outlier trimming	no enzyme produced a usable estimate
S_1413216	GCF_000429225.1	s__Actinomyces_dentalis	2.228680111	1.084345689	0.1043319339	0.04700413223	1.128116445	0.1739159913	NA	1052	0.2719933225	0.6125778415	-1.026714516	1.374546498	1	1	1	BcgI	NA	fixed	1637943.898	glm	32	False	fraction 0.10 < 0.75; containment 0.05 < 0.5	-	single enzyme: no cross-enzyme consistency check available
S_1413216	GCF_000429245.1	s__Pauljensenia_georgiae	3.007295388	3.946214208	0.2213042718	0.1996392063	1.66943145	0.7393568548	NA	1369	0.9409835329	0.6926184867	-0.618150434	2.096864144	1	1	1	BcgI	NA	fixed	951829.1417	glm	26	False	fraction 0.22 < 0.75; containment 0.20 < 0.5	-	single enzyme: no cross-enzyme consistency check available
S_1413216	GCF_000429265.1	s__Actinomyces_gerencseriae	2.753776317	5.172592002	0.3356410631	0.3064615385	2.446880202	1.29094347	NA	2793	0.9994579066	0.3787120984	0.5486813964	2.033205543	1	1	1	BcgI	NA	fixed	1663895.45	glm	35	False	fraction 0.34 < 0.75; dispersion 5.17 > 5.0; containment 0.31 < 0.5	-	single enzyme: no cross-enzyme consistency check available
S_1413216	GCF_000430045.1	s__Calidithermus_chliarophilus	NA	NA	NA	0	NA	NA	NA	0	NA	NA	NA	NA	0	1	0	-	NA	fixed	NA	none	0	False	containment 0.00 < 0.5; only 0/1 enzymes produced a fit; no PTR estimate	BcgI:only 0 windows after outlier trimming	no enzyme produced a usable estimate
S_1413216	GCF_000442155.1	s__Streptococcus_oralis_F	NA	NA	NA	0.05747126437	NA	NA	NA	0	NA	NA	NA	NA	0	1	0	-	NA	fixed	NA	none	0	False	containment 0.06 < 0.5; only 0/1 enzymes produced a fit; no PTR estimate	BcgI:only 3 windows after outlier trimming	no enzyme produced a usable estimate
S_1413216	GCF_000448565.1	s__Streptococcus_sp000448565	13.86450023	15.76721209	0.2674594595	0.2727272727	2.534913947	1.341936773	NA	137	0.9997066478	2.028870366	-2.634576074	5.318449619	1	1	1	BcgI	NA	fixed	1357871.057	glm	5	False	fraction 0.27 < 0.75; dispersion 15.77 > 5.0; containment 0.27 < 0.5	-	single enzyme: no cross-enzyme consistency check available
S_1413216	GCF_000455385.1	s__Pseudomonas_F_alcaligenes_A	NA	NA	NA	0	NA	NA	NA	0	NA	NA	NA	NA	0	1	0	-	NA	fixed	NA	none	0	False	containment 0.00 < 0.5; only 0/1 enzymes produced a fit; no PTR estimate	BcgI:only 0 windows after outlier trimming	no enzyme produced a usable estimate
S_1413216	GCF_000464455.1	s__Treponema_D_socranskii	NA	NA	NA	0.003453568688	NA	NA	NA	0	NA	NA	NA	NA	0	1	0	-	NA	fixed	NA	none	0	False	containment 0.00 < 0.5; only 0/1 enzymes produced a fit; no PTR estimate	BcgI:only 2 windows after outlier trimming	no enzyme produced a usable estimate
S_1413216	GCF_000464495.1	s__Cutibacterium_granulosum	NA	NA	NA	0.0003727171077	NA	NA	NA	0	NA	NA	NA	NA	0	1	0	-	NA	fixed	NA	none	0	False	containment 0.00 < 0.5; only 0/1 enzymes produced a fit; no PTR estimate	BcgI:only 1 windows after outlier trimming	no enzyme produced a usable estimate
S_1413216	GCF_000466165.1	s__Peptidiphaga_sp000466165	3.983182351	4.440153248	0.3319439479	0.3270577933	4.326664472	2.113255246	NA	1986	0.9989441946	0.7438692432	0.65529832	3.571212172	1	1	1	BcgI	NA	fixed	421998.69	glm	58	False	fraction 0.33 < 0.75; containment 0.33 < 0.5	-	single enzyme: no cross-enzyme consistency check available
S_1413216	GCF_000466335.1	s__Aggregatibacter_sp000466335	14.49995105	28.46509632	0.3146594444	0.2940397351	3.623226764	1.857275101	NA	651	0.9992020862	0.888407266	0.1160288564	3.598521346	1	1	1	BcgI	NA	fixed	955341.8008	glm	29	False	fraction 0.31 < 0.75; dispersion 28.47 > 5.0; containment 0.29 < 0.5	-	single enzyme: no cross-enzyme consistency check available
S_1413216	GCF_000466425.1	s__Capnocytophaga_sp000466425	15.43442995	NA	0.2397152641	0.01388888889	101.4027751	6.663953326	NA	83	0.9858624991	5.388532914	-3.897377115	17.22528377	1	1	1	BcgI	NA	fixed	187923.6333	glm	5	False	fraction 0.24 < 0.75; containment 0.01 < 0.5	-	single enzyme: no cross-enzyme consistency check available
S_1413216	GCF_000466685.1	s__Campylobacter_A_concisus_A	11.46278093	25.07648311	0.1850710109	0.06086956522	12.63046881	3.658836285	NA	137	0.9949326857	1.829005659	0.07405106528	7.243621504	1	1	1	BcgI	NA	fixed	443469.81	glm	10	False	fraction 0.19 < 0.75; dispersion 25.08 > 5.0; containment 0.06 < 0.5	-	single enzyme: no cross-enzyme consistency check available
S_1413216	GCF_000467855.2	s__Porphyromonas_sp000467855	2.92485348	2.506243562	0.1061874509	0.08789885611	1.911358967	0.9345987526	NA	1329	0.9500980989	0.5494841257	-0.1423703439	2.011567849	1	1	1	BcgI	NA	fixed	1749942.268	glm	26	False	fraction 0.11 < 0.75; containment 0.09 < 0.5	-	single enzyme: no cross-enzyme consistency check available
S_1413216	GCF_000467875.1	s__Prevotella_disiens	NA	NA	NA	0.003649635036	NA	NA	NA	0	NA	NA	NA	NA	0	1	0	-	NA	fixed	NA	none	0	False	containment 0.00 < 0.5; only 0/1 enzymes produced a fit; no PTR estimate	BcgI:only 2 windows after outlier trimming	no enzyme produced a usable estimate
S_1413216	GCF_000467895.1	s__Prevotella_sp000467895	20.21628763	49.59784094	0.2395823804	0.0443599493	2.091062246	1.064236008	NA	311	0.9274180958	1.198631252	-1.285038077	3.413510094	1	1	1	BcgI	NA	fixed	443852.4667	glm	19	False	fraction 0.24 < 0.75; dispersion 49.60 > 5.0; containment 0.04 < 0.5	-	single enzyme: no cross-enzyme consistency check available
S_1413216	GCF_000468035.1	s__Centipeda_sp000468035	NA	NA	NA	0.001831501832	NA	NA	NA	0	NA	NA	NA	NA	0	1	0	-	NA	fixed	NA	none	0	False	containment 0.00 < 0.5; only 0/1 enzymes produced a fit; no PTR estimate	BcgI:only 2 windows after outlier trimming	no enzyme produced a usable estimate
S_1413216	GCF_000468055.1	s__Treponema_C_lecithinolyticum	NA	NA	NA	0	NA	NA	NA	0	NA	NA	NA	NA	0	1	0	-	NA	fixed	NA	none	0	False	containment 0.00 < 0.5; only 0/1 enzymes produced a fit; no PTR estimate	BcgI:only 0 windows after outlier trimming	no enzyme produced a usable estimate
S_1413216	GCF_000468755.1	s__Olsenella_profusa	NA	NA	NA	0	NA	NA	NA	0	NA	NA	NA	NA	0	1	0	-	NA	fixed	NA	none	0	False	containment 0.00 < 0.5; only 0/1 enzymes produced a fit; no PTR estimate	BcgI:only 0 windows after outlier trimming	no enzyme produced a usable estimate
S_1413216	GCF_000469385.1	s__Leptotrichia_sp000469385	NA	NA	NA	0.02816901408	NA	NA	NA	0	NA	NA	NA	NA	0	1	0	-	NA	fixed	NA	none	0	False	containment 0.03 < 0.5; only 0/1 enzymes produced a fit; no PTR estimate	BcgI:only 1 windows after outlier trimming	no enzyme produced a usable estimate
S_1413216	GCF_000469405.1	s__Leptotrichia_wadei	2.150938055	0.3333333333	0.433974359	0.09150326797	1.449371888	0.5354278171	NA	41	0.6431746462	0.4200857653	-0.2879251534	1.358780788	1	1	1	BcgI	NA	fixed	1082421.814	glm	6	False	fraction 0.43 < 0.75; containment 0.09 < 0.5	-	single enzyme: no cross-enzyme consistency check available
S_1413216	GCF_000469505.1	s__Leptotrichia_A_sp000469505	5.404006667	4.526447301	0.2955357143	0.1857142857	2.821745279	1.496587761	NA	90	0.9412103305	0.7019687738	0.1207542457	2.872421276	1	1	1	BcgI	NA	fixed	474849.8911	glm	10	False	fraction 0.30 < 0.75; containment 0.19 < 0.5	-	single enzyme: no cross-enzyme consistency check available
S_1413216	GCF_000469525.1	s__Leptotrichia_massiliensis	NA	NA	NA	0.02580645161	NA	NA	NA	0	NA	NA	NA	NA	0	1	0	-	NA	fixed	NA	none	0	False	containment 0.03 < 0.5; only 0/1 enzymes produced a fit; no PTR estimate	BcgI:only 2 windows after outlier trimming	no enzyme produced a usable estimate
S_1413216	GCF_000469545.1	s__Mitsuokella_sp000469545	NA	NA	NA	0.0005424464334	NA	NA	NA	0	NA	NA	NA	NA	0	1	0	-	NA	fixed	NA	none	0	False	containment 0.00 < 0.5; only 0/1 enzymes produced a fit; no PTR estimate	BcgI:only 1 windows after outlier trimming	no enzyme produced a usable estimate
S_1413216	GCF_000477375.1	s__Kingella_kingae	NA	NA	NA	0.002036659878	NA	NA	NA	0	NA	NA	NA	NA	0	1	0	-	NA	fixed	NA	none	0	False	containment 0.00 < 0.5; only 0/1 enzymes produced a fit; no PTR estimate	BcgI:only 2 windows after outlier trimming	no enzyme produced a usable estimate
S_1413216	GCF_000479205.1	s__Fusobacterium_vincentii	NA	NA	NA	0.1304347826	NA	NA	NA	0	NA	NA	NA	NA	0	1	0	-	NA	fixed	NA	none	0	False	containment 0.13 < 0.5; only 0/1 enzymes produced a fit; no PTR estimate	BcgI:only 2 windows after outlier trimming	no enzyme produced a usable estimate
S_1413216	GCF_000482505.1	s__Leptotrichia_trevisanii	NA	NA	NA	0.02092050209	NA	NA	NA	0	NA	NA	NA	NA	0	1	0	-	NA	fixed	NA	none	0	False	containment 0.02 < 0.5; only 0/1 enzymes produced a fit; no PTR estimate	BcgI:only 4 windows after outlier trimming	no enzyme produced a usable estimate
S_1413216	GCF_000485555.1	s__Metamycoplasma_salivarium	NA	NA	NA	0	NA	NA	NA	0	NA	NA	NA	NA	0	1	0	-	NA	fixed	NA	none	0	False	containment 0.00 < 0.5; only 0/1 enzymes produced a fit; no PTR estimate	BcgI:only 0 windows after outlier trimming	no enzyme produced a usable estimate
S_1413216	GCF_000488855.1	s__Eubacterium_M_brachy	2.383479205	1.803921079	0.1155239234	0.1035196687	1.740274831	0.7993151598	NA	354	0.7289753058	0.5173825995	-0.2147361014	1.813366421	1	1	1	BcgI	NA	fixed	1356657.02	glm	15	False	fraction 0.12 < 0.75; containment 0.10 < 0.5	-	single enzyme: no cross-enzyme consistency check available
S_1413216	GCF_000496715.1	s__Cupriavidus_metallidurans	2.357733559	2.725390072	0.2373406868	0.2153367628	1.761757177	0.8170150909	NA	6823	0.9984307378	0.3326324905	0.1650673894	1.468962792	1	1	1	BcgI	NA	fixed	6703687.74	glm	93	False	fraction 0.24 < 0.75; containment 0.22 < 0.5	-	single enzyme: no cross-enzyme consistency check available
S_1413216	GCF_000510425.1	s__Eubacterium_A_nodatum	NA	NA	NA	0.004830917874	NA	NA	NA	0	NA	NA	NA	NA	0	1	0	-	NA	fixed	NA	none	0	False	containment 0.00 < 0.5; only 0/1 enzymes produced a fit; no PTR estimate	BcgI:only 1 windows after outlier trimming	no enzyme produced a usable estimate
S_1413216	GCF_000512995.1	s__Lachnoanaerobaculum_sp000296385	3.2663482	6.4	0.1348639456	0.03344481605	4.396034644	2.136202756	NA	64	0.8182873184	0.9661251127	0.2426323304	4.029773181	1	1	1	BcgI	NA	fixed	935901.1347	glm	7	False	fraction 0.13 < 0.75; dispersion 6.40 > 5.0; containment 0.03 < 0.5	-	single enzyme: no cross-enzyme consistency check available
S_1413216	GCF_000521305.1	s__Streptococcus_thermophilus	51.49732946	85.05149964	0.07555555556	0.05862068966	27.00373908	4.755087279	NA	225	0.9993739012	1.920454128	0.9910663542	8.519108204	1	1	1	BcgI	NA	fixed	478686.2694	glm	9	False	fraction 0.08 < 0.75; dispersion 85.05 > 5.0; containment 0.06 < 0.5	-	single enzyme: no cross-enzyme consistency check available
S_1413216	GCF_000526055.1	s__Eubacterium_B_sulci	3.400534007	3.210344618	0.19614871	0.1939501779	1.405213451	0.4907892918	NA	470	0.711434743	0.6732678194	-0.8287913861	1.81036997	1	1	1	BcgI	NA	fixed	1401458.806	glm	20	False	fraction 0.20 < 0.75; containment 0.19 < 0.5	-	single enzyme: no cross-enzyme consistency check available
S_1413216	GCF_000526095.1	s__Streptococcus_halitosis	NA	NA	NA	0.09	NA	NA	NA	0	NA	NA	NA	NA	0	1	0	-	NA	fixed	NA	none	0	False	containment 0.09 < 0.5; only 0/1 enzymes produced a fit; no PTR estimate	BcgI:only 4 windows after outlier trimming	no enzyme produced a usable estimate
S_1413216	GCF_000565035.1	s__Pauljensenia_sp001072465	15.16524089	10.5606181	0.1407351393	0.08087091757	3.828772597	1.936881976	NA	981	0.9983604996	0.9350313395	0.1042542267	3.769509726	1	1	1	BcgI	NA	fixed	930481.1628	glm	44	False	fraction 0.14 < 0.75; dispersion 10.56 > 5.0; containment 0.08 < 0.5	-	single enzyme: no cross-enzyme consistency check available
S_1413216	GCF_000577555.1	s__Corynebacterium_jeddahense	NA	NA	NA	0	NA	NA	NA	0	NA	NA	NA	NA	0	1	0	-	NA	fixed	NA	none	0	False	containment 0.00 < 0.5; only 0/1 enzymes produced a fit; no PTR estimate	BcgI:only 0 windows after outlier trimming	no enzyme produced a usable estimate
S_1413216	GCF_000599605.1	s__Prevotella_sp000599605	3.074048676	2.538037405	0.1585914689	0.04438642298	2.377517471	1.249455943	NA	936	0.8974444427	0.8630669965	-0.4421242869	2.941036172	1	1	1	BcgI	NA	fixed	1748478.861	glm	27	False	fraction 0.16 < 0.75; containment 0.04 < 0.5	-	single enzyme: no cross-enzyme consistency check available
S_1413216	GCF_000607165.1	s__Ralstonia_pickettii_A	6.624197879	1.8	0.01130208333	0.002118644068	7.722458673	2.949060245	NA	796	0.9590674238	1.965844935	-0.9039250257	6.802045516	1	1	1	BcgI	NA	fixed	2620804.083	glm	8	False	fraction 0.01 < 0.75; containment 0.00 < 0.5	-	single enzyme: no cross-enzyme consistency check available
S_1413216	GCF_000613445.1	s__Prevotella_shahii	2.277470228	1.142857143	0.2134335068	0.01039697543	2.024419782	1.017508477	NA	210	0.6685284283	0.9496666284	-0.8438039121	2.878820866	1	1	1	BcgI	NA	fixed	313535.6267	glm	8	False	fraction 0.21 < 0.75; containment 0.01 < 0.5	-	single enzyme: no cross-enzyme consistency check available
S_1413216	GCF_000613485.1	s__Prevotella_loescheii	2.17192847	1.420952381	0.04443252319	0.01127982646	2.289806188	1.195225492	NA	992	0.761802365	0.5547879266	0.1078611369	2.282589847	1	1	1	BcgI	NA	fixed	2065396.312	glm	14	False	fraction 0.04 < 0.75; containment 0.01 < 0.5	-	single enzyme: no cross-enzyme consistency check available
S_1413216	GCF_000613625.1	s__Prevotella_marshii	NA	NA	NA	0.00111049417	NA	NA	NA	0	NA	NA	NA	NA	0	1	0	-	NA	fixed	NA	none	0	False	containment 0.00 < 0.5; only 0/1 enzymes produced a fit; no PTR estimate	BcgI:only 2 windows after outlier trimming	no enzyme produced a usable estimate
S_1413216	GCF_000613725.1	s__Prevotella_pleuritidis	2.155454082	1.991961101	0.1530458649	0.1441677588	1.564914821	0.6460841328	NA	1432	0.942205754	0.6044915607	-0.5386975552	1.830865821	1	1	1	BcgI	NA	fixed	1277964.599	glm	26	False	fraction 0.15 < 0.75; containment 0.14 < 0.5	-	single enzyme: no cross-enzyme consistency check available
S_1413216	GCF_000613785.1	s__Prevotella_oulorum	2.635564666	1.040002487	0.1551009018	0.09152161707	2.623558869	1.391525162	NA	1071	0.9794475583	0.4958711549	0.4196355578	2.363414767	1	1	1	BcgI	NA	fixed	1809187.407	glm	44	False	fraction 0.16 < 0.75; containment 0.09 < 0.5	-	single enzyme: no cross-enzyme consistency check available
S_1413216	GCF_000613925.1	s__Prevotella_histicola	12.1719397	30.91723583	0.4743161881	0.4858974359	4.76267386	2.251771759	NA	703	0.9997827477	0.6911012523	0.8972381944	3.606305323	1	1	1	BcgI	NA	fixed	1564206.533	glm	33	False	fraction 0.47 < 0.75; dispersion 30.92 > 5.0; containment 0.49 < 0.5	-	single enzyme: no cross-enzyme consistency check available
S_1413216	GCF_000613945.1	s__Prevotella_falsenii	NA	NA	NA	0.001534526854	NA	NA	NA	0	NA	NA	NA	NA	0	1	0	-	NA	fixed	NA	none	0	False	containment 0.00 < 0.5; only 0/1 enzymes produced a fit; no PTR estimate	BcgI:only 2 windows after outlier trimming	no enzyme produced a usable estimate
S_1413216	GCF_000613965.1	s__Prevotella_maculosa	2.469662309	1.575245725	0.1195922606	0.07136752137	2.366580945	1.242804268	NA	1682	0.9695831758	0.5786113627	0.1087468357	2.3768617	1	1	1	BcgI	NA	fixed	2522556.938	glm	34	False	fraction 0.12 < 0.75; containment 0.07 < 0.5	-	single enzyme: no cross-enzyme consistency check available
S_1413216	GCF_000613985.1	s__Prevotella_nanceiensis	8.91365915	27.63733304	0.3684603745	0.3606089439	3.15627687	1.658223765	NA	956	0.999815626	0.7500011601	0.1882485023	3.128199027	1	1	1	BcgI	NA	fixed	1456808.058	glm	25	False	fraction 0.37 < 0.75; dispersion 27.64 > 5.0; containment 0.36 < 0.5	-	single enzyme: no cross-enzyme consistency check available
S_1413216	GCF_000614025.1	s__Prevotella_aurantiaca	4.160861524	1.4	0.173758963	0.01075268817	5.277948713	2.399977332	NA	139	0.6843620179	2.975885492	-3.432651055	8.232605718	1	1	1	BcgI	NA	fixed	2063463.99	glm	7	False	fraction 0.17 < 0.75; containment 0.01 < 0.5	-	single enzyme: no cross-enzyme consistency check available
S_1413216	GCF_000614205.1	s__Prevotella_saccharolytica	1.59362426	1	0.1498242198	0.01936619718	3.28742042	1.716955971	NA	320	0.7291016322	0.2968214433	1.135196632	2.29871531	1	1	1	BcgI	NA	fixed	2135485.194	glm	9	False	fraction 0.15 < 0.75; containment 0.02 < 0.5	-	single enzyme: no cross-enzyme consistency check available
S_1413216	GCF_000614245.1	s__Prevotella_fusca	8.654844073	15.6993007	0.1564921718	0.01203783319	91.05174743	6.5086148	NA	384	0.9973027455	2.229432658	2.139007085	10.87822252	1	1	1	BcgI	NA	fixed	2239522.2	glm	10	False	fraction 0.16 < 0.75; dispersion 15.70 > 5.0; containment 0.01 < 0.5	-	single enzyme: no cross-enzyme consistency check available
S_1413216	GCF_000620465.1	s__Ralstonia_sp000620465	2.996850636	2.50412964	0.06954970714	0.0705500116	1.534119705	0.6174110589	NA	3934	0.9504017423	0.4475802835	-0.259830177	1.494652295	1	1	1	BcgI	NA	fixed	3729335.404	glm	41	False	fraction 0.07 < 0.75; containment 0.07 < 0.5	-	single enzyme: no cross-enzyme consistency check available
S_1413216	GCF_000633415.1	s__Leucobacter_sp000633415	NA	NA	NA	0.0002086811352	NA	NA	NA	0	NA	NA	NA	NA	0	1	0	-	NA	fixed	NA	none	0	False	containment 0.00 < 0.5; only 0/1 enzymes produced a fit; no PTR estimate	BcgI:only 1 windows after outlier trimming	no enzyme produced a usable estimate
S_1413216	GCF_000699745.1	s__Parabacteroides_distasonis	NA	NA	NA	0.0005063291139	NA	NA	NA	0	NA	NA	NA	NA	0	1	0	-	NA	fixed	NA	none	0	False	containment 0.00 < 0.5; only 0/1 enzymes produced a fit; no PTR estimate	BcgI:only 1 windows after outlier trimming	no enzyme produced a usable estimate
S_1413216	GCF_000711965.1	s__Actinomyces_israelii	NA	NA	NA	0.0002825656965	NA	NA	NA	0	NA	NA	NA	NA	0	1	0	-	NA	fixed	NA	none	0	False	containment 0.00 < 0.5; only 0/1 enzymes produced a fit; no PTR estimate	BcgI:only 0 windows after outlier trimming	no enzyme produced a usable estimate
S_1413216	GCF_000722685.1	s__Streptococcus_mitis_M	221.1097884	836.5842169	0.3252923977	0.2637362637	5.220595659e+31	105.3639854	NA	67	1	49.12180618	9.087014407	201.6409563	1	1	1	BcgI	NA	fixed	1475885.647	glm	6	False	fraction 0.33 < 0.75; dispersion 836.58 > 5.0; containment 0.26 < 0.5	-	single enzyme: no cross-enzyme consistency check available
S_1413216	GCF_000722705.1	s__Streptococcus_mitis_P	117.3434911	265.942092	0.4112103175	0.3193277311	1078076893	30.00581293	NA	114	0.9998512093	3.844130097	22.47145639	37.54016948	1	1	1	BcgI	NA	fixed	1746179.11	glm	8	False	fraction 0.41 < 0.75; dispersion 265.94 > 5.0; containment 0.32 < 0.5	-	single enzyme: no cross-enzyme consistency check available
S_1413216	GCF_000722755.1	s__Streptococcus_mitis_BE	NA	NA	NA	0.152173913	NA	NA	NA	0	NA	NA	NA	NA	0	1	0	-	NA	fixed	NA	none	0	False	containment 0.15 < 0.5; only 0/1 enzymes produced a fit; no PTR estimate	BcgI:only 4 windows after outlier trimming	no enzyme produced a usable estimate
S_1413216	GCF_000722775.1	s__Streptococcus_mitis_AV	NA	NA	NA	0.1964285714	NA	NA	NA	0	NA	NA	NA	NA	0	1	0	-	NA	fixed	NA	none	0	False	containment 0.20 < 0.5; only 0/1 enzymes produced a fit; no PTR estimate	BcgI:only 4 windows after outlier trimming	no enzyme produced a usable estimate
S_1413216	GCF_000722815.1	s__Streptococcus_chosunense	104.4905232	64.3348361	0.2348400673	0.1411764706	38.14414839	5.253389848	NA	79	0.9995452096	1.70229333	1.91695623	8.589823466	1	1	1	BcgI	NA	fixed	379374.5889	glm	6	False	fraction 0.23 < 0.75; dispersion 64.33 > 5.0; containment 0.14 < 0.5	-	single enzyme: no cross-enzyme consistency check available
S_1413216	GCF_000722835.1	s__Streptococcus_mitis	25.55322691	11.31484684	0.4128787879	0.2676056338	5.859650979	2.550814735	NA	49	0.9974528319	1.060380582	0.4725069849	4.629122486	1	1	1	BcgI	NA	fixed	1364495.502	glm	11	False	fraction 0.41 < 0.75; dispersion 11.31 > 5.0; containment 0.27 < 0.5	-	single enzyme: no cross-enzyme consistency check available
S_1413216	GCF_000722845.1	s__Streptococcus_oralis_BC	NA	NA	NA	0.1066666667	NA	NA	NA	0	NA	NA	NA	NA	0	1	0	-	NA	fixed	NA	none	0	False	containment 0.11 < 0.5; only 0/1 enzymes produced a fit; no PTR estimate	BcgI:only 3 windows after outlier trimming	no enzyme produced a usable estimate
S_1413216	GCF_000740795.1	s__Haematobacter_massiliensis	NA	NA	NA	0.001630181649	NA	NA	NA	0	NA	NA	NA	NA	0	1	0	-	NA	fixed	NA	none	0	False	containment 0.00 < 0.5; only 0/1 enzymes produced a fit; no PTR estimate	BcgI:only 3 windows after outlier trimming	no enzyme produced a usable estimate
S_1413216	GCF_000745955.1	s__Alysiella_crassa	NA	NA	NA	0.002304147465	NA	NA	NA	0	NA	NA	NA	NA	0	1	0	-	NA	fixed	NA	none	0	False	containment 0.00 < 0.5; only 0/1 enzymes produced a fit; no PTR estimate	BcgI:only 3 windows after outlier trimming	no enzyme produced a usable estimate
S_1413216	GCF_000751855.1	s__Kingella_negevensis	NA	NA	NA	0.001052631579	NA	NA	NA	0	NA	NA	NA	NA	0	1	0	-	NA	fixed	NA	none	0	False	containment 0.00 < 0.5; only 0/1 enzymes produced a fit; no PTR estimate	BcgI:only 1 windows after outlier trimming	no enzyme produced a usable estimate
S_1413216	GCF_000758755.1	s__Pauljensenia_sp000758755	6.557581402	10.33510908	0.2143569259	0.1891025641	1.217088697	0.2834343097	NA	1116	0.7113593893	0.7475908632	-1.181816857	1.748685477	1	1	1	BcgI	NA	fixed	696463.2	glm	25	False	fraction 0.21 < 0.75; dispersion 10.34 > 5.0; containment 0.19 < 0.5	-	single enzyme: no cross-enzyme consistency check available
S_1413216	GCF_000758925.1	s__Prevotella_sp000758925	NA	NA	NA	0.001033057851	NA	NA	NA	0	NA	NA	NA	NA	0	1	0	-	NA	fixed	NA	none	0	False	containment 0.00 < 0.5; only 0/1 enzymes produced a fit; no PTR estimate	BcgI:only 0 windows after outlier trimming	no enzyme produced a usable estimate
S_1413216	GCF_000758945.1	s__Lancefieldella_sp000564995	6.197869434	5.118153118	0.2497708018	0.1765625	1.838751279	0.8787263451	NA	562	0.9917145997	0.7928744544	-0.6752790297	2.43273172	1	1	1	BcgI	NA	fixed	639892.9022	glm	37	False	fraction 0.25 < 0.75; dispersion 5.12 > 5.0; containment 0.18 < 0.5	-	single enzyme: no cross-enzyme consistency check available
S_1413216	GCF_000759045.1	s__Prevotella_bivia	NA	NA	NA	0.005364806867	NA	NA	NA	0	NA	NA	NA	NA	0	1	0	-	NA	fixed	NA	none	0	False	containment 0.01 < 0.5; only 0/1 enzymes produced a fit; no PTR estimate	BcgI:only 2 windows after outlier trimming	no enzyme produced a usable estimate
S_1413216	GCF_000759305.1	s__Prevotella_melaninogenica	28.71116161	40.73255478	0.6669115164	0.3152173913	1.380060284	0.4647312886	NA	401	0.9000450383	0.7031710906	-0.9134587239	1.842921301	1	1	1	BcgI	NA	fixed	1663984.93	glm	141	False	fraction 0.67 < 0.75; dispersion 40.73 > 5.0; containment 0.32 < 0.5	-	single enzyme: no cross-enzyme consistency check available
S_1413216	GCF_000759315.1	s__Prevotella_amnii	NA	NA	NA	0	NA	NA	NA	0	NA	NA	NA	NA	0	1	0	-	NA	fixed	NA	none	0	False	containment 0.00 < 0.5; only 0/1 enzymes produced a fit; no PTR estimate	BcgI:only 0 windows after outlier trimming	no enzyme produced a usable estimate
S_1413216	GCF_000762865.1	s__Prevotella_sp001553265	NA	NA	NA	0	NA	NA	NA	0	NA	NA	NA	NA	0	1	0	-	NA	fixed	NA	none	0	False	containment 0.00 < 0.5; only 0/1 enzymes produced a fit; no PTR estimate	BcgI:only 0 windows after outlier trimming	no enzyme produced a usable estimate
S_1413216	GCF_000763805.1	s__Paracoccus_sphaerophysae	NA	NA	NA	0.002471169687	NA	NA	NA	0	NA	NA	NA	NA	0	1	0	-	NA	fixed	NA	none	0	False	containment 0.00 < 0.5; only 0/1 enzymes produced a fit; no PTR estimate	BcgI:only 4 windows after outlier trimming	no enzyme produced a usable estimate
S_1413216	GCF_000768875.1	s__Porphyromonas_sp000768875	NA	NA	NA	0.0004570383912	NA	NA	NA	0	NA	NA	NA	NA	0	1	0	-	NA	fixed	NA	none	0	False	containment 0.00 < 0.5; only 0/1 enzymes produced a fit; no PTR estimate	BcgI:only 1 windows after outlier trimming	no enzyme produced a usable estimate
S_1413216	GCF_000768935.1	s__Porphyromonas_sp000769075	NA	NA	NA	0.0005336179296	NA	NA	NA	0	NA	NA	NA	NA	0	1	0	-	NA	fixed	NA	none	0	False	containment 0.00 < 0.5; only 0/1 enzymes produced a fit; no PTR estimate	BcgI:only 1 windows after outlier trimming	no enzyme produced a usable estimate
S_1413216	GCF_000769015.1	s__Porphyromonas_gulae	NA	NA	NA	0	NA	NA	NA	0	NA	NA	NA	NA	0	1	0	-	NA	fixed	NA	none	0	False	containment 0.00 < 0.5; only 0/1 enzymes produced a fit; no PTR estimate	BcgI:only 0 windows after outlier trimming	no enzyme produced a usable estimate
S_1413216	GCF_000771955.1	s__Gallibacterium_anatis	NA	NA	NA	0	NA	NA	NA	0	NA	NA	NA	NA	0	1	0	-	NA	fixed	NA	none	0	False	containment 0.00 < 0.5; only 0/1 enzymes produced a fit; no PTR estimate	BcgI:only 0 windows after outlier trimming	no enzyme produced a usable estimate
S_1413216	GCF_000775995.1	s__Treponema_sp000775995	NA	NA	NA	0.004316546763	NA	NA	NA	0	NA	NA	NA	NA	0	1	0	-	NA	fixed	NA	none	0	False	containment 0.00 < 0.5; only 0/1 enzymes produced a fit; no PTR estimate	BcgI:only 0 windows after outlier trimming	no enzyme produced a usable estimate
S_1413216	GCF_000790885.1	s__Pseudomonas_aeruginosa	NA	NA	NA	0	NA	NA	NA	0	NA	NA	NA	NA	0	1	0	-	NA	fixed	NA	none	0	False	containment 0.00 < 0.5; only 0/1 enzymes produced a fit; no PTR estimate	BcgI:only 0 windows after outlier trimming	no enzyme produced a usable estimate
S_1413216	GCF_000799055.1	s__Ensifer_sp000799055	NA	NA	NA	0.0005429372907	NA	NA	NA	0	NA	NA	NA	NA	0	1	0	-	NA	fixed	NA	none	0	False	containment 0.00 < 0.5; only 0/1 enzymes produced a fit; no PTR estimate	BcgI:only 3 windows after outlier trimming	no enzyme produced a usable estimate
S_1413216	GCF_000801955.1	s__Ralstonia_sp000801955	NA	NA	NA	0.0006567713122	NA	NA	NA	0	NA	NA	NA	NA	0	1	0	-	NA	fixed	NA	none	0	False	containment 0.00 < 0.5; only 0/1 enzymes produced a fit; no PTR estimate	BcgI:only 4 windows after outlier trimming	no enzyme produced a usable estimate
S_1413216	GCF_000803625.1	s__TM7x_sp000803625	NA	NA	NA	0.01398601399	NA	NA	NA	0	NA	NA	NA	NA	0	1	0	-	NA	fixed	NA	none	0	False	containment 0.01 < 0.5; only 0/1 enzymes produced a fit; no PTR estimate	BcgI:only 3 windows after outlier trimming	no enzyme produced a usable estimate
S_1413216	GCF_000813705.1	s__Neisseria_cerebrosa	56.77181538	64.40832588	0.3359431982	0.1094224924	15.36829254	3.941884981	NA	154	0.9999926822	1.87682334	0.2633788293	7.620391133	1	1	1	BcgI	NA	fixed	1844849.346	glm	22	False	fraction 0.34 < 0.75; dispersion 64.41 > 5.0; containment 0.11 < 0.5	-	single enzyme: no cross-enzyme consistency check available
S_1413216	GCF_000814825.1	s__DNF00809_sp000814825	NA	NA	NA	0	NA	NA	NA	0	NA	NA	NA	NA	0	1	0	-	NA	fixed	NA	none	0	False	containment 0.00 < 0.5; only 0/1 enzymes produced a fit; no PTR estimate	BcgI:only 0 windows after outlier trimming	no enzyme produced a usable estimate
S_1413216	GCF_000818035.1	s__Neisseria_elongata	2.361314939	1.276518644	0.06758227568	0.06385616863	1.839385948	0.8792242243	NA	1421	0.8409968442	0.5892611619	-0.2757064306	2.034154879	1	1	1	BcgI	NA	fixed	550408.5575	glm	22	False	fraction 0.07 < 0.75; containment 0.06 < 0.5	-	single enzyme: no cross-enzyme consistency check available
S_1413216	GCF_000820725.1	s__Pauljensenia_polynesiensis	NA	NA	NA	0.0007315288954	NA	NA	NA	0	NA	NA	NA	NA	0	1	0	-	NA	fixed	NA	none	0	False	containment 0.00 < 0.5; only 0/1 enzymes produced a fit; no PTR estimate	BcgI:only 1 windows after outlier trimming	no enzyme produced a usable estimate
S_1413216	GCF_000827595.2	s__Necropsobacter_massiliensis	NA	NA	NA	0.001170275015	NA	NA	NA	0	NA	NA	NA	NA	0	1	0	-	NA	fixed	NA	none	0	False	containment 0.00 < 0.5; only 0/1 enzymes produced a fit; no PTR estimate	BcgI:only 0 windows after outlier trimming	no enzyme produced a usable estimate
S_1413216	GCF_000935585.1	s__Acidovorax_temperans	NA	NA	NA	0.0002537427049	NA	NA	NA	0	NA	NA	NA	NA	0	1	0	-	NA	fixed	NA	none	0	False	containment 0.00 < 0.5; only 0/1 enzymes produced a fit; no PTR estimate	BcgI:only 0 windows after outlier trimming	no enzyme produced a usable estimate
S_1413216	GCF_000952155.1	s__Aliterella_atlantica	NA	NA	NA	0	NA	NA	NA	0	NA	NA	NA	NA	0	1	0	-	NA	fixed	NA	none	0	False	containment 0.00 < 0.5; only 0/1 enzymes produced a fit; no PTR estimate	BcgI:only 0 windows after outlier trimming	no enzyme produced a usable estimate
S_1413216	GCF_000954135.1	s__Ralstonia_mannitolilytica	4.682561277	2.020634921	0.01666666667	0.00424664515	1.889867142	0.9182848163	NA	1200	0.7025801346	1.297956421	-1.625663023	3.462232655	1	1	1	BcgI	NA	fixed	1846296.595	glm	12	False	fraction 0.02 < 0.75; containment 0.00 < 0.5	-	single enzyme: no cross-enzyme consistency check available
S_1413216	GCF_000959945.1	s__Streptococcus_oralis_B	NA	NA	NA	0.08737864078	NA	NA	NA	0	NA	NA	NA	NA	0	1	0	-	NA	fixed	NA	none	0	False	containment 0.09 < 0.5; only 0/1 enzymes produced a fit; no PTR estimate	BcgI:only 4 windows after outlier trimming	no enzyme produced a usable estimate
S_1413216	GCF_000960085.1	s__Streptococcus_infantis_C	31.51429304	48.610941	0.2030399339	0.1691176471	24.48992035	4.614116177	NA	109	0.9983592004	1.184323541	2.29288469	6.935347664	1	1	1	BcgI	NA	fixed	1000474.169	glm	6	False	fraction 0.20 < 0.75; dispersion 48.61 > 5.0; containment 0.17 < 0.5	-	single enzyme: no cross-enzyme consistency check available
S_1413216	GCF_000963255.1	s__Streptococcus_infantis_F	38.38178604	77.01341154	0.2303520554	0.1960784314	45.14000133	5.496334556	NA	134	0.999747552	1.722060751	2.121157505	8.871511607	1	1	1	BcgI	NA	fixed	753740.4844	glm	12	False	fraction 0.23 < 0.75; dispersion 77.01 > 5.0; containment 0.20 < 0.5	-	single enzyme: no cross-enzyme consistency check available
S_1413216	GCF_000963285.1	s__Streptococcus_parasanguinis	25.90391168	41.18507459	0.3589937548	0.3444444444	1.563544568	0.6448203429	NA	270	0.9913755664	0.9095655514	-1.13789538	2.427536065	1	1	1	BcgI	NA	fixed	1374079.987	glm	19	False	fraction 0.36 < 0.75; dispersion 41.19 > 5.0; containment 0.34 < 0.5	-	single enzyme: no cross-enzyme consistency check available
S_1413216	GCF_000967735.1	s__Paracoccus_marcusii	NA	NA	NA	0.001227897839	NA	NA	NA	0	NA	NA	NA	NA	0	1	0	-	NA	fixed	NA	none	0	False	containment 0.00 < 0.5; only 0/1 enzymes produced a fit; no PTR estimate	BcgI:only 1 windows after outlier trimming	no enzyme produced a usable estimate
S_1413216	GCF_000971865.1	s__Corynebacterium_argentoratense	NA	NA	NA	0	NA	NA	NA	0	NA	NA	NA	NA	0	1	0	-	NA	fixed	NA	none	0	False	containment 0.00 < 0.5; only 0/1 enzymes produced a fit; no PTR estimate	BcgI:only 0 windows after outlier trimming	no enzyme produced a usable estimate
S_1413216	GCF_000974605.1	s__Cupriavidus_pauculus	1.657999973	1.166666667	0.02842465106	0.001799775028	3.523334182	1.816941318	NA	665	0.7883710701	1.609467999	-1.337557995	4.971440631	1	1	1	BcgI	NA	fixed	6085668.66	glm	8	False	fraction 0.03 < 0.75; containment 0.00 < 0.5	-	single enzyme: no cross-enzyme consistency check available
S_1413216	GCF_000986865.1	s__Pararheinheimera_mesophila	NA	NA	NA	0.002490660025	NA	NA	NA	0	NA	NA	NA	NA	0	1	0	-	NA	fixed	NA	none	0	False	containment 0.00 < 0.5; only 0/1 enzymes produced a fit; no PTR estimate	BcgI:only 1 windows after outlier trimming	no enzyme produced a usable estimate
S_1413216	GCF_001014975.1	s__Novosphingobium_sp002336885	1.798260112	NA	0.009543650794	0.003391363328	1.596204639	0.6746456217	NA	632	0.6425374867	0.4554386701	-0.2179977689	1.567289012	1	1	1	BcgI	NA	fixed	2957987.567	glm	6	False	fraction 0.01 < 0.75; containment 0.00 < 0.5	-	single enzyme: no cross-enzyme consistency check available
S_1413216	GCF_001042695.1	s__Scardovia_inopinata	NA	NA	NA	0.001453488372	NA	NA	NA	0	NA	NA	NA	NA	0	1	0	-	NA	fixed	NA	none	0	False	containment 0.00 < 0.5; only 0/1 enzymes produced a fit; no PTR estimate	BcgI:only 1 windows after outlier trimming	no enzyme produced a usable estimate
S_1413216	GCF_001053035.1	s__Haemophilus_D_parainfluenzae_J	8.392059397	4.925747703	0.1589172729	0.04871060172	5.205013498	2.379901905	NA	147	0.9851206129	1.599316777	-0.7547013772	5.514505187	1	1	1	BcgI	NA	fixed	313287.7064	glm	11	False	fraction 0.16 < 0.75; containment 0.05 < 0.5	-	single enzyme: no cross-enzyme consistency check available
S_1413216	GCF_001058575.1	s__Haemophilus_D_parainfluenzae_N	32.27113081	71.19698129	0.305477154	0.2127659574	22.2242745	4.474064419	NA	217	0.9999898306	1.814966604	0.9167952417	8.031333596	1	1	1	BcgI	NA	fixed	513631.0986	glm	19	False	fraction 0.31 < 0.75; dispersion 71.20 > 5.0; containment 0.21 < 0.5	-	single enzyme: no cross-enzyme consistency check available
S_1413216	GCF_001059215.1	s__Alloscardovia_omnicolens	NA	NA	NA	0	NA	NA	NA	0	NA	NA	NA	NA	0	1	0	-	NA	fixed	NA	none	0	False	containment 0.00 < 0.5; only 0/1 enzymes produced a fit; no PTR estimate	BcgI:only 0 windows after outlier trimming	no enzyme produced a usable estimate
S_1413216	GCF_001059235.1	s__Pauljensenia_sp000411415	9.701624714	15.60946372	0.3401706079	0.2875511397	2.053747623	1.038258905	NA	1386	0.9993294878	0.7402479805	-0.4126004764	2.489118287	1	1	1	BcgI	NA	fixed	1789812.742	glm	68	False	fraction 0.34 < 0.75; dispersion 15.61 > 5.0; containment 0.29 < 0.5	-	single enzyme: no cross-enzyme consistency check available
S_1413216	GCF_001059565.1	s__Corynebacterium_aurimucosum_E	NA	NA	NA	0	NA	NA	NA	0	NA	NA	NA	NA	0	1	0	-	NA	fixed	NA	none	0	False	containment 0.00 < 0.5; only 0/1 enzymes produced a fit; no PTR estimate	BcgI:only 0 windows after outlier trimming	no enzyme produced a usable estimate
S_1413216	GCF_001061215.1	s__Neisseria_sp000186165	136.3460037	288.6871462	0.2870539082	0.2316890882	2.651642036	1.406886029	NA	624	1	1.101391571	-0.7518017826	3.565573841	1	1	1	BcgI	NA	fixed	1691720.252	glm	39	False	fraction 0.29 < 0.75; dispersion 288.69 > 5.0; containment 0.23 < 0.5	-	single enzyme: no cross-enzyme consistency check available
S_1413216	GCF_001062425.1	s__Rothia_dentocariosa	25.95524191	68.48686301	0.5222655493	0.4887133183	1.7058157	0.7704617835	NA	1512	0.9993712274	0.5562420446	-0.3197525907	1.860676158	1	1	1	BcgI	NA	fixed	1502596.515	glm	59	False	fraction 0.52 < 0.75; dispersion 68.49 > 5.0; containment 0.49 < 0.5	-	single enzyme: no cross-enzyme consistency check available
S_1413216	GCF_001063545.1	s__Rothia_sp001808955	276.70437	701.3156555	0.1788754455	0.1465163934	3.395516584	1.763631079	NA	948	1	1.192671729	-0.5739625554	4.101224712	1	1	1	BcgI	NA	fixed	717979.9853	glm	35	False	fraction 0.18 < 0.75; dispersion 701.32 > 5.0; containment 0.15 < 0.5	-	single enzyme: no cross-enzyme consistency check available
S_1413216	GCF_001063785.1	s__Cardiobacterium_hominis	2.312928371	1.477261134	0.1494349801	0.09732272069	1.150613155	0.2024028694	NA	2064	0.6340397103	0.5135565695	-0.8041495109	1.20895525	1	1	1	BcgI	NA	fixed	436154.3133	glm	63	False	fraction 0.15 < 0.75; containment 0.10 < 0.5	-	single enzyme: no cross-enzyme consistency check available
S_1413216	GCF_001064145.1	s__Pauljensenia_sp001064145	8.736649452	8.15734096	0.1202357289	0.05058605799	3.488560617	1.802631902	NA	1203	0.9988882929	0.9777288153	-0.1136813627	3.718945167	1	1	1	BcgI	NA	fixed	2109634.017	glm	31	False	fraction 0.12 < 0.75; dispersion 8.16 > 5.0; containment 0.05 < 0.5	-	single enzyme: no cross-enzyme consistency check available
S_1413216	GCF_001064185.1	s__Pauljensenia_sp000185285	2.676497614	2.291617206	0.07927779854	0.0636550308	1.551259581	0.6334401211	NA	2079	0.814596071	0.6416844232	-0.6242382378	1.89111848	1	1	1	BcgI	NA	fixed	2189620.69	glm	32	False	fraction 0.08 < 0.75; containment 0.06 < 0.5	-	single enzyme: no cross-enzyme consistency check available
S_1413216	GCF_001065135.1	s__Rothia_mucilaginosa_A	21.22779839	74.50227721	0.3907659383	0.3750884643	1.666315079	0.7366612219	NA	1049	0.9988568142	1.044364442	-1.310255471	2.783577915	1	1	1	BcgI	NA	fixed	627981.3458	glm	29	False	fraction 0.39 < 0.75; dispersion 74.50 > 5.0; containment 0.38 < 0.5	-	single enzyme: no cross-enzyme consistency check available
S_1413216	GCF_001066565.1	s__Lacticaseibacillus_paracasei	NA	NA	NA	0	NA	NA	NA	0	NA	NA	NA	NA	0	1	0	-	NA	fixed	NA	none	0	False	containment 0.00 < 0.5; only 0/1 enzymes produced a fit; no PTR estimate	BcgI:only 0 windows after outlier trimming	no enzyme produced a usable estimate
S_1413216	GCF_001067635.1	s__Neisseria_bacilliformis	2.979844783	1.585376729	0.1577413208	0.1026845638	2.120073032	1.084113963	NA	1078	0.9814474675	0.5146484624	0.0754215125	2.092806414	1	1	1	BcgI	NA	fixed	104652.7833	glm	58	False	fraction 0.16 < 0.75; containment 0.10 < 0.5	-	single enzyme: no cross-enzyme consistency check available
S_1413216	GCF_001068775.1	s__Streptococcus_pseudopneumoniae_N	10.70191005	10.47368421	0.6367965368	0.1794871795	13.7925235	3.785814533	NA	42	0.9970347274	1.549457591	0.748933459	6.822695607	1	1	1	BcgI	NA	fixed	974388.5208	glm	14	False	fraction 0.64 < 0.75; dispersion 10.47 > 5.0; containment 0.18 < 0.5	-	single enzyme: no cross-enzyme consistency check available
S_1413216	GCF_001069025.1	s__Streptococcus_vestibularis	20.17334279	76.35498135	0.2737426701	0.1223776224	282.9509817	8.144408333	NA	165	0.9999986571	3.441739382	1.398723099	14.89009357	1	1	1	BcgI	NA	fixed	545818.75	glm	19	False	fraction 0.27 < 0.75; dispersion 76.35 > 5.0; containment 0.12 < 0.5	-	single enzyme: no cross-enzyme consistency check available
S_1413216	GCF_001069775.1	s__Streptococcus_cristatus	15.73808777	20.6686735	0.2803085803	0.09905660377	5.116470294	2.35514888	NA	101	0.9912757232	3.028160284	-3.579936217	8.290233976	1	1	1	BcgI	NA	fixed	1341132.958	glm	10	False	fraction 0.28 < 0.75; dispersion 20.67 > 5.0; containment 0.10 < 0.5	-	single enzyme: no cross-enzyme consistency check available
S_1413216	GCF_001070115.1	s__Streptococcus_anginosus	2.929175173	0.7142857143	0.07718481461	0.03267973856	1.963186993	0.9731975956	NA	157	0.6618148871	1.170252635	-1.320455422	3.266850613	1	1	1	BcgI	NA	fixed	960882.48	glm	8	False	fraction 0.08 < 0.75; containment 0.03 < 0.5	-	single enzyme: no cross-enzyme consistency check available
S_1413216	GCF_001070405.1	s__Streptococcus_pseudopneumoniae_O	NA	NA	NA	0.1428571429	NA	NA	NA	0	NA	NA	NA	NA	0	1	0	-	NA	fixed	NA	none	0	False	containment 0.14 < 0.5; only 0/1 enzymes produced a fit; no PTR estimate	BcgI:only 17 anchors (< 30)	no enzyme produced a usable estimate
S_1413216	GCF_001070715.1	s__Streptococcus_pseudopneumoniae_H	NA	NA	NA	0.05617977528	NA	NA	NA	0	NA	NA	NA	NA	0	1	0	-	NA	fixed	NA	none	0	False	containment 0.06 < 0.5; only 0/1 enzymes produced a fit; no PTR estimate	BcgI:only 2 windows after outlier trimming	no enzyme produced a usable estimate
S_1413216	GCF_001070815.1	s__Streptococcus_pseudopneumoniae_P	NA	NA	NA	0.08	NA	NA	NA	0	NA	NA	NA	NA	0	1	0	-	NA	fixed	NA	none	0	False	containment 0.08 < 0.5; only 0/1 enzymes produced a fit; no PTR estimate	BcgI:only 3 windows after outlier trimming	no enzyme produced a usable estimate
S_1413216	GCF_001070855.1	s__Pauljensenia_pyogenes_A	4.961362379	6.298522483	0.09565824217	0.08581436077	4.35343934	2.122155621	NA	1004	0.9882200637	1.097128502	-0.02817672808	4.272487971	1	1	1	BcgI	NA	fixed	921271.8492	glm	24	False	fraction 0.10 < 0.75; dispersion 6.30 > 5.0; containment 0.09 < 0.5	-	single enzyme: no cross-enzyme consistency check available
S_1413216	GCF_001071995.1	s__Granulicatella_sp001071995	16.17518542	35.88427339	0.3608099883	0.3068493151	5.498222481	2.458965286	NA	327	0.9992315868	1.606196443	-0.6891218943	5.607052465	1	1	1	BcgI	NA	fixed	98084.1925	glm	22	False	fraction 0.36 < 0.75; dispersion 35.88 > 5.0; containment 0.31 < 0.5	-	single enzyme: no cross-enzyme consistency check available
S_1413216	GCF_001072375.1	s__Streptococcus_pseudopneumoniae_L	10.76924294	12.40980392	0.5044444444	0.2330097087	1.889415282	0.9179398325	NA	48	0.8801995685	0.7883762585	-0.6272492404	2.463128905	1	1	1	BcgI	NA	fixed	109645.7244	glm	15	False	fraction 0.50 < 0.75; dispersion 12.41 > 5.0; containment 0.23 < 0.5	-	single enzyme: no cross-enzyme consistency check available
S_1413216	GCF_001072385.1	s__Streptococcus_sp004166885	14.67684809	34.97412321	0.5547981556	0.4761904762	10.52280829	3.395447872	NA	173	0.9994869638	1.710169225	0.04357778426	6.747317961	1	1	1	BcgI	NA	fixed	1563416.093	glm	18	False	fraction 0.55 < 0.75; dispersion 34.97 > 5.0; containment 0.48 < 0.5	-	single enzyme: no cross-enzyme consistency check available
S_1413216	GCF_001073155.1	s__Streptococcus_parasanguinis_D	13.25430224	28.05499845	0.3608276644	0.2242424242	3.809264914	1.929512623	NA	132	0.9997585062	1.805004257	-1.608230713	5.46725596	1	1	1	BcgI	NA	fixed	1503416.892	glm	21	False	fraction 0.36 < 0.75; dispersion 28.05 > 5.0; containment 0.22 < 0.5	-	single enzyme: no cross-enzyme consistency check available
S_1413216	GCF_001073445.1	s__Granulicatella_adiacens	18.11357774	26.34069678	0.3769842428	0.3536585366	1.435013851	0.5210646617	NA	405	0.991007362	0.9345799681	-1.310678416	2.35280774	1	1	1	BcgI	NA	fixed	120334.1242	glm	26	False	fraction 0.38 < 0.75; dispersion 26.34 > 5.0; containment 0.35 < 0.5	-	single enzyme: no cross-enzyme consistency check available
S_1413216	GCF_001074155.1	s__Streptococcus_pseudopneumoniae_A	18.25552186	27.18953088	0.5048170194	0.3469387755	1.303120222	0.381970189	NA	87	0.7292597082	1.393674116	-2.349580886	3.113521263	1	1	1	BcgI	NA	fixed	930085.495	glm	18	False	fraction 0.50 < 0.75; dispersion 27.19 > 5.0; containment 0.35 < 0.5	-	single enzyme: no cross-enzyme consistency check available
S_1413216	GCF_001074505.1	s__Staphylococcus_epidermidis	NA	NA	NA	0.005649717514	NA	NA	NA	0	NA	NA	NA	NA	0	1	0	-	NA	fixed	NA	none	0	False	containment 0.01 < 0.5; only 0/1 enzymes produced a fit; no PTR estimate	BcgI:only 2 windows after outlier trimming	no enzyme produced a usable estimate
S_1413216	GCF_001074565.1	s__Streptococcus_pseudopneumoniae_J	52.3900041	296.2309537	0.4902380952	0.1120689655	627.3523735	9.293132198	NA	37	0.9997565157	4.38445048	0.6997671659	17.88649723	1	1	1	BcgI	NA	fixed	126388.9978	glm	10	False	fraction 0.49 < 0.75; dispersion 296.23 > 5.0; containment 0.11 < 0.5	-	single enzyme: no cross-enzyme consistency check available
S_1413216	GCF_001074635.1	s__Streptococcus_mitis_E	104.1993651	89.67942219	0.8674242424	0.3020833333	5.998747304	2.58466126	NA	36	0.9996740275	1.587655419	-0.527086181	5.6964087	1	1	1	BcgI	NA	fixed	66710.32556	glm	22	False	dispersion 89.68 > 5.0; containment 0.30 < 0.5	-	single enzyme: no cross-enzyme consistency check available
S_1413216	GCF_001074805.1	s__Streptococcus_parasanguinis_A	25.59785901	105.5105678	0.5178571429	0.1367924528	22.44084366	4.48805501	NA	78	0.9998576939	1.786707572	0.9861725173	7.989937502	1	1	1	BcgI	NA	fixed	284420.8	glm	22	False	fraction 0.52 < 0.75; dispersion 105.51 > 5.0; containment 0.14 < 0.5	-	single enzyme: no cross-enzyme consistency check available
S_1413216	GCF_001074975.1	s__Streptococcus_pseudopneumoniae_D	96.25639864	125.507874	0.621875	0.1472868217	17.19831305	4.104195156	NA	38	0.9996012542	1.718172932	0.73663809	7.471752221	1	1	1	BcgI	NA	fixed	349792.73	glm	16	False	fraction 0.62 < 0.75; dispersion 125.51 > 5.0; containment 0.15 < 0.5	-	single enzyme: no cross-enzyme consistency check available
S_1413216	GCF_001075645.1	s__Gemella_sp002871655	19.72503011	29.84782407	0.4759695166	0.1868131868	16.70471932	4.062183837	NA	78	0.9998687321	1.393871561	1.330245777	6.794121896	1	1	1	BcgI	NA	fixed	158385.3481	glm	16	False	fraction 0.48 < 0.75; dispersion 29.85 > 5.0; containment 0.19 < 0.5	-	single enzyme: no cross-enzyme consistency check available
S_1413216	GCF_001075675.1	s__Streptococcus_oralis_V	NA	NA	NA	0.0625	NA	NA	NA	0	NA	NA	NA	NA	0	1	0	-	NA	fixed	NA	none	0	False	containment 0.06 < 0.5; only 0/1 enzymes produced a fit; no PTR estimate	BcgI:only 4 windows after outlier trimming	no enzyme produced a usable estimate
S_1413216	GCF_001075875.1	s__Streptococcus_oralis_I	4.095584302	3.807912088	0.680952381	0.25	1.873532058	0.9057606637	NA	43	0.782364019	0.9253002178	-0.9077944382	2.719315766	1	1	1	BcgI	NA	fixed	167648.1375	glm	17	False	fraction 0.68 < 0.75; containment 0.25 < 0.5	-	single enzyme: no cross-enzyme consistency check available
S_1413216	GCF_001076615.1	s__Streptococcus_mitis_N	237.4951502	287.9788961	0.4154761905	0.2533333333	6824.296937	12.73646471	NA	56	0.9998997876	6.127644346	0.726502479	24.74642693	1	1	1	BcgI	NA	fixed	14705.06222	glm	14	False	fraction 0.42 < 0.75; dispersion 287.98 > 5.0; containment 0.25 < 0.5	-	single enzyme: no cross-enzyme consistency check available
S_1413216	GCF_001076775.1	s__Streptococcus_pseudopneumoniae_G	NA	NA	NA	0.05479452055	NA	NA	NA	0	NA	NA	NA	NA	0	1	0	-	NA	fixed	NA	none	0	False	containment 0.05 < 0.5; only 0/1 enzymes produced a fit; no PTR estimate	BcgI:only 3 windows after outlier trimming	no enzyme produced a usable estimate
S_1413216	GCF_001078705.1	s__Streptococcus_sanguinis_D	21.34157712	51.42367949	0.08	0.0625	3.944601873	1.979879697	NA	225	0.9485162129	1.366924316	-0.6992427313	4.659002125	1	1	1	BcgI	NA	fixed	170328.0756	glm	9	False	fraction 0.08 < 0.75; dispersion 51.42 > 5.0; containment 0.06 < 0.5	-	single enzyme: no cross-enzyme consistency check available
S_1413216	GCF_001096185.1	s__Streptococcus_pneumoniae_B	NA	NA	NA	0.0875	NA	NA	NA	0	NA	NA	NA	NA	0	1	0	-	NA	fixed	NA	none	0	False	containment 0.09 < 0.5; only 0/1 enzymes produced a fit; no PTR estimate	BcgI:only 4 windows after outlier trimming	no enzyme produced a usable estimate
S_1413216	GCF_001113365.1	s__Streptococcus_pneumoniae_C	338.656069	408.0097087	0.3344671202	0.09574468085	47.04497981	5.555968876	NA	47	0.9999999994	4.530376907	-3.323406699	14.43534445	1	1	1	BcgI	NA	fixed	2192625.143	glm	7	False	fraction 0.33 < 0.75; dispersion 408.01 > 5.0; containment 0.10 < 0.5	-	single enzyme: no cross-enzyme consistency check available
S_1413216	GCF_001171885.1	s__Streptococcus_pneumoniae_A	NA	NA	NA	0.07594936709	NA	NA	NA	0	NA	NA	NA	NA	0	1	0	-	NA	fixed	NA	none	0	False	containment 0.08 < 0.5; only 0/1 enzymes produced a fit; no PTR estimate	BcgI:only 4 windows after outlier trimming	no enzyme produced a usable estimate
S_1413216	GCF_001189515.2	s__Olsenella_sp001189515	1.992590897	2.256123156	0.1371423917	0.1351924826	1.967557377	0.9764057074	NA	3099	0.9919510195	0.4031910774	0.1861657167	1.766645698	1	1	1	BcgI	NA	fixed	282960.8042	glm	31	False	fraction 0.14 < 0.75; containment 0.14 < 0.5	-	single enzyme: no cross-enzyme consistency check available
S_1413216	GCF_001262035.1	s__Aggregatibacter_aphrophilus	8.198721373	9.958730159	0.0612244898	0.01983002833	0.119651985	-3.063083764	NA	196	0.9997549999	1.329249197	-5.668364316	-0.4578032115	1	1	1	BcgI	NA	fixed	431553.5542	glm	7	False	fraction 0.06 < 0.75; dispersion 9.96 > 5.0; containment 0.02 < 0.5	-	single enzyme: no cross-enzyme consistency check available
S_1413216	GCF_001262055.1	s__Pauljensenia_meyeri	5.735438073	NA	0.01204819277	0.003853564547	6.130137937	2.615919537	NA	581	0.9949826928	1.576247216	-0.4734682374	5.705307311	1	1	1	BcgI	NA	fixed	1227451.635	glm	7	False	fraction 0.01 < 0.75; containment 0.00 < 0.5	-	single enzyme: no cross-enzyme consistency check available
S_1413216	GCF_001262075.1	s__Ottowia_sp001262075	NA	NA	NA	0	NA	NA	NA	0	NA	NA	NA	NA	0	1	0	-	NA	fixed	NA	none	0	False	containment 0.00 < 0.5; only 0/1 enzymes produced a fit; no PTR estimate	BcgI:only 0 windows after outlier trimming	no enzyme produced a usable estimate
S_1413216	GCF_001263295.1	s__Agrobacterium_sp900013535	NA	NA	NA	0.0004178854994	NA	NA	NA	0	NA	NA	NA	NA	0	1	0	-	NA	fixed	NA	none	0	False	containment 0.00 < 0.5; only 0/1 enzymes produced a fit; no PTR estimate	BcgI:only 2 windows after outlier trimming	no enzyme produced a usable estimate
S_1413216	GCF_001274535.1	s__Leptotrichia_A_sp001274535	2.254029093	1.160650152	0.2322222222	0.2322580645	3.525300251	1.817746138	NA	155	0.9761541171	0.8619558778	0.128343661	3.507148614	1	1	1	BcgI	NA	fixed	217019.1056	glm	6	False	fraction 0.23 < 0.75; containment 0.23 < 0.5	-	single enzyme: no cross-enzyme consistency check available
S_1413216	GCF_001275345.1	s__Kocuria_palustris	NA	NA	NA	0.002838892832	NA	NA	NA	0	NA	NA	NA	NA	0	1	0	-	NA	fixed	NA	none	0	False	containment 0.00 < 0.5; only 0/1 enzymes produced a fit; no PTR estimate	BcgI:only 4 windows after outlier trimming	no enzyme produced a usable estimate
S_1413216	GCF_001276515.1	s__Haemophilus_sp001276515	14.82585086	4.340952381	0.2787251984	0.05976095618	8.825095014	3.141611811	NA	80	0.9890802301	1.914825949	-0.6113780853	6.894601707	1	1	1	BcgI	NA	fixed	1484810.722	glm	8	False	fraction 0.28 < 0.75; containment 0.06 < 0.5	-	single enzyme: no cross-enzyme consistency check available
S_1413216	GCF_001278845.1	s__Actinomyces_sp001278845	4.082554667	17.49187675	0.03078982597	0.01152737752	41.90815979	5.389159268	NA	747	0.9999953209	3.045814403	-0.5805272661	11.3588458	1	1	1	BcgI	NA	fixed	87353.62056	glm	9	False	fraction 0.03 < 0.75; dispersion 17.49 > 5.0; containment 0.01 < 0.5	-	single enzyme: no cross-enzyme consistency check available
S_1413216	GCF_001279145.1	s__Haemophilus_D_sp001679485	23.72468655	29.73878534	0.408391017	0.2767857143	3.418718282	1.773455543	NA	217	0.9989556933	1.051247291	-0.2869512861	3.833862372	1	1	1	BcgI	NA	fixed	874447.4192	glm	13	False	fraction 0.41 < 0.75; dispersion 29.74 > 5.0; containment 0.28 < 0.5	-	single enzyme: no cross-enzyme consistency check available
S_1413216	GCF_001299115.1	s__Achromobacter_xylosoxidans	NA	NA	NA	0	NA	NA	NA	0	NA	NA	NA	NA	0	1	0	-	NA	fixed	NA	none	0	False	containment 0.00 < 0.5; only 0/1 enzymes produced a fit; no PTR estimate	BcgI:only 0 windows after outlier trimming	no enzyme produced a usable estimate
S_1413216	GCF_001304655.1	s__Streptococcus_pseudopneumoniae	NA	NA	NA	0.07339449541	NA	NA	NA	0	NA	NA	NA	NA	0	1	0	-	NA	fixed	NA	none	0	False	containment 0.07 < 0.5; only 0/1 enzymes produced a fit; no PTR estimate	BcgI:only 17 anchors (< 30)	no enzyme produced a usable estimate
S_1413216	GCF_001308015.1	s__Neisseria_sp001308015	NA	NA	NA	0.001921844971	NA	NA	NA	0	NA	NA	NA	NA	0	1	0	-	NA	fixed	NA	none	0	False	containment 0.00 < 0.5; only 0/1 enzymes produced a fit; no PTR estimate	BcgI:only 1 windows after outlier trimming	no enzyme produced a usable estimate
S_1413216	GCF_001347015.1	s__Streptococcus_pneumoniae_E	NA	NA	NA	0.08695652174	NA	NA	NA	0	NA	NA	NA	NA	0	1	0	-	NA	fixed	NA	none	0	False	containment 0.09 < 0.5; only 0/1 enzymes produced a fit; no PTR estimate	BcgI:only 26 anchors (< 30)	no enzyme produced a usable estimate
S_1413216	GCF_001362535.1	s__Salmonella_enterica	NA	NA	NA	0	NA	NA	NA	0	NA	NA	NA	NA	0	1	0	-	NA	fixed	NA	none	0	False	containment 0.00 < 0.5; only 0/1 enzymes produced a fit; no PTR estimate	BcgI:only 0 windows after outlier trimming	no enzyme produced a usable estimate
S_1413216	GCF_001421985.1	s__Agrobacterium_sp900473305	NA	NA	NA	0	NA	NA	NA	0	NA	NA	NA	NA	0	1	0	-	NA	fixed	NA	none	0	False	containment 0.00 < 0.5; only 0/1 enzymes produced a fit; no PTR estimate	BcgI:only 0 windows after outlier trimming	no enzyme produced a usable estimate
S_1413216	GCF_001423155.1	s__Pseudomonas_E_ovata	NA	NA	NA	0.0001506024096	NA	NA	NA	0	NA	NA	NA	NA	0	1	0	-	NA	fixed	NA	none	0	False	containment 0.00 < 0.5; only 0/1 enzymes produced a fit; no PTR estimate	BcgI:only 1 windows after outlier trimming	no enzyme produced a usable estimate
S_1413216	GCF_001434465.1	s__Limosilactobacillus_oris	NA	NA	NA	0	NA	NA	NA	0	NA	NA	NA	NA	0	1	0	-	NA	fixed	NA	none	0	False	containment 0.00 < 0.5; only 0/1 enzymes produced a fit; no PTR estimate	BcgI:only 0 windows after outlier trimming	no enzyme produced a usable estimate
S_1413216	GCF_001444445.1	s__Prevotella_enoeca	4.311318685	3.19529735	0.02941176471	0.007562536358	1.750962041	0.808147808	NA	340	0.9467953059	1.340889653	-1.819947618	3.436243234	1	1	1	BcgI	NA	fixed	162133.42	glm	5	False	fraction 0.03 < 0.75; containment 0.01 < 0.5	-	single enzyme: no cross-enzyme consistency check available
S_1413216	GCF_001546595.1	s__Prevotella_corporis	NA	NA	NA	0.00252312868	NA	NA	NA	0	NA	NA	NA	NA	0	1	0	-	NA	fixed	NA	none	0	False	containment 0.00 < 0.5; only 0/1 enzymes produced a fit; no PTR estimate	BcgI:only 2 windows after outlier trimming	no enzyme produced a usable estimate
S_1413216	GCF_001546835.1	s__Streptococcus_sp000187445	23.80976519	48.74257279	0.2837763531	0.0985915493	2.883087074	1.527614409	NA	222	0.9999239859	2.012411054	-2.416638778	5.471867597	1	1	1	BcgI	NA	fixed	1185141.857	glm	13	False	fraction 0.28 < 0.75; dispersion 48.74 > 5.0; containment 0.10 < 0.5	-	single enzyme: no cross-enzyme consistency check available
S_1413216	GCF_001553215.1	s__Porphyromonas_pasteri	19.00799415	102.7758782	0.4818931465	0.4276377218	1.501870951	0.5867608539	NA	1719	0.9999698135	0.7004321818	-0.786060996	1.959582704	1	1	1	BcgI	NA	fixed	1470615.435	glm	28	False	fraction 0.48 < 0.75; dispersion 102.78 > 5.0; containment 0.43 < 0.5	-	single enzyme: no cross-enzyme consistency check available
S_1413216	GCF_001553285.1	s__Varibaculum_cambriense	NA	NA	NA	0	NA	NA	NA	0	NA	NA	NA	NA	0	1	0	-	NA	fixed	NA	none	0	False	containment 0.00 < 0.5; only 0/1 enzymes produced a fit; no PTR estimate	BcgI:only 0 windows after outlier trimming	no enzyme produced a usable estimate
S_1413216	GCF_001553645.1	s__Leptotrichia_sp001553645	NA	NA	NA	0.009661835749	NA	NA	NA	0	NA	NA	NA	NA	0	1	0	-	NA	fixed	NA	none	0	False	containment 0.01 < 0.5; only 0/1 enzymes produced a fit; no PTR estimate	BcgI:only 1 windows after outlier trimming	no enzyme produced a usable estimate
S_1413216	GCF_001553935.1	s__Actinomyces_oris_A	9.446392416	18.37105276	0.1365617433	0.1372812921	1.497005442	0.582079466	NA	1427	0.988464455	0.6098417304	-0.6131883619	1.777347294	1	1	1	BcgI	NA	fixed	358384.1156	glm	24	False	fraction 0.14 < 0.75; dispersion 18.37 > 5.0; containment 0.14 < 0.5	-	single enzyme: no cross-enzyme consistency check available
S_1413216	GCF_001556045.1	s__Bradyrhizobium_sp001556045	2.38029817	0.3611111111	0.03195737009	0.001924042162	3.734037945	1.900736588	NA	763	0.7956280043	0.9763335541	-0.01284201468	3.814315191	1	1	1	BcgI	NA	fixed	2311533.204	glm	9	False	fraction 0.03 < 0.75; containment 0.00 < 0.5	-	single enzyme: no cross-enzyme consistency check available
S_1413216	GCF_001557225.1	s__Streptococcus_sanguinis_C	14.69211166	0.125	0.08911993789	0.04954954955	7.209719116	2.849943054	NA	143	0.9908137317	1.019660491	0.8514452162	4.848440893	1	1	1	BcgI	NA	fixed	252315.925	glm	9	False	fraction 0.09 < 0.75; containment 0.05 < 0.5	-	single enzyme: no cross-enzyme consistency check available
S_1413216	GCF_001559795.1	s__Streptobacillus_hongkongensis	NA	NA	NA	0.02564102564	NA	NA	NA	0	NA	NA	NA	NA	0	1	0	-	NA	fixed	NA	none	0	False	containment 0.03 < 0.5; only 0/1 enzymes produced a fit; no PTR estimate	BcgI:only 1 windows after outlier trimming	no enzyme produced a usable estimate
S_1413216	GCF_001560895.1	s__Streptococcus_mitis_Q	NA	NA	NA	0.2150537634	NA	NA	NA	0	NA	NA	NA	NA	0	1	0	-	NA	fixed	NA	none	0	False	containment 0.22 < 0.5; only 0/1 enzymes produced a fit; no PTR estimate	BcgI:only 4 windows after outlier trimming	no enzyme produced a usable estimate
S_1413216	GCF_001578705.1	s__Streptococcus_oralis_J	79.87999297	157.939085	0.1188205128	0.1	13534.56951	13.72436138	NA	112	0.9998457107	4.849840531	4.218848608	23.22987415	1	1	1	BcgI	NA	fixed	1889562.666	glm	5	False	fraction 0.12 < 0.75; dispersion 157.94 > 5.0; containment 0.10 < 0.5	-	single enzyme: no cross-enzyme consistency check available
S_1413216	GCF_001578775.1	s__Streptococcus_cristatus_A	11.01474162	10.04551107	0.08013513514	0.0641509434	5.70172145	2.51139756	NA	212	0.9955526068	1.334377453	-0.1039341894	5.12672931	1	1	1	BcgI	NA	fixed	1608279.528	glm	8	False	fraction 0.08 < 0.75; dispersion 10.05 > 5.0; containment 0.06 < 0.5	-	single enzyme: no cross-enzyme consistency check available
S_1413216	GCF_001578945.1	s__Streptococcus_oralis_Q	NA	NA	NA	0.01470588235	NA	NA	NA	0	NA	NA	NA	NA	0	1	0	-	NA	fixed	NA	none	0	False	containment 0.01 < 0.5; only 0/1 enzymes produced a fit; no PTR estimate	BcgI:only 3 windows after outlier trimming	no enzyme produced a usable estimate
S_1413216	GCF_001579035.1	s__Streptococcus_mitis_J	NA	NA	NA	0.06097560976	NA	NA	NA	0	NA	NA	NA	NA	0	1	0	-	NA	fixed	NA	none	0	False	containment 0.06 < 0.5; only 0/1 enzymes produced a fit; no PTR estimate	BcgI:only 3 windows after outlier trimming	no enzyme produced a usable estimate
S_1413216	GCF_001579045.1	s__Streptococcus_mitis_D	NA	NA	NA	0.1052631579	NA	NA	NA	0	NA	NA	NA	NA	0	1	0	-	NA	fixed	NA	none	0	False	containment 0.11 < 0.5; only 0/1 enzymes produced a fit; no PTR estimate	BcgI:only 4 windows after outlier trimming	no enzyme produced a usable estimate
S_1413216	GCF_001579095.1	s__Streptococcus_oralis_H	NA	NA	NA	0.1791044776	NA	NA	NA	0	NA	NA	NA	NA	0	1	0	-	NA	fixed	NA	none	0	False	containment 0.18 < 0.5; only 0/1 enzymes produced a fit; no PTR estimate	BcgI:only 3 windows after outlier trimming	no enzyme produced a usable estimate
S_1413216	GCF_001579175.1	s__Streptococcus_oralis_O	NA	NA	NA	0.08208955224	NA	NA	NA	0	NA	NA	NA	NA	0	1	0	-	NA	fixed	NA	none	0	False	containment 0.08 < 0.5; only 0/1 enzymes produced a fit; no PTR estimate	BcgI:only 4 windows after outlier trimming	no enzyme produced a usable estimate
S_1413216	GCF_001579525.1	s__Streptococcus_oralis_M	NA	NA	NA	0.05102040816	NA	NA	NA	0	NA	NA	NA	NA	0	1	0	-	NA	fixed	NA	none	0	False	containment 0.05 < 0.5; only 0/1 enzymes produced a fit; no PTR estimate	BcgI:only 2 windows after outlier trimming	no enzyme produced a usable estimate
S_1413216	GCF_001579645.1	s__Streptococcus_infantis_E	88.86315271	168.0484369	0.4009150507	0.2916666667	2.292738517	1.197071827	NA	115	0.9999804724	2.542673912	-3.786477464	6.180621119	1	1	1	BcgI	NA	fixed	1241010.776	glm	9	False	fraction 0.40 < 0.75; dispersion 168.05 > 5.0; containment 0.29 < 0.5	-	single enzyme: no cross-enzyme consistency check available
S_1413216	GCF_001586195.1	s__Solibacillus_silvestris	NA	NA	NA	0	NA	NA	NA	0	NA	NA	NA	NA	0	1	0	-	NA	fixed	NA	none	0	False	containment 0.00 < 0.5; only 0/1 enzymes produced a fit; no PTR estimate	BcgI:only 0 windows after outlier trimming	no enzyme produced a usable estimate
S_1413216	GCF_001588645.1	s__Streptococcus_oralis_AB	NA	NA	NA	0.06666666667	NA	NA	NA	0	NA	NA	NA	NA	0	1	0	-	NA	fixed	NA	none	0	False	containment 0.07 < 0.5; only 0/1 enzymes produced a fit; no PTR estimate	BcgI:only 4 windows after outlier trimming	no enzyme produced a usable estimate
S_1413216	GCF_001588895.1	s__Streptococcus_sanguinis_H	16.26861912	14.4458514	0.1459831493	0.1229508197	5.120237272	2.356210666	NA	233	0.9960398821	0.9320589741	0.5294086454	4.183012687	1	1	1	BcgI	NA	fixed	1897242.847	glm	12	False	fraction 0.15 < 0.75; dispersion 14.45 > 5.0; containment 0.12 < 0.5	-	single enzyme: no cross-enzyme consistency check available
S_1413216	GCF_001589145.1	s__Streptococcus_gordonii	13.55885979	14.15102604	0.1901495726	0.1901639344	2.138599288	1.096666188	NA	305	0.9804393031	0.7322714292	-0.3385594401	2.531891816	1	1	1	BcgI	NA	fixed	412802.0472	glm	14	False	fraction 0.19 < 0.75; dispersion 14.15 > 5.0; containment 0.19 < 0.5	-	single enzyme: no cross-enzyme consistency check available
S_1413216	GCF_001592185.1	s__Neisseria_denitrificans	NA	NA	NA	0.001143510577	NA	NA	NA	0	NA	NA	NA	NA	0	1	0	-	NA	fixed	NA	none	0	False	containment 0.00 < 0.5; only 0/1 enzymes produced a fit; no PTR estimate	BcgI:only 1 windows after outlier trimming	no enzyme produced a usable estimate
S_1413216	GCF_001592265.1	s__Hylemonella_delicata	NA	NA	NA	0.0009825595677	NA	NA	NA	0	NA	NA	NA	NA	0	1	0	-	NA	fixed	NA	none	0	False	containment 0.00 < 0.5; only 0/1 enzymes produced a fit; no PTR estimate	BcgI:only 3 windows after outlier trimming	no enzyme produced a usable estimate
S_1413216	GCF_001597285.1	s__Pseudomonas_E_alcaligenes	NA	NA	NA	0.0002194907814	NA	NA	NA	0	NA	NA	NA	NA	0	1	0	-	NA	fixed	NA	none	0	False	containment 0.00 < 0.5; only 0/1 enzymes produced a fit; no PTR estimate	BcgI:only 0 windows after outlier trimming	no enzyme produced a usable estimate
S_1413216	GCF_001618085.1	s__Neisseria_flavescens_C	320.4217183	609.9285217	0.2072741248	0.09504132231	13.92087481	3.79917797	NA	388	1	1.533395966	0.7937771021	6.804578838	1	1	1	BcgI	NA	fixed	1336892.48	glm	23	False	fraction 0.21 < 0.75; dispersion 609.93 > 5.0; containment 0.10 < 0.5	-	single enzyme: no cross-enzyme consistency check available
S_1413216	GCF_001619955.1	s__Sphingomonas_hankookensis	NA	NA	NA	0	NA	NA	NA	0	NA	NA	NA	NA	0	1	0	-	NA	fixed	NA	none	0	False	containment 0.00 < 0.5; only 0/1 enzymes produced a fit; no PTR estimate	BcgI:only 0 windows after outlier trimming	no enzyme produced a usable estimate
S_1413216	GCF_001638925.1	s__Sphingomonas_aquatilis	NA	NA	NA	0	NA	NA	NA	0	NA	NA	NA	NA	0	1	0	-	NA	fixed	NA	none	0	False	containment 0.00 < 0.5; only 0/1 enzymes produced a fit; no PTR estimate	BcgI:only 0 windows after outlier trimming	no enzyme produced a usable estimate
S_1413216	GCF_001639395.1	s__Streptococcus_oralis_S	NA	NA	NA	0.1323529412	NA	NA	NA	0	NA	NA	NA	NA	0	1	0	-	NA	fixed	NA	none	0	False	containment 0.13 < 0.5; only 0/1 enzymes produced a fit; no PTR estimate	BcgI:only 4 windows after outlier trimming	no enzyme produced a usable estimate
S_1413216	GCF_001648355.1	s__Eikenella_longinqua	NA	NA	NA	0.001969796454	NA	NA	NA	0	NA	NA	NA	NA	0	1	0	-	NA	fixed	NA	none	0	False	containment 0.00 < 0.5; only 0/1 enzymes produced a fit; no PTR estimate	BcgI:only 1 windows after outlier trimming	no enzyme produced a usable estimate
S_1413216	GCF_001648425.1	s__Eikenella_exigua	NA	NA	NA	0.008670520231	NA	NA	NA	0	NA	NA	NA	NA	0	1	0	-	NA	fixed	NA	none	0	False	containment 0.01 < 0.5; only 0/1 enzymes produced a fit; no PTR estimate	BcgI:only 3 windows after outlier trimming	no enzyme produced a usable estimate
S_1413216	GCF_001648475.1	s__Eikenella_halliae	2.997996607	3.65355223	0.0625229117	0.04450041982	2.606554074	1.382143789	NA	838	0.8922220528	1.09943532	-0.7727098409	3.53699742	1	1	1	BcgI	NA	fixed	1412052.245	glm	18	False	fraction 0.06 < 0.75; containment 0.04 < 0.5	-	single enzyme: no cross-enzyme consistency check available
S_1413216	GCF_001650315.1	s__Streptococcus_sp001650315	NA	NA	NA	0.115942029	NA	NA	NA	0	NA	NA	NA	NA	0	1	0	-	NA	fixed	NA	none	0	False	containment 0.12 < 0.5; only 0/1 enzymes produced a fit; no PTR estimate	BcgI:only 4 windows after outlier trimming	no enzyme produced a usable estimate
S_1413216	GCF_001653935.1	s__Ralstonia_insidiosa	NA	NA	NA	0.001138581653	NA	NA	NA	0	NA	NA	NA	NA	0	1	0	-	NA	fixed	NA	none	0	False	containment 0.00 < 0.5; only 0/1 enzymes produced a fit; no PTR estimate	BcgI:only 3 windows after outlier trimming	no enzyme produced a usable estimate
S_1413216	GCF_001665295.1	s__Mycobacterium_sp001665295	NA	NA	NA	0.000877706261	NA	NA	NA	0	NA	NA	NA	NA	0	1	0	-	NA	fixed	NA	none	0	False	containment 0.00 < 0.5; only 0/1 enzymes produced a fit; no PTR estimate	BcgI:only 4 windows after outlier trimming	no enzyme produced a usable estimate
S_1413216	GCF_001665715.1	s__Gordonia_sputi	NA	NA	NA	0	NA	NA	NA	0	NA	NA	NA	NA	0	1	0	-	NA	fixed	NA	none	0	False	containment 0.00 < 0.5; only 0/1 enzymes produced a fit; no PTR estimate	BcgI:only 0 windows after outlier trimming	no enzyme produced a usable estimate
S_1413216	GCF_001665955.1	s__Corynebacterium_pseudodiphtheriticum	5.343574312	6.140837682	0.1680585005	0.1247175779	1.820124419	0.8640370729	NA	1908	0.986087446	0.7954341151	-0.6949851448	2.423059291	1	1	1	BcgI	NA	fixed	1671758.095	glm	52	False	fraction 0.17 < 0.75; dispersion 6.14 > 5.0; containment 0.12 < 0.5	-	single enzyme: no cross-enzyme consistency check available
S_1413216	GCF_001679155.1	s__Moraxella_nonliquefaciens	NA	NA	NA	0.001331557923	NA	NA	NA	0	NA	NA	NA	NA	0	1	0	-	NA	fixed	NA	none	0	False	containment 0.00 < 0.5; only 0/1 enzymes produced a fit; no PTR estimate	BcgI:only 1 windows after outlier trimming	no enzyme produced a usable estimate
S_1413216	GCF_001679325.1	s__Haemophilus_D_parainfluenzae	56.14163963	112.345947	0.4360600902	0.3289036545	471.923895	8.882410411	NA	290	1	2.352210779	4.272162	13.49265882	1	1	1	BcgI	NA	fixed	1846138.168	glm	18	False	fraction 0.44 < 0.75; dispersion 112.35 > 5.0; containment 0.33 < 0.5	-	single enzyme: no cross-enzyme consistency check available
S_1413216	GCF_001683335.1	s__Centipeda_sp001683335	1.951088741	1.285714286	0.012	0.002440347072	10.38015959	3.375756719	NA	500	0.9155974525	1.48405605	0.4670603108	6.284453127	1	1	1	BcgI	NA	fixed	983552.2933	glm	5	False	fraction 0.01 < 0.75; containment 0.00 < 0.5	-	single enzyme: no cross-enzyme consistency check available
S_1413216	GCF_001683355.1	s__Prevotella_scopos	5.925287901	8.236248974	0.3781103469	0.3829516539	1.727942935	0.7890555734	NA	693	0.9942361588	0.4890693438	-0.1695027263	1.747613873	1	1	1	BcgI	NA	fixed	1122173.007	glm	23	False	fraction 0.38 < 0.75; dispersion 8.24 > 5.0; containment 0.38 < 0.5	-	single enzyme: no cross-enzyme consistency check available
S_1413216	GCF_001702075.1	s__Haemophilus_quentini	13.77690733	13.10077191	0.2960433085	0.09904153355	1.392895907	0.4780874475	NA	148	0.7052028135	1.619637843	-2.696344392	3.652519287	1	1	1	BcgI	NA	fixed	1169397.405	glm	15	False	fraction 0.30 < 0.75; dispersion 13.10 > 5.0; containment 0.10 < 0.5	-	single enzyme: no cross-enzyme consistency check available
S_1413216	GCF_001717525.2	s__Tannerella_sp003033925	1.903848158	1.436474793	0.06493506494	0.05965909091	1.391891961	0.4770472336	NA	2156	0.9599002584	0.4455757001	-0.3962650909	1.350359558	1	1	1	BcgI	NA	fixed	2295056.449	glm	22	False	fraction 0.06 < 0.75; containment 0.06 < 0.5	-	single enzyme: no cross-enzyme consistency check available
S_1413216	GCF_001717585.1	s__Centipeda_sp001717585	1.860167508	1.65	0.01428571429	0.007783417936	2.708649261	1.437573593	NA	700	0.6551659039	2.046263696	-2.573029553	5.448176739	1	1	1	BcgI	NA	fixed	2360362.579	glm	7	False	fraction 0.01 < 0.75; containment 0.01 < 0.5	-	single enzyme: no cross-enzyme consistency check available
S_1413216	GCF_001721245.1	s__Sphingobium_yanoikuyae	NA	NA	NA	0.0006232082762	NA	NA	NA	0	NA	NA	NA	NA	0	1	0	-	NA	fixed	NA	none	0	False	containment 0.00 < 0.5; only 0/1 enzymes produced a fit; no PTR estimate	BcgI:only 1 windows after outlier trimming	no enzyme produced a usable estimate
S_1413216	GCF_001807315.1	s__Corynebacterium_simulans	NA	NA	NA	0.0003929273084	NA	NA	NA	0	NA	NA	NA	NA	0	1	0	-	NA	fixed	NA	none	0	False	containment 0.00 < 0.5; only 0/1 enzymes produced a fit; no PTR estimate	BcgI:only 0 windows after outlier trimming	no enzyme produced a usable estimate
S_1413216	GCF_001807385.1	s__Brachybacterium_paraconglomeratum	NA	NA	NA	0.000924000924	NA	NA	NA	0	NA	NA	NA	NA	0	1	0	-	NA	fixed	NA	none	0	False	containment 0.00 < 0.5; only 0/1 enzymes produced a fit; no PTR estimate	BcgI:only 2 windows after outlier trimming	no enzyme produced a usable estimate
S_1413216	GCF_001808255.1	s__Neisseria_subflava_A	162.4558925	247.1867258	0.1724874254	0.1045081967	5.259067511	2.394807017	NA	412	0.9998268241	1.240720834	-0.03696113266	4.826575166	1	1	1	BcgI	NA	fixed	1743604.981	glm	21	False	fraction 0.17 < 0.75; dispersion 247.19 > 5.0; containment 0.10 < 0.5	-	single enzyme: no cross-enzyme consistency check available
S_1413216	GCF_001808705.1	s__Streptococcus_sp001808705	7.73583165	11.78375859	0.4527777778	0.2396694215	12.30690764	3.621396396	NA	52	0.9973249181	2.63546384	-1.544017812	8.786810604	1	1	1	BcgI	NA	fixed	148036.315	glm	9	False	fraction 0.45 < 0.75; dispersion 11.78 > 5.0; containment 0.24 < 0.5	-	single enzyme: no cross-enzyme consistency check available
S_1413216	GCF_001808865.1	s__Streptococcus_sp001553685	9.959774691	18.15371041	0.4533531746	0.2571428571	10.62974027	3.410034441	NA	67	0.9995566592	2.015811241	-0.540882991	7.360951873	1	1	1	BcgI	NA	fixed	795423.02	glm	10	False	fraction 0.45 < 0.75; dispersion 18.15 > 5.0; containment 0.26 < 0.5	-	single enzyme: no cross-enzyme consistency check available
S_1413216	GCF_001808875.1	s__Neisseria_sicca_A	37.57399642	24.01536627	0.15250397	0.02900552486	1.96052221	0.9712379855	NA	201	0.9867627584	1.48261521	-1.934634428	3.877110399	1	1	1	BcgI	NA	fixed	1951962.407	glm	11	False	fraction 0.15 < 0.75; dispersion 24.02 > 5.0; containment 0.03 < 0.5	-	single enzyme: no cross-enzyme consistency check available
S_1413216	GCF_001809325.1	s__Neisseria_sp001809325	21.67990888	6.395540797	0.1742857143	0.04213938412	5.535301805	2.46866198	NA	158	0.9861066454	1.672296293	-0.8089785252	5.746302486	1	1	1	BcgI	NA	fixed	2423016.847	glm	14	False	fraction 0.17 < 0.75; dispersion 6.40 > 5.0; containment 0.04 < 0.5	-	single enzyme: no cross-enzyme consistency check available
S_1413216	GCF_001810035.1	s__Neisseria_subflava_C	65.57407407	129.1408434	0.1739373499	0.1094091904	9.086539852	3.183731022	NA	337	0.9998050295	0.8057581365	1.604474094	4.76298795	1	1	1	BcgI	NA	fixed	110331.3	glm	18	False	fraction 0.17 < 0.75; dispersion 129.14 > 5.0; containment 0.11 < 0.5	-	single enzyme: no cross-enzyme consistency check available
S_1413216	GCF_001810785.1	s__Streptococcus_sp001810785	NA	NA	NA	0.1090909091	NA	NA	NA	0	NA	NA	NA	NA	0	1	0	-	NA	fixed	NA	none	0	False	containment 0.11 < 0.5; only 0/1 enzymes produced a fit; no PTR estimate	BcgI:only 3 windows after outlier trimming	no enzyme produced a usable estimate
S_1413216	GCF_001811505.1	s__Streptococcus_sp001811505	11.76775028	9.404671794	0.454138322	0.3037037037	4.513614542	2.174283219	NA	110	0.9950674952	1.16587941	-0.1107984342	4.459364873	1	1	1	BcgI	NA	fixed	1619879.783	glm	21	False	fraction 0.45 < 0.75; dispersion 9.40 > 5.0; containment 0.30 < 0.5	-	single enzyme: no cross-enzyme consistency check available
S_1413216	GCF_001812965.1	s__Actinomyces_oris_C	3.481687466	3.466376984	0.1319744399	0.08566433566	1.448696889	0.5347557715	NA	1454	0.7803186845	0.7915915811	-1.016735218	2.086246761	1	1	1	BcgI	NA	fixed	2033873.34	glm	37	False	fraction 0.13 < 0.75; containment 0.09 < 0.5	-	single enzyme: no cross-enzyme consistency check available
S_1413216	GCF_001812975.1	s__Rothia_mucilaginosa	236.352114	796.1504301	0.2766830167	0.2251256281	6.696467467e+21	72.50389024	NA	993	1	0.7140580332	71.10436221	73.90341826	1	1	1	BcgI	NA	fixed	220540.0328	glm	37	False	fraction 0.28 < 0.75; dispersion 796.15 > 5.0; containment 0.23 < 0.5	-	single enzyme: no cross-enzyme consistency check available
S_1413216	GCF_001813205.1	s__Lancefieldella_rimae	7.443805575	10.48138488	0.2739979066	0.2813397129	1.593202185	0.671929363	NA	963	0.9927994822	0.5047982496	-0.3174570258	1.661315752	1	1	1	BcgI	NA	fixed	1066951.719	glm	24	False	fraction 0.27 < 0.75; dispersion 10.48 > 5.0; containment 0.28 < 0.5	-	single enzyme: no cross-enzyme consistency check available
S_1413216	GCF_001813295.1	s__Streptococcus_parasanguinis_B	17.10763373	34.98453988	0.4256617862	0.2547169811	4.732866118	2.242714112	NA	173	0.9968673205	1.295839742	-0.2970851111	4.782513335	1	1	1	BcgI	NA	fixed	181328.7825	glm	12	False	fraction 0.43 < 0.75; dispersion 34.98 > 5.0; containment 0.25 < 0.5	-	single enzyme: no cross-enzyme consistency check available
S_1413216	GCF_001814135.1	s__Neisseria_sp000952795	41.9473703	109.5052411	0.3230171127	0.09615384615	37.97040785	5.24680359	NA	181	0.9997236489	2.007124664	1.312911537	9.180695644	1	1	1	BcgI	NA	fixed	1402241.124	glm	17	False	fraction 0.32 < 0.75; dispersion 109.51 > 5.0; containment 0.10 < 0.5	-	single enzyme: no cross-enzyme consistency check available
S_1413216	GCF_001814145.1	s__Prevotella_conceptionensis	2.03391944	0.9996854102	0.07121667017	0.05817287997	1.129146515	0.1752326984	NA	1822	0.6435324848	0.4447251471	-0.6964125729	1.04687797	1	1	1	BcgI	NA	fixed	614907.4433	glm	42	False	fraction 0.07 < 0.75; containment 0.06 < 0.5	-	single enzyme: no cross-enzyme consistency check available
S_1413216	GCF_001814295.1	s__Streptococcus_constellatus	2.681713769	2.219047619	0.1038354978	0.04666666667	5.01209001	2.325412324	NA	96	0.7181528999	0.9278074074	0.5069432204	4.143881427	1	1	1	BcgI	NA	fixed	189760.9067	glm	5	False	fraction 0.10 < 0.75; containment 0.05 < 0.5	-	single enzyme: no cross-enzyme consistency check available
S_1413216	GCF_001814405.1	s__Lacticaseibacillus_rhamnosus	NA	NA	NA	0	NA	NA	NA	0	NA	NA	NA	NA	0	1	0	-	NA	fixed	NA	none	0	False	containment 0.00 < 0.5; only 0/1 enzymes produced a fit; no PTR estimate	BcgI:only 0 windows after outlier trimming	no enzyme produced a usable estimate
S_1413216	GCF_001814685.1	s__Prevotella_oris	6.357757293	9.331828181	0.409452297	0.3278911565	3.149761119	1.655242417	NA	1338	0.9985929991	0.6344139534	0.4118139175	2.898670917	1	1	1	BcgI	NA	fixed	2051866.517	glm	52	False	fraction 0.41 < 0.75; dispersion 9.33 > 5.0; containment 0.33 < 0.5	-	single enzyme: no cross-enzyme consistency check available
S_1413216	GCF_001814775.1	s__Streptococcus_sp001814775	10.75647158	23.22382526	0.3460889581	0.2702702703	7.457663137	2.898723632	NA	158	0.9997446596	1.356361055	0.2403048133	5.557142451	1	1	1	BcgI	NA	fixed	1024939.979	glm	13	False	fraction 0.35 < 0.75; dispersion 23.22 > 5.0; containment 0.27 < 0.5	-	single enzyme: no cross-enzyme consistency check available
S_1413216	GCF_001815355.1	s__Haemophilus_D_sp001815355	24.7729788	61.84547096	0.3695116487	0.27	36.31994441	5.182690089	NA	196	0.9997302193	1.495299091	2.251957725	8.113422454	1	1	1	BcgI	NA	fixed	1755989.377	glm	12	False	fraction 0.37 < 0.75; dispersion 61.85 > 5.0; containment 0.27 < 0.5	-	single enzyme: no cross-enzyme consistency check available
S_1413216	GCF_001815675.1	s__Neisseria_sp001815675	19.62351542	41.05675143	0.7282710257	0.6351039261	2.038729962	1.027670697	NA	357	0.9996765323	0.8032585914	-0.546687212	2.602028607	1	1	1	BcgI	NA	fixed	725284.56	glm	47	False	fraction 0.73 < 0.75; dispersion 41.06 > 5.0	-	single enzyme: no cross-enzyme consistency check available
S_1413216	GCF_001815715.1	s__Fusobacterium_polymorphum	NA	NA	NA	0	NA	NA	NA	0	NA	NA	NA	NA	0	1	0	-	NA	fixed	NA	none	0	False	containment 0.00 < 0.5; only 0/1 enzymes produced a fit; no PTR estimate	BcgI:only 0 windows after outlier trimming	no enzyme produced a usable estimate
S_1413216	GCF_001815865.1	s__Abiotrophia_sp001815865	36.68370552	132.738635	0.4721888998	0.3805104408	2.211665452	1.145133172	NA	426	0.9995109602	1.002523409	-0.8197766031	3.110042948	1	1	1	BcgI	NA	fixed	271999.0233	glm	23	False	fraction 0.47 < 0.75; dispersion 132.74 > 5.0; containment 0.38 < 0.5	-	single enzyme: no cross-enzyme consistency check available
S_1413216	GCF_001836315.1	s__Neisseria_flavescens_A	123.3708333	258.1943336	0.1205836717	0.1098398169	7.688398899	2.94268319	NA	369	1	1.189462859	0.6113788253	5.273987554	1	1	1	BcgI	NA	fixed	1542609.857	glm	16	False	fraction 0.12 < 0.75; dispersion 258.19 > 5.0; containment 0.11 < 0.5	-	single enzyme: no cross-enzyme consistency check available
S_1413216	GCF_001837905.1	s__Streptococcus_sp900766505	8.152213446	8.233267298	0.385978836	0.2571428571	3.422702245	1.775135792	NA	117	0.9980695928	1.432618776	-1.032745412	4.583016996	1	1	1	BcgI	NA	fixed	1159924.246	glm	9	False	fraction 0.39 < 0.75; dispersion 8.23 > 5.0; containment 0.26 < 0.5	-	single enzyme: no cross-enzyme consistency check available
S_1413216	GCF_001929365.1	s__Actinomyces_oris	7.904504248	11.79187305	0.2782998424	0.2123056119	4.080060614	2.028590585	NA	1347	0.9981020642	0.6625555748	0.7300055208	3.32717565	1	1	1	BcgI	NA	fixed	1040178.956	glm	46	False	fraction 0.28 < 0.75; dispersion 11.79 > 5.0; containment 0.21 < 0.5	-	single enzyme: no cross-enzyme consistency check available
S_1413216	GCF_001937595.1	s__Actinomyces_naeslundii	9.269863951	17.6992668	0.2597429942	0.2544404973	1.182580872	0.2419388471	NA	1968	0.756845888	0.6622680871	-1.056082752	1.539960446	1	1	1	BcgI	NA	fixed	399409.5267	glm	37	False	fraction 0.26 < 0.75; dispersion 17.70 > 5.0; containment 0.25 < 0.5	-	single enzyme: no cross-enzyme consistency check available
S_1413216	GCF_001937655.1	s__Actinomyces_oris_B	16.84862563	11.10536308	0.1577490984	0.0293040293	4.652048352	2.217866092	NA	454	0.9994665279	1.484088247	-0.6908934221	5.126625606	1	1	1	BcgI	NA	fixed	1387641.507	glm	32	False	fraction 0.16 < 0.75; dispersion 11.11 > 5.0; containment 0.03 < 0.5	-	single enzyme: no cross-enzyme consistency check available
S_1413216	GCF_001937665.1	s__Actinomyces_oris_D	3.391018447	5.766661798	0.154864499	0.1590389016	2.875538139	1.523831973	NA	1286	0.9969439983	0.9257143365	-0.2905347868	3.338198732	1	1	1	BcgI	NA	fixed	1662115.308	glm	33	False	fraction 0.15 < 0.75; dispersion 5.77 > 5.0; containment 0.16 < 0.5	-	single enzyme: no cross-enzyme consistency check available
S_1413216	GCF_001937675.1	s__Actinomyces_oris_E	3.075295236	2.798381021	0.1340178035	0.1091988131	2.119291412	1.083581978	NA	1511	0.9744637234	0.580014107	-0.0532247818	2.220388739	1	1	1	BcgI	NA	fixed	1161828.072	glm	37	False	fraction 0.13 < 0.75; containment 0.11 < 0.5	-	single enzyme: no cross-enzyme consistency check available
S_1413216	GCF_001998825.1	s__Rodentibacter_mrazii	NA	NA	NA	0.002447980416	NA	NA	NA	0	NA	NA	NA	NA	0	1	0	-	NA	fixed	NA	none	0	False	containment 0.00 < 0.5; only 0/1 enzymes produced a fit; no PTR estimate	BcgI:only 2 windows after outlier trimming	no enzyme produced a usable estimate
S_1413216	GCF_002005545.1	s__Streptococcus_mitis_I	NA	NA	NA	0.04166666667	NA	NA	NA	0	NA	NA	NA	NA	0	1	0	-	NA	fixed	NA	none	0	False	containment 0.04 < 0.5; only 0/1 enzymes produced a fit; no PTR estimate	BcgI:only 2 windows after outlier trimming	no enzyme produced a usable estimate
S_1413216	GCF_002014765.1	s__Moraxella_C_lincolnii	NA	NA	NA	0	NA	NA	NA	0	NA	NA	NA	NA	0	1	0	-	NA	fixed	NA	none	0	False	containment 0.00 < 0.5; only 0/1 enzymes produced a fit; no PTR estimate	BcgI:only 0 windows after outlier trimming	no enzyme produced a usable estimate
S_1413216	GCF_002014795.1	s__Streptococcus_mitis_AQ	NA	NA	NA	0.1150442478	NA	NA	NA	0	NA	NA	NA	NA	0	1	0	-	NA	fixed	NA	none	0	False	containment 0.12 < 0.5; only 0/1 enzymes produced a fit; no PTR estimate	BcgI:only 3 windows after outlier trimming	no enzyme produced a usable estimate
S_1413216	GCF_002092855.1	s__Campylobacter_A_concisus_I	NA	NA	NA	0.02654867257	NA	NA	NA	0	NA	NA	NA	NA	0	1	0	-	NA	fixed	NA	none	0	False	containment 0.03 < 0.5; only 0/1 enzymes produced a fit; no PTR estimate	BcgI:only 3 windows after outlier trimming	no enzyme produced a usable estimate
S_1413216	GCF_002093515.1	s__Streptococcus_oralis_E	NA	NA	NA	0.01694915254	NA	NA	NA	0	NA	NA	NA	NA	0	1	0	-	NA	fixed	NA	none	0	False	containment 0.02 < 0.5; only 0/1 enzymes produced a fit; no PTR estimate	BcgI:only 1 windows after outlier trimming	no enzyme produced a usable estimate
S_1413216	GCF_002093545.1	s__Streptococcus_oralis_C	NA	NA	NA	0.0325203252	NA	NA	NA	0	NA	NA	NA	NA	0	1	0	-	NA	fixed	NA	none	0	False	containment 0.03 < 0.5; only 0/1 enzymes produced a fit; no PTR estimate	BcgI:only 2 windows after outlier trimming	no enzyme produced a usable estimate
S_1413216	GCF_002093575.1	s__Streptococcus_oralis_W	NA	NA	NA	0.048	NA	NA	NA	0	NA	NA	NA	NA	0	1	0	-	NA	fixed	NA	none	0	False	containment 0.05 < 0.5; only 0/1 enzymes produced a fit; no PTR estimate	BcgI:only 4 windows after outlier trimming	no enzyme produced a usable estimate
S_1413216	GCF_002096335.1	s__Streptococcus_oralis_Z	NA	NA	NA	0.08823529412	NA	NA	NA	0	NA	NA	NA	NA	0	1	0	-	NA	fixed	NA	none	0	False	containment 0.09 < 0.5; only 0/1 enzymes produced a fit; no PTR estimate	BcgI:only 4 windows after outlier trimming	no enzyme produced a usable estimate
S_1413216	GCF_002096355.1	s__Streptococcus_oralis_T	NA	NA	NA	0.02912621359	NA	NA	NA	0	NA	NA	NA	NA	0	1	0	-	NA	fixed	NA	none	0	False	containment 0.03 < 0.5; only 0/1 enzymes produced a fit; no PTR estimate	BcgI:only 2 windows after outlier trimming	no enzyme produced a usable estimate
S_1413216	GCF_002096435.1	s__Streptococcus_oralis_AA	52.5999998	107.4385965	0.4854166667	0.08333333333	22.93986492	4.519784991	NA	50	0.9982515564	1.83652573	0.9202607041	8.119309279	1	1	1	BcgI	NA	fixed	531848.9472	glm	5	False	fraction 0.49 < 0.75; dispersion 107.44 > 5.0; containment 0.08 < 0.5	-	single enzyme: no cross-enzyme consistency check available
S_1413216	GCF_002096445.1	s__Streptococcus_oralis_N	NA	NA	NA	0.1818181818	NA	NA	NA	0	NA	NA	NA	NA	0	1	0	-	NA	fixed	NA	none	0	False	containment 0.18 < 0.5; only 0/1 enzymes produced a fit; no PTR estimate	BcgI:only 4 windows after outlier trimming	no enzyme produced a usable estimate
S_1413216	GCF_002096595.1	s__Streptococcus_oralis_D	NA	NA	NA	0.1136363636	NA	NA	NA	0	NA	NA	NA	NA	0	1	0	-	NA	fixed	NA	none	0	False	containment 0.11 < 0.5; only 0/1 enzymes produced a fit; no PTR estimate	BcgI:only 4 windows after outlier trimming	no enzyme produced a usable estimate
S_1413216	GCF_002096615.1	s__Streptococcus_oralis_U	NA	NA	NA	0.03571428571	NA	NA	NA	0	NA	NA	NA	NA	0	1	0	-	NA	fixed	NA	none	0	False	containment 0.04 < 0.5; only 0/1 enzymes produced a fit; no PTR estimate	BcgI:only 3 windows after outlier trimming	no enzyme produced a usable estimate
S_1413216	GCF_002096685.1	s__Streptococcus_oralis_AD	NA	NA	NA	0.05479452055	NA	NA	NA	0	NA	NA	NA	NA	0	1	0	-	NA	fixed	NA	none	0	False	containment 0.05 < 0.5; only 0/1 enzymes produced a fit; no PTR estimate	BcgI:only 2 windows after outlier trimming	no enzyme produced a usable estimate
S_1413216	GCF_002096695.1	s__Streptococcus_dentisani	NA	NA	NA	0.2580645161	NA	NA	NA	0	NA	NA	NA	NA	0	1	0	-	NA	fixed	NA	none	0	False	containment 0.26 < 0.5; only 0/1 enzymes produced a fit; no PTR estimate	BcgI:only 4 windows after outlier trimming	no enzyme produced a usable estimate
S_1413216	GCF_002096815.1	s__Streptococcus_mitis_AD	NA	NA	NA	0.08860759494	NA	NA	NA	0	NA	NA	NA	NA	0	1	0	-	NA	fixed	NA	none	0	False	containment 0.09 < 0.5; only 0/1 enzymes produced a fit; no PTR estimate	BcgI:only 3 windows after outlier trimming	no enzyme produced a usable estimate
S_1413216	GCF_002096835.1	s__Streptococcus_mitis_W	599.3969802	856.3098901	0.2966666667	0.1475409836	7.110041107e+10	36.04913885	NA	40	1	3.261108917	29.65748282	42.44079488	1	1	1	BcgI	NA	fixed	574929.3731	glm	5	False	fraction 0.30 < 0.75; dispersion 856.31 > 5.0; containment 0.15 < 0.5	-	single enzyme: no cross-enzyme consistency check available
S_1413216	GCF_002096845.1	s__Streptococcus_mitis_A	207.3787954	123.925	0.3452380952	0.119047619	19.66682318	4.29769203	NA	36	0.9994894693	1.287976388	1.773304697	6.822079363	1	1	1	BcgI	NA	fixed	135913.4833	glm	7	False	fraction 0.35 < 0.75; dispersion 123.93 > 5.0; containment 0.12 < 0.5	-	single enzyme: no cross-enzyme consistency check available
S_1413216	GCF_002096855.1	s__Streptococcus_mitis_Y	96.0726697	278.6300051	0.1858946609	0.1111111111	11.20285191	3.485794141	NA	65	0.9991041183	1.97181025	-0.3788829332	7.350471215	1	1	1	BcgI	NA	fixed	1404252.468	glm	7	False	fraction 0.19 < 0.75; dispersion 278.63 > 5.0; containment 0.11 < 0.5	-	single enzyme: no cross-enzyme consistency check available
S_1413216	GCF_002096895.1	s__Streptococcus_mitis_AH	NA	NA	NA	0.05555555556	NA	NA	NA	0	NA	NA	NA	NA	0	1	0	-	NA	fixed	NA	none	0	False	containment 0.06 < 0.5; only 0/1 enzymes produced a fit; no PTR estimate	BcgI:only 2 windows after outlier trimming	no enzyme produced a usable estimate
S_1413216	GCF_002096925.1	s__Streptococcus_mitis_AF	NA	NA	NA	0.06666666667	NA	NA	NA	0	NA	NA	NA	NA	0	1	0	-	NA	fixed	NA	none	0	False	containment 0.07 < 0.5; only 0/1 enzymes produced a fit; no PTR estimate	BcgI:only 3 windows after outlier trimming	no enzyme produced a usable estimate
S_1413216	GCF_002108505.1	s__Neisseria_dumasiana	NA	NA	NA	0.001196888091	NA	NA	NA	0	NA	NA	NA	NA	0	1	0	-	NA	fixed	NA	none	0	False	containment 0.00 < 0.5; only 0/1 enzymes produced a fit; no PTR estimate	BcgI:only 2 windows after outlier trimming	no enzyme produced a usable estimate
S_1413216	GCF_002108595.1	s__Neisseria_dentiae	NA	NA	NA	0	NA	NA	NA	0	NA	NA	NA	NA	0	1	0	-	NA	fixed	NA	none	0	False	containment 0.00 < 0.5; only 0/1 enzymes produced a fit; no PTR estimate	BcgI:only 0 windows after outlier trimming	no enzyme produced a usable estimate
S_1413216	GCF_002127225.1	s__Sphingomonas_sp002127225	1.625721201	0.8161684982	0.02662505241	0.02284212654	1.522627291	0.6065628422	NA	3200	0.7364499994	0.4256547653	-0.2277051676	1.440830852	1	1	1	BcgI	NA	fixed	260839.8283	glm	31	False	fraction 0.03 < 0.75; containment 0.02 < 0.5	-	single enzyme: no cross-enzyme consistency check available
S_1413216	GCF_002197385.1	s__Streptococcus_agalactiae	NA	NA	NA	0	NA	NA	NA	0	NA	NA	NA	NA	0	1	0	-	NA	fixed	NA	none	0	False	containment 0.00 < 0.5; only 0/1 enzymes produced a fit; no PTR estimate	BcgI:only 0 windows after outlier trimming	no enzyme produced a usable estimate
S_1413216	GCF_002204455.1	s__Porphyromonas_gingivalis	NA	NA	NA	0	NA	NA	NA	0	NA	NA	NA	NA	0	1	0	-	NA	fixed	NA	none	0	False	containment 0.00 < 0.5; only 0/1 enzymes produced a fit; no PTR estimate	BcgI:only 0 windows after outlier trimming	no enzyme produced a usable estimate
S_1413216	GCF_002204475.1	s__Prevotella_nigrescens	2.154041058	1.918420489	0.1168878212	0.1144310235	1.725226875	0.7867860948	NA	1447	0.9273327909	0.6755913514	-0.5373486222	2.110920812	1	1	1	BcgI	NA	fixed	352487.0758	glm	24	False	fraction 0.12 < 0.75; containment 0.11 < 0.5	-	single enzyme: no cross-enzyme consistency check available
S_1413216	GCF_002205845.1	s__Pelomonas_puraquae	NA	NA	NA	0.0002900652647	NA	NA	NA	0	NA	NA	NA	NA	0	1	0	-	NA	fixed	NA	none	0	False	containment 0.00 < 0.5; only 0/1 enzymes produced a fit; no PTR estimate	BcgI:only 0 windows after outlier trimming	no enzyme produced a usable estimate
S_1413216	GCF_002209185.2	s__Corynebacterium_amycolatum_A	NA	NA	NA	0.000350385424	NA	NA	NA	0	NA	NA	NA	NA	0	1	0	-	NA	fixed	NA	none	0	False	containment 0.00 < 0.5; only 0/1 enzymes produced a fit; no PTR estimate	BcgI:only 1 windows after outlier trimming	no enzyme produced a usable estimate
S_1413216	GCF_002209445.1	s__Capnocytophaga_endodontalis	5.056488791	8.425582041	0.1471111111	0.1471238938	4.344351629	2.119140879	NA	904	0.996542552	0.8135250453	0.5246610892	3.713620668	1	1	1	BcgI	NA	fixed	67200.6125	glm	25	False	fraction 0.15 < 0.75; dispersion 8.43 > 5.0; containment 0.15 < 0.5	-	single enzyme: no cross-enzyme consistency check available
S_1413216	GCF_002237445.1	s__Neisseria_sp002237445	1.752047245	0.5219047619	0.02653061224	0.009034443817	2.059065472	1.041989704	NA	490	0.928893902	0.9172656117	-0.7558178591	2.839797267	1	1	1	BcgI	NA	fixed	2635.094444	glm	7	False	fraction 0.03 < 0.75; containment 0.01 < 0.5	-	single enzyme: no cross-enzyme consistency check available
S_1413216	GCF_002238135.1	s__Rothia_aeria	23.12049933	103.4457087	0.5871440517	0.5786206897	2.905408804	1.538741172	NA	1340	0.9999953121	0.4483341733	0.6600223391	2.417460004	1	1	1	BcgI	NA	fixed	1458828.45	glm	28	False	fraction 0.59 < 0.75; dispersion 103.45 > 5.0	-	single enzyme: no cross-enzyme consistency check available
S_1413216	GCF_002243385.1	s__Mogibacterium_pumilum	NA	NA	NA	0.006075334143	NA	NA	NA	0	NA	NA	NA	NA	0	1	0	-	NA	fixed	NA	none	0	False	containment 0.01 < 0.5; only 0/1 enzymes produced a fit; no PTR estimate	BcgI:only 3 windows after outlier trimming	no enzyme produced a usable estimate
S_1413216	GCF_002259155.1	s__Rhodococcus_B_sp002259415	NA	NA	NA	0	NA	NA	NA	0	NA	NA	NA	NA	0	1	0	-	NA	fixed	NA	none	0	False	containment 0.00 < 0.5; only 0/1 enzymes produced a fit; no PTR estimate	BcgI:only 0 windows after outlier trimming	no enzyme produced a usable estimate
S_1413216	GCF_002259295.1	s__Rhodococcus_B_fascians	NA	NA	NA	0	NA	NA	NA	0	NA	NA	NA	NA	0	1	0	-	NA	fixed	NA	none	0	False	containment 0.00 < 0.5; only 0/1 enzymes produced a fit; no PTR estimate	BcgI:only 0 windows after outlier trimming	no enzyme produced a usable estimate
S_1413216	GCF_002289925.1	s__Ligilactobacillus_salivarius	NA	NA	NA	0	NA	NA	NA	0	NA	NA	NA	NA	0	1	0	-	NA	fixed	NA	none	0	False	containment 0.00 < 0.5; only 0/1 enzymes produced a fit; no PTR estimate	BcgI:only 0 windows after outlier trimming	no enzyme produced a usable estimate
S_1413216	GCF_002302595.1	s__Capnocytophaga_sputigena	9.393964934	14.94600758	0.2326530612	0.2403189066	1.651215337	0.7235282763	NA	735	0.9978147417	0.6046175634	-0.4615003723	1.908556925	1	1	1	BcgI	NA	fixed	1780319.296	glm	21	False	fraction 0.23 < 0.75; dispersion 14.95 > 5.0; containment 0.24 < 0.5	-	single enzyme: no cross-enzyme consistency check available
S_1413216	GCF_002355895.1	s__Streptococcus_sp002355895	NA	NA	NA	0.0703125	NA	NA	NA	0	NA	NA	NA	NA	0	1	0	-	NA	fixed	NA	none	0	False	containment 0.07 < 0.5; only 0/1 enzymes produced a fit; no PTR estimate	BcgI:only 4 windows after outlier trimming	no enzyme produced a usable estimate
S_1413216	GCF_002443115.1	s__Dermabacter_hominis	NA	NA	NA	0	NA	NA	NA	0	NA	NA	NA	NA	0	1	0	-	NA	fixed	NA	none	0	False	containment 0.00 < 0.5; only 0/1 enzymes produced a fit; no PTR estimate	BcgI:only 0 windows after outlier trimming	no enzyme produced a usable estimate
S_1413216	GCF_002551535.2	s__Neisseria_brasiliensis	NA	NA	NA	0.0005649717514	NA	NA	NA	0	NA	NA	NA	NA	0	1	0	-	NA	fixed	NA	none	0	False	containment 0.00 < 0.5; only 0/1 enzymes produced a fit; no PTR estimate	BcgI:only 1 windows after outlier trimming	no enzyme produced a usable estimate
S_1413216	GCF_002763535.1	s__Prevotella_intermedia	3.35971654	0.2	0.01944444444	0.006635700066	1.844774639	0.8834445848	NA	360	0.7238848966	0.8976173627	-0.875853118	2.642742288	1	1	1	BcgI	NA	fixed	254545.0417	glm	6	False	fraction 0.02 < 0.75; containment 0.01 < 0.5	-	single enzyme: no cross-enzyme consistency check available
S_1413216	GCF_002763595.1	s__Fusobacterium_pseudoperiodonticum	NA	NA	NA	0.25	NA	NA	NA	0	NA	NA	NA	NA	0	1	0	-	NA	fixed	NA	none	0	False	containment 0.25 < 0.5; only 0/1 enzymes produced a fit; no PTR estimate	BcgI:only 2 windows after outlier trimming	no enzyme produced a usable estimate
S_1413216	GCF_002803535.1	s__Ochrobactrum_A_pituitosum	NA	NA	NA	0.0001755309812	NA	NA	NA	0	NA	NA	NA	NA	0	1	0	-	NA	fixed	NA	none	0	False	containment 0.00 < 0.5; only 0/1 enzymes produced a fit; no PTR estimate	BcgI:only 1 windows after outlier trimming	no enzyme produced a usable estimate
S_1413216	GCF_002810365.1	s__Psychrobacter_sp002810365	NA	NA	NA	0	NA	NA	NA	0	NA	NA	NA	NA	0	1	0	-	NA	fixed	NA	none	0	False	containment 0.00 < 0.5; only 0/1 enzymes produced a fit; no PTR estimate	BcgI:only 0 windows after outlier trimming	no enzyme produced a usable estimate
S_1413216	GCF_002860865.1	s__Streptococcus_mitis_AT	53.43796333	NA	0.1133320601	0.0618556701	172.3013481	7.428790179	NA	82	0.9991665476	1.03467146	5.400871381	9.456708977	1	1	1	BcgI	NA	fixed	1891717.458	glm	6	False	fraction 0.11 < 0.75; containment 0.06 < 0.5	-	single enzyme: no cross-enzyme consistency check available
S_1413216	GCF_002860905.1	s__Streptococcus_oralis_BA	872.1987151	62.48648649	0.2076969697	0.09090909091	9.704487565e+12	43.14178917	NA	57	1	3.733253361	35.82474704	50.45883131	1	1	1	BcgI	NA	fixed	172349.89	glm	5	False	fraction 0.21 < 0.75; dispersion 62.49 > 5.0; containment 0.09 < 0.5	-	single enzyme: no cross-enzyme consistency check available
S_1413216	GCF_002863305.1	s__Neisseria_perflava	113.4671568	248.1457392	0.1384694698	0.1190965092	24.83743596	4.634444343	NA	392	1	1.601984214	1.49461298	7.774275705	1	1	1	BcgI	NA	fixed	856289.5672	glm	17	False	fraction 0.14 < 0.75; dispersion 248.15 > 5.0; containment 0.12 < 0.5	-	single enzyme: no cross-enzyme consistency check available
S_1413216	GCF_002869785.1	s__Tsukamurella_tyrosinosolvens	NA	NA	NA	0.0001518141794	NA	NA	NA	0	NA	NA	NA	NA	0	1	0	-	NA	fixed	NA	none	0	False	containment 0.00 < 0.5; only 0/1 enzymes produced a fit; no PTR estimate	BcgI:only 1 windows after outlier trimming	no enzyme produced a usable estimate
S_1413216	GCF_002871975.1	s__Actinomyces_graevenitzii	7.492396168	13.46923682	0.2150157629	0.2141255605	2.305788291	1.205260056	NA	867	0.994832684	0.7238356803	-0.2134318081	2.62395192	1	1	1	BcgI	NA	fixed	1698563.93	glm	26	False	fraction 0.22 < 0.75; dispersion 13.47 > 5.0; containment 0.21 < 0.5	-	single enzyme: no cross-enzyme consistency check available
S_1413216	GCF_002884635.1	s__Prevotella_buccalis	NA	NA	NA	0.0006963788301	NA	NA	NA	0	NA	NA	NA	NA	0	1	0	-	NA	fixed	NA	none	0	False	containment 0.00 < 0.5; only 0/1 enzymes produced a fit; no PTR estimate	BcgI:only 0 windows after outlier trimming	no enzyme produced a usable estimate
S_1413216	GCF_002894165.1	s__Prevotella_timonensis	NA	NA	NA	0	NA	NA	NA	0	NA	NA	NA	NA	0	1	0	-	NA	fixed	NA	none	0	False	containment 0.00 < 0.5; only 0/1 enzymes produced a fit; no PTR estimate	BcgI:only 0 windows after outlier trimming	no enzyme produced a usable estimate
S_1413216	GCF_002906715.1	s__Pseudomonas_E_sp002843585	NA	NA	NA	0.000156030582	NA	NA	NA	0	NA	NA	NA	NA	0	1	0	-	NA	fixed	NA	none	0	False	containment 0.00 < 0.5; only 0/1 enzymes produced a fit; no PTR estimate	BcgI:only 1 windows after outlier trimming	no enzyme produced a usable estimate
S_1413216	GCF_002907185.1	s__Fructilactobacillus_sanfranciscensis	NA	NA	NA	0	NA	NA	NA	0	NA	NA	NA	NA	0	1	0	-	NA	fixed	NA	none	0	False	containment 0.00 < 0.5; only 0/1 enzymes produced a fit; no PTR estimate	BcgI:only 0 windows after outlier trimming	no enzyme produced a usable estimate
S_1413216	GCF_002912505.1	s__Campylobacter_A_concisus_T	3.390033234	2.61965812	0.2869708995	0.04861111111	4.079086411	2.028246069	NA	71	0.704970282	3.162208938	-4.169569561	8.2260617	1	1	1	BcgI	NA	fixed	915405.6178	glm	6	False	fraction 0.29 < 0.75; containment 0.05 < 0.5	-	single enzyme: no cross-enzyme consistency check available
S_1413216	GCF_002914085.1	s__Campylobacter_A_concisus_R	7.100232766	6.873083779	0.1535608251	0.06204379562	17.02762256	4.089805111	NA	122	0.988351897	2.010478754	0.149339161	8.030271061	1	1	1	BcgI	NA	fixed	1140091.517	glm	8	False	fraction 0.15 < 0.75; dispersion 6.87 > 5.0; containment 0.06 < 0.5	-	single enzyme: no cross-enzyme consistency check available
S_1413216	GCF_002934005.1	s__Cuspidothrix_issatschenkoi	NA	NA	NA	0	NA	NA	NA	0	NA	NA	NA	NA	0	1	0	-	NA	fixed	NA	none	0	False	containment 0.00 < 0.5; only 0/1 enzymes produced a fit; no PTR estimate	BcgI:only 0 windows after outlier trimming	no enzyme produced a usable estimate
S_1413216	GCF_002948535.1	s__Enterococcus_faecalis	NA	NA	NA	0	NA	NA	NA	0	NA	NA	NA	NA	0	1	0	-	NA	fixed	NA	none	0	False	containment 0.00 < 0.5; only 0/1 enzymes produced a fit; no PTR estimate	BcgI:only 0 windows after outlier trimming	no enzyme produced a usable estimate
S_1413216	GCF_002951835.1	s__Simonsiella_muelleri	NA	NA	NA	0	NA	NA	NA	0	NA	NA	NA	NA	0	1	0	-	NA	fixed	NA	none	0	False	containment 0.00 < 0.5; only 0/1 enzymes produced a fit; no PTR estimate	BcgI:only 0 windows after outlier trimming	no enzyme produced a usable estimate
S_1413216	GCF_002959755.1	s__Veillonella_sp002959755	NA	NA	NA	0.05797101449	NA	NA	NA	0	NA	NA	NA	NA	0	1	0	-	NA	fixed	NA	none	0	False	containment 0.06 < 0.5; only 0/1 enzymes produced a fit; no PTR estimate	BcgI:only 3 windows after outlier trimming	no enzyme produced a usable estimate
S_1413216	GCF_002959835.1	s__Veillonella_rogosae	17.97585737	28.21298792	0.1824901302	0.1630695444	16.12005857	4.01078508	NA	383	0.9998333942	1.268512989	1.524545308	6.497024853	1	1	1	BcgI	NA	fixed	1157232.53	glm	17	False	fraction 0.18 < 0.75; dispersion 28.21 > 5.0; containment 0.16 < 0.5	-	single enzyme: no cross-enzyme consistency check available
S_1413216	GCF_002959855.1	s__Veillonella_denticariosi	NA	NA	NA	0.0016	NA	NA	NA	0	NA	NA	NA	NA	0	1	0	-	NA	fixed	NA	none	0	False	containment 0.00 < 0.5; only 0/1 enzymes produced a fit; no PTR estimate	BcgI:only 1 windows after outlier trimming	no enzyme produced a usable estimate
S_1413216	GCF_002959875.1	s__Veillonella_infantium	31.39549654	63.65014317	0.2086644978	0.1833333333	6.560939379	2.713902391	NA	228	0.9966545369	0.8679211328	1.012808229	4.414996553	1	1	1	BcgI	NA	fixed	1824423.075	glm	11	False	fraction 0.21 < 0.75; dispersion 63.65 > 5.0; containment 0.18 < 0.5	-	single enzyme: no cross-enzyme consistency check available
S_1413216	GCF_002984015.1	s__Haemophilus_influenzae_D	9.761008976	NA	0.2126190476	0.02702702703	4.72004598	2.238800914	NA	35	0.9239316448	1.178005758	-0.07004794514	4.547649772	1	1	1	BcgI	NA	fixed	226297.8069	glm	5	False	fraction 0.21 < 0.75; containment 0.03 < 0.5	-	single enzyme: no cross-enzyme consistency check available
S_1413216	GCF_002984725.1	s__Haemophilus_influenzae_E	NA	NA	NA	0.03738317757	NA	NA	NA	0	NA	NA	NA	NA	0	1	0	-	NA	fixed	NA	none	0	False	containment 0.04 < 0.5; only 0/1 enzymes produced a fit; no PTR estimate	BcgI:only 2 windows after outlier trimming	no enzyme produced a usable estimate
S_1413216	GCF_002989575.1	s__Haemophilus_influenzae_F	NA	NA	NA	0.03846153846	NA	NA	NA	0	NA	NA	NA	NA	0	1	0	-	NA	fixed	NA	none	0	False	containment 0.04 < 0.5; only 0/1 enzymes produced a fit; no PTR estimate	BcgI:only 4 windows after outlier trimming	no enzyme produced a usable estimate
S_1413216	GCF_002999035.1	s__W11650_sp002999035	NA	NA	NA	0.001384083045	NA	NA	NA	0	NA	NA	NA	NA	0	1	0	-	NA	fixed	NA	none	0	False	containment 0.00 < 0.5; only 0/1 enzymes produced a fit; no PTR estimate	BcgI:only 1 windows after outlier trimming	no enzyme produced a usable estimate
S_1413216	GCF_002999135.1	s__Capnocytophaga_sp002999135	4.531907429	5.333333333	0.04395604396	0.01369863014	4.461987812	2.157686573	NA	182	0.8474117841	1.457596526	-0.6991501218	5.014523268	1	1	1	BcgI	NA	fixed	423718.645	glm	7	False	fraction 0.04 < 0.75; dispersion 5.33 > 5.0; containment 0.01 < 0.5	-	single enzyme: no cross-enzyme consistency check available
S_1413216	GCF_002999235.1	s__Actinomyces_sp002999235	NA	NA	NA	0.0006506180872	NA	NA	NA	0	NA	NA	NA	NA	0	1	0	-	NA	fixed	NA	none	0	False	containment 0.00 < 0.5; only 0/1 enzymes produced a fit; no PTR estimate	BcgI:only 0 windows after outlier trimming	no enzyme produced a usable estimate
S_1413216	GCF_002999515.1	s__Streptococcus_anginosus_C	NA	NA	NA	0.008849557522	NA	NA	NA	0	NA	NA	NA	NA	0	1	0	-	NA	fixed	NA	none	0	False	containment 0.01 < 0.5; only 0/1 enzymes produced a fit; no PTR estimate	BcgI:only 3 windows after outlier trimming	no enzyme produced a usable estimate
S_1413216	GCF_003008575.1	s__SC2-9_sp003008575	NA	NA	NA	0.0002948113208	NA	NA	NA	0	NA	NA	NA	NA	0	1	0	-	NA	fixed	NA	none	0	False	containment 0.00 < 0.5; only 0/1 enzymes produced a fit; no PTR estimate	BcgI:only 0 windows after outlier trimming	no enzyme produced a usable estimate
S_1413216	GCF_003013245.1	s__Neisseria_iguanae	NA	NA	NA	0.001750291715	NA	NA	NA	0	NA	NA	NA	NA	0	1	0	-	NA	fixed	NA	none	0	False	containment 0.00 < 0.5; only 0/1 enzymes produced a fit; no PTR estimate	BcgI:only 3 windows after outlier trimming	no enzyme produced a usable estimate
S_1413216	GCF_003043925.1	s__Prevotella_sp003043925	NA	NA	NA	0	NA	NA	NA	0	NA	NA	NA	NA	0	1	0	-	NA	fixed	NA	none	0	False	containment 0.00 < 0.5; only 0/1 enzymes produced a fit; no PTR estimate	BcgI:only 0 windows after outlier trimming	no enzyme produced a usable estimate
S_1413216	GCF_003043935.1	s__Prevotella_jejuni	9.419224689	19.51331794	0.111060982	0.1112224449	3.088498539	1.626905648	NA	842	0.9975696339	1.171543624	-0.6692776612	3.923088957	1	1	1	BcgI	NA	fixed	2210646.949	glm	22	False	fraction 0.11 < 0.75; dispersion 19.51 > 5.0; containment 0.11 < 0.5	-	single enzyme: no cross-enzyme consistency check available
S_1413216	GCF_003043945.1	s__Prevotella_sp003043945	NA	NA	NA	0.001599147122	NA	NA	NA	0	NA	NA	NA	NA	0	1	0	-	NA	fixed	NA	none	0	False	containment 0.00 < 0.5; only 0/1 enzymes produced a fit; no PTR estimate	BcgI:only 1 windows after outlier trimming	no enzyme produced a usable estimate
S_1413216	GCF_003043955.1	s__F0428_sp003043955	2.245200222	1.409568959	0.1160489614	0.1082317073	1.450492125	0.5365424632	NA	552	0.672106816	0.7149419603	-0.8647180301	1.937802956	1	1	1	BcgI	NA	fixed	1858725.865	glm	21	False	fraction 0.12 < 0.75; containment 0.11 < 0.5	-	single enzyme: no cross-enzyme consistency check available
S_1413216	GCF_003044425.1	s__Neisseria_sicca_C	20.36179912	28.93765749	0.08917838663	0.07029478458	5.754117075	2.524594575	NA	350	0.9987043682	0.9715680241	0.620356239	4.428832911	1	1	1	BcgI	NA	fixed	1291523.82	glm	16	False	fraction 0.09 < 0.75; dispersion 28.94 > 5.0; containment 0.07 < 0.5	-	single enzyme: no cross-enzyme consistency check available
S_1413216	GCF_003044485.1	s__Neisseria_bergeri	158.8603049	173.5331531	0.07799070106	0.02083333333	2.842570247	1.507196002	NA	189	0.9971627217	4.294762135	-6.910383105	9.924775109	1	1	1	BcgI	NA	fixed	1389085.975	glm	8	False	fraction 0.08 < 0.75; dispersion 173.53 > 5.0; containment 0.02 < 0.5	-	single enzyme: no cross-enzyme consistency check available
S_1413216	GCF_003044645.1	s__Neisseria_subflava_B	194.1884921	320.7102768	0.1081769652	0.09445585216	1.263996742	0.3379927449	NA	362	0.9900404565	1.34903151	-2.306060429	2.982045919	1	1	1	BcgI	NA	fixed	916717.005	glm	14	False	fraction 0.11 < 0.75; dispersion 320.71 > 5.0; containment 0.09 < 0.5	-	single enzyme: no cross-enzyme consistency check available
S_1413216	GCF_003044905.1	s__Neisseria_weaveri	NA	NA	NA	0	NA	NA	NA	0	NA	NA	NA	NA	0	1	0	-	NA	fixed	NA	none	0	False	containment 0.00 < 0.5; only 0/1 enzymes produced a fit; no PTR estimate	BcgI:only 0 windows after outlier trimming	no enzyme produced a usable estimate
S_1413216	GCF_003048595.1	s__Campylobacter_A_concisus_L	NA	NA	NA	0.0135501355	NA	NA	NA	0	NA	NA	NA	NA	0	1	0	-	NA	fixed	NA	none	0	False	containment 0.01 < 0.5; only 0/1 enzymes produced a fit; no PTR estimate	BcgI:only 3 windows after outlier trimming	no enzyme produced a usable estimate
S_1413216	GCF_003048835.1	s__Campylobacter_A_concisus_D	2.150732656	0.96875	0.08125201288	0.04362416107	1.490636561	0.5759285502	NA	135	0.6437371547	1.002080841	-1.388113809	2.539970909	1	1	1	BcgI	NA	fixed	1351247.774	glm	6	False	fraction 0.08 < 0.75; containment 0.04 < 0.5	-	single enzyme: no cross-enzyme consistency check available
S_1413216	GCF_003053105.1	s__Limosilactobacillus_fermentum	NA	NA	NA	0	NA	NA	NA	0	NA	NA	NA	NA	0	1	0	-	NA	fixed	NA	none	0	False	containment 0.00 < 0.5; only 0/1 enzymes produced a fit; no PTR estimate	BcgI:only 0 windows after outlier trimming	no enzyme produced a usable estimate
S_1413216	GCF_003056725.1	s__Mangrovicoccus_ximenensis	NA	NA	NA	0	NA	NA	NA	0	NA	NA	NA	NA	0	1	0	-	NA	fixed	NA	none	0	False	containment 0.00 < 0.5; only 0/1 enzymes produced a fit; no PTR estimate	BcgI:only 0 windows after outlier trimming	no enzyme produced a usable estimate
S_1413216	GCF_003096815.1	s__Prevotella_colorans	NA	NA	NA	0.001160092807	NA	NA	NA	0	NA	NA	NA	NA	0	1	0	-	NA	fixed	NA	none	0	False	containment 0.00 < 0.5; only 0/1 enzymes produced a fit; no PTR estimate	BcgI:only 1 windows after outlier trimming	no enzyme produced a usable estimate
S_1413216	GCF_003124035.1	s__Kocuria_rosea	NA	NA	NA	0.0006913238852	NA	NA	NA	0	NA	NA	NA	NA	0	1	0	-	NA	fixed	NA	none	0	False	containment 0.00 < 0.5; only 0/1 enzymes produced a fit; no PTR estimate	BcgI:only 2 windows after outlier trimming	no enzyme produced a usable estimate
S_1413216	GCF_003129965.1	s__Aggregatibacter_kilianii_A	NA	NA	NA	0.004026845638	NA	NA	NA	0	NA	NA	NA	NA	0	1	0	-	NA	fixed	NA	none	0	False	containment 0.00 < 0.5; only 0/1 enzymes produced a fit; no PTR estimate	BcgI:only 3 windows after outlier trimming	no enzyme produced a usable estimate
S_1413216	GCF_003130075.1	s__Aggregatibacter_segnis_A	15.48727002	18.83682661	0.07232318625	0.05656934307	7.36436449	2.880561033	NA	425	0.9985229995	1.015942956	0.8893494284	4.871772637	1	1	1	BcgI	NA	fixed	422464.3619	glm	18	False	fraction 0.07 < 0.75; dispersion 18.84 > 5.0; containment 0.06 < 0.5	-	single enzyme: no cross-enzyme consistency check available
S_1413216	GCF_003182235.1	s__Phyllobacterium_myrsinacearum	NA	NA	NA	0.0004956220056	NA	NA	NA	0	NA	NA	NA	NA	0	1	0	-	NA	fixed	NA	none	0	False	containment 0.00 < 0.5; only 0/1 enzymes produced a fit; no PTR estimate	BcgI:only 2 windows after outlier trimming	no enzyme produced a usable estimate
S_1413216	GCF_003201255.1	s__Pantoea_ananatis	NA	NA	NA	0.004447079751	NA	NA	NA	0	NA	NA	NA	NA	0	1	0	-	NA	fixed	NA	none	0	False	containment 0.00 < 0.5; only 0/1 enzymes produced a fit; no PTR estimate	BcgI:only 4 windows after outlier trimming	no enzyme produced a usable estimate
S_1413216	GCF_003252645.1	s__Aggregatibacter_segnis	11.71491598	4.025282404	0.1111249961	0.05150976909	2.640500424	1.400811373	NA	279	0.979390437	1.309862856	-1.166472649	3.968095395	1	1	1	BcgI	NA	fixed	1604691.172	glm	13	False	fraction 0.11 < 0.75; containment 0.05 < 0.5	-	single enzyme: no cross-enzyme consistency check available
S_1413216	GCF_003252725.1	s__Haemophilus_D_parainfluenzae_L	21.04450838	35.43461384	0.2510223663	0.170212766	2.689676564	1.427432698	NA	210	0.9867053271	1.238042226	-0.9990854769	3.853950873	1	1	1	BcgI	NA	fixed	1044154.994	glm	12	False	fraction 0.25 < 0.75; dispersion 35.43 > 5.0; containment 0.17 < 0.5	-	single enzyme: no cross-enzyme consistency check available
S_1413216	GCF_003252795.1	s__Haemophilus_D_parainfluenzae_K	31.05868988	61.49304893	0.2679002933	0.2583333333	3.286779733	1.716674776	NA	238	0.9990231972	1.265954562	-0.7645505714	4.197900123	1	1	1	BcgI	NA	fixed	831572.1228	glm	10	False	fraction 0.27 < 0.75; dispersion 61.49 > 5.0; containment 0.26 < 0.5	-	single enzyme: no cross-enzyme consistency check available
S_1413216	GCF_003252835.1	s__Aggregatibacter_kilianii	7.87210064	1.285714286	0.04114238268	0.01596516691	9.131950709	3.190923073	NA	219	0.9883576115	1.137944215	0.9605933949	5.42125275	1	1	1	BcgI	NA	fixed	718500.8931	glm	8	False	fraction 0.04 < 0.75; containment 0.02 < 0.5	-	single enzyme: no cross-enzyme consistency check available
S_1413216	GCF_003263915.2	s__Dolosigranulum_pigrum	5.692131605	10.10722416	0.2927272727	0.3008695652	1.641037751	0.7146084274	NA	550	0.9113141698	0.8101293123	-0.8732158475	2.302432702	1	1	1	BcgI	NA	fixed	118558.1561	glm	22	False	fraction 0.29 < 0.75; dispersion 10.11 > 5.0; containment 0.30 < 0.5	-	single enzyme: no cross-enzyme consistency check available
S_1413216	GCF_003345135.1	s__Acidovorax_defluvii	NA	NA	NA	0	NA	NA	NA	0	NA	NA	NA	NA	0	1	0	-	NA	fixed	NA	none	0	False	containment 0.00 < 0.5; only 0/1 enzymes produced a fit; no PTR estimate	BcgI:only 0 windows after outlier trimming	no enzyme produced a usable estimate
S_1413216	GCF_003428885.1	s__Streptococcus_sp003428885	729.3521575	904.8401871	0.1980092978	0.08974358974	3.061571111e+41	137.8133241	NA	85	0.9999999494	3.013876989	131.9062337	143.7204144	1	1	1	BcgI	NA	fixed	1751004.695	glm	7	False	fraction 0.20 < 0.75; dispersion 904.84 > 5.0; containment 0.09 < 0.5	-	single enzyme: no cross-enzyme consistency check available
S_1413216	GCF_003433295.1	s__Eubacterium_A_minutum	NA	NA	NA	0	NA	NA	NA	0	NA	NA	NA	NA	0	1	0	-	NA	fixed	NA	none	0	False	containment 0.00 < 0.5; only 0/1 enzymes produced a fit; no PTR estimate	BcgI:only 0 windows after outlier trimming	no enzyme produced a usable estimate
S_1413216	GCF_003463825.1	s__Veillonella_sp003463825	22.58567441	25.70844573	0.5264705882	0.2	9.76550612	3.287694817	NA	57	0.9977712172	1.253050089	0.8317617712	5.743627863	1	1	1	BcgI	NA	fixed	843145.9597	glm	17	False	fraction 0.53 < 0.75; dispersion 25.71 > 5.0; containment 0.20 < 0.5	-	single enzyme: no cross-enzyme consistency check available
S_1413216	GCF_003464005.1	s__Veillonella_parvula_A	11.7722508	22.16567927	0.5242208336	0.3239875389	4.544164998	2.18401522	NA	252	0.9998250904	0.9973382886	0.2292680937	4.138762346	1	1	1	BcgI	NA	fixed	460326.1778	glm	45	False	fraction 0.52 < 0.75; dispersion 22.17 > 5.0; containment 0.32 < 0.5	-	single enzyme: no cross-enzyme consistency check available
S_1413216	GCF_003490595.1	s__Haemophilus_haemolyticus_I	8.661748185	17.57548701	0.09473915675	0.06477732794	16.93259277	4.081730995	NA	169	0.998050351	1.430623985	1.277759509	6.885702482	1	1	1	BcgI	NA	fixed	448426.825	glm	8	False	fraction 0.09 < 0.75; dispersion 17.58 > 5.0; containment 0.06 < 0.5	-	single enzyme: no cross-enzyme consistency check available
S_1413216	GCF_003492425.1	s__Neisseria_lactamica	53.79425767	192.8739496	0.03895454893	0.01687763713	72.94712527	6.18877922	NA	282	0.9996175484	1.848487359	2.565810571	9.811747869	1	1	1	BcgI	NA	fixed	1626019.625	glm	9	False	fraction 0.04 < 0.75; dispersion 192.87 > 5.0; containment 0.02 < 0.5	-	single enzyme: no cross-enzyme consistency check available
S_1413216	GCF_003493605.1	s__Haemophilus_haemolyticus_J	NA	NA	NA	0.04975124378	NA	NA	NA	0	NA	NA	NA	NA	0	1	0	-	NA	fixed	NA	none	0	False	containment 0.05 < 0.5; only 0/1 enzymes produced a fit; no PTR estimate	BcgI:only 4 windows after outlier trimming	no enzyme produced a usable estimate
S_1413216	GCF_003570845.1	s__Allisonella_pneumosintes	NA	NA	NA	0	NA	NA	NA	0	NA	NA	NA	NA	0	1	0	-	NA	fixed	NA	none	0	False	containment 0.00 < 0.5; only 0/1 enzymes produced a fit; no PTR estimate	BcgI:only 0 windows after outlier trimming	no enzyme produced a usable estimate
S_1413216	GCF_003603405.1	s__Streptococcus_koreensis	8.156185272	6.306617136	0.13443227	0.1066282421	2.747690137	1.458219318	NA	260	0.984998194	0.8050425983	-0.1196351811	3.036073816	1	1	1	BcgI	NA	fixed	1470346.613	glm	11	False	fraction 0.13 < 0.75; dispersion 6.31 > 5.0; containment 0.11 < 0.5	-	single enzyme: no cross-enzyme consistency check available
S_1413216	GCF_003609775.1	s__Prevotella_melaninogenica_A	16.15159686	17.38912121	0.1081396408	0.09421265141	4.473870495	2.161523495	NA	626	0.9995262438	0.7792280871	0.6342645089	3.688782482	1	1	1	BcgI	NA	fixed	2144152.145	glm	21	False	fraction 0.11 < 0.75; dispersion 17.39 > 5.0; containment 0.09 < 0.5	-	single enzyme: no cross-enzyme consistency check available
S_1413216	GCF_003627155.1	s__Streptococcus_gwangjuense	NA	NA	NA	0.1111111111	NA	NA	NA	0	NA	NA	NA	NA	0	1	0	-	NA	fixed	NA	none	0	False	containment 0.11 < 0.5; only 0/1 enzymes produced a fit; no PTR estimate	BcgI:only 2 windows after outlier trimming	no enzyme produced a usable estimate
S_1413216	GCF_003660455.1	s__Nocardioides_sp003660455	NA	NA	NA	0	NA	NA	NA	0	NA	NA	NA	NA	0	1	0	-	NA	fixed	NA	none	0	False	containment 0.00 < 0.5; only 0/1 enzymes produced a fit; no PTR estimate	BcgI:only 0 windows after outlier trimming	no enzyme produced a usable estimate
S_1413216	GCF_003710825.1	s__Brevibacillus_D_fluminis	2.734775458	NA	0.01150819702	0.001852475581	3.992456521	1.997276696	NA	569	0.7296435053	0.7781387099	0.47215285	3.522400543	1	1	1	BcgI	NA	fixed	5177409.424	glm	6	False	fraction 0.01 < 0.75; containment 0.00 < 0.5	-	single enzyme: no cross-enzyme consistency check available
S_1413216	GCF_003710885.1	s__Brevibacillus_agri	NA	NA	NA	0.00242669363	NA	NA	NA	0	NA	NA	NA	NA	0	1	0	-	NA	fixed	NA	none	0	False	containment 0.00 < 0.5; only 0/1 enzymes produced a fit; no PTR estimate	BcgI:only 3 windows after outlier trimming	no enzyme produced a usable estimate
S_1413216	GCF_003790445.1	s__Neisseria_chenwenguii	NA	NA	NA	0.0004885197851	NA	NA	NA	0	NA	NA	NA	NA	0	1	0	-	NA	fixed	NA	none	0	False	containment 0.00 < 0.5; only 0/1 enzymes produced a fit; no PTR estimate	BcgI:only 0 windows after outlier trimming	no enzyme produced a usable estimate
S_1413216	GCF_003797385.1	s__Arachnia_propionica	2.465080856	4.904638993	0.2745454545	0.2764705882	1.571482896	0.6521265698	NA	2150	0.9969589587	0.2427237454	0.1763967706	1.127856369	1	1	1	BcgI	NA	fixed	1485258.255	glm	22	False	fraction 0.27 < 0.75; containment 0.28 < 0.5	-	single enzyme: no cross-enzyme consistency check available
S_1413216	GCF_003798325.1	s__Propionibacterium_acidifaciens	NA	NA	NA	0	NA	NA	NA	0	NA	NA	NA	NA	0	1	0	-	NA	fixed	NA	none	0	False	containment 0.00 < 0.5; only 0/1 enzymes produced a fit; no PTR estimate	BcgI:only 0 windows after outlier trimming	no enzyme produced a usable estimate
S_1413216	GCF_003813805.1	s__Neisseria_sp002327085	NA	NA	NA	0.001059322034	NA	NA	NA	0	NA	NA	NA	NA	0	1	0	-	NA	fixed	NA	none	0	False	containment 0.00 < 0.5; only 0/1 enzymes produced a fit; no PTR estimate	BcgI:only 2 windows after outlier trimming	no enzyme produced a usable estimate
S_1413216	GCF_003837955.1	s__Campylobacter_D_hepaticus	NA	NA	NA	0	NA	NA	NA	0	NA	NA	NA	NA	0	1	0	-	NA	fixed	NA	none	0	False	containment 0.00 < 0.5; only 0/1 enzymes produced a fit; no PTR estimate	BcgI:only 0 windows after outlier trimming	no enzyme produced a usable estimate
S_1413216	GCF_003851545.1	s__Ralstonia_sp003851545	NA	NA	NA	0.00119128659	NA	NA	NA	0	NA	NA	NA	NA	0	1	0	-	NA	fixed	NA	none	0	False	containment 0.00 < 0.5; only 0/1 enzymes produced a fit; no PTR estimate	BcgI:only 4 windows after outlier trimming	no enzyme produced a usable estimate
S_1413216	GCF_003853905.1	s__Burkholderia_contaminans	NA	NA	NA	0	NA	NA	NA	0	NA	NA	NA	NA	0	1	0	-	NA	fixed	NA	none	0	False	containment 0.00 < 0.5; only 0/1 enzymes produced a fit; no PTR estimate	BcgI:only 0 windows after outlier trimming	no enzyme produced a usable estimate
S_1413216	GCF_003859795.1	s__F0040_sp003859795	NA	NA	NA	0.0004651162791	NA	NA	NA	0	NA	NA	NA	NA	0	1	0	-	NA	fixed	NA	none	0	False	containment 0.00 < 0.5; only 0/1 enzymes produced a fit; no PTR estimate	BcgI:only 1 windows after outlier trimming	no enzyme produced a usable estimate
S_1413216	GCF_003859805.1	s__Arachnia_propionica_C	NA	NA	NA	0.0005735589332	NA	NA	NA	0	NA	NA	NA	NA	0	1	0	-	NA	fixed	NA	none	0	False	containment 0.00 < 0.5; only 0/1 enzymes produced a fit; no PTR estimate	BcgI:only 1 windows after outlier trimming	no enzyme produced a usable estimate
S_1413216	GCF_003862475.1	s__Lachnoanaerobaculum_gingivalis	4.32925813	2.454854097	0.1077316756	0.07926829268	2.666947566	1.415189461	NA	266	0.9198425715	1.355073173	-1.240705156	4.071084077	1	1	1	BcgI	NA	fixed	1213215.177	glm	10	False	fraction 0.11 < 0.75; containment 0.08 < 0.5	-	single enzyme: no cross-enzyme consistency check available
S_1413216	GCF_003892345.1	s__Lautropia_dentalis	2.234869039	1.823095346	0.09860148307	0.1077048291	1.17585042	0.233704547	NA	2867	0.6976722831	0.384072339	-0.5190634049	0.9864724989	1	1	1	BcgI	NA	fixed	249229.5111	glm	29	False	fraction 0.10 < 0.75; containment 0.11 < 0.5	-	single enzyme: no cross-enzyme consistency check available
S_1413216	GCF_003932785.1	s__Arachnia_propionica_B	NA	NA	NA	0.0005638567804	NA	NA	NA	0	NA	NA	NA	NA	0	1	0	-	NA	fixed	NA	none	0	False	containment 0.00 < 0.5; only 0/1 enzymes produced a fit; no PTR estimate	BcgI:only 1 windows after outlier trimming	no enzyme produced a usable estimate
S_1413216	GCF_003932855.1	s__Arachnia_sp003932855	NA	NA	NA	0.0006540222368	NA	NA	NA	0	NA	NA	NA	NA	0	1	0	-	NA	fixed	NA	none	0	False	containment 0.00 < 0.5; only 0/1 enzymes produced a fit; no PTR estimate	BcgI:only 1 windows after outlier trimming	no enzyme produced a usable estimate
S_1413216	GCF_003942575.1	s__Streptococcus_mitis_S	34.95700449	5.927258164	0.4376984127	0.1818181818	16.89436541	4.078470255	NA	36	0.9994751812	1.646995729	0.8504179429	7.306522567	1	1	1	BcgI	NA	fixed	2070104.464	glm	6	False	fraction 0.44 < 0.75; dispersion 5.93 > 5.0; containment 0.18 < 0.5	-	single enzyme: no cross-enzyme consistency check available
S_1413216	GCF_003942585.1	s__Streptococcus_oralis_BE	NA	NA	NA	0.06862745098	NA	NA	NA	0	NA	NA	NA	NA	0	1	0	-	NA	fixed	NA	none	0	False	containment 0.07 < 0.5; only 0/1 enzymes produced a fit; no PTR estimate	BcgI:only 4 windows after outlier trimming	no enzyme produced a usable estimate
S_1413216	GCF_003942665.1	s__Streptococcus_oralis_BD	21.92495045	35.94628133	0.7475322665	0.6605504587	2.486401578	1.314059325	NA	103	0.9971358909	1.073578474	-0.7901158187	3.418234468	1	1	1	BcgI	NA	fixed	511037.345	glm	19	False	fraction 0.75 < 0.75; dispersion 35.95 > 5.0	-	single enzyme: no cross-enzyme consistency check available
S_1413216	GCF_003942775.1	s__Streptococcus_mitis_AK	NA	NA	NA	0.1076923077	NA	NA	NA	0	NA	NA	NA	NA	0	1	0	-	NA	fixed	NA	none	0	False	containment 0.11 < 0.5; only 0/1 enzymes produced a fit; no PTR estimate	BcgI:only 4 windows after outlier trimming	no enzyme produced a usable estimate
S_1413216	GCF_003942795.1	s__Streptococcus_mitis_BJ	NA	NA	NA	0.09183673469	NA	NA	NA	0	NA	NA	NA	NA	0	1	0	-	NA	fixed	NA	none	0	False	containment 0.09 < 0.5; only 0/1 enzymes produced a fit; no PTR estimate	BcgI:only 2 windows after outlier trimming	no enzyme produced a usable estimate
S_1413216	GCF_003942865.1	s__Streptococcus_mitis_BI	NA	NA	NA	0.1558441558	NA	NA	NA	0	NA	NA	NA	NA	0	1	0	-	NA	fixed	NA	none	0	False	containment 0.16 < 0.5; only 0/1 enzymes produced a fit; no PTR estimate	BcgI:only 4 windows after outlier trimming	no enzyme produced a usable estimate
S_1413216	GCF_003942915.1	s__Streptococcus_mitis_AX	NA	NA	NA	0.03529411765	NA	NA	NA	0	NA	NA	NA	NA	0	1	0	-	NA	fixed	NA	none	0	False	containment 0.04 < 0.5; only 0/1 enzymes produced a fit; no PTR estimate	BcgI:only 3 windows after outlier trimming	no enzyme produced a usable estimate
S_1413216	GCF_003942945.1	s__Streptococcus_mitis_BD	NA	NA	NA	0.04054054054	NA	NA	NA	0	NA	NA	NA	NA	0	1	0	-	NA	fixed	NA	none	0	False	containment 0.04 < 0.5; only 0/1 enzymes produced a fit; no PTR estimate	BcgI:only 3 windows after outlier trimming	no enzyme produced a usable estimate
S_1413216	GCF_003942965.1	s__Streptococcus_mitis_BH	39.34303105	2.3	0.3975308642	0.1585365854	147.1182579	7.200832491	NA	38	0.9992961483	1.676000492	3.915931888	10.48573309	1	1	1	BcgI	NA	fixed	1460984.591	glm	9	False	fraction 0.40 < 0.75; containment 0.16 < 0.5	-	single enzyme: no cross-enzyme consistency check available
S_1413216	GCF_003942985.1	s__Streptococcus_oralis_G	NA	NA	NA	0.1058823529	NA	NA	NA	0	NA	NA	NA	NA	0	1	0	-	NA	fixed	NA	none	0	False	containment 0.11 < 0.5; only 0/1 enzymes produced a fit; no PTR estimate	BcgI:only 4 windows after outlier trimming	no enzyme produced a usable estimate
S_1413216	GCF_003943395.1	s__Streptococcus_oralis_BF	NA	NA	NA	0.05426356589	NA	NA	NA	0	NA	NA	NA	NA	0	1	0	-	NA	fixed	NA	none	0	False	containment 0.05 < 0.5; only 0/1 enzymes produced a fit; no PTR estimate	BcgI:only 3 windows after outlier trimming	no enzyme produced a usable estimate
S_1413216	GCF_003943415.1	s__Streptococcus_oralis_BJ	NA	NA	NA	0.04395604396	NA	NA	NA	0	NA	NA	NA	NA	0	1	0	-	NA	fixed	NA	none	0	False	containment 0.04 < 0.5; only 0/1 enzymes produced a fit; no PTR estimate	BcgI:only 2 windows after outlier trimming	no enzyme produced a usable estimate
S_1413216	GCF_003943505.1	s__Streptococcus_cristatus_E	3.246837763	0.2037037037	0.1168263578	0.06341463415	1.850218851	0.8876959283	NA	152	0.671975614	1.001172133	-1.074565395	2.849957251	1	1	1	BcgI	NA	fixed	886340.8958	glm	9	False	fraction 0.12 < 0.75; containment 0.06 < 0.5	-	single enzyme: no cross-enzyme consistency check available
S_1413216	GCF_003943515.1	s__Streptococcus_cristatus_D	5.438548064	1.628205128	0.2263333333	0.07035175879	5.280589604	2.400699023	NA	67	0.8731050264	0.4855138259	1.44910941	3.352288635	1	1	1	BcgI	NA	fixed	1352512.48	glm	5	False	fraction 0.23 < 0.75; containment 0.07 < 0.5	-	single enzyme: no cross-enzyme consistency check available
S_1413216	GCF_003943735.1	s__Streptococcus_sanguinis_E	32.44636919	45.47743168	0.1438270842	0.10041841	5.606084478	2.486993485	NA	166	0.9970952637	1.979217022	-1.392200596	6.366187565	1	1	1	BcgI	NA	fixed	1366615.973	glm	10	False	fraction 0.14 < 0.75; dispersion 45.48 > 5.0; containment 0.10 < 0.5	-	single enzyme: no cross-enzyme consistency check available
S_1413216	GCF_003943815.1	s__Streptococcus_cristatus_F	13.43028801	16.70483488	0.2822488864	0.2146596859	13.28773581	3.73202339	NA	172	0.9985976377	1.168555212	1.441697259	6.02234952	1	1	1	BcgI	NA	fixed	384928.18	glm	15	False	fraction 0.28 < 0.75; dispersion 16.70 > 5.0; containment 0.21 < 0.5	-	single enzyme: no cross-enzyme consistency check available
S_1413216	GCF_003943935.1	s__Streptococcus_mitis_BK	NA	NA	NA	0.1298701299	NA	NA	NA	0	NA	NA	NA	NA	0	1	0	-	NA	fixed	NA	none	0	False	containment 0.13 < 0.5; only 0/1 enzymes produced a fit; no PTR estimate	BcgI:only 3 windows after outlier trimming	no enzyme produced a usable estimate
S_1413216	GCF_003943955.1	s__Streptococcus_oralis_AC	NA	NA	NA	0.03488372093	NA	NA	NA	0	NA	NA	NA	NA	0	1	0	-	NA	fixed	NA	none	0	False	containment 0.03 < 0.5; only 0/1 enzymes produced a fit; no PTR estimate	BcgI:only 3 windows after outlier trimming	no enzyme produced a usable estimate
S_1413216	GCF_003944205.1	s__Streptococcus_oralis_BH	20.01325068	194.0792079	0.2255668934	0.1111111111	174.8300008	7.449808962	NA	46	0.9993172042	2.404937078	2.736218905	12.16339902	1	1	1	BcgI	NA	fixed	149883.5181	glm	7	False	fraction 0.23 < 0.75; dispersion 194.08 > 5.0; containment 0.11 < 0.5	-	single enzyme: no cross-enzyme consistency check available
S_1413216	GCF_003944215.1	s__Streptococcus_oralis_BI	NA	NA	NA	0.02083333333	NA	NA	NA	0	NA	NA	NA	NA	0	1	0	-	NA	fixed	NA	none	0	False	containment 0.02 < 0.5; only 0/1 enzymes produced a fit; no PTR estimate	BcgI:only 0 windows after outlier trimming	no enzyme produced a usable estimate
S_1413216	GCF_003944225.1	s__Streptococcus_cristatus_C	19.64584476	34.65353961	0.1551253133	0.07106598985	5.310770303	2.408921133	NA	97	0.9938707456	1.980592222	-1.472968291	6.290810557	1	1	1	BcgI	NA	fixed	693418.1522	glm	6	False	fraction 0.16 < 0.75; dispersion 34.65 > 5.0; containment 0.07 < 0.5	-	single enzyme: no cross-enzyme consistency check available
S_1413216	GCF_003944325.1	s__Streptococcus_mitis_O	152.7607734	247.1963844	0.6246498599	0.3431372549	11.09530787	3.471877794	NA	56	0.9998019584	1.425841389	0.6772800253	6.266475564	1	1	1	BcgI	NA	fixed	354633.0361	glm	17	False	fraction 0.62 < 0.75; dispersion 247.20 > 5.0; containment 0.34 < 0.5	-	single enzyme: no cross-enzyme consistency check available
S_1413216	GCF_003944465.1	s__Streptococcus_sanguinis_F	15.25323755	34.59531097	0.1814767331	0.1093117409	9.156162399	3.194743052	NA	158	0.9972324288	2.830234878	-2.352415377	8.74190148	1	1	1	BcgI	NA	fixed	1806780.134	glm	9	False	fraction 0.18 < 0.75; dispersion 34.60 > 5.0; containment 0.11 < 0.5	-	single enzyme: no cross-enzyme consistency check available
S_1413216	GCF_003964245.1	s__Enterobacter_hormaechei_A	NA	NA	NA	0	NA	NA	NA	0	NA	NA	NA	NA	0	1	0	-	NA	fixed	NA	none	0	False	containment 0.00 < 0.5; only 0/1 enzymes produced a fit; no PTR estimate	BcgI:only 0 windows after outlier trimming	no enzyme produced a usable estimate
S_1413216	GCF_003977605.1	s__Prevotella_koreensis	NA	NA	NA	0.001817080557	NA	NA	NA	0	NA	NA	NA	NA	0	1	0	-	NA	fixed	NA	none	0	False	containment 0.00 < 0.5; only 0/1 enzymes produced a fit; no PTR estimate	BcgI:only 2 windows after outlier trimming	no enzyme produced a usable estimate
S_1413216	GCF_003990355.1	s__Eikenella_corrodens_B	2.472247664	1.660130719	0.04242424242	0.02951699463	2.473442344	1.306520271	NA	660	0.9730148558	0.8318845284	-0.3239434444	2.936983986	1	1	1	BcgI	NA	fixed	714973.875	glm	15	False	fraction 0.04 < 0.75; containment 0.03 < 0.5	-	single enzyme: no cross-enzyme consistency check available
S_1413216	GCF_003992005.1	s__F0422_sp003992005	7.33888366	1.1	0.1532254281	0.02183406114	6.194174261	2.630911971	NA	93	0.9587970312	0.7901522107	1.082242096	4.179581846	1	1	1	BcgI	NA	fixed	135205.9408	glm	7	False	fraction 0.15 < 0.75; containment 0.02 < 0.5	-	single enzyme: no cross-enzyme consistency check available
S_1413216	GCF_003992055.1	s__F0422_sp003992055	15.14956005	21.3094336	0.2748682172	0.2662037037	2.182824971	1.126196453	NA	416	0.9977776449	1.075642583	-0.9820242696	3.234417176	1	1	1	BcgI	NA	fixed	1130615.188	glm	21	False	fraction 0.27 < 0.75; dispersion 21.31 > 5.0; containment 0.27 < 0.5	-	single enzyme: no cross-enzyme consistency check available
S_1413216	GCF_003992085.1	s__F0422_sp003992015	36.21896506	21.84159564	0.2202688957	0.1312741313	22.4495082	4.488611935	NA	195	0.9998083295	2.018856827	0.5317252646	8.445498605	1	1	1	BcgI	NA	fixed	1237841.627	glm	16	False	fraction 0.22 < 0.75; dispersion 21.84 > 5.0; containment 0.13 < 0.5	-	single enzyme: no cross-enzyme consistency check available
S_1413216	GCF_003992135.1	s__F0422_sp003992135	NA	NA	NA	0.01400560224	NA	NA	NA	0	NA	NA	NA	NA	0	1	0	-	NA	fixed	NA	none	0	False	containment 0.01 < 0.5; only 0/1 enzymes produced a fit; no PTR estimate	BcgI:only 2 windows after outlier trimming	no enzyme produced a usable estimate
S_1413216	GCF_003992235.1	s__F0422_sp001553345	29.60443499	31.85029559	0.1316874148	0.1101694915	16.65690527	4.058048478	NA	215	0.9991685062	1.301479769	1.507195004	6.608901953	1	1	1	BcgI	NA	fixed	1299738.611	glm	10	False	fraction 0.13 < 0.75; dispersion 31.85 > 5.0; containment 0.11 < 0.5	-	single enzyme: no cross-enzyme consistency check available
S_1413216	GCF_003992315.1	s__F0422_sp003992315	14.737085	2.578947368	0.06705555556	0.0303030303	76.29306118	6.253479945	NA	99	0.9920675319	0.7147313146	4.85263231	7.654327581	1	1	1	BcgI	NA	fixed	508478.8289	glm	5	False	fraction 0.07 < 0.75; containment 0.03 < 0.5	-	single enzyme: no cross-enzyme consistency check available
S_1413216	GCF_004000985.1	s__Paenibacillus_G_validus	NA	NA	NA	0.0007680491551	NA	NA	NA	0	NA	NA	NA	NA	0	1	0	-	NA	fixed	NA	none	0	False	containment 0.00 < 0.5; only 0/1 enzymes produced a fit; no PTR estimate	BcgI:only 1 windows after outlier trimming	no enzyme produced a usable estimate
S_1413216	GCF_004025845.1	s__Janibacter_hoylei	1.558091859	0.4862637363	0.0267424732	0.01319894408	1.680790964	0.749140311	NA	1594	0.6921204006	0.5668787224	-0.3619215686	1.860202191	1	1	1	BcgI	NA	fixed	1444738.482	glm	17	False	fraction 0.03 < 0.75; containment 0.01 < 0.5	-	single enzyme: no cross-enzyme consistency check available
S_1413216	GCF_004114445.1	s__Bradyrhizobium_guangzhouense	NA	NA	NA	0.0001654396559	NA	NA	NA	0	NA	NA	NA	NA	0	1	0	-	NA	fixed	NA	none	0	False	containment 0.00 < 0.5; only 0/1 enzymes produced a fit; no PTR estimate	BcgI:only 2 windows after outlier trimming	no enzyme produced a usable estimate
S_1413216	GCF_004127235.1	s__Streptococcus_sp000831085	NA	NA	NA	0.1150442478	NA	NA	NA	0	NA	NA	NA	NA	0	1	0	-	NA	fixed	NA	none	0	False	containment 0.12 < 0.5; only 0/1 enzymes produced a fit; no PTR estimate	BcgI:only 4 windows after outlier trimming	no enzyme produced a usable estimate
S_1413216	GCF_004134945.1	s__Fusobacterium_C_necrophorum	NA	NA	NA	0.005681818182	NA	NA	NA	0	NA	NA	NA	NA	0	1	0	-	NA	fixed	NA	none	0	False	containment 0.01 < 0.5; only 0/1 enzymes produced a fit; no PTR estimate	BcgI:only 1 windows after outlier trimming	no enzyme produced a usable estimate
S_1413216	GCF_004136315.1	s__Mesorhizobium_sp004136315	2.242193952	1.30952381	0.011875	0.004566210046	0.8504683315	-0.2336705791	NA	1600	0.6375754664	0.6299036961	-1.468259137	1.000917979	1	1	1	BcgI	NA	fixed	1683873.386	glm	16	False	fraction 0.01 < 0.75; containment 0.00 < 0.5	-	single enzyme: no cross-enzyme consistency check available
S_1413216	GCF_004136555.1	s__Kocuria_carniphila	NA	NA	NA	0	NA	NA	NA	0	NA	NA	NA	NA	0	1	0	-	NA	fixed	NA	none	0	False	containment 0.00 < 0.5; only 0/1 enzymes produced a fit; no PTR estimate	BcgI:only 0 windows after outlier trimming	no enzyme produced a usable estimate
S_1413216	GCF_004138405.1	s__UBA2866_sp004138405	3.800343198	2.23953824	0.1181876566	0.06611570248	1.327843604	0.4090852336	NA	120	0.5304308084	1.087150599	-1.721690787	2.539861254	1	1	1	BcgI	NA	fixed	130567.6828	glm	8	False	fraction 0.12 < 0.75; containment 0.07 < 0.5	-	single enzyme: no cross-enzyme consistency check available
S_1413216	GCF_004138455.1	s__UBA1103_sp004138455	NA	NA	NA	0.005813953488	NA	NA	NA	0	NA	NA	NA	NA	0	1	0	-	NA	fixed	NA	none	0	False	containment 0.01 < 0.5; only 0/1 enzymes produced a fit; no PTR estimate	BcgI:only 1 windows after outlier trimming	no enzyme produced a usable estimate
S_1413216	GCF_004151355.1	s__Dermacoccus_abyssi	NA	NA	NA	0	NA	NA	NA	0	NA	NA	NA	NA	0	1	0	-	NA	fixed	NA	none	0	False	containment 0.00 < 0.5; only 0/1 enzymes produced a fit; no PTR estimate	BcgI:only 0 windows after outlier trimming	no enzyme produced a usable estimate
S_1413216	GCF_004151455.1	s__UMGS1907_sp004151455	NA	NA	NA	0	NA	NA	NA	0	NA	NA	NA	NA	0	1	0	-	NA	fixed	NA	none	0	False	containment 0.00 < 0.5; only 0/1 enzymes produced a fit; no PTR estimate	BcgI:only 0 windows after outlier trimming	no enzyme produced a usable estimate
S_1413216	GCF_004209755.1	s__Pseudoduganella_lutea	NA	NA	NA	0.0004527345165	NA	NA	NA	0	NA	NA	NA	NA	0	1	0	-	NA	fixed	NA	none	0	False	containment 0.00 < 0.5; only 0/1 enzymes produced a fit; no PTR estimate	BcgI:only 2 windows after outlier trimming	no enzyme produced a usable estimate
S_1413216	GCF_004340985.1	s__Cricetibacter_osteomyelitidis	NA	NA	NA	0.001721170396	NA	NA	NA	0	NA	NA	NA	NA	0	1	0	-	NA	fixed	NA	none	0	False	containment 0.00 < 0.5; only 0/1 enzymes produced a fit; no PTR estimate	BcgI:only 2 windows after outlier trimming	no enzyme produced a usable estimate
S_1413216	GCF_004341385.1	s__Neisseria_suis	NA	NA	NA	0.001009081736	NA	NA	NA	0	NA	NA	NA	NA	0	1	0	-	NA	fixed	NA	none	0	False	containment 0.00 < 0.5; only 0/1 enzymes produced a fit; no PTR estimate	BcgI:only 1 windows after outlier trimming	no enzyme produced a usable estimate
S_1413216	GCF_004349225.1	s__Saccharopolyspora_sp004348435	NA	NA	NA	0	NA	NA	NA	0	NA	NA	NA	NA	0	1	0	-	NA	fixed	NA	none	0	False	containment 0.00 < 0.5; only 0/1 enzymes produced a fit; no PTR estimate	BcgI:only 0 windows after outlier trimming	no enzyme produced a usable estimate
S_1413216	GCF_004353325.1	s__Streptococcus_sp004353325	NA	NA	NA	0.08450704225	NA	NA	NA	0	NA	NA	NA	NA	0	1	0	-	NA	fixed	NA	none	0	False	containment 0.08 < 0.5; only 0/1 enzymes produced a fit; no PTR estimate	BcgI:only 1 windows after outlier trimming	no enzyme produced a usable estimate
S_1413216	GCF_004363295.1	s__Mesocricetibacter_intestinalis	NA	NA	NA	0.0008474576271	NA	NA	NA	0	NA	NA	NA	NA	0	1	0	-	NA	fixed	NA	none	0	False	containment 0.00 < 0.5; only 0/1 enzymes produced a fit; no PTR estimate	BcgI:only 1 windows after outlier trimming	no enzyme produced a usable estimate
S_1413216	GCF_004365115.1	s__Stenotrophomonas_maltophilia_AJ	1.698100532	0.2380952381	0.01299382716	0.004303086997	1.585813462	0.6652230777	NA	944	0.658864669	0.8980819488	-1.094985197	2.425431353	1	1	1	BcgI	NA	fixed	1872022.5	glm	9	False	fraction 0.01 < 0.75; containment 0.00 < 0.5	-	single enzyme: no cross-enzyme consistency check available
S_1413216	GCF_004525795.1	s__Actinomyces_viscosus	16.50207971	3.825518207	0.03904249126	0.01085930123	11.25889194	3.492992944	NA	649	0.9997475233	2.00304897	-0.4329108959	7.418896785	1	1	1	BcgI	NA	fixed	2567568.456	glm	13	False	fraction 0.04 < 0.75; containment 0.01 < 0.5	-	single enzyme: no cross-enzyme consistency check available
S_1413216	GCF_004569405.1	s__Neisseria_musculi	NA	NA	NA	0.0009910802775	NA	NA	NA	0	NA	NA	NA	NA	0	1	0	-	NA	fixed	NA	none	0	False	containment 0.00 < 0.5; only 0/1 enzymes produced a fit; no PTR estimate	BcgI:only 0 windows after outlier trimming	no enzyme produced a usable estimate
S_1413216	GCF_004803795.1	s__Campylobacter_A_rectus	NA	NA	NA	0.003527336861	NA	NA	NA	0	NA	NA	NA	NA	0	1	0	-	NA	fixed	NA	none	0	False	containment 0.00 < 0.5; only 0/1 enzymes produced a fit; no PTR estimate	BcgI:only 2 windows after outlier trimming	no enzyme produced a usable estimate
S_1413216	GCF_004803815.1	s__Campylobacter_A_showae	NA	NA	NA	0.008426966292	NA	NA	NA	0	NA	NA	NA	NA	0	1	0	-	NA	fixed	NA	none	0	False	containment 0.01 < 0.5; only 0/1 enzymes produced a fit; no PTR estimate	BcgI:only 2 windows after outlier trimming	no enzyme produced a usable estimate
S_1413216	GCF_005217565.1	s__Puteibacter_caeruleilacunae	NA	NA	NA	0	NA	NA	NA	0	NA	NA	NA	NA	0	1	0	-	NA	fixed	NA	none	0	False	containment 0.00 < 0.5; only 0/1 enzymes produced a fit; no PTR estimate	BcgI:only 0 windows after outlier trimming	no enzyme produced a usable estimate
S_1413216	GCF_005405725.1	s__Bifidobacterium_moukalabense	NA	NA	NA	0	NA	NA	NA	0	NA	NA	NA	NA	0	1	0	-	NA	fixed	NA	none	0	False	containment 0.00 < 0.5; only 0/1 enzymes produced a fit; no PTR estimate	BcgI:only 0 windows after outlier trimming	no enzyme produced a usable estimate
S_1413216	GCF_005696695.1	s__Pauljensenia_odontolytica_C	11.86937567	24.38917018	0.0789010989	0.07898773006	2.307365537	1.206246577	NA	1304	0.999222179	1.193703789	-1.133369857	3.54586301	1	1	1	BcgI	NA	fixed	2230225.055	glm	25	False	fraction 0.08 < 0.75; dispersion 24.39 > 5.0; containment 0.08 < 0.5	-	single enzyme: no cross-enzyme consistency check available
S_1413216	GCF_005697565.1	s__TM7x_sp005697565	NA	NA	NA	0.01166180758	NA	NA	NA	0	NA	NA	NA	NA	0	1	0	-	NA	fixed	NA	none	0	False	containment 0.01 < 0.5; only 0/1 enzymes produced a fit; no PTR estimate	BcgI:only 2 windows after outlier trimming	no enzyme produced a usable estimate
S_1413216	GCF_005844455.1	s__Streptococcus_mitis_BF	NA	NA	NA	0.05072463768	NA	NA	NA	0	NA	NA	NA	NA	0	1	0	-	NA	fixed	NA	none	0	False	containment 0.05 < 0.5; only 0/1 enzymes produced a fit; no PTR estimate	BcgI:only 17 anchors (< 30)	no enzyme produced a usable estimate
S_1413216	GCF_005864335.1	s__Lactococcus_A_raffinolactis	NA	NA	NA	0.001438848921	NA	NA	NA	0	NA	NA	NA	NA	0	1	0	-	NA	fixed	NA	none	0	False	containment 0.00 < 0.5; only 0/1 enzymes produced a fit; no PTR estimate	BcgI:only 1 windows after outlier trimming	no enzyme produced a usable estimate
S_1413216	GCF_005937465.1	s__Cutibacterium_acnes	1.586432454	0.5803854875	0.02901767604	0.02667682927	2.090049627	1.063537199	NA	1757	0.7589203046	0.7712608656	-0.4481063205	2.575180718	1	1	1	BcgI	NA	fixed	837276.2333	glm	17	False	fraction 0.03 < 0.75; containment 0.03 < 0.5	-	single enzyme: no cross-enzyme consistency check available
S_1413216	GCF_006175905.1	s__Streptococcus_oralis_BG	NA	NA	NA	0.06201550388	NA	NA	NA	0	NA	NA	NA	NA	0	1	0	-	NA	fixed	NA	none	0	False	containment 0.06 < 0.5; only 0/1 enzymes produced a fit; no PTR estimate	BcgI:only 3 windows after outlier trimming	no enzyme produced a usable estimate
S_1413216	GCF_006384255.1	s__Haemophilus_sp002998595	9.175268931	14.78195003	0.2526410062	0.2564935065	12.26363529	3.616314793	NA	279	0.9988983958	0.9359825633	1.781822679	5.450806907	1	1	1	BcgI	NA	fixed	1199808.147	glm	12	False	fraction 0.25 < 0.75; dispersion 14.78 > 5.0; containment 0.26 < 0.5	-	single enzyme: no cross-enzyme consistency check available
S_1413216	GCF_006385365.1	s__Tannerella_forsythia	NA	NA	NA	0	NA	NA	NA	0	NA	NA	NA	NA	0	1	0	-	NA	fixed	NA	none	0	False	containment 0.00 < 0.5; only 0/1 enzymes produced a fit; no PTR estimate	BcgI:only 0 windows after outlier trimming	no enzyme produced a usable estimate
S_1413216	GCF_006385785.1	s__Streptococcus_pneumoniae_D	130.8933621	136.8135222	0.5014652015	0.4038461538	3.066970144	1.616814122	NA	51	0.9992787496	2.510968075	-3.30459287	6.538221115	1	1	1	BcgI	NA	fixed	1841775.556	glm	13	False	fraction 0.50 < 0.75; dispersion 136.81 > 5.0; containment 0.40 < 0.5	-	single enzyme: no cross-enzyme consistency check available
S_1413216	GCF_006385805.1	s__Streptococcus_sp001587175	29.30782087	86.02058947	0.4218823769	0.4174311927	6.516357232	2.704065696	NA	193	0.9999998561	1.840004833	-0.9022775078	6.310408899	1	1	1	BcgI	NA	fixed	119734.035	glm	9	False	fraction 0.42 < 0.75; dispersion 86.02 > 5.0; containment 0.42 < 0.5	-	single enzyme: no cross-enzyme consistency check available
S_1413216	GCF_006546835.1	s__Actinomyces_johnsonii	4.50831176	7.441548046	0.113447455	0.08261405672	2.743968149	1.456263735	NA	2234	0.9932872116	0.9275169201	-0.3616360232	3.274163494	1	1	1	BcgI	NA	fixed	342806.0417	glm	33	False	fraction 0.11 < 0.75; dispersion 7.44 > 5.0; containment 0.08 < 0.5	-	single enzyme: no cross-enzyme consistency check available
S_1413216	GCF_006716265.1	s__Rarobacter_faecitabidus	NA	NA	NA	0	NA	NA	NA	0	NA	NA	NA	NA	0	1	0	-	NA	fixed	NA	none	0	False	containment 0.00 < 0.5; only 0/1 enzymes produced a fit; no PTR estimate	BcgI:only 0 windows after outlier trimming	no enzyme produced a usable estimate
S_1413216	GCF_007113795.1	s__Acinetobacter_baumannii	NA	NA	NA	0.005533596838	NA	NA	NA	0	NA	NA	NA	NA	0	1	0	-	NA	fixed	NA	none	0	False	containment 0.01 < 0.5; only 0/1 enzymes produced a fit; no PTR estimate	BcgI:only 4 windows after outlier trimming	no enzyme produced a usable estimate
S_1413216	GCF_007672025.1	s__Corynebacterium_propinquum	7.933670858	8.401166958	0.04515464519	0.01199226306	77.55415548	6.27713218	NA	1010	0.9983962199	1.309201176	3.711145027	8.843119333	1	1	1	BcgI	NA	fixed	1896729.767	glm	12	False	fraction 0.05 < 0.75; dispersion 8.40 > 5.0; containment 0.01 < 0.5	-	single enzyme: no cross-enzyme consistency check available
S_1413216	GCF_007673265.1	s__Bacillus_A_bombysepticus	NA	NA	NA	0	NA	NA	NA	0	NA	NA	NA	NA	0	1	0	-	NA	fixed	NA	none	0	False	containment 0.00 < 0.5; only 0/1 enzymes produced a fit; no PTR estimate	BcgI:only 0 windows after outlier trimming	no enzyme produced a usable estimate
S_1413216	GCF_007681555.1	s__Kocuria_salsicia	NA	NA	NA	0.0004171881519	NA	NA	NA	0	NA	NA	NA	NA	0	1	0	-	NA	fixed	NA	none	0	False	containment 0.00 < 0.5; only 0/1 enzymes produced a fit; no PTR estimate	BcgI:only 0 windows after outlier trimming	no enzyme produced a usable estimate
S_1413216	GCF_007785845.1	s__Lactobacillus_paragasseri	NA	NA	NA	0	NA	NA	NA	0	NA	NA	NA	NA	0	1	0	-	NA	fixed	NA	none	0	False	containment 0.00 < 0.5; only 0/1 enzymes produced a fit; no PTR estimate	BcgI:only 0 windows after outlier trimming	no enzyme produced a usable estimate
S_1413216	GCF_007829675.1	s__Micrococcus_luteus	1.798260112	0.1666666667	0.02770590268	0.007451564829	3.804919839	1.92786606	NA	386	0.6850950831	1.256312409	-0.5344610154	4.390193135	1	1	1	BcgI	NA	fixed	469414.9694	glm	6	False	fraction 0.03 < 0.75; containment 0.01 < 0.5	-	single enzyme: no cross-enzyme consistency check available
S_1413216	GCF_007845165.1	s__UBA2866_sp007845165	NA	NA	NA	0.01449275362	NA	NA	NA	0	NA	NA	NA	NA	0	1	0	-	NA	fixed	NA	none	0	False	containment 0.01 < 0.5; only 0/1 enzymes produced a fit; no PTR estimate	BcgI:only 2 windows after outlier trimming	no enzyme produced a usable estimate
S_1413216	GCF_007845205.1	s__SDRK01_sp007845205	NA	NA	NA	0	NA	NA	NA	0	NA	NA	NA	NA	0	1	0	-	NA	fixed	NA	none	0	False	containment 0.00 < 0.5; only 0/1 enzymes produced a fit; no PTR estimate	BcgI:only 0 windows after outlier trimming	no enzyme produced a usable estimate
S_1413216	GCF_007845265.1	s__TM7x_sp007845355	6.564474051	3.652777778	0.2269557823	0.09150326797	5.623664889	2.491510628	NA	80	0.9814448242	1.367448111	-0.1886384212	5.171659676	1	1	1	BcgI	NA	fixed	395768.9822	glm	7	False	fraction 0.23 < 0.75; containment 0.09 < 0.5	-	single enzyme: no cross-enzyme consistency check available
S_1413216	GCF_007855915.1	s__Geobacillus_thermoleovorans	1.724063509	0.8213624339	0.04634404057	0.04446673353	2.701180455	1.433590024	NA	2591	0.9744691377	0.5163034704	0.4216538168	2.445526231	1	1	1	BcgI	NA	fixed	2527995.22	glm	26	False	fraction 0.05 < 0.75; containment 0.04 < 0.5	-	single enzyme: no cross-enzyme consistency check available
S_1413216	GCF_007990245.1	s__Cellulomonas_composti	NA	NA	NA	0.0001820830299	NA	NA	NA	0	NA	NA	NA	NA	0	1	0	-	NA	fixed	NA	none	0	False	containment 0.00 < 0.5; only 0/1 enzymes produced a fit; no PTR estimate	BcgI:only 1 windows after outlier trimming	no enzyme produced a usable estimate
S_1413216	GCF_007990445.1	s__Leptotrichia_wadei_A	4.252927874	5.719861111	0.1868783069	0.182320442	5.158303141	2.366896559	NA	177	0.9799790811	1.059805901	0.2897151636	4.444077955	1	1	1	BcgI	NA	fixed	388389.8939	glm	7	False	fraction 0.19 < 0.75; dispersion 5.72 > 5.0; containment 0.18 < 0.5	-	single enzyme: no cross-enzyme consistency check available
S_1413216	GCF_007990505.1	s__Pseudoleptotrichia_goodfellowii	2.985537984	0.9339393939	0.09875	0.08163265306	0.9708081477	-0.04274187824	NA	341	0.6877522601	0.5945718034	-1.208081199	1.122597443	1	1	1	BcgI	NA	fixed	1452987.45	glm	14	False	fraction 0.10 < 0.75; containment 0.08 < 0.5	-	single enzyme: no cross-enzyme consistency check available
S_1413216	GCF_007990635.1	s__Leptotrichia_hongkongensis	NA	NA	NA	0.09395973154	NA	NA	NA	0	NA	NA	NA	NA	0	1	0	-	NA	fixed	NA	none	0	False	containment 0.09 < 0.5; only 0/1 enzymes produced a fit; no PTR estimate	BcgI:only 4 windows after outlier trimming	no enzyme produced a usable estimate
S_1413216	GCF_007991595.1	s__Streptococcus_cristatus_B	15.01267953	NA	0.3303571429	0.0405904059	10.29072961	3.363273367	NA	30	0.993697049	1.580715892	0.2651271487	6.461419585	1	1	1	BcgI	NA	fixed	511860.5556	glm	8	False	fraction 0.33 < 0.75; containment 0.04 < 0.5	-	single enzyme: no cross-enzyme consistency check available
S_1413216	GCF_007991615.1	s__Novosphingobium_sediminis	NA	NA	NA	0.0002768932576	NA	NA	NA	0	NA	NA	NA	NA	0	1	0	-	NA	fixed	NA	none	0	False	containment 0.00 < 0.5; only 0/1 enzymes produced a fit; no PTR estimate	BcgI:only 2 windows after outlier trimming	no enzyme produced a usable estimate
S_1413216	GCF_007997035.1	s__Ralstonia_sp007997035	4.160626956	5.215873016	0.0458410283	0.009690721649	2.874555329	1.5233388	NA	1316	0.970215904	1.295016989	-1.014847857	4.061525457	1	1	1	BcgI	NA	fixed	3799066.678	glm	23	False	fraction 0.05 < 0.75; dispersion 5.22 > 5.0; containment 0.01 < 0.5	-	single enzyme: no cross-enzyme consistency check available
S_1413216	GCF_008016795.1	s__Prevotella_brunnea	NA	NA	NA	0.001703577513	NA	NA	NA	0	NA	NA	NA	NA	0	1	0	-	NA	fixed	NA	none	0	False	containment 0.00 < 0.5; only 0/1 enzymes produced a fit; no PTR estimate	BcgI:only 2 windows after outlier trimming	no enzyme produced a usable estimate
S_1413216	GCF_008033175.1	s__Leuconostoc_pseudomesenteroides	NA	NA	NA	0	NA	NA	NA	0	NA	NA	NA	NA	0	1	0	-	NA	fixed	NA	none	0	False	containment 0.00 < 0.5; only 0/1 enzymes produced a fit; no PTR estimate	BcgI:only 0 windows after outlier trimming	no enzyme produced a usable estimate
S_1413216	GCF_008085035.1	s__Aggregatibacter_actinomycetemcomitans	NA	NA	NA	0.0009233610342	NA	NA	NA	0	NA	NA	NA	NA	0	1	0	-	NA	fixed	NA	none	0	False	containment 0.00 < 0.5; only 0/1 enzymes produced a fit; no PTR estimate	BcgI:only 1 windows after outlier trimming	no enzyme produced a usable estimate
S_1413216	GCF_008274805.1	s__Oryzomicrobium_terrae	NA	NA	NA	0.002576489533	NA	NA	NA	0	NA	NA	NA	NA	0	1	0	-	NA	fixed	NA	none	0	False	containment 0.00 < 0.5; only 0/1 enzymes produced a fit; no PTR estimate	BcgI:only 3 windows after outlier trimming	no enzyme produced a usable estimate
S_1413216	GCF_008326505.1	s__Leuconostoc_citreum	NA	NA	NA	0	NA	NA	NA	0	NA	NA	NA	NA	0	1	0	-	NA	fixed	NA	none	0	False	containment 0.00 < 0.5; only 0/1 enzymes produced a fit; no PTR estimate	BcgI:only 0 windows after outlier trimming	no enzyme produced a usable estimate
S_1413216	GCF_008369405.1	s__Streptococcus_cristatus_G	NA	NA	NA	0.02702702703	NA	NA	NA	0	NA	NA	NA	NA	0	1	0	-	NA	fixed	NA	none	0	False	containment 0.03 < 0.5; only 0/1 enzymes produced a fit; no PTR estimate	BcgI:only 4 windows after outlier trimming	no enzyme produced a usable estimate
S_1413216	GCF_008633215.1	s__Fusobacterium_nucleatum_J	NA	NA	NA	0	NA	NA	NA	0	NA	NA	NA	NA	0	1	0	-	NA	fixed	NA	none	0	False	containment 0.00 < 0.5; only 0/1 enzymes produced a fit; no PTR estimate	BcgI:only 0 windows after outlier trimming	no enzyme produced a usable estimate
S_1413216	GCF_008806995.1	s__Neisseria_animalis	NA	NA	NA	0.000566572238	NA	NA	NA	0	NA	NA	NA	NA	0	1	0	-	NA	fixed	NA	none	0	False	containment 0.00 < 0.5; only 0/1 enzymes produced a fit; no PTR estimate	BcgI:only 0 windows after outlier trimming	no enzyme produced a usable estimate
S_1413216	GCF_009006965.1	s__Acinetobacter_oleivorans	2.150023805	1.122344322	0.1551902848	0.04083204931	1.605304993	0.6828474219	NA	349	0.7091302603	0.6148303423	-0.5221979056	1.887892749	1	1	1	BcgI	NA	fixed	65397.20833	glm	26	False	fraction 0.16 < 0.75; containment 0.04 < 0.5	-	single enzyme: no cross-enzyme consistency check available
S_1413216	GCF_009378265.1	s__Moraxella_catarrhalis	NA	NA	NA	0.0015625	NA	NA	NA	0	NA	NA	NA	NA	0	1	0	-	NA	fixed	NA	none	0	False	containment 0.00 < 0.5; only 0/1 enzymes produced a fit; no PTR estimate	BcgI:only 1 windows after outlier trimming	no enzyme produced a usable estimate
S_1413216	GCF_009496035.1	s__Streptococcus_mitis_BM	NA	NA	NA	0.1129032258	NA	NA	NA	0	NA	NA	NA	NA	0	1	0	-	NA	fixed	NA	none	0	False	containment 0.11 < 0.5; only 0/1 enzymes produced a fit; no PTR estimate	BcgI:only 4 windows after outlier trimming	no enzyme produced a usable estimate
S_1413216	GCF_009496155.1	s__Streptococcus_mitis_BQ	107.1665865	432.4002732	0.3865079365	0.1596638655	12.21231287	3.610264551	NA	77	0.999999982	1.371971313	0.92125019	6.299278912	1	1	1	BcgI	NA	fixed	1072107.2	glm	14	False	fraction 0.39 < 0.75; dispersion 432.40 > 5.0; containment 0.16 < 0.5	-	single enzyme: no cross-enzyme consistency check available
S_1413216	GCF_009496185.1	s__Streptococcus_mitis_BN	NA	NA	NA	0.08333333333	NA	NA	NA	0	NA	NA	NA	NA	0	1	0	-	NA	fixed	NA	none	0	False	containment 0.08 < 0.5; only 0/1 enzymes produced a fit; no PTR estimate	BcgI:only 3 windows after outlier trimming	no enzyme produced a usable estimate
S_1413216	GCF_009496285.1	s__Streptococcus_mitis_BP	12.23801517	26.24024165	0.5658333333	0.3418803419	14.75322002	3.882957964	NA	86	0.999992663	1.796172018	0.3625254981	7.403390431	1	1	1	BcgI	NA	fixed	634093.2833	glm	20	False	fraction 0.57 < 0.75; dispersion 26.24 > 5.0; containment 0.34 < 0.5	-	single enzyme: no cross-enzyme consistency check available
S_1413216	GCF_009496375.1	s__Streptococcus_mitis_AC	NA	NA	NA	0.1162790698	NA	NA	NA	0	NA	NA	NA	NA	0	1	0	-	NA	fixed	NA	none	0	False	containment 0.12 < 0.5; only 0/1 enzymes produced a fit; no PTR estimate	BcgI:only 2 windows after outlier trimming	no enzyme produced a usable estimate
S_1413216	GCF_009626715.1	s__Bordetella_pertussis	NA	NA	NA	0	NA	NA	NA	0	NA	NA	NA	NA	0	1	0	-	NA	fixed	NA	none	0	False	containment 0.00 < 0.5; only 0/1 enzymes produced a fit; no PTR estimate	BcgI:only 0 windows after outlier trimming	no enzyme produced a usable estimate
S_1413216	GCF_009650815.1	s__Eikenella_corrodens	4.174929858	3.576996337	0.04339826442	0.01971830986	2.800383235	1.485624275	NA	397	0.8623454082	1.069305171	-0.6101753489	3.581423898	1	1	1	BcgI	NA	fixed	634431.8975	glm	10	False	fraction 0.04 < 0.75; containment 0.02 < 0.5	-	single enzyme: no cross-enzyme consistency check available
S_1413216	GCF_009695705.1	s__Pauljensenia_hyovaginalis	NA	NA	NA	0.0003350083752	NA	NA	NA	0	NA	NA	NA	NA	0	1	0	-	NA	fixed	NA	none	0	False	containment 0.00 < 0.5; only 0/1 enzymes produced a fit; no PTR estimate	BcgI:only 1 windows after outlier trimming	no enzyme produced a usable estimate
S_1413216	GCF_009716875.1	s__Streptococcus_salivarius	25.70746669	37.48884614	0.6749536408	0.5769230769	3.752133992	1.907711349	NA	277	0.9989386665	1.331849585	-0.7026658713	4.518088569	1	1	1	BcgI	NA	fixed	1716019.607	glm	40	False	fraction 0.67 < 0.75; dispersion 37.49 > 5.0	-	single enzyme: no cross-enzyme consistency check available
S_1413216	GCF_009728485.1	s__Prevotella_sp000257925	4.65482168	6.334923722	0.11688254	0.07132667618	2.963996059	1.567543529	NA	448	0.98774738	1.144926235	-0.6764706565	3.811557715	1	1	1	BcgI	NA	fixed	1859397.88	glm	17	False	fraction 0.12 < 0.75; dispersion 6.33 > 5.0; containment 0.07 < 0.5	-	single enzyme: no cross-enzyme consistency check available
S_1413216	GCF_009730375.1	s__Capnocytophaga_leadbetteri	6.450615017	12.48973414	0.1971139971	0.209039548	3.64681233	1.866635959	NA	780	0.9983021206	0.61605799	0.6591844858	3.074087431	1	1	1	BcgI	NA	fixed	429827.775	glm	22	False	fraction 0.20 < 0.75; dispersion 12.49 > 5.0; containment 0.21 < 0.5	-	single enzyme: no cross-enzyme consistency check available
S_1413216	GCF_009731465.1	s__Streptococcus_pseudopneumoniae_E	10.27949205	14.68730413	0.1380869565	0.1351351351	3.772527034	1.915531239	NA	123	0.9983041119	1.374414412	-0.7782715088	4.609333987	1	1	1	BcgI	NA	fixed	246792.6639	glm	5	False	fraction 0.14 < 0.75; dispersion 14.69 > 5.0; containment 0.14 < 0.5	-	single enzyme: no cross-enzyme consistency check available
S_1413216	GCF_009734725.1	s__Enterococcus_D_casseliflavus	NA	NA	NA	0.001043296818	NA	NA	NA	0	NA	NA	NA	NA	0	1	0	-	NA	fixed	NA	none	0	False	containment 0.00 < 0.5; only 0/1 enzymes produced a fit; no PTR estimate	BcgI:only 2 windows after outlier trimming	no enzyme produced a usable estimate
S_1413216	GCF_009740185.1	s__Pseudomonas_A_sp000765155	NA	NA	NA	0.001225239943	NA	NA	NA	0	NA	NA	NA	NA	0	1	0	-	NA	fixed	NA	none	0	False	containment 0.00 < 0.5; only 0/1 enzymes produced a fit; no PTR estimate	BcgI:only 4 windows after outlier trimming	no enzyme produced a usable estimate
S_1413216	GCF_009856825.1	s__Novosphingobium_sp009856825	NA	NA	NA	0.0001726817475	NA	NA	NA	0	NA	NA	NA	NA	0	1	0	-	NA	fixed	NA	none	0	False	containment 0.00 < 0.5; only 0/1 enzymes produced a fit; no PTR estimate	BcgI:only 0 windows after outlier trimming	no enzyme produced a usable estimate
S_1413216	GCF_009914665.1	s__Bergeyella_A_cardium	NA	NA	NA	0.001788908766	NA	NA	NA	0	NA	NA	NA	NA	0	1	0	-	NA	fixed	NA	none	0	False	containment 0.00 < 0.5; only 0/1 enzymes produced a fit; no PTR estimate	BcgI:only 1 windows after outlier trimming	no enzyme produced a usable estimate
S_1413216	GCF_009935825.1	s__Actinomyces_howellii	NA	NA	NA	0.0003126954346	NA	NA	NA	0	NA	NA	NA	NA	0	1	0	-	NA	fixed	NA	none	0	False	containment 0.00 < 0.5; only 0/1 enzymes produced a fit; no PTR estimate	BcgI:only 0 windows after outlier trimming	no enzyme produced a usable estimate
S_1413216	GCF_010202115.1	s__TM7x_sp010202115	NA	NA	NA	0.008658008658	NA	NA	NA	0	NA	NA	NA	NA	0	1	0	-	NA	fixed	NA	none	0	False	containment 0.01 < 0.5; only 0/1 enzymes produced a fit; no PTR estimate	BcgI:only 0 windows after outlier trimming	no enzyme produced a usable estimate
S_1413216	GCF_010202465.1	s__TM7x_sp010202465	NA	NA	NA	0.01092896175	NA	NA	NA	0	NA	NA	NA	NA	0	1	0	-	NA	fixed	NA	none	0	False	containment 0.01 < 0.5; only 0/1 enzymes produced a fit; no PTR estimate	BcgI:only 1 windows after outlier trimming	no enzyme produced a usable estimate
S_1413216	GCF_010202645.1	s__TM7x_sp010202645	NA	NA	NA	0.0233463035	NA	NA	NA	0	NA	NA	NA	NA	0	1	0	-	NA	fixed	NA	none	0	False	containment 0.02 < 0.5; only 0/1 enzymes produced a fit; no PTR estimate	BcgI:only 2 windows after outlier trimming	no enzyme produced a usable estimate
S_1413216	GCF_010202845.1	s__TM7x_sp010202845	NA	NA	NA	0.02212389381	NA	NA	NA	0	NA	NA	NA	NA	0	1	0	-	NA	fixed	NA	none	0	False	containment 0.02 < 0.5; only 0/1 enzymes produced a fit; no PTR estimate	BcgI:only 2 windows after outlier trimming	no enzyme produced a usable estimate
S_1413216	GCF_010365865.1	s__Treponema_sp010365865	2.012355478	1.084865212	0.06339923884	0.05775266792	2.114880015	1.080575816	NA	1215	0.9557605511	0.549796541	0.002994397069	2.158157236	1	1	1	BcgI	NA	fixed	2187490.697	glm	19	False	fraction 0.06 < 0.75; containment 0.06 < 0.5	-	single enzyme: no cross-enzyme consistency check available
S_1413216	GCF_010667605.1	s__Bifidobacterium_dentium	NA	NA	NA	0	NA	NA	NA	0	NA	NA	NA	NA	0	1	0	-	NA	fixed	NA	none	0	False	containment 0.00 < 0.5; only 0/1 enzymes produced a fit; no PTR estimate	BcgI:only 0 windows after outlier trimming	no enzyme produced a usable estimate
S_1413216	GCF_011029265.1	s__Lactobacillus_crispatus	NA	NA	NA	0	NA	NA	NA	0	NA	NA	NA	NA	0	1	0	-	NA	fixed	NA	none	0	False	containment 0.00 < 0.5; only 0/1 enzymes produced a fit; no PTR estimate	BcgI:only 0 windows after outlier trimming	no enzyme produced a usable estimate
S_1413216	GCF_011038775.1	s__Neisseria_sp011038745	NA	NA	NA	0.001123595506	NA	NA	NA	0	NA	NA	NA	NA	0	1	0	-	NA	fixed	NA	none	0	False	containment 0.00 < 0.5; only 0/1 enzymes produced a fit; no PTR estimate	BcgI:only 0 windows after outlier trimming	no enzyme produced a usable estimate
S_1413216	GCF_011038885.1	s__Pauljensenia_sp011038875	NA	NA	NA	0.0009263547939	NA	NA	NA	0	NA	NA	NA	NA	0	1	0	-	NA	fixed	NA	none	0	False	containment 0.00 < 0.5; only 0/1 enzymes produced a fit; no PTR estimate	BcgI:only 1 windows after outlier trimming	no enzyme produced a usable estimate
S_1413216	GCF_011751965.1	s__Actinomyces_sp011751985	NA	NA	NA	0.0003512469266	NA	NA	NA	0	NA	NA	NA	NA	0	1	0	-	NA	fixed	NA	none	0	False	containment 0.00 < 0.5; only 0/1 enzymes produced a fit; no PTR estimate	BcgI:only 1 windows after outlier trimming	no enzyme produced a usable estimate
S_1413216	GCF_011752065.1	s__Actinomyces_sp011752065	9.272719449	0.25	0.02225184955	0.006646216769	1.833712013	0.8747670798	NA	564	0.7480547073	0.9309983622	-0.9499561797	2.699490339	1	1	1	BcgI	NA	fixed	2511691.785	glm	10	False	fraction 0.02 < 0.75; containment 0.01 < 0.5	-	single enzyme: no cross-enzyme consistency check available
S_1413216	GCF_011759595.1	s__Acinetobacter_guillouiae	NA	NA	NA	0.00198019802	NA	NA	NA	0	NA	NA	NA	NA	0	1	0	-	NA	fixed	NA	none	0	False	containment 0.00 < 0.5; only 0/1 enzymes produced a fit; no PTR estimate	BcgI:only 2 windows after outlier trimming	no enzyme produced a usable estimate
S_1413216	GCF_012184455.1	s__Caulobacter_vibrioides_E	NA	NA	NA	0.003247631935	NA	NA	NA	0	NA	NA	NA	NA	0	1	0	-	NA	fixed	NA	none	0	False	containment 0.00 < 0.5; only 0/1 enzymes produced a fit; no PTR estimate	BcgI:only 4 windows after outlier trimming	no enzyme produced a usable estimate
S_1413216	GCF_012273215.1	s__Gemella_haemolysans_A	29.9666286	47.15956615	0.1628571429	0.1633986928	2.333380468	1.222421564	NA	128	0.999462172	1.910500509	-2.522090625	4.966933754	1	1	1	BcgI	NA	fixed	1133544.825	glm	5	False	fraction 0.16 < 0.75; dispersion 47.16 > 5.0; containment 0.16 < 0.5	-	single enzyme: no cross-enzyme consistency check available
S_1413216	GCF_012396635.1	s__Gemella_sanguinis	16.61318244	22.41218528	0.4593164189	0.2932330827	5.646510497	2.497359568	NA	113	0.9997281696	1.49459821	-0.4319990956	5.426718231	1	1	1	BcgI	NA	fixed	817268.14	glm	13	False	fraction 0.46 < 0.75; dispersion 22.41 > 5.0; containment 0.29 < 0.5	-	single enzyme: no cross-enzyme consistency check available
S_1413216	GCF_012490605.1	s__Shewanella_xiamenensis	NA	NA	NA	0	NA	NA	NA	0	NA	NA	NA	NA	0	1	0	-	NA	fixed	NA	none	0	False	containment 0.00 < 0.5; only 0/1 enzymes produced a fit; no PTR estimate	BcgI:only 0 windows after outlier trimming	no enzyme produced a usable estimate
S_1413216	GCF_012843315.1	s__Streptococcus_sp012843315	15.89213369	13.84951707	0.1797739298	0.1057692308	74.23618606	6.214050688	NA	60	0.9958980023	1.346426242	3.575103745	8.85299763	1	1	1	BcgI	NA	fixed	515824.7967	glm	6	False	fraction 0.18 < 0.75; dispersion 13.85 > 5.0; containment 0.11 < 0.5	-	single enzyme: no cross-enzyme consistency check available
S_1413216	GCF_012978895.1	s__Campylobacter_A_curvus	NA	NA	NA	0	NA	NA	NA	0	NA	NA	NA	NA	0	1	0	-	NA	fixed	NA	none	0	False	containment 0.00 < 0.5; only 0/1 enzymes produced a fit; no PTR estimate	BcgI:only 0 windows after outlier trimming	no enzyme produced a usable estimate
S_1413216	GCF_013016685.1	s__Neisseria_gonorrhoeae	26.0709321	NA	0.1515814372	0.01184210526	45.99658733	5.523454921	NA	86	0.997971604	2.075000761	1.456528161	9.590381681	1	1	1	BcgI	NA	fixed	1346713.877	glm	7	False	fraction 0.15 < 0.75; containment 0.01 < 0.5	-	single enzyme: no cross-enzyme consistency check available
S_1413216	GCF_013099015.1	s__TM7x_sp013099015	NA	NA	NA	0.01176470588	NA	NA	NA	0	NA	NA	NA	NA	0	1	0	-	NA	fixed	NA	none	0	False	containment 0.01 < 0.5; only 0/1 enzymes produced a fit; no PTR estimate	BcgI:only 2 windows after outlier trimming	no enzyme produced a usable estimate
S_1413216	GCF_013099195.1	s__TM7x_sp013099195	NA	NA	NA	0.003816793893	NA	NA	NA	0	NA	NA	NA	NA	0	1	0	-	NA	fixed	NA	none	0	False	containment 0.00 < 0.5; only 0/1 enzymes produced a fit; no PTR estimate	BcgI:only 1 windows after outlier trimming	no enzyme produced a usable estimate
S_1413216	GCF_013100805.1	s__TM7x_sp013100805	NA	NA	NA	0.01214574899	NA	NA	NA	0	NA	NA	NA	NA	0	1	0	-	NA	fixed	NA	none	0	False	containment 0.01 < 0.5; only 0/1 enzymes produced a fit; no PTR estimate	BcgI:only 3 windows after outlier trimming	no enzyme produced a usable estimate
S_1413216	GCF_013100825.1	s__TM7x_sp013100825	NA	NA	NA	0.01293103448	NA	NA	NA	0	NA	NA	NA	NA	0	1	0	-	NA	fixed	NA	none	0	False	containment 0.01 < 0.5; only 0/1 enzymes produced a fit; no PTR estimate	BcgI:only 1 windows after outlier trimming	no enzyme produced a usable estimate
S_1413216	GCF_013267415.1	s__Abiotrophia_defectiva	67.37877255	110.0010073	0.1534259259	0.1476793249	10.19470949	3.349748759	NA	449	0.9997477989	1.269138447	0.862283112	5.837214407	1	1	1	BcgI	NA	fixed	1776117.224	glm	18	False	fraction 0.15 < 0.75; dispersion 110.00 > 5.0; containment 0.15 < 0.5	-	single enzyme: no cross-enzyme consistency check available
S_1413216	GCF_013276505.1	s__Streptococcus_sp013276505	NA	NA	NA	0.05813953488	NA	NA	NA	0	NA	NA	NA	NA	0	1	0	-	NA	fixed	NA	none	0	False	containment 0.06 < 0.5; only 0/1 enzymes produced a fit; no PTR estimate	BcgI:only 3 windows after outlier trimming	no enzyme produced a usable estimate
S_1413216	GCF_013276755.1	s__Streptococcus_sp013276795	NA	NA	NA	0.05	NA	NA	NA	0	NA	NA	NA	NA	0	1	0	-	NA	fixed	NA	none	0	False	containment 0.05 < 0.5; only 0/1 enzymes produced a fit; no PTR estimate	BcgI:only 2 windows after outlier trimming	no enzyme produced a usable estimate
S_1413216	GCF_013276955.1	s__Streptococcus_sp903645285	NA	NA	NA	0.04901960784	NA	NA	NA	0	NA	NA	NA	NA	0	1	0	-	NA	fixed	NA	none	0	False	containment 0.05 < 0.5; only 0/1 enzymes produced a fit; no PTR estimate	BcgI:only 3 windows after outlier trimming	no enzyme produced a usable estimate
S_1413216	GCF_013277075.1	s__Streptococcus_pseudopneumoniae_C	NA	NA	NA	0.04545454545	NA	NA	NA	0	NA	NA	NA	NA	0	1	0	-	NA	fixed	NA	none	0	False	containment 0.05 < 0.5; only 0/1 enzymes produced a fit; no PTR estimate	BcgI:only 2 windows after outlier trimming	no enzyme produced a usable estimate
S_1413216	GCF_013277115.1	s__Streptococcus_mitis_AW	113.3666667	65.71809068	0.2311111111	0.1046511628	3.546980058	1.826591219	NA	38	0.9948502599	2.016075482	-2.124844116	5.778026554	1	1	1	BcgI	NA	fixed	241656.0767	glm	5	False	fraction 0.23 < 0.75; dispersion 65.72 > 5.0; containment 0.10 < 0.5	-	single enzyme: no cross-enzyme consistency check available
S_1413216	GCF_013277125.1	s__Streptococcus_sp013277415	NA	NA	NA	0.09638554217	NA	NA	NA	0	NA	NA	NA	NA	0	1	0	-	NA	fixed	NA	none	0	False	containment 0.10 < 0.5; only 0/1 enzymes produced a fit; no PTR estimate	BcgI:only 25 anchors (< 30)	no enzyme produced a usable estimate
S_1413216	GCF_013277195.1	s__Streptococcus_mitis_BA	41.39977756	NA	0.3334199134	0.06849315068	12.31305942	3.622117368	NA	32	0.9797046498	1.625247853	0.4366901098	6.807544625	1	1	1	BcgI	NA	fixed	337866.0189	glm	5	False	fraction 0.33 < 0.75; containment 0.07 < 0.5	-	single enzyme: no cross-enzyme consistency check available
S_1413216	GCF_013277495.1	s__Streptococcus_sp013277515	NA	NA	NA	0.1363636364	NA	NA	NA	0	NA	NA	NA	NA	0	1	0	-	NA	fixed	NA	none	0	False	containment 0.14 < 0.5; only 0/1 enzymes produced a fit; no PTR estimate	BcgI:only 23 anchors (< 30)	no enzyme produced a usable estimate
S_1413216	GCF_013284375.1	s__Brevibacillus_parabrevis	NA	NA	NA	0.0008727526619	NA	NA	NA	0	NA	NA	NA	NA	0	1	0	-	NA	fixed	NA	none	0	False	containment 0.00 < 0.5; only 0/1 enzymes produced a fit; no PTR estimate	BcgI:only 2 windows after outlier trimming	no enzyme produced a usable estimate
S_1413216	GCF_013305725.1	s__Streptococcus_mitis_BO	NA	NA	NA	0.1515151515	NA	NA	NA	0	NA	NA	NA	NA	0	1	0	-	NA	fixed	NA	none	0	False	containment 0.15 < 0.5; only 0/1 enzymes produced a fit; no PTR estimate	BcgI:only 2 windows after outlier trimming	no enzyme produced a usable estimate
S_1413216	GCF_013307375.1	s__Moraxella_bovoculi	NA	NA	NA	0	NA	NA	NA	0	NA	NA	NA	NA	0	1	0	-	NA	fixed	NA	none	0	False	containment 0.00 < 0.5; only 0/1 enzymes produced a fit; no PTR estimate	BcgI:only 0 windows after outlier trimming	no enzyme produced a usable estimate
S_1413216	GCF_013377255.1	s__Mannheimia_granulomatis	NA	NA	NA	0	NA	NA	NA	0	NA	NA	NA	NA	0	1	0	-	NA	fixed	NA	none	0	False	containment 0.00 < 0.5; only 0/1 enzymes produced a fit; no PTR estimate	BcgI:only 0 windows after outlier trimming	no enzyme produced a usable estimate
S_1413216	GCF_013378355.1	s__Streptococcus_sanguinis_I	45.96428417	26.99805068	0.056	0.02366863905	17.77921443	4.152119675	NA	125	0.9995504454	2.426355949	-0.6034505986	8.907689949	1	1	1	BcgI	NA	fixed	462097.465	glm	5	False	fraction 0.06 < 0.75; dispersion 27.00 > 5.0; containment 0.02 < 0.5	-	single enzyme: no cross-enzyme consistency check available
S_1413216	GCF_013386405.1	s__Pseudomonas_E_putida_E	NA	NA	NA	0	NA	NA	NA	0	NA	NA	NA	NA	0	1	0	-	NA	fixed	NA	none	0	False	containment 0.00 < 0.5; only 0/1 enzymes produced a fit; no PTR estimate	BcgI:only 0 windows after outlier trimming	no enzyme produced a usable estimate
S_1413216	GCF_013390465.1	s__Xanthomonas_campestris	NA	NA	NA	0.001211754014	NA	NA	NA	0	NA	NA	NA	NA	0	1	0	-	NA	fixed	NA	none	0	False	containment 0.00 < 0.5; only 0/1 enzymes produced a fit; no PTR estimate	BcgI:only 2 windows after outlier trimming	no enzyme produced a usable estimate
S_1413216	GCF_013393195.1	s__Flavobacterium_collinsii_A	NA	NA	NA	0	NA	NA	NA	0	NA	NA	NA	NA	0	1	0	-	NA	fixed	NA	none	0	False	containment 0.00 < 0.5; only 0/1 enzymes produced a fit; no PTR estimate	BcgI:only 0 windows after outlier trimming	no enzyme produced a usable estimate
S_1413216	GCF_013394695.1	s__Streptococcus_sp013394695	15.39566231	93.31904261	0.4716666667	0.4689655172	3.259959958	1.704854244	NA	145	0.9992660458	0.788658139	0.1591126955	3.250595793	1	1	1	BcgI	NA	fixed	1272285.76	glm	6	False	fraction 0.47 < 0.75; dispersion 93.32 > 5.0; containment 0.47 < 0.5	-	single enzyme: no cross-enzyme consistency check available
S_1413216	GCF_013394755.1	s__TM7x_sp005697215	3.010738698	1.896031746	0.1019444444	0.08230452675	3.428507772	1.777580793	NA	193	0.948288015	1.771101139	-1.693713653	5.248875238	1	1	1	BcgI	NA	fixed	593872.1533	glm	8	False	fraction 0.10 < 0.75; containment 0.08 < 0.5	-	single enzyme: no cross-enzyme consistency check available
S_1413216	GCF_013394795.1	s__Leptotrichia_sp013394795	NA	NA	NA	0.01694915254	NA	NA	NA	0	NA	NA	NA	NA	0	1	0	-	NA	fixed	NA	none	0	False	containment 0.02 < 0.5; only 0/1 enzymes produced a fit; no PTR estimate	BcgI:only 2 windows after outlier trimming	no enzyme produced a usable estimate
S_1413216	GCF_013410305.1	s__Corynebacterium_durum	7.588536696	34.31400452	0.4558980842	0.4610361341	1.313179956	0.3930646341	NA	2024	0.9987238259	0.386432114	-0.3643283918	1.15045766	1	1	1	BcgI	NA	fixed	1934586.558	glm	22	False	fraction 0.46 < 0.75; dispersion 34.31 > 5.0; containment 0.46 < 0.5	-	single enzyme: no cross-enzyme consistency check available
S_1413216	GCF_013415415.1	s__Actinomyces_bowdenii_B	NA	NA	NA	0.0004541326067	NA	NA	NA	0	NA	NA	NA	NA	0	1	0	-	NA	fixed	NA	none	0	False	containment 0.00 < 0.5; only 0/1 enzymes produced a fit; no PTR estimate	BcgI:only 0 windows after outlier trimming	no enzyme produced a usable estimate
S_1413216	GCF_013522775.1	s__Pseudomonas_B_oryzihabitans	NA	NA	NA	0	NA	NA	NA	0	NA	NA	NA	NA	0	1	0	-	NA	fixed	NA	none	0	False	containment 0.00 < 0.5; only 0/1 enzymes produced a fit; no PTR estimate	BcgI:only 0 windows after outlier trimming	no enzyme produced a usable estimate
S_1413216	GCF_014054965.1	s__Eikenella_shayeganii	NA	NA	NA	0.0005497526113	NA	NA	NA	0	NA	NA	NA	NA	0	1	0	-	NA	fixed	NA	none	0	False	containment 0.00 < 0.5; only 0/1 enzymes produced a fit; no PTR estimate	BcgI:only 1 windows after outlier trimming	no enzyme produced a usable estimate
S_1413216	GCF_014141695.1	s__Ralstonia_pickettii	3.560081639	0.8543692022	0.07368378801	0.01022304833	2.630851087	1.39552959	NA	1651	0.8889218474	0.8934938802	-0.3556862352	3.146745416	1	1	1	BcgI	NA	fixed	3003685.392	glm	21	False	fraction 0.07 < 0.75; containment 0.01 < 0.5	-	single enzyme: no cross-enzyme consistency check available
S_1413216	GCF_014142545.1	s__Ralstonia_pickettii_B	3.277774676	0.8285714286	0.01712806463	0.006320224719	1.562241262	0.6436172709	NA	1099	0.6700767159	0.5392905192	-0.413372724	1.700607266	1	1	1	BcgI	NA	fixed	5367291.073	glm	11	False	fraction 0.02 < 0.75; containment 0.01 < 0.5	-	single enzyme: no cross-enzyme consistency check available
S_1413216	GCF_014145815.1	s__Stenotrophomonas_koreensis	NA	NA	NA	0	NA	NA	NA	0	NA	NA	NA	NA	0	1	0	-	NA	fixed	NA	none	0	False	containment 0.00 < 0.5; only 0/1 enzymes produced a fit; no PTR estimate	BcgI:only 0 windows after outlier trimming	no enzyme produced a usable estimate
S_1413216	GCF_014194675.1	s__Comamonas_aquatica	NA	NA	NA	0	NA	NA	NA	0	NA	NA	NA	NA	0	1	0	-	NA	fixed	NA	none	0	False	containment 0.00 < 0.5; only 0/1 enzymes produced a fit; no PTR estimate	BcgI:only 0 windows after outlier trimming	no enzyme produced a usable estimate
S_1413216	GCF_014195585.1	s__Alloprevotella_rava	2.21234783	0.2	0.02781721384	0.01208702659	2.497600017	1.320542453	NA	221	0.70080798	0.494662757	0.3510212644	2.290063641	1	1	1	BcgI	NA	fixed	589191.0811	glm	5	False	fraction 0.03 < 0.75; containment 0.01 < 0.5	-	single enzyme: no cross-enzyme consistency check available
S_1413216	GCF_014199985.1	s__Methylobacterium_rhodesianum	NA	NA	NA	0.001722995361	NA	NA	NA	0	NA	NA	NA	NA	0	1	0	-	NA	fixed	NA	none	0	False	containment 0.00 < 0.5; only 0/1 enzymes produced a fit; no PTR estimate	BcgI:only 4 windows after outlier trimming	no enzyme produced a usable estimate
S_1413216	GCF_014217915.1	s__Janibacter_indicus	NA	NA	NA	0.00153441473	NA	NA	NA	0	NA	NA	NA	NA	0	1	0	-	NA	fixed	NA	none	0	False	containment 0.00 < 0.5; only 0/1 enzymes produced a fit; no PTR estimate	BcgI:only 1 windows after outlier trimming	no enzyme produced a usable estimate
S_1413216	GCF_014253065.1	s__Campylobacter_A_sp014253065	NA	NA	NA	0.005420054201	NA	NA	NA	0	NA	NA	NA	NA	0	1	0	-	NA	fixed	NA	none	0	False	containment 0.01 < 0.5; only 0/1 enzymes produced a fit; no PTR estimate	BcgI:only 2 windows after outlier trimming	no enzyme produced a usable estimate
S_1413216	GCF_014334325.1	s__Treponema_D_sp014334325	NA	NA	NA	0.001440403313	NA	NA	NA	0	NA	NA	NA	NA	0	1	0	-	NA	fixed	NA	none	0	False	containment 0.00 < 0.5; only 0/1 enzymes produced a fit; no PTR estimate	BcgI:only 2 windows after outlier trimming	no enzyme produced a usable estimate
S_1413216	GCF_014334335.1	s__Treponema_D_sp014334335	NA	NA	NA	0	NA	NA	NA	0	NA	NA	NA	NA	0	1	0	-	NA	fixed	NA	none	0	False	containment 0.00 < 0.5; only 0/1 enzymes produced a fit; no PTR estimate	BcgI:only 0 windows after outlier trimming	no enzyme produced a usable estimate
S_1413216	GCF_014385435.1	s__F0040_sp003639005	NA	NA	NA	0.002610966057	NA	NA	NA	0	NA	NA	NA	NA	0	1	0	-	NA	fixed	NA	none	0	False	containment 0.00 < 0.5; only 0/1 enzymes produced a fit; no PTR estimate	BcgI:only 4 windows after outlier trimming	no enzyme produced a usable estimate
S_1413216	GCF_014489875.1	s__Stenotrophomonas_pavanii	2.302026847	0.8095238095	0.0151199125	0.003035477139	4.813037482	2.266947659	NA	700	0.8646027897	0.3023490804	1.67435435	2.859540967	1	1	1	BcgI	NA	fixed	421772.3611	glm	8	False	fraction 0.02 < 0.75; containment 0.00 < 0.5	-	single enzyme: no cross-enzyme consistency check available
S_1413216	GCF_014596365.1	s__Neisseria_flavescens_B	69.27030321	150.7249376	0.1856696565	0.08760330579	19.89996106	4.314693703	NA	450	0.9998679772	2.010524501	0.3741380902	8.255249315	1	1	1	BcgI	NA	fixed	1216858.172	glm	22	False	fraction 0.19 < 0.75; dispersion 150.72 > 5.0; containment 0.09 < 0.5	-	single enzyme: no cross-enzyme consistency check available
S_1413216	GCF_900014995.1	s__Pseudoclavibacter_helvolus	NA	NA	NA	0	NA	NA	NA	0	NA	NA	NA	NA	0	1	0	-	NA	fixed	NA	none	0	False	containment 0.00 < 0.5; only 0/1 enzymes produced a fit; no PTR estimate	BcgI:only 0 windows after outlier trimming	no enzyme produced a usable estimate
S_1413216	GCF_900052935.1	s__Legionella_pneumophila	NA	NA	NA	0	NA	NA	NA	0	NA	NA	NA	NA	0	1	0	-	NA	fixed	NA	none	0	False	containment 0.00 < 0.5; only 0/1 enzymes produced a fit; no PTR estimate	BcgI:only 0 windows after outlier trimming	no enzyme produced a usable estimate
S_1413216	GCF_900061175.1	s__Streptococcus_pneumoniae	20.3682758	15.94811321	0.1747496947	0.07518796992	10.17870349	3.347481905	NA	50	0.9992118796	3.223673511	-2.970802074	9.665765884	1	1	1	BcgI	NA	fixed	768859.2911	glm	5	False	fraction 0.17 < 0.75; dispersion 15.95 > 5.0; containment 0.08 < 0.5	-	single enzyme: no cross-enzyme consistency check available
S_1413216	GCF_900095705.1	s__Fusobacterium_massiliense	NA	NA	NA	0.01851851852	NA	NA	NA	0	NA	NA	NA	NA	0	1	0	-	NA	fixed	NA	none	0	False	containment 0.02 < 0.5; only 0/1 enzymes produced a fit; no PTR estimate	BcgI:only 1 windows after outlier trimming	no enzyme produced a usable estimate
S_1413216	GCF_900101615.1	s__Belnapia_rosea	NA	NA	NA	0.0001246727341	NA	NA	NA	0	NA	NA	NA	NA	0	1	0	-	NA	fixed	NA	none	0	False	containment 0.00 < 0.5; only 0/1 enzymes produced a fit; no PTR estimate	BcgI:only 1 windows after outlier trimming	no enzyme produced a usable estimate
S_1413216	GCF_900104285.1	s__Streptococcus_sp900104285	NA	NA	NA	0.0253164557	NA	NA	NA	0	NA	NA	NA	NA	0	1	0	-	NA	fixed	NA	none	0	False	containment 0.03 < 0.5; only 0/1 enzymes produced a fit; no PTR estimate	BcgI:only 1 windows after outlier trimming	no enzyme produced a usable estimate
S_1413216	GCF_900107735.1	s__Bowdeniella_nasicola_A	NA	NA	NA	0	NA	NA	NA	0	NA	NA	NA	NA	0	1	0	-	NA	fixed	NA	none	0	False	containment 0.00 < 0.5; only 0/1 enzymes produced a fit; no PTR estimate	BcgI:only 0 windows after outlier trimming	no enzyme produced a usable estimate
S_1413216	GCF_900111135.1	s__Granulicatella_balaenopterae	NA	NA	NA	0.005449591281	NA	NA	NA	0	NA	NA	NA	NA	0	1	0	-	NA	fixed	NA	none	0	False	containment 0.01 < 0.5; only 0/1 enzymes produced a fit; no PTR estimate	BcgI:only 2 windows after outlier trimming	no enzyme produced a usable estimate
S_1413216	GCF_900112185.1	s__Bosea_sp900112185	NA	NA	NA	0.0003996802558	NA	NA	NA	0	NA	NA	NA	NA	0	1	0	-	NA	fixed	NA	none	0	False	containment 0.00 < 0.5; only 0/1 enzymes produced a fit; no PTR estimate	BcgI:only 1 windows after outlier trimming	no enzyme produced a usable estimate
S_1413216	GCF_900113305.1	s__Prevotella_sp900113305	NA	NA	NA	0.0008984725966	NA	NA	NA	0	NA	NA	NA	NA	0	1	0	-	NA	fixed	NA	none	0	False	containment 0.00 < 0.5; only 0/1 enzymes produced a fit; no PTR estimate	BcgI:only 2 windows after outlier trimming	no enzyme produced a usable estimate
S_1413216	GCF_900115315.1	s__Capnocytophaga_haemolytica	NA	NA	NA	0.0007423904974	NA	NA	NA	0	NA	NA	NA	NA	0	1	0	-	NA	fixed	NA	none	0	False	containment 0.00 < 0.5; only 0/1 enzymes produced a fit; no PTR estimate	BcgI:only 1 windows after outlier trimming	no enzyme produced a usable estimate
S_1413216	GCF_900115545.1	s__Ralstonia_sp900115545	2.692590338	0.4166666667	0.01350230105	0.002681478644	5.734018548	2.519546571	NA	916	0.8549075174	0.6343840275	1.276176725	3.762916418	1	1	1	BcgI	NA	fixed	717262.59	glm	10	False	fraction 0.01 < 0.75; containment 0.00 < 0.5	-	single enzyme: no cross-enzyme consistency check available
S_1413216	GCF_900115665.1	s__Pseudarcicella_hirudinis	NA	NA	NA	0.0007423904974	NA	NA	NA	0	NA	NA	NA	NA	0	1	0	-	NA	fixed	NA	none	0	False	containment 0.00 < 0.5; only 0/1 enzymes produced a fit; no PTR estimate	BcgI:only 1 windows after outlier trimming	no enzyme produced a usable estimate
S_1413216	GCF_900118505.1	s__Chlamydophila_abortus	NA	NA	NA	0	NA	NA	NA	0	NA	NA	NA	NA	0	1	0	-	NA	fixed	NA	none	0	False	containment 0.00 < 0.5; only 0/1 enzymes produced a fit; no PTR estimate	BcgI:only 0 windows after outlier trimming	no enzyme produced a usable estimate
S_1413216	GCF_900120245.1	s__Pauljensenia_marseillensis	7.331100658	11.82881788	0.08732663797	0.06956521739	0.7176445194	-0.4786587036	NA	830	0.9674453519	0.9293332003	-2.300118306	1.342800899	1	1	1	BcgI	NA	fixed	1410498.662	glm	20	False	fraction 0.09 < 0.75; dispersion 11.83 > 5.0; containment 0.07 < 0.5	-	single enzyme: no cross-enzyme consistency check available
S_1413216	GCF_900128465.1	s__Pauljensenia_bouchesdurhonensis	6.105270855	6.259129918	0.03088338483	0.02464065708	3.229686276	1.691394032	NA	1475	0.9767227876	1.273518684	-0.8046567224	4.187444786	1	1	1	BcgI	NA	fixed	1438321.299	glm	19	False	fraction 0.03 < 0.75; dispersion 6.26 > 5.0; containment 0.02 < 0.5	-	single enzyme: no cross-enzyme consistency check available
S_1413216	GCF_900155595.1	s__Pauljensenia_mediterranea	NA	NA	NA	0.001163805644	NA	NA	NA	0	NA	NA	NA	NA	0	1	0	-	NA	fixed	NA	none	0	False	containment 0.00 < 0.5; only 0/1 enzymes produced a fit; no PTR estimate	BcgI:only 2 windows after outlier trimming	no enzyme produced a usable estimate
S_1413216	GCF_900156035.1	s__Corynebacterium_afermentans	NA	NA	NA	0.0003946329913	NA	NA	NA	0	NA	NA	NA	NA	0	1	0	-	NA	fixed	NA	none	0	False	containment 0.00 < 0.5; only 0/1 enzymes produced a fit; no PTR estimate	BcgI:only 0 windows after outlier trimming	no enzyme produced a usable estimate
S_1413216	GCF_900156605.1	s__Insolitispirillum_peregrinum	NA	NA	NA	0	NA	NA	NA	0	NA	NA	NA	NA	0	1	0	-	NA	fixed	NA	none	0	False	containment 0.00 < 0.5; only 0/1 enzymes produced a fit; no PTR estimate	BcgI:only 0 windows after outlier trimming	no enzyme produced a usable estimate
S_1413216	GCF_900186465.1	s__Centipeda_felix	1.60465542	0.6339962121	0.0296174942	0.02278177458	2.986053621	1.578240072	NA	1752	0.906912938	0.6369390239	0.3298625251	2.826617619	1	1	1	BcgI	NA	fixed	1640193.455	glm	18	False	fraction 0.03 < 0.75; containment 0.02 < 0.5	-	single enzyme: no cross-enzyme consistency check available
S_1413216	GCF_900186885.1	s__Veillonella_parvula	13.10670342	15.86593955	0.2717647059	0.2768595041	1.419121542	0.5049981553	NA	242	0.831535362	1.280486348	-2.00470897	3.01470528	1	1	1	BcgI	NA	fixed	707316.5167	glm	10	False	fraction 0.27 < 0.75; dispersion 15.87 > 5.0; containment 0.28 < 0.5	-	single enzyme: no cross-enzyme consistency check available
S_1413216	GCF_900187285.1	s__Veillonella_rodentium	NA	NA	NA	0	NA	NA	NA	0	NA	NA	NA	NA	0	1	0	-	NA	fixed	NA	none	0	False	containment 0.00 < 0.5; only 0/1 enzymes produced a fit; no PTR estimate	BcgI:only 0 windows after outlier trimming	no enzyme produced a usable estimate
S_1413216	GCF_900199505.1	s__KH17_sp900199505	NA	NA	NA	0	NA	NA	NA	0	NA	NA	NA	NA	0	1	0	-	NA	fixed	NA	none	0	False	containment 0.00 < 0.5; only 0/1 enzymes produced a fit; no PTR estimate	BcgI:only 0 windows after outlier trimming	no enzyme produced a usable estimate
S_1413216	GCF_900289195.1	s__Propionibacterium_sp900289195	NA	NA	NA	0	NA	NA	NA	0	NA	NA	NA	NA	0	1	0	-	NA	fixed	NA	none	0	False	containment 0.00 < 0.5; only 0/1 enzymes produced a fit; no PTR estimate	BcgI:only 0 windows after outlier trimming	no enzyme produced a usable estimate
S_1413216	GCF_900290285.1	s__Centipeda_massiliensis	NA	NA	NA	0.001896933291	NA	NA	NA	0	NA	NA	NA	NA	0	1	0	-	NA	fixed	NA	none	0	False	containment 0.00 < 0.5; only 0/1 enzymes produced a fit; no PTR estimate	BcgI:only 3 windows after outlier trimming	no enzyme produced a usable estimate
S_1413216	GCF_900407485.1	s__Haemophilus_influenzae	NA	NA	NA	0.01492537313	NA	NA	NA	0	NA	NA	NA	NA	0	1	0	-	NA	fixed	NA	none	0	False	containment 0.01 < 0.5; only 0/1 enzymes produced a fit; no PTR estimate	BcgI:only 1 windows after outlier trimming	no enzyme produced a usable estimate
S_1413216	GCF_900445025.1	s__Pauljensenia_odontolytica	10.32809398	6.622881359	0.03136996654	0.02448979592	3.775796953	1.916781184	NA	2045	0.9995451371	1.228829984	-0.4916813265	4.325243695	1	1	1	BcgI	NA	fixed	1219524.577	glm	22	False	fraction 0.03 < 0.75; dispersion 6.62 > 5.0; containment 0.02 < 0.5	-	single enzyme: no cross-enzyme consistency check available
S_1413216	GCF_900450505.1	s__Slackia_exigua	NA	NA	NA	0	NA	NA	NA	0	NA	NA	NA	NA	0	1	0	-	NA	fixed	NA	none	0	False	containment 0.00 < 0.5; only 0/1 enzymes produced a fit; no PTR estimate	BcgI:only 0 windows after outlier trimming	no enzyme produced a usable estimate
S_1413216	GCF_900450875.1	s__Haemophilus_A_parahaemolyticus	NA	NA	NA	0.006281407035	NA	NA	NA	0	NA	NA	NA	NA	0	1	0	-	NA	fixed	NA	none	0	False	containment 0.01 < 0.5; only 0/1 enzymes produced a fit; no PTR estimate	BcgI:only 4 windows after outlier trimming	no enzyme produced a usable estimate
S_1413216	GCF_900450995.1	s__Haemophilus_D_parainfluenzae_M	24.87053164	83.75770881	0.12	0.09446254072	14.73206939	3.880888193	NA	200	0.9999342168	2.263996299	-0.556463014	8.318239399	1	1	1	BcgI	NA	fixed	965990.0475	glm	8	False	fraction 0.12 < 0.75; dispersion 83.76 > 5.0; containment 0.09 < 0.5	-	single enzyme: no cross-enzyme consistency check available
S_1413216	GCF_900451065.1	s__Haemophilus_A_paraphrohaemolyticus	NA	NA	NA	0.00482509047	NA	NA	NA	0	NA	NA	NA	NA	0	1	0	-	NA	fixed	NA	none	0	False	containment 0.00 < 0.5; only 0/1 enzymes produced a fit; no PTR estimate	BcgI:only 3 windows after outlier trimming	no enzyme produced a usable estimate
S_1413216	GCF_900451175.1	s__Neisseria_potus	NA	NA	NA	0	NA	NA	NA	0	NA	NA	NA	NA	0	1	0	-	NA	fixed	NA	none	0	False	containment 0.00 < 0.5; only 0/1 enzymes produced a fit; no PTR estimate	BcgI:only 0 windows after outlier trimming	no enzyme produced a usable estimate
S_1413216	GCF_900451365.1	s__Kingella_A_denitrificans	3.723021809	4.181706668	0.1209862601	0.1251511487	2.311176255	1.208627287	NA	1522	0.9891917788	0.4825793718	0.2627890987	2.154465476	1	1	1	BcgI	NA	fixed	962144.9406	glm	23	False	fraction 0.12 < 0.75; containment 0.13 < 0.5	-	single enzyme: no cross-enzyme consistency check available
S_1413216	GCF_900452275.1	s__Kluyvera_cryocrescens	NA	NA	NA	0	NA	NA	NA	0	NA	NA	NA	NA	0	1	0	-	NA	fixed	NA	none	0	False	containment 0.00 < 0.5; only 0/1 enzymes produced a fit; no PTR estimate	BcgI:only 0 windows after outlier trimming	no enzyme produced a usable estimate
S_1413216	GCF_900454205.1	s__Neisseria_zoodegmatis	NA	NA	NA	0.001336005344	NA	NA	NA	0	NA	NA	NA	NA	0	1	0	-	NA	fixed	NA	none	0	False	containment 0.00 < 0.5; only 0/1 enzymes produced a fit; no PTR estimate	BcgI:only 2 windows after outlier trimming	no enzyme produced a usable estimate
S_1413216	GCF_900454815.1	s__Porphyromonas_endodontalis	NA	NA	NA	0.003909304144	NA	NA	NA	0	NA	NA	NA	NA	0	1	0	-	NA	fixed	NA	none	0	False	containment 0.00 < 0.5; only 0/1 enzymes produced a fit; no PTR estimate	BcgI:only 2 windows after outlier trimming	no enzyme produced a usable estimate
S_1413216	GCF_900454835.1	s__Prevotella_denticola	2.863778225	4.147416925	0.226984127	0.227672956	1.305865359	0.3850061552	NA	1260	0.8666370061	0.4037496581	-0.4063286334	1.176340944	1	1	1	BcgI	NA	fixed	2762126.895	glm	20	False	fraction 0.23 < 0.75; containment 0.23 < 0.5	-	single enzyme: no cross-enzyme consistency check available
S_1413216	GCF_900454935.1	s__Prevotella_pallens	2.85783325	6.369934186	0.2892886964	0.2902698283	2.024224401	1.017369233	NA	1056	0.9796877334	0.4087100777	0.2163122008	1.818426265	1	1	1	BcgI	NA	fixed	1228845.13	glm	22	False	fraction 0.29 < 0.75; dispersion 6.37 > 5.0; containment 0.29 < 0.5	-	single enzyme: no cross-enzyme consistency check available
S_1413216	GCF_900459415.1	s__Streptococcus_infantis	32.32969067	103.8396975	0.3532972973	0.3649635036	6231.276373	12.60531199	NA	137	1	0.6855155377	11.26172623	13.94889775	1	1	1	BcgI	NA	fixed	1412192.538	glm	5	False	fraction 0.35 < 0.75; dispersion 103.84 > 5.0; containment 0.36 < 0.5	-	single enzyme: no cross-enzyme consistency check available
S_1413216	GCF_900460625.1	s__Actinobacillus_B_seminis	NA	NA	NA	0	NA	NA	NA	0	NA	NA	NA	NA	0	1	0	-	NA	fixed	NA	none	0	False	containment 0.00 < 0.5; only 0/1 enzymes produced a fit; no PTR estimate	BcgI:only 0 windows after outlier trimming	no enzyme produced a usable estimate
S_1413216	GCF_900460955.1	s__Cardiobacterium_valvarum	NA	NA	NA	0.003498950315	NA	NA	NA	0	NA	NA	NA	NA	0	1	0	-	NA	fixed	NA	none	0	False	containment 0.00 < 0.5; only 0/1 enzymes produced a fit; no PTR estimate	BcgI:only 4 windows after outlier trimming	no enzyme produced a usable estimate
S_1413216	GCF_900469495.1	s__Agrobacterium_pusense	NA	NA	NA	0.0008256274769	NA	NA	NA	0	NA	NA	NA	NA	0	1	0	-	NA	fixed	NA	none	0	False	containment 0.00 < 0.5; only 0/1 enzymes produced a fit; no PTR estimate	BcgI:only 1 windows after outlier trimming	no enzyme produced a usable estimate
S_1413216	GCF_900469525.1	s__Allorhizobium_rosettiformans	NA	NA	NA	0.0001394700139	NA	NA	NA	0	NA	NA	NA	NA	0	1	0	-	NA	fixed	NA	none	0	False	containment 0.00 < 0.5; only 0/1 enzymes produced a fit; no PTR estimate	BcgI:only 0 windows after outlier trimming	no enzyme produced a usable estimate
S_1413216	GCF_900470035.1	s__Bosea_vestrisii	NA	NA	NA	0.0001193744777	NA	NA	NA	0	NA	NA	NA	NA	0	1	0	-	NA	fixed	NA	none	0	False	containment 0.00 < 0.5; only 0/1 enzymes produced a fit; no PTR estimate	BcgI:only 0 windows after outlier trimming	no enzyme produced a usable estimate
S_1413216	GCF_900476055.1	s__Streptococcus_australis	20.50729464	42.109601	0.1998095238	0.221402214	6.530659691	2.707228732	NA	246	0.9990258529	0.971199426	0.8037128355	4.610744629	1	1	1	BcgI	NA	fixed	523209.7117	glm	10	False	fraction 0.20 < 0.75; dispersion 42.11 > 5.0; containment 0.22 < 0.5	-	single enzyme: no cross-enzyme consistency check available
S_1413216	GCF_900498865.1	s__Klebsiella_pneumoniae	NA	NA	NA	0	NA	NA	NA	0	NA	NA	NA	NA	0	1	0	-	NA	fixed	NA	none	0	False	containment 0.00 < 0.5; only 0/1 enzymes produced a fit; no PTR estimate	BcgI:only 0 windows after outlier trimming	no enzyme produced a usable estimate
S_1413216	GCF_900499005.1	s__Pauljensenia_culturomici	NA	NA	NA	0.0006781959986	NA	NA	NA	0	NA	NA	NA	NA	0	1	0	-	NA	fixed	NA	none	0	False	containment 0.00 < 0.5; only 0/1 enzymes produced a fit; no PTR estimate	BcgI:only 1 windows after outlier trimming	no enzyme produced a usable estimate
S_1413216	GCF_900536635.1	s__Propionibacterium_australiense	NA	NA	NA	0	NA	NA	NA	0	NA	NA	NA	NA	0	1	0	-	NA	fixed	NA	none	0	False	containment 0.00 < 0.5; only 0/1 enzymes produced a fit; no PTR estimate	BcgI:only 0 windows after outlier trimming	no enzyme produced a usable estimate
S_1413216	GCF_900555265.1	s__TM7x_sp900555265	6.079440038	8.333333333	0.07550582751	0.05464480874	19.93682204	4.317363555	NA	121	0.9911211906	1.073207385	2.213915733	6.420811377	1	1	1	BcgI	NA	fixed	298313.55	glm	5	False	fraction 0.08 < 0.75; dispersion 8.33 > 5.0; containment 0.05 < 0.5	-	single enzyme: no cross-enzyme consistency check available
S_1413216	GCF_900555425.1	s__TM7x_sp900555425	NA	NA	NA	0.08333333333	NA	NA	NA	0	NA	NA	NA	NA	0	1	0	-	NA	fixed	NA	none	0	False	containment 0.08 < 0.5; only 0/1 enzymes produced a fit; no PTR estimate	BcgI:only 27 anchors (< 30)	no enzyme produced a usable estimate
S_1413216	GCF_900555675.1	s__TM7x_sp900555675	3.958160656	1.021428571	0.3153930499	0.08187134503	2.894460529	1.533294483	NA	54	0.7735978858	0.810061537	-0.05439695455	3.120985921	1	1	1	BcgI	NA	fixed	245970.1156	glm	8	False	fraction 0.32 < 0.75; containment 0.08 < 0.5	-	single enzyme: no cross-enzyme consistency check available
S_1413216	GCF_900555885.1	s__TM7x_sp900555885	NA	NA	NA	0.06818181818	NA	NA	NA	0	NA	NA	NA	NA	0	1	0	-	NA	fixed	NA	none	0	False	containment 0.07 < 0.5; only 0/1 enzymes produced a fit; no PTR estimate	BcgI:only 23 anchors (< 30)	no enzyme produced a usable estimate
S_1413216	GCF_900556355.1	s__TM7x_sp900556355	NA	NA	NA	0.2051282051	NA	NA	NA	0	NA	NA	NA	NA	0	1	0	-	NA	fixed	NA	none	0	False	containment 0.21 < 0.5; only 0/1 enzymes produced a fit; no PTR estimate	BcgI:only 22 anchors (< 30)	no enzyme produced a usable estimate
S_1413216	GCF_900556885.1	s__TM7x_sp900556885	4.71540673	2.846153846	0.2569444444	0.07586206897	1.758937636	0.8147043325	NA	57	0.6603293216	1.6885008	-2.494696423	4.124105088	1	1	1	BcgI	NA	fixed	335195.63	glm	9	False	fraction 0.26 < 0.75; containment 0.08 < 0.5	-	single enzyme: no cross-enzyme consistency check available
S_1413216	GCF_900557595.1	s__TM7x_sp900557595	9.766400947	7.331741861	0.6666666667	0.4047619048	2.565480167	1.359228873	NA	75	0.9755931786	0.826226532	-0.2601453731	2.978603119	1	1	1	BcgI	NA	fixed	184539.6272	glm	28	False	fraction 0.67 < 0.75; dispersion 7.33 > 5.0; containment 0.40 < 0.5	-	single enzyme: no cross-enzyme consistency check available
S_1413216	GCF_900566195.1	s__Treponema_D_pectinovorum	NA	NA	NA	0	NA	NA	NA	0	NA	NA	NA	NA	0	1	0	-	NA	fixed	NA	none	0	False	containment 0.00 < 0.5; only 0/1 enzymes produced a fit; no PTR estimate	BcgI:only 0 windows after outlier trimming	no enzyme produced a usable estimate
S_1413216	GCF_900573955.1	s__Campylobacter_A_showae_D	2.313863087	1.433333333	0.04761904762	0.01412429379	1.896305829	0.9231916556	NA	168	0.667692818	0.9593819821	-0.9571624767	2.803545788	1	1	1	BcgI	NA	fixed	945928.6103	glm	6	False	fraction 0.05 < 0.75; containment 0.01 < 0.5	-	single enzyme: no cross-enzyme consistency check available
S_1413216	GCF_900573975.1	s__Campylobacter_A_showae_A	NA	NA	NA	0.008905852417	NA	NA	NA	0	NA	NA	NA	NA	0	1	0	-	NA	fixed	NA	none	0	False	containment 0.01 < 0.5; only 0/1 enzymes produced a fit; no PTR estimate	BcgI:only 3 windows after outlier trimming	no enzyme produced a usable estimate
S_1413216	GCF_900573985.1	s__Campylobacter_A_showae_E	NA	NA	NA	0.005256241787	NA	NA	NA	0	NA	NA	NA	NA	0	1	0	-	NA	fixed	NA	none	0	False	containment 0.01 < 0.5; only 0/1 enzymes produced a fit; no PTR estimate	BcgI:only 2 windows after outlier trimming	no enzyme produced a usable estimate
S_1413216	GCF_900605015.1	s__Olsenella_B_sp900605015	NA	NA	NA	0.0005430355688	NA	NA	NA	0	NA	NA	NA	NA	0	1	0	-	NA	fixed	NA	none	0	False	containment 0.00 < 0.5; only 0/1 enzymes produced a fit; no PTR estimate	BcgI:only 1 windows after outlier trimming	no enzyme produced a usable estimate
S_1413216	GCF_900607225.1	s__Arachnia_sp900607225	6.187729279	7.71554996	0.03268603466	0.02359012164	9.767745076	3.288025549	NA	1809	0.9993758975	1.510798741	0.3269144275	6.24913667	1	1	1	BcgI	NA	fixed	188889.4467	glm	18	False	fraction 0.03 < 0.75; dispersion 7.72 > 5.0; containment 0.02 < 0.5	-	single enzyme: no cross-enzyme consistency check available
S_1413216	GCF_900634705.1	s__Frankia_coriariae	NA	NA	NA	0.0002227171492	NA	NA	NA	0	NA	NA	NA	NA	0	1	0	-	NA	fixed	NA	none	0	False	containment 0.00 < 0.5; only 0/1 enzymes produced a fit; no PTR estimate	BcgI:only 0 windows after outlier trimming	no enzyme produced a usable estimate
S_1413216	GCF_900635155.1	s__Streptococcus_sanguinis_G	23.69769823	29.37977741	0.08204545455	0.05882352941	3.498189096	1.806608277	NA	197	0.9984189683	1.44674529	-1.028960387	4.642176941	1	1	1	BcgI	NA	fixed	550712.9644	glm	8	False	fraction 0.08 < 0.75; dispersion 29.38 > 5.0; containment 0.06 < 0.5	-	single enzyme: no cross-enzyme consistency check available
S_1413216	GCF_900637555.1	s__Lautropia_mirabilis	14.61510257	59.80048476	0.4160775862	0.4183354193	1.377591714	0.4621483708	NA	2896	0.9986903147	0.3242252205	-0.1733213843	1.097618126	1	1	1	BcgI	NA	fixed	579199.1994	glm	29	False	fraction 0.42 < 0.75; dispersion 59.80 > 5.0; containment 0.42 < 0.5	-	single enzyme: no cross-enzyme consistency check available
S_1413216	GCF_900683665.1	s__Bacteroides_heparinolyticus	NA	NA	NA	0.001374255612	NA	NA	NA	0	NA	NA	NA	NA	0	1	0	-	NA	fixed	NA	none	0	False	containment 0.00 < 0.5; only 0/1 enzymes produced a fit; no PTR estimate	BcgI:only 2 windows after outlier trimming	no enzyme produced a usable estimate
S_1413216	GCF_900755445.1	s__Haemophilus_D_sp900755445	13.98485566	58.24363636	0.7157142857	0.1616161616	13.43525984	3.747952319	NA	53	0.9996364597	1.969033347	-0.1112821256	7.607186763	1	1	1	BcgI	NA	fixed	427623.0583	glm	25	False	fraction 0.72 < 0.75; dispersion 58.24 > 5.0; containment 0.16 < 0.5	-	single enzyme: no cross-enzyme consistency check available
S_1413216	GCF_900755485.1	s__F0422_sp900544365	13.49758167	4.253333333	0.2556637881	0.07692307692	33.820398	5.079821732	NA	130	0.9968033893	1.690046027	1.767392388	8.392251077	1	1	1	BcgI	NA	fixed	364692.1289	glm	12	False	fraction 0.26 < 0.75; containment 0.08 < 0.5	-	single enzyme: no cross-enzyme consistency check available
S_1413216	GCF_900756155.1	s__Haemophilus_D_sp900756155	23.71553409	27.05094691	0.3481033759	0.2444444444	3.254338997	1.702364541	NA	208	0.9979012662	0.8004821803	0.1334482973	3.271280785	1	1	1	BcgI	NA	fixed	167350.29	glm	15	False	fraction 0.35 < 0.75; dispersion 27.05 > 5.0; containment 0.24 < 0.5	-	single enzyme: no cross-enzyme consistency check available
S_1413216	GCF_900756875.1	s__Haemophilus_D_sp900756875	18.45137056	32.15798611	0.6105555556	0.157480315	3.273871754	1.710997809	NA	74	0.9994148583	1.102356488	-0.4495812055	3.871576823	1	1	1	BcgI	NA	fixed	1083188.7	glm	30	False	fraction 0.61 < 0.75; dispersion 32.16 > 5.0; containment 0.16 < 0.5	-	single enzyme: no cross-enzyme consistency check available
S_1413216	GCF_900759775.1	s__F0422_sp003999875	4.513336579	NA	0.04940213278	0.02602230483	1.552973954	0.6350336338	NA	104	0.6643544999	0.630511314	-0.6007458334	1.870813101	1	1	1	BcgI	NA	fixed	1536606.72	glm	5	False	fraction 0.05 < 0.75; containment 0.03 < 0.5	-	single enzyme: no cross-enzyme consistency check available
S_1413216	GCF_900764435.1	s__Haemophilus_D_sp900764435	18.25360439	18.62580827	0.6301495017	0.2711864407	2.956338963	1.563811693	NA	118	0.995172725	1.168632593	-0.7266661008	3.854289487	1	1	1	BcgI	NA	fixed	1364234.449	glm	43	False	fraction 0.63 < 0.75; dispersion 18.63 > 5.0; containment 0.27 < 0.5	-	single enzyme: no cross-enzyme consistency check available
S_1413216	GCF_900765055.1	s__Limosilactobacillus_vaginalis_A	NA	NA	NA	0	NA	NA	NA	0	NA	NA	NA	NA	0	1	0	-	NA	fixed	NA	none	0	False	containment 0.00 < 0.5; only 0/1 enzymes produced a fit; no PTR estimate	BcgI:only 0 windows after outlier trimming	no enzyme produced a usable estimate
S_1413216	GCF_900766245.1	s__F0422_sp900766245	NA	NA	NA	0.09004739336	NA	NA	NA	0	NA	NA	NA	NA	0	1	0	-	NA	fixed	NA	none	0	False	containment 0.09 < 0.5; only 0/1 enzymes produced a fit; no PTR estimate	BcgI:only 4 windows after outlier trimming	no enzyme produced a usable estimate
S_1413216	GCF_900768625.1	s__Prevotellamassilia_sp900768625	NA	NA	NA	0.0004415011038	NA	NA	NA	0	NA	NA	NA	NA	0	1	0	-	NA	fixed	NA	none	0	False	containment 0.00 < 0.5; only 0/1 enzymes produced a fit; no PTR estimate	BcgI:only 1 windows after outlier trimming	no enzyme produced a usable estimate
S_1413216	GCF_900993765.1	s__Streptococcus_pyogenes	NA	NA	NA	0	NA	NA	NA	0	NA	NA	NA	NA	0	1	0	-	NA	fixed	NA	none	0	False	containment 0.00 < 0.5; only 0/1 enzymes produced a fit; no PTR estimate	BcgI:only 0 windows after outlier trimming	no enzyme produced a usable estimate
S_1413216	GCF_901542415.1	s__Streptococcus_mitis_BL	NA	NA	NA	0.1486486486	NA	NA	NA	0	NA	NA	NA	NA	0	1	0	-	NA	fixed	NA	none	0	False	containment 0.15 < 0.5; only 0/1 enzymes produced a fit; no PTR estimate	BcgI:only 3 windows after outlier trimming	no enzyme produced a usable estimate
S_1413216	GCF_901543175.1	s__Streptococcus_australis_A	NA	NA	NA	0.05369127517	NA	NA	NA	0	NA	NA	NA	NA	0	1	0	-	NA	fixed	NA	none	0	False	containment 0.05 < 0.5; only 0/1 enzymes produced a fit; no PTR estimate	BcgI:only 4 windows after outlier trimming	no enzyme produced a usable estimate
S_1413216	GCF_901543815.1	s__Streptococcus_mitis_BC	NA	NA	NA	0.0618556701	NA	NA	NA	0	NA	NA	NA	NA	0	1	0	-	NA	fixed	NA	none	0	False	containment 0.06 < 0.5; only 0/1 enzymes produced a fit; no PTR estimate	BcgI:only 2 windows after outlier trimming	no enzyme produced a usable estimate
S_1413216	GCF_902159415.1	s__Streptococcus_mitis_BG	56.17701719	10.93180153	0.1240740741	0.1032258065	14.41780994	3.849780131	NA	155	0.9996194985	2.071657986	-0.2105949097	7.910155172	1	1	1	BcgI	NA	fixed	1638202.271	glm	9	False	fraction 0.12 < 0.75; dispersion 10.93 > 5.0; containment 0.10 < 0.5	-	single enzyme: no cross-enzyme consistency check available
S_1413216	GCF_902165435.1	s__Klebsiella_A_grimontii	NA	NA	NA	0	NA	NA	NA	0	NA	NA	NA	NA	0	1	0	-	NA	fixed	NA	none	0	False	containment 0.00 < 0.5; only 0/1 enzymes produced a fit; no PTR estimate	BcgI:only 0 windows after outlier trimming	no enzyme produced a usable estimate
S_1413216	GCF_902363285.1	s__Actinomyces_sp900323545	2.602119957	3.813899176	0.07903667864	0.08309726157	2.304555424	1.204488465	NA	1949	0.9878172295	0.8524663548	-0.4663148888	2.875291818	1	1	1	BcgI	NA	fixed	321852.4786	glm	24	False	fraction 0.08 < 0.75; containment 0.08 < 0.5	-	single enzyme: no cross-enzyme consistency check available
S_1413216	GCF_902363395.1	s__Streptococcus_sp902363395	20.45257698	66.56896775	0.2809171598	0.2101167315	1.658298787	0.7297039703	NA	257	0.9909007781	1.403345673	-2.020803006	3.480210947	1	1	1	BcgI	NA	fixed	197950	glm	13	False	fraction 0.28 < 0.75; dispersion 66.57 > 5.0; containment 0.21 < 0.5	-	single enzyme: no cross-enzyme consistency check available
S_1413216	GCF_902364435.1	s__Veillonella_dispar_A	39.99429396	12.1599691	0.5261715797	0.1845238095	2.059777491	1.042488498	NA	86	0.9976653157	1.763080378	-2.413085545	4.498062541	1	1	1	BcgI	NA	fixed	1022759.157	glm	21	False	fraction 0.53 < 0.75; dispersion 12.16 > 5.0; containment 0.18 < 0.5	-	single enzyme: no cross-enzyme consistency check available
S_1413216	GCF_902373675.1	s__Parvimonas_micra	NA	NA	NA	0	NA	NA	NA	0	NA	NA	NA	NA	0	1	0	-	NA	fixed	NA	none	0	False	containment 0.00 < 0.5; only 0/1 enzymes produced a fit; no PTR estimate	BcgI:only 0 windows after outlier trimming	no enzyme produced a usable estimate
S_1413216	GCF_902374235.1	s__Prevotella_salivae	2.76399263	2.790041259	0.245928973	0.2107728337	2.532873301	1.340774913	NA	1058	0.9853633357	0.5032759167	0.3543722416	2.327177584	1	1	1	BcgI	NA	fixed	2469634.444	glm	22	False	fraction 0.25 < 0.75; containment 0.21 < 0.5	-	single enzyme: no cross-enzyme consistency check available
S_1413216	GCF_902374455.1	s__Neisseria_macacae	13.49870168	17.55594039	0.0746995347	0.05440414508	5.003448136	2.322922674	NA	241	0.9949462355	1.518147985	-0.6525926999	5.298438047	1	1	1	BcgI	NA	fixed	2335808.3	glm	9	False	fraction 0.07 < 0.75; dispersion 17.56 > 5.0; containment 0.05 < 0.5	-	single enzyme: no cross-enzyme consistency check available
S_1413216	GCF_902375005.1	s__Streptococcus_sp000411475	57.85642982	53.3133348	0.2566218966	0.2095808383	3.378061361	1.756195534	NA	167	0.9985802403	1.541149974	-1.264402909	4.776793978	1	1	1	BcgI	NA	fixed	1602489.615	glm	9	False	fraction 0.26 < 0.75; dispersion 53.31 > 5.0; containment 0.21 < 0.5	-	single enzyme: no cross-enzyme consistency check available
S_1413216	GCF_902376125.1	s__Streptococcus_timonensis	7.902250171	9.105842664	0.2135449735	0.1923076923	1.362172816	0.4459097462	NA	125	0.708329214	1.177637882	-1.862218089	2.754037581	1	1	1	BcgI	NA	fixed	1429377.6	glm	6	False	fraction 0.21 < 0.75; dispersion 9.11 > 5.0; containment 0.19 < 0.5	-	single enzyme: no cross-enzyme consistency check available
S_1413216	GCF_902376145.1	s__F0040_sp900095835	62.74022937	103.8195737	0.05092592593	0.04427227449	1.601049484	0.6790178979	NA	1512	0.9969301191	1.033554224	-1.346711157	2.704746953	1	1	1	BcgI	NA	fixed	481355.0408	glm	21	False	fraction 0.05 < 0.75; dispersion 103.82 > 5.0; containment 0.04 < 0.5	-	single enzyme: no cross-enzyme consistency check available
S_1413216	GCF_902387945.1	s__Lachnoanaerobaculum_umeaense	NA	NA	NA	0	NA	NA	NA	0	NA	NA	NA	NA	0	1	0	-	NA	fixed	NA	none	0	False	containment 0.00 < 0.5; only 0/1 enzymes produced a fit; no PTR estimate	BcgI:only 0 windows after outlier trimming	no enzyme produced a usable estimate
S_1413216	GCF_902460355.1	s__Streptococcus_sp902460355	19.54371996	45.90448934	0.1031383564	0.0511627907	86.52969356	6.435123388	NA	151	0.998918263	2.962101444	0.6295112399	12.24073554	1	1	1	BcgI	NA	fixed	1333028.88	glm	7	False	fraction 0.10 < 0.75; dispersion 45.90 > 5.0; containment 0.05 < 0.5	-	single enzyme: no cross-enzyme consistency check available
S_1413216	GCF_902460385.1	s__Streptococcus_sinensis	3.250174344	NA	0.07366318464	0.0170575693	1.446647329	0.5327132569	NA	74	0.6449647917	0.465246241	-0.3791526195	1.444579133	1	1	1	BcgI	NA	fixed	1676416.683	glm	5	False	fraction 0.07 < 0.75; containment 0.02 < 0.5	-	single enzyme: no cross-enzyme consistency check available
S_1413216	GCF_902460535.1	s__Campylobacter_A_concisus_J	NA	NA	NA	0.01612903226	NA	NA	NA	0	NA	NA	NA	NA	0	1	0	-	NA	fixed	NA	none	0	False	containment 0.02 < 0.5; only 0/1 enzymes produced a fit; no PTR estimate	BcgI:only 4 windows after outlier trimming	no enzyme produced a usable estimate
S_1413216	GCF_902460615.1	s__Campylobacter_A_concisus_C	11.17966412	9.42718254	0.1151482961	0.08766233766	13.79281834	3.785845373	NA	213	0.9981994682	1.06105776	1.706210377	5.865480369	1	1	1	BcgI	NA	fixed	587652.7711	glm	10	False	fraction 0.12 < 0.75; dispersion 9.43 > 5.0; containment 0.09 < 0.5	-	single enzyme: no cross-enzyme consistency check available
S_1413216	GCF_902460705.1	s__Campylobacter_A_concisus_Z	9.139268021	15.69565217	0.04664576803	0.02197802198	4.550113158	2.185902424	NA	155	0.9427352872	2.068819745	-1.868909767	6.240714616	1	1	1	BcgI	NA	fixed	1130782.66	glm	6	False	fraction 0.05 < 0.75; dispersion 15.70 > 5.0; containment 0.02 < 0.5	-	single enzyme: no cross-enzyme consistency check available
S_1413216	GCF_902460815.1	s__Campylobacter_A_concisus_F	13.21051019	11.71379675	0.08525810324	0.05660377358	3.930781908	1.974816321	NA	194	0.8849225328	1.796277523	-1.54582293	5.495455571	1	1	1	BcgI	NA	fixed	329664.4622	glm	7	False	fraction 0.09 < 0.75; dispersion 11.71 > 5.0; containment 0.06 < 0.5	-	single enzyme: no cross-enzyme consistency check available
S_1413216	GCF_902859015.1	s__Streptococcus_sp001556435	38.36078663	171.7521702	0.5213986014	0.5171102662	5.212199518	2.38189231	NA	263	1	0.9051288772	0.6078723091	4.155912311	1	1	1	BcgI	NA	fixed	504895.8578	glm	11	False	fraction 0.52 < 0.75; dispersion 171.75 > 5.0	-	single enzyme: no cross-enzyme consistency check available
S_1413216	GCF_902983995.1	s__Treponema_D_buccale	1.990476379	1.079029304	0.02512924824	0.01722652885	2.079202099	1.056029996	NA	850	0.782205354	0.8545279834	-0.6188140756	2.730874067	1	1	1	BcgI	NA	fixed	1580261.808	glm	9	False	fraction 0.03 < 0.75; containment 0.02 < 0.5	-	single enzyme: no cross-enzyme consistency check available
S_1413216	GCF_903645325.1	s__Microbacterium_sp903645325	NA	NA	NA	0.0006044731009	NA	NA	NA	0	NA	NA	NA	NA	0	1	0	-	NA	fixed	NA	none	0	False	containment 0.00 < 0.5; only 0/1 enzymes produced a fit; no PTR estimate	BcgI:only 0 windows after outlier trimming	no enzyme produced a usable estimate
