sample	genome	taxonomy	coverage	dispersion	fraction	containment	PTR	log2(PTR)	enzyme_consistency	n_anchors	ori_confidence	se	ci_low	ci_high	n_enzymes	n_enzymes_attempted	enzyme_fit_rate	enzymes_used	enzyme_i2	fusion_model	ori	method	n_windows	pass_qc	qc_reason	excluded	note
S_8221232	GCA_000162895.1	s__Peptidiphaga_gingivicola	1.485224148	3.244678897	0.1397136199	0.140122788	2.175133369	1.121103863	NA	2769	0.9885931371	0.3133266616	0.5069948905	1.735212835	1	1	1	BcgI	NA	fixed	1438599.762	glm	28	False	fraction 0.14 < 0.75; containment 0.14 < 0.5	-	single enzyme: no cross-enzyme consistency check available
S_8221232	GCA_000210715.1	s__Fretibacterium_fastidiosum	NA	NA	NA	0	NA	NA	NA	0	NA	NA	NA	NA	0	1	0	-	NA	fixed	NA	none	0	False	containment 0.00 < 0.5; only 0/1 enzymes produced a fit; no PTR estimate	BcgI:only 0 windows after outlier trimming	no enzyme produced a usable estimate
S_8221232	GCA_000286355.1	s__Kocuria_atrinae	NA	NA	NA	0	NA	NA	NA	0	NA	NA	NA	NA	0	1	0	-	NA	fixed	NA	none	0	False	containment 0.00 < 0.5; only 0/1 enzymes produced a fit; no PTR estimate	BcgI:only 0 windows after outlier trimming	no enzyme produced a usable estimate
S_8221232	GCA_000385835.1	s__Streptococcus_mitis_AI	NA	NA	NA	0.02941176471	NA	NA	NA	0	NA	NA	NA	NA	0	1	0	-	NA	fixed	NA	none	0	False	containment 0.03 < 0.5; only 0/1 enzymes produced a fit; no PTR estimate	BcgI:only 1 windows after outlier trimming	no enzyme produced a usable estimate
S_8221232	GCA_000413015.1	s__Treponema_D_paredis	1.243064926	0.4356922399	0.02982060674	0.02257154373	1.499842812	0.5848113098	NA	1293	0.664160432	0.6033543737	-0.5977415326	1.767364152	1	1	1	BcgI	NA	fixed	571791.3733	glm	13	False	fraction 0.03 < 0.75; containment 0.02 < 0.5	-	single enzyme: no cross-enzyme consistency check available
S_8221232	GCA_000413335.1	s__Cutibacterium_avidum	NA	NA	NA	0	NA	NA	NA	0	NA	NA	NA	NA	0	1	0	-	NA	fixed	NA	none	0	False	containment 0.00 < 0.5; only 0/1 enzymes produced a fit; no PTR estimate	BcgI:only 0 windows after outlier trimming	no enzyme produced a usable estimate
S_8221232	GCA_001062585.1	s__Neisseria_sp000227275	81.57911109	109.3845358	0.6271205357	0.2296296296	2.806269642	1.488653638	NA	163	0.9998298032	0.8878151084	-0.2514319996	3.228739275	1	1	1	BcgI	NA	fixed	1223209.799	glm	64	False	fraction 0.63 < 0.75; dispersion 109.38 > 5.0; containment 0.23 < 0.5	-	single enzyme: no cross-enzyme consistency check available
S_8221232	GCA_001063255.1	s__Neisseria_mucosa	174.522545	184.9382591	0.6477234754	0.2200557103	2.380420312	1.251216333	NA	175	0.9995979031	1.047845312	-0.8025227404	3.304955407	1	1	1	BcgI	NA	fixed	220921.9717	glm	48	False	fraction 0.65 < 0.75; dispersion 184.94 > 5.0; containment 0.22 < 0.5	-	single enzyme: no cross-enzyme consistency check available
S_8221232	GCA_001067315.1	s__Neisseria_subflava	25.74696672	60.42739642	0.6036239556	0.4826923077	2.168657162	1.116801999	NA	476	0.9999821864	0.9669643161	-0.7784132353	3.012017232	1	1	1	BcgI	NA	fixed	37085.71389	glm	58	False	fraction 0.60 < 0.75; dispersion 60.43 > 5.0; containment 0.48 < 0.5	-	single enzyme: no cross-enzyme consistency check available
S_8221232	GCA_001067655.1	s__Neisseria_lactamica_B	104.6443225	174.73016	0.5526234568	0.1426174497	2.735691373	1.451905482	NA	189	0.9994899801	1.342502933	-1.179351916	4.08316288	1	1	1	BcgI	NA	fixed	1058140.28	glm	54	False	fraction 0.55 < 0.75; dispersion 174.73 > 5.0; containment 0.14 < 0.5	-	single enzyme: no cross-enzyme consistency check available
S_8221232	GCA_001196045.1	s__Staphylococcus_warneri	NA	NA	NA	0	NA	NA	NA	0	NA	NA	NA	NA	0	1	0	-	NA	fixed	NA	none	0	False	containment 0.00 < 0.5; only 0/1 enzymes produced a fit; no PTR estimate	BcgI:only 0 windows after outlier trimming	no enzyme produced a usable estimate
S_8221232	GCA_001275035.1	s__Pararheinheimera_tangshanensis	NA	NA	NA	0.002807411567	NA	NA	NA	0	NA	NA	NA	NA	0	1	0	-	NA	fixed	NA	none	0	False	containment 0.00 < 0.5; only 0/1 enzymes produced a fit; no PTR estimate	BcgI:only 2 windows after outlier trimming	no enzyme produced a usable estimate
S_8221232	GCA_001296205.1	s__Streptococcus_intermedius	5.215278259	0.2916666667	0.07	0.06194690265	32.90149813	5.040081372	NA	200	0.9977014111	1.54349271	2.014891249	8.065271494	1	1	1	BcgI	NA	fixed	893650.25	glm	8	False	fraction 0.07 < 0.75; containment 0.06 < 0.5	-	single enzyme: no cross-enzyme consistency check available
S_8221232	GCA_001421095.1	s__Bacteroides_D_periocalifornicus	NA	NA	NA	0.002493765586	NA	NA	NA	0	NA	NA	NA	NA	0	1	0	-	NA	fixed	NA	none	0	False	containment 0.00 < 0.5; only 0/1 enzymes produced a fit; no PTR estimate	BcgI:only 1 windows after outlier trimming	no enzyme produced a usable estimate
S_8221232	GCA_001477075.1	s__Methylobacterium_organophilum	NA	NA	NA	0.0003177124702	NA	NA	NA	0	NA	NA	NA	NA	0	1	0	-	NA	fixed	NA	none	0	False	containment 0.00 < 0.5; only 0/1 enzymes produced a fit; no PTR estimate	BcgI:only 1 windows after outlier trimming	no enzyme produced a usable estimate
S_8221232	GCA_001556165.1	s__Sphingomonas_ginsenosidimutans	NA	NA	NA	0	NA	NA	NA	0	NA	NA	NA	NA	0	1	0	-	NA	fixed	NA	none	0	False	containment 0.00 < 0.5; only 0/1 enzymes produced a fit; no PTR estimate	BcgI:only 0 windows after outlier trimming	no enzyme produced a usable estimate
S_8221232	GCA_001578795.1	s__Streptococcus_gordonii_A	4.41509428	10.20054305	0.08825036075	0.09037900875	2.855902557	1.513946756	NA	297	0.9503479008	1.601140366	-1.624230696	4.652124207	1	1	1	BcgI	NA	fixed	1643834.058	glm	12	False	fraction 0.09 < 0.75; dispersion 10.20 > 5.0; containment 0.09 < 0.5	-	single enzyme: no cross-enzyme consistency check available
S_8221232	GCA_001578855.1	s__Streptococcus_oralis_R	NA	NA	NA	0.0243902439	NA	NA	NA	0	NA	NA	NA	NA	0	1	0	-	NA	fixed	NA	none	0	False	containment 0.02 < 0.5; only 0/1 enzymes produced a fit; no PTR estimate	BcgI:only 4 windows after outlier trimming	no enzyme produced a usable estimate
S_8221232	GCA_001579015.1	s__Streptococcus_oralis_K	43.43333271	9.61561051	0.269371345	0.1754385965	4.707499514	2.234960946	NA	97	0.9960881877	0.942545459	0.3876057922	4.082316099	1	1	1	BcgI	NA	fixed	853823.7244	glm	8	False	fraction 0.27 < 0.75; dispersion 9.62 > 5.0; containment 0.18 < 0.5	-	single enzyme: no cross-enzyme consistency check available
S_8221232	GCA_001636165.1	s__Schleiferilactobacillus_harbinensis	NA	NA	NA	0	NA	NA	NA	0	NA	NA	NA	NA	0	1	0	-	NA	fixed	NA	none	0	False	containment 0.00 < 0.5; only 0/1 enzymes produced a fit; no PTR estimate	BcgI:only 0 windows after outlier trimming	no enzyme produced a usable estimate
S_8221232	GCA_001724095.1	s__Pigmentiphaga_sp001898625	NA	NA	NA	0	NA	NA	NA	0	NA	NA	NA	NA	0	1	0	-	NA	fixed	NA	none	0	False	containment 0.00 < 0.5; only 0/1 enzymes produced a fit; no PTR estimate	BcgI:only 0 windows after outlier trimming	no enzyme produced a usable estimate
S_8221232	GCA_001725355.1	s__Novosphingobium_sp001725355	2.016837792	0.3333333333	0.01909116608	0.00184544406	1.69722906	0.7631812859	NA	378	0.6605848587	0.2862483996	0.202144732	1.32421784	1	1	1	BcgI	NA	fixed	1112505.323	glm	5	False	fraction 0.02 < 0.75; containment 0.00 < 0.5	-	single enzyme: no cross-enzyme consistency check available
S_8221232	GCA_001838375.1	s__Neisseria_mucosa_A	139.7221658	272.6682191	0.3671336638	0.1417445483	7.935812463	2.988377933	NA	415	1	1.406433517	0.2318188925	5.744936973	1	1	1	BcgI	NA	fixed	1517315.377	glm	45	False	fraction 0.37 < 0.75; dispersion 272.67 > 5.0; containment 0.14 < 0.5	-	single enzyme: no cross-enzyme consistency check available
S_8221232	GCA_001899205.1	s__Mesorhizobium_sp001899205	NA	NA	NA	0	NA	NA	NA	0	NA	NA	NA	NA	0	1	0	-	NA	fixed	NA	none	0	False	containment 0.00 < 0.5; only 0/1 enzymes produced a fit; no PTR estimate	BcgI:only 0 windows after outlier trimming	no enzyme produced a usable estimate
S_8221232	GCA_001899725.1	s__Sphingomonas_leidyi	NA	NA	NA	0	NA	NA	NA	0	NA	NA	NA	NA	0	1	0	-	NA	fixed	NA	none	0	False	containment 0.00 < 0.5; only 0/1 enzymes produced a fit; no PTR estimate	BcgI:only 0 windows after outlier trimming	no enzyme produced a usable estimate
S_8221232	GCA_001914195.1	s__Streptococcus_mitis_F	NA	NA	NA	0.07692307692	NA	NA	NA	0	NA	NA	NA	NA	0	1	0	-	NA	fixed	NA	none	0	False	containment 0.08 < 0.5; only 0/1 enzymes produced a fit; no PTR estimate	BcgI:only 4 windows after outlier trimming	no enzyme produced a usable estimate
S_8221232	GCA_002211645.1	s__Fusobacterium_animalis	NA	NA	NA	0.09090909091	NA	NA	NA	0	NA	NA	NA	NA	0	1	0	-	NA	fixed	NA	none	0	False	containment 0.09 < 0.5; only 0/1 enzymes produced a fit; no PTR estimate	BcgI:only 1 windows after outlier trimming	no enzyme produced a usable estimate
S_8221232	GCA_002256345.1	s__Tardiphaga_sp002256345	NA	NA	NA	0.0004530627039	NA	NA	NA	0	NA	NA	NA	NA	0	1	0	-	NA	fixed	NA	none	0	False	containment 0.00 < 0.5; only 0/1 enzymes produced a fit; no PTR estimate	BcgI:only 2 windows after outlier trimming	no enzyme produced a usable estimate
S_8221232	GCA_002305995.1	s__UBA1367_sp002305995	NA	NA	NA	0	NA	NA	NA	0	NA	NA	NA	NA	0	1	0	-	NA	fixed	NA	none	0	False	containment 0.00 < 0.5; only 0/1 enzymes produced a fit; no PTR estimate	BcgI:only 0 windows after outlier trimming	no enzyme produced a usable estimate
S_8221232	GCA_002316995.1	s__Proteiniphilum_sp002410345	NA	NA	NA	0	NA	NA	NA	0	NA	NA	NA	NA	0	1	0	-	NA	fixed	NA	none	0	False	containment 0.00 < 0.5; only 0/1 enzymes produced a fit; no PTR estimate	BcgI:only 0 windows after outlier trimming	no enzyme produced a usable estimate
S_8221232	GCA_002322135.1	s__Moraxella_A_cinereus	NA	NA	NA	0.003759398496	NA	NA	NA	0	NA	NA	NA	NA	0	1	0	-	NA	fixed	NA	none	0	False	containment 0.00 < 0.5; only 0/1 enzymes produced a fit; no PTR estimate	BcgI:only 1 windows after outlier trimming	no enzyme produced a usable estimate
S_8221232	GCA_002341725.1	s__Bradyrhizobium_sp002831585	NA	NA	NA	0.0001862544235	NA	NA	NA	0	NA	NA	NA	NA	0	1	0	-	NA	fixed	NA	none	0	False	containment 0.00 < 0.5; only 0/1 enzymes produced a fit; no PTR estimate	BcgI:only 0 windows after outlier trimming	no enzyme produced a usable estimate
S_8221232	GCA_002345845.1	s__Azonexus_sp002345845	NA	NA	NA	0.0001575795777	NA	NA	NA	0	NA	NA	NA	NA	0	1	0	-	NA	fixed	NA	none	0	False	containment 0.00 < 0.5; only 0/1 enzymes produced a fit; no PTR estimate	BcgI:only 1 windows after outlier trimming	no enzyme produced a usable estimate
S_8221232	GCA_002353675.1	s__Prevotella_sp900318855	NA	NA	NA	0	NA	NA	NA	0	NA	NA	NA	NA	0	1	0	-	NA	fixed	NA	none	0	False	containment 0.00 < 0.5; only 0/1 enzymes produced a fit; no PTR estimate	BcgI:only 0 windows after outlier trimming	no enzyme produced a usable estimate
S_8221232	GCA_002354335.1	s__Sphingobacterium_sp002354335	1.558457847	0.5833333333	0.0404343283	0.007530120482	3.829124125	1.937014427	NA	379	0.721788648	0.829405515	0.3114094892	3.562619365	1	1	1	BcgI	NA	fixed	278459.7433	glm	6	False	fraction 0.04 < 0.75; containment 0.01 < 0.5	-	single enzyme: no cross-enzyme consistency check available
S_8221232	GCA_002380835.1	s__Kurthia_gibsonii	NA	NA	NA	0.005479452055	NA	NA	NA	0	NA	NA	NA	NA	0	1	0	-	NA	fixed	NA	none	0	False	containment 0.01 < 0.5; only 0/1 enzymes produced a fit; no PTR estimate	BcgI:only 2 windows after outlier trimming	no enzyme produced a usable estimate
S_8221232	GCA_002387245.1	s__Brevundimonas_sp002387245	NA	NA	NA	0.001109057301	NA	NA	NA	0	NA	NA	NA	NA	0	1	0	-	NA	fixed	NA	none	0	False	containment 0.00 < 0.5; only 0/1 enzymes produced a fit; no PTR estimate	BcgI:only 1 windows after outlier trimming	no enzyme produced a usable estimate
S_8221232	GCA_002396845.1	s__UBA4877_sp002399345	NA	NA	NA	0	NA	NA	NA	0	NA	NA	NA	NA	0	1	0	-	NA	fixed	NA	none	0	False	containment 0.00 < 0.5; only 0/1 enzymes produced a fit; no PTR estimate	BcgI:only 0 windows after outlier trimming	no enzyme produced a usable estimate
S_8221232	GCA_002397005.1	s__Caproiciproducens_sp002407645	NA	NA	NA	0	NA	NA	NA	0	NA	NA	NA	NA	0	1	0	-	NA	fixed	NA	none	0	False	containment 0.00 < 0.5; only 0/1 enzymes produced a fit; no PTR estimate	BcgI:only 0 windows after outlier trimming	no enzyme produced a usable estimate
S_8221232	GCA_002397085.1	s__UBA4871_sp002119605	NA	NA	NA	0	NA	NA	NA	0	NA	NA	NA	NA	0	1	0	-	NA	fixed	NA	none	0	False	containment 0.00 < 0.5; only 0/1 enzymes produced a fit; no PTR estimate	BcgI:only 0 windows after outlier trimming	no enzyme produced a usable estimate
S_8221232	GCA_002397275.1	s__Syntrophaceticus_sp002397275	NA	NA	NA	0	NA	NA	NA	0	NA	NA	NA	NA	0	1	0	-	NA	fixed	NA	none	0	False	containment 0.00 < 0.5; only 0/1 enzymes produced a fit; no PTR estimate	BcgI:only 0 windows after outlier trimming	no enzyme produced a usable estimate
S_8221232	GCA_002397665.1	s__Clostridium_E_sp002397665	NA	NA	NA	0	NA	NA	NA	0	NA	NA	NA	NA	0	1	0	-	NA	fixed	NA	none	0	False	containment 0.00 < 0.5; only 0/1 enzymes produced a fit; no PTR estimate	BcgI:only 0 windows after outlier trimming	no enzyme produced a usable estimate
S_8221232	GCA_002397945.1	s__UBA4923_sp002427535	NA	NA	NA	0	NA	NA	NA	0	NA	NA	NA	NA	0	1	0	-	NA	fixed	NA	none	0	False	containment 0.00 < 0.5; only 0/1 enzymes produced a fit; no PTR estimate	BcgI:only 0 windows after outlier trimming	no enzyme produced a usable estimate
S_8221232	GCA_002398185.1	s__UBA4844_sp002424365	NA	NA	NA	0	NA	NA	NA	0	NA	NA	NA	NA	0	1	0	-	NA	fixed	NA	none	0	False	containment 0.00 < 0.5; only 0/1 enzymes produced a fit; no PTR estimate	BcgI:only 0 windows after outlier trimming	no enzyme produced a usable estimate
S_8221232	GCA_002398695.1	s__Olegusella_sp002407925	NA	NA	NA	0	NA	NA	NA	0	NA	NA	NA	NA	0	1	0	-	NA	fixed	NA	none	0	False	containment 0.00 < 0.5; only 0/1 enzymes produced a fit; no PTR estimate	BcgI:only 0 windows after outlier trimming	no enzyme produced a usable estimate
S_8221232	GCA_002398905.1	s__Caprobacter_sp002407675	NA	NA	NA	0	NA	NA	NA	0	NA	NA	NA	NA	0	1	0	-	NA	fixed	NA	none	0	False	containment 0.00 < 0.5; only 0/1 enzymes produced a fit; no PTR estimate	BcgI:only 0 windows after outlier trimming	no enzyme produced a usable estimate
S_8221232	GCA_002399315.1	s__UBA4851_sp002408445	NA	NA	NA	0	NA	NA	NA	0	NA	NA	NA	NA	0	1	0	-	NA	fixed	NA	none	0	False	containment 0.00 < 0.5; only 0/1 enzymes produced a fit; no PTR estimate	BcgI:only 0 windows after outlier trimming	no enzyme produced a usable estimate
S_8221232	GCA_002407685.1	s__Fermentimonas_sp002398875	NA	NA	NA	0.00163132137	NA	NA	NA	0	NA	NA	NA	NA	0	1	0	-	NA	fixed	NA	none	0	False	containment 0.00 < 0.5; only 0/1 enzymes produced a fit; no PTR estimate	BcgI:only 0 windows after outlier trimming	no enzyme produced a usable estimate
S_8221232	GCA_002408485.1	s__Proteiniphilum_sp002408485	NA	NA	NA	0	NA	NA	NA	0	NA	NA	NA	NA	0	1	0	-	NA	fixed	NA	none	0	False	containment 0.00 < 0.5; only 0/1 enzymes produced a fit; no PTR estimate	BcgI:only 0 windows after outlier trimming	no enzyme produced a usable estimate
S_8221232	GCA_002408725.1	s__DTU098_sp002408725	NA	NA	NA	0	NA	NA	NA	0	NA	NA	NA	NA	0	1	0	-	NA	fixed	NA	none	0	False	containment 0.00 < 0.5; only 0/1 enzymes produced a fit; no PTR estimate	BcgI:only 0 windows after outlier trimming	no enzyme produced a usable estimate
S_8221232	GCA_002409095.1	s__DTU032_sp002427505	NA	NA	NA	0	NA	NA	NA	0	NA	NA	NA	NA	0	1	0	-	NA	fixed	NA	none	0	False	containment 0.00 < 0.5; only 0/1 enzymes produced a fit; no PTR estimate	BcgI:only 0 windows after outlier trimming	no enzyme produced a usable estimate
S_8221232	GCA_002409445.1	s__UBA10988_sp002409445	NA	NA	NA	0	NA	NA	NA	0	NA	NA	NA	NA	0	1	0	-	NA	fixed	NA	none	0	False	containment 0.00 < 0.5; only 0/1 enzymes produced a fit; no PTR estimate	BcgI:only 0 windows after outlier trimming	no enzyme produced a usable estimate
S_8221232	GCA_002409905.1	s__Aminobacterium_mobile	NA	NA	NA	0	NA	NA	NA	0	NA	NA	NA	NA	0	1	0	-	NA	fixed	NA	none	0	False	containment 0.00 < 0.5; only 0/1 enzymes produced a fit; no PTR estimate	BcgI:only 0 windows after outlier trimming	no enzyme produced a usable estimate
S_8221232	GCA_002410045.1	s__T78_sp002409625	NA	NA	NA	0	NA	NA	NA	0	NA	NA	NA	NA	0	1	0	-	NA	fixed	NA	none	0	False	containment 0.00 < 0.5; only 0/1 enzymes produced a fit; no PTR estimate	BcgI:only 0 windows after outlier trimming	no enzyme produced a usable estimate
S_8221232	GCA_002411015.1	s__UBA5352_sp002411015	NA	NA	NA	0	NA	NA	NA	0	NA	NA	NA	NA	0	1	0	-	NA	fixed	NA	none	0	False	containment 0.00 < 0.5; only 0/1 enzymes produced a fit; no PTR estimate	BcgI:only 0 windows after outlier trimming	no enzyme produced a usable estimate
S_8221232	GCA_002419745.1	s__Massilia_timonae	NA	NA	NA	0.000134462821	NA	NA	NA	0	NA	NA	NA	NA	0	1	0	-	NA	fixed	NA	none	0	False	containment 0.00 < 0.5; only 0/1 enzymes produced a fit; no PTR estimate	BcgI:only 1 windows after outlier trimming	no enzyme produced a usable estimate
S_8221232	GCA_002427175.1	s__UBA4874_sp002398065	NA	NA	NA	0	NA	NA	NA	0	NA	NA	NA	NA	0	1	0	-	NA	fixed	NA	none	0	False	containment 0.00 < 0.5; only 0/1 enzymes produced a fit; no PTR estimate	BcgI:only 0 windows after outlier trimming	no enzyme produced a usable estimate
S_8221232	GCA_002427475.1	s__DTU032_sp002427475	NA	NA	NA	0	NA	NA	NA	0	NA	NA	NA	NA	0	1	0	-	NA	fixed	NA	none	0	False	containment 0.00 < 0.5; only 0/1 enzymes produced a fit; no PTR estimate	BcgI:only 0 windows after outlier trimming	no enzyme produced a usable estimate
S_8221232	GCA_002431665.1	s__Petrimonas_sp002356435	NA	NA	NA	0	NA	NA	NA	0	NA	NA	NA	NA	0	1	0	-	NA	fixed	NA	none	0	False	containment 0.00 < 0.5; only 0/1 enzymes produced a fit; no PTR estimate	BcgI:only 0 windows after outlier trimming	no enzyme produced a usable estimate
S_8221232	GCA_002437285.1	s__Prevotella_sp002437285	NA	NA	NA	0.0004651162791	NA	NA	NA	0	NA	NA	NA	NA	0	1	0	-	NA	fixed	NA	none	0	False	containment 0.00 < 0.5; only 0/1 enzymes produced a fit; no PTR estimate	BcgI:only 1 windows after outlier trimming	no enzyme produced a usable estimate
S_8221232	GCA_002454415.1	s__Sphingobacterium_sp002454415	2.146639134	1.315873016	0.1241223703	0.04081632653	2.615524374	1.387100215	NA	441	0.8486213637	0.6828496366	0.04873952021	2.725460909	1	1	1	BcgI	NA	fixed	1775517.802	glm	20	False	fraction 0.12 < 0.75; containment 0.04 < 0.5	-	single enzyme: no cross-enzyme consistency check available
S_8221232	GCA_002455995.1	s__Leclercia_adecarboxylata_C	NA	NA	NA	0.0003092145949	NA	NA	NA	0	NA	NA	NA	NA	0	1	0	-	NA	fixed	NA	none	0	False	containment 0.00 < 0.5; only 0/1 enzymes produced a fit; no PTR estimate	BcgI:only 1 windows after outlier trimming	no enzyme produced a usable estimate
S_8221232	GCA_002694485.1	s__Brevundimonas_aurantiaca	NA	NA	NA	0.0005464480874	NA	NA	NA	0	NA	NA	NA	NA	0	1	0	-	NA	fixed	NA	none	0	False	containment 0.00 < 0.5; only 0/1 enzymes produced a fit; no PTR estimate	BcgI:only 1 windows after outlier trimming	no enzyme produced a usable estimate
S_8221232	GCA_002724745.1	s__Herbaspirillum_huttiense	NA	NA	NA	0.001218954746	NA	NA	NA	0	NA	NA	NA	NA	0	1	0	-	NA	fixed	NA	none	0	False	containment 0.00 < 0.5; only 0/1 enzymes produced a fit; no PTR estimate	BcgI:only 1 windows after outlier trimming	no enzyme produced a usable estimate
S_8221232	GCA_002727035.1	s__Methylobacterium_fujisawaense	NA	NA	NA	0.001646706587	NA	NA	NA	0	NA	NA	NA	NA	0	1	0	-	NA	fixed	NA	none	0	False	containment 0.00 < 0.5; only 0/1 enzymes produced a fit; no PTR estimate	BcgI:only 3 windows after outlier trimming	no enzyme produced a usable estimate
S_8221232	GCA_002890635.1	s__Tannerella_sp002890585	4.143623066	2.428691763	0.2633931378	0.05139565795	2.252836732	1.171742762	NA	1019	0.9760208743	0.7094668142	-0.2187866423	2.562272166	1	1	1	BcgI	NA	fixed	537375.6375	glm	53	False	fraction 0.26 < 0.75; containment 0.05 < 0.5	-	single enzyme: no cross-enzyme consistency check available
S_8221232	GCA_003241005.1	s__Brachybacterium_muris	NA	NA	NA	0.0005427408412	NA	NA	NA	0	NA	NA	NA	NA	0	1	0	-	NA	fixed	NA	none	0	False	containment 0.00 < 0.5; only 0/1 enzymes produced a fit; no PTR estimate	BcgI:only 1 windows after outlier trimming	no enzyme produced a usable estimate
S_8221232	GCA_003241315.1	s__Lawsonella_clevelandensis_A	NA	NA	NA	0	NA	NA	NA	0	NA	NA	NA	NA	0	1	0	-	NA	fixed	NA	none	0	False	containment 0.00 < 0.5; only 0/1 enzymes produced a fit; no PTR estimate	BcgI:only 0 windows after outlier trimming	no enzyme produced a usable estimate
S_8221232	GCA_003248485.1	s__QFNR01_sp003248485	NA	NA	NA	0	NA	NA	NA	0	NA	NA	NA	NA	0	1	0	-	NA	fixed	NA	none	0	False	containment 0.00 < 0.5; only 0/1 enzymes produced a fit; no PTR estimate	BcgI:only 0 windows after outlier trimming	no enzyme produced a usable estimate
S_8221232	GCA_003260325.1	s__GN02-872_sp003260325	NA	NA	NA	0.24	NA	NA	NA	0	NA	NA	NA	NA	0	1	0	-	NA	fixed	NA	none	0	False	containment 0.24 < 0.5; only 0/1 enzymes produced a fit; no PTR estimate	BcgI:only 4 windows after outlier trimming	no enzyme produced a usable estimate
S_8221232	GCA_003260345.1	s__GN02-873_sp003260345	1.560281064	0.9053643725	0.187173913	0.1246537396	2.512544054	1.329148892	NA	188	0.8190284025	1.023858106	-0.6775761207	3.335873906	1	1	1	BcgI	NA	fixed	290306.9269	glm	8	False	fraction 0.19 < 0.75; containment 0.12 < 0.5	-	single enzyme: no cross-enzyme consistency check available
S_8221232	GCA_003260355.1	s__HOT-345_sp003260355	NA	NA	NA	0.01953125	NA	NA	NA	0	NA	NA	NA	NA	0	1	0	-	NA	fixed	NA	none	0	False	containment 0.02 < 0.5; only 0/1 enzymes produced a fit; no PTR estimate	BcgI:only 3 windows after outlier trimming	no enzyme produced a usable estimate
S_8221232	GCA_003469565.1	s__Streptococcus_parasanguinis_C	4.911467086	2.197247719	0.2249307559	0.156	1.423078714	0.509015463	NA	218	0.6514553826	0.892618378	-1.24048441	2.258515336	1	1	1	BcgI	NA	fixed	1534060.856	glm	15	False	fraction 0.22 < 0.75; containment 0.16 < 0.5	-	single enzyme: no cross-enzyme consistency check available
S_8221232	GCA_003476535.1	s__Bradyrhizobium_sp003020075	1.255726627	0.6657903106	0.07389241338	0.06095762462	1.311383538	0.3910896899	NA	7864	0.8436586392	0.2556484363	-0.109972038	0.8921514178	1	1	1	BcgI	NA	fixed	1535071.78	glm	99	False	fraction 0.07 < 0.75; containment 0.06 < 0.5	-	single enzyme: no cross-enzyme consistency check available
S_8221232	GCA_003524895.1	s__Muricomes_intestini	NA	NA	NA	0	NA	NA	NA	0	NA	NA	NA	NA	0	1	0	-	NA	fixed	NA	none	0	False	containment 0.00 < 0.5; only 0/1 enzymes produced a fit; no PTR estimate	BcgI:only 0 windows after outlier trimming	no enzyme produced a usable estimate
S_8221232	GCA_003638725.1	s__Leptotrichia_sp002240055	6.29388446	5.286463891	0.8513071895	0.5625	1.858751402	0.8943338302	NA	81	0.9480655611	0.6115119996	-0.3042076652	2.092875326	1	1	1	BcgI	NA	fixed	316446.2842	glm	51	False	dispersion 5.29 > 5.0	-	single enzyme: no cross-enzyme consistency check available
S_8221232	GCA_003639045.1	s__Pauljensenia_hongkongensis	2.830346858	1.663343936	0.4234548458	0.314699793	1.474370156	0.5600987732	NA	692	0.852932872	0.5235207372	-0.4659830168	1.586180563	1	1	1	BcgI	NA	fixed	742250.95	glm	95	False	fraction 0.42 < 0.75; containment 0.31 < 0.5	-	single enzyme: no cross-enzyme consistency check available
S_8221232	GCA_003640335.1	s__Porphyromonas_sp003640335	1.80028996	1.226530612	0.4030020704	0.1165048544	1.204797541	0.2687907309	NA	99	0.6404375286	0.4667127136	-0.645949379	1.183530841	1	1	1	BcgI	NA	fixed	413991.7067	glm	23	False	fraction 0.40 < 0.75; containment 0.12 < 0.5	-	single enzyme: no cross-enzyme consistency check available
S_8221232	GCA_003862175.1	s__UBA7748_sp003862175	NA	NA	NA	0	NA	NA	NA	0	NA	NA	NA	NA	0	1	0	-	NA	fixed	NA	none	0	False	containment 0.00 < 0.5; only 0/1 enzymes produced a fit; no PTR estimate	BcgI:only 0 windows after outlier trimming	no enzyme produced a usable estimate
S_8221232	GCA_003862265.1	s__Limosilactobacillus_mucosae	NA	NA	NA	0	NA	NA	NA	0	NA	NA	NA	NA	0	1	0	-	NA	fixed	NA	none	0	False	containment 0.00 < 0.5; only 0/1 enzymes produced a fit; no PTR estimate	BcgI:only 0 windows after outlier trimming	no enzyme produced a usable estimate
S_8221232	GCA_003963075.1	s__Pelomonas_sp003963075	14.4502299	NA	0.0248490191	0.002109704641	178.6437372	7.480941527	NA	374	0.9805998365	1.791220434	3.970213988	10.99166907	1	1	1	BcgI	NA	fixed	4289111.28	glm	6	False	fraction 0.02 < 0.75; containment 0.00 < 0.5	-	single enzyme: no cross-enzyme consistency check available
S_8221232	GCA_003963115.1	s__Aquabacterium_sp003963115	NA	NA	NA	0.000352858151	NA	NA	NA	0	NA	NA	NA	NA	0	1	0	-	NA	fixed	NA	none	0	False	containment 0.00 < 0.5; only 0/1 enzymes produced a fit; no PTR estimate	BcgI:only 2 windows after outlier trimming	no enzyme produced a usable estimate
S_8221232	GCA_004297045.1	s__Bosea_sp900156025	NA	NA	NA	0.0004192286193	NA	NA	NA	0	NA	NA	NA	NA	0	1	0	-	NA	fixed	NA	none	0	False	containment 0.00 < 0.5; only 0/1 enzymes produced a fit; no PTR estimate	BcgI:only 1 windows after outlier trimming	no enzyme produced a usable estimate
S_8221232	GCA_004297605.1	s__Aquabacterium_sp004322345	NA	NA	NA	0.0001892505678	NA	NA	NA	0	NA	NA	NA	NA	0	1	0	-	NA	fixed	NA	none	0	False	containment 0.00 < 0.5; only 0/1 enzymes produced a fit; no PTR estimate	BcgI:only 0 windows after outlier trimming	no enzyme produced a usable estimate
S_8221232	GCA_004555055.1	s__F0040_sp004555055	NA	NA	NA	0	NA	NA	NA	0	NA	NA	NA	NA	0	1	0	-	NA	fixed	NA	none	0	False	containment 0.00 < 0.5; only 0/1 enzymes produced a fit; no PTR estimate	BcgI:only 0 windows after outlier trimming	no enzyme produced a usable estimate
S_8221232	GCA_005768775.1	s__Gemella_haemolysans_B	6.382455038	3.246325742	0.5475056689	0.3063583815	1.519251782	0.6033609843	NA	99	0.7375435132	0.9501701353	-1.25893826	2.465660229	1	1	1	BcgI	NA	fixed	713697.8611	glm	21	False	fraction 0.55 < 0.75; containment 0.31 < 0.5	-	single enzyme: no cross-enzyme consistency check available
S_8221232	GCA_009830425.1	s__Staphylococcus_A_sciuri	1.966784807	1.433333333	0.0890415783	0.05773672055	9.784620835	3.290515946	NA	87	0.7670069153	1.254049744	0.832623613	5.748408279	1	1	1	BcgI	NA	fixed	1162037.213	glm	5	False	fraction 0.09 < 0.75; containment 0.06 < 0.5	-	single enzyme: no cross-enzyme consistency check available
S_8221232	GCA_009923995.1	s__Janthinobacterium_sp009923995	NA	NA	NA	0.0009853603604	NA	NA	NA	0	NA	NA	NA	NA	0	1	0	-	NA	fixed	NA	none	0	False	containment 0.00 < 0.5; only 0/1 enzymes produced a fit; no PTR estimate	BcgI:only 1 windows after outlier trimming	no enzyme produced a usable estimate
S_8221232	GCA_012512005.1	s__T78_sp002411175	NA	NA	NA	0	NA	NA	NA	0	NA	NA	NA	NA	0	1	0	-	NA	fixed	NA	none	0	False	containment 0.00 < 0.5; only 0/1 enzymes produced a fit; no PTR estimate	BcgI:only 0 windows after outlier trimming	no enzyme produced a usable estimate
S_8221232	GCA_012518595.1	s__UBA4971_sp012518595	NA	NA	NA	0	NA	NA	NA	0	NA	NA	NA	NA	0	1	0	-	NA	fixed	NA	none	0	False	containment 0.00 < 0.5; only 0/1 enzymes produced a fit; no PTR estimate	BcgI:only 0 windows after outlier trimming	no enzyme produced a usable estimate
S_8221232	GCA_012519495.1	s__JAAYQA01_sp012519495	NA	NA	NA	0	NA	NA	NA	0	NA	NA	NA	NA	0	1	0	-	NA	fixed	NA	none	0	False	containment 0.00 < 0.5; only 0/1 enzymes produced a fit; no PTR estimate	BcgI:only 0 windows after outlier trimming	no enzyme produced a usable estimate
S_8221232	GCA_012728535.1	s__DTU032_sp012728535	NA	NA	NA	0	NA	NA	NA	0	NA	NA	NA	NA	0	1	0	-	NA	fixed	NA	none	0	False	containment 0.00 < 0.5; only 0/1 enzymes produced a fit; no PTR estimate	BcgI:only 0 windows after outlier trimming	no enzyme produced a usable estimate
S_8221232	GCA_012799365.1	s__JAAZLJ01_sp012799365	NA	NA	NA	0	NA	NA	NA	0	NA	NA	NA	NA	0	1	0	-	NA	fixed	NA	none	0	False	containment 0.00 < 0.5; only 0/1 enzymes produced a fit; no PTR estimate	BcgI:only 0 windows after outlier trimming	no enzyme produced a usable estimate
S_8221232	GCA_012840585.1	s__UBA3913_sp002391425	NA	NA	NA	0.0004528985507	NA	NA	NA	0	NA	NA	NA	NA	0	1	0	-	NA	fixed	NA	none	0	False	containment 0.00 < 0.5; only 0/1 enzymes produced a fit; no PTR estimate	BcgI:only 1 windows after outlier trimming	no enzyme produced a usable estimate
S_8221232	GCA_013152425.1	s__Ralstonia_sp001078575	NA	NA	NA	0	NA	NA	NA	0	NA	NA	NA	NA	0	1	0	-	NA	fixed	NA	none	0	False	containment 0.00 < 0.5; only 0/1 enzymes produced a fit; no PTR estimate	BcgI:only 0 windows after outlier trimming	no enzyme produced a usable estimate
S_8221232	GCA_013332525.2	s__GN02-873_sp013332525	NA	NA	NA	0.01856763926	NA	NA	NA	0	NA	NA	NA	NA	0	1	0	-	NA	fixed	NA	none	0	False	containment 0.02 < 0.5; only 0/1 enzymes produced a fit; no PTR estimate	BcgI:only 2 windows after outlier trimming	no enzyme produced a usable estimate
S_8221232	GCA_013332955.2	s__UBA2866_sp013332955	6.951243415	4.013139549	0.2803390269	0.08984375	1.707040875	0.7714976043	NA	135	0.7122586743	1.786984933	-2.730928504	4.273923713	1	1	1	BcgI	NA	fixed	451757.2633	glm	14	False	fraction 0.28 < 0.75; containment 0.09 < 0.5	-	single enzyme: no cross-enzyme consistency check available
S_8221232	GCA_013332965.2	s__UBA2866_sp013332965	1.545702816	0.6666666667	0.1220238095	0.04863221884	4.453891209	2.155066319	NA	83	0.7668936732	0.9783743647	0.237487801	4.072644838	1	1	1	BcgI	NA	fixed	537363.8611	glm	6	False	fraction 0.12 < 0.75; containment 0.05 < 0.5	-	single enzyme: no cross-enzyme consistency check available
S_8221232	GCA_013333035.2	s__CAG-793_sp013333035	NA	NA	NA	0.05263157895	NA	NA	NA	0	NA	NA	NA	NA	0	1	0	-	NA	fixed	NA	none	0	False	containment 0.05 < 0.5; only 0/1 enzymes produced a fit; no PTR estimate	BcgI:only 1 windows after outlier trimming	no enzyme produced a usable estimate
S_8221232	GCA_013333075.2	s__Prevotella_sp013333285	2.081200184	1.426984127	0.1845474155	0.06335616438	1.582932241	0.6625995009	NA	163	0.6652355079	0.7283731829	-0.7649857049	2.090184707	1	1	1	BcgI	NA	fixed	135614.2967	glm	15	False	fraction 0.18 < 0.75; containment 0.06 < 0.5	-	single enzyme: no cross-enzyme consistency check available
S_8221232	GCA_013333105.2	s__JABCPO02_sp013333105	NA	NA	NA	0	NA	NA	NA	0	NA	NA	NA	NA	0	1	0	-	NA	fixed	NA	none	0	False	containment 0.00 < 0.5; only 0/1 enzymes produced a fit; no PTR estimate	BcgI:only 0 windows after outlier trimming	no enzyme produced a usable estimate
S_8221232	GCA_013333135.2	s__UBA2866_sp013333135	7.508817958	3.954085753	0.2727537278	0.1611570248	11.49675471	3.523154771	NA	179	0.9957575617	0.9791620431	1.604032432	5.442277111	1	1	1	BcgI	NA	fixed	180850.59	glm	15	False	fraction 0.27 < 0.75; containment 0.16 < 0.5	-	single enzyme: no cross-enzyme consistency check available
S_8221232	GCA_013333165.2	s__JABCPG02_sp013333195	2.101570582	0.6239623122	0.2747762956	0.1129831516	1.750315157	0.8076147135	NA	383	0.8141784952	0.3749385549	0.0727486495	1.542480778	1	1	1	BcgI	NA	fixed	33736.87917	glm	50	False	fraction 0.27 < 0.75; containment 0.11 < 0.5	-	single enzyme: no cross-enzyme consistency check available
S_8221232	GCA_013333235.2	s__JABCPH02_sp013333235	5.086271647	4.708542755	0.674047619	0.412371134	1.841594338	0.8809553027	NA	116	0.9459076206	0.8492771429	-0.7835973103	2.545507916	1	1	1	BcgI	NA	fixed	999673.9028	glm	30	False	fraction 0.67 < 0.75; containment 0.41 < 0.5	-	single enzyme: no cross-enzyme consistency check available
S_8221232	GCA_013333295.2	s__HOT-345_sp013333295	3.090946041	0	0.1947330447	0.07317073171	1.734264017	0.7943235452	NA	59	0.6660902771	0.4414618314	-0.07092574489	1.659572835	1	1	1	BcgI	NA	fixed	220777.3097	glm	7	False	fraction 0.19 < 0.75; containment 0.07 < 0.5	-	single enzyme: no cross-enzyme consistency check available
S_8221232	GCA_013333375.2	s__UBA2866_sp013333375	8.307158715	2.748994983	0.3438988095	0.1394230769	3.808657573	1.929282585	NA	95	0.9021073891	1.134639958	-0.2945708695	4.153136039	1	1	1	BcgI	NA	fixed	256872.7622	glm	16	False	fraction 0.34 < 0.75; containment 0.14 < 0.5	-	single enzyme: no cross-enzyme consistency check available
S_8221232	GCA_013333395.2	s__CAG-793_sp013333395	NA	NA	NA	0.1594202899	NA	NA	NA	0	NA	NA	NA	NA	0	1	0	-	NA	fixed	NA	none	0	False	containment 0.16 < 0.5; only 0/1 enzymes produced a fit; no PTR estimate	BcgI:only 3 windows after outlier trimming	no enzyme produced a usable estimate
S_8221232	GCA_013333405.2	s__UMGS1907_sp013333405	4.983288262	0.7471088435	0.3927505575	0.1762295082	1.60144925	0.67937808	NA	126	0.6808688294	0.8608967874	-1.007948618	2.366704778	1	1	1	BcgI	NA	fixed	442326.2433	glm	22	False	fraction 0.39 < 0.75; containment 0.18 < 0.5	-	single enzyme: no cross-enzyme consistency check available
S_8221232	GCA_013333425.2	s__Mogibacterium_diversum	7.608988269	7.396372243	0.6724653961	0.5567010309	1.491608765	0.5768691801	NA	494	0.9976610434	0.612930221	-0.6244519781	1.778190338	1	1	1	BcgI	NA	fixed	295815.2472	glm	68	False	fraction 0.67 < 0.75; dispersion 7.40 > 5.0	-	single enzyme: no cross-enzyme consistency check available
S_8221232	GCA_013333485.2	s__Saccharimonas_sp010202265	NA	NA	NA	0.002173913043	NA	NA	NA	0	NA	NA	NA	NA	0	1	0	-	NA	fixed	NA	none	0	False	containment 0.00 < 0.5; only 0/1 enzymes produced a fit; no PTR estimate	BcgI:only 0 windows after outlier trimming	no enzyme produced a usable estimate
S_8221232	GCA_013333495.2	s__TM7x_sp013333495	NA	NA	NA	0.00198019802	NA	NA	NA	0	NA	NA	NA	NA	0	1	0	-	NA	fixed	NA	none	0	False	containment 0.00 < 0.5; only 0/1 enzymes produced a fit; no PTR estimate	BcgI:only 1 windows after outlier trimming	no enzyme produced a usable estimate
S_8221232	GCA_013333505.2	s__JABCPE02_sp013333255	4.329376334	3.131970077	0.5660223057	0.3113553114	2.124356933	1.087026187	NA	174	0.9254463846	0.5807264945	-0.05117682713	2.225229201	1	1	1	BcgI	NA	fixed	136286.7489	glm	37	False	fraction 0.57 < 0.75; containment 0.31 < 0.5	-	single enzyme: no cross-enzyme consistency check available
S_8221232	GCA_013333515.2	s__UBA1103_sp013333515	NA	NA	NA	0.008333333333	NA	NA	NA	0	NA	NA	NA	NA	0	1	0	-	NA	fixed	NA	none	0	False	containment 0.01 < 0.5; only 0/1 enzymes produced a fit; no PTR estimate	BcgI:only 1 windows after outlier trimming	no enzyme produced a usable estimate
S_8221232	GCA_013333595.2	s__SDRW01_sp013333595	3.891361344	3.124573537	0.2889079245	0.2093023256	1.145531615	0.1960172757	NA	429	0.4776967431	0.6790094713	-1.134816833	1.526851385	1	1	1	BcgI	NA	fixed	190072.9011	glm	23	False	fraction 0.29 < 0.75; containment 0.21 < 0.5	-	single enzyme: no cross-enzyme consistency check available
S_8221232	GCA_013333605.2	s__HOT-345_sp013333605	3.317210173	1.85986051	0.4458333333	0.2295081967	6.339592936	2.664390208	NA	55	0.9761104708	0.837035574	1.023830629	4.304949787	1	1	1	BcgI	NA	fixed	496889.9117	glm	12	False	fraction 0.45 < 0.75; containment 0.23 < 0.5	-	single enzyme: no cross-enzyme consistency check available
S_8221232	GCA_013333625.2	s__Saccharimonas_sp013333625	7.149144225	4.536954155	0.2541006886	0.1666666667	1.884019299	0.9138137434	NA	294	0.8894747658	0.6571573098	-0.3741909159	2.201818403	1	1	1	BcgI	NA	fixed	133047.0147	glm	25	False	fraction 0.25 < 0.75; containment 0.17 < 0.5	-	single enzyme: no cross-enzyme consistency check available
S_8221232	GCA_013333645.2	s__Saccharimonas_sp013333645	3.049552282	2.24522828	0.1379555044	0.1268498943	1.964005914	0.9737992736	NA	807	0.9720915965	0.6219902692	-0.2452792526	2.1928778	1	1	1	BcgI	NA	fixed	410037.4717	glm	26	False	fraction 0.14 < 0.75; containment 0.13 < 0.5	-	single enzyme: no cross-enzyme consistency check available
S_8221232	GCA_013333675.2	s__Saccharimonas_sp013333675	3.464294725	3.060429984	0.2636107897	0.2296110414	1.346346125	0.4290493523	NA	721	0.8329066578	0.4767035812	-0.5052724981	1.363371203	1	1	1	BcgI	NA	fixed	400845.0133	glm	34	False	fraction 0.26 < 0.75; containment 0.23 < 0.5	-	single enzyme: no cross-enzyme consistency check available
S_8221232	GCA_013333695.2	s__TM7x_sp013333695	NA	NA	NA	0.02380952381	NA	NA	NA	0	NA	NA	NA	NA	0	1	0	-	NA	fixed	NA	none	0	False	containment 0.02 < 0.5; only 0/1 enzymes produced a fit; no PTR estimate	BcgI:only 3 windows after outlier trimming	no enzyme produced a usable estimate
S_8221232	GCA_013333755.2	s__GN02-872_sp002761215	NA	NA	NA	0.25	NA	NA	NA	0	NA	NA	NA	NA	0	1	0	-	NA	fixed	NA	none	0	False	containment 0.25 < 0.5; only 0/1 enzymes produced a fit; no PTR estimate	BcgI:only 1 windows after outlier trimming	no enzyme produced a usable estimate
S_8221232	GCA_013333795.2	s__Saccharimonas_sp013333795	4.810902263	1.964718615	0.418453927	0.1726027397	2.637415535	1.399124891	NA	181	0.9378275289	0.7390524441	-0.04939128217	2.847641064	1	1	1	BcgI	NA	fixed	159830.65	glm	35	False	fraction 0.42 < 0.75; containment 0.17 < 0.5	-	single enzyme: no cross-enzyme consistency check available
S_8221232	GCA_013333815.2	s__SDRW01_sp007845485	12.08232467	13.27781017	0.6153449409	0.5695652174	2.487949264	1.314957065	NA	178	0.9974869302	1.256732481	-1.148193335	3.778107466	1	1	1	BcgI	NA	fixed	642689.88	glm	13	False	fraction 0.62 < 0.75; dispersion 13.28 > 5.0	-	single enzyme: no cross-enzyme consistency check available
S_8221232	GCA_013333835.2	s__Bacteroides_D_sp013333835	NA	NA	NA	0	NA	NA	NA	0	NA	NA	NA	NA	0	1	0	-	NA	fixed	NA	none	0	False	containment 0.00 < 0.5; only 0/1 enzymes produced a fit; no PTR estimate	BcgI:only 0 windows after outlier trimming	no enzyme produced a usable estimate
S_8221232	GCA_013333845.2	s__Saccharimonas_sp013333845	3.642009003	3.634336198	0.372169777	0.1954674221	1.729793356	0.7905997015	NA	219	0.8675615065	0.8319600742	-0.8400120804	2.421211483	1	1	1	BcgI	NA	fixed	146958.2508	glm	28	False	fraction 0.37 < 0.75; containment 0.20 < 0.5	-	single enzyme: no cross-enzyme consistency check available
S_8221232	GCA_013333875.2	s__JABCPE02_sp013333875	3.815668284	0.8555555556	0.6016129032	0.2304526749	1.469778502	0.5555987552	NA	73	0.7057524087	0.68289395	-0.7828487921	1.894046303	1	1	1	BcgI	NA	fixed	224273.6167	glm	31	False	fraction 0.60 < 0.75; containment 0.23 < 0.5	-	single enzyme: no cross-enzyme consistency check available
S_8221232	GCA_013333895.2	s__Arachnia_sp013333735	2.812934323	2.112282657	0.4629127591	0.4508608321	1.553953121	0.6359429818	NA	2399	0.9954439538	0.3213676804	0.006073902314	1.265812061	1	1	1	BcgI	NA	fixed	1262535.495	glm	178	False	fraction 0.46 < 0.75; containment 0.45 < 0.5	-	single enzyme: no cross-enzyme consistency check available
S_8221232	GCA_013333935.1	s__Prevotella_sp013333935	1.297981714	0.537962963	0.06191135204	0.02771084337	2.630258599	1.395204648	NA	419	0.7454493819	0.8570112447	-0.2845065262	3.074915822	1	1	1	BcgI	NA	fixed	261892.6267	glm	9	False	fraction 0.06 < 0.75; containment 0.03 < 0.5	-	single enzyme: no cross-enzyme consistency check available
S_8221232	GCA_013333945.2	s__Arachnia_sp013333945	6.532685715	7.023663841	0.6534903485	0.6167687596	1.226353457	0.2943748499	NA	2243	0.9910114549	0.317809384	-0.3285200967	0.9172697965	1	1	1	BcgI	NA	fixed	1345808.258	glm	228	False	fraction 0.65 < 0.75; dispersion 7.02 > 5.0	-	single enzyme: no cross-enzyme consistency check available
S_8221232	GCA_014467095.1	s__Streptococcus_mitis_K	NA	NA	NA	0.08333333333	NA	NA	NA	0	NA	NA	NA	NA	0	1	0	-	NA	fixed	NA	none	0	False	containment 0.08 < 0.5; only 0/1 enzymes produced a fit; no PTR estimate	BcgI:only 3 windows after outlier trimming	no enzyme produced a usable estimate
S_8221232	GCA_900066305.1	s__UBA1191_sp900066305	NA	NA	NA	0	NA	NA	NA	0	NA	NA	NA	NA	0	1	0	-	NA	fixed	NA	none	0	False	containment 0.00 < 0.5; only 0/1 enzymes produced a fit; no PTR estimate	BcgI:only 0 windows after outlier trimming	no enzyme produced a usable estimate
S_8221232	GCA_900167215.1	s__Peptoanaerobacter_yurii	2.409328197	0.9417989418	0.2297031273	0.1796875	3.935409774	1.976513864	NA	172	0.9394074544	0.6583985683	0.6860763824	3.266951345	1	1	1	BcgI	NA	fixed	777947.0844	glm	12	False	fraction 0.23 < 0.75; containment 0.18 < 0.5	-	single enzyme: no cross-enzyme consistency check available
S_8221232	GCA_900299135.1	s__Trueperella_pyogenes	NA	NA	NA	0.0006618133686	NA	NA	NA	0	NA	NA	NA	NA	0	1	0	-	NA	fixed	NA	none	0	False	containment 0.00 < 0.5; only 0/1 enzymes produced a fit; no PTR estimate	BcgI:only 1 windows after outlier trimming	no enzyme produced a usable estimate
S_8221232	GCA_900453905.1	s__Neisseria_flavescens	62.17523177	89.39423197	0.2374834991	0.184991274	5.416539462	2.437371432	NA	511	0.9996728862	1.7310883	-0.9554992901	5.830242154	1	1	1	BcgI	NA	fixed	401509.3878	glm	30	False	fraction 0.24 < 0.75; dispersion 89.39 > 5.0; containment 0.18 < 0.5	-	single enzyme: no cross-enzyme consistency check available
S_8221232	GCA_900538345.1	s__Veillonella_tobetsuensis	3.855005633	4.471664551	0.2198069986	0.203125	3.863249282	1.949814773	NA	389	0.9844443745	0.9264073923	0.1340896489	3.765539897	1	1	1	BcgI	NA	fixed	639582.3517	glm	17	False	fraction 0.22 < 0.75; containment 0.20 < 0.5	-	single enzyme: no cross-enzyme consistency check available
S_8221232	GCA_900538355.1	s__Veillonella_sp900538355	5.288316683	6.951902748	0.3248254947	0.09543568465	9.978778662	3.31886325	NA	106	0.9922968577	1.270462865	0.8288017916	5.808924708	1	1	1	BcgI	NA	fixed	550093.5306	glm	10	False	fraction 0.32 < 0.75; dispersion 6.95 > 5.0; containment 0.10 < 0.5	-	single enzyme: no cross-enzyme consistency check available
S_8221232	GCA_900539315.1	s__Granulicatella_sp001058355	7.51977118	9.986491804	0.5334426279	0.469740634	13.20410092	3.722914165	NA	322	0.9995395755	0.5791916276	2.587719435	4.858108896	1	1	1	BcgI	NA	fixed	608357.3067	glm	30	False	fraction 0.53 < 0.75; dispersion 9.99 > 5.0; containment 0.47 < 0.5	-	single enzyme: no cross-enzyme consistency check available
S_8221232	GCA_900539505.1	s__Campylobacter_B_sp900539505	3.679022712	3.55516109	0.193684857	0.1165991903	3.817053437	1.932459384	NA	849	0.9941865409	0.5491145849	0.8562145741	3.008704194	1	1	1	BcgI	NA	fixed	569480.7494	glm	44	False	fraction 0.19 < 0.75; containment 0.12 < 0.5	-	single enzyme: no cross-enzyme consistency check available
S_8221232	GCA_900539555.1	s__Streptococcus_mitis_BB	NA	NA	NA	0.115942029	NA	NA	NA	0	NA	NA	NA	NA	0	1	0	-	NA	fixed	NA	none	0	False	containment 0.12 < 0.5; only 0/1 enzymes produced a fit; no PTR estimate	BcgI:only 4 windows after outlier trimming	no enzyme produced a usable estimate
S_8221232	GCA_900539805.1	s__Phyllobacterium_sp900539805	NA	NA	NA	0	NA	NA	NA	0	NA	NA	NA	NA	0	1	0	-	NA	fixed	NA	none	0	False	containment 0.00 < 0.5; only 0/1 enzymes produced a fit; no PTR estimate	BcgI:only 0 windows after outlier trimming	no enzyme produced a usable estimate
S_8221232	GCA_900540375.1	s__Prevotella_sp900540375	NA	NA	NA	0.0004073319756	NA	NA	NA	0	NA	NA	NA	NA	0	1	0	-	NA	fixed	NA	none	0	False	containment 0.00 < 0.5; only 0/1 enzymes produced a fit; no PTR estimate	BcgI:only 1 windows after outlier trimming	no enzyme produced a usable estimate
S_8221232	GCA_900540565.1	s__Pauljensenia_sp001838165	4.994385147	7.602587218	0.2008458603	0.207635633	11.47325151	3.520202403	NA	989	0.9990350013	0.7929121533	1.96612314	5.074281666	1	1	1	BcgI	NA	fixed	1240863.333	glm	31	False	fraction 0.20 < 0.75; dispersion 7.60 > 5.0; containment 0.21 < 0.5	-	single enzyme: no cross-enzyme consistency check available
S_8221232	GCA_900541895.1	s__Pauljensenia_sp900541895	4.688155497	7.443615257	0.06180871723	0.01911314985	13.31221519	3.734678755	NA	481	0.9973213482	1.945035919	-0.07752159413	7.546879104	1	1	1	BcgI	NA	fixed	1377663.543	glm	13	False	fraction 0.06 < 0.75; dispersion 7.44 > 5.0; containment 0.02 < 0.5	-	single enzyme: no cross-enzyme consistency check available
S_8221232	GCA_900542465.1	s__UBA4285_sp900542465	NA	NA	NA	0.002336448598	NA	NA	NA	0	NA	NA	NA	NA	0	1	0	-	NA	fixed	NA	none	0	False	containment 0.00 < 0.5; only 0/1 enzymes produced a fit; no PTR estimate	BcgI:only 0 windows after outlier trimming	no enzyme produced a usable estimate
S_8221232	GCA_900546865.1	s__Rothia_terrae	NA	NA	NA	0.0006134969325	NA	NA	NA	0	NA	NA	NA	NA	0	1	0	-	NA	fixed	NA	none	0	False	containment 0.00 < 0.5; only 0/1 enzymes produced a fit; no PTR estimate	BcgI:only 0 windows after outlier trimming	no enzyme produced a usable estimate
S_8221232	GCA_900549805.1	s__Veillonella_sp900549805	NA	NA	NA	0	NA	NA	NA	0	NA	NA	NA	NA	0	1	0	-	NA	fixed	NA	none	0	False	containment 0.00 < 0.5; only 0/1 enzymes produced a fit; no PTR estimate	BcgI:only 0 windows after outlier trimming	no enzyme produced a usable estimate
S_8221232	GCA_900549845.1	s__Veillonella_sp900549845	8.126425996	26.35410334	0.71	0.2384615385	1.97347925	0.9807413503	NA	51	0.9404568286	1.28692696	-1.541589142	3.503071842	1	1	1	BcgI	NA	fixed	787838.865	glm	25	False	fraction 0.71 < 0.75; dispersion 26.35 > 5.0; containment 0.24 < 0.5	-	single enzyme: no cross-enzyme consistency check available
S_8221232	GCA_900550175.1	s__Veillonella_sp900550175	20.76926633	1.333333333	0.4547619048	0.04214559387	12.45537073	3.638696058	NA	34	0.9987653172	1.876844604	-0.03985176985	7.317243886	1	1	1	BcgI	NA	fixed	652620.6011	glm	7	False	fraction 0.45 < 0.75; containment 0.04 < 0.5	-	single enzyme: no cross-enzyme consistency check available
S_8221232	GCA_900550455.1	s__Veillonella_sp900550455	NA	NA	NA	0	NA	NA	NA	0	NA	NA	NA	NA	0	1	0	-	NA	fixed	NA	none	0	False	containment 0.00 < 0.5; only 0/1 enzymes produced a fit; no PTR estimate	BcgI:only 0 windows after outlier trimming	no enzyme produced a usable estimate
S_8221232	GCA_900551535.1	s__Granulicatella_sp900551535	8.706224067	10.83472099	0.6305811572	0.3240418118	5.109750537	2.353252859	NA	189	0.9992328584	0.7511682563	0.8809901305	3.825515588	1	1	1	BcgI	NA	fixed	181097.3189	glm	62	False	fraction 0.63 < 0.75; dispersion 10.83 > 5.0; containment 0.32 < 0.5	-	single enzyme: no cross-enzyme consistency check available
S_8221232	GCA_900552445.1	s__Veillonella_sp900552445	9.960633844	7.887462547	0.7486111111	0.4285714286	3.170366442	1.664649602	NA	145	0.9961254202	0.8332471134	0.03151526927	3.297783934	1	1	1	BcgI	NA	fixed	90166.61333	glm	72	False	fraction 0.75 < 0.75; dispersion 7.89 > 5.0; containment 0.43 < 0.5	-	single enzyme: no cross-enzyme consistency check available
S_8221232	GCA_900552715.1	s__Veillonella_sp900552715	NA	NA	NA	0.1531531532	NA	NA	NA	0	NA	NA	NA	NA	0	1	0	-	NA	fixed	NA	none	0	False	containment 0.15 < 0.5; only 0/1 enzymes produced a fit; no PTR estimate	BcgI:only 18 anchors (< 30)	no enzyme produced a usable estimate
S_8221232	GCA_900554555.1	s__Bulleidia_sp900554555	6.739417378	1.914529915	0.8066666667	0.3128205128	1.508589145	0.5931999505	NA	60	0.7321245192	0.7603531016	-0.8970647441	2.083464645	1	1	1	BcgI	NA	fixed	251595.4969	glm	30	False	containment 0.31 < 0.5	-	single enzyme: no cross-enzyme consistency check available
S_8221232	GCA_900554605.1	s__Pauljensenia_sp900554605	5.033086415	3.473202559	0.5354983497	0.3718905473	1.600337683	0.6783763565	NA	574	0.9639933765	0.4953483722	-0.2924886128	1.649241326	1	1	1	BcgI	NA	fixed	156358.1328	glm	130	False	fraction 0.54 < 0.75; containment 0.37 < 0.5	-	single enzyme: no cross-enzyme consistency check available
S_8221232	GCA_900555155.1	s__Streptococcus_sp900555155	NA	NA	NA	0.007692307692	NA	NA	NA	0	NA	NA	NA	NA	0	1	0	-	NA	fixed	NA	none	0	False	containment 0.01 < 0.5; only 0/1 enzymes produced a fit; no PTR estimate	BcgI:only 1 windows after outlier trimming	no enzyme produced a usable estimate
S_8221232	GCA_900555245.1	s__Dialister_sp900555245	NA	NA	NA	0.02261306533	NA	NA	NA	0	NA	NA	NA	NA	0	1	0	-	NA	fixed	NA	none	0	False	containment 0.02 < 0.5; only 0/1 enzymes produced a fit; no PTR estimate	BcgI:only 4 windows after outlier trimming	no enzyme produced a usable estimate
S_8221232	GCA_900555335.1	s__Lancefieldella_sp900555335	7.831544979	4.171416933	0.434343119	0.2605263158	1.904647849	0.9295242818	NA	242	0.9889614681	0.566951373	-0.1816799902	2.040728554	1	1	1	BcgI	NA	fixed	343374.2794	glm	44	False	fraction 0.43 < 0.75; containment 0.26 < 0.5	-	single enzyme: no cross-enzyme consistency check available
S_8221232	GCA_900555945.1	s__UMGS1907_sp900555945	2.527224874	1.312809226	0.3069779806	0.2605042017	2.072891574	1.051644656	NA	197	0.8585114567	0.6791548452	-0.2794743807	2.382763692	1	1	1	BcgI	NA	fixed	90889.93056	glm	18	False	fraction 0.31 < 0.75; containment 0.26 < 0.5	-	single enzyme: no cross-enzyme consistency check available
S_8221232	GCA_900555985.1	s__Gemella_sp900555985	NA	NA	NA	0.05	NA	NA	NA	0	NA	NA	NA	NA	0	1	0	-	NA	fixed	NA	none	0	False	containment 0.05 < 0.5; only 0/1 enzymes produced a fit; no PTR estimate	BcgI:only 3 windows after outlier trimming	no enzyme produced a usable estimate
S_8221232	GCA_900556165.1	s__UMGS1907_sp900556165	NA	NA	NA	0.046875	NA	NA	NA	0	NA	NA	NA	NA	0	1	0	-	NA	fixed	NA	none	0	False	containment 0.05 < 0.5; only 0/1 enzymes produced a fit; no PTR estimate	BcgI:only 20 anchors (< 30)	no enzyme produced a usable estimate
S_8221232	GCA_900556405.1	s__Pauljensenia_sp900556405	10.65712749	13.96216303	0.316778813	0.0376661743	26.26600607	4.71512494	NA	148	0.9999916547	1.659888836	1.461802603	7.968447277	1	1	1	BcgI	NA	fixed	408807.0631	glm	23	False	fraction 0.32 < 0.75; dispersion 13.96 > 5.0; containment 0.04 < 0.5	-	single enzyme: no cross-enzyme consistency check available
S_8221232	GCA_900556785.1	s__Veillonella_sp900556785	9.576771282	1.537037037	0.6133333333	0.1640625	3.117382353	1.640335115	NA	37	0.9715295757	0.883871779	-0.0920217388	3.372691969	1	1	1	BcgI	NA	fixed	261980.4167	glm	15	False	fraction 0.61 < 0.75; containment 0.16 < 0.5	-	single enzyme: no cross-enzyme consistency check available
S_8221232	GCA_900557325.1	s__Streptococcus_rubneri	NA	NA	NA	0.1609195402	NA	NA	NA	0	NA	NA	NA	NA	0	1	0	-	NA	fixed	NA	none	0	False	containment 0.16 < 0.5; only 0/1 enzymes produced a fit; no PTR estimate	BcgI:only 25 anchors (< 30)	no enzyme produced a usable estimate
S_8221232	GCA_900755085.1	s__Streptococcus_sp900755085	5.193754363	1.808080808	0.4693732194	0.05597014925	11.49176947	3.522529052	NA	32	0.9898654211	1.765572225	0.06207107818	6.982987026	1	1	1	BcgI	NA	fixed	1328064.518	glm	9	False	fraction 0.47 < 0.75; containment 0.06 < 0.5	-	single enzyme: no cross-enzyme consistency check available
S_8221232	GCA_900755465.1	s__Rothia_sp902373285	32.9682664	46.17107522	0.1943792915	0.07137907138	3.733827857	1.900655416	NA	782	0.9999653789	0.8975442391	0.1415010325	3.659809799	1	1	1	BcgI	NA	fixed	657487.7617	glm	49	False	fraction 0.19 < 0.75; dispersion 46.17 > 5.0; containment 0.07 < 0.5	-	single enzyme: no cross-enzyme consistency check available
S_8221232	GCA_900755475.1	s__Streptococcus_sp900543065	5.0749592	NA	0.1747775235	0.02433090024	5.583692692	2.481219543	NA	59	0.8562421669	0.6442949254	1.218424693	3.744014392	1	1	1	BcgI	NA	fixed	1539235.835	glm	5	False	fraction 0.17 < 0.75; containment 0.02 < 0.5	-	single enzyme: no cross-enzyme consistency check available
S_8221232	GCA_900757715.1	s__Veillonella_sp900757715	5.889367371	2.606015968	0.43742474	0.1237864078	2.337039331	1.224682014	NA	147	0.9838913425	0.9126821686	-0.5641421656	3.013506194	1	1	1	BcgI	NA	fixed	1603088.836	glm	29	False	fraction 0.44 < 0.75; containment 0.12 < 0.5	-	single enzyme: no cross-enzyme consistency check available
S_8221232	GCA_900758605.1	s__Bacteroides_sp900552405	NA	NA	NA	0.0024600246	NA	NA	NA	0	NA	NA	NA	NA	0	1	0	-	NA	fixed	NA	none	0	False	containment 0.00 < 0.5; only 0/1 enzymes produced a fit; no PTR estimate	BcgI:only 3 windows after outlier trimming	no enzyme produced a usable estimate
S_8221232	GCA_900759325.1	s__Peptostreptococcus_sp900759325	5.15901721	2.596621441	0.6299603175	0.4838709677	2.772733855	1.471309144	NA	132	0.9835137473	0.6711007739	0.1559757967	2.786642491	1	1	1	BcgI	NA	fixed	502056.6833	glm	28	False	fraction 0.63 < 0.75; containment 0.48 < 0.5	-	single enzyme: no cross-enzyme consistency check available
S_8221232	GCA_900765235.1	s__Veillonella_sp900765235	NA	NA	NA	0.193877551	NA	NA	NA	0	NA	NA	NA	NA	0	1	0	-	NA	fixed	NA	none	0	False	containment 0.19 < 0.5; only 0/1 enzymes produced a fit; no PTR estimate	BcgI:only 21 anchors (< 30)	no enzyme produced a usable estimate
S_8221232	GCA_900766125.1	s__Veillonella_sp900766125	NA	NA	NA	0.08396946565	NA	NA	NA	0	NA	NA	NA	NA	0	1	0	-	NA	fixed	NA	none	0	False	containment 0.08 < 0.5; only 0/1 enzymes produced a fit; no PTR estimate	BcgI:only 13 anchors (< 30)	no enzyme produced a usable estimate
S_8221232	GCA_900766185.1	s__Johnsonella_sp900766185	2.738243009	1.155972271	0.3618581461	0.2505219207	2.387349882	1.255410019	NA	322	0.9647918422	0.6473798978	-0.01343126535	2.524251303	1	1	1	BcgI	NA	fixed	705195.0344	glm	41	False	fraction 0.36 < 0.75; containment 0.25 < 0.5	-	single enzyme: no cross-enzyme consistency check available
S_8221232	GCA_900766305.1	s__Gemella_sp900766305	9.005235094	2.877564103	0.579957265	0.1644736842	2.474331563	1.307038836	NA	60	0.9493604612	0.6357553057	0.06098133365	2.553096338	1	1	1	BcgI	NA	fixed	957750.4767	glm	15	False	fraction 0.58 < 0.75; containment 0.16 < 0.5	-	single enzyme: no cross-enzyme consistency check available
S_8221232	GCA_900766345.1	s__Corynebacterium_sp900539985	NA	NA	NA	0.001865671642	NA	NA	NA	0	NA	NA	NA	NA	0	1	0	-	NA	fixed	NA	none	0	False	containment 0.00 < 0.5; only 0/1 enzymes produced a fit; no PTR estimate	BcgI:only 0 windows after outlier trimming	no enzyme produced a usable estimate
S_8221232	GCA_900766415.1	s__Veillonella_sp009929605	NA	NA	NA	0.005281690141	NA	NA	NA	0	NA	NA	NA	NA	0	1	0	-	NA	fixed	NA	none	0	False	containment 0.01 < 0.5; only 0/1 enzymes produced a fit; no PTR estimate	BcgI:only 3 windows after outlier trimming	no enzyme produced a usable estimate
S_8221232	GCA_901420285.1	s__Rodentibacter_sp901420285	1.521671986	0.6412591869	0.09846089524	0.09375	1.394451299	0.4796975493	NA	1100	0.7239519466	0.4901089805	-0.480898401	1.4402935	1	1	1	BcgI	NA	fixed	1254048.25	glm	22	False	fraction 0.10 < 0.75; containment 0.09 < 0.5	-	single enzyme: no cross-enzyme consistency check available
S_8221232	GCA_902373375.1	s__Lancefieldella_sp902373375	5.965966735	4.317845118	0.2432365674	0.03728070175	2.453802171	1.295018941	NA	107	0.8246378521	0.5400092255	0.236620308	2.353417575	1	1	1	BcgI	NA	fixed	142684.42	glm	10	False	fraction 0.24 < 0.75; containment 0.04 < 0.5	-	single enzyme: no cross-enzyme consistency check available
S_8221232	GCA_902373385.1	s__Methylobacterium_sp002778835	NA	NA	NA	0.0001935733643	NA	NA	NA	0	NA	NA	NA	NA	0	1	0	-	NA	fixed	NA	none	0	False	containment 0.00 < 0.5; only 0/1 enzymes produced a fit; no PTR estimate	BcgI:only 1 windows after outlier trimming	no enzyme produced a usable estimate
S_8221232	GCA_902373395.1	s__Rothia_mucilaginosa_B	70.66586909	76.40959492	0.7112808331	0.5660792952	3.726431033	1.897794559	NA	776	0.999789343	0.5195864739	0.8794237837	2.916165335	1	1	1	BcgI	NA	fixed	316748.0139	glm	226	False	fraction 0.71 < 0.75; dispersion 76.41 > 5.0	-	single enzyme: no cross-enzyme consistency check available
S_8221232	GCA_902373435.1	s__Pauljensenia_sp902373435	11.49036328	5.740652768	0.1494462343	0.05470190535	2.333402148	1.222434969	NA	728	0.9958332579	0.7883148831	-0.3226338105	2.767503748	1	1	1	BcgI	NA	fixed	1466576.627	glm	50	False	fraction 0.15 < 0.75; dispersion 5.74 > 5.0; containment 0.05 < 0.5	-	single enzyme: no cross-enzyme consistency check available
S_8221232	GCA_902373455.1	s__Streptococcus_sp902373455	NA	NA	NA	0.1605839416	NA	NA	NA	0	NA	NA	NA	NA	0	1	0	-	NA	fixed	NA	none	0	False	containment 0.16 < 0.5; only 0/1 enzymes produced a fit; no PTR estimate	BcgI:only 29 anchors (< 30)	no enzyme produced a usable estimate
S_8221232	GCA_902373545.1	s__Pauljensenia_sp902373545	5.526436011	6.491690815	0.5016831047	0.4295371815	7.055012098	2.818648557	NA	1579	0.9997281832	0.4292706578	1.977293528	3.660003586	1	1	1	BcgI	NA	fixed	687351.4267	glm	128	False	fraction 0.50 < 0.75; dispersion 6.49 > 5.0; containment 0.43 < 0.5	-	single enzyme: no cross-enzyme consistency check available
S_8221232	GCA_902373585.1	s__Veillonella_dispar	11.2221827	21.26516464	0.4904100529	0.204379562	10.28696459	3.362745439	NA	74	0.9992531675	1.473580674	0.4745803893	6.25091049	1	1	1	BcgI	NA	fixed	128872.0917	glm	18	False	fraction 0.49 < 0.75; dispersion 21.27 > 5.0; containment 0.20 < 0.5	-	single enzyme: no cross-enzyme consistency check available
S_8221232	GCA_902406185.1	s__Streptococcus_sp900550895	NA	NA	NA	0.02380952381	NA	NA	NA	0	NA	NA	NA	NA	0	1	0	-	NA	fixed	NA	none	0	False	containment 0.02 < 0.5; only 0/1 enzymes produced a fit; no PTR estimate	BcgI:only 2 windows after outlier trimming	no enzyme produced a usable estimate
S_8221232	GCA_902406255.1	s__Veillonella_sp900545205	10.46770794	15.59886179	0.7243589744	0.1981132075	85.18196486	6.412476103	NA	32	0.9986500319	2.095426609	2.305515417	10.51943679	1	1	1	BcgI	NA	fixed	269964.6289	glm	13	False	fraction 0.72 < 0.75; dispersion 15.60 > 5.0; containment 0.20 < 0.5	-	single enzyme: no cross-enzyme consistency check available
S_8221232	GCA_902406345.1	s__Anaeroglobus_micronuciformis	3.059325054	4.506258924	0.5221642944	0.5280777538	2.000671915	1.000484603	NA	845	0.9976872573	0.5190579386	-0.01685026303	2.017819468	1	1	1	BcgI	NA	fixed	1191066.459	glm	24	False	fraction 0.52 < 0.75	-	single enzyme: no cross-enzyme consistency check available
S_8221232	GCA_902498835.1	s__Chlamydophila_avium	NA	NA	NA	0	NA	NA	NA	0	NA	NA	NA	NA	0	1	0	-	NA	fixed	NA	none	0	False	containment 0.00 < 0.5; only 0/1 enzymes produced a fit; no PTR estimate	BcgI:only 0 windows after outlier trimming	no enzyme produced a usable estimate
S_8221232	GCA_902756015.1	s__UBA3839_sp900321835	NA	NA	NA	0.0006521030323	NA	NA	NA	0	NA	NA	NA	NA	0	1	0	-	NA	fixed	NA	none	0	False	containment 0.00 < 0.5; only 0/1 enzymes produced a fit; no PTR estimate	BcgI:only 2 windows after outlier trimming	no enzyme produced a usable estimate
S_8221232	GCA_902759415.1	s__UBA3663_sp900319235	NA	NA	NA	0.0002124495432	NA	NA	NA	0	NA	NA	NA	NA	0	1	0	-	NA	fixed	NA	none	0	False	containment 0.00 < 0.5; only 0/1 enzymes produced a fit; no PTR estimate	BcgI:only 1 windows after outlier trimming	no enzyme produced a usable estimate
S_8221232	GCA_903823475.1	s__Limnohabitans_sp903880855	NA	NA	NA	0	NA	NA	NA	0	NA	NA	NA	NA	0	1	0	-	NA	fixed	NA	none	0	False	containment 0.00 < 0.5; only 0/1 enzymes produced a fit; no PTR estimate	BcgI:only 0 windows after outlier trimming	no enzyme produced a usable estimate
S_8221232	GCA_903924425.1	s__UBA4615_sp903903975	NA	NA	NA	0.0001362769147	NA	NA	NA	0	NA	NA	NA	NA	0	1	0	-	NA	fixed	NA	none	0	False	containment 0.00 < 0.5; only 0/1 enzymes produced a fit; no PTR estimate	BcgI:only 1 windows after outlier trimming	no enzyme produced a usable estimate
S_8221232	GCF_000011305.1	s__Corynebacterium_efficiens	NA	NA	NA	0	NA	NA	NA	0	NA	NA	NA	NA	0	1	0	-	NA	fixed	NA	none	0	False	containment 0.00 < 0.5; only 0/1 enzymes produced a fit; no PTR estimate	BcgI:only 0 windows after outlier trimming	no enzyme produced a usable estimate
S_8221232	GCF_000015165.1	s__Bradyrhizobium_sp000015165	NA	NA	NA	0.001177486459	NA	NA	NA	0	NA	NA	NA	NA	0	1	0	-	NA	fixed	NA	none	0	False	containment 0.00 < 0.5; only 0/1 enzymes produced a fit; no PTR estimate	BcgI:only 2 windows after outlier trimming	no enzyme produced a usable estimate
S_8221232	GCF_000023845.1	s__Cryptobacterium_curtum	1.388079462	0.4259259259	0.02976190476	0.01274238227	1.645336097	0.7183823168	NA	504	0.9054125105	0.730846304	-0.7140501172	2.150814751	1	1	1	BcgI	NA	fixed	161705.1	glm	7	False	fraction 0.03 < 0.75; containment 0.01 < 0.5	-	single enzyme: no cross-enzyme consistency check available
S_8221232	GCF_000023905.1	s__Leptotrichia_buccalis	5.375183547	6.08646238	0.6261904762	0.6030150754	1.321435516	0.4021060252	NA	174	0.9576353407	0.2741661459	-0.1352497466	0.9394617969	1	1	1	BcgI	NA	fixed	2436199.733	glm	7	False	fraction 0.63 < 0.75; dispersion 6.09 > 5.0	-	single enzyme: no cross-enzyme consistency check available
S_8221232	GCF_000024225.1	s__Lancefieldella_parvula	2.417395054	1.704416716	0.09156862745	0.08044164038	1.733928648	0.7940445318	NA	309	0.9994450397	1.030913753	-1.226509296	2.814598359	1	1	1	BcgI	NA	fixed	383601.6533	glm	12	False	fraction 0.09 < 0.75; containment 0.08 < 0.5	-	single enzyme: no cross-enzyme consistency check available
S_8221232	GCF_000027165.1	s__Streptococcus_mitis_AR	NA	NA	NA	0.04854368932	NA	NA	NA	0	NA	NA	NA	NA	0	1	0	-	NA	fixed	NA	none	0	False	containment 0.05 < 0.5; only 0/1 enzymes produced a fit; no PTR estimate	BcgI:only 1 windows after outlier trimming	no enzyme produced a usable estimate
S_8221232	GCF_000090875.1	s__Neisseria_sp000090875	14.34271019	59.72175635	0.5870864432	0.5870683321	1.285580673	0.3624201458	NA	1306	0.9887298008	0.4391352967	-0.4982692201	1.223109512	1	1	1	BcgI	NA	fixed	260671.6667	glm	24	False	fraction 0.59 < 0.75; dispersion 59.72 > 5.0	-	single enzyme: no cross-enzyme consistency check available
S_8221232	GCF_000143845.1	s__Olsenella_uli	NA	NA	NA	0.003373313343	NA	NA	NA	0	NA	NA	NA	NA	0	1	0	-	NA	fixed	NA	none	0	False	containment 0.00 < 0.5; only 0/1 enzymes produced a fit; no PTR estimate	BcgI:only 0 windows after outlier trimming	no enzyme produced a usable estimate
S_8221232	GCF_000146585.1	s__Streptococcus_mitis_AZ	NA	NA	NA	0.07692307692	NA	NA	NA	0	NA	NA	NA	NA	0	1	0	-	NA	fixed	NA	none	0	False	containment 0.08 < 0.5; only 0/1 enzymes produced a fit; no PTR estimate	BcgI:only 3 windows after outlier trimming	no enzyme produced a usable estimate
S_8221232	GCF_000147675.1	s__Peptostreptococcus_stomatis	2.270839188	0.3333333333	0.3888888889	0.0625	2.753554634	1.461295234	NA	31	0.6693605955	0.3816128106	0.7133478688	2.209242598	1	1	1	BcgI	NA	fixed	905257.9583	glm	6	False	fraction 0.39 < 0.75; containment 0.06 < 0.5	-	single enzyme: no cross-enzyme consistency check available
S_8221232	GCF_000148525.1	s__Streptococcus_mitis_H	NA	NA	NA	0.0987654321	NA	NA	NA	0	NA	NA	NA	NA	0	1	0	-	NA	fixed	NA	none	0	False	containment 0.10 < 0.5; only 0/1 enzymes produced a fit; no PTR estimate	BcgI:only 4 windows after outlier trimming	no enzyme produced a usable estimate
S_8221232	GCF_000148545.1	s__Streptococcus_mitis_C	NA	NA	NA	0.1264367816	NA	NA	NA	0	NA	NA	NA	NA	0	1	0	-	NA	fixed	NA	none	0	False	containment 0.13 < 0.5; only 0/1 enzymes produced a fit; no PTR estimate	BcgI:only 15 anchors (< 30)	no enzyme produced a usable estimate
S_8221232	GCF_000148975.1	s__Streptococcus_pseudopneumoniae_M	8.463894077	0.1777777778	0.637254902	0.2523364486	1.404927665	0.490495853	NA	37	0.6740567884	1.479387571	-2.409050505	3.390042211	1	1	1	BcgI	NA	fixed	1091144.039	glm	17	False	fraction 0.64 < 0.75; containment 0.25 < 0.5	-	single enzyme: no cross-enzyme consistency check available
S_8221232	GCF_000154225.1	s__Pauljensenia_odontolytica_A	3.877090118	11.12516722	0.3660680035	0.3649167734	1.332380201	0.414005821	NA	1562	0.9869213945	0.3699143834	-0.3110130478	1.13902469	1	1	1	BcgI	NA	fixed	1672608.027	glm	25	False	fraction 0.37 < 0.75; dispersion 11.13 > 5.0; containment 0.36 < 0.5	-	single enzyme: no cross-enzyme consistency check available
S_8221232	GCF_000156615.2	s__Corynebacterium_tuberculostearicum	NA	NA	NA	0.001057082452	NA	NA	NA	0	NA	NA	NA	NA	0	1	0	-	NA	fixed	NA	none	0	False	containment 0.00 < 0.5; only 0/1 enzymes produced a fit; no PTR estimate	BcgI:only 0 windows after outlier trimming	no enzyme produced a usable estimate
S_8221232	GCF_000158215.3	s__Fusobacterium_periodonticum_D	NA	NA	NA	0.5384615385	NA	NA	NA	0	NA	NA	NA	NA	0	1	0	-	NA	fixed	NA	none	0	False	only 0/1 enzymes produced a fit; no PTR estimate	BcgI:only 4 windows after outlier trimming	no enzyme produced a usable estimate
S_8221232	GCF_000159435.1	s__Limosilactobacillus_vaginalis	NA	NA	NA	0.01016260163	NA	NA	NA	0	NA	NA	NA	NA	0	1	0	-	NA	fixed	NA	none	0	False	containment 0.01 < 0.5; only 0/1 enzymes produced a fit; no PTR estimate	BcgI:only 3 windows after outlier trimming	no enzyme produced a usable estimate
S_8221232	GCF_000159995.1	s__Alloprevotella_tannerae	3.348900966	7.528778092	0.3688295042	0.3670483461	1.253355433	0.3257955996	NA	1386	0.9802258494	0.453289578	-0.5626356479	1.214226847	1	1	1	BcgI	NA	fixed	680532.9086	glm	23	False	fraction 0.37 < 0.75; dispersion 7.53 > 5.0; containment 0.37 < 0.5	-	single enzyme: no cross-enzyme consistency check available
S_8221232	GCF_000160035.2	s__Catonella_morbi	1.680794911	0.8592592593	0.09691326531	0.08255451713	2.341025377	1.227140574	NA	347	0.8386664542	0.9472910548	-0.6295157767	3.083796924	1	1	1	BcgI	NA	fixed	1429828.228	glm	14	False	fraction 0.10 < 0.75; containment 0.08 < 0.5	-	single enzyme: no cross-enzyme consistency check available
S_8221232	GCF_000160055.1	s__Dialister_invisus	1.361264327	0.727483301	0.1477992278	0.1383495146	2.215781691	1.147815747	NA	362	0.8369235536	0.586446659	-0.001598583247	2.297230078	1	1	1	BcgI	NA	fixed	1813625.014	glm	14	False	fraction 0.15 < 0.75; containment 0.14 < 0.5	-	single enzyme: no cross-enzyme consistency check available
S_8221232	GCF_000160115.1	s__Shuttleworthia_satelles	1.319600038	0.3125	0.04081632653	0.02351834431	2.0108807	1.007827493	NA	294	0.6713055468	0.3363736776	0.3485471998	1.667107787	1	1	1	BcgI	NA	fixed	1807198.89	glm	7	False	fraction 0.04 < 0.75; containment 0.02 < 0.5	-	single enzyme: no cross-enzyme consistency check available
S_8221232	GCF_000160135.1	s__Oribacterium_sp000160135	1.84751979	0.4888888889	0.02993558166	0.0166163142	1.956447274	0.9682362304	NA	370	0.6528729842	0.7733521843	-0.5475061983	2.483978659	1	1	1	BcgI	NA	fixed	667833.215	glm	7	False	fraction 0.03 < 0.75; containment 0.02 < 0.5	-	single enzyme: no cross-enzyme consistency check available
S_8221232	GCF_000160435.1	s__Kingella_B_oralis	1.059602175	3.567406031	0.3184885126	0.3193779904	1.212898756	0.2784591301	NA	1672	0.8393934014	0.3256091493	-0.3597230756	0.9166413358	1	1	1	BcgI	NA	fixed	876136.2833	glm	26	False	fraction 0.32 < 0.75; containment 0.32 < 0.5	-	single enzyme: no cross-enzyme consistency check available
S_8221232	GCF_000160635.1	s__Oribacterium_sinus	4.764744624	6.964818098	0.5078809524	0.5148861646	1.77265707	0.8259134659	NA	495	0.9961064858	0.3173854993	0.203849318	1.447977614	1	1	1	BcgI	NA	fixed	2460374.899	glm	20	False	fraction 0.51 < 0.75; dispersion 6.96 > 5.0	-	single enzyme: no cross-enzyme consistency check available
S_8221232	GCF_000160695.1	s__Centipeda_flueggei	2.075811428	1.617034126	0.05100375354	0.04295942721	1.736811264	0.7964409878	NA	1679	0.7485161724	0.8615951404	-0.8922544566	2.485136432	1	1	1	BcgI	NA	fixed	1357932.637	glm	20	False	fraction 0.05 < 0.75; containment 0.04 < 0.5	-	single enzyme: no cross-enzyme consistency check available
S_8221232	GCF_000161975.1	s__Eubacterium_N_saphenum	NA	NA	NA	0	NA	NA	NA	0	NA	NA	NA	NA	0	1	0	-	NA	fixed	NA	none	0	False	containment 0.00 < 0.5; only 0/1 enzymes produced a fit; no PTR estimate	BcgI:only 0 windows after outlier trimming	no enzyme produced a usable estimate
S_8221232	GCF_000162455.1	s__Prevotella_buccae	6.336994159	8.126315789	0.1016835017	0.006050129646	57.08266864	5.834980878	NA	95	0.9423581282	1.332173671	3.223968462	8.445993293	1	1	1	BcgI	NA	fixed	1146198.941	glm	5	False	fraction 0.10 < 0.75; dispersion 8.13 > 5.0; containment 0.01 < 0.5	-	single enzyme: no cross-enzyme consistency check available
S_8221232	GCF_000162475.2	s__Granulicatella_elegans	1.953595328	1.037758538	0.2514285714	0.2509225092	2.095384463	1.067214975	NA	271	0.8965888503	0.7335043212	-0.3704270768	2.504857027	1	1	1	BcgI	NA	fixed	1637011.614	glm	11	False	fraction 0.25 < 0.75; containment 0.25 < 0.5	-	single enzyme: no cross-enzyme consistency check available
S_8221232	GCF_000162935.1	s__Prevotella_veroralis	3.457373789	3.165857419	0.1203691979	0.1024327785	2.576044965	1.365157776	NA	630	0.9894810895	0.8141499438	-0.2305467918	2.960862344	1	1	1	BcgI	NA	fixed	651464.3692	glm	20	False	fraction 0.12 < 0.75; containment 0.10 < 0.5	-	single enzyme: no cross-enzyme consistency check available
S_8221232	GCF_000163055.2	s__Prevotella_sp000163055	9.249530474	4.405750939	0.09943910256	0.08505467801	1.457728148	0.5437216959	NA	647	0.8251641199	1.207075488	-1.822102788	2.90954618	1	1	1	BcgI	NA	fixed	365364.875	glm	20	False	fraction 0.10 < 0.75; containment 0.09 < 0.5	-	single enzyme: no cross-enzyme consistency check available
S_8221232	GCF_000163475.1	s__Pasteurella_dagmatis	NA	NA	NA	0	NA	NA	NA	0	NA	NA	NA	NA	0	1	0	-	NA	fixed	NA	none	0	False	containment 0.00 < 0.5; only 0/1 enzymes produced a fit; no PTR estimate	BcgI:only 0 windows after outlier trimming	no enzyme produced a usable estimate
S_8221232	GCF_000163695.1	s__F0058_sp000163695	2.888796613	4.396545191	0.3492622467	0.3469927297	1.718518662	0.7811655186	NA	1393	0.9862306724	0.294415993	0.2041207759	1.358210261	1	1	1	BcgI	NA	fixed	74859.16444	glm	23	False	fraction 0.35 < 0.75; containment 0.35 < 0.5	-	single enzyme: no cross-enzyme consistency check available
S_8221232	GCF_000163835.1	s__Parascardovia_denticolens	1.360570124	0.9362099603	0.1440981164	0.134061569	1.591461696	0.670352434	NA	923	0.7972980995	0.4370384987	-0.1862272833	1.526932151	1	1	1	BcgI	NA	fixed	1138175.688	glm	23	False	fraction 0.14 < 0.75; containment 0.13 < 0.5	-	single enzyme: no cross-enzyme consistency check available
S_8221232	GCF_000163895.2	s__Filifactor_alocis	0.8549833248	0.4583333333	0.1333333333	0.09295774648	1.812677816	0.8581225247	NA	150	0.9822518215	0.8666193694	-0.8404202277	2.556665277	1	1	1	BcgI	NA	fixed	1358155.121	glm	6	False	coverage 0.85 < 1.0; fraction 0.13 < 0.75; containment 0.09 < 0.5	-	single enzyme: no cross-enzyme consistency check available
S_8221232	GCF_000173895.1	s__Neisseria_cinerea	7.325845018	298.8020078	0.3043016206	0.3103850642	4691.695002	12.19589351	NA	713	1	7.072101333	-1.665170393	26.05695742	1	1	1	BcgI	NA	fixed	1801531.567	glm	26	False	fraction 0.30 < 0.75; dispersion 298.80 > 5.0; containment 0.31 < 0.5	-	single enzyme: no cross-enzyme consistency check available
S_8221232	GCF_000173915.1	s__Gemella_haemolysans	5.935798016	14.32090608	0.2378227124	0.197080292	6.614888861	2.725716918	NA	131	0.9930889038	2.074053911	-1.339354051	6.790787886	1	1	1	BcgI	NA	fixed	1726811.767	glm	8	False	fraction 0.24 < 0.75; dispersion 14.32 > 5.0; containment 0.20 < 0.5	-	single enzyme: no cross-enzyme consistency check available
S_8221232	GCF_000174655.1	s__Neisseria_sicca	87.52491352	184.5230513	0.2612786085	0.1922077922	5.081287561	2.345194112	NA	324	0.9996912378	1.601037468	-0.7927816636	5.483169887	1	1	1	BcgI	NA	fixed	2003947.113	glm	26	False	fraction 0.26 < 0.75; dispersion 184.52 > 5.0; containment 0.19 < 0.5	-	single enzyme: no cross-enzyme consistency check available
S_8221232	GCF_000174755.1	s__Capnocytophaga_gingivalis	4.839888289	5.574130566	0.5580556864	0.4952015355	1.647248455	0.7200581735	NA	474	0.9853418755	0.6192347997	-0.493619732	1.933736079	1	1	1	BcgI	NA	fixed	392533.2633	glm	26	False	fraction 0.56 < 0.75; dispersion 5.57 > 5.0; containment 0.50 < 0.5	-	single enzyme: no cross-enzyme consistency check available
S_8221232	GCF_000175375.1	s__Corynebacterium_matruchotii	38.75985328	67.67857199	0.6044112793	0.6052514464	1.217211242	0.2835795633	NA	2158	0.9848074526	0.2662258672	-0.2382135482	0.8053726748	1	1	1	BcgI	NA	fixed	21349.8075	glm	25	False	fraction 0.60 < 0.75; dispersion 67.68 > 5.0	-	single enzyme: no cross-enzyme consistency check available
S_8221232	GCF_000175635.1	s__Corynebacterium_tuberculostearicum_C	NA	NA	NA	0	NA	NA	NA	0	NA	NA	NA	NA	0	1	0	-	NA	fixed	NA	none	0	False	containment 0.00 < 0.5; only 0/1 enzymes produced a fit; no PTR estimate	BcgI:only 0 windows after outlier trimming	no enzyme produced a usable estimate
S_8221232	GCF_000175875.1	s__Campylobacter_B_gracilis	3.073385798	2.370300967	0.1228851344	0.1233514352	2.302304402	1.203078594	NA	1198	0.9787176306	0.5816315045	0.06310179258	2.343055395	1	1	1	BcgI	NA	fixed	396412.445	glm	28	False	fraction 0.12 < 0.75; containment 0.12 < 0.5	-	single enzyme: no cross-enzyme consistency check available
S_8221232	GCF_000177055.1	s__Prevotella_timonensis_A	NA	NA	NA	0.001317523057	NA	NA	NA	0	NA	NA	NA	NA	0	1	0	-	NA	fixed	NA	none	0	False	containment 0.00 < 0.5; only 0/1 enzymes produced a fit; no PTR estimate	BcgI:only 1 windows after outlier trimming	no enzyme produced a usable estimate
S_8221232	GCF_000177375.1	s__Bulleidia_extructa	NA	NA	NA	0.01376146789	NA	NA	NA	0	NA	NA	NA	NA	0	1	0	-	NA	fixed	NA	none	0	False	containment 0.01 < 0.5; only 0/1 enzymes produced a fit; no PTR estimate	BcgI:only 0 windows after outlier trimming	no enzyme produced a usable estimate
S_8221232	GCF_000178895.1	s__Fusobacterium_nucleatum	NA	NA	NA	0.03703703704	NA	NA	NA	0	NA	NA	NA	NA	0	1	0	-	NA	fixed	NA	none	0	False	containment 0.04 < 0.5; only 0/1 enzymes produced a fit; no PTR estimate	BcgI:only 0 windows after outlier trimming	no enzyme produced a usable estimate
S_8221232	GCF_000179755.1	s__Veillonella_atypica	10.49461997	16.64432303	0.576402341	0.5381944444	2.346770249	1.230676608	NA	545	0.9970574819	0.7497659685	-0.2388376874	2.700190903	1	1	1	BcgI	NA	fixed	616060.1844	glm	47	False	fraction 0.58 < 0.75; dispersion 16.64 > 5.0	-	single enzyme: no cross-enzyme consistency check available
S_8221232	GCF_000185145.2	s__Prevotella_oralis	NA	NA	NA	0.0004411116012	NA	NA	NA	0	NA	NA	NA	NA	0	1	0	-	NA	fixed	NA	none	0	False	containment 0.00 < 0.5; only 0/1 enzymes produced a fit; no PTR estimate	BcgI:only 1 windows after outlier trimming	no enzyme produced a usable estimate
S_8221232	GCF_000185385.1	s__Lachnoanaerobaculum_saburreum	2.644867858	1.213140624	0.4541176471	0.3494897959	1.400813607	0.4862650028	NA	353	0.7364285053	0.5235341328	-0.5398430422	1.512373048	1	1	1	BcgI	NA	fixed	1519155.556	glm	17	False	fraction 0.45 < 0.75; containment 0.35 < 0.5	-	single enzyme: no cross-enzyme consistency check available
S_8221232	GCF_000185505.1	s__Pseudoramibacter_alactolyticus	NA	NA	NA	0.001074691026	NA	NA	NA	0	NA	NA	NA	NA	0	1	0	-	NA	fixed	NA	none	0	False	containment 0.00 < 0.5; only 0/1 enzymes produced a fit; no PTR estimate	BcgI:only 1 windows after outlier trimming	no enzyme produced a usable estimate
S_8221232	GCF_000185645.1	s__Gemella_morbillorum	1.916074106	1.078242112	0.3188095238	0.2934131737	3.873633893	1.953687608	NA	140	0.9125086977	1.382822276	-0.7565942495	4.663969465	1	1	1	BcgI	NA	fixed	906643.4514	glm	7	False	fraction 0.32 < 0.75; containment 0.29 < 0.5	-	single enzyme: no cross-enzyme consistency check available
S_8221232	GCF_000187585.1	s__Streptococcus_peroris	12.8811587	24.31207216	0.09714285714	0.08510638298	4.244758426	2.085682451	NA	210	0.9963588532	1.487243395	-0.8292610408	5.000625942	1	1	1	BcgI	NA	fixed	115238.2542	glm	8	False	fraction 0.10 < 0.75; dispersion 24.31 > 5.0; containment 0.09 < 0.5	-	single enzyme: no cross-enzyme consistency check available
S_8221232	GCF_000187745.1	s__Streptococcus_sp000187745	NA	NA	NA	0.09090909091	NA	NA	NA	0	NA	NA	NA	NA	0	1	0	-	NA	fixed	NA	none	0	False	containment 0.09 < 0.5; only 0/1 enzymes produced a fit; no PTR estimate	BcgI:only 3 windows after outlier trimming	no enzyme produced a usable estimate
S_8221232	GCF_000188255.1	s__Actinobacillus_ureae	NA	NA	NA	0.001951219512	NA	NA	NA	0	NA	NA	NA	NA	0	1	0	-	NA	fixed	NA	none	0	False	containment 0.00 < 0.5; only 0/1 enzymes produced a fit; no PTR estimate	BcgI:only 0 windows after outlier trimming	no enzyme produced a usable estimate
S_8221232	GCF_000191065.1	s__Prevotella_multiformis	3.077383423	1.086022928	0.1065583722	0.02347983143	2.051543362	1.036709648	NA	896	0.8695275507	0.7229370445	-0.3802209227	2.453640218	1	1	1	BcgI	NA	fixed	2890979.311	glm	15	False	fraction 0.11 < 0.75; containment 0.02 < 0.5	-	single enzyme: no cross-enzyme consistency check available
S_8221232	GCF_000191105.1	s__Streptococcus_sanguinis	15.86839269	24.75927217	0.2977142857	0.2938596491	5.183179826	2.373837448	NA	228	0.9983792273	1.065350329	0.2857891715	4.461885724	1	1	1	BcgI	NA	fixed	373573.9044	glm	10	False	fraction 0.30 < 0.75; dispersion 24.76 > 5.0; containment 0.29 < 0.5	-	single enzyme: no cross-enzyme consistency check available
S_8221232	GCF_000191825.1	s__Treponema_B_denticola	NA	NA	NA	0.01911589008	NA	NA	NA	0	NA	NA	NA	NA	0	1	0	-	NA	fixed	NA	none	0	False	containment 0.02 < 0.5; only 0/1 enzymes produced a fit; no PTR estimate	BcgI:only 4 windows after outlier trimming	no enzyme produced a usable estimate
S_8221232	GCF_000192225.1	s__Capnocytophaga_sp000192225	2.268933619	1.664808375	0.1994949495	0.1757575758	2.036088228	1.025800078	NA	253	0.8206598677	1.175217344	-1.27758359	3.329183746	1	1	1	BcgI	NA	fixed	1143646.354	glm	11	False	fraction 0.20 < 0.75; containment 0.18 < 0.5	-	single enzyme: no cross-enzyme consistency check available
S_8221232	GCF_000193735.1	s__Neisseria_sicca_E	84.74211846	131.4799715	0.2355444654	0.1012838802	2.205960775	1.141407138	NA	356	0.9995164668	1.491219365	-1.781329111	4.064143387	1	1	1	BcgI	NA	fixed	1780841.181	glm	27	False	fraction 0.24 < 0.75; dispersion 131.48 > 5.0; containment 0.10 < 0.5	-	single enzyme: no cross-enzyme consistency check available
S_8221232	GCF_000193755.1	s__Neisseria_sicca_D	143.7315187	248.4736398	0.4145310677	0.1832191781	4.304878356	2.105972472	NA	364	0.9999600523	1.500292395	-0.8345465886	5.046491532	1	1	1	BcgI	NA	fixed	656538.5889	glm	48	False	fraction 0.41 < 0.75; dispersion 248.47 > 5.0; containment 0.18 < 0.5	-	single enzyme: no cross-enzyme consistency check available
S_8221232	GCF_000193775.1	s__Neisseria_polysaccharea	8.808143943	9.641734417	0.1160900954	0.04288164666	3.447849641	1.78569686	NA	264	0.9482389136	1.332061257	-0.8250952294	4.39648895	1	1	1	BcgI	NA	fixed	1143873.355	glm	14	False	fraction 0.12 < 0.75; dispersion 9.64 > 5.0; containment 0.04 < 0.5	-	single enzyme: no cross-enzyme consistency check available
S_8221232	GCF_000193795.1	s__Neisseria_lactamica_A	12.53218284	21.52383199	0.2574097	0.03472222222	43.25662083	5.434849063	NA	173	0.9997996131	2.111425592	1.296530945	9.57316718	1	1	1	BcgI	NA	fixed	13432.59333	glm	13	False	fraction 0.26 < 0.75; dispersion 21.52 > 5.0; containment 0.03 < 0.5	-	single enzyme: no cross-enzyme consistency check available
S_8221232	GCF_000195595.1	s__Actinomyces_sp000195595	3.999448626	4.190647266	0.5316993037	0.449096099	2.748212587	1.458493608	NA	1750	0.9994177378	0.7960257303	-0.1016881543	3.01867537	1	1	1	BcgI	NA	fixed	1519415.248	glm	49	False	fraction 0.53 < 0.75; containment 0.45 < 0.5	-	single enzyme: no cross-enzyme consistency check available
S_8221232	GCF_000208825.1	s__Aeromonas_caviae	NA	NA	NA	0.001308215594	NA	NA	NA	0	NA	NA	NA	NA	0	1	0	-	NA	fixed	NA	none	0	False	containment 0.00 < 0.5; only 0/1 enzymes produced a fit; no PTR estimate	BcgI:only 2 windows after outlier trimming	no enzyme produced a usable estimate
S_8221232	GCF_000209465.1	s__Lachnoanaerobaculum_sp000209465	2.463918929	1.572054233	0.3790901575	0.3714285714	3.995504484	1.998377674	NA	343	0.9956952514	0.5552829683	0.9100430544	3.086712293	1	1	1	BcgI	NA	fixed	1472523.415	glm	24	False	fraction 0.38 < 0.75; containment 0.37 < 0.5	-	single enzyme: no cross-enzyme consistency check available
S_8221232	GCF_000210895.1	s__Haemophilus_D_parainfluenzae_A	9.2198933	13.45950491	0.3122580645	0.3046875	1.303630152	0.382534626	NA	231	0.9922803792	1.066113078	-1.707008611	2.472077863	1	1	1	BcgI	NA	fixed	1675997.925	glm	9	False	fraction 0.31 < 0.75; dispersion 13.46 > 5.0; containment 0.30 < 0.5	-	single enzyme: no cross-enzyme consistency check available
S_8221232	GCF_000211795.1	s__Sphingomonas_paucimobilis	NA	NA	NA	0.001598579041	NA	NA	NA	0	NA	NA	NA	NA	0	1	0	-	NA	fixed	NA	none	0	False	containment 0.00 < 0.5; only 0/1 enzymes produced a fit; no PTR estimate	BcgI:only 2 windows after outlier trimming	no enzyme produced a usable estimate
S_8221232	GCF_000212855.1	s__Streptococcus_sanguinis_A	14.33780687	12.52365826	0.2212121212	0.134751773	6.160364801	2.623015786	NA	256	0.9959835773	1.869836583	-1.041796573	6.287828145	1	1	1	BcgI	NA	fixed	414291.8139	glm	11	False	fraction 0.22 < 0.75; dispersion 12.52 > 5.0; containment 0.13 < 0.5	-	single enzyme: no cross-enzyme consistency check available
S_8221232	GCF_000213975.1	s__Centipeda_periodontii	1.086726694	0.63457148	0.09974576271	0.06559766764	1.265403695	0.3395977141	NA	2919	0.6997862238	0.3452771498	-0.3371330643	1.016328492	1	1	1	BcgI	NA	fixed	2333430.267	glm	30	False	fraction 0.10 < 0.75; containment 0.07 < 0.5	-	single enzyme: no cross-enzyme consistency check available
S_8221232	GCF_000214475.1	s__Parvimonas_sp000214475	NA	NA	NA	0	NA	NA	NA	0	NA	NA	NA	NA	0	1	0	-	NA	fixed	NA	none	0	False	containment 0.00 < 0.5; only 0/1 enzymes produced a fit; no PTR estimate	BcgI:only 0 windows after outlier trimming	no enzyme produced a usable estimate
S_8221232	GCF_000215385.1	s__Streptococcus_infantis_B	19.7363181	25.92349996	0.7207713202	0.674556213	11.39817164	3.510730518	NA	154	0.9997101481	0.7815985718	1.978825467	5.042635569	1	1	1	BcgI	NA	fixed	1179895.323	glm	17	False	fraction 0.72 < 0.75; dispersion 25.92 > 5.0	-	single enzyme: no cross-enzyme consistency check available
S_8221232	GCF_000218235.1	s__Prevotella_multisaccharivorax	NA	NA	NA	0.004226096144	NA	NA	NA	0	NA	NA	NA	NA	0	1	0	-	NA	fixed	NA	none	0	False	containment 0.00 < 0.5; only 0/1 enzymes produced a fit; no PTR estimate	BcgI:only 3 windows after outlier trimming	no enzyme produced a usable estimate
S_8221232	GCF_000220045.1	s__Streptococcus_mitis_AP	NA	NA	NA	0.06172839506	NA	NA	NA	0	NA	NA	NA	NA	0	1	0	-	NA	fixed	NA	none	0	False	containment 0.06 < 0.5; only 0/1 enzymes produced a fit; no PTR estimate	BcgI:only 3 windows after outlier trimming	no enzyme produced a usable estimate
S_8221232	GCF_000220065.1	s__Streptococcus_sp000220065	2.040398816	1.371979986	0.1692307692	0.1596858639	1.348866737	0.4317478221	NA	325	0.8366941993	0.757195937	-1.052328944	1.915824588	1	1	1	BcgI	NA	fixed	677168.8875	glm	13	False	fraction 0.17 < 0.75; containment 0.16 < 0.5	-	single enzyme: no cross-enzyme consistency check available
S_8221232	GCF_000220215.1	s__Prevotella_seregens	NA	NA	NA	0.0003680529996	NA	NA	NA	0	NA	NA	NA	NA	0	1	0	-	NA	fixed	NA	none	0	False	containment 0.00 < 0.5; only 0/1 enzymes produced a fit; no PTR estimate	BcgI:only 1 windows after outlier trimming	no enzyme produced a usable estimate
S_8221232	GCF_000220835.1	s__Actinomyces_sp000220835	1.085742635	0.5486956862	0.1947619048	0.1568123393	1.318044168	0.3983987162	NA	2001	0.7231908706	0.452055769	-0.48761431	1.284411743	1	1	1	BcgI	NA	fixed	1744795.113	glm	21	False	fraction 0.19 < 0.75; containment 0.16 < 0.5	-	single enzyme: no cross-enzyme consistency check available
S_8221232	GCF_000222025.1	s__Haemophilus_haemolyticus_G	NA	NA	NA	0.05607476636	NA	NA	NA	0	NA	NA	NA	NA	0	1	0	-	NA	fixed	NA	none	0	False	containment 0.06 < 0.5; only 0/1 enzymes produced a fit; no PTR estimate	BcgI:only 4 windows after outlier trimming	no enzyme produced a usable estimate
S_8221232	GCF_000222705.1	s__Streptococcus_mitis_AY	NA	NA	NA	0.07766990291	NA	NA	NA	0	NA	NA	NA	NA	0	1	0	-	NA	fixed	NA	none	0	False	containment 0.08 < 0.5; only 0/1 enzymes produced a fit; no PTR estimate	BcgI:only 4 windows after outlier trimming	no enzyme produced a usable estimate
S_8221232	GCF_000223255.1	s__Streptococcus_infantis_G	8.346272669	7.425981755	0.2612504475	0.2173913043	2.187500387	1.129283272	NA	137	0.8691591411	1.121987392	-1.069771607	3.328338151	1	1	1	BcgI	NA	fixed	406989.7106	glm	7	False	fraction 0.26 < 0.75; dispersion 7.43 > 5.0; containment 0.22 < 0.5	-	single enzyme: no cross-enzyme consistency check available
S_8221232	GCF_000223275.1	s__Haemophilus_D_pittmaniae	NA	NA	NA	0.005440696409	NA	NA	NA	0	NA	NA	NA	NA	0	1	0	-	NA	fixed	NA	none	0	False	containment 0.01 < 0.5; only 0/1 enzymes produced a fit; no PTR estimate	BcgI:only 3 windows after outlier trimming	no enzyme produced a usable estimate
S_8221232	GCF_000223335.1	s__Streptococcus_infantis_H	12.30280543	40.43710124	0.376002401	0.3676470588	3.46016652	1.790841469	NA	72	0.9687112679	2.761329507	-3.621264914	7.202947853	1	1	1	BcgI	NA	fixed	1579562.172	glm	7	False	fraction 0.38 < 0.75; dispersion 40.44 > 5.0; containment 0.37 < 0.5	-	single enzyme: no cross-enzyme consistency check available
S_8221232	GCF_000228505.1	s__Streptococcus_sobrinus	3.343612126	2.093283844	0.6695114839	0.4947552448	1.751849541	0.8088788735	NA	430	0.9580717926	0.3684649814	0.08670078045	1.531056967	1	1	1	BcgI	NA	fixed	985783.395	glm	120	False	fraction 0.67 < 0.75; containment 0.49 < 0.5	-	single enzyme: no cross-enzyme consistency check available
S_8221232	GCF_000229485.1	s__Streptococcus_mutans	2.224600872	1.227960928	0.4192852782	0.253164557	2.388980854	1.256395291	NA	184	0.9270231509	0.651922551	-0.02134942929	2.534140012	1	1	1	BcgI	NA	fixed	764584.0472	glm	28	False	fraction 0.42 < 0.75; containment 0.25 < 0.5	-	single enzyme: no cross-enzyme consistency check available
S_8221232	GCF_000234095.1	s__Centipeda_infelix	1.622360721	0.7735833785	0.04725229738	0.03908905506	1.300688756	0.3792757781	NA	2342	0.6806090498	0.6437882005	-0.8825259086	1.641077465	1	1	1	BcgI	NA	fixed	1384440	glm	23	False	fraction 0.05 < 0.75; containment 0.04 < 0.5	-	single enzyme: no cross-enzyme consistency check available
S_8221232	GCF_000234135.1	s__Centipeda_noxia	2.132167	3.651403851	0.415570637	0.3915640164	1.12986312	0.1761480048	NA	2301	0.7676240989	0.3429212291	-0.4959652537	0.8482612633	1	1	1	BcgI	NA	fixed	896666.2875	glm	23	False	fraction 0.42 < 0.75; containment 0.39 < 0.5	-	single enzyme: no cross-enzyme consistency check available
S_8221232	GCF_000235445.1	s__Johnsonella_ignava	1.348560387	0.6897354497	0.1594940267	0.1167048055	1.287206061	0.3642430245	NA	235	0.6433747594	0.6634625315	-0.9361196423	1.664605691	1	1	1	BcgI	NA	fixed	87275.72917	glm	10	False	fraction 0.16 < 0.75; containment 0.12 < 0.5	-	single enzyme: no cross-enzyme consistency check available
S_8221232	GCF_000235485.1	s__Streptococcus_sp000235485	14.17714064	18.68367423	0.2248344303	0.1710526316	2.448865916	1.292113784	NA	141	0.9885831302	0.9998678948	-0.6675912794	3.251818847	1	1	1	BcgI	NA	fixed	1062798.168	glm	11	False	fraction 0.22 < 0.75; dispersion 18.68 > 5.0; containment 0.17 < 0.5	-	single enzyme: no cross-enzyme consistency check available
S_8221232	GCF_000235885.1	s__Prevotella_stercorea	NA	NA	NA	0.0003429355281	NA	NA	NA	0	NA	NA	NA	NA	0	1	0	-	NA	fixed	NA	none	0	False	containment 0.00 < 0.5; only 0/1 enzymes produced a fit; no PTR estimate	BcgI:only 1 windows after outlier trimming	no enzyme produced a usable estimate
S_8221232	GCF_000238055.2	s__Oribacterium_parvum	5.448289486	7.016340802	0.5080515298	0.5080527086	1.70145335	0.7667675968	NA	628	0.9723114775	0.3725890622	0.03650645388	1.49702874	1	1	1	BcgI	NA	fixed	319752.9542	glm	23	False	fraction 0.51 < 0.75; dispersion 7.02 > 5.0	-	single enzyme: no cross-enzyme consistency check available
S_8221232	GCF_000238075.1	s__Oribacterium_asaccharolyticum	4.350792927	5.595099965	0.3758346831	0.3786764706	2.009404606	1.006768089	NA	685	0.9936945586	0.3381787347	0.3439499488	1.669586229	1	1	1	BcgI	NA	fixed	2182272.103	glm	21	False	fraction 0.38 < 0.75; dispersion 5.60 > 5.0; containment 0.38 < 0.5	-	single enzyme: no cross-enzyme consistency check available
S_8221232	GCF_000239275.1	s__Anaeroglobus_geminatus	NA	NA	NA	0.001679261125	NA	NA	NA	0	NA	NA	NA	NA	0	1	0	-	NA	fixed	NA	none	0	False	containment 0.00 < 0.5; only 0/1 enzymes produced a fit; no PTR estimate	BcgI:only 2 windows after outlier trimming	no enzyme produced a usable estimate
S_8221232	GCF_000242235.1	s__Stomatobaculum_longum	1.194335345	0.8005630012	0.06917254031	0.06501677852	1.49996233	0.5849262693	NA	2099	0.7922024972	0.3601031892	-0.1208630121	1.290715551	1	1	1	BcgI	NA	fixed	1202972.832	glm	22	False	fraction 0.07 < 0.75; containment 0.07 < 0.5	-	single enzyme: no cross-enzyme consistency check available
S_8221232	GCF_000242315.1	s__Lachnoanaerobaculum_orale	2.801198338	1.65749647	0.3513810659	0.2360248447	1.746019668	0.8040698103	NA	384	0.9033412975	0.4746689489	-0.1262642341	1.734403855	1	1	1	BcgI	NA	fixed	1579032.495	glm	31	False	fraction 0.35 < 0.75; containment 0.24 < 0.5	-	single enzyme: no cross-enzyme consistency check available
S_8221232	GCF_000242675.1	s__Eubacterium_B_infirmum	NA	NA	NA	0.02710413695	NA	NA	NA	0	NA	NA	NA	NA	0	1	0	-	NA	fixed	NA	none	0	False	containment 0.03 < 0.5; only 0/1 enzymes produced a fit; no PTR estimate	BcgI:only 4 windows after outlier trimming	no enzyme produced a usable estimate
S_8221232	GCF_000243035.1	s__Prevotella_micans	1.110046264	0.5398366829	0.06383182035	0.05157593123	1.242978483	0.3138013224	NA	1201	0.6486412461	0.4924756843	-0.6514332821	1.279035927	1	1	1	BcgI	NA	fixed	1614148.357	glm	17	False	fraction 0.06 < 0.75; containment 0.05 < 0.5	-	single enzyme: no cross-enzyme consistency check available
S_8221232	GCF_000253155.1	s__Streptococcus_oralis_L	NA	NA	NA	0.07291666667	NA	NA	NA	0	NA	NA	NA	NA	0	1	0	-	NA	fixed	NA	none	0	False	containment 0.07 < 0.5; only 0/1 enzymes produced a fit; no PTR estimate	BcgI:only 4 windows after outlier trimming	no enzyme produced a usable estimate
S_8221232	GCF_000257905.1	s__Streptococcus_mitis_L	80.36272798	36.0179297	0.6750063662	0.367816092	3.113889572	1.638717783	NA	58	0.9966789785	0.9311417406	-0.1862864932	3.463722059	1	1	1	BcgI	NA	fixed	530977.9878	glm	17	False	fraction 0.68 < 0.75; dispersion 36.02 > 5.0; containment 0.37 < 0.5	-	single enzyme: no cross-enzyme consistency check available
S_8221232	GCF_000259505.1	s__Streptococcus_sp000259505	7.807642335	6.545794563	0.2219590934	0.1073170732	2.427448236	1.279440532	NA	162	0.9426301591	1.333178625	-1.333541558	3.892422621	1	1	1	BcgI	NA	fixed	302866.6667	glm	13	False	fraction 0.22 < 0.75; dispersion 6.55 > 5.0; containment 0.11 < 0.5	-	single enzyme: no cross-enzyme consistency check available
S_8221232	GCF_000260655.1	s__Neisseria_sicca_B	115.0569345	185.2183938	0.4898363333	0.1774647887	33.65469639	5.072735937	NA	175	0.9999999852	1.375513782	2.376778463	7.76869341	1	1	1	BcgI	NA	fixed	1364256.663	glm	38	False	fraction 0.49 < 0.75; dispersion 185.22 > 5.0; containment 0.18 < 0.5	-	single enzyme: no cross-enzyme consistency check available
S_8221232	GCF_000262285.1	s__Haemophilus_haemolyticus	3.844876873	1.285860806	0.1194571464	0.08898305085	5.467057512	2.450764552	NA	162	0.982208877	1.273903044	-0.0460395332	4.947568638	1	1	1	BcgI	NA	fixed	1676590.516	glm	9	False	fraction 0.12 < 0.75; containment 0.09 < 0.5	-	single enzyme: no cross-enzyme consistency check available
S_8221232	GCF_000275805.1	s__Scardovia_wiggsiae	1.632089149	1.073805064	0.1959907946	0.1988130564	1.444113109	0.5301837445	NA	971	0.814158474	0.364482198	-0.1841882367	1.244555726	1	1	1	BcgI	NA	fixed	825009.1292	glm	24	False	fraction 0.20 < 0.75; containment 0.20 < 0.5	-	single enzyme: no cross-enzyme consistency check available
S_8221232	GCF_000277585.1	s__Capnocytophaga_ochracea	3.806254604	3.463897501	0.3124397825	0.3272933182	2.129995257	1.090850218	NA	758	0.994949429	0.6453965402	-0.1741037565	2.355804193	1	1	1	BcgI	NA	fixed	851144.06	glm	31	False	fraction 0.31 < 0.75; containment 0.33 < 0.5	-	single enzyme: no cross-enzyme consistency check available
S_8221232	GCF_000278725.1	s__Pauljensenia_sp000278725	12.86616401	25.93773368	0.5163620305	0.5025380711	2.753702449	1.461372678	NA	1969	0.9997166479	0.5102724263	0.4612570998	2.461488255	1	1	1	BcgI	NA	fixed	1852116.8	glm	108	False	fraction 0.52 < 0.75; dispersion 25.94 > 5.0	-	single enzyme: no cross-enzyme consistency check available
S_8221232	GCF_000279535.1	s__Streptococcus_infantis_I	18.5191612	26.85898376	0.3094871795	0.3012048193	3.173856046	1.666236694	NA	80	0.9880362203	0.5537286541	0.5809484753	2.751524914	1	1	1	BcgI	NA	fixed	1302956.767	glm	5	False	fraction 0.31 < 0.75; dispersion 26.86 > 5.0; containment 0.30 < 0.5	-	single enzyme: no cross-enzyme consistency check available
S_8221232	GCF_000282935.1	s__Pauljensenia_odontolytica_B	6.705884479	8.056767932	0.2022019207	0.1190191388	2.568981506	1.361196504	NA	1181	0.9974768083	0.6449269392	0.09716293094	2.625230078	1	1	1	BcgI	NA	fixed	1540603.454	glm	57	False	fraction 0.20 < 0.75; dispersion 8.06 > 5.0; containment 0.12 < 0.5	-	single enzyme: no cross-enzyme consistency check available
S_8221232	GCF_000283035.1	s__Pauljensenia_sp000466265	4.623077403	4.493967033	0.2644675238	0.1357769747	1.291047553	0.3685421402	NA	1357	0.8726786495	0.5205371802	-0.6516919856	1.388776266	1	1	1	BcgI	NA	fixed	457220.7558	glm	93	False	fraction 0.26 < 0.75; containment 0.14 < 0.5	-	single enzyme: no cross-enzyme consistency check available
S_8221232	GCF_000286455.1	s__Centipeda_sp000286455	2.922139166	0.65	0.1374930428	0.02227934876	2.103928719	1.073085827	NA	808	0.7855115786	0.5453727165	0.004174944505	2.141996709	1	1	1	BcgI	NA	fixed	280916.2264	glm	25	False	fraction 0.14 < 0.75; containment 0.02 < 0.5	-	single enzyme: no cross-enzyme consistency check available
S_8221232	GCF_000287615.1	s__Haemophilus_A_sputorum	3.791470229	4.187200516	0.4679627575	0.4250325945	1.421680453	0.5075972314	NA	707	0.9559799305	0.5186277278	-0.5088944364	1.524088899	1	1	1	BcgI	NA	fixed	632223.665	glm	35	False	fraction 0.47 < 0.75; containment 0.43 < 0.5	-	single enzyme: no cross-enzyme consistency check available
S_8221232	GCF_000287675.1	s__Lachnoanaerobaculum_sp000287675	3.991063107	2.121218036	0.4787259238	0.3228346457	3.832503671	1.938287174	NA	186	0.9907797764	0.7407456531	0.4864523722	3.390121976	1	1	1	BcgI	NA	fixed	1654814.85	glm	19	False	fraction 0.48 < 0.75; containment 0.32 < 0.5	-	single enzyme: no cross-enzyme consistency check available
S_8221232	GCF_000287695.1	s__Peptoanaerobacter_margaretiae	2.589454123	0.1666666667	0.1255555556	0.0355987055	3.63083031	1.860299506	NA	69	0.6681149292	1.032529186	-0.1634205113	3.884019523	1	1	1	BcgI	NA	fixed	1486060.95	glm	5	False	fraction 0.13 < 0.75; containment 0.04 < 0.5	-	single enzyme: no cross-enzyme consistency check available
S_8221232	GCF_000287715.1	s__Streptococcus_oralis_Y	NA	NA	NA	0.04494382022	NA	NA	NA	0	NA	NA	NA	NA	0	1	0	-	NA	fixed	NA	none	0	False	containment 0.04 < 0.5; only 0/1 enzymes produced a fit; no PTR estimate	BcgI:only 3 windows after outlier trimming	no enzyme produced a usable estimate
S_8221232	GCF_000292345.1	s__Cupriavidus_sp000292345	NA	NA	NA	0	NA	NA	NA	0	NA	NA	NA	NA	0	1	0	-	NA	fixed	NA	none	0	False	containment 0.00 < 0.5; only 0/1 enzymes produced a fit; no PTR estimate	BcgI:only 0 windows after outlier trimming	no enzyme produced a usable estimate
S_8221232	GCF_000292955.1	s__Selenomonas_sputigena	1.728915508	1.120916209	0.07688130256	0.0582688588	1.157090504	0.2105017118	NA	3446	0.6630772917	0.4582707101	-0.6876923753	1.108695799	1	1	1	BcgI	NA	fixed	1480595.758	glm	47	False	fraction 0.08 < 0.75; containment 0.06 < 0.5	-	single enzyme: no cross-enzyme consistency check available
S_8221232	GCF_000293035.1	s__Peptoanaerobacter_stomatis	NA	NA	NA	0.01320132013	NA	NA	NA	0	NA	NA	NA	NA	0	1	0	-	NA	fixed	NA	none	0	False	containment 0.01 < 0.5; only 0/1 enzymes produced a fit; no PTR estimate	BcgI:only 3 windows after outlier trimming	no enzyme produced a usable estimate
S_8221232	GCF_000293155.1	s__Mogibacterium_timidum	NA	NA	NA	0.004686035614	NA	NA	NA	0	NA	NA	NA	NA	0	1	0	-	NA	fixed	NA	none	0	False	containment 0.00 < 0.5; only 0/1 enzymes produced a fit; no PTR estimate	BcgI:only 4 windows after outlier trimming	no enzyme produced a usable estimate
S_8221232	GCF_000293175.1	s__Capnocytophaga_granulosa	11.90454066	15.12808878	0.6226225848	0.6224489796	1.968801485	0.9773176512	NA	677	0.9982327049	0.5851388904	-0.1695334998	2.124168802	1	1	1	BcgI	NA	fixed	939274.6489	glm	57	False	fraction 0.62 < 0.75; dispersion 15.13 > 5.0	-	single enzyme: no cross-enzyme consistency check available
S_8221232	GCF_000295095.1	s__Actinomyces_timonensis	NA	NA	NA	0.003123779774	NA	NA	NA	0	NA	NA	NA	NA	0	1	0	-	NA	fixed	NA	none	0	False	containment 0.00 < 0.5; only 0/1 enzymes produced a fit; no PTR estimate	BcgI:only 1 windows after outlier trimming	no enzyme produced a usable estimate
S_8221232	GCF_000296275.1	s__Actinomyces_massiliensis	2.74010249	2.49122948	0.4232864278	0.3470588235	1.237003334	0.3068493886	NA	3024	0.9711193182	0.471765466	-0.6177939339	1.231492711	1	1	1	BcgI	NA	fixed	2702282.373	glm	152	False	fraction 0.42 < 0.75; containment 0.35 < 0.5	-	single enzyme: no cross-enzyme consistency check available
S_8221232	GCF_000296505.1	s__Pauljensenia_turicensis	NA	NA	NA	0.0009492168961	NA	NA	NA	0	NA	NA	NA	NA	0	1	0	-	NA	fixed	NA	none	0	False	containment 0.00 < 0.5; only 0/1 enzymes produced a fit; no PTR estimate	BcgI:only 1 windows after outlier trimming	no enzyme produced a usable estimate
S_8221232	GCF_000296875.1	s__Streptococcus_oralis	NA	NA	NA	0.04225352113	NA	NA	NA	0	NA	NA	NA	NA	0	1	0	-	NA	fixed	NA	none	0	False	containment 0.04 < 0.5; only 0/1 enzymes produced a fit; no PTR estimate	BcgI:only 3 windows after outlier trimming	no enzyme produced a usable estimate
S_8221232	GCF_000298295.1	s__Cecembia_lonarensis	NA	NA	NA	0	NA	NA	NA	0	NA	NA	NA	NA	0	1	0	-	NA	fixed	NA	none	0	False	containment 0.00 < 0.5; only 0/1 enzymes produced a fit; no PTR estimate	BcgI:only 0 windows after outlier trimming	no enzyme produced a usable estimate
S_8221232	GCF_000299315.2	s__Microbacterium_barkeri	1.59362426	NA	0.01197355891	0.003529630318	1	2.629353244e-16	NA	554	0.06288070938	9.73014254e-16	-1.64413757e-15	2.170008219e-15	1	1	1	BcgI	NA	fixed	1322803.706	glm	6	False	fraction 0.01 < 0.75; containment 0.00 < 0.5	-	single enzyme: no cross-enzyme consistency check available
S_8221232	GCF_000301735.1	s__Acinetobacter_johnsonii	1.974599084	0.4444444444	0.1449109356	0.01696065129	2.3175665	1.212610736	NA	307	0.6808183131	0.6593297714	-0.07965186965	2.504873342	1	1	1	BcgI	NA	fixed	2686372.643	glm	12	False	fraction 0.14 < 0.75; containment 0.02 < 0.5	-	single enzyme: no cross-enzyme consistency check available
S_8221232	GCF_000308055.1	s__Pauljensenia_sp000308055	1.87766243	1.16	0.05217997273	0.0206185567	12.12963666	3.60046443	NA	296	0.824395465	2.242787401	-0.795318101	7.996246961	1	1	1	BcgI	NA	fixed	1737684.54	glm	7	False	fraction 0.05 < 0.75; containment 0.02 < 0.5	-	single enzyme: no cross-enzyme consistency check available
S_8221232	GCF_000312445.1	s__Phocaeicola_abscessus	NA	NA	NA	0	NA	NA	NA	0	NA	NA	NA	NA	0	1	0	-	NA	fixed	NA	none	0	False	containment 0.00 < 0.5; only 0/1 enzymes produced a fit; no PTR estimate	BcgI:only 0 windows after outlier trimming	no enzyme produced a usable estimate
S_8221232	GCF_000314795.2	s__Streptococcus_sp000314795	4.493212351	7.431931936	0.1284909827	0.1034482759	4.005420234	2.001953613	NA	248	0.9946570341	1.34887511	-0.6417930231	4.645700249	1	1	1	BcgI	NA	fixed	528181.955	glm	11	False	fraction 0.13 < 0.75; dispersion 7.43 > 5.0; containment 0.10 < 0.5	-	single enzyme: no cross-enzyme consistency check available
S_8221232	GCF_000317125.1	s__Chroococcidiopsis_thermalis	NA	NA	NA	0.000251572327	NA	NA	NA	0	NA	NA	NA	NA	0	1	0	-	NA	fixed	NA	none	0	False	containment 0.00 < 0.5; only 0/1 enzymes produced a fit; no PTR estimate	BcgI:only 1 windows after outlier trimming	no enzyme produced a usable estimate
S_8221232	GCF_000318095.2	s__F0040_sp000318095	4.056650795	2.416796313	0.1076184025	0.03299492386	7.859084061	2.974361183	NA	984	0.9994391034	1.625164207	-0.2109021314	6.159624498	1	1	1	BcgI	NA	fixed	2404243.905	glm	18	False	fraction 0.11 < 0.75; containment 0.03 < 0.5	-	single enzyme: no cross-enzyme consistency check available
S_8221232	GCF_000318175.2	s__Centipeda_sp000318175	2.040261598	0.8645021645	0.08051764334	0.02190082645	1.753132171	0.8099347673	NA	1175	0.7532965494	0.6190874994	-0.4034544349	2.023323969	1	1	1	BcgI	NA	fixed	1176005.291	glm	15	False	fraction 0.08 < 0.75; containment 0.02 < 0.5	-	single enzyme: no cross-enzyme consistency check available
S_8221232	GCF_000318215.2	s__Porphyromonas_catoniae	1.639851206	1.228885991	0.1616274262	0.1243739566	1.349884203	0.432835654	NA	1005	0.7009022971	0.5814548516	-0.7067949138	1.572466222	1	1	1	BcgI	NA	fixed	692014.3839	glm	22	False	fraction 0.16 < 0.75; containment 0.12 < 0.5	-	single enzyme: no cross-enzyme consistency check available
S_8221232	GCF_000318275.2	s__Capnocytophaga_sp000318275	3.296970709	2.414190013	0.3166857063	0.2607003891	3.390573115	1.761529156	NA	707	0.9976177005	0.6482914388	0.490901284	3.032157027	1	1	1	BcgI	NA	fixed	1672466.343	glm	39	False	fraction 0.32 < 0.75; containment 0.26 < 0.5	-	single enzyme: no cross-enzyme consistency check available
S_8221232	GCF_000328265.2	s__Neisseria_meningitidis	23.77664783	119.899821	0.06603609578	0.04487179487	19.20572531	4.263464543	NA	404	0.9999243621	2.541441888	-0.717670026	9.244599113	1	1	1	BcgI	NA	fixed	1311422.58	glm	17	False	fraction 0.07 < 0.75; dispersion 119.90 > 5.0; containment 0.04 < 0.5	-	single enzyme: no cross-enzyme consistency check available
S_8221232	GCF_000332975.1	s__Gordonia_aichiensis	NA	NA	NA	0.0001232134056	NA	NA	NA	0	NA	NA	NA	NA	0	1	0	-	NA	fixed	NA	none	0	False	containment 0.00 < 0.5; only 0/1 enzymes produced a fit; no PTR estimate	BcgI:only 1 windows after outlier trimming	no enzyme produced a usable estimate
S_8221232	GCF_000338475.1	s__Treponema_B_denticola_A	2.025519706	0.6385714286	0.04967532468	0.03794642857	3.622573853	1.857015102	NA	359	0.79297792	0.6936779162	0.4974313693	3.216598835	1	1	1	BcgI	NA	fixed	2349580.487	glm	10	False	fraction 0.05 < 0.75; containment 0.04 < 0.5	-	single enzyme: no cross-enzyme consistency check available
S_8221232	GCF_000344295.2	s__Campylobacter_A_showae_B	2.063608742	1.355555556	0.2692203194	0.07320441989	1.678852492	0.747475477	NA	225	0.730146033	0.4352979614	-0.1056928498	1.600643804	1	1	1	BcgI	NA	fixed	636686.465	glm	31	False	fraction 0.27 < 0.75; containment 0.07 < 0.5	-	single enzyme: no cross-enzyme consistency check available
S_8221232	GCF_000364865.1	s__Pauljensenia_cardiffensis	NA	NA	NA	0	NA	NA	NA	0	NA	NA	NA	NA	0	1	0	-	NA	fixed	NA	none	0	False	containment 0.00 < 0.5; only 0/1 enzymes produced a fit; no PTR estimate	BcgI:only 0 windows after outlier trimming	no enzyme produced a usable estimate
S_8221232	GCF_000368705.1	s__Acinetobacter_soli	1.299716825	0.7258377425	0.03540687161	0.03463855422	1.506403676	0.5911084259	NA	1127	0.6720288088	0.7375898389	-0.8545410938	2.036757946	1	1	1	BcgI	NA	fixed	1602882.642	glm	14	False	fraction 0.04 < 0.75; containment 0.03 < 0.5	-	single enzyme: no cross-enzyme consistency check available
S_8221232	GCF_000368745.1	s__Acinetobacter_junii	NA	NA	NA	0.00176056338	NA	NA	NA	0	NA	NA	NA	NA	0	1	0	-	NA	fixed	NA	none	0	False	containment 0.00 < 0.5; only 0/1 enzymes produced a fit; no PTR estimate	BcgI:only 1 windows after outlier trimming	no enzyme produced a usable estimate
S_8221232	GCF_000373045.1	s__Leptotrichia_shahii	5.67441648	6.468125549	0.2882148822	0.2958579882	1.943852764	0.9589189471	NA	125	0.8058285853	0.9401696669	-0.8837797394	2.801617634	1	1	1	BcgI	NA	fixed	921566.7694	glm	9	False	fraction 0.29 < 0.75; dispersion 6.47 > 5.0; containment 0.30 < 0.5	-	single enzyme: no cross-enzyme consistency check available
S_8221232	GCF_000381265.1	s__Curvibacter_lanceolatus	NA	NA	NA	0.000158755358	NA	NA	NA	0	NA	NA	NA	NA	0	1	0	-	NA	fixed	NA	none	0	False	containment 0.00 < 0.5; only 0/1 enzymes produced a fit; no PTR estimate	BcgI:only 0 windows after outlier trimming	no enzyme produced a usable estimate
S_8221232	GCF_000394615.1	s__Enterococcus_A_gilvus	NA	NA	NA	0.007559395248	NA	NA	NA	0	NA	NA	NA	NA	0	1	0	-	NA	fixed	NA	none	0	False	containment 0.01 < 0.5; only 0/1 enzymes produced a fit; no PTR estimate	BcgI:only 2 windows after outlier trimming	no enzyme produced a usable estimate
S_8221232	GCF_000411555.1	s__Lancefieldella_sp000411555	NA	NA	NA	0.004258943782	NA	NA	NA	0	NA	NA	NA	NA	0	1	0	-	NA	fixed	NA	none	0	False	containment 0.00 < 0.5; only 0/1 enzymes produced a fit; no PTR estimate	BcgI:only 1 windows after outlier trimming	no enzyme produced a usable estimate
S_8221232	GCF_000412995.1	s__Treponema_vincentii	2.075265685	1	0.0213849842	0.01152073733	2.995990944	1.583033263	NA	478	0.6885614136	0.9594216491	-0.2973986152	3.463465141	1	1	1	BcgI	NA	fixed	529222.6119	glm	7	False	fraction 0.02 < 0.75; containment 0.01 < 0.5	-	single enzyme: no cross-enzyme consistency check available
S_8221232	GCF_000413035.1	s__Treponema_medium	2.445618559	1.423219373	0.03005464481	0.02426229508	2.432493665	1.282436048	NA	732	0.9682763357	1.160462698	-0.9920290449	3.556901141	1	1	1	BcgI	NA	fixed	929780.2	glm	12	False	fraction 0.03 < 0.75; containment 0.02 < 0.5	-	single enzyme: no cross-enzyme consistency check available
S_8221232	GCF_000413055.1	s__Treponema_C_maltophilum	1.806286801	1.4	0.02	0.01089494163	0.9266142699	-0.1099591947	NA	600	0.6488803959	0.800130641	-1.678186434	1.458268045	1	1	1	BcgI	NA	fixed	314635.1289	glm	6	False	fraction 0.02 < 0.75; containment 0.01 < 0.5	-	single enzyme: no cross-enzyme consistency check available
S_8221232	GCF_000417695.2	s__Chlamydophila_ibidis	NA	NA	NA	0.04335260116	NA	NA	NA	0	NA	NA	NA	NA	0	1	0	-	NA	fixed	NA	none	0	False	containment 0.04 < 0.5; only 0/1 enzymes produced a fit; no PTR estimate	BcgI:only 15 anchors (< 30)	no enzyme produced a usable estimate
S_8221232	GCF_000425005.1	s__Bulleidia_moorei	4.699333246	3.889520677	0.3695108225	0.09663865546	3.018676969	1.593916381	NA	149	0.9717755467	0.9401455118	-0.2487349624	3.436567724	1	1	1	BcgI	NA	fixed	541373.2639	glm	25	False	fraction 0.37 < 0.75; containment 0.10 < 0.5	-	single enzyme: no cross-enzyme consistency check available
S_8221232	GCF_000426585.1	s__Prevotella_baroniae	NA	NA	NA	0.0008837825895	NA	NA	NA	0	NA	NA	NA	NA	0	1	0	-	NA	fixed	NA	none	0	False	containment 0.00 < 0.5; only 0/1 enzymes produced a fit; no PTR estimate	BcgI:only 2 windows after outlier trimming	no enzyme produced a usable estimate
S_8221232	GCF_000426665.1	s__Centipeda_artemidis	1.508365264	0.8552104164	0.08525189486	0.06711864407	3.011099332	1.590290301	NA	2370	0.9874313134	0.3550843523	0.8943377595	2.286242843	1	1	1	BcgI	NA	fixed	1093624.833	glm	29	False	fraction 0.09 < 0.75; containment 0.07 < 0.5	-	single enzyme: no cross-enzyme consistency check available
S_8221232	GCF_000428965.1	s__Leptotrichia_hofstadii	2.52852584	1.746772025	0.4394623834	0.3189189189	3.836107271	1.939643064	NA	142	0.9506616389	0.7595678993	0.4509173373	3.42836879	1	1	1	BcgI	NA	fixed	1297079.041	glm	9	False	fraction 0.44 < 0.75; containment 0.32 < 0.5	-	single enzyme: no cross-enzyme consistency check available
S_8221232	GCF_000429225.1	s__Actinomyces_dentalis	4.192304563	5.90814706	0.4230067553	0.4034090909	3.531172754	1.820147403	NA	1658	0.9994048483	0.4853839059	0.8688124291	2.771482378	1	1	1	BcgI	NA	fixed	1372099.6	glm	62	False	fraction 0.42 < 0.75; dispersion 5.91 > 5.0; containment 0.40 < 0.5	-	single enzyme: no cross-enzyme consistency check available
S_8221232	GCF_000429245.1	s__Pauljensenia_georgiae	1.294654079	0.9468057868	0.1037546989	0.0811785929	1.567731068	0.6486780977	NA	1213	0.7784005113	0.6597918757	-0.644490216	1.941846411	1	1	1	BcgI	NA	fixed	1402407.253	glm	21	False	fraction 0.10 < 0.75; containment 0.08 < 0.5	-	single enzyme: no cross-enzyme consistency check available
S_8221232	GCF_000429265.1	s__Actinomyces_gerencseriae	1.260171384	0.85990801	0.1463493113	0.1406153846	1.994483978	0.9960155339	NA	2484	0.9474951499	0.5826509783	-0.1459593991	2.137990467	1	1	1	BcgI	NA	fixed	2212867.758	glm	28	False	fraction 0.15 < 0.75; containment 0.14 < 0.5	-	single enzyme: no cross-enzyme consistency check available
S_8221232	GCF_000430045.1	s__Calidithermus_chliarophilus	NA	NA	NA	0	NA	NA	NA	0	NA	NA	NA	NA	0	1	0	-	NA	fixed	NA	none	0	False	containment 0.00 < 0.5; only 0/1 enzymes produced a fit; no PTR estimate	BcgI:only 0 windows after outlier trimming	no enzyme produced a usable estimate
S_8221232	GCF_000442155.1	s__Streptococcus_oralis_F	NA	NA	NA	0.08045977011	NA	NA	NA	0	NA	NA	NA	NA	0	1	0	-	NA	fixed	NA	none	0	False	containment 0.08 < 0.5; only 0/1 enzymes produced a fit; no PTR estimate	BcgI:only 4 windows after outlier trimming	no enzyme produced a usable estimate
S_8221232	GCF_000448565.1	s__Streptococcus_sp000448565	3.827552542	2.923668727	0.2403603604	0.2352941176	0.5592176145	-0.8385182907	NA	162	0.9865163108	1.548577228	-3.873673885	2.196637304	1	1	1	BcgI	NA	fixed	1653651.358	glm	6	False	fraction 0.24 < 0.75; containment 0.24 < 0.5	-	single enzyme: no cross-enzyme consistency check available
S_8221232	GCF_000455385.1	s__Pseudomonas_F_alcaligenes_A	NA	NA	NA	0.0005796261411	NA	NA	NA	0	NA	NA	NA	NA	0	1	0	-	NA	fixed	NA	none	0	False	containment 0.00 < 0.5; only 0/1 enzymes produced a fit; no PTR estimate	BcgI:only 2 windows after outlier trimming	no enzyme produced a usable estimate
S_8221232	GCF_000464455.1	s__Treponema_D_socranskii	1.494273458	0.6607142857	0.04312107772	0.0276285495	4.523453392	2.177424607	NA	1075	0.9135683863	0.7728431623	0.6626798427	3.69216937	1	1	1	BcgI	NA	fixed	1252405.552	glm	15	False	fraction 0.04 < 0.75; containment 0.03 < 0.5	-	single enzyme: no cross-enzyme consistency check available
S_8221232	GCF_000464495.1	s__Cutibacterium_granulosum	NA	NA	NA	0.0003727171077	NA	NA	NA	0	NA	NA	NA	NA	0	1	0	-	NA	fixed	NA	none	0	False	containment 0.00 < 0.5; only 0/1 enzymes produced a fit; no PTR estimate	BcgI:only 1 windows after outlier trimming	no enzyme produced a usable estimate
S_8221232	GCF_000466165.1	s__Peptidiphaga_sp000466165	1.907308623	1.170487596	0.3015684741	0.2609457093	5.112979511	2.354164245	NA	1739	0.9990339367	0.7392690535	0.9052235252	3.803104965	1	1	1	BcgI	NA	fixed	268026.195	glm	49	False	fraction 0.30 < 0.75; containment 0.26 < 0.5	-	single enzyme: no cross-enzyme consistency check available
S_8221232	GCF_000466335.1	s__Aggregatibacter_sp000466335	7.10665922	12.61379947	0.4807856421	0.4410596026	3.832795324	1.938396959	NA	741	0.9963723048	0.6473361753	0.6696413691	3.207152548	1	1	1	BcgI	NA	fixed	820854.5367	glm	37	False	fraction 0.48 < 0.75; dispersion 12.61 > 5.0; containment 0.44 < 0.5	-	single enzyme: no cross-enzyme consistency check available
S_8221232	GCF_000466425.1	s__Capnocytophaga_sp000466425	4.262567981	4.977087723	0.2927611545	0.2680555556	2.864859861	1.518464569	NA	594	0.995782099	0.7336293788	0.0805774085	2.95635173	1	1	1	BcgI	NA	fixed	2158437.16	glm	33	False	fraction 0.29 < 0.75; containment 0.27 < 0.5	-	single enzyme: no cross-enzyme consistency check available
S_8221232	GCF_000466685.1	s__Campylobacter_A_concisus_A	3.817297715	3.416536652	0.308433489	0.2057971014	5.496519133	2.45851827	NA	258	0.9963177111	0.6957677905	1.094838459	3.822198081	1	1	1	BcgI	NA	fixed	950659.5	glm	22	False	fraction 0.31 < 0.75; containment 0.21 < 0.5	-	single enzyme: no cross-enzyme consistency check available
S_8221232	GCF_000467855.2	s__Porphyromonas_sp000467855	2.190571246	1.661331359	0.2905590694	0.2474413004	2.607646264	1.382748176	NA	1499	0.9939204485	0.5783976849	0.2491095451	2.516386807	1	1	1	BcgI	NA	fixed	1965032.033	glm	32	False	fraction 0.29 < 0.75; containment 0.25 < 0.5	-	single enzyme: no cross-enzyme consistency check available
S_8221232	GCF_000467875.1	s__Prevotella_disiens	NA	NA	NA	0.004562043796	NA	NA	NA	0	NA	NA	NA	NA	0	1	0	-	NA	fixed	NA	none	0	False	containment 0.00 < 0.5; only 0/1 enzymes produced a fit; no PTR estimate	BcgI:only 4 windows after outlier trimming	no enzyme produced a usable estimate
S_8221232	GCF_000467895.1	s__Prevotella_sp000467895	8.669934498	10.08637566	0.115515223	0.03675538657	3.220069429	1.687091795	NA	277	0.9584227068	1.625160593	-1.498164436	4.872348026	1	1	1	BcgI	NA	fixed	1106414.844	glm	14	False	fraction 0.12 < 0.75; dispersion 10.09 > 5.0; containment 0.04 < 0.5	-	single enzyme: no cross-enzyme consistency check available
S_8221232	GCF_000468035.1	s__Centipeda_sp000468035	2.317464795	1.670634921	0.0174671606	0.008058608059	3.866043584	1.950857902	NA	1045	0.8364912748	1.098600953	-0.2023604002	4.104076204	1	1	1	BcgI	NA	fixed	1302724.544	glm	12	False	fraction 0.02 < 0.75; containment 0.01 < 0.5	-	single enzyme: no cross-enzyme consistency check available
S_8221232	GCF_000468055.1	s__Treponema_C_lecithinolyticum	NA	NA	NA	0.001030927835	NA	NA	NA	0	NA	NA	NA	NA	0	1	0	-	NA	fixed	NA	none	0	False	containment 0.00 < 0.5; only 0/1 enzymes produced a fit; no PTR estimate	BcgI:only 2 windows after outlier trimming	no enzyme produced a usable estimate
S_8221232	GCF_000468755.1	s__Olsenella_profusa	1.058719237	0.4156095766	0.06868566309	0.04460641399	1.153644312	0.2061984847	NA	2027	0.6337273589	0.6114652773	-0.9922514366	1.404648406	1	1	1	BcgI	NA	fixed	1213271.904	glm	24	False	fraction 0.07 < 0.75; containment 0.04 < 0.5	-	single enzyme: no cross-enzyme consistency check available
S_8221232	GCF_000469385.1	s__Leptotrichia_sp000469385	3.743734307	1.032634033	0.4405677656	0.1478873239	1.847926329	0.8859072421	NA	55	0.7555692653	0.8661097619	-0.8116366978	2.583451182	1	1	1	BcgI	NA	fixed	1088070.942	glm	13	False	fraction 0.44 < 0.75; containment 0.15 < 0.5	-	single enzyme: no cross-enzyme consistency check available
S_8221232	GCF_000469405.1	s__Leptotrichia_wadei	5.767487364	3.507094769	0.5621042648	0.431372549	3.59336606	1.845335912	NA	140	0.9922454427	0.6772764283	0.5178985048	3.172773319	1	1	1	BcgI	NA	fixed	1674603.366	glm	28	False	fraction 0.56 < 0.75; containment 0.43 < 0.5	-	single enzyme: no cross-enzyme consistency check available
S_8221232	GCF_000469505.1	s__Leptotrichia_A_sp000469505	3.271360744	1.941729323	0.3791666667	0.2785714286	2.169837603	1.117587071	NA	103	0.7635087765	1.029467919	-0.9001329734	3.135307116	1	1	1	BcgI	NA	fixed	258876.07	glm	14	False	fraction 0.38 < 0.75; containment 0.28 < 0.5	-	single enzyme: no cross-enzyme consistency check available
S_8221232	GCF_000469525.1	s__Leptotrichia_massiliensis	3.477226784	0.9519230769	0.6773809524	0.2451612903	2.479501557	1.310050132	NA	51	0.8789088573	0.6116299034	0.1112775491	2.508822714	1	1	1	BcgI	NA	fixed	1218201.704	glm	21	False	fraction 0.68 < 0.75; containment 0.25 < 0.5	-	single enzyme: no cross-enzyme consistency check available
S_8221232	GCF_000469545.1	s__Mitsuokella_sp000469545	NA	NA	NA	0.0008136696501	NA	NA	NA	0	NA	NA	NA	NA	0	1	0	-	NA	fixed	NA	none	0	False	containment 0.00 < 0.5; only 0/1 enzymes produced a fit; no PTR estimate	BcgI:only 1 windows after outlier trimming	no enzyme produced a usable estimate
S_8221232	GCF_000477375.1	s__Kingella_kingae	NA	NA	NA	0.002715546504	NA	NA	NA	0	NA	NA	NA	NA	0	1	0	-	NA	fixed	NA	none	0	False	containment 0.00 < 0.5; only 0/1 enzymes produced a fit; no PTR estimate	BcgI:only 2 windows after outlier trimming	no enzyme produced a usable estimate
S_8221232	GCF_000479205.1	s__Fusobacterium_vincentii	NA	NA	NA	0.347826087	NA	NA	NA	0	NA	NA	NA	NA	0	1	0	-	NA	fixed	NA	none	0	False	containment 0.35 < 0.5; only 0/1 enzymes produced a fit; no PTR estimate	BcgI:only 2 windows after outlier trimming	no enzyme produced a usable estimate
S_8221232	GCF_000482505.1	s__Leptotrichia_trevisanii	2.326471766	1.252256944	0.4008880583	0.2468619247	1.439066699	0.5251334607	NA	184	0.6515410852	0.75992796	-0.9642979717	2.014564893	1	1	1	BcgI	NA	fixed	186764.2778	glm	21	False	fraction 0.40 < 0.75; containment 0.25 < 0.5	-	single enzyme: no cross-enzyme consistency check available
S_8221232	GCF_000485555.1	s__Metamycoplasma_salivarium	NA	NA	NA	0	NA	NA	NA	0	NA	NA	NA	NA	0	1	0	-	NA	fixed	NA	none	0	False	containment 0.00 < 0.5; only 0/1 enzymes produced a fit; no PTR estimate	BcgI:only 0 windows after outlier trimming	no enzyme produced a usable estimate
S_8221232	GCF_000488855.1	s__Eubacterium_M_brachy	2.155275779	1.269301461	0.2219983113	0.1677018634	1.886878591	0.9160015972	NA	397	0.8489929235	0.4375857595	0.05834926847	1.773653926	1	1	1	BcgI	NA	fixed	1160100.67	glm	17	False	fraction 0.22 < 0.75; containment 0.17 < 0.5	-	single enzyme: no cross-enzyme consistency check available
S_8221232	GCF_000496715.1	s__Cupriavidus_metallidurans	1.6109049	1.303532933	0.3015419881	0.2642660605	1.680347889	0.7487599507	NA	6286	0.9664250305	0.3598494803	0.04346792932	1.454051972	1	1	1	BcgI	NA	fixed	417489.45	glm	90	False	fraction 0.30 < 0.75; containment 0.26 < 0.5	-	single enzyme: no cross-enzyme consistency check available
S_8221232	GCF_000510425.1	s__Eubacterium_A_nodatum	NA	NA	NA	0.009661835749	NA	NA	NA	0	NA	NA	NA	NA	0	1	0	-	NA	fixed	NA	none	0	False	containment 0.01 < 0.5; only 0/1 enzymes produced a fit; no PTR estimate	BcgI:only 2 windows after outlier trimming	no enzyme produced a usable estimate
S_8221232	GCF_000512995.1	s__Lachnoanaerobaculum_sp000296385	3.52951913	1.906252556	0.3048039923	0.2240802676	5.013637734	2.325857756	NA	224	0.983876278	1.349899559	-0.3198967612	4.971612274	1	1	1	BcgI	NA	fixed	987013.0786	glm	24	False	fraction 0.30 < 0.75; containment 0.22 < 0.5	-	single enzyme: no cross-enzyme consistency check available
S_8221232	GCF_000521305.1	s__Streptococcus_thermophilus	7.082377822	0	0.048	0.0275862069	7.029922414	2.813508767	NA	125	0.9824133825	0.7251909616	1.3921606	4.234856934	1	1	1	BcgI	NA	fixed	215482.6167	glm	5	False	fraction 0.05 < 0.75; containment 0.03 < 0.5	-	single enzyme: no cross-enzyme consistency check available
S_8221232	GCF_000526055.1	s__Eubacterium_B_sulci	8.299540715	7.725581622	0.6162437955	0.5818505338	1.326625782	0.4077614689	NA	486	0.9908059521	0.532017661	-0.6349739858	1.450496924	1	1	1	BcgI	NA	fixed	298003.2767	glm	24	False	fraction 0.62 < 0.75; dispersion 7.73 > 5.0	-	single enzyme: no cross-enzyme consistency check available
S_8221232	GCF_000526095.1	s__Streptococcus_halitosis	NA	NA	NA	0.05	NA	NA	NA	0	NA	NA	NA	NA	0	1	0	-	NA	fixed	NA	none	0	False	containment 0.05 < 0.5; only 0/1 enzymes produced a fit; no PTR estimate	BcgI:only 4 windows after outlier trimming	no enzyme produced a usable estimate
S_8221232	GCF_000565035.1	s__Pauljensenia_sp001072465	7.950935654	12.75448873	0.2108850511	0.1407465008	2.613503579	1.385985135	NA	983	0.9972983688	0.8754013965	-0.3297700741	3.101740344	1	1	1	BcgI	NA	fixed	1690134.244	glm	45	False	fraction 0.21 < 0.75; dispersion 12.75 > 5.0; containment 0.14 < 0.5	-	single enzyme: no cross-enzyme consistency check available
S_8221232	GCF_000577555.1	s__Corynebacterium_jeddahense	NA	NA	NA	0	NA	NA	NA	0	NA	NA	NA	NA	0	1	0	-	NA	fixed	NA	none	0	False	containment 0.00 < 0.5; only 0/1 enzymes produced a fit; no PTR estimate	BcgI:only 0 windows after outlier trimming	no enzyme produced a usable estimate
S_8221232	GCF_000599605.1	s__Prevotella_sp000599605	1.736005911	1.227883754	0.1882134702	0.1462140992	1.575844717	0.6561253794	NA	1271	0.8861508274	0.5127256406	-0.3487984101	1.661049169	1	1	1	BcgI	NA	fixed	1678252.417	glm	38	False	fraction 0.19 < 0.75; containment 0.15 < 0.5	-	single enzyme: no cross-enzyme consistency check available
S_8221232	GCF_000607165.1	s__Ralstonia_pickettii_A	NA	NA	NA	0.0001765536723	NA	NA	NA	0	NA	NA	NA	NA	0	1	0	-	NA	fixed	NA	none	0	False	containment 0.00 < 0.5; only 0/1 enzymes produced a fit; no PTR estimate	BcgI:only 0 windows after outlier trimming	no enzyme produced a usable estimate
S_8221232	GCF_000613445.1	s__Prevotella_shahii	10.46680525	10.53732777	0.6202481154	0.5600189036	10.63061009	3.410152491	NA	2054	0.9998465913	0.4441424099	2.539649363	4.280655618	1	1	1	BcgI	NA	fixed	2118167.409	glm	90	False	fraction 0.62 < 0.75; dispersion 10.54 > 5.0	-	single enzyme: no cross-enzyme consistency check available
S_8221232	GCF_000613485.1	s__Prevotella_loescheii	2.255314764	2.149873934	0.2919156735	0.294143167	5.769302641	2.528396945	NA	1867	0.9987307672	0.3722060973	1.7988864	3.257907491	1	1	1	BcgI	NA	fixed	1862180.308	glm	32	False	fraction 0.29 < 0.75; containment 0.29 < 0.5	-	single enzyme: no cross-enzyme consistency check available
S_8221232	GCF_000613625.1	s__Prevotella_marshii	2.329937594	2.685	0.06713000711	0.01665741255	1.599903594	0.6779849745	NA	351	0.6645722712	1.017535336	-1.316347638	2.672317587	1	1	1	BcgI	NA	fixed	2295321.845	glm	7	False	fraction 0.07 < 0.75; containment 0.02 < 0.5	-	single enzyme: no cross-enzyme consistency check available
S_8221232	GCF_000613725.1	s__Prevotella_pleuritidis	1.57509298	0.8359709364	0.09971701206	0.08256880734	2.485432494	1.313496919	NA	1358	0.9504765142	0.4419111598	0.4473669619	2.179626877	1	1	1	BcgI	NA	fixed	1427256.299	glm	24	False	fraction 0.10 < 0.75; containment 0.08 < 0.5	-	single enzyme: no cross-enzyme consistency check available
S_8221232	GCF_000613785.1	s__Prevotella_oulorum	2.224443123	1.347566801	0.2815805549	0.2442448063	3.631767512	1.860671851	NA	1417	0.9958271199	0.4372333972	1.00371014	2.717633562	1	1	1	BcgI	NA	fixed	1760191.629	glm	69	False	fraction 0.28 < 0.75; containment 0.24 < 0.5	-	single enzyme: no cross-enzyme consistency check available
S_8221232	GCF_000613925.1	s__Prevotella_histicola	5.200138692	7.311992137	0.5557756023	0.5358974359	3.632591772	1.860999246	NA	756	0.9987209833	0.3714382276	1.132993697	2.589004795	1	1	1	BcgI	NA	fixed	1590771.479	glm	34	False	fraction 0.56 < 0.75; dispersion 7.31 > 5.0	-	single enzyme: no cross-enzyme consistency check available
S_8221232	GCF_000613945.1	s__Prevotella_falsenii	NA	NA	NA	0.006138107417	NA	NA	NA	0	NA	NA	NA	NA	0	1	0	-	NA	fixed	NA	none	0	False	containment 0.01 < 0.5; only 0/1 enzymes produced a fit; no PTR estimate	BcgI:only 4 windows after outlier trimming	no enzyme produced a usable estimate
S_8221232	GCF_000613965.1	s__Prevotella_maculosa	2.127944572	1.403790967	0.3107839624	0.2547008547	7.304151057	2.868716602	NA	1821	0.9978328508	0.5160028923	1.857369517	3.880063687	1	1	1	BcgI	NA	fixed	2204754.489	glm	54	False	fraction 0.31 < 0.75; containment 0.25 < 0.5	-	single enzyme: no cross-enzyme consistency check available
S_8221232	GCF_000613985.1	s__Prevotella_nanceiensis	8.413303123	14.31009178	0.568735009	0.5547098002	2.389680938	1.256818007	NA	1008	0.9997439695	0.3743631581	0.5230797	1.990556314	1	1	1	BcgI	NA	fixed	1316549.615	glm	29	False	fraction 0.57 < 0.75; dispersion 14.31 > 5.0	-	single enzyme: no cross-enzyme consistency check available
S_8221232	GCF_000614025.1	s__Prevotella_aurantiaca	2.72885741	1.390283849	0.2452656103	0.06782464847	4.348515381	2.120522937	NA	595	0.9848638133	0.9021934665	0.3522562357	3.888789638	1	1	1	BcgI	NA	fixed	2088252.6	glm	27	False	fraction 0.25 < 0.75; containment 0.07 < 0.5	-	single enzyme: no cross-enzyme consistency check available
S_8221232	GCF_000614205.1	s__Prevotella_saccharolytica	1.236854926	0.48	0.110863805	0.08685446009	2.644159201	1.402809042	NA	1174	0.956173056	0.5134544847	0.3964567444	2.40916134	1	1	1	BcgI	NA	fixed	1732337.522	glm	30	False	fraction 0.11 < 0.75; containment 0.09 < 0.5	-	single enzyme: no cross-enzyme consistency check available
S_8221232	GCF_000614245.1	s__Prevotella_fusca	3.967439657	3.058695652	0.2842512616	0.01117798796	2.959819527	1.565509211	NA	205	0.8280563033	1.870671631	-2.100939813	5.231958235	1	1	1	BcgI	NA	fixed	42285.82222	glm	8	False	fraction 0.28 < 0.75; containment 0.01 < 0.5	-	single enzyme: no cross-enzyme consistency check available
S_8221232	GCF_000620465.1	s__Ralstonia_sp000620465	NA	NA	NA	0.006033882571	NA	NA	NA	0	NA	NA	NA	NA	0	1	0	-	NA	fixed	NA	none	0	False	containment 0.01 < 0.5; only 0/1 enzymes produced a fit; no PTR estimate	BcgI:only 3 windows after outlier trimming	no enzyme produced a usable estimate
S_8221232	GCF_000633415.1	s__Leucobacter_sp000633415	1.482066733	1.087619048	0.02110929971	0.008138564274	1.448890903	0.5349489689	NA	727	0.6515825345	0.9180713574	-1.264437827	2.334335765	1	1	1	BcgI	NA	fixed	124033.8861	glm	7	False	fraction 0.02 < 0.75; containment 0.01 < 0.5	-	single enzyme: no cross-enzyme consistency check available
S_8221232	GCF_000699745.1	s__Parabacteroides_distasonis	NA	NA	NA	0.0005063291139	NA	NA	NA	0	NA	NA	NA	NA	0	1	0	-	NA	fixed	NA	none	0	False	containment 0.00 < 0.5; only 0/1 enzymes produced a fit; no PTR estimate	BcgI:only 0 windows after outlier trimming	no enzyme produced a usable estimate
S_8221232	GCF_000711965.1	s__Actinomyces_israelii	2.21130424	0.5486772487	0.03343569165	0.01356315343	1.712804209	0.7763602457	NA	1357	0.7085041222	0.5620890508	-0.32531405	1.878034541	1	1	1	BcgI	NA	fixed	1096229.154	glm	19	False	fraction 0.03 < 0.75; containment 0.01 < 0.5	-	single enzyme: no cross-enzyme consistency check available
S_8221232	GCF_000722685.1	s__Streptococcus_mitis_M	NA	NA	NA	0.06593406593	NA	NA	NA	0	NA	NA	NA	NA	0	1	0	-	NA	fixed	NA	none	0	False	containment 0.07 < 0.5; only 0/1 enzymes produced a fit; no PTR estimate	BcgI:only 3 windows after outlier trimming	no enzyme produced a usable estimate
S_8221232	GCF_000722705.1	s__Streptococcus_mitis_P	NA	NA	NA	0.1008403361	NA	NA	NA	0	NA	NA	NA	NA	0	1	0	-	NA	fixed	NA	none	0	False	containment 0.10 < 0.5; only 0/1 enzymes produced a fit; no PTR estimate	BcgI:only 4 windows after outlier trimming	no enzyme produced a usable estimate
S_8221232	GCF_000722755.1	s__Streptococcus_mitis_BE	NA	NA	NA	0.152173913	NA	NA	NA	0	NA	NA	NA	NA	0	1	0	-	NA	fixed	NA	none	0	False	containment 0.15 < 0.5; only 0/1 enzymes produced a fit; no PTR estimate	BcgI:only 4 windows after outlier trimming	no enzyme produced a usable estimate
S_8221232	GCF_000722775.1	s__Streptococcus_mitis_AV	NA	NA	NA	0.08928571429	NA	NA	NA	0	NA	NA	NA	NA	0	1	0	-	NA	fixed	NA	none	0	False	containment 0.09 < 0.5; only 0/1 enzymes produced a fit; no PTR estimate	BcgI:only 3 windows after outlier trimming	no enzyme produced a usable estimate
S_8221232	GCF_000722815.1	s__Streptococcus_chosunense	NA	NA	NA	0.1294117647	NA	NA	NA	0	NA	NA	NA	NA	0	1	0	-	NA	fixed	NA	none	0	False	containment 0.13 < 0.5; only 0/1 enzymes produced a fit; no PTR estimate	BcgI:only 4 windows after outlier trimming	no enzyme produced a usable estimate
S_8221232	GCF_000722835.1	s__Streptococcus_mitis	NA	NA	NA	0.0985915493	NA	NA	NA	0	NA	NA	NA	NA	0	1	0	-	NA	fixed	NA	none	0	False	containment 0.10 < 0.5; only 0/1 enzymes produced a fit; no PTR estimate	BcgI:only 4 windows after outlier trimming	no enzyme produced a usable estimate
S_8221232	GCF_000722845.1	s__Streptococcus_oralis_BC	NA	NA	NA	0.01333333333	NA	NA	NA	0	NA	NA	NA	NA	0	1	0	-	NA	fixed	NA	none	0	False	containment 0.01 < 0.5; only 0/1 enzymes produced a fit; no PTR estimate	BcgI:only 1 windows after outlier trimming	no enzyme produced a usable estimate
S_8221232	GCF_000740795.1	s__Haematobacter_massiliensis	NA	NA	NA	0	NA	NA	NA	0	NA	NA	NA	NA	0	1	0	-	NA	fixed	NA	none	0	False	containment 0.00 < 0.5; only 0/1 enzymes produced a fit; no PTR estimate	BcgI:only 0 windows after outlier trimming	no enzyme produced a usable estimate
S_8221232	GCF_000745955.1	s__Alysiella_crassa	NA	NA	NA	0.002304147465	NA	NA	NA	0	NA	NA	NA	NA	0	1	0	-	NA	fixed	NA	none	0	False	containment 0.00 < 0.5; only 0/1 enzymes produced a fit; no PTR estimate	BcgI:only 2 windows after outlier trimming	no enzyme produced a usable estimate
S_8221232	GCF_000751855.1	s__Kingella_negevensis	NA	NA	NA	0.001052631579	NA	NA	NA	0	NA	NA	NA	NA	0	1	0	-	NA	fixed	NA	none	0	False	containment 0.00 < 0.5; only 0/1 enzymes produced a fit; no PTR estimate	BcgI:only 0 windows after outlier trimming	no enzyme produced a usable estimate
S_8221232	GCF_000758755.1	s__Pauljensenia_sp000758755	3.267379104	6.251140905	0.3405306086	0.3076923077	1.498955118	0.5839571864	NA	1060	0.9899964814	0.5149804338	-0.4253859166	1.593300289	1	1	1	BcgI	NA	fixed	441200.8389	glm	23	False	fraction 0.34 < 0.75; dispersion 6.25 > 5.0; containment 0.31 < 0.5	-	single enzyme: no cross-enzyme consistency check available
S_8221232	GCF_000758925.1	s__Prevotella_sp000758925	NA	NA	NA	0.009297520661	NA	NA	NA	0	NA	NA	NA	NA	0	1	0	-	NA	fixed	NA	none	0	False	containment 0.01 < 0.5; only 0/1 enzymes produced a fit; no PTR estimate	BcgI:only 17 anchors (< 30)	no enzyme produced a usable estimate
S_8221232	GCF_000758945.1	s__Lancefieldella_sp000564995	7.127502511	6.226664915	0.3031044109	0.25625	2.699463928	1.432672939	NA	469	0.9932467608	0.7919150882	-0.1194521128	2.984797991	1	1	1	BcgI	NA	fixed	776151.5039	glm	30	False	fraction 0.30 < 0.75; dispersion 6.23 > 5.0; containment 0.26 < 0.5	-	single enzyme: no cross-enzyme consistency check available
S_8221232	GCF_000759045.1	s__Prevotella_bivia	NA	NA	NA	0.005364806867	NA	NA	NA	0	NA	NA	NA	NA	0	1	0	-	NA	fixed	NA	none	0	False	containment 0.01 < 0.5; only 0/1 enzymes produced a fit; no PTR estimate	BcgI:only 2 windows after outlier trimming	no enzyme produced a usable estimate
S_8221232	GCF_000759305.1	s__Prevotella_melaninogenica	8.672162779	7.056968303	0.6644012082	0.3247282609	1.497609546	0.5826615362	NA	393	0.9806093926	0.5303873198	-0.4568785084	1.622201581	1	1	1	BcgI	NA	fixed	1257110.874	glm	134	False	fraction 0.66 < 0.75; dispersion 7.06 > 5.0; containment 0.32 < 0.5	-	single enzyme: no cross-enzyme consistency check available
S_8221232	GCF_000759315.1	s__Prevotella_amnii	NA	NA	NA	0.005474452555	NA	NA	NA	0	NA	NA	NA	NA	0	1	0	-	NA	fixed	NA	none	0	False	containment 0.01 < 0.5; only 0/1 enzymes produced a fit; no PTR estimate	BcgI:only 2 windows after outlier trimming	no enzyme produced a usable estimate
S_8221232	GCF_000762865.1	s__Prevotella_sp001553265	NA	NA	NA	0.002207505519	NA	NA	NA	0	NA	NA	NA	NA	0	1	0	-	NA	fixed	NA	none	0	False	containment 0.00 < 0.5; only 0/1 enzymes produced a fit; no PTR estimate	BcgI:only 2 windows after outlier trimming	no enzyme produced a usable estimate
S_8221232	GCF_000763805.1	s__Paracoccus_sphaerophysae	NA	NA	NA	0.000823723229	NA	NA	NA	0	NA	NA	NA	NA	0	1	0	-	NA	fixed	NA	none	0	False	containment 0.00 < 0.5; only 0/1 enzymes produced a fit; no PTR estimate	BcgI:only 2 windows after outlier trimming	no enzyme produced a usable estimate
S_8221232	GCF_000768875.1	s__Porphyromonas_sp000768875	NA	NA	NA	0	NA	NA	NA	0	NA	NA	NA	NA	0	1	0	-	NA	fixed	NA	none	0	False	containment 0.00 < 0.5; only 0/1 enzymes produced a fit; no PTR estimate	BcgI:only 0 windows after outlier trimming	no enzyme produced a usable estimate
S_8221232	GCF_000768935.1	s__Porphyromonas_sp000769075	NA	NA	NA	0	NA	NA	NA	0	NA	NA	NA	NA	0	1	0	-	NA	fixed	NA	none	0	False	containment 0.00 < 0.5; only 0/1 enzymes produced a fit; no PTR estimate	BcgI:only 0 windows after outlier trimming	no enzyme produced a usable estimate
S_8221232	GCF_000769015.1	s__Porphyromonas_gulae	NA	NA	NA	0	NA	NA	NA	0	NA	NA	NA	NA	0	1	0	-	NA	fixed	NA	none	0	False	containment 0.00 < 0.5; only 0/1 enzymes produced a fit; no PTR estimate	BcgI:only 0 windows after outlier trimming	no enzyme produced a usable estimate
S_8221232	GCF_000771955.1	s__Gallibacterium_anatis	NA	NA	NA	0	NA	NA	NA	0	NA	NA	NA	NA	0	1	0	-	NA	fixed	NA	none	0	False	containment 0.00 < 0.5; only 0/1 enzymes produced a fit; no PTR estimate	BcgI:only 0 windows after outlier trimming	no enzyme produced a usable estimate
S_8221232	GCF_000775995.1	s__Treponema_sp000775995	1.574841886	0.5652777778	0.04181818182	0.02230215827	1.728223067	0.7892894428	NA	550	0.8647429533	0.7603134073	-0.7008974525	2.279476338	1	1	1	BcgI	NA	fixed	1011285.325	glm	10	False	fraction 0.04 < 0.75; containment 0.02 < 0.5	-	single enzyme: no cross-enzyme consistency check available
S_8221232	GCF_000790885.1	s__Pseudomonas_aeruginosa	NA	NA	NA	0.0004389815628	NA	NA	NA	0	NA	NA	NA	NA	0	1	0	-	NA	fixed	NA	none	0	False	containment 0.00 < 0.5; only 0/1 enzymes produced a fit; no PTR estimate	BcgI:only 2 windows after outlier trimming	no enzyme produced a usable estimate
S_8221232	GCF_000799055.1	s__Ensifer_sp000799055	NA	NA	NA	0	NA	NA	NA	0	NA	NA	NA	NA	0	1	0	-	NA	fixed	NA	none	0	False	containment 0.00 < 0.5; only 0/1 enzymes produced a fit; no PTR estimate	BcgI:only 0 windows after outlier trimming	no enzyme produced a usable estimate
S_8221232	GCF_000801955.1	s__Ralstonia_sp000801955	NA	NA	NA	0.0001313542624	NA	NA	NA	0	NA	NA	NA	NA	0	1	0	-	NA	fixed	NA	none	0	False	containment 0.00 < 0.5; only 0/1 enzymes produced a fit; no PTR estimate	BcgI:only 1 windows after outlier trimming	no enzyme produced a usable estimate
S_8221232	GCF_000803625.1	s__TM7x_sp000803625	NA	NA	NA	0.01048951049	NA	NA	NA	0	NA	NA	NA	NA	0	1	0	-	NA	fixed	NA	none	0	False	containment 0.01 < 0.5; only 0/1 enzymes produced a fit; no PTR estimate	BcgI:only 0 windows after outlier trimming	no enzyme produced a usable estimate
S_8221232	GCF_000813705.1	s__Neisseria_cerebrosa	703.5092752	716.1641104	0.6472603265	0.4680851064	1.759750128e+18	60.6100763	NA	277	0.9999999999	0.6593305677	59.31781213	61.90234047	1	1	1	BcgI	NA	fixed	1755390.731	glm	64	False	fraction 0.65 < 0.75; dispersion 716.16 > 5.0; containment 0.47 < 0.5	-	single enzyme: no cross-enzyme consistency check available
S_8221232	GCF_000814825.1	s__DNF00809_sp000814825	NA	NA	NA	0	NA	NA	NA	0	NA	NA	NA	NA	0	1	0	-	NA	fixed	NA	none	0	False	containment 0.00 < 0.5; only 0/1 enzymes produced a fit; no PTR estimate	BcgI:only 0 windows after outlier trimming	no enzyme produced a usable estimate
S_8221232	GCF_000818035.1	s__Neisseria_elongata	3.602336443	10.72850409	0.4786931818	0.4792312461	1.542094921	0.6248915709	NA	1408	0.9996116079	0.371782429	-0.1037886	1.353571742	1	1	1	BcgI	NA	fixed	60112.88	glm	22	False	fraction 0.48 < 0.75; dispersion 10.73 > 5.0; containment 0.48 < 0.5	-	single enzyme: no cross-enzyme consistency check available
S_8221232	GCF_000820725.1	s__Pauljensenia_polynesiensis	NA	NA	NA	0.0003657644477	NA	NA	NA	0	NA	NA	NA	NA	0	1	0	-	NA	fixed	NA	none	0	False	containment 0.00 < 0.5; only 0/1 enzymes produced a fit; no PTR estimate	BcgI:only 1 windows after outlier trimming	no enzyme produced a usable estimate
S_8221232	GCF_000827595.2	s__Necropsobacter_massiliensis	NA	NA	NA	0.0005851375073	NA	NA	NA	0	NA	NA	NA	NA	0	1	0	-	NA	fixed	NA	none	0	False	containment 0.00 < 0.5; only 0/1 enzymes produced a fit; no PTR estimate	BcgI:only 1 windows after outlier trimming	no enzyme produced a usable estimate
S_8221232	GCF_000935585.1	s__Acidovorax_temperans	NA	NA	NA	0.0005074854098	NA	NA	NA	0	NA	NA	NA	NA	0	1	0	-	NA	fixed	NA	none	0	False	containment 0.00 < 0.5; only 0/1 enzymes produced a fit; no PTR estimate	BcgI:only 0 windows after outlier trimming	no enzyme produced a usable estimate
S_8221232	GCF_000952155.1	s__Aliterella_atlantica	NA	NA	NA	0	NA	NA	NA	0	NA	NA	NA	NA	0	1	0	-	NA	fixed	NA	none	0	False	containment 0.00 < 0.5; only 0/1 enzymes produced a fit; no PTR estimate	BcgI:only 0 windows after outlier trimming	no enzyme produced a usable estimate
S_8221232	GCF_000954135.1	s__Ralstonia_mannitolilytica	NA	NA	NA	0.0006794632241	NA	NA	NA	0	NA	NA	NA	NA	0	1	0	-	NA	fixed	NA	none	0	False	containment 0.00 < 0.5; only 0/1 enzymes produced a fit; no PTR estimate	BcgI:only 0 windows after outlier trimming	no enzyme produced a usable estimate
S_8221232	GCF_000959945.1	s__Streptococcus_oralis_B	NA	NA	NA	0.06796116505	NA	NA	NA	0	NA	NA	NA	NA	0	1	0	-	NA	fixed	NA	none	0	False	containment 0.07 < 0.5; only 0/1 enzymes produced a fit; no PTR estimate	BcgI:only 4 windows after outlier trimming	no enzyme produced a usable estimate
S_8221232	GCF_000960085.1	s__Streptococcus_infantis_C	8.773536785	12.67981457	0.5209198209	0.4485294118	1.579456145	0.6594278795	NA	136	0.8943410842	1.189635637	-1.672215124	2.991070883	1	1	1	BcgI	NA	fixed	954713.4339	glm	9	False	fraction 0.52 < 0.75; dispersion 12.68 > 5.0; containment 0.45 < 0.5	-	single enzyme: no cross-enzyme consistency check available
S_8221232	GCF_000963255.1	s__Streptococcus_infantis_F	5.580629544	3.405580293	0.2914774115	0.2483660131	2.721226949	1.444257282	NA	110	0.9734427866	1.169139083	-0.8472132134	3.735727777	1	1	1	BcgI	NA	fixed	1711427.929	glm	10	False	fraction 0.29 < 0.75; containment 0.25 < 0.5	-	single enzyme: no cross-enzyme consistency check available
S_8221232	GCF_000963285.1	s__Streptococcus_parasanguinis	4.210624541	2.77302837	0.3914691481	0.362962963	2.886473216	1.529307838	NA	264	0.9958689683	0.6185964031	0.3168811673	2.74173451	1	1	1	BcgI	NA	fixed	1726821.997	glm	18	False	fraction 0.39 < 0.75; containment 0.36 < 0.5	-	single enzyme: no cross-enzyme consistency check available
S_8221232	GCF_000967735.1	s__Paracoccus_marcusii	NA	NA	NA	0.0004911591356	NA	NA	NA	0	NA	NA	NA	NA	0	1	0	-	NA	fixed	NA	none	0	False	containment 0.00 < 0.5; only 0/1 enzymes produced a fit; no PTR estimate	BcgI:only 1 windows after outlier trimming	no enzyme produced a usable estimate
S_8221232	GCF_000971865.1	s__Corynebacterium_argentoratense	NA	NA	NA	0.0005162622612	NA	NA	NA	0	NA	NA	NA	NA	0	1	0	-	NA	fixed	NA	none	0	False	containment 0.00 < 0.5; only 0/1 enzymes produced a fit; no PTR estimate	BcgI:only 1 windows after outlier trimming	no enzyme produced a usable estimate
S_8221232	GCF_000974605.1	s__Cupriavidus_pauculus	NA	NA	NA	0.003262092238	NA	NA	NA	0	NA	NA	NA	NA	0	1	0	-	NA	fixed	NA	none	0	False	containment 0.00 < 0.5; only 0/1 enzymes produced a fit; no PTR estimate	BcgI:only 3 windows after outlier trimming	no enzyme produced a usable estimate
S_8221232	GCF_000986865.1	s__Pararheinheimera_mesophila	NA	NA	NA	0.001245330012	NA	NA	NA	0	NA	NA	NA	NA	0	1	0	-	NA	fixed	NA	none	0	False	containment 0.00 < 0.5; only 0/1 enzymes produced a fit; no PTR estimate	BcgI:only 0 windows after outlier trimming	no enzyme produced a usable estimate
S_8221232	GCF_001014975.1	s__Novosphingobium_sp002336885	NA	NA	NA	0.003843545105	NA	NA	NA	0	NA	NA	NA	NA	0	1	0	-	NA	fixed	NA	none	0	False	containment 0.00 < 0.5; only 0/1 enzymes produced a fit; no PTR estimate	BcgI:only 3 windows after outlier trimming	no enzyme produced a usable estimate
S_8221232	GCF_001042695.1	s__Scardovia_inopinata	1.2415532	0.5619791667	0.09948559671	0.08430232558	1.435976353	0.522031992	NA	499	0.728788301	0.4930137692	-0.4442572396	1.488321224	1	1	1	BcgI	NA	fixed	1708355.75	glm	18	False	fraction 0.10 < 0.75; containment 0.08 < 0.5	-	single enzyme: no cross-enzyme consistency check available
S_8221232	GCF_001053035.1	s__Haemophilus_D_parainfluenzae_J	2.973638886	1.044642857	0.1179765857	0.05730659026	2.455497903	1.29601559	NA	181	0.811587321	1.05963817	-0.7808370592	3.37286824	1	1	1	BcgI	NA	fixed	1082313.542	glm	11	False	fraction 0.12 < 0.75; containment 0.06 < 0.5	-	single enzyme: no cross-enzyme consistency check available
S_8221232	GCF_001058575.1	s__Haemophilus_D_parainfluenzae_N	8.908521815	16.52761676	0.2118922468	0.1787234043	11.15929067	3.480173421	NA	189	0.9999299804	1.707434862	0.1336625862	6.826684256	1	1	1	BcgI	NA	fixed	513631.0986	glm	13	False	fraction 0.21 < 0.75; dispersion 16.53 > 5.0; containment 0.18 < 0.5	-	single enzyme: no cross-enzyme consistency check available
S_8221232	GCF_001059215.1	s__Alloscardovia_omnicolens	NA	NA	NA	0	NA	NA	NA	0	NA	NA	NA	NA	0	1	0	-	NA	fixed	NA	none	0	False	containment 0.00 < 0.5; only 0/1 enzymes produced a fit; no PTR estimate	BcgI:only 0 windows after outlier trimming	no enzyme produced a usable estimate
S_8221232	GCF_001059235.1	s__Pauljensenia_sp000411415	10.41807457	17.17632516	0.1020051589	0.03039158387	2.222287877	1.152045717	NA	663	0.9880966264	1.119647733	-1.042423514	3.346514948	1	1	1	BcgI	NA	fixed	632379.08	glm	22	False	fraction 0.10 < 0.75; dispersion 17.18 > 5.0; containment 0.03 < 0.5	-	single enzyme: no cross-enzyme consistency check available
S_8221232	GCF_001059565.1	s__Corynebacterium_aurimucosum_E	NA	NA	NA	0.001560062402	NA	NA	NA	0	NA	NA	NA	NA	0	1	0	-	NA	fixed	NA	none	0	False	containment 0.00 < 0.5; only 0/1 enzymes produced a fit; no PTR estimate	BcgI:only 0 windows after outlier trimming	no enzyme produced a usable estimate
S_8221232	GCF_001061215.1	s__Neisseria_sp000186165	68.27406369	149.8973647	0.4499779126	0.3856502242	2.096759761	1.068161572	NA	605	0.9999998439	0.8682360871	-0.6335498884	2.769873033	1	1	1	BcgI	NA	fixed	2117966.232	glm	40	False	fraction 0.45 < 0.75; dispersion 149.90 > 5.0; containment 0.39 < 0.5	-	single enzyme: no cross-enzyme consistency check available
S_8221232	GCF_001062425.1	s__Rothia_dentocariosa	22.58921795	46.04270065	0.6265631868	0.60496614	1.494459264	0.5796235729	NA	1694	0.9996569212	0.5984660131	-0.5933482589	1.752595405	1	1	1	BcgI	NA	fixed	1536246.394	glm	61	False	fraction 0.63 < 0.75; dispersion 46.04 > 5.0	-	single enzyme: no cross-enzyme consistency check available
S_8221232	GCF_001063545.1	s__Rothia_sp001808955	45.30449002	78.36214248	0.2626031629	0.2202868852	2.450888793	1.293305025	NA	925	0.99999112	0.8242377554	-0.3221712904	2.90878134	1	1	1	BcgI	NA	fixed	2158439.383	glm	36	False	fraction 0.26 < 0.75; dispersion 78.36 > 5.0; containment 0.22 < 0.5	-	single enzyme: no cross-enzyme consistency check available
S_8221232	GCF_001063785.1	s__Cardiobacterium_hominis	2.904231928	3.61686017	0.4670827554	0.4189580318	2.036043581	1.025768443	NA	2306	0.9994710277	0.5477058538	-0.04771530501	2.09925219	1	1	1	BcgI	NA	fixed	541078.2283	glm	88	False	fraction 0.47 < 0.75; containment 0.42 < 0.5	-	single enzyme: no cross-enzyme consistency check available
S_8221232	GCF_001064145.1	s__Pauljensenia_sp001064145	8.454075507	13.92073693	0.2572765416	0.1838371376	2.041975831	1.02996579	NA	1459	0.9983762353	0.6632390863	-0.2699589321	2.329890512	1	1	1	BcgI	NA	fixed	1508611.395	glm	44	False	fraction 0.26 < 0.75; dispersion 13.92 > 5.0; containment 0.18 < 0.5	-	single enzyme: no cross-enzyme consistency check available
S_8221232	GCF_001064185.1	s__Pauljensenia_sp000185285	1.597606033	1.275719968	0.2268294939	0.2123203285	1.591606139	0.670483369	NA	1832	0.9522654299	0.6864984712	-0.67502891	2.015995648	1	1	1	BcgI	NA	fixed	2189620.69	glm	33	False	fraction 0.23 < 0.75; containment 0.21 < 0.5	-	single enzyme: no cross-enzyme consistency check available
S_8221232	GCF_001065135.1	s__Rothia_mucilaginosa_A	24.25325022	51.62162961	0.413657426	0.415428167	2.67413359	1.419071539	NA	1397	0.9998118271	0.5533898764	0.3344473115	2.503695766	1	1	1	BcgI	NA	fixed	397205.935	glm	36	False	fraction 0.41 < 0.75; dispersion 51.62 > 5.0; containment 0.42 < 0.5	-	single enzyme: no cross-enzyme consistency check available
S_8221232	GCF_001066565.1	s__Lacticaseibacillus_paracasei	NA	NA	NA	0.001196888091	NA	NA	NA	0	NA	NA	NA	NA	0	1	0	-	NA	fixed	NA	none	0	False	containment 0.00 < 0.5; only 0/1 enzymes produced a fit; no PTR estimate	BcgI:only 1 windows after outlier trimming	no enzyme produced a usable estimate
S_8221232	GCF_001067635.1	s__Neisseria_bacilliformis	4.375882187	2.267532468	0.1147399352	0.0255033557	3.015017167	1.592166217	NA	308	0.8842122544	0.6139424254	0.3888611744	2.795471259	1	1	1	BcgI	NA	fixed	635735.5861	glm	17	False	fraction 0.11 < 0.75; containment 0.03 < 0.5	-	single enzyme: no cross-enzyme consistency check available
S_8221232	GCF_001068775.1	s__Streptococcus_pseudopneumoniae_N	6.014537966	8.066666667	0.696969697	0.2307692308	1.521925097	0.6058973572	NA	33	0.6764494515	0.9880680704	-1.330680475	2.54247519	1	1	1	BcgI	NA	fixed	1004852.162	glm	14	False	fraction 0.70 < 0.75; dispersion 8.07 > 5.0; containment 0.23 < 0.5	-	single enzyme: no cross-enzyme consistency check available
S_8221232	GCF_001069025.1	s__Streptococcus_vestibularis	4.51523666	1.316666667	0.2639462292	0.08041958042	2.929518022	1.550663325	NA	86	0.8545890392	1.349901541	-1.095095078	4.196421729	1	1	1	BcgI	NA	fixed	1191783.375	glm	10	False	fraction 0.26 < 0.75; containment 0.08 < 0.5	-	single enzyme: no cross-enzyme consistency check available
S_8221232	GCF_001069775.1	s__Streptococcus_cristatus	8.302619979	9.188543406	0.6529506434	0.5896226415	5.148956414	2.364280058	NA	192	0.9995343186	0.9265538967	0.5482677906	4.180292325	1	1	1	BcgI	NA	fixed	1046344.122	glm	24	False	fraction 0.65 < 0.75; dispersion 9.19 > 5.0	-	single enzyme: no cross-enzyme consistency check available
S_8221232	GCF_001070115.1	s__Streptococcus_anginosus	NA	NA	NA	0.009803921569	NA	NA	NA	0	NA	NA	NA	NA	0	1	0	-	NA	fixed	NA	none	0	False	containment 0.01 < 0.5; only 0/1 enzymes produced a fit; no PTR estimate	BcgI:only 0 windows after outlier trimming	no enzyme produced a usable estimate
S_8221232	GCF_001070405.1	s__Streptococcus_pseudopneumoniae_O	NA	NA	NA	0.07142857143	NA	NA	NA	0	NA	NA	NA	NA	0	1	0	-	NA	fixed	NA	none	0	False	containment 0.07 < 0.5; only 0/1 enzymes produced a fit; no PTR estimate	BcgI:only 3 windows after outlier trimming	no enzyme produced a usable estimate
S_8221232	GCF_001070715.1	s__Streptococcus_pseudopneumoniae_H	NA	NA	NA	0.04494382022	NA	NA	NA	0	NA	NA	NA	NA	0	1	0	-	NA	fixed	NA	none	0	False	containment 0.04 < 0.5; only 0/1 enzymes produced a fit; no PTR estimate	BcgI:only 3 windows after outlier trimming	no enzyme produced a usable estimate
S_8221232	GCF_001070815.1	s__Streptococcus_pseudopneumoniae_P	NA	NA	NA	0.08	NA	NA	NA	0	NA	NA	NA	NA	0	1	0	-	NA	fixed	NA	none	0	False	containment 0.08 < 0.5; only 0/1 enzymes produced a fit; no PTR estimate	BcgI:only 4 windows after outlier trimming	no enzyme produced a usable estimate
S_8221232	GCF_001070855.1	s__Pauljensenia_pyogenes_A	4.214991157	2.462179487	0.0469625043	0.02626970228	5.462360147	2.449524438	NA	449	0.9836781993	0.7349910569	1.008968437	3.890080438	1	1	1	BcgI	NA	fixed	1264304.224	glm	10	False	fraction 0.05 < 0.75; containment 0.03 < 0.5	-	single enzyme: no cross-enzyme consistency check available
S_8221232	GCF_001071995.1	s__Granulicatella_sp001071995	8.089476342	7.916949249	0.3726954321	0.3095890411	3.046550549	1.607176678	NA	338	0.9900948471	1.203044691	-0.7507475874	3.965100944	1	1	1	BcgI	NA	fixed	1601120.832	glm	24	False	fraction 0.37 < 0.75; dispersion 7.92 > 5.0; containment 0.31 < 0.5	-	single enzyme: no cross-enzyme consistency check available
S_8221232	GCF_001072375.1	s__Streptococcus_pseudopneumoniae_L	5.201671831	0.2666666667	0.4916666667	0.1941747573	4.774120508	2.255234983	NA	41	0.966963742	0.9597502034	0.3741591506	4.136310816	1	1	1	BcgI	NA	fixed	1538894.875	glm	12	False	fraction 0.49 < 0.75; containment 0.19 < 0.5	-	single enzyme: no cross-enzyme consistency check available
S_8221232	GCF_001072385.1	s__Streptococcus_sp004166885	5.17542578	3.905515796	0.4287261571	0.3722943723	1.92498454	0.9448468589	NA	205	0.9404854234	1.047304318	-1.107831886	2.997525604	1	1	1	BcgI	NA	fixed	792733.1683	glm	22	False	fraction 0.43 < 0.75; containment 0.37 < 0.5	-	single enzyme: no cross-enzyme consistency check available
S_8221232	GCF_001073155.1	s__Streptococcus_parasanguinis_D	4.713026858	1.613756614	0.2915873016	0.1575757576	1.777096808	0.8295222746	NA	98	0.7589381323	0.5655151529	-0.2788670578	1.937911607	1	1	1	BcgI	NA	fixed	586364.2833	glm	15	False	fraction 0.29 < 0.75; containment 0.16 < 0.5	-	single enzyme: no cross-enzyme consistency check available
S_8221232	GCF_001073445.1	s__Granulicatella_adiacens	14.00067568	21.88565863	0.5975465293	0.5756097561	1.859349772	0.8947981884	NA	389	0.9974283621	0.903948832	-0.8769089661	2.666505343	1	1	1	BcgI	NA	fixed	156278.0833	glm	24	False	fraction 0.60 < 0.75; dispersion 21.89 > 5.0	-	single enzyme: no cross-enzyme consistency check available
S_8221232	GCF_001074155.1	s__Streptococcus_pseudopneumoniae_A	8.808521017	2.613156513	0.3523951247	0.2755102041	4.292747592	2.101901347	NA	81	0.9926796935	0.9373122535	0.2648030876	3.938999606	1	1	1	BcgI	NA	fixed	431679.505	glm	14	False	fraction 0.35 < 0.75; containment 0.28 < 0.5	-	single enzyme: no cross-enzyme consistency check available
S_8221232	GCF_001074505.1	s__Staphylococcus_epidermidis	NA	NA	NA	0.008474576271	NA	NA	NA	0	NA	NA	NA	NA	0	1	0	-	NA	fixed	NA	none	0	False	containment 0.01 < 0.5; only 0/1 enzymes produced a fit; no PTR estimate	BcgI:only 0 windows after outlier trimming	no enzyme produced a usable estimate
S_8221232	GCF_001074565.1	s__Streptococcus_pseudopneumoniae_J	10.54747173	0	0.2850649351	0.1120689655	28.49117791	4.832443363	NA	55	0.9957480095	2.394181136	0.1399345634	9.524952163	1	1	1	BcgI	NA	fixed	1104374.831	glm	11	False	fraction 0.29 < 0.75; containment 0.11 < 0.5	-	single enzyme: no cross-enzyme consistency check available
S_8221232	GCF_001074635.1	s__Streptococcus_mitis_E	NA	NA	NA	0.1145833333	NA	NA	NA	0	NA	NA	NA	NA	0	1	0	-	NA	fixed	NA	none	0	False	containment 0.11 < 0.5; only 0/1 enzymes produced a fit; no PTR estimate	BcgI:only 22 anchors (< 30)	no enzyme produced a usable estimate
S_8221232	GCF_001074805.1	s__Streptococcus_parasanguinis_A	7.453901855	4.665737041	0.5228571429	0.2169811321	4.305802421	2.106282121	NA	103	0.9905234188	0.7901572617	0.5576023457	3.654961896	1	1	1	BcgI	NA	fixed	1713931.592	glm	30	False	fraction 0.52 < 0.75; containment 0.22 < 0.5	-	single enzyme: no cross-enzyme consistency check available
S_8221232	GCF_001074975.1	s__Streptococcus_pseudopneumoniae_D	NA	NA	NA	0.06976744186	NA	NA	NA	0	NA	NA	NA	NA	0	1	0	-	NA	fixed	NA	none	0	False	containment 0.07 < 0.5; only 0/1 enzymes produced a fit; no PTR estimate	BcgI:only 14 anchors (< 30)	no enzyme produced a usable estimate
S_8221232	GCF_001075645.1	s__Gemella_sp002871655	6.253129834	5.231140351	0.5235334714	0.2637362637	1.515971497	0.6002426286	NA	95	0.7754120686	0.7061971497	-0.7838783508	1.984363608	1	1	1	BcgI	NA	fixed	843228.9353	glm	23	False	fraction 0.52 < 0.75; dispersion 5.23 > 5.0; containment 0.26 < 0.5	-	single enzyme: no cross-enzyme consistency check available
S_8221232	GCF_001075675.1	s__Streptococcus_oralis_V	NA	NA	NA	0.0625	NA	NA	NA	0	NA	NA	NA	NA	0	1	0	-	NA	fixed	NA	none	0	False	containment 0.06 < 0.5; only 0/1 enzymes produced a fit; no PTR estimate	BcgI:only 3 windows after outlier trimming	no enzyme produced a usable estimate
S_8221232	GCF_001075875.1	s__Streptococcus_oralis_I	3.665254529	5.444444444	0.6630952381	0.1759259259	5.940033722	2.570471121	NA	30	0.9437277532	1.134817921	0.3462688673	4.794673375	1	1	1	BcgI	NA	fixed	53630.5125	glm	14	False	fraction 0.66 < 0.75; dispersion 5.44 > 5.0; containment 0.18 < 0.5	-	single enzyme: no cross-enzyme consistency check available
S_8221232	GCF_001076615.1	s__Streptococcus_mitis_N	NA	NA	NA	0.09333333333	NA	NA	NA	0	NA	NA	NA	NA	0	1	0	-	NA	fixed	NA	none	0	False	containment 0.09 < 0.5; only 0/1 enzymes produced a fit; no PTR estimate	BcgI:only 25 anchors (< 30)	no enzyme produced a usable estimate
S_8221232	GCF_001076775.1	s__Streptococcus_pseudopneumoniae_G	4.37641873	3.332386364	0.3386621315	0.2054794521	1.610146187	0.687191678	NA	47	0.6917286343	1.145639252	-1.558219996	2.932603352	1	1	1	BcgI	NA	fixed	583856.1667	glm	7	False	fraction 0.34 < 0.75; containment 0.21 < 0.5	-	single enzyme: no cross-enzyme consistency check available
S_8221232	GCF_001078705.1	s__Streptococcus_sanguinis_D	31.82231137	34.40317826	0.1125641026	0.1076388889	9.510943881	3.249588523	NA	288	0.9988875716	1.539792434	0.2316508082	6.267526239	1	1	1	BcgI	NA	fixed	864447	glm	12	False	fraction 0.11 < 0.75; dispersion 34.40 > 5.0; containment 0.11 < 0.5	-	single enzyme: no cross-enzyme consistency check available
S_8221232	GCF_001096185.1	s__Streptococcus_pneumoniae_B	NA	NA	NA	0.0625	NA	NA	NA	0	NA	NA	NA	NA	0	1	0	-	NA	fixed	NA	none	0	False	containment 0.06 < 0.5; only 0/1 enzymes produced a fit; no PTR estimate	BcgI:only 3 windows after outlier trimming	no enzyme produced a usable estimate
S_8221232	GCF_001113365.1	s__Streptococcus_pneumoniae_C	NA	NA	NA	0.07446808511	NA	NA	NA	0	NA	NA	NA	NA	0	1	0	-	NA	fixed	NA	none	0	False	containment 0.07 < 0.5; only 0/1 enzymes produced a fit; no PTR estimate	BcgI:only 4 windows after outlier trimming	no enzyme produced a usable estimate
S_8221232	GCF_001171885.1	s__Streptococcus_pneumoniae_A	NA	NA	NA	0.03797468354	NA	NA	NA	0	NA	NA	NA	NA	0	1	0	-	NA	fixed	NA	none	0	False	containment 0.04 < 0.5; only 0/1 enzymes produced a fit; no PTR estimate	BcgI:only 2 windows after outlier trimming	no enzyme produced a usable estimate
S_8221232	GCF_001189515.2	s__Olsenella_sp001189515	1.001169595	0.3598941799	0.029375	0.01939981813	0.8886581965	-0.1702994712	NA	1600	0.7840727863	0.6050607752	-1.356196799	1.015597857	1	1	1	BcgI	NA	fixed	1371065.6	glm	16	False	fraction 0.03 < 0.75; containment 0.02 < 0.5	-	single enzyme: no cross-enzyme consistency check available
S_8221232	GCF_001262035.1	s__Aggregatibacter_aphrophilus	7.942062343	12.9393499	0.07792207792	0.03966005666	1.00380213	0.00547491262	NA	308	0.69396392	1.444287599	-2.825276765	2.836226591	1	1	1	BcgI	NA	fixed	1520808.106	glm	11	False	fraction 0.08 < 0.75; dispersion 12.94 > 5.0; containment 0.04 < 0.5	-	single enzyme: no cross-enzyme consistency check available
S_8221232	GCF_001262055.1	s__Pauljensenia_meyeri	NA	NA	NA	0.002408477842	NA	NA	NA	0	NA	NA	NA	NA	0	1	0	-	NA	fixed	NA	none	0	False	containment 0.00 < 0.5; only 0/1 enzymes produced a fit; no PTR estimate	BcgI:only 2 windows after outlier trimming	no enzyme produced a usable estimate
S_8221232	GCF_001262075.1	s__Ottowia_sp001262075	1.29323116	1.68338983	0.09831168831	0.1037037037	0.711577263	-0.490907682	NA	1545	0.9998478037	0.6873974607	-1.838181948	0.8563665841	1	1	1	BcgI	NA	fixed	1047098.025	glm	22	False	fraction 0.10 < 0.75; containment 0.10 < 0.5	-	single enzyme: no cross-enzyme consistency check available
S_8221232	GCF_001263295.1	s__Agrobacterium_sp900013535	NA	NA	NA	0.0001392951665	NA	NA	NA	0	NA	NA	NA	NA	0	1	0	-	NA	fixed	NA	none	0	False	containment 0.00 < 0.5; only 0/1 enzymes produced a fit; no PTR estimate	BcgI:only 0 windows after outlier trimming	no enzyme produced a usable estimate
S_8221232	GCF_001274535.1	s__Leptotrichia_A_sp001274535	3.177234247	2.541813692	0.4822222222	0.4838709677	2.887964886	1.530053201	NA	155	0.9830582952	0.7951290111	-0.02837102358	3.088477426	1	1	1	BcgI	NA	fixed	2248743.983	glm	6	False	fraction 0.48 < 0.75; containment 0.48 < 0.5	-	single enzyme: no cross-enzyme consistency check available
S_8221232	GCF_001275345.1	s__Kocuria_palustris	1.459960608	0.2214285714	0.02708474576	0.007806955287	1.050204014	0.07066961467	NA	518	0.9725451616	1.497596719	-2.864566019	3.005905248	1	1	1	BcgI	NA	fixed	2547259.26	glm	5	False	fraction 0.03 < 0.75; containment 0.01 < 0.5	-	single enzyme: no cross-enzyme consistency check available
S_8221232	GCF_001276515.1	s__Haemophilus_sp001276515	3.780317339	3.571428571	0.1777710921	0.04780876494	2.877578802	1.524855437	NA	93	0.7466705888	0.8943504001	-0.2280391368	3.277750011	1	1	1	BcgI	NA	fixed	323940.4683	glm	8	False	fraction 0.18 < 0.75; containment 0.05 < 0.5	-	single enzyme: no cross-enzyme consistency check available
S_8221232	GCF_001278845.1	s__Actinomyces_sp001278845	3.124043495	2.097309745	0.07217670683	0.07204610951	3.093692523	1.629329817	NA	2082	0.996872668	0.7273995696	0.2036528581	3.055006776	1	1	1	BcgI	NA	fixed	2702635.797	glm	25	False	fraction 0.07 < 0.75; containment 0.07 < 0.5	-	single enzyme: no cross-enzyme consistency check available
S_8221232	GCF_001279145.1	s__Haemophilus_D_sp001679485	7.885840278	10.8775752	0.3376578144	0.2723214286	2.599741631	1.378368251	NA	215	0.9466283186	1.032120909	-0.6445515581	3.401288061	1	1	1	BcgI	NA	fixed	1201099.624	glm	11	False	fraction 0.34 < 0.75; dispersion 10.88 > 5.0; containment 0.27 < 0.5	-	single enzyme: no cross-enzyme consistency check available
S_8221232	GCF_001299115.1	s__Achromobacter_xylosoxidans	NA	NA	NA	0.0001665001665	NA	NA	NA	0	NA	NA	NA	NA	0	1	0	-	NA	fixed	NA	none	0	False	containment 0.00 < 0.5; only 0/1 enzymes produced a fit; no PTR estimate	BcgI:only 1 windows after outlier trimming	no enzyme produced a usable estimate
S_8221232	GCF_001304655.1	s__Streptococcus_pseudopneumoniae	NA	NA	NA	0.04587155963	NA	NA	NA	0	NA	NA	NA	NA	0	1	0	-	NA	fixed	NA	none	0	False	containment 0.05 < 0.5; only 0/1 enzymes produced a fit; no PTR estimate	BcgI:only 2 windows after outlier trimming	no enzyme produced a usable estimate
S_8221232	GCF_001308015.1	s__Neisseria_sp001308015	NA	NA	NA	0.002562459962	NA	NA	NA	0	NA	NA	NA	NA	0	1	0	-	NA	fixed	NA	none	0	False	containment 0.00 < 0.5; only 0/1 enzymes produced a fit; no PTR estimate	BcgI:only 2 windows after outlier trimming	no enzyme produced a usable estimate
S_8221232	GCF_001347015.1	s__Streptococcus_pneumoniae_E	NA	NA	NA	0	NA	NA	NA	0	NA	NA	NA	NA	0	1	0	-	NA	fixed	NA	none	0	False	containment 0.00 < 0.5; only 0/1 enzymes produced a fit; no PTR estimate	BcgI:only 0 windows after outlier trimming	no enzyme produced a usable estimate
S_8221232	GCF_001362535.1	s__Salmonella_enterica	NA	NA	NA	0.0007194244604	NA	NA	NA	0	NA	NA	NA	NA	0	1	0	-	NA	fixed	NA	none	0	False	containment 0.00 < 0.5; only 0/1 enzymes produced a fit; no PTR estimate	BcgI:only 1 windows after outlier trimming	no enzyme produced a usable estimate
S_8221232	GCF_001421985.1	s__Agrobacterium_sp900473305	NA	NA	NA	0.0003353454058	NA	NA	NA	0	NA	NA	NA	NA	0	1	0	-	NA	fixed	NA	none	0	False	containment 0.00 < 0.5; only 0/1 enzymes produced a fit; no PTR estimate	BcgI:only 0 windows after outlier trimming	no enzyme produced a usable estimate
S_8221232	GCF_001423155.1	s__Pseudomonas_E_ovata	NA	NA	NA	0.0001506024096	NA	NA	NA	0	NA	NA	NA	NA	0	1	0	-	NA	fixed	NA	none	0	False	containment 0.00 < 0.5; only 0/1 enzymes produced a fit; no PTR estimate	BcgI:only 1 windows after outlier trimming	no enzyme produced a usable estimate
S_8221232	GCF_001434465.1	s__Limosilactobacillus_oris	NA	NA	NA	0.004310344828	NA	NA	NA	0	NA	NA	NA	NA	0	1	0	-	NA	fixed	NA	none	0	False	containment 0.00 < 0.5; only 0/1 enzymes produced a fit; no PTR estimate	BcgI:only 0 windows after outlier trimming	no enzyme produced a usable estimate
S_8221232	GCF_001444445.1	s__Prevotella_enoeca	NA	NA	NA	0.006980802792	NA	NA	NA	0	NA	NA	NA	NA	0	1	0	-	NA	fixed	NA	none	0	False	containment 0.01 < 0.5; only 0/1 enzymes produced a fit; no PTR estimate	BcgI:only 4 windows after outlier trimming	no enzyme produced a usable estimate
S_8221232	GCF_001546595.1	s__Prevotella_corporis	NA	NA	NA	0.001682085786	NA	NA	NA	0	NA	NA	NA	NA	0	1	0	-	NA	fixed	NA	none	0	False	containment 0.00 < 0.5; only 0/1 enzymes produced a fit; no PTR estimate	BcgI:only 2 windows after outlier trimming	no enzyme produced a usable estimate
S_8221232	GCF_001546835.1	s__Streptococcus_sp000187445	2.403891255	0.675	0.1629947291	0.04507042254	2.273052026	1.184630705	NA	113	0.6608064529	1.08301946	-0.9380484318	3.307309842	1	1	1	BcgI	NA	fixed	439666.0061	glm	5	False	fraction 0.16 < 0.75; containment 0.05 < 0.5	-	single enzyme: no cross-enzyme consistency check available
S_8221232	GCF_001553215.1	s__Porphyromonas_pasteri	3.474509052	6.922630698	0.5005770349	0.4346405229	1.81645266	0.8611237669	NA	2004	0.9981978657	0.5657005157	-0.24762887	1.969876404	1	1	1	BcgI	NA	fixed	1662907.028	glm	34	False	fraction 0.50 < 0.75; dispersion 6.92 > 5.0; containment 0.43 < 0.5	-	single enzyme: no cross-enzyme consistency check available
S_8221232	GCF_001553285.1	s__Varibaculum_cambriense	NA	NA	NA	0.003436426117	NA	NA	NA	0	NA	NA	NA	NA	0	1	0	-	NA	fixed	NA	none	0	False	containment 0.00 < 0.5; only 0/1 enzymes produced a fit; no PTR estimate	BcgI:only 1 windows after outlier trimming	no enzyme produced a usable estimate
S_8221232	GCF_001553645.1	s__Leptotrichia_sp001553645	NA	NA	NA	0.06280193237	NA	NA	NA	0	NA	NA	NA	NA	0	1	0	-	NA	fixed	NA	none	0	False	containment 0.06 < 0.5; only 0/1 enzymes produced a fit; no PTR estimate	BcgI:only 3 windows after outlier trimming	no enzyme produced a usable estimate
S_8221232	GCF_001553935.1	s__Actinomyces_oris_A	17.83016241	49.73248955	0.5216338562	0.5148048452	1.119842431	0.1632957507	NA	1368	0.9919685488	0.3444024939	-0.5117207336	0.838312235	1	1	1	BcgI	NA	fixed	1753039.282	glm	23	False	fraction 0.52 < 0.75; dispersion 49.73 > 5.0	-	single enzyme: no cross-enzyme consistency check available
S_8221232	GCF_001556045.1	s__Bradyrhizobium_sp001556045	1.108308686	0.35	0.04182912159	0.002175004183	2.814881377	1.493074127	NA	360	0.7404222747	1.124718701	-0.7113340192	3.697482272	1	1	1	BcgI	NA	fixed	6230217.265	glm	5	False	fraction 0.04 < 0.75; containment 0.00 < 0.5	-	single enzyme: no cross-enzyme consistency check available
S_8221232	GCF_001557225.1	s__Streptococcus_sanguinis_C	23.15226634	36.01328505	0.2189093133	0.1711711712	14.22307616	3.830161619	NA	191	0.9910666906	1.200986792	1.47627076	6.184052478	1	1	1	BcgI	NA	fixed	459724.245	glm	14	False	fraction 0.22 < 0.75; dispersion 36.01 > 5.0; containment 0.17 < 0.5	-	single enzyme: no cross-enzyme consistency check available
S_8221232	GCF_001559795.1	s__Streptobacillus_hongkongensis	NA	NA	NA	0.1025641026	NA	NA	NA	0	NA	NA	NA	NA	0	1	0	-	NA	fixed	NA	none	0	False	containment 0.10 < 0.5; only 0/1 enzymes produced a fit; no PTR estimate	BcgI:only 1 windows after outlier trimming	no enzyme produced a usable estimate
S_8221232	GCF_001560895.1	s__Streptococcus_mitis_Q	NA	NA	NA	0.1505376344	NA	NA	NA	0	NA	NA	NA	NA	0	1	0	-	NA	fixed	NA	none	0	False	containment 0.15 < 0.5; only 0/1 enzymes produced a fit; no PTR estimate	BcgI:only 4 windows after outlier trimming	no enzyme produced a usable estimate
S_8221232	GCF_001578705.1	s__Streptococcus_oralis_J	NA	NA	NA	0.04166666667	NA	NA	NA	0	NA	NA	NA	NA	0	1	0	-	NA	fixed	NA	none	0	False	containment 0.04 < 0.5; only 0/1 enzymes produced a fit; no PTR estimate	BcgI:only 3 windows after outlier trimming	no enzyme produced a usable estimate
S_8221232	GCF_001578775.1	s__Streptococcus_cristatus_A	8.202903132	13.7727765	0.1745645646	0.1320754717	2.684552416	1.424681574	NA	261	0.9903783562	1.281897286	-1.087790938	3.937154086	1	1	1	BcgI	NA	fixed	1604069.372	glm	12	False	fraction 0.17 < 0.75; dispersion 13.77 > 5.0; containment 0.13 < 0.5	-	single enzyme: no cross-enzyme consistency check available
S_8221232	GCF_001578945.1	s__Streptococcus_oralis_Q	NA	NA	NA	0.004901960784	NA	NA	NA	0	NA	NA	NA	NA	0	1	0	-	NA	fixed	NA	none	0	False	containment 0.00 < 0.5; only 0/1 enzymes produced a fit; no PTR estimate	BcgI:only 1 windows after outlier trimming	no enzyme produced a usable estimate
S_8221232	GCF_001579035.1	s__Streptococcus_mitis_J	NA	NA	NA	0.0487804878	NA	NA	NA	0	NA	NA	NA	NA	0	1	0	-	NA	fixed	NA	none	0	False	containment 0.05 < 0.5; only 0/1 enzymes produced a fit; no PTR estimate	BcgI:only 3 windows after outlier trimming	no enzyme produced a usable estimate
S_8221232	GCF_001579045.1	s__Streptococcus_mitis_D	NA	NA	NA	0.08771929825	NA	NA	NA	0	NA	NA	NA	NA	0	1	0	-	NA	fixed	NA	none	0	False	containment 0.09 < 0.5; only 0/1 enzymes produced a fit; no PTR estimate	BcgI:only 4 windows after outlier trimming	no enzyme produced a usable estimate
S_8221232	GCF_001579095.1	s__Streptococcus_oralis_H	NA	NA	NA	0.08955223881	NA	NA	NA	0	NA	NA	NA	NA	0	1	0	-	NA	fixed	NA	none	0	False	containment 0.09 < 0.5; only 0/1 enzymes produced a fit; no PTR estimate	BcgI:only 2 windows after outlier trimming	no enzyme produced a usable estimate
S_8221232	GCF_001579175.1	s__Streptococcus_oralis_O	12.6152296	11.90953852	0.1345646946	0.1119402985	2.716182357	1.441580341	NA	102	0.9419674673	0.554608034	0.3545685691	2.528592114	1	1	1	BcgI	NA	fixed	736450.5256	glm	5	False	fraction 0.13 < 0.75; dispersion 11.91 > 5.0; containment 0.11 < 0.5	-	single enzyme: no cross-enzyme consistency check available
S_8221232	GCF_001579525.1	s__Streptococcus_oralis_M	NA	NA	NA	0.0612244898	NA	NA	NA	0	NA	NA	NA	NA	0	1	0	-	NA	fixed	NA	none	0	False	containment 0.06 < 0.5; only 0/1 enzymes produced a fit; no PTR estimate	BcgI:only 4 windows after outlier trimming	no enzyme produced a usable estimate
S_8221232	GCF_001579645.1	s__Streptococcus_infantis_E	4.019459067	1.696265771	0.2572853598	0.2	7.832254385	2.969427623	NA	86	0.9863625774	0.5880739443	1.816823872	4.122031374	1	1	1	BcgI	NA	fixed	697209.9283	glm	5	False	fraction 0.26 < 0.75; containment 0.20 < 0.5	-	single enzyme: no cross-enzyme consistency check available
S_8221232	GCF_001586195.1	s__Solibacillus_silvestris	NA	NA	NA	0	NA	NA	NA	0	NA	NA	NA	NA	0	1	0	-	NA	fixed	NA	none	0	False	containment 0.00 < 0.5; only 0/1 enzymes produced a fit; no PTR estimate	BcgI:only 0 windows after outlier trimming	no enzyme produced a usable estimate
S_8221232	GCF_001588645.1	s__Streptococcus_oralis_AB	NA	NA	NA	0.06666666667	NA	NA	NA	0	NA	NA	NA	NA	0	1	0	-	NA	fixed	NA	none	0	False	containment 0.07 < 0.5; only 0/1 enzymes produced a fit; no PTR estimate	BcgI:only 2 windows after outlier trimming	no enzyme produced a usable estimate
S_8221232	GCF_001588895.1	s__Streptococcus_sanguinis_H	32.76377873	53.92666995	0.2422990777	0.2090163934	7.664561074	2.938203176	NA	205	0.9990997239	1.03517969	0.9092882651	4.967118086	1	1	1	BcgI	NA	fixed	1901202.311	glm	11	False	fraction 0.24 < 0.75; dispersion 53.93 > 5.0; containment 0.21 < 0.5	-	single enzyme: no cross-enzyme consistency check available
S_8221232	GCF_001589145.1	s__Streptococcus_gordonii	4.338739762	4.776190476	0.1499605523	0.1344262295	3.470222225	1.795028053	NA	280	0.9872199305	0.764015361	0.2975854613	3.292470644	1	1	1	BcgI	NA	fixed	484362.2875	glm	13	False	fraction 0.15 < 0.75; containment 0.13 < 0.5	-	single enzyme: no cross-enzyme consistency check available
S_8221232	GCF_001592185.1	s__Neisseria_denitrificans	9.502853808	NA	0.1408333333	0.002858776444	2.301702735	1.202701521	NA	44	0.7019425487	1.769052021	-2.264576726	4.669979769	1	1	1	BcgI	NA	fixed	1660052.392	glm	5	False	fraction 0.14 < 0.75; containment 0.00 < 0.5	-	single enzyme: no cross-enzyme consistency check available
S_8221232	GCF_001592265.1	s__Hylemonella_delicata	NA	NA	NA	0.00122819946	NA	NA	NA	0	NA	NA	NA	NA	0	1	0	-	NA	fixed	NA	none	0	False	containment 0.00 < 0.5; only 0/1 enzymes produced a fit; no PTR estimate	BcgI:only 2 windows after outlier trimming	no enzyme produced a usable estimate
S_8221232	GCF_001597285.1	s__Pseudomonas_E_alcaligenes	NA	NA	NA	0.001755926251	NA	NA	NA	0	NA	NA	NA	NA	0	1	0	-	NA	fixed	NA	none	0	False	containment 0.00 < 0.5; only 0/1 enzymes produced a fit; no PTR estimate	BcgI:only 3 windows after outlier trimming	no enzyme produced a usable estimate
S_8221232	GCF_001618085.1	s__Neisseria_flavescens_C	73.26688796	140.3688427	0.3210395904	0.2107438017	2.192204969	1.132382695	NA	442	0.999712122	1.010818554	-0.8487852647	3.113550655	1	1	1	BcgI	NA	fixed	1262482.88	glm	30	False	fraction 0.32 < 0.75; dispersion 140.37 > 5.0; containment 0.21 < 0.5	-	single enzyme: no cross-enzyme consistency check available
S_8221232	GCF_001619955.1	s__Sphingomonas_hankookensis	NA	NA	NA	0	NA	NA	NA	0	NA	NA	NA	NA	0	1	0	-	NA	fixed	NA	none	0	False	containment 0.00 < 0.5; only 0/1 enzymes produced a fit; no PTR estimate	BcgI:only 0 windows after outlier trimming	no enzyme produced a usable estimate
S_8221232	GCF_001638925.1	s__Sphingomonas_aquatilis	NA	NA	NA	0.0001724732666	NA	NA	NA	0	NA	NA	NA	NA	0	1	0	-	NA	fixed	NA	none	0	False	containment 0.00 < 0.5; only 0/1 enzymes produced a fit; no PTR estimate	BcgI:only 0 windows after outlier trimming	no enzyme produced a usable estimate
S_8221232	GCF_001639395.1	s__Streptococcus_oralis_S	NA	NA	NA	0.04411764706	NA	NA	NA	0	NA	NA	NA	NA	0	1	0	-	NA	fixed	NA	none	0	False	containment 0.04 < 0.5; only 0/1 enzymes produced a fit; no PTR estimate	BcgI:only 2 windows after outlier trimming	no enzyme produced a usable estimate
S_8221232	GCF_001648355.1	s__Eikenella_longinqua	15.93824358	41.12231638	0.04855606365	0.01181877873	1444.813418	10.49666748	NA	405	0.9996932897	6.128652156	-1.515270019	22.50860498	1	1	1	BcgI	NA	fixed	1738653.972	glm	8	False	fraction 0.05 < 0.75; dispersion 41.12 > 5.0; containment 0.01 < 0.5	-	single enzyme: no cross-enzyme consistency check available
S_8221232	GCF_001648425.1	s__Eikenella_exigua	1.746325751	1.650290558	0.1370395882	0.1088631985	2.327071244	1.21851538	NA	804	0.8927221246	0.780537991	-0.311310971	2.748341731	1	1	1	BcgI	NA	fixed	1332765.986	glm	20	False	fraction 0.14 < 0.75; containment 0.11 < 0.5	-	single enzyme: no cross-enzyme consistency check available
S_8221232	GCF_001648475.1	s__Eikenella_halliae	3.649042894	8.125221787	0.164892465	0.1435768262	6.637964369	2.730740885	NA	980	0.9992810041	0.9285206054	0.9108739399	4.550607831	1	1	1	BcgI	NA	fixed	1559559.419	glm	25	False	fraction 0.16 < 0.75; dispersion 8.13 > 5.0; containment 0.14 < 0.5	-	single enzyme: no cross-enzyme consistency check available
S_8221232	GCF_001650315.1	s__Streptococcus_sp001650315	NA	NA	NA	0.07246376812	NA	NA	NA	0	NA	NA	NA	NA	0	1	0	-	NA	fixed	NA	none	0	False	containment 0.07 < 0.5; only 0/1 enzymes produced a fit; no PTR estimate	BcgI:only 4 windows after outlier trimming	no enzyme produced a usable estimate
S_8221232	GCF_001653935.1	s__Ralstonia_insidiosa	NA	NA	NA	0.0004879635654	NA	NA	NA	0	NA	NA	NA	NA	0	1	0	-	NA	fixed	NA	none	0	False	containment 0.00 < 0.5; only 0/1 enzymes produced a fit; no PTR estimate	BcgI:only 1 windows after outlier trimming	no enzyme produced a usable estimate
S_8221232	GCF_001665295.1	s__Mycobacterium_sp001665295	NA	NA	NA	0.0007314218841	NA	NA	NA	0	NA	NA	NA	NA	0	1	0	-	NA	fixed	NA	none	0	False	containment 0.00 < 0.5; only 0/1 enzymes produced a fit; no PTR estimate	BcgI:only 4 windows after outlier trimming	no enzyme produced a usable estimate
S_8221232	GCF_001665715.1	s__Gordonia_sputi	NA	NA	NA	0	NA	NA	NA	0	NA	NA	NA	NA	0	1	0	-	NA	fixed	NA	none	0	False	containment 0.00 < 0.5; only 0/1 enzymes produced a fit; no PTR estimate	BcgI:only 0 windows after outlier trimming	no enzyme produced a usable estimate
S_8221232	GCF_001665955.1	s__Corynebacterium_pseudodiphtheriticum	NA	NA	NA	0.0004518752824	NA	NA	NA	0	NA	NA	NA	NA	0	1	0	-	NA	fixed	NA	none	0	False	containment 0.00 < 0.5; only 0/1 enzymes produced a fit; no PTR estimate	BcgI:only 0 windows after outlier trimming	no enzyme produced a usable estimate
S_8221232	GCF_001679155.1	s__Moraxella_nonliquefaciens	NA	NA	NA	0	NA	NA	NA	0	NA	NA	NA	NA	0	1	0	-	NA	fixed	NA	none	0	False	containment 0.00 < 0.5; only 0/1 enzymes produced a fit; no PTR estimate	BcgI:only 0 windows after outlier trimming	no enzyme produced a usable estimate
S_8221232	GCF_001679325.1	s__Haemophilus_D_parainfluenzae	14.43671176	27.27849271	0.3528318535	0.2358803987	4.619483916	2.207731684	NA	273	0.9816424641	1.029681733	0.189592572	4.225870796	1	1	1	BcgI	NA	fixed	1366040.217	glm	14	False	fraction 0.35 < 0.75; dispersion 27.28 > 5.0; containment 0.24 < 0.5	-	single enzyme: no cross-enzyme consistency check available
S_8221232	GCF_001683335.1	s__Centipeda_sp001683335	2.093020102	1.576870206	0.02615384615	0.01165943601	7.081890529	2.824134543	NA	1300	0.9873976375	1.152265212	0.5657362261	5.08253286	1	1	1	BcgI	NA	fixed	995576.16	glm	13	False	fraction 0.03 < 0.75; containment 0.01 < 0.5	-	single enzyme: no cross-enzyme consistency check available
S_8221232	GCF_001683355.1	s__Prevotella_scopos	7.895485028	10.46274987	0.09456706282	0.07506361323	2.067292933	1.047742832	NA	608	0.9941543004	1.714753804	-2.313112867	4.40859853	1	1	1	BcgI	NA	fixed	995151.795	glm	20	False	fraction 0.09 < 0.75; dispersion 10.46 > 5.0; containment 0.08 < 0.5	-	single enzyme: no cross-enzyme consistency check available
S_8221232	GCF_001702075.1	s__Haemophilus_quentini	2.449487659	2.666666667	0.1909248737	0.03833865815	28.66998778	4.841469384	NA	91	0.8655940749	0.776155176	3.320233193	6.362705576	1	1	1	BcgI	NA	fixed	1516954.933	glm	8	False	fraction 0.19 < 0.75; containment 0.04 < 0.5	-	single enzyme: no cross-enzyme consistency check available
S_8221232	GCF_001717525.2	s__Tannerella_sp003033925	3.318403915	8.777896654	0.5010932945	0.4943181818	1.828000413	0.8702663962	NA	2072	0.9966566668	0.2366702039	0.4064013204	1.334131472	1	1	1	BcgI	NA	fixed	2711288.349	glm	21	False	fraction 0.50 < 0.75; dispersion 8.78 > 5.0; containment 0.49 < 0.5	-	single enzyme: no cross-enzyme consistency check available
S_8221232	GCF_001717585.1	s__Centipeda_sp001717585	2.307535214	1.959462229	0.03934978457	0.03282571912	2.177646816	1.122769988	NA	2311	0.9529407454	0.6354500373	-0.1226891993	2.368229175	1	1	1	BcgI	NA	fixed	567056.1075	glm	23	False	fraction 0.04 < 0.75; containment 0.03 < 0.5	-	single enzyme: no cross-enzyme consistency check available
S_8221232	GCF_001721245.1	s__Sphingobium_yanoikuyae	NA	NA	NA	0.0008724915867	NA	NA	NA	0	NA	NA	NA	NA	0	1	0	-	NA	fixed	NA	none	0	False	containment 0.00 < 0.5; only 0/1 enzymes produced a fit; no PTR estimate	BcgI:only 2 windows after outlier trimming	no enzyme produced a usable estimate
S_8221232	GCF_001807315.1	s__Corynebacterium_simulans	NA	NA	NA	0	NA	NA	NA	0	NA	NA	NA	NA	0	1	0	-	NA	fixed	NA	none	0	False	containment 0.00 < 0.5; only 0/1 enzymes produced a fit; no PTR estimate	BcgI:only 0 windows after outlier trimming	no enzyme produced a usable estimate
S_8221232	GCF_001807385.1	s__Brachybacterium_paraconglomeratum	NA	NA	NA	0.000693000693	NA	NA	NA	0	NA	NA	NA	NA	0	1	0	-	NA	fixed	NA	none	0	False	containment 0.00 < 0.5; only 0/1 enzymes produced a fit; no PTR estimate	BcgI:only 2 windows after outlier trimming	no enzyme produced a usable estimate
S_8221232	GCF_001808255.1	s__Neisseria_subflava_A	26.81920129	82.95304435	0.4582954231	0.3606557377	2.836960829	1.504346231	NA	394	0.9994690857	1.52051705	-1.475812425	4.484504886	1	1	1	BcgI	NA	fixed	1527266.636	glm	28	False	fraction 0.46 < 0.75; dispersion 82.95 > 5.0; containment 0.36 < 0.5	-	single enzyme: no cross-enzyme consistency check available
S_8221232	GCF_001808705.1	s__Streptococcus_sp001808705	7.302956278	7.261835749	0.4014880952	0.2479338843	4.620317463	2.207991983	NA	87	0.9976412059	1.484439256	-0.7014554966	5.117439462	1	1	1	BcgI	NA	fixed	1030417.648	glm	12	False	fraction 0.40 < 0.75; dispersion 7.26 > 5.0; containment 0.25 < 0.5	-	single enzyme: no cross-enzyme consistency check available
S_8221232	GCF_001808865.1	s__Streptococcus_sp001553685	6.56099581	10.64758196	0.3410119048	0.2380952381	43.19310055	5.432728977	NA	70	0.9976001038	2.285020786	0.9541705329	9.91128742	1	1	1	BcgI	NA	fixed	652586.71	glm	10	False	fraction 0.34 < 0.75; dispersion 10.65 > 5.0; containment 0.24 < 0.5	-	single enzyme: no cross-enzyme consistency check available
S_8221232	GCF_001808875.1	s__Neisseria_sicca_A	68.21510509	65.78637105	0.2355904894	0.1104972376	1.697473011	0.7633886369	NA	547	0.960774622	1.029100769	-1.253611807	2.780389081	1	1	1	BcgI	NA	fixed	1885320.518	glm	35	False	fraction 0.24 < 0.75; dispersion 65.79 > 5.0; containment 0.11 < 0.5	-	single enzyme: no cross-enzyme consistency check available
S_8221232	GCF_001809325.1	s__Neisseria_sp001809325	125.6501558	190.1818314	0.2925244193	0.1604538088	6.830283077	2.771945371	NA	393	0.9999784216	1.56488345	-0.2951698311	5.839060574	1	1	1	BcgI	NA	fixed	2015082.071	glm	44	False	fraction 0.29 < 0.75; dispersion 190.18 > 5.0; containment 0.16 < 0.5	-	single enzyme: no cross-enzyme consistency check available
S_8221232	GCF_001810035.1	s__Neisseria_subflava_C	83.04339286	153.2611279	0.274606281	0.2341356674	1.495141274	0.5802818095	NA	390	0.9974985299	0.9584247356	-1.298196154	2.458759773	1	1	1	BcgI	NA	fixed	1048760.302	glm	20	False	fraction 0.27 < 0.75; dispersion 153.26 > 5.0; containment 0.23 < 0.5	-	single enzyme: no cross-enzyme consistency check available
S_8221232	GCF_001810785.1	s__Streptococcus_sp001810785	10.492705	3.87654321	0.3886666667	0.1636363636	22.95299633	4.520610593	NA	38	0.9887959893	0.7236354908	3.102311093	5.938910093	1	1	1	BcgI	NA	fixed	595429.9817	glm	5	False	fraction 0.39 < 0.75; containment 0.16 < 0.5	-	single enzyme: no cross-enzyme consistency check available
S_8221232	GCF_001811505.1	s__Streptococcus_sp001811505	6.292050595	4.110360035	0.4197420635	0.1925925926	4.70533604	2.234297759	NA	63	0.9900149233	1.226792294	-0.1701709529	4.638766471	1	1	1	BcgI	NA	fixed	884943.9717	glm	12	False	fraction 0.42 < 0.75; containment 0.19 < 0.5	-	single enzyme: no cross-enzyme consistency check available
S_8221232	GCF_001812965.1	s__Actinomyces_oris_C	6.105624415	19.99033335	0.2760802488	0.1771561772	2.763312604	1.466398778	NA	1206	0.9986125955	0.8007675166	-0.1030767142	3.035874271	1	1	1	BcgI	NA	fixed	2059274.859	glm	41	False	fraction 0.28 < 0.75; dispersion 19.99 > 5.0; containment 0.18 < 0.5	-	single enzyme: no cross-enzyme consistency check available
S_8221232	GCF_001812975.1	s__Rothia_mucilaginosa	45.7040874	98.81846231	0.2654234779	0.240201005	1.548755527	0.6311094308	NA	840	0.9998640758	0.9208883226	-1.173798515	2.436017377	1	1	1	BcgI	NA	fixed	856286.7194	glm	30	False	fraction 0.27 < 0.75; dispersion 98.82 > 5.0; containment 0.24 < 0.5	-	single enzyme: no cross-enzyme consistency check available
S_8221232	GCF_001813205.1	s__Lancefieldella_rimae	1.325285653	0.8173109542	0.1089644754	0.0976076555	1.829720477	0.8716232671	NA	759	0.844072822	0.4126387766	0.06286612643	1.680380408	1	1	1	BcgI	NA	fixed	1540957.419	glm	19	False	fraction 0.11 < 0.75; containment 0.10 < 0.5	-	single enzyme: no cross-enzyme consistency check available
S_8221232	GCF_001813295.1	s__Streptococcus_parasanguinis_B	5.561652189	4.141814153	0.4737132667	0.2924528302	4.264176867	2.092267279	NA	179	0.9948058515	0.7944400328	0.5351934265	3.649341131	1	1	1	BcgI	NA	fixed	1964493.585	glm	14	False	fraction 0.47 < 0.75; containment 0.29 < 0.5	-	single enzyme: no cross-enzyme consistency check available
S_8221232	GCF_001814135.1	s__Neisseria_sp000952795	129.0924714	404.0056006	0.5143428439	0.233974359	2.553199971	1.352306536	NA	230	0.9998594251	1.944155737	-2.458168688	5.16278176	1	1	1	BcgI	NA	fixed	1453139.169	glm	31	False	fraction 0.51 < 0.75; dispersion 404.01 > 5.0; containment 0.23 < 0.5	-	single enzyme: no cross-enzyme consistency check available
S_8221232	GCF_001814145.1	s__Prevotella_conceptionensis	3.833093464	4.729742109	0.3178062172	0.2826710365	2.493992526	1.318457142	NA	2014	0.9984597922	0.5335410163	0.2727359653	2.364178318	1	1	1	BcgI	NA	fixed	2183486.03	glm	61	False	fraction 0.32 < 0.75; containment 0.28 < 0.5	-	single enzyme: no cross-enzyme consistency check available
S_8221232	GCF_001814295.1	s__Streptococcus_constellatus	2.012726881	1.426190476	0.08289245606	0.05333333333	1.378268128	0.4628565767	NA	150	0.6506783559	0.737778931	-0.9831635565	1.90887671	1	1	1	BcgI	NA	fixed	1430431.2	glm	7	False	fraction 0.08 < 0.75; containment 0.05 < 0.5	-	single enzyme: no cross-enzyme consistency check available
S_8221232	GCF_001814405.1	s__Lacticaseibacillus_rhamnosus	NA	NA	NA	0	NA	NA	NA	0	NA	NA	NA	NA	0	1	0	-	NA	fixed	NA	none	0	False	containment 0.00 < 0.5; only 0/1 enzymes produced a fit; no PTR estimate	BcgI:only 0 windows after outlier trimming	no enzyme produced a usable estimate
S_8221232	GCF_001814685.1	s__Prevotella_oris	2.454815132	1.605899243	0.3703351368	0.287755102	3.281292214	1.714264078	NA	1082	0.9955853872	0.4805015262	0.7724983924	2.656029764	1	1	1	BcgI	NA	fixed	2353466.173	glm	42	False	fraction 0.37 < 0.75; containment 0.29 < 0.5	-	single enzyme: no cross-enzyme consistency check available
S_8221232	GCF_001814775.1	s__Streptococcus_sp001814775	7.622221645	8.863872759	0.3617716493	0.2810810811	3.558006164	1.83106901	NA	174	0.9824700762	1.4048238	-0.9223350431	4.584473063	1	1	1	BcgI	NA	fixed	1511370.372	glm	17	False	fraction 0.36 < 0.75; dispersion 8.86 > 5.0; containment 0.28 < 0.5	-	single enzyme: no cross-enzyme consistency check available
S_8221232	GCF_001815355.1	s__Haemophilus_D_sp001815355	10.94019576	13.6171255	0.3804560932	0.3	12.10209426	3.597184821	NA	170	0.9993139031	1.260934613	1.125798392	6.06857125	1	1	1	BcgI	NA	fixed	1773118.449	glm	10	False	fraction 0.38 < 0.75; dispersion 13.62 > 5.0; containment 0.30 < 0.5	-	single enzyme: no cross-enzyme consistency check available
S_8221232	GCF_001815675.1	s__Neisseria_sp001815675	45.44624468	84.33819206	0.2654576538	0.1524249423	1.519773694	0.6038565109	NA	315	0.9721987737	1.397477336	-2.135148737	3.342861759	1	1	1	BcgI	NA	fixed	1081768.08	glm	27	False	fraction 0.27 < 0.75; dispersion 84.34 > 5.0; containment 0.15 < 0.5	-	single enzyme: no cross-enzyme consistency check available
S_8221232	GCF_001815715.1	s__Fusobacterium_polymorphum	NA	NA	NA	0.3076923077	NA	NA	NA	0	NA	NA	NA	NA	0	1	0	-	NA	fixed	NA	none	0	False	containment 0.31 < 0.5; only 0/1 enzymes produced a fit; no PTR estimate	BcgI:only 2 windows after outlier trimming	no enzyme produced a usable estimate
S_8221232	GCF_001815865.1	s__Abiotrophia_sp001815865	14.16898727	15.48713376	0.6046204628	0.4965197216	2.449967789	1.292762782	NA	356	0.9986729023	0.7950280882	-0.2654636379	2.850989201	1	1	1	BcgI	NA	fixed	1625479.193	glm	18	False	fraction 0.60 < 0.75; dispersion 15.49 > 5.0; containment 0.50 < 0.5	-	single enzyme: no cross-enzyme consistency check available
S_8221232	GCF_001836315.1	s__Neisseria_flavescens_A	43.37504861	67.08249084	0.3049934498	0.2265446224	3.53666984	1.822391545	NA	422	0.9999231046	1.01095928	-0.1590522339	3.803835324	1	1	1	BcgI	NA	fixed	1144576.16	glm	20	False	fraction 0.30 < 0.75; dispersion 67.08 > 5.0; containment 0.23 < 0.5	-	single enzyme: no cross-enzyme consistency check available
S_8221232	GCF_001837905.1	s__Streptococcus_sp900766505	4.330046267	4.109760993	0.2421428571	0.1485714286	1.673522189	0.74288768	NA	122	0.1918835935	2.185721321	-3.541047389	5.026822749	1	1	1	BcgI	NA	fixed	1540009.148	glm	8	False	fraction 0.24 < 0.75; containment 0.15 < 0.5	-	single enzyme: no cross-enzyme consistency check available
S_8221232	GCF_001929365.1	s__Actinomyces_oris	7.046302367	13.23808864	0.3625680358	0.3116970926	6.927513112	2.792337536	NA	1099	0.9999993948	0.9832761128	0.8651517684	4.719523304	1	1	1	BcgI	NA	fixed	1281296.388	glm	43	False	fraction 0.36 < 0.75; dispersion 13.24 > 5.0; containment 0.31 < 0.5	-	single enzyme: no cross-enzyme consistency check available
S_8221232	GCF_001937595.1	s__Actinomyces_naeslundii	6.717435191	16.26886158	0.5558654802	0.561722913	1.326471052	0.4075931914	NA	2004	0.9986792929	0.6486483967	-0.8637343047	1.678920688	1	1	1	BcgI	NA	fixed	399409.5267	glm	40	False	fraction 0.56 < 0.75; dispersion 16.27 > 5.0	-	single enzyme: no cross-enzyme consistency check available
S_8221232	GCF_001937655.1	s__Actinomyces_oris_B	11.53026949	9.540589876	0.1542717182	0.05982905983	2.058701126	1.0417344	NA	703	0.9919958226	0.8142011169	-0.5540704648	2.637539266	1	1	1	BcgI	NA	fixed	1840466.998	glm	49	False	fraction 0.15 < 0.75; dispersion 9.54 > 5.0; containment 0.06 < 0.5	-	single enzyme: no cross-enzyme consistency check available
S_8221232	GCF_001937665.1	s__Actinomyces_oris_D	14.78297854	19.13737905	0.1090126549	0.08180778032	4.289576679	2.100835281	NA	1290	0.990932751	0.9645446353	0.2103625343	3.991308028	1	1	1	BcgI	NA	fixed	2175766.958	glm	29	False	fraction 0.11 < 0.75; dispersion 19.14 > 5.0; containment 0.08 < 0.5	-	single enzyme: no cross-enzyme consistency check available
S_8221232	GCF_001937675.1	s__Actinomyces_oris_E	3.278050118	5.180358158	0.302138792	0.2795252226	2.620244756	1.38970158	NA	1233	0.9964837137	0.5122046607	0.3857988918	2.393604267	1	1	1	BcgI	NA	fixed	1128679.184	glm	36	False	fraction 0.30 < 0.75; dispersion 5.18 > 5.0; containment 0.28 < 0.5	-	single enzyme: no cross-enzyme consistency check available
S_8221232	GCF_001998825.1	s__Rodentibacter_mrazii	NA	NA	NA	0	NA	NA	NA	0	NA	NA	NA	NA	0	1	0	-	NA	fixed	NA	none	0	False	containment 0.00 < 0.5; only 0/1 enzymes produced a fit; no PTR estimate	BcgI:only 0 windows after outlier trimming	no enzyme produced a usable estimate
S_8221232	GCF_002005545.1	s__Streptococcus_mitis_I	NA	NA	NA	0.125	NA	NA	NA	0	NA	NA	NA	NA	0	1	0	-	NA	fixed	NA	none	0	False	containment 0.12 < 0.5; only 0/1 enzymes produced a fit; no PTR estimate	BcgI:only 2 windows after outlier trimming	no enzyme produced a usable estimate
S_8221232	GCF_002014765.1	s__Moraxella_C_lincolnii	NA	NA	NA	0	NA	NA	NA	0	NA	NA	NA	NA	0	1	0	-	NA	fixed	NA	none	0	False	containment 0.00 < 0.5; only 0/1 enzymes produced a fit; no PTR estimate	BcgI:only 0 windows after outlier trimming	no enzyme produced a usable estimate
S_8221232	GCF_002014795.1	s__Streptococcus_mitis_AQ	NA	NA	NA	0.05309734513	NA	NA	NA	0	NA	NA	NA	NA	0	1	0	-	NA	fixed	NA	none	0	False	containment 0.05 < 0.5; only 0/1 enzymes produced a fit; no PTR estimate	BcgI:only 3 windows after outlier trimming	no enzyme produced a usable estimate
S_8221232	GCF_002092855.1	s__Campylobacter_A_concisus_I	8.534473862	5.225714286	0.07992982456	0.07079646018	23.03153329	4.525538554	NA	234	0.9960769608	1.582435903	1.424021176	7.627055933	1	1	1	BcgI	NA	fixed	554219.0228	glm	10	False	fraction 0.08 < 0.75; dispersion 5.23 > 5.0; containment 0.07 < 0.5	-	single enzyme: no cross-enzyme consistency check available
S_8221232	GCF_002093515.1	s__Streptococcus_oralis_E	NA	NA	NA	0.02542372881	NA	NA	NA	0	NA	NA	NA	NA	0	1	0	-	NA	fixed	NA	none	0	False	containment 0.03 < 0.5; only 0/1 enzymes produced a fit; no PTR estimate	BcgI:only 2 windows after outlier trimming	no enzyme produced a usable estimate
S_8221232	GCF_002093545.1	s__Streptococcus_oralis_C	4.420130521	NA	0.1480568304	0.07317073171	3.887419079	1.958812644	NA	62	0.6879340494	1.605374574	-1.187663703	5.105288991	1	1	1	BcgI	NA	fixed	478975.1056	glm	7	False	fraction 0.15 < 0.75; containment 0.07 < 0.5	-	single enzyme: no cross-enzyme consistency check available
S_8221232	GCF_002093575.1	s__Streptococcus_oralis_W	NA	NA	NA	0.04	NA	NA	NA	0	NA	NA	NA	NA	0	1	0	-	NA	fixed	NA	none	0	False	containment 0.04 < 0.5; only 0/1 enzymes produced a fit; no PTR estimate	BcgI:only 3 windows after outlier trimming	no enzyme produced a usable estimate
S_8221232	GCF_002096335.1	s__Streptococcus_oralis_Z	68.61665134	43.91141184	0.1958644689	0.137254902	5.385440878	2.429064456	NA	77	0.9964644113	2.389394201	-2.254062124	7.112191035	1	1	1	BcgI	NA	fixed	1596329.247	glm	5	False	fraction 0.20 < 0.75; dispersion 43.91 > 5.0; containment 0.14 < 0.5	-	single enzyme: no cross-enzyme consistency check available
S_8221232	GCF_002096355.1	s__Streptococcus_oralis_T	NA	NA	NA	0.1262135922	NA	NA	NA	0	NA	NA	NA	NA	0	1	0	-	NA	fixed	NA	none	0	False	containment 0.13 < 0.5; only 0/1 enzymes produced a fit; no PTR estimate	BcgI:only 4 windows after outlier trimming	no enzyme produced a usable estimate
S_8221232	GCF_002096435.1	s__Streptococcus_oralis_AA	9.097192072	3.769230769	0.1097222222	0.07142857143	1.332712282	0.4143653525	NA	81	0.651441481	0.4169935394	-0.4029269665	1.231657671	1	1	1	BcgI	NA	fixed	446927.3139	glm	5	False	fraction 0.11 < 0.75; containment 0.07 < 0.5	-	single enzyme: no cross-enzyme consistency check available
S_8221232	GCF_002096445.1	s__Streptococcus_oralis_N	NA	NA	NA	0.1022727273	NA	NA	NA	0	NA	NA	NA	NA	0	1	0	-	NA	fixed	NA	none	0	False	containment 0.10 < 0.5; only 0/1 enzymes produced a fit; no PTR estimate	BcgI:only 4 windows after outlier trimming	no enzyme produced a usable estimate
S_8221232	GCF_002096595.1	s__Streptococcus_oralis_D	NA	NA	NA	0.1363636364	NA	NA	NA	0	NA	NA	NA	NA	0	1	0	-	NA	fixed	NA	none	0	False	containment 0.14 < 0.5; only 0/1 enzymes produced a fit; no PTR estimate	BcgI:only 4 windows after outlier trimming	no enzyme produced a usable estimate
S_8221232	GCF_002096615.1	s__Streptococcus_oralis_U	NA	NA	NA	0.07142857143	NA	NA	NA	0	NA	NA	NA	NA	0	1	0	-	NA	fixed	NA	none	0	False	containment 0.07 < 0.5; only 0/1 enzymes produced a fit; no PTR estimate	BcgI:only 4 windows after outlier trimming	no enzyme produced a usable estimate
S_8221232	GCF_002096685.1	s__Streptococcus_oralis_AD	NA	NA	NA	0.04109589041	NA	NA	NA	0	NA	NA	NA	NA	0	1	0	-	NA	fixed	NA	none	0	False	containment 0.04 < 0.5; only 0/1 enzymes produced a fit; no PTR estimate	BcgI:only 1 windows after outlier trimming	no enzyme produced a usable estimate
S_8221232	GCF_002096695.1	s__Streptococcus_dentisani	NA	NA	NA	0.06451612903	NA	NA	NA	0	NA	NA	NA	NA	0	1	0	-	NA	fixed	NA	none	0	False	containment 0.06 < 0.5; only 0/1 enzymes produced a fit; no PTR estimate	BcgI:only 3 windows after outlier trimming	no enzyme produced a usable estimate
S_8221232	GCF_002096815.1	s__Streptococcus_mitis_AD	NA	NA	NA	0.08860759494	NA	NA	NA	0	NA	NA	NA	NA	0	1	0	-	NA	fixed	NA	none	0	False	containment 0.09 < 0.5; only 0/1 enzymes produced a fit; no PTR estimate	BcgI:only 3 windows after outlier trimming	no enzyme produced a usable estimate
S_8221232	GCF_002096835.1	s__Streptococcus_mitis_W	NA	NA	NA	0.06557377049	NA	NA	NA	0	NA	NA	NA	NA	0	1	0	-	NA	fixed	NA	none	0	False	containment 0.07 < 0.5; only 0/1 enzymes produced a fit; no PTR estimate	BcgI:only 3 windows after outlier trimming	no enzyme produced a usable estimate
S_8221232	GCF_002096845.1	s__Streptococcus_mitis_A	60.28563876	310.3030303	0.2489795918	0.09523809524	19.53924637	4.288302918	NA	35	0.9997749466	1.796872664	0.7664972118	7.810108624	1	1	1	BcgI	NA	fixed	1308428.649	glm	7	False	fraction 0.25 < 0.75; dispersion 310.30 > 5.0; containment 0.10 < 0.5	-	single enzyme: no cross-enzyme consistency check available
S_8221232	GCF_002096855.1	s__Streptococcus_mitis_Y	NA	NA	NA	0.03703703704	NA	NA	NA	0	NA	NA	NA	NA	0	1	0	-	NA	fixed	NA	none	0	False	containment 0.04 < 0.5; only 0/1 enzymes produced a fit; no PTR estimate	BcgI:only 0 windows after outlier trimming	no enzyme produced a usable estimate
S_8221232	GCF_002096895.1	s__Streptococcus_mitis_AH	NA	NA	NA	0.01851851852	NA	NA	NA	0	NA	NA	NA	NA	0	1	0	-	NA	fixed	NA	none	0	False	containment 0.02 < 0.5; only 0/1 enzymes produced a fit; no PTR estimate	BcgI:only 1 windows after outlier trimming	no enzyme produced a usable estimate
S_8221232	GCF_002096925.1	s__Streptococcus_mitis_AF	NA	NA	NA	0.1333333333	NA	NA	NA	0	NA	NA	NA	NA	0	1	0	-	NA	fixed	NA	none	0	False	containment 0.13 < 0.5; only 0/1 enzymes produced a fit; no PTR estimate	BcgI:only 20 anchors (< 30)	no enzyme produced a usable estimate
S_8221232	GCF_002108505.1	s__Neisseria_dumasiana	NA	NA	NA	0.001795332136	NA	NA	NA	0	NA	NA	NA	NA	0	1	0	-	NA	fixed	NA	none	0	False	containment 0.00 < 0.5; only 0/1 enzymes produced a fit; no PTR estimate	BcgI:only 3 windows after outlier trimming	no enzyme produced a usable estimate
S_8221232	GCF_002108595.1	s__Neisseria_dentiae	NA	NA	NA	0.00456412597	NA	NA	NA	0	NA	NA	NA	NA	0	1	0	-	NA	fixed	NA	none	0	False	containment 0.00 < 0.5; only 0/1 enzymes produced a fit; no PTR estimate	BcgI:only 4 windows after outlier trimming	no enzyme produced a usable estimate
S_8221232	GCF_002127225.1	s__Sphingomonas_sp002127225	NA	NA	NA	0	NA	NA	NA	0	NA	NA	NA	NA	0	1	0	-	NA	fixed	NA	none	0	False	containment 0.00 < 0.5; only 0/1 enzymes produced a fit; no PTR estimate	BcgI:only 0 windows after outlier trimming	no enzyme produced a usable estimate
S_8221232	GCF_002197385.1	s__Streptococcus_agalactiae	NA	NA	NA	0	NA	NA	NA	0	NA	NA	NA	NA	0	1	0	-	NA	fixed	NA	none	0	False	containment 0.00 < 0.5; only 0/1 enzymes produced a fit; no PTR estimate	BcgI:only 0 windows after outlier trimming	no enzyme produced a usable estimate
S_8221232	GCF_002204455.1	s__Porphyromonas_gingivalis	NA	NA	NA	0.004156769596	NA	NA	NA	0	NA	NA	NA	NA	0	1	0	-	NA	fixed	NA	none	0	False	containment 0.00 < 0.5; only 0/1 enzymes produced a fit; no PTR estimate	BcgI:only 4 windows after outlier trimming	no enzyme produced a usable estimate
S_8221232	GCF_002204475.1	s__Prevotella_nigrescens	1.389804448	0.9548075128	0.1420250896	0.1373172282	1.196954683	0.2593685324	NA	1462	0.6795854631	0.3658231992	-0.4576317628	0.9763688277	1	1	1	BcgI	NA	fixed	446692.9758	glm	24	False	fraction 0.14 < 0.75; containment 0.14 < 0.5	-	single enzyme: no cross-enzyme consistency check available
S_8221232	GCF_002205845.1	s__Pelomonas_puraquae	NA	NA	NA	0.0002900652647	NA	NA	NA	0	NA	NA	NA	NA	0	1	0	-	NA	fixed	NA	none	0	False	containment 0.00 < 0.5; only 0/1 enzymes produced a fit; no PTR estimate	BcgI:only 1 windows after outlier trimming	no enzyme produced a usable estimate
S_8221232	GCF_002209185.2	s__Corynebacterium_amycolatum_A	NA	NA	NA	0	NA	NA	NA	0	NA	NA	NA	NA	0	1	0	-	NA	fixed	NA	none	0	False	containment 0.00 < 0.5; only 0/1 enzymes produced a fit; no PTR estimate	BcgI:only 0 windows after outlier trimming	no enzyme produced a usable estimate
S_8221232	GCF_002209445.1	s__Capnocytophaga_endodontalis	3.358636409	4.315058941	0.4510582011	0.4612831858	1.046954995	0.06619942766	NA	756	0.8671853444	0.4326923589	-0.7818620121	0.9142608675	1	1	1	BcgI	NA	fixed	220531.5875	glm	21	False	fraction 0.45 < 0.75; containment 0.46 < 0.5	-	single enzyme: no cross-enzyme consistency check available
S_8221232	GCF_002237445.1	s__Neisseria_sp002237445	2.513250699	18.4479758	0.113473483	0.112365895	75.78901791	6.243916907	NA	1631	0.9999999994	1.969963327	2.382859735	10.10497408	1	1	1	BcgI	NA	fixed	503961.8125	glm	23	False	fraction 0.11 < 0.75; dispersion 18.45 > 5.0; containment 0.11 < 0.5	-	single enzyme: no cross-enzyme consistency check available
S_8221232	GCF_002238135.1	s__Rothia_aeria	69.0509295	160.8112109	0.7793169973	0.7786206897	8.788017744e+22	76.21795587	NA	1442	1	0.3316092522	75.56801368	76.86789806	1	1	1	BcgI	NA	fixed	1444377.45	glm	30	False	dispersion 160.81 > 5.0	-	single enzyme: no cross-enzyme consistency check available
S_8221232	GCF_002243385.1	s__Mogibacterium_pumilum	4.394566347	0.2666666667	0.04449728261	0.01458080194	3.51455881	1.813343596	NA	247	0.8194244254	0.8299552753	0.1866611475	3.440026044	1	1	1	BcgI	NA	fixed	1113256.494	glm	8	False	fraction 0.04 < 0.75; containment 0.01 < 0.5	-	single enzyme: no cross-enzyme consistency check available
S_8221232	GCF_002259155.1	s__Rhodococcus_B_sp002259415	NA	NA	NA	0	NA	NA	NA	0	NA	NA	NA	NA	0	1	0	-	NA	fixed	NA	none	0	False	containment 0.00 < 0.5; only 0/1 enzymes produced a fit; no PTR estimate	BcgI:only 0 windows after outlier trimming	no enzyme produced a usable estimate
S_8221232	GCF_002259295.1	s__Rhodococcus_B_fascians	NA	NA	NA	0.000399880036	NA	NA	NA	0	NA	NA	NA	NA	0	1	0	-	NA	fixed	NA	none	0	False	containment 0.00 < 0.5; only 0/1 enzymes produced a fit; no PTR estimate	BcgI:only 0 windows after outlier trimming	no enzyme produced a usable estimate
S_8221232	GCF_002289925.1	s__Ligilactobacillus_salivarius	NA	NA	NA	0.03813559322	NA	NA	NA	0	NA	NA	NA	NA	0	1	0	-	NA	fixed	NA	none	0	False	containment 0.04 < 0.5; only 0/1 enzymes produced a fit; no PTR estimate	BcgI:only 3 windows after outlier trimming	no enzyme produced a usable estimate
S_8221232	GCF_002302595.1	s__Capnocytophaga_sputigena	4.168352381	5.790970917	0.481990691	0.4726651481	1.212175116	0.2775981317	NA	738	0.9817846925	0.3901281872	-0.4870390646	1.042235328	1	1	1	BcgI	NA	fixed	1163988.893	glm	21	False	fraction 0.48 < 0.75; dispersion 5.79 > 5.0; containment 0.47 < 0.5	-	single enzyme: no cross-enzyme consistency check available
S_8221232	GCF_002355895.1	s__Streptococcus_sp002355895	8.519353683	12.15221436	0.178	0.1796875	7.916953964	2.984945462	NA	128	0.9935912962	1.683565235	-0.3147817636	6.284672688	1	1	1	BcgI	NA	fixed	1480102.615	glm	5	False	fraction 0.18 < 0.75; dispersion 12.15 > 5.0; containment 0.18 < 0.5	-	single enzyme: no cross-enzyme consistency check available
S_8221232	GCF_002443115.1	s__Dermabacter_hominis	NA	NA	NA	0.0003021148036	NA	NA	NA	0	NA	NA	NA	NA	0	1	0	-	NA	fixed	NA	none	0	False	containment 0.00 < 0.5; only 0/1 enzymes produced a fit; no PTR estimate	BcgI:only 1 windows after outlier trimming	no enzyme produced a usable estimate
S_8221232	GCF_002551535.2	s__Neisseria_brasiliensis	11.96126756	10.5625	0.1677380952	0.004519774011	113.7789625	6.830090021	NA	56	0.9958292345	3.112512499	0.7296776215	12.93050242	1	1	1	BcgI	NA	fixed	1906546.104	glm	5	False	fraction 0.17 < 0.75; dispersion 10.56 > 5.0; containment 0.00 < 0.5	-	single enzyme: no cross-enzyme consistency check available
S_8221232	GCF_002763535.1	s__Prevotella_intermedia	1.264068176	0.7579351575	0.08210085934	0.07631055076	1.163501695	0.218473312	NA	1327	0.8630677652	0.5311110958	-0.8224853076	1.259431932	1	1	1	BcgI	NA	fixed	1997021.554	glm	22	False	fraction 0.08 < 0.75; containment 0.08 < 0.5	-	single enzyme: no cross-enzyme consistency check available
S_8221232	GCF_002763595.1	s__Fusobacterium_pseudoperiodonticum	NA	NA	NA	0.4545454545	NA	NA	NA	0	NA	NA	NA	NA	0	1	0	-	NA	fixed	NA	none	0	False	containment 0.45 < 0.5; only 0/1 enzymes produced a fit; no PTR estimate	BcgI:only 2 windows after outlier trimming	no enzyme produced a usable estimate
S_8221232	GCF_002803535.1	s__Ochrobactrum_A_pituitosum	2.084750305	NA	0.01	0.005090398455	1.608949282	0.6861188492	NA	500	0.6411697784	0.7025264093	-0.6908076113	2.06304531	1	1	1	BcgI	NA	fixed	178803.3133	glm	5	False	fraction 0.01 < 0.75; containment 0.01 < 0.5	-	single enzyme: no cross-enzyme consistency check available
S_8221232	GCF_002810365.1	s__Psychrobacter_sp002810365	NA	NA	NA	0	NA	NA	NA	0	NA	NA	NA	NA	0	1	0	-	NA	fixed	NA	none	0	False	containment 0.00 < 0.5; only 0/1 enzymes produced a fit; no PTR estimate	BcgI:only 0 windows after outlier trimming	no enzyme produced a usable estimate
S_8221232	GCF_002860865.1	s__Streptococcus_mitis_AT	19.19892349	9.418089817	0.2268051948	0.09278350515	26.20633711	4.711843816	NA	63	0.9951767703	1.5351462	1.703012552	7.720675079	1	1	1	BcgI	NA	fixed	31231.18444	glm	5	False	fraction 0.23 < 0.75; dispersion 9.42 > 5.0; containment 0.09 < 0.5	-	single enzyme: no cross-enzyme consistency check available
S_8221232	GCF_002860905.1	s__Streptococcus_oralis_BA	NA	NA	NA	0.1515151515	NA	NA	NA	0	NA	NA	NA	NA	0	1	0	-	NA	fixed	NA	none	0	False	containment 0.15 < 0.5; only 0/1 enzymes produced a fit; no PTR estimate	BcgI:only 4 windows after outlier trimming	no enzyme produced a usable estimate
S_8221232	GCF_002863305.1	s__Neisseria_perflava	65.50197955	111.9176176	0.3542574295	0.2997946612	4.628322249	2.210489316	NA	449	0.9999999095	0.7242721964	0.7909418965	3.630036736	1	1	1	BcgI	NA	fixed	1193828.45	glm	21	False	fraction 0.35 < 0.75; dispersion 111.92 > 5.0; containment 0.30 < 0.5	-	single enzyme: no cross-enzyme consistency check available
S_8221232	GCF_002869785.1	s__Tsukamurella_tyrosinosolvens	NA	NA	NA	0	NA	NA	NA	0	NA	NA	NA	NA	0	1	0	-	NA	fixed	NA	none	0	False	containment 0.00 < 0.5; only 0/1 enzymes produced a fit; no PTR estimate	BcgI:only 0 windows after outlier trimming	no enzyme produced a usable estimate
S_8221232	GCF_002871975.1	s__Actinomyces_graevenitzii	14.36729814	29.48669056	0.5392094445	0.5358744395	2.325761957	1.217703444	NA	864	0.999963046	0.5274057985	0.1840070733	2.251399814	1	1	1	BcgI	NA	fixed	1907635.722	glm	27	False	fraction 0.54 < 0.75; dispersion 29.49 > 5.0	-	single enzyme: no cross-enzyme consistency check available
S_8221232	GCF_002884635.1	s__Prevotella_buccalis	NA	NA	NA	0.004874651811	NA	NA	NA	0	NA	NA	NA	NA	0	1	0	-	NA	fixed	NA	none	0	False	containment 0.00 < 0.5; only 0/1 enzymes produced a fit; no PTR estimate	BcgI:only 3 windows after outlier trimming	no enzyme produced a usable estimate
S_8221232	GCF_002894165.1	s__Prevotella_timonensis	NA	NA	NA	0.002361275089	NA	NA	NA	0	NA	NA	NA	NA	0	1	0	-	NA	fixed	NA	none	0	False	containment 0.00 < 0.5; only 0/1 enzymes produced a fit; no PTR estimate	BcgI:only 1 windows after outlier trimming	no enzyme produced a usable estimate
S_8221232	GCF_002906715.1	s__Pseudomonas_E_sp002843585	NA	NA	NA	0	NA	NA	NA	0	NA	NA	NA	NA	0	1	0	-	NA	fixed	NA	none	0	False	containment 0.00 < 0.5; only 0/1 enzymes produced a fit; no PTR estimate	BcgI:only 0 windows after outlier trimming	no enzyme produced a usable estimate
S_8221232	GCF_002907185.1	s__Fructilactobacillus_sanfranciscensis	NA	NA	NA	0	NA	NA	NA	0	NA	NA	NA	NA	0	1	0	-	NA	fixed	NA	none	0	False	containment 0.00 < 0.5; only 0/1 enzymes produced a fit; no PTR estimate	BcgI:only 0 windows after outlier trimming	no enzyme produced a usable estimate
S_8221232	GCF_002912505.1	s__Campylobacter_A_concisus_T	4.576716812	3.355918734	0.4242043088	0.2222222222	1.437182297	0.5232430696	NA	130	0.7020454935	0.8665985591	-1.175258895	2.221745035	1	1	1	BcgI	NA	fixed	1369610.698	glm	17	False	fraction 0.42 < 0.75; containment 0.22 < 0.5	-	single enzyme: no cross-enzyme consistency check available
S_8221232	GCF_002914085.1	s__Campylobacter_A_concisus_R	5.333614379	5.003090513	0.3816574151	0.2445255474	7.461214142	2.899410415	NA	204	0.9971182594	1.303517627	0.344562813	5.454258017	1	1	1	BcgI	NA	fixed	966895.7958	glm	19	False	fraction 0.38 < 0.75; dispersion 5.00 > 5.0; containment 0.24 < 0.5	-	single enzyme: no cross-enzyme consistency check available
S_8221232	GCF_002934005.1	s__Cuspidothrix_issatschenkoi	NA	NA	NA	0	NA	NA	NA	0	NA	NA	NA	NA	0	1	0	-	NA	fixed	NA	none	0	False	containment 0.00 < 0.5; only 0/1 enzymes produced a fit; no PTR estimate	BcgI:only 0 windows after outlier trimming	no enzyme produced a usable estimate
S_8221232	GCF_002948535.1	s__Enterococcus_faecalis	2.084750305	NA	0.07078282828	0.02119205298	8.662946651	3.114857833	NA	88	0.6498510546	0.4087494099	2.313723711	3.915991955	1	1	1	BcgI	NA	fixed	1726648.642	glm	5	False	fraction 0.07 < 0.75; containment 0.02 < 0.5	-	single enzyme: no cross-enzyme consistency check available
S_8221232	GCF_002951835.1	s__Simonsiella_muelleri	1.40590802	0.7442418216	0.1646634615	0.1701701702	2.26280852	1.178114508	NA	921	0.9404504846	0.3238904849	0.5433008227	1.812928193	1	1	1	BcgI	NA	fixed	1021481.475	glm	24	False	fraction 0.16 < 0.75; containment 0.17 < 0.5	-	single enzyme: no cross-enzyme consistency check available
S_8221232	GCF_002959755.1	s__Veillonella_sp002959755	NA	NA	NA	0.1449275362	NA	NA	NA	0	NA	NA	NA	NA	0	1	0	-	NA	fixed	NA	none	0	False	containment 0.14 < 0.5; only 0/1 enzymes produced a fit; no PTR estimate	BcgI:only 4 windows after outlier trimming	no enzyme produced a usable estimate
S_8221232	GCF_002959835.1	s__Veillonella_rogosae	6.791019251	10.31406339	0.3864874276	0.3693045564	1.78514862	0.8360441889	NA	338	0.953546441	0.6743750669	-0.4857066542	2.157795032	1	1	1	BcgI	NA	fixed	1377187.031	glm	16	False	fraction 0.39 < 0.75; dispersion 10.31 > 5.0; containment 0.37 < 0.5	-	single enzyme: no cross-enzyme consistency check available
S_8221232	GCF_002959855.1	s__Veillonella_denticariosi	NA	NA	NA	0	NA	NA	NA	0	NA	NA	NA	NA	0	1	0	-	NA	fixed	NA	none	0	False	containment 0.00 < 0.5; only 0/1 enzymes produced a fit; no PTR estimate	BcgI:only 0 windows after outlier trimming	no enzyme produced a usable estimate
S_8221232	GCF_002959875.1	s__Veillonella_infantium	7.668441474	6.308139573	0.298639783	0.1916666667	3.906572187	1.965903273	NA	233	0.991392217	1.144002258	-0.2762999518	4.208106498	1	1	1	BcgI	NA	fixed	445511.975	glm	13	False	fraction 0.30 < 0.75; dispersion 6.31 > 5.0; containment 0.19 < 0.5	-	single enzyme: no cross-enzyme consistency check available
S_8221232	GCF_002984015.1	s__Haemophilus_influenzae_D	5.30407945	3.733333333	0.1125898793	0.04633204633	1.724802037	0.786430787	NA	89	0.717931815	0.9548899111	-1.085119048	2.657980622	1	1	1	BcgI	NA	fixed	255937.6444	glm	6	False	fraction 0.11 < 0.75; containment 0.05 < 0.5	-	single enzyme: no cross-enzyme consistency check available
S_8221232	GCF_002984725.1	s__Haemophilus_influenzae_E	NA	NA	NA	0.009345794393	NA	NA	NA	0	NA	NA	NA	NA	0	1	0	-	NA	fixed	NA	none	0	False	containment 0.01 < 0.5; only 0/1 enzymes produced a fit; no PTR estimate	BcgI:only 1 windows after outlier trimming	no enzyme produced a usable estimate
S_8221232	GCF_002989575.1	s__Haemophilus_influenzae_F	3.057467728	1.090909091	0.337962963	0.07051282051	11.24270532	3.490917326	NA	36	0.893361917	1.600232086	0.3545200706	6.627314581	1	1	1	BcgI	NA	fixed	1521036.261	glm	6	False	fraction 0.34 < 0.75; containment 0.07 < 0.5	-	single enzyme: no cross-enzyme consistency check available
S_8221232	GCF_002999035.1	s__W11650_sp002999035	NA	NA	NA	0.004152249135	NA	NA	NA	0	NA	NA	NA	NA	0	1	0	-	NA	fixed	NA	none	0	False	containment 0.00 < 0.5; only 0/1 enzymes produced a fit; no PTR estimate	BcgI:only 2 windows after outlier trimming	no enzyme produced a usable estimate
S_8221232	GCF_002999135.1	s__Capnocytophaga_sp002999135	7.000017716	5.499338624	0.07692307692	0.02587519026	23.92531804	4.580466198	NA	182	0.9928465918	2.390494354	-0.1048166407	9.265749036	1	1	1	BcgI	NA	fixed	877288.31	glm	7	False	fraction 0.08 < 0.75; dispersion 5.50 > 5.0; containment 0.03 < 0.5	-	single enzyme: no cross-enzyme consistency check available
S_8221232	GCF_002999235.1	s__Actinomyces_sp002999235	1.623090336	0.8312857551	0.05933515483	0.05855562785	1.417855751	0.5037107637	NA	1231	0.6668768734	0.6575123461	-0.784989754	1.792411281	1	1	1	BcgI	NA	fixed	2135042.032	glm	20	False	fraction 0.06 < 0.75; containment 0.06 < 0.5	-	single enzyme: no cross-enzyme consistency check available
S_8221232	GCF_002999515.1	s__Streptococcus_anginosus_C	NA	NA	NA	0.005899705015	NA	NA	NA	0	NA	NA	NA	NA	0	1	0	-	NA	fixed	NA	none	0	False	containment 0.01 < 0.5; only 0/1 enzymes produced a fit; no PTR estimate	BcgI:only 1 windows after outlier trimming	no enzyme produced a usable estimate
S_8221232	GCF_003008575.1	s__SC2-9_sp003008575	NA	NA	NA	0.001179245283	NA	NA	NA	0	NA	NA	NA	NA	0	1	0	-	NA	fixed	NA	none	0	False	containment 0.00 < 0.5; only 0/1 enzymes produced a fit; no PTR estimate	BcgI:only 3 windows after outlier trimming	no enzyme produced a usable estimate
S_8221232	GCF_003013245.1	s__Neisseria_iguanae	160.7157051	NA	0.04933147933	0.002917152859	263.535569	8.041853883	NA	123	0.9986985897	0.6297985962	6.807471317	9.276236449	1	1	1	BcgI	NA	fixed	1948640.911	glm	5	False	fraction 0.05 < 0.75; containment 0.00 < 0.5	-	single enzyme: no cross-enzyme consistency check available
S_8221232	GCF_003043925.1	s__Prevotella_sp003043925	NA	NA	NA	0.001907183725	NA	NA	NA	0	NA	NA	NA	NA	0	1	0	-	NA	fixed	NA	none	0	False	containment 0.00 < 0.5; only 0/1 enzymes produced a fit; no PTR estimate	BcgI:only 1 windows after outlier trimming	no enzyme produced a usable estimate
S_8221232	GCF_003043935.1	s__Prevotella_jejuni	8.366850911	11.58746483	0.4419975186	0.4398797595	1.481280556	0.5668449147	NA	920	0.9963376465	0.3693424308	-0.1570529475	1.290742777	1	1	1	BcgI	NA	fixed	1868626.424	glm	24	False	fraction 0.44 < 0.75; dispersion 11.59 > 5.0; containment 0.44 < 0.5	-	single enzyme: no cross-enzyme consistency check available
S_8221232	GCF_003043945.1	s__Prevotella_sp003043945	NA	NA	NA	0.002665245203	NA	NA	NA	0	NA	NA	NA	NA	0	1	0	-	NA	fixed	NA	none	0	False	containment 0.00 < 0.5; only 0/1 enzymes produced a fit; no PTR estimate	BcgI:only 0 windows after outlier trimming	no enzyme produced a usable estimate
S_8221232	GCF_003043955.1	s__F0428_sp003043955	1.527638865	0.5173469388	0.07209746775	0.0487804878	1.951422092	0.9645258662	NA	292	0.6904152657	0.6059963978	-0.2232052482	2.152256981	1	1	1	BcgI	NA	fixed	1612627.098	glm	11	False	fraction 0.07 < 0.75; containment 0.05 < 0.5	-	single enzyme: no cross-enzyme consistency check available
S_8221232	GCF_003044425.1	s__Neisseria_sicca_C	45.29771379	123.3592337	0.2046909844	0.1836734694	1.23138038	0.3002764865	NA	375	0.6380984647	1.11829503	-1.891541496	2.492094469	1	1	1	BcgI	NA	fixed	2108104.493	glm	19	False	fraction 0.20 < 0.75; dispersion 123.36 > 5.0; containment 0.18 < 0.5	-	single enzyme: no cross-enzyme consistency check available
S_8221232	GCF_003044485.1	s__Neisseria_bergeri	11.91638732	8.245378151	0.07774888319	0.04761904762	4.321555688	2.111550752	NA	432	0.98545879	1.498259606	-0.8249841147	5.048085619	1	1	1	BcgI	NA	fixed	316733.7	glm	19	False	fraction 0.08 < 0.75; dispersion 8.25 > 5.0; containment 0.05 < 0.5	-	single enzyme: no cross-enzyme consistency check available
S_8221232	GCF_003044645.1	s__Neisseria_subflava_B	66.42155832	58.61304178	0.1833248656	0.1765913758	1.637590782	0.7115748862	NA	456	0.9960780168	0.7289576877	-0.7171559279	2.1403057	1	1	1	BcgI	NA	fixed	1995095.722	glm	20	False	fraction 0.18 < 0.75; dispersion 58.61 > 5.0; containment 0.18 < 0.5	-	single enzyme: no cross-enzyme consistency check available
S_8221232	GCF_003044905.1	s__Neisseria_weaveri	NA	NA	NA	0.0006788866259	NA	NA	NA	0	NA	NA	NA	NA	0	1	0	-	NA	fixed	NA	none	0	False	containment 0.00 < 0.5; only 0/1 enzymes produced a fit; no PTR estimate	BcgI:only 0 windows after outlier trimming	no enzyme produced a usable estimate
S_8221232	GCF_003048595.1	s__Campylobacter_A_concisus_L	2.721335856	2.890104167	0.1094653124	0.08130081301	7.565101609	2.91935946	NA	269	0.9890539104	1.131945211	0.7007876131	5.137931307	1	1	1	BcgI	NA	fixed	465027.1389	glm	11	False	fraction 0.11 < 0.75; containment 0.08 < 0.5	-	single enzyme: no cross-enzyme consistency check available
S_8221232	GCF_003048835.1	s__Campylobacter_A_concisus_D	3.090363174	0.9387045054	0.2127724691	0.1375838926	2.105679327	1.074285745	NA	227	0.7893991426	0.9110608025	-0.7113606151	2.859932106	1	1	1	BcgI	NA	fixed	1477711.388	glm	13	False	fraction 0.21 < 0.75; containment 0.14 < 0.5	-	single enzyme: no cross-enzyme consistency check available
S_8221232	GCF_003053105.1	s__Limosilactobacillus_fermentum	NA	NA	NA	0	NA	NA	NA	0	NA	NA	NA	NA	0	1	0	-	NA	fixed	NA	none	0	False	containment 0.00 < 0.5; only 0/1 enzymes produced a fit; no PTR estimate	BcgI:only 0 windows after outlier trimming	no enzyme produced a usable estimate
S_8221232	GCF_003056725.1	s__Mangrovicoccus_ximenensis	NA	NA	NA	0.0001291489087	NA	NA	NA	0	NA	NA	NA	NA	0	1	0	-	NA	fixed	NA	none	0	False	containment 0.00 < 0.5; only 0/1 enzymes produced a fit; no PTR estimate	BcgI:only 1 windows after outlier trimming	no enzyme produced a usable estimate
S_8221232	GCF_003096815.1	s__Prevotella_colorans	NA	NA	NA	0.005800464037	NA	NA	NA	0	NA	NA	NA	NA	0	1	0	-	NA	fixed	NA	none	0	False	containment 0.01 < 0.5; only 0/1 enzymes produced a fit; no PTR estimate	BcgI:only 2 windows after outlier trimming	no enzyme produced a usable estimate
S_8221232	GCF_003124035.1	s__Kocuria_rosea	NA	NA	NA	0.003456619426	NA	NA	NA	0	NA	NA	NA	NA	0	1	0	-	NA	fixed	NA	none	0	False	containment 0.00 < 0.5; only 0/1 enzymes produced a fit; no PTR estimate	BcgI:only 2 windows after outlier trimming	no enzyme produced a usable estimate
S_8221232	GCF_003129965.1	s__Aggregatibacter_kilianii_A	NA	NA	NA	0.005369127517	NA	NA	NA	0	NA	NA	NA	NA	0	1	0	-	NA	fixed	NA	none	0	False	containment 0.01 < 0.5; only 0/1 enzymes produced a fit; no PTR estimate	BcgI:only 4 windows after outlier trimming	no enzyme produced a usable estimate
S_8221232	GCF_003130075.1	s__Aggregatibacter_segnis_A	7.042765433	8.220480049	0.1722059442	0.1605839416	3.132601306	1.647361166	NA	517	0.9956505984	0.6441170326	0.3849149802	2.909807352	1	1	1	BcgI	NA	fixed	967992.1131	glm	22	False	fraction 0.17 < 0.75; dispersion 8.22 > 5.0; containment 0.16 < 0.5	-	single enzyme: no cross-enzyme consistency check available
S_8221232	GCF_003182235.1	s__Phyllobacterium_myrsinacearum	NA	NA	NA	0	NA	NA	NA	0	NA	NA	NA	NA	0	1	0	-	NA	fixed	NA	none	0	False	containment 0.00 < 0.5; only 0/1 enzymes produced a fit; no PTR estimate	BcgI:only 0 windows after outlier trimming	no enzyme produced a usable estimate
S_8221232	GCF_003201255.1	s__Pantoea_ananatis	NA	NA	NA	0	NA	NA	NA	0	NA	NA	NA	NA	0	1	0	-	NA	fixed	NA	none	0	False	containment 0.00 < 0.5; only 0/1 enzymes produced a fit; no PTR estimate	BcgI:only 0 windows after outlier trimming	no enzyme produced a usable estimate
S_8221232	GCF_003252645.1	s__Aggregatibacter_segnis	7.259303145	8.055465905	0.177916004	0.1669626998	1.836370153	0.8768568886	NA	561	0.9866372995	0.7658262621	-0.6241350035	2.377848781	1	1	1	BcgI	NA	fixed	970518.0886	glm	26	False	fraction 0.18 < 0.75; dispersion 8.06 > 5.0; containment 0.17 < 0.5	-	single enzyme: no cross-enzyme consistency check available
S_8221232	GCF_003252725.1	s__Haemophilus_D_parainfluenzae_L	8.327719524	11.00509024	0.2660061841	0.1829787234	5.224084405	2.385178207	NA	220	0.9936798164	0.7607672449	0.8941018058	3.876254607	1	1	1	BcgI	NA	fixed	954393.3528	glm	14	False	fraction 0.27 < 0.75; dispersion 11.01 > 5.0; containment 0.18 < 0.5	-	single enzyme: no cross-enzyme consistency check available
S_8221232	GCF_003252795.1	s__Haemophilus_D_parainfluenzae_K	19.07644762	17.63888853	0.2891772564	0.2958333333	3.343890456	1.741527586	NA	213	0.9966676208	0.9726032456	-0.1647397465	3.647794919	1	1	1	BcgI	NA	fixed	789421.0953	glm	9	False	fraction 0.29 < 0.75; dispersion 17.64 > 5.0; containment 0.30 < 0.5	-	single enzyme: no cross-enzyme consistency check available
S_8221232	GCF_003252835.1	s__Aggregatibacter_kilianii	3.023654222	1.753015873	0.06921296296	0.02757619739	2.03449839	1.024673139	NA	250	0.7727132375	1.259185069	-1.443284246	3.492630524	1	1	1	BcgI	NA	fixed	1683711.876	glm	10	False	fraction 0.07 < 0.75; containment 0.03 < 0.5	-	single enzyme: no cross-enzyme consistency check available
S_8221232	GCF_003263915.2	s__Dolosigranulum_pigrum	NA	NA	NA	0.001739130435	NA	NA	NA	0	NA	NA	NA	NA	0	1	0	-	NA	fixed	NA	none	0	False	containment 0.00 < 0.5; only 0/1 enzymes produced a fit; no PTR estimate	BcgI:only 1 windows after outlier trimming	no enzyme produced a usable estimate
S_8221232	GCF_003345135.1	s__Acidovorax_defluvii	NA	NA	NA	0	NA	NA	NA	0	NA	NA	NA	NA	0	1	0	-	NA	fixed	NA	none	0	False	containment 0.00 < 0.5; only 0/1 enzymes produced a fit; no PTR estimate	BcgI:only 0 windows after outlier trimming	no enzyme produced a usable estimate
S_8221232	GCF_003428885.1	s__Streptococcus_sp003428885	NA	NA	NA	0.0641025641	NA	NA	NA	0	NA	NA	NA	NA	0	1	0	-	NA	fixed	NA	none	0	False	containment 0.06 < 0.5; only 0/1 enzymes produced a fit; no PTR estimate	BcgI:only 4 windows after outlier trimming	no enzyme produced a usable estimate
S_8221232	GCF_003433295.1	s__Eubacterium_A_minutum	NA	NA	NA	0	NA	NA	NA	0	NA	NA	NA	NA	0	1	0	-	NA	fixed	NA	none	0	False	containment 0.00 < 0.5; only 0/1 enzymes produced a fit; no PTR estimate	BcgI:only 0 windows after outlier trimming	no enzyme produced a usable estimate
S_8221232	GCF_003463825.1	s__Veillonella_sp003463825	12.29525436	3.895012626	0.4772619048	0.2444444444	2.628536036	1.394259514	NA	75	0.9937274624	0.8693010356	-0.3095392077	3.098058235	1	1	1	BcgI	NA	fixed	1343913.04	glm	20	False	fraction 0.48 < 0.75; containment 0.24 < 0.5	-	single enzyme: no cross-enzyme consistency check available
S_8221232	GCF_003464005.1	s__Veillonella_parvula_A	6.039878758	5.736875852	0.6859457311	0.523364486	2.026106842	1.018710253	NA	287	0.9879309259	0.6405361236	-0.23671748	2.274137986	1	1	1	BcgI	NA	fixed	384010.2222	glm	58	False	fraction 0.69 < 0.75; dispersion 5.74 > 5.0	-	single enzyme: no cross-enzyme consistency check available
S_8221232	GCF_003490595.1	s__Haemophilus_haemolyticus_I	13.36248853	40.26466245	0.08880636406	0.05668016194	1393.576733	10.44457673	NA	178	0.9984327581	1.625207803	7.259227965	13.62992549	1	1	1	BcgI	NA	fixed	524156.325	glm	9	False	fraction 0.09 < 0.75; dispersion 40.26 > 5.0; containment 0.06 < 0.5	-	single enzyme: no cross-enzyme consistency check available
S_8221232	GCF_003492425.1	s__Neisseria_lactamica	13.8523457	30.17549464	0.1144487223	0.07454289733	3.565185546	1.833977162	NA	391	0.9962748374	1.601255364	-1.304425682	4.972380006	1	1	1	BcgI	NA	fixed	2235698.901	glm	13	False	fraction 0.11 < 0.75; dispersion 30.18 > 5.0; containment 0.07 < 0.5	-	single enzyme: no cross-enzyme consistency check available
S_8221232	GCF_003493605.1	s__Haemophilus_haemolyticus_J	NA	NA	NA	0.02985074627	NA	NA	NA	0	NA	NA	NA	NA	0	1	0	-	NA	fixed	NA	none	0	False	containment 0.03 < 0.5; only 0/1 enzymes produced a fit; no PTR estimate	BcgI:only 3 windows after outlier trimming	no enzyme produced a usable estimate
S_8221232	GCF_003570845.1	s__Allisonella_pneumosintes	NA	NA	NA	0	NA	NA	NA	0	NA	NA	NA	NA	0	1	0	-	NA	fixed	NA	none	0	False	containment 0.00 < 0.5; only 0/1 enzymes produced a fit; no PTR estimate	BcgI:only 0 windows after outlier trimming	no enzyme produced a usable estimate
S_8221232	GCF_003603405.1	s__Streptococcus_koreensis	3.380242642	6.72196069	0.5184156497	0.5216138329	1.397173118	0.4825107906	NA	346	0.9111880124	0.5210598244	-0.538747699	1.50376928	1	1	1	BcgI	NA	fixed	626778.77	glm	15	False	fraction 0.52 < 0.75; dispersion 6.72 > 5.0	-	single enzyme: no cross-enzyme consistency check available
S_8221232	GCF_003609775.1	s__Prevotella_melaninogenica_A	6.307657888	8.921004498	0.1960591403	0.1655450875	2.188379122	1.129862697	NA	743	0.9861136893	0.803136622	-0.444256157	2.70398155	1	1	1	BcgI	NA	fixed	1441432.417	glm	26	False	fraction 0.20 < 0.75; dispersion 8.92 > 5.0; containment 0.17 < 0.5	-	single enzyme: no cross-enzyme consistency check available
S_8221232	GCF_003627155.1	s__Streptococcus_gwangjuense	NA	NA	NA	0.04166666667	NA	NA	NA	0	NA	NA	NA	NA	0	1	0	-	NA	fixed	NA	none	0	False	containment 0.04 < 0.5; only 0/1 enzymes produced a fit; no PTR estimate	BcgI:only 1 windows after outlier trimming	no enzyme produced a usable estimate
S_8221232	GCF_003660455.1	s__Nocardioides_sp003660455	NA	NA	NA	0	NA	NA	NA	0	NA	NA	NA	NA	0	1	0	-	NA	fixed	NA	none	0	False	containment 0.00 < 0.5; only 0/1 enzymes produced a fit; no PTR estimate	BcgI:only 0 windows after outlier trimming	no enzyme produced a usable estimate
S_8221232	GCF_003710825.1	s__Brevibacillus_D_fluminis	NA	NA	NA	0	NA	NA	NA	0	NA	NA	NA	NA	0	1	0	-	NA	fixed	NA	none	0	False	containment 0.00 < 0.5; only 0/1 enzymes produced a fit; no PTR estimate	BcgI:only 0 windows after outlier trimming	no enzyme produced a usable estimate
S_8221232	GCF_003710885.1	s__Brevibacillus_agri	NA	NA	NA	0	NA	NA	NA	0	NA	NA	NA	NA	0	1	0	-	NA	fixed	NA	none	0	False	containment 0.00 < 0.5; only 0/1 enzymes produced a fit; no PTR estimate	BcgI:only 0 windows after outlier trimming	no enzyme produced a usable estimate
S_8221232	GCF_003790445.1	s__Neisseria_chenwenguii	NA	NA	NA	0.001465559355	NA	NA	NA	0	NA	NA	NA	NA	0	1	0	-	NA	fixed	NA	none	0	False	containment 0.00 < 0.5; only 0/1 enzymes produced a fit; no PTR estimate	BcgI:only 1 windows after outlier trimming	no enzyme produced a usable estimate
S_8221232	GCF_003797385.1	s__Arachnia_propionica	0.9545285805	3.646614597	0.1392307692	0.1384313725	1.41861613	0.5044842566	NA	2550	0.9429957325	0.3981404466	-0.2758566795	1.284825193	1	1	1	BcgI	NA	fixed	1773255.802	glm	26	False	coverage 0.95 < 1.0; fraction 0.14 < 0.75; containment 0.14 < 0.5	-	single enzyme: no cross-enzyme consistency check available
S_8221232	GCF_003798325.1	s__Propionibacterium_acidifaciens	1.479308084	2.740363793	0.3696296296	0.3668069753	1.308922653	0.3883798475	NA	3026	0.9853675295	0.2440737768	-0.08999596464	0.8667556596	1	1	1	BcgI	NA	fixed	1643884.335	glm	30	False	fraction 0.37 < 0.75; containment 0.37 < 0.5	-	single enzyme: no cross-enzyme consistency check available
S_8221232	GCF_003813805.1	s__Neisseria_sp002327085	14.69955801	7.363636364	0.1384075119	0.004766949153	15.22913666	3.928762252	NA	309	0.9919066664	1.770416819	0.45880905	7.398715454	1	1	1	BcgI	NA	fixed	1290511.409	glm	7	False	fraction 0.14 < 0.75; dispersion 7.36 > 5.0; containment 0.00 < 0.5	-	single enzyme: no cross-enzyme consistency check available
S_8221232	GCF_003837955.1	s__Campylobacter_D_hepaticus	NA	NA	NA	0	NA	NA	NA	0	NA	NA	NA	NA	0	1	0	-	NA	fixed	NA	none	0	False	containment 0.00 < 0.5; only 0/1 enzymes produced a fit; no PTR estimate	BcgI:only 0 windows after outlier trimming	no enzyme produced a usable estimate
S_8221232	GCF_003851545.1	s__Ralstonia_sp003851545	NA	NA	NA	0	NA	NA	NA	0	NA	NA	NA	NA	0	1	0	-	NA	fixed	NA	none	0	False	containment 0.00 < 0.5; only 0/1 enzymes produced a fit; no PTR estimate	BcgI:only 0 windows after outlier trimming	no enzyme produced a usable estimate
S_8221232	GCF_003853905.1	s__Burkholderia_contaminans	NA	NA	NA	0	NA	NA	NA	0	NA	NA	NA	NA	0	1	0	-	NA	fixed	NA	none	0	False	containment 0.00 < 0.5; only 0/1 enzymes produced a fit; no PTR estimate	BcgI:only 0 windows after outlier trimming	no enzyme produced a usable estimate
S_8221232	GCF_003859795.1	s__F0040_sp003859795	NA	NA	NA	0.001395348837	NA	NA	NA	0	NA	NA	NA	NA	0	1	0	-	NA	fixed	NA	none	0	False	containment 0.00 < 0.5; only 0/1 enzymes produced a fit; no PTR estimate	BcgI:only 0 windows after outlier trimming	no enzyme produced a usable estimate
S_8221232	GCF_003859805.1	s__Arachnia_propionica_C	NA	NA	NA	0.0008603383998	NA	NA	NA	0	NA	NA	NA	NA	0	1	0	-	NA	fixed	NA	none	0	False	containment 0.00 < 0.5; only 0/1 enzymes produced a fit; no PTR estimate	BcgI:only 2 windows after outlier trimming	no enzyme produced a usable estimate
S_8221232	GCF_003862475.1	s__Lachnoanaerobaculum_gingivalis	2.515198266	1.749141484	0.1070452205	0.1006097561	5.35507482	2.420906732	NA	272	0.9585135329	1.400195995	-0.32342699	5.165240454	1	1	1	BcgI	NA	fixed	1572840.858	glm	10	False	fraction 0.11 < 0.75; containment 0.10 < 0.5	-	single enzyme: no cross-enzyme consistency check available
S_8221232	GCF_003892345.1	s__Lautropia_dentalis	9.563241551	35.40871187	0.5207586656	0.5138361367	1.794811536	0.8438323618	NA	3481	0.9756192819	0.3587799477	0.1406365859	1.547028138	1	1	1	BcgI	NA	fixed	2190038.044	glm	37	False	fraction 0.52 < 0.75; dispersion 35.41 > 5.0	-	single enzyme: no cross-enzyme consistency check available
S_8221232	GCF_003932785.1	s__Arachnia_propionica_B	NA	NA	NA	0.0008457851706	NA	NA	NA	0	NA	NA	NA	NA	0	1	0	-	NA	fixed	NA	none	0	False	containment 0.00 < 0.5; only 0/1 enzymes produced a fit; no PTR estimate	BcgI:only 1 windows after outlier trimming	no enzyme produced a usable estimate
S_8221232	GCF_003932855.1	s__Arachnia_sp003932855	NA	NA	NA	0.0006540222368	NA	NA	NA	0	NA	NA	NA	NA	0	1	0	-	NA	fixed	NA	none	0	False	containment 0.00 < 0.5; only 0/1 enzymes produced a fit; no PTR estimate	BcgI:only 1 windows after outlier trimming	no enzyme produced a usable estimate
S_8221232	GCF_003942575.1	s__Streptococcus_mitis_S	NA	NA	NA	0.1038961039	NA	NA	NA	0	NA	NA	NA	NA	0	1	0	-	NA	fixed	NA	none	0	False	containment 0.10 < 0.5; only 0/1 enzymes produced a fit; no PTR estimate	BcgI:only 25 anchors (< 30)	no enzyme produced a usable estimate
S_8221232	GCF_003942585.1	s__Streptococcus_oralis_BE	NA	NA	NA	0.06862745098	NA	NA	NA	0	NA	NA	NA	NA	0	1	0	-	NA	fixed	NA	none	0	False	containment 0.07 < 0.5; only 0/1 enzymes produced a fit; no PTR estimate	BcgI:only 4 windows after outlier trimming	no enzyme produced a usable estimate
S_8221232	GCF_003942665.1	s__Streptococcus_oralis_BD	42.69810197	44.28704909	0.4168086815	0.2568807339	3.864217421	1.95017627	NA	84	0.9971389096	1.969082738	-1.90915498	5.809507519	1	1	1	BcgI	NA	fixed	1448198.028	glm	13	False	fraction 0.42 < 0.75; dispersion 44.29 > 5.0; containment 0.26 < 0.5	-	single enzyme: no cross-enzyme consistency check available
S_8221232	GCF_003942775.1	s__Streptococcus_mitis_AK	NA	NA	NA	0.1076923077	NA	NA	NA	0	NA	NA	NA	NA	0	1	0	-	NA	fixed	NA	none	0	False	containment 0.11 < 0.5; only 0/1 enzymes produced a fit; no PTR estimate	BcgI:only 4 windows after outlier trimming	no enzyme produced a usable estimate
S_8221232	GCF_003942795.1	s__Streptococcus_mitis_BJ	NA	NA	NA	0.07142857143	NA	NA	NA	0	NA	NA	NA	NA	0	1	0	-	NA	fixed	NA	none	0	False	containment 0.07 < 0.5; only 0/1 enzymes produced a fit; no PTR estimate	BcgI:only 3 windows after outlier trimming	no enzyme produced a usable estimate
S_8221232	GCF_003942865.1	s__Streptococcus_mitis_BI	NA	NA	NA	0.07792207792	NA	NA	NA	0	NA	NA	NA	NA	0	1	0	-	NA	fixed	NA	none	0	False	containment 0.08 < 0.5; only 0/1 enzymes produced a fit; no PTR estimate	BcgI:only 4 windows after outlier trimming	no enzyme produced a usable estimate
S_8221232	GCF_003942915.1	s__Streptococcus_mitis_AX	NA	NA	NA	0.04705882353	NA	NA	NA	0	NA	NA	NA	NA	0	1	0	-	NA	fixed	NA	none	0	False	containment 0.05 < 0.5; only 0/1 enzymes produced a fit; no PTR estimate	BcgI:only 1 windows after outlier trimming	no enzyme produced a usable estimate
S_8221232	GCF_003942945.1	s__Streptococcus_mitis_BD	NA	NA	NA	0.04054054054	NA	NA	NA	0	NA	NA	NA	NA	0	1	0	-	NA	fixed	NA	none	0	False	containment 0.04 < 0.5; only 0/1 enzymes produced a fit; no PTR estimate	BcgI:only 2 windows after outlier trimming	no enzyme produced a usable estimate
S_8221232	GCF_003942965.1	s__Streptococcus_mitis_BH	NA	NA	NA	0.07317073171	NA	NA	NA	0	NA	NA	NA	NA	0	1	0	-	NA	fixed	NA	none	0	False	containment 0.07 < 0.5; only 0/1 enzymes produced a fit; no PTR estimate	BcgI:only 3 windows after outlier trimming	no enzyme produced a usable estimate
S_8221232	GCF_003942985.1	s__Streptococcus_oralis_G	27.55708834	8	0.3555555556	0.08235294118	483.8831201	8.918514803	NA	32	0.9969727826	3.797281919	1.475979002	16.3610506	1	1	1	BcgI	NA	fixed	961598.1433	glm	5	False	fraction 0.36 < 0.75; dispersion 8.00 > 5.0; containment 0.08 < 0.5	-	single enzyme: no cross-enzyme consistency check available
S_8221232	GCF_003943395.1	s__Streptococcus_oralis_BF	NA	NA	NA	0.03875968992	NA	NA	NA	0	NA	NA	NA	NA	0	1	0	-	NA	fixed	NA	none	0	False	containment 0.04 < 0.5; only 0/1 enzymes produced a fit; no PTR estimate	BcgI:only 2 windows after outlier trimming	no enzyme produced a usable estimate
S_8221232	GCF_003943415.1	s__Streptococcus_oralis_BJ	NA	NA	NA	0.06593406593	NA	NA	NA	0	NA	NA	NA	NA	0	1	0	-	NA	fixed	NA	none	0	False	containment 0.07 < 0.5; only 0/1 enzymes produced a fit; no PTR estimate	BcgI:only 3 windows after outlier trimming	no enzyme produced a usable estimate
S_8221232	GCF_003943505.1	s__Streptococcus_cristatus_E	4.406796077	2.121194653	0.3334970585	0.1707317073	4.458643607	2.156604885	NA	156	0.9873452104	0.9973943249	0.2017479302	4.111461841	1	1	1	BcgI	NA	fixed	957655.6806	glm	11	False	fraction 0.33 < 0.75; containment 0.17 < 0.5	-	single enzyme: no cross-enzyme consistency check available
S_8221232	GCF_003943515.1	s__Streptococcus_cristatus_D	7.698658269	3.408753501	0.2926777984	0.1206030151	6.261120634	2.646420898	NA	96	0.9759509522	1.325824369	0.0478528842	5.244988912	1	1	1	BcgI	NA	fixed	1197700.533	glm	7	False	fraction 0.29 < 0.75; containment 0.12 < 0.5	-	single enzyme: no cross-enzyme consistency check available
S_8221232	GCF_003943735.1	s__Streptococcus_sanguinis_E	29.02756244	66.06269644	0.2447518678	0.1631799163	7.823470613	2.967808752	NA	194	0.9993883146	1.680179528	-0.3252826104	6.260900113	1	1	1	BcgI	NA	fixed	708804.5533	glm	12	False	fraction 0.24 < 0.75; dispersion 66.06 > 5.0; containment 0.16 < 0.5	-	single enzyme: no cross-enzyme consistency check available
S_8221232	GCF_003943815.1	s__Streptococcus_cristatus_F	8.406739369	7.661762716	0.2281904762	0.1256544503	3.491981657	1.804045981	NA	122	0.9949466378	1.390654238	-0.9215862415	4.529678203	1	1	1	BcgI	NA	fixed	520287.54	glm	10	False	fraction 0.23 < 0.75; dispersion 7.66 > 5.0; containment 0.13 < 0.5	-	single enzyme: no cross-enzyme consistency check available
S_8221232	GCF_003943935.1	s__Streptococcus_mitis_BK	NA	NA	NA	0.06493506494	NA	NA	NA	0	NA	NA	NA	NA	0	1	0	-	NA	fixed	NA	none	0	False	containment 0.06 < 0.5; only 0/1 enzymes produced a fit; no PTR estimate	BcgI:only 3 windows after outlier trimming	no enzyme produced a usable estimate
S_8221232	GCF_003943955.1	s__Streptococcus_oralis_AC	NA	NA	NA	0.03488372093	NA	NA	NA	0	NA	NA	NA	NA	0	1	0	-	NA	fixed	NA	none	0	False	containment 0.03 < 0.5; only 0/1 enzymes produced a fit; no PTR estimate	BcgI:only 3 windows after outlier trimming	no enzyme produced a usable estimate
S_8221232	GCF_003944205.1	s__Streptococcus_oralis_BH	NA	NA	NA	0.02777777778	NA	NA	NA	0	NA	NA	NA	NA	0	1	0	-	NA	fixed	NA	none	0	False	containment 0.03 < 0.5; only 0/1 enzymes produced a fit; no PTR estimate	BcgI:only 2 windows after outlier trimming	no enzyme produced a usable estimate
S_8221232	GCF_003944215.1	s__Streptococcus_oralis_BI	5.620112298	1.019047619	0.3380952381	0.1145833333	13.53502647	3.758625804	NA	47	0.9690151132	0.805663392	2.179554572	5.337697036	1	1	1	BcgI	NA	fixed	1712204.062	glm	7	False	fraction 0.34 < 0.75; containment 0.11 < 0.5	-	single enzyme: no cross-enzyme consistency check available
S_8221232	GCF_003944225.1	s__Streptococcus_cristatus_C	5.644308468	5.007396215	0.2821384016	0.1878172589	8.900221261	3.153841202	NA	160	0.9948786108	1.796531711	-0.3672962486	6.674978653	1	1	1	BcgI	NA	fixed	538394.1544	glm	10	False	fraction 0.28 < 0.75; dispersion 5.01 > 5.0; containment 0.19 < 0.5	-	single enzyme: no cross-enzyme consistency check available
S_8221232	GCF_003944325.1	s__Streptococcus_mitis_O	NA	NA	NA	0.06862745098	NA	NA	NA	0	NA	NA	NA	NA	0	1	0	-	NA	fixed	NA	none	0	False	containment 0.07 < 0.5; only 0/1 enzymes produced a fit; no PTR estimate	BcgI:only 17 anchors (< 30)	no enzyme produced a usable estimate
S_8221232	GCF_003944465.1	s__Streptococcus_sanguinis_F	28.0267123	75.1525793	0.172022792	0.1174089069	59.38743544	5.892085828	NA	220	0.999915268	2.514074412	0.9645905254	10.81958113	1	1	1	BcgI	NA	fixed	1857252.422	glm	11	False	fraction 0.17 < 0.75; dispersion 75.15 > 5.0; containment 0.12 < 0.5	-	single enzyme: no cross-enzyme consistency check available
S_8221232	GCF_003964245.1	s__Enterobacter_hormaechei_A	1.763206501	0.8222222222	0.0265170502	0.006570713392	1.913470049	0.9361913191	NA	694	0.6777536425	0.5770371471	-0.194780707	2.067163345	1	1	1	BcgI	NA	fixed	4449029.726	glm	9	False	fraction 0.03 < 0.75; containment 0.01 < 0.5	-	single enzyme: no cross-enzyme consistency check available
S_8221232	GCF_003977605.1	s__Prevotella_koreensis	NA	NA	NA	0.0006056935191	NA	NA	NA	0	NA	NA	NA	NA	0	1	0	-	NA	fixed	NA	none	0	False	containment 0.00 < 0.5; only 0/1 enzymes produced a fit; no PTR estimate	BcgI:only 0 windows after outlier trimming	no enzyme produced a usable estimate
S_8221232	GCF_003990355.1	s__Eikenella_corrodens_B	3.076982636	6.189291798	0.1110398338	0.1082289803	3.3367998	1.738465131	NA	1074	0.977823944	0.9507950326	-0.1250588896	3.601989152	1	1	1	BcgI	NA	fixed	101458.1975	glm	24	False	fraction 0.11 < 0.75; dispersion 6.19 > 5.0; containment 0.11 < 0.5	-	single enzyme: no cross-enzyme consistency check available
S_8221232	GCF_003992005.1	s__F0422_sp003992005	NA	NA	NA	0.01310043668	NA	NA	NA	0	NA	NA	NA	NA	0	1	0	-	NA	fixed	NA	none	0	False	containment 0.01 < 0.5; only 0/1 enzymes produced a fit; no PTR estimate	BcgI:only 3 windows after outlier trimming	no enzyme produced a usable estimate
S_8221232	GCF_003992055.1	s__F0422_sp003992055	2.067822329	0.8928571429	0.08591042824	0.0625	2.278769404	1.188254941	NA	157	0.7033621014	0.9391311891	-0.6524083666	3.028918248	1	1	1	BcgI	NA	fixed	816499.4811	glm	7	False	fraction 0.09 < 0.75; containment 0.06 < 0.5	-	single enzyme: no cross-enzyme consistency check available
S_8221232	GCF_003992085.1	s__F0422_sp003992015	NA	NA	NA	0	NA	NA	NA	0	NA	NA	NA	NA	0	1	0	-	NA	fixed	NA	none	0	False	containment 0.00 < 0.5; only 0/1 enzymes produced a fit; no PTR estimate	BcgI:only 0 windows after outlier trimming	no enzyme produced a usable estimate
S_8221232	GCF_003992135.1	s__F0422_sp003992135	NA	NA	NA	0.002801120448	NA	NA	NA	0	NA	NA	NA	NA	0	1	0	-	NA	fixed	NA	none	0	False	containment 0.00 < 0.5; only 0/1 enzymes produced a fit; no PTR estimate	BcgI:only 1 windows after outlier trimming	no enzyme produced a usable estimate
S_8221232	GCF_003992235.1	s__F0422_sp001553345	NA	NA	NA	0.02118644068	NA	NA	NA	0	NA	NA	NA	NA	0	1	0	-	NA	fixed	NA	none	0	False	containment 0.02 < 0.5; only 0/1 enzymes produced a fit; no PTR estimate	BcgI:only 0 windows after outlier trimming	no enzyme produced a usable estimate
S_8221232	GCF_003992315.1	s__F0422_sp003992315	NA	NA	NA	0.003787878788	NA	NA	NA	0	NA	NA	NA	NA	0	1	0	-	NA	fixed	NA	none	0	False	containment 0.00 < 0.5; only 0/1 enzymes produced a fit; no PTR estimate	BcgI:only 0 windows after outlier trimming	no enzyme produced a usable estimate
S_8221232	GCF_004000985.1	s__Paenibacillus_G_validus	NA	NA	NA	0	NA	NA	NA	0	NA	NA	NA	NA	0	1	0	-	NA	fixed	NA	none	0	False	containment 0.00 < 0.5; only 0/1 enzymes produced a fit; no PTR estimate	BcgI:only 0 windows after outlier trimming	no enzyme produced a usable estimate
S_8221232	GCF_004025845.1	s__Janibacter_hoylei	NA	NA	NA	0	NA	NA	NA	0	NA	NA	NA	NA	0	1	0	-	NA	fixed	NA	none	0	False	containment 0.00 < 0.5; only 0/1 enzymes produced a fit; no PTR estimate	BcgI:only 0 windows after outlier trimming	no enzyme produced a usable estimate
S_8221232	GCF_004114445.1	s__Bradyrhizobium_guangzhouense	NA	NA	NA	0.0007444784515	NA	NA	NA	0	NA	NA	NA	NA	0	1	0	-	NA	fixed	NA	none	0	False	containment 0.00 < 0.5; only 0/1 enzymes produced a fit; no PTR estimate	BcgI:only 0 windows after outlier trimming	no enzyme produced a usable estimate
S_8221232	GCF_004127235.1	s__Streptococcus_sp000831085	NA	NA	NA	0.07079646018	NA	NA	NA	0	NA	NA	NA	NA	0	1	0	-	NA	fixed	NA	none	0	False	containment 0.07 < 0.5; only 0/1 enzymes produced a fit; no PTR estimate	BcgI:only 4 windows after outlier trimming	no enzyme produced a usable estimate
S_8221232	GCF_004134945.1	s__Fusobacterium_C_necrophorum	NA	NA	NA	0	NA	NA	NA	0	NA	NA	NA	NA	0	1	0	-	NA	fixed	NA	none	0	False	containment 0.00 < 0.5; only 0/1 enzymes produced a fit; no PTR estimate	BcgI:only 0 windows after outlier trimming	no enzyme produced a usable estimate
S_8221232	GCF_004136315.1	s__Mesorhizobium_sp004136315	1.583627013	0.44	0.01352941176	0.006452253325	1.307017208	0.3862781356	NA	1700	0.936695086	0.4774731215	-0.5495519861	1.322108257	1	1	1	BcgI	NA	fixed	5683991.821	glm	17	False	fraction 0.01 < 0.75; containment 0.01 < 0.5	-	single enzyme: no cross-enzyme consistency check available
S_8221232	GCF_004136555.1	s__Kocuria_carniphila	NA	NA	NA	0	NA	NA	NA	0	NA	NA	NA	NA	0	1	0	-	NA	fixed	NA	none	0	False	containment 0.00 < 0.5; only 0/1 enzymes produced a fit; no PTR estimate	BcgI:only 0 windows after outlier trimming	no enzyme produced a usable estimate
S_8221232	GCF_004138405.1	s__UBA2866_sp004138405	NA	NA	NA	0	NA	NA	NA	0	NA	NA	NA	NA	0	1	0	-	NA	fixed	NA	none	0	False	containment 0.00 < 0.5; only 0/1 enzymes produced a fit; no PTR estimate	BcgI:only 0 windows after outlier trimming	no enzyme produced a usable estimate
S_8221232	GCF_004138455.1	s__UBA1103_sp004138455	NA	NA	NA	0	NA	NA	NA	0	NA	NA	NA	NA	0	1	0	-	NA	fixed	NA	none	0	False	containment 0.00 < 0.5; only 0/1 enzymes produced a fit; no PTR estimate	BcgI:only 0 windows after outlier trimming	no enzyme produced a usable estimate
S_8221232	GCF_004151355.1	s__Dermacoccus_abyssi	NA	NA	NA	0.000390625	NA	NA	NA	0	NA	NA	NA	NA	0	1	0	-	NA	fixed	NA	none	0	False	containment 0.00 < 0.5; only 0/1 enzymes produced a fit; no PTR estimate	BcgI:only 1 windows after outlier trimming	no enzyme produced a usable estimate
S_8221232	GCF_004151455.1	s__UMGS1907_sp004151455	NA	NA	NA	0	NA	NA	NA	0	NA	NA	NA	NA	0	1	0	-	NA	fixed	NA	none	0	False	containment 0.00 < 0.5; only 0/1 enzymes produced a fit; no PTR estimate	BcgI:only 0 windows after outlier trimming	no enzyme produced a usable estimate
S_8221232	GCF_004209755.1	s__Pseudoduganella_lutea	NA	NA	NA	0.0003621876132	NA	NA	NA	0	NA	NA	NA	NA	0	1	0	-	NA	fixed	NA	none	0	False	containment 0.00 < 0.5; only 0/1 enzymes produced a fit; no PTR estimate	BcgI:only 3 windows after outlier trimming	no enzyme produced a usable estimate
S_8221232	GCF_004340985.1	s__Cricetibacter_osteomyelitidis	NA	NA	NA	0.0008605851979	NA	NA	NA	0	NA	NA	NA	NA	0	1	0	-	NA	fixed	NA	none	0	False	containment 0.00 < 0.5; only 0/1 enzymes produced a fit; no PTR estimate	BcgI:only 0 windows after outlier trimming	no enzyme produced a usable estimate
S_8221232	GCF_004341385.1	s__Neisseria_suis	NA	NA	NA	0.001009081736	NA	NA	NA	0	NA	NA	NA	NA	0	1	0	-	NA	fixed	NA	none	0	False	containment 0.00 < 0.5; only 0/1 enzymes produced a fit; no PTR estimate	BcgI:only 1 windows after outlier trimming	no enzyme produced a usable estimate
S_8221232	GCF_004349225.1	s__Saccharopolyspora_sp004348435	NA	NA	NA	0.0002485089463	NA	NA	NA	0	NA	NA	NA	NA	0	1	0	-	NA	fixed	NA	none	0	False	containment 0.00 < 0.5; only 0/1 enzymes produced a fit; no PTR estimate	BcgI:only 1 windows after outlier trimming	no enzyme produced a usable estimate
S_8221232	GCF_004353325.1	s__Streptococcus_sp004353325	NA	NA	NA	0.08450704225	NA	NA	NA	0	NA	NA	NA	NA	0	1	0	-	NA	fixed	NA	none	0	False	containment 0.08 < 0.5; only 0/1 enzymes produced a fit; no PTR estimate	BcgI:only 2 windows after outlier trimming	no enzyme produced a usable estimate
S_8221232	GCF_004363295.1	s__Mesocricetibacter_intestinalis	NA	NA	NA	0.001694915254	NA	NA	NA	0	NA	NA	NA	NA	0	1	0	-	NA	fixed	NA	none	0	False	containment 0.00 < 0.5; only 0/1 enzymes produced a fit; no PTR estimate	BcgI:only 2 windows after outlier trimming	no enzyme produced a usable estimate
S_8221232	GCF_004365115.1	s__Stenotrophomonas_maltophilia_AJ	NA	NA	NA	0.002057998129	NA	NA	NA	0	NA	NA	NA	NA	0	1	0	-	NA	fixed	NA	none	0	False	containment 0.00 < 0.5; only 0/1 enzymes produced a fit; no PTR estimate	BcgI:only 3 windows after outlier trimming	no enzyme produced a usable estimate
S_8221232	GCF_004525795.1	s__Actinomyces_viscosus	16.62803533	14.22857143	0.1578342775	0.01416430595	1.908026124	0.9320809246	NA	678	0.7707722066	2.112266811	-3.20788595	5.072047799	1	1	1	BcgI	NA	fixed	134140.1472	glm	15	False	fraction 0.16 < 0.75; dispersion 14.23 > 5.0; containment 0.01 < 0.5	-	single enzyme: no cross-enzyme consistency check available
S_8221232	GCF_004569405.1	s__Neisseria_musculi	NA	NA	NA	0.001982160555	NA	NA	NA	0	NA	NA	NA	NA	0	1	0	-	NA	fixed	NA	none	0	False	containment 0.00 < 0.5; only 0/1 enzymes produced a fit; no PTR estimate	BcgI:only 4 windows after outlier trimming	no enzyme produced a usable estimate
S_8221232	GCF_004803795.1	s__Campylobacter_A_rectus	1.449729996	0.7609570495	0.07742504409	0.07671957672	2.301958798	1.202862012	NA	954	0.9320509593	0.5144582292	0.1945424108	2.211181612	1	1	1	BcgI	NA	fixed	1847508.206	glm	21	False	fraction 0.08 < 0.75; containment 0.08 < 0.5	-	single enzyme: no cross-enzyme consistency check available
S_8221232	GCF_004803815.1	s__Campylobacter_A_showae	2.165864347	0.8605586679	0.1206766917	0.1011235955	0.7950765354	-0.3308343516	NA	544	0.6851488799	0.6023462718	-1.511411351	0.8497426473	1	1	1	BcgI	NA	fixed	178302.46	glm	19	False	fraction 0.12 < 0.75; containment 0.10 < 0.5	-	single enzyme: no cross-enzyme consistency check available
S_8221232	GCF_005217565.1	s__Puteibacter_caeruleilacunae	NA	NA	NA	0	NA	NA	NA	0	NA	NA	NA	NA	0	1	0	-	NA	fixed	NA	none	0	False	containment 0.00 < 0.5; only 0/1 enzymes produced a fit; no PTR estimate	BcgI:only 0 windows after outlier trimming	no enzyme produced a usable estimate
S_8221232	GCF_005405725.1	s__Bifidobacterium_moukalabense	NA	NA	NA	0	NA	NA	NA	0	NA	NA	NA	NA	0	1	0	-	NA	fixed	NA	none	0	False	containment 0.00 < 0.5; only 0/1 enzymes produced a fit; no PTR estimate	BcgI:only 0 windows after outlier trimming	no enzyme produced a usable estimate
S_8221232	GCF_005696695.1	s__Pauljensenia_odontolytica_C	7.131769469	8.989686535	0.1132345915	0.1058282209	2.480133523	1.310417793	NA	1200	0.9986731417	0.7109746155	-0.08306684747	2.703902433	1	1	1	BcgI	NA	fixed	200543.305	glm	23	False	fraction 0.11 < 0.75; dispersion 8.99 > 5.0; containment 0.11 < 0.5	-	single enzyme: no cross-enzyme consistency check available
S_8221232	GCF_005697565.1	s__TM7x_sp005697565	2.021890524	1.068027211	0.1022222222	0.07871720117	0.9931207081	-0.009959015172	NA	225	0.2554335307	0.6997367939	-1.38141793	1.3614999	1	1	1	BcgI	NA	fixed	154679.8244	glm	9	False	fraction 0.10 < 0.75; containment 0.08 < 0.5	-	single enzyme: no cross-enzyme consistency check available
S_8221232	GCF_005844455.1	s__Streptococcus_mitis_BF	NA	NA	NA	0.03623188406	NA	NA	NA	0	NA	NA	NA	NA	0	1	0	-	NA	fixed	NA	none	0	False	containment 0.04 < 0.5; only 0/1 enzymes produced a fit; no PTR estimate	BcgI:only 4 windows after outlier trimming	no enzyme produced a usable estimate
S_8221232	GCF_005864335.1	s__Lactococcus_A_raffinolactis	NA	NA	NA	0	NA	NA	NA	0	NA	NA	NA	NA	0	1	0	-	NA	fixed	NA	none	0	False	containment 0.00 < 0.5; only 0/1 enzymes produced a fit; no PTR estimate	BcgI:only 0 windows after outlier trimming	no enzyme produced a usable estimate
S_8221232	GCF_005937465.1	s__Cutibacterium_acnes	NA	NA	NA	0.007240853659	NA	NA	NA	0	NA	NA	NA	NA	0	1	0	-	NA	fixed	NA	none	0	False	containment 0.01 < 0.5; only 0/1 enzymes produced a fit; no PTR estimate	BcgI:only 4 windows after outlier trimming	no enzyme produced a usable estimate
S_8221232	GCF_006175905.1	s__Streptococcus_oralis_BG	NA	NA	NA	0.03875968992	NA	NA	NA	0	NA	NA	NA	NA	0	1	0	-	NA	fixed	NA	none	0	False	containment 0.04 < 0.5; only 0/1 enzymes produced a fit; no PTR estimate	BcgI:only 2 windows after outlier trimming	no enzyme produced a usable estimate
S_8221232	GCF_006384255.1	s__Haemophilus_sp002998595	4.054598125	1.490952381	0.1068936442	0.06493506494	4.193959489	2.068312926	NA	142	0.8955979417	0.6962346136	0.7037181585	3.432907693	1	1	1	BcgI	NA	fixed	1192002.703	glm	6	False	fraction 0.11 < 0.75; containment 0.06 < 0.5	-	single enzyme: no cross-enzyme consistency check available
S_8221232	GCF_006385365.1	s__Tannerella_forsythia	1.102406732	0.6246799455	0.1285937207	0.1257344301	1.28411447	0.3607738141	NA	2007	0.732146403	0.351066585	-0.3273040487	1.048851677	1	1	1	BcgI	NA	fixed	3223335.41	glm	20	False	fraction 0.13 < 0.75; containment 0.13 < 0.5	-	single enzyme: no cross-enzyme consistency check available
S_8221232	GCF_006385785.1	s__Streptococcus_pneumoniae_D	NA	NA	NA	0.2115384615	NA	NA	NA	0	NA	NA	NA	NA	0	1	0	-	NA	fixed	NA	none	0	False	containment 0.21 < 0.5; only 0/1 enzymes produced a fit; no PTR estimate	BcgI:only 4 windows after outlier trimming	no enzyme produced a usable estimate
S_8221232	GCF_006385805.1	s__Streptococcus_sp001587175	3.061770948	2.599856933	0.1586935287	0.1467889908	4.691890068	2.230169211	NA	212	0.9647750169	1.097360433	0.07938228468	4.380956138	1	1	1	BcgI	NA	fixed	1006413.105	glm	9	False	fraction 0.16 < 0.75; containment 0.15 < 0.5	-	single enzyme: no cross-enzyme consistency check available
S_8221232	GCF_006546835.1	s__Actinomyces_johnsonii	6.03502405	12.66957023	0.06968241866	0.0600082203	1.929961999	0.9485724413	NA	2066	0.9937635175	0.9749300842	-0.9622554112	2.859400294	1	1	1	BcgI	NA	fixed	489984.1022	glm	28	False	fraction 0.07 < 0.75; dispersion 12.67 > 5.0; containment 0.06 < 0.5	-	single enzyme: no cross-enzyme consistency check available
S_8221232	GCF_006716265.1	s__Rarobacter_faecitabidus	NA	NA	NA	0	NA	NA	NA	0	NA	NA	NA	NA	0	1	0	-	NA	fixed	NA	none	0	False	containment 0.00 < 0.5; only 0/1 enzymes produced a fit; no PTR estimate	BcgI:only 0 windows after outlier trimming	no enzyme produced a usable estimate
S_8221232	GCF_007113795.1	s__Acinetobacter_baumannii	NA	NA	NA	0.01106719368	NA	NA	NA	0	NA	NA	NA	NA	0	1	0	-	NA	fixed	NA	none	0	False	containment 0.01 < 0.5; only 0/1 enzymes produced a fit; no PTR estimate	BcgI:only 4 windows after outlier trimming	no enzyme produced a usable estimate
S_8221232	GCF_007672025.1	s__Corynebacterium_propinquum	NA	NA	NA	0	NA	NA	NA	0	NA	NA	NA	NA	0	1	0	-	NA	fixed	NA	none	0	False	containment 0.00 < 0.5; only 0/1 enzymes produced a fit; no PTR estimate	BcgI:only 0 windows after outlier trimming	no enzyme produced a usable estimate
S_8221232	GCF_007673265.1	s__Bacillus_A_bombysepticus	NA	NA	NA	0	NA	NA	NA	0	NA	NA	NA	NA	0	1	0	-	NA	fixed	NA	none	0	False	containment 0.00 < 0.5; only 0/1 enzymes produced a fit; no PTR estimate	BcgI:only 0 windows after outlier trimming	no enzyme produced a usable estimate
S_8221232	GCF_007681555.1	s__Kocuria_salsicia	1.113836832	0.6051916833	0.0507266591	0.0442219441	3.64568268	1.866188995	NA	1534	0.9720439981	0.6023515454	0.6856016597	3.04677633	1	1	1	BcgI	NA	fixed	2419695.557	glm	16	False	fraction 0.05 < 0.75; containment 0.04 < 0.5	-	single enzyme: no cross-enzyme consistency check available
S_8221232	GCF_007785845.1	s__Lactobacillus_paragasseri	NA	NA	NA	0	NA	NA	NA	0	NA	NA	NA	NA	0	1	0	-	NA	fixed	NA	none	0	False	containment 0.00 < 0.5; only 0/1 enzymes produced a fit; no PTR estimate	BcgI:only 0 windows after outlier trimming	no enzyme produced a usable estimate
S_8221232	GCF_007829675.1	s__Micrococcus_luteus	NA	NA	NA	0.01043219076	NA	NA	NA	0	NA	NA	NA	NA	0	1	0	-	NA	fixed	NA	none	0	False	containment 0.01 < 0.5; only 0/1 enzymes produced a fit; no PTR estimate	BcgI:only 4 windows after outlier trimming	no enzyme produced a usable estimate
S_8221232	GCF_007845165.1	s__UBA2866_sp007845165	7.235568312	7.926753785	0.3426998577	0.1739130435	5.288711481	2.402916273	NA	134	0.9960121706	1.189293646	0.07194356081	4.733888985	1	1	1	BcgI	NA	fixed	284980.5875	glm	21	False	fraction 0.34 < 0.75; dispersion 7.93 > 5.0; containment 0.17 < 0.5	-	single enzyme: no cross-enzyme consistency check available
S_8221232	GCF_007845205.1	s__SDRK01_sp007845205	NA	NA	NA	0	NA	NA	NA	0	NA	NA	NA	NA	0	1	0	-	NA	fixed	NA	none	0	False	containment 0.00 < 0.5; only 0/1 enzymes produced a fit; no PTR estimate	BcgI:only 0 windows after outlier trimming	no enzyme produced a usable estimate
S_8221232	GCF_007845265.1	s__TM7x_sp007845355	13.4869835	23.25610473	0.3465608466	0.1568627451	6.107766539	2.610644918	NA	93	0.9429936216	1.477560545	-0.2853205351	5.506610371	1	1	1	BcgI	NA	fixed	450240.7961	glm	9	False	fraction 0.35 < 0.75; dispersion 23.26 > 5.0; containment 0.16 < 0.5	-	single enzyme: no cross-enzyme consistency check available
S_8221232	GCF_007855915.1	s__Geobacillus_thermoleovorans	NA	NA	NA	0.001337345369	NA	NA	NA	0	NA	NA	NA	NA	0	1	0	-	NA	fixed	NA	none	0	False	containment 0.00 < 0.5; only 0/1 enzymes produced a fit; no PTR estimate	BcgI:only 1 windows after outlier trimming	no enzyme produced a usable estimate
S_8221232	GCF_007990245.1	s__Cellulomonas_composti	NA	NA	NA	0.0001820830299	NA	NA	NA	0	NA	NA	NA	NA	0	1	0	-	NA	fixed	NA	none	0	False	containment 0.00 < 0.5; only 0/1 enzymes produced a fit; no PTR estimate	BcgI:only 1 windows after outlier trimming	no enzyme produced a usable estimate
S_8221232	GCF_007990445.1	s__Leptotrichia_wadei_A	8.478816807	18.73442045	0.7225925926	0.6850828729	1.726450683	0.7878091231	NA	180	0.9906833328	0.972706446	-1.118660479	2.694278725	1	1	1	BcgI	NA	fixed	491783.7906	glm	8	False	fraction 0.72 < 0.75; dispersion 18.73 > 5.0	-	single enzyme: no cross-enzyme consistency check available
S_8221232	GCF_007990505.1	s__Pseudoleptotrichia_goodfellowii	1.478069745	0.7955357143	0.1333333333	0.09977324263	1.223675773	0.2912213505	NA	225	0.8100427821	0.7845608486	-1.246489656	1.828932357	1	1	1	BcgI	NA	fixed	638807.99	glm	9	False	fraction 0.13 < 0.75; containment 0.10 < 0.5	-	single enzyme: no cross-enzyme consistency check available
S_8221232	GCF_007990635.1	s__Leptotrichia_hongkongensis	NA	NA	NA	0.1744966443	NA	NA	NA	0	NA	NA	NA	NA	0	1	0	-	NA	fixed	NA	none	0	False	containment 0.17 < 0.5; only 0/1 enzymes produced a fit; no PTR estimate	BcgI:only 4 windows after outlier trimming	no enzyme produced a usable estimate
S_8221232	GCF_007991595.1	s__Streptococcus_cristatus_B	10.92710247	20.14509027	0.4874285714	0.1402214022	1.58430434	0.6638494989	NA	93	0.5890745473	1.625059538	-2.521208668	3.848907666	1	1	1	BcgI	NA	fixed	144520.0694	glm	25	False	fraction 0.49 < 0.75; dispersion 20.15 > 5.0; containment 0.14 < 0.5	-	single enzyme: no cross-enzyme consistency check available
S_8221232	GCF_007991615.1	s__Novosphingobium_sediminis	NA	NA	NA	0.0001384466288	NA	NA	NA	0	NA	NA	NA	NA	0	1	0	-	NA	fixed	NA	none	0	False	containment 0.00 < 0.5; only 0/1 enzymes produced a fit; no PTR estimate	BcgI:only 0 windows after outlier trimming	no enzyme produced a usable estimate
S_8221232	GCF_007997035.1	s__Ralstonia_sp007997035	NA	NA	NA	0.000206185567	NA	NA	NA	0	NA	NA	NA	NA	0	1	0	-	NA	fixed	NA	none	0	False	containment 0.00 < 0.5; only 0/1 enzymes produced a fit; no PTR estimate	BcgI:only 0 windows after outlier trimming	no enzyme produced a usable estimate
S_8221232	GCF_008016795.1	s__Prevotella_brunnea	3.70110905	2.777777778	0.1904190791	0.005962521295	10.82137213	3.435811536	NA	69	0.731361783	3.153482809	-2.744901195	9.616524267	1	1	1	BcgI	NA	fixed	375897.2306	glm	6	False	fraction 0.19 < 0.75; containment 0.01 < 0.5	-	single enzyme: no cross-enzyme consistency check available
S_8221232	GCF_008033175.1	s__Leuconostoc_pseudomesenteroides	1.224882978	0.5319444444	0.09477124183	0.07278020378	1.721653112	0.7837944896	NA	412	0.7018882739	0.5474089226	-0.2891072836	1.856696263	1	1	1	BcgI	NA	fixed	39732.78611	glm	15	False	fraction 0.09 < 0.75; containment 0.07 < 0.5	-	single enzyme: no cross-enzyme consistency check available
S_8221232	GCF_008085035.1	s__Aggregatibacter_actinomycetemcomitans	NA	NA	NA	0.004616805171	NA	NA	NA	0	NA	NA	NA	NA	0	1	0	-	NA	fixed	NA	none	0	False	containment 0.00 < 0.5; only 0/1 enzymes produced a fit; no PTR estimate	BcgI:only 2 windows after outlier trimming	no enzyme produced a usable estimate
S_8221232	GCF_008274805.1	s__Oryzomicrobium_terrae	NA	NA	NA	0.0003220611916	NA	NA	NA	0	NA	NA	NA	NA	0	1	0	-	NA	fixed	NA	none	0	False	containment 0.00 < 0.5; only 0/1 enzymes produced a fit; no PTR estimate	BcgI:only 1 windows after outlier trimming	no enzyme produced a usable estimate
S_8221232	GCF_008326505.1	s__Leuconostoc_citreum	NA	NA	NA	0	NA	NA	NA	0	NA	NA	NA	NA	0	1	0	-	NA	fixed	NA	none	0	False	containment 0.00 < 0.5; only 0/1 enzymes produced a fit; no PTR estimate	BcgI:only 0 windows after outlier trimming	no enzyme produced a usable estimate
S_8221232	GCF_008369405.1	s__Streptococcus_cristatus_G	7.019109858	8.822222222	0.1759021885	0.06306306306	84.88643046	6.407462045	NA	120	0.997955787	2.362411412	1.777220761	11.03770333	1	1	1	BcgI	NA	fixed	1093704.783	glm	7	False	fraction 0.18 < 0.75; dispersion 8.82 > 5.0; containment 0.06 < 0.5	-	single enzyme: no cross-enzyme consistency check available
S_8221232	GCF_008633215.1	s__Fusobacterium_nucleatum_J	NA	NA	NA	0.1851851852	NA	NA	NA	0	NA	NA	NA	NA	0	1	0	-	NA	fixed	NA	none	0	False	containment 0.19 < 0.5; only 0/1 enzymes produced a fit; no PTR estimate	BcgI:only 2 windows after outlier trimming	no enzyme produced a usable estimate
S_8221232	GCF_008806995.1	s__Neisseria_animalis	NA	NA	NA	0.003399433428	NA	NA	NA	0	NA	NA	NA	NA	0	1	0	-	NA	fixed	NA	none	0	False	containment 0.00 < 0.5; only 0/1 enzymes produced a fit; no PTR estimate	BcgI:only 4 windows after outlier trimming	no enzyme produced a usable estimate
S_8221232	GCF_009006965.1	s__Acinetobacter_oleivorans	2.464089194	1.232693821	0.2296856142	0.05238828968	1.488074793	0.5734470406	NA	266	0.7068087842	0.6937265722	-0.786232056	1.933126137	1	1	1	BcgI	NA	fixed	1519083.725	glm	21	False	fraction 0.23 < 0.75; containment 0.05 < 0.5	-	single enzyme: no cross-enzyme consistency check available
S_8221232	GCF_009378265.1	s__Moraxella_catarrhalis	NA	NA	NA	0	NA	NA	NA	0	NA	NA	NA	NA	0	1	0	-	NA	fixed	NA	none	0	False	containment 0.00 < 0.5; only 0/1 enzymes produced a fit; no PTR estimate	BcgI:only 0 windows after outlier trimming	no enzyme produced a usable estimate
S_8221232	GCF_009496035.1	s__Streptococcus_mitis_BM	34.70941823	18.10334672	0.4036706349	0.2419354839	2.062074017	1.044096119	NA	54	0.9516575056	1.331964965	-1.566507241	3.654699479	1	1	1	BcgI	NA	fixed	1706734.202	glm	12	False	fraction 0.40 < 0.75; dispersion 18.10 > 5.0; containment 0.24 < 0.5	-	single enzyme: no cross-enzyme consistency check available
S_8221232	GCF_009496155.1	s__Streptococcus_mitis_BQ	31.47213698	38.91605046	0.4560846561	0.1176470588	11.63097015	3.539899534	NA	41	0.9984392335	2.958619653	-2.25888843	9.338687497	1	1	1	BcgI	NA	fixed	1074899.146	glm	6	False	fraction 0.46 < 0.75; dispersion 38.92 > 5.0; containment 0.12 < 0.5	-	single enzyme: no cross-enzyme consistency check available
S_8221232	GCF_009496185.1	s__Streptococcus_mitis_BN	NA	NA	NA	0.1388888889	NA	NA	NA	0	NA	NA	NA	NA	0	1	0	-	NA	fixed	NA	none	0	False	containment 0.14 < 0.5; only 0/1 enzymes produced a fit; no PTR estimate	BcgI:only 13 anchors (< 30)	no enzyme produced a usable estimate
S_8221232	GCF_009496285.1	s__Streptococcus_mitis_BP	6.011547586	3.738827839	0.3993055556	0.2393162393	2.933023214	1.552388489	NA	67	0.7580731105	1.560313563	-1.505769898	4.610546877	1	1	1	BcgI	NA	fixed	634093.2833	glm	12	False	fraction 0.40 < 0.75; containment 0.24 < 0.5	-	single enzyme: no cross-enzyme consistency check available
S_8221232	GCF_009496375.1	s__Streptococcus_mitis_AC	18.79197666	43.55059524	0.3240740741	0.2558139535	97.82452303	6.612124266	NA	34	0.9996939452	2.15609099	2.386263579	10.83798495	1	1	1	BcgI	NA	fixed	684286.2472	glm	6	False	fraction 0.32 < 0.75; dispersion 43.55 > 5.0; containment 0.26 < 0.5	-	single enzyme: no cross-enzyme consistency check available
S_8221232	GCF_009626715.1	s__Bordetella_pertussis	NA	NA	NA	0	NA	NA	NA	0	NA	NA	NA	NA	0	1	0	-	NA	fixed	NA	none	0	False	containment 0.00 < 0.5; only 0/1 enzymes produced a fit; no PTR estimate	BcgI:only 0 windows after outlier trimming	no enzyme produced a usable estimate
S_8221232	GCF_009650815.1	s__Eikenella_corrodens	2.468658598	1.677278003	0.1568525957	0.1295774648	3.641060654	1.864358774	NA	878	0.9924237814	0.4470549234	0.9881472249	2.740570323	1	1	1	BcgI	NA	fixed	26359.77667	glm	27	False	fraction 0.16 < 0.75; containment 0.13 < 0.5	-	single enzyme: no cross-enzyme consistency check available
S_8221232	GCF_009695705.1	s__Pauljensenia_hyovaginalis	NA	NA	NA	0.001675041876	NA	NA	NA	0	NA	NA	NA	NA	0	1	0	-	NA	fixed	NA	none	0	False	containment 0.00 < 0.5; only 0/1 enzymes produced a fit; no PTR estimate	BcgI:only 2 windows after outlier trimming	no enzyme produced a usable estimate
S_8221232	GCF_009716875.1	s__Streptococcus_salivarius	4.617645425	3.167365706	0.4063056422	0.3216783217	1.695237027	0.7614870041	NA	210	0.8834358647	0.8902096388	-0.9832918265	2.506265835	1	1	1	BcgI	NA	fixed	100911.4133	glm	26	False	fraction 0.41 < 0.75; containment 0.32 < 0.5	-	single enzyme: no cross-enzyme consistency check available
S_8221232	GCF_009728485.1	s__Prevotella_sp000257925	4.840757523	5.572706087	0.3815915307	0.3537803138	1.543623633	0.6263210366	NA	670	0.9707014269	0.4592758599	-0.2738431077	1.526485181	1	1	1	BcgI	NA	fixed	1418327.838	glm	27	False	fraction 0.38 < 0.75; dispersion 5.57 > 5.0; containment 0.35 < 0.5	-	single enzyme: no cross-enzyme consistency check available
S_8221232	GCF_009730375.1	s__Capnocytophaga_leadbetteri	6.519985944	20.4073446	0.4639455782	0.4689265537	2.765637168	1.467611898	NA	745	0.9937209933	0.5007140235	0.4862304449	2.44899335	1	1	1	BcgI	NA	fixed	2307844.515	glm	21	False	fraction 0.46 < 0.75; dispersion 20.41 > 5.0; containment 0.47 < 0.5	-	single enzyme: no cross-enzyme consistency check available
S_8221232	GCF_009731465.1	s__Streptococcus_pseudopneumoniae_E	NA	NA	NA	0.02702702703	NA	NA	NA	0	NA	NA	NA	NA	0	1	0	-	NA	fixed	NA	none	0	False	containment 0.03 < 0.5; only 0/1 enzymes produced a fit; no PTR estimate	BcgI:only 3 windows after outlier trimming	no enzyme produced a usable estimate
S_8221232	GCF_009734725.1	s__Enterococcus_D_casseliflavus	1.410211811	0.630952381	0.07483590065	0.04225352113	1.863423417	0.8979555287	NA	1143	0.8036875654	0.4514034903	0.01322094529	1.782690112	1	1	1	BcgI	NA	fixed	1180298.271	glm	20	False	fraction 0.07 < 0.75; containment 0.04 < 0.5	-	single enzyme: no cross-enzyme consistency check available
S_8221232	GCF_009740185.1	s__Pseudomonas_A_sp000765155	NA	NA	NA	0	NA	NA	NA	0	NA	NA	NA	NA	0	1	0	-	NA	fixed	NA	none	0	False	containment 0.00 < 0.5; only 0/1 enzymes produced a fit; no PTR estimate	BcgI:only 0 windows after outlier trimming	no enzyme produced a usable estimate
S_8221232	GCF_009856825.1	s__Novosphingobium_sp009856825	NA	NA	NA	0.0001726817475	NA	NA	NA	0	NA	NA	NA	NA	0	1	0	-	NA	fixed	NA	none	0	False	containment 0.00 < 0.5; only 0/1 enzymes produced a fit; no PTR estimate	BcgI:only 1 windows after outlier trimming	no enzyme produced a usable estimate
S_8221232	GCF_009914665.1	s__Bergeyella_A_cardium	NA	NA	NA	0.01610017889	NA	NA	NA	0	NA	NA	NA	NA	0	1	0	-	NA	fixed	NA	none	0	False	containment 0.02 < 0.5; only 0/1 enzymes produced a fit; no PTR estimate	BcgI:only 4 windows after outlier trimming	no enzyme produced a usable estimate
S_8221232	GCF_009935825.1	s__Actinomyces_howellii	NA	NA	NA	0.0009380863039	NA	NA	NA	0	NA	NA	NA	NA	0	1	0	-	NA	fixed	NA	none	0	False	containment 0.00 < 0.5; only 0/1 enzymes produced a fit; no PTR estimate	BcgI:only 2 windows after outlier trimming	no enzyme produced a usable estimate
S_8221232	GCF_010202115.1	s__TM7x_sp010202115	NA	NA	NA	0.02164502165	NA	NA	NA	0	NA	NA	NA	NA	0	1	0	-	NA	fixed	NA	none	0	False	containment 0.02 < 0.5; only 0/1 enzymes produced a fit; no PTR estimate	BcgI:only 2 windows after outlier trimming	no enzyme produced a usable estimate
S_8221232	GCF_010202465.1	s__TM7x_sp010202465	NA	NA	NA	0.03825136612	NA	NA	NA	0	NA	NA	NA	NA	0	1	0	-	NA	fixed	NA	none	0	False	containment 0.04 < 0.5; only 0/1 enzymes produced a fit; no PTR estimate	BcgI:only 2 windows after outlier trimming	no enzyme produced a usable estimate
S_8221232	GCF_010202645.1	s__TM7x_sp010202645	NA	NA	NA	0.02723735409	NA	NA	NA	0	NA	NA	NA	NA	0	1	0	-	NA	fixed	NA	none	0	False	containment 0.03 < 0.5; only 0/1 enzymes produced a fit; no PTR estimate	BcgI:only 2 windows after outlier trimming	no enzyme produced a usable estimate
S_8221232	GCF_010202845.1	s__TM7x_sp010202845	1.939359305	1.346031746	0.06835164835	0.05752212389	4.615358735	2.206442788	NA	176	0.9205492917	0.7876405071	0.6626957609	3.750189814	1	1	1	BcgI	NA	fixed	428593.8075	glm	7	False	fraction 0.07 < 0.75; containment 0.06 < 0.5	-	single enzyme: no cross-enzyme consistency check available
S_8221232	GCF_010365865.1	s__Treponema_sp010365865	1.503024061	0.841017111	0.1987906274	0.1996233522	0.9917277634	-0.01198395044	NA	1323	0.7894277075	0.3248279788	-0.6486350901	0.6246671892	1	1	1	BcgI	NA	fixed	2891824.629	glm	21	False	fraction 0.20 < 0.75; containment 0.20 < 0.5	-	single enzyme: no cross-enzyme consistency check available
S_8221232	GCF_010667605.1	s__Bifidobacterium_dentium	NA	NA	NA	0.00403601366	NA	NA	NA	0	NA	NA	NA	NA	0	1	0	-	NA	fixed	NA	none	0	False	containment 0.00 < 0.5; only 0/1 enzymes produced a fit; no PTR estimate	BcgI:only 1 windows after outlier trimming	no enzyme produced a usable estimate
S_8221232	GCF_011029265.1	s__Lactobacillus_crispatus	NA	NA	NA	0	NA	NA	NA	0	NA	NA	NA	NA	0	1	0	-	NA	fixed	NA	none	0	False	containment 0.00 < 0.5; only 0/1 enzymes produced a fit; no PTR estimate	BcgI:only 0 windows after outlier trimming	no enzyme produced a usable estimate
S_8221232	GCF_011038775.1	s__Neisseria_sp011038745	NA	NA	NA	0.004494382022	NA	NA	NA	0	NA	NA	NA	NA	0	1	0	-	NA	fixed	NA	none	0	False	containment 0.00 < 0.5; only 0/1 enzymes produced a fit; no PTR estimate	BcgI:only 3 windows after outlier trimming	no enzyme produced a usable estimate
S_8221232	GCF_011038885.1	s__Pauljensenia_sp011038875	NA	NA	NA	0.0004631773969	NA	NA	NA	0	NA	NA	NA	NA	0	1	0	-	NA	fixed	NA	none	0	False	containment 0.00 < 0.5; only 0/1 enzymes produced a fit; no PTR estimate	BcgI:only 1 windows after outlier trimming	no enzyme produced a usable estimate
S_8221232	GCF_011751965.1	s__Actinomyces_sp011751985	NA	NA	NA	0.001404987706	NA	NA	NA	0	NA	NA	NA	NA	0	1	0	-	NA	fixed	NA	none	0	False	containment 0.00 < 0.5; only 0/1 enzymes produced a fit; no PTR estimate	BcgI:only 2 windows after outlier trimming	no enzyme produced a usable estimate
S_8221232	GCF_011752065.1	s__Actinomyces_sp011752065	6.843332853	5.695238095	0.121799897	0.01226993865	5.048900376	2.335969211	NA	703	0.9862213846	0.9999972226	0.3760106697	4.295927752	1	1	1	BcgI	NA	fixed	1510725.625	glm	15	False	fraction 0.12 < 0.75; dispersion 5.70 > 5.0; containment 0.01 < 0.5	-	single enzyme: no cross-enzyme consistency check available
S_8221232	GCF_011759595.1	s__Acinetobacter_guillouiae	NA	NA	NA	0.002640264026	NA	NA	NA	0	NA	NA	NA	NA	0	1	0	-	NA	fixed	NA	none	0	False	containment 0.00 < 0.5; only 0/1 enzymes produced a fit; no PTR estimate	BcgI:only 0 windows after outlier trimming	no enzyme produced a usable estimate
S_8221232	GCF_012184455.1	s__Caulobacter_vibrioides_E	NA	NA	NA	0.0005412719892	NA	NA	NA	0	NA	NA	NA	NA	0	1	0	-	NA	fixed	NA	none	0	False	containment 0.00 < 0.5; only 0/1 enzymes produced a fit; no PTR estimate	BcgI:only 0 windows after outlier trimming	no enzyme produced a usable estimate
S_8221232	GCF_012273215.1	s__Gemella_haemolysans_A	4.052152429	3.776531493	0.1497619048	0.1503267974	8.690722682	3.11947615	NA	153	0.9961198168	1.675913413	-0.1652537815	6.404206082	1	1	1	BcgI	NA	fixed	1134119.062	glm	6	False	fraction 0.15 < 0.75; containment 0.15 < 0.5	-	single enzyme: no cross-enzyme consistency check available
S_8221232	GCF_012396635.1	s__Gemella_sanguinis	6.395167692	8.092557648	0.4889258481	0.3684210526	2.106572142	1.074897324	NA	129	0.9641901354	0.989267186	-0.8640307319	3.013825379	1	1	1	BcgI	NA	fixed	1203836.819	glm	18	False	fraction 0.49 < 0.75; dispersion 8.09 > 5.0; containment 0.37 < 0.5	-	single enzyme: no cross-enzyme consistency check available
S_8221232	GCF_012490605.1	s__Shewanella_xiamenensis	2.961325549	1.226190476	0.0314305343	0.01184256357	3.375302147	1.755016654	NA	518	0.7935174374	1.122793935	-0.445619022	3.955652329	1	1	1	BcgI	NA	fixed	4239662.417	glm	9	False	fraction 0.03 < 0.75; containment 0.01 < 0.5	-	single enzyme: no cross-enzyme consistency check available
S_8221232	GCF_012843315.1	s__Streptococcus_sp012843315	NA	NA	NA	0.1057692308	NA	NA	NA	0	NA	NA	NA	NA	0	1	0	-	NA	fixed	NA	none	0	False	containment 0.11 < 0.5; only 0/1 enzymes produced a fit; no PTR estimate	BcgI:only 4 windows after outlier trimming	no enzyme produced a usable estimate
S_8221232	GCF_012978895.1	s__Campylobacter_A_curvus	NA	NA	NA	0.001824817518	NA	NA	NA	0	NA	NA	NA	NA	0	1	0	-	NA	fixed	NA	none	0	False	containment 0.00 < 0.5; only 0/1 enzymes produced a fit; no PTR estimate	BcgI:only 1 windows after outlier trimming	no enzyme produced a usable estimate
S_8221232	GCF_013016685.1	s__Neisseria_gonorrhoeae	18.79722611	5.4	0.1830733443	0.02105263158	38.58186751	5.269851072	NA	110	0.997621065	2.68587267	0.005637372204	10.53406477	1	1	1	BcgI	NA	fixed	1093876.494	glm	11	False	fraction 0.18 < 0.75; dispersion 5.40 > 5.0; containment 0.02 < 0.5	-	single enzyme: no cross-enzyme consistency check available
S_8221232	GCF_013099015.1	s__TM7x_sp013099015	4.740251222	5.548051948	0.09111111111	0.05882352941	5.457755207	2.448307688	NA	155	0.9929373523	0.9986559647	0.490977964	4.405637412	1	1	1	BcgI	NA	fixed	275956.13	glm	6	False	fraction 0.09 < 0.75; dispersion 5.55 > 5.0; containment 0.06 < 0.5	-	single enzyme: no cross-enzyme consistency check available
S_8221232	GCF_013099195.1	s__TM7x_sp013099195	NA	NA	NA	0.07251908397	NA	NA	NA	0	NA	NA	NA	NA	0	1	0	-	NA	fixed	NA	none	0	False	containment 0.07 < 0.5; only 0/1 enzymes produced a fit; no PTR estimate	BcgI:only 3 windows after outlier trimming	no enzyme produced a usable estimate
S_8221232	GCF_013100805.1	s__TM7x_sp013100805	NA	NA	NA	0.02834008097	NA	NA	NA	0	NA	NA	NA	NA	0	1	0	-	NA	fixed	NA	none	0	False	containment 0.03 < 0.5; only 0/1 enzymes produced a fit; no PTR estimate	BcgI:only 3 windows after outlier trimming	no enzyme produced a usable estimate
S_8221232	GCF_013100825.1	s__TM7x_sp013100825	3.874893531	18.61538462	0.0445	0.03017241379	53.16770387	5.732478258	NA	132	0.9966456176	0.912872442	3.943281149	7.521675367	1	1	1	BcgI	NA	fixed	815975.6533	glm	5	False	fraction 0.04 < 0.75; dispersion 18.62 > 5.0; containment 0.03 < 0.5	-	single enzyme: no cross-enzyme consistency check available
S_8221232	GCF_013267415.1	s__Abiotrophia_defectiva	9.884622151	22.32894378	0.3844117647	0.3860759494	2.417912962	1.273762313	NA	424	0.9930799124	0.7275477116	-0.1522049991	2.699729625	1	1	1	BcgI	NA	fixed	1508903.686	glm	17	False	fraction 0.38 < 0.75; dispersion 22.33 > 5.0; containment 0.39 < 0.5	-	single enzyme: no cross-enzyme consistency check available
S_8221232	GCF_013276505.1	s__Streptococcus_sp013276505	NA	NA	NA	0.08139534884	NA	NA	NA	0	NA	NA	NA	NA	0	1	0	-	NA	fixed	NA	none	0	False	containment 0.08 < 0.5; only 0/1 enzymes produced a fit; no PTR estimate	BcgI:only 4 windows after outlier trimming	no enzyme produced a usable estimate
S_8221232	GCF_013276755.1	s__Streptococcus_sp013276795	NA	NA	NA	0.01666666667	NA	NA	NA	0	NA	NA	NA	NA	0	1	0	-	NA	fixed	NA	none	0	False	containment 0.02 < 0.5; only 0/1 enzymes produced a fit; no PTR estimate	BcgI:only 0 windows after outlier trimming	no enzyme produced a usable estimate
S_8221232	GCF_013276955.1	s__Streptococcus_sp903645285	NA	NA	NA	0.01960784314	NA	NA	NA	0	NA	NA	NA	NA	0	1	0	-	NA	fixed	NA	none	0	False	containment 0.02 < 0.5; only 0/1 enzymes produced a fit; no PTR estimate	BcgI:only 2 windows after outlier trimming	no enzyme produced a usable estimate
S_8221232	GCF_013277075.1	s__Streptococcus_pseudopneumoniae_C	NA	NA	NA	0.1818181818	NA	NA	NA	0	NA	NA	NA	NA	0	1	0	-	NA	fixed	NA	none	0	False	containment 0.18 < 0.5; only 0/1 enzymes produced a fit; no PTR estimate	BcgI:only 26 anchors (< 30)	no enzyme produced a usable estimate
S_8221232	GCF_013277115.1	s__Streptococcus_mitis_AW	NA	NA	NA	0.05813953488	NA	NA	NA	0	NA	NA	NA	NA	0	1	0	-	NA	fixed	NA	none	0	False	containment 0.06 < 0.5; only 0/1 enzymes produced a fit; no PTR estimate	BcgI:only 2 windows after outlier trimming	no enzyme produced a usable estimate
S_8221232	GCF_013277125.1	s__Streptococcus_sp013277415	NA	NA	NA	0.06024096386	NA	NA	NA	0	NA	NA	NA	NA	0	1	0	-	NA	fixed	NA	none	0	False	containment 0.06 < 0.5; only 0/1 enzymes produced a fit; no PTR estimate	BcgI:only 2 windows after outlier trimming	no enzyme produced a usable estimate
S_8221232	GCF_013277195.1	s__Streptococcus_mitis_BA	19.76405074	NA	0.1802380952	0.08219178082	33.1488569	5.050887216	NA	33	0.9763630353	2.018621829	1.094461133	9.007313299	1	1	1	BcgI	NA	fixed	275641.9056	glm	5	False	fraction 0.18 < 0.75; containment 0.08 < 0.5	-	single enzyme: no cross-enzyme consistency check available
S_8221232	GCF_013277495.1	s__Streptococcus_sp013277515	NA	NA	NA	0.01515151515	NA	NA	NA	0	NA	NA	NA	NA	0	1	0	-	NA	fixed	NA	none	0	False	containment 0.02 < 0.5; only 0/1 enzymes produced a fit; no PTR estimate	BcgI:only 1 windows after outlier trimming	no enzyme produced a usable estimate
S_8221232	GCF_013284375.1	s__Brevibacillus_parabrevis	NA	NA	NA	0.0001745505324	NA	NA	NA	0	NA	NA	NA	NA	0	1	0	-	NA	fixed	NA	none	0	False	containment 0.00 < 0.5; only 0/1 enzymes produced a fit; no PTR estimate	BcgI:only 1 windows after outlier trimming	no enzyme produced a usable estimate
S_8221232	GCF_013305725.1	s__Streptococcus_mitis_BO	NA	NA	NA	0.1212121212	NA	NA	NA	0	NA	NA	NA	NA	0	1	0	-	NA	fixed	NA	none	0	False	containment 0.12 < 0.5; only 0/1 enzymes produced a fit; no PTR estimate	BcgI:only 2 windows after outlier trimming	no enzyme produced a usable estimate
S_8221232	GCF_013307375.1	s__Moraxella_bovoculi	NA	NA	NA	0	NA	NA	NA	0	NA	NA	NA	NA	0	1	0	-	NA	fixed	NA	none	0	False	containment 0.00 < 0.5; only 0/1 enzymes produced a fit; no PTR estimate	BcgI:only 0 windows after outlier trimming	no enzyme produced a usable estimate
S_8221232	GCF_013377255.1	s__Mannheimia_granulomatis	NA	NA	NA	0	NA	NA	NA	0	NA	NA	NA	NA	0	1	0	-	NA	fixed	NA	none	0	False	containment 0.00 < 0.5; only 0/1 enzymes produced a fit; no PTR estimate	BcgI:only 0 windows after outlier trimming	no enzyme produced a usable estimate
S_8221232	GCF_013378355.1	s__Streptococcus_sanguinis_I	12.98465283	12.9513579	0.08461538462	0.05917159763	0.2513753296	-1.992085026	NA	188	0.8240488996	1.572529461	-5.074186136	1.090016083	1	1	1	BcgI	NA	fixed	279468.2278	glm	8	False	fraction 0.08 < 0.75; dispersion 12.95 > 5.0; containment 0.06 < 0.5	-	single enzyme: no cross-enzyme consistency check available
S_8221232	GCF_013386405.1	s__Pseudomonas_E_putida_E	2.651519091	NA	0.0207397881	0.003015226896	4.242333854	2.084858159	NA	550	0.7067203952	1.803893119	-1.450707385	5.620423704	1	1	1	BcgI	NA	fixed	3472044.942	glm	7	False	fraction 0.02 < 0.75; containment 0.00 < 0.5	-	single enzyme: no cross-enzyme consistency check available
S_8221232	GCF_013390465.1	s__Xanthomonas_campestris	NA	NA	NA	0.0001514692517	NA	NA	NA	0	NA	NA	NA	NA	0	1	0	-	NA	fixed	NA	none	0	False	containment 0.00 < 0.5; only 0/1 enzymes produced a fit; no PTR estimate	BcgI:only 0 windows after outlier trimming	no enzyme produced a usable estimate
S_8221232	GCF_013393195.1	s__Flavobacterium_collinsii_A	NA	NA	NA	0	NA	NA	NA	0	NA	NA	NA	NA	0	1	0	-	NA	fixed	NA	none	0	False	containment 0.00 < 0.5; only 0/1 enzymes produced a fit; no PTR estimate	BcgI:only 0 windows after outlier trimming	no enzyme produced a usable estimate
S_8221232	GCF_013394695.1	s__Streptococcus_sp013394695	8.09436485	15.55991127	0.484	0.4689655172	2.35125248	1.233429465	NA	120	0.9903422717	1.07320116	-0.8700061557	3.336865086	1	1	1	BcgI	NA	fixed	1396411.2	glm	5	False	fraction 0.48 < 0.75; dispersion 15.56 > 5.0; containment 0.47 < 0.5	-	single enzyme: no cross-enzyme consistency check available
S_8221232	GCF_013394755.1	s__TM7x_sp005697215	NA	NA	NA	0.01646090535	NA	NA	NA	0	NA	NA	NA	NA	0	1	0	-	NA	fixed	NA	none	0	False	containment 0.02 < 0.5; only 0/1 enzymes produced a fit; no PTR estimate	BcgI:only 3 windows after outlier trimming	no enzyme produced a usable estimate
S_8221232	GCF_013394795.1	s__Leptotrichia_sp013394795	2.968629086	3.628111645	0.1805589681	0.1610169492	8.404577687	3.071175329	NA	209	0.9915743022	0.4786501334	2.133038306	4.009312351	1	1	1	BcgI	NA	fixed	2023909.558	glm	8	False	fraction 0.18 < 0.75; containment 0.16 < 0.5	-	single enzyme: no cross-enzyme consistency check available
S_8221232	GCF_013410305.1	s__Corynebacterium_durum	2.280555988	3.322800325	0.3885932862	0.3865912059	1.236445066	0.3061981442	NA	1933	0.9828496673	0.3531635186	-0.3859896329	0.9983859214	1	1	1	BcgI	NA	fixed	1934586.558	glm	21	False	fraction 0.39 < 0.75; containment 0.39 < 0.5	-	single enzyme: no cross-enzyme consistency check available
S_8221232	GCF_013415415.1	s__Actinomyces_bowdenii_B	NA	NA	NA	0.0004541326067	NA	NA	NA	0	NA	NA	NA	NA	0	1	0	-	NA	fixed	NA	none	0	False	containment 0.00 < 0.5; only 0/1 enzymes produced a fit; no PTR estimate	BcgI:only 1 windows after outlier trimming	no enzyme produced a usable estimate
S_8221232	GCF_013522775.1	s__Pseudomonas_B_oryzihabitans	NA	NA	NA	0	NA	NA	NA	0	NA	NA	NA	NA	0	1	0	-	NA	fixed	NA	none	0	False	containment 0.00 < 0.5; only 0/1 enzymes produced a fit; no PTR estimate	BcgI:only 0 windows after outlier trimming	no enzyme produced a usable estimate
S_8221232	GCF_014054965.1	s__Eikenella_shayeganii	NA	NA	NA	0.002199010445	NA	NA	NA	0	NA	NA	NA	NA	0	1	0	-	NA	fixed	NA	none	0	False	containment 0.00 < 0.5; only 0/1 enzymes produced a fit; no PTR estimate	BcgI:only 3 windows after outlier trimming	no enzyme produced a usable estimate
S_8221232	GCF_014141695.1	s__Ralstonia_pickettii	NA	NA	NA	0.002555762082	NA	NA	NA	0	NA	NA	NA	NA	0	1	0	-	NA	fixed	NA	none	0	False	containment 0.00 < 0.5; only 0/1 enzymes produced a fit; no PTR estimate	BcgI:only 4 windows after outlier trimming	no enzyme produced a usable estimate
S_8221232	GCF_014142545.1	s__Ralstonia_pickettii_B	NA	NA	NA	0.002808988764	NA	NA	NA	0	NA	NA	NA	NA	0	1	0	-	NA	fixed	NA	none	0	False	containment 0.00 < 0.5; only 0/1 enzymes produced a fit; no PTR estimate	BcgI:only 1 windows after outlier trimming	no enzyme produced a usable estimate
S_8221232	GCF_014145815.1	s__Stenotrophomonas_koreensis	NA	NA	NA	0.0005750431282	NA	NA	NA	0	NA	NA	NA	NA	0	1	0	-	NA	fixed	NA	none	0	False	containment 0.00 < 0.5; only 0/1 enzymes produced a fit; no PTR estimate	BcgI:only 1 windows after outlier trimming	no enzyme produced a usable estimate
S_8221232	GCF_014194675.1	s__Comamonas_aquatica	1.67835898	0.3333333333	0.01191570881	0.003596044351	1.487137346	0.5725378947	NA	587	0.6416052778	0.5249939648	-0.4564313684	1.601507158	1	1	1	BcgI	NA	fixed	1177622.102	glm	6	False	fraction 0.01 < 0.75; containment 0.00 < 0.5	-	single enzyme: no cross-enzyme consistency check available
S_8221232	GCF_014195585.1	s__Alloprevotella_rava	NA	NA	NA	0.01531023368	NA	NA	NA	0	NA	NA	NA	NA	0	1	0	-	NA	fixed	NA	none	0	False	containment 0.02 < 0.5; only 0/1 enzymes produced a fit; no PTR estimate	BcgI:only 4 windows after outlier trimming	no enzyme produced a usable estimate
S_8221232	GCF_014199985.1	s__Methylobacterium_rhodesianum	NA	NA	NA	0	NA	NA	NA	0	NA	NA	NA	NA	0	1	0	-	NA	fixed	NA	none	0	False	containment 0.00 < 0.5; only 0/1 enzymes produced a fit; no PTR estimate	BcgI:only 0 windows after outlier trimming	no enzyme produced a usable estimate
S_8221232	GCF_014217915.1	s__Janibacter_indicus	NA	NA	NA	0.0002192021043	NA	NA	NA	0	NA	NA	NA	NA	0	1	0	-	NA	fixed	NA	none	0	False	containment 0.00 < 0.5; only 0/1 enzymes produced a fit; no PTR estimate	BcgI:only 0 windows after outlier trimming	no enzyme produced a usable estimate
S_8221232	GCF_014253065.1	s__Campylobacter_A_sp014253065	2.183474821	1.548189689	0.08045977011	0.05691056911	1.619236806	0.6953139885	NA	435	0.6900295429	0.8915053944	-1.052004477	2.442632454	1	1	1	BcgI	NA	fixed	522745.0094	glm	15	False	fraction 0.08 < 0.75; containment 0.06 < 0.5	-	single enzyme: no cross-enzyme consistency check available
S_8221232	GCF_014334325.1	s__Treponema_D_sp014334325	2.169785557	0.925	0.01816588689	0.007202016565	2.168775308	1.116880593	NA	762	0.6862591217	0.7264956132	-0.3070246438	2.54078583	1	1	1	BcgI	NA	fixed	1406834.119	glm	7	False	fraction 0.02 < 0.75; containment 0.01 < 0.5	-	single enzyme: no cross-enzyme consistency check available
S_8221232	GCF_014334335.1	s__Treponema_D_sp014334335	NA	NA	NA	0.0009852216749	NA	NA	NA	0	NA	NA	NA	NA	0	1	0	-	NA	fixed	NA	none	0	False	containment 0.00 < 0.5; only 0/1 enzymes produced a fit; no PTR estimate	BcgI:only 1 windows after outlier trimming	no enzyme produced a usable estimate
S_8221232	GCF_014385435.1	s__F0040_sp003639005	2.781780523	2.845432475	0.03952493178	0.02697998259	3.155946398	1.658072702	NA	1323	0.9260951837	1.504663989	-1.291014525	4.607159929	1	1	1	BcgI	NA	fixed	160276.2014	glm	17	False	fraction 0.04 < 0.75; containment 0.03 < 0.5	-	single enzyme: no cross-enzyme consistency check available
S_8221232	GCF_014489875.1	s__Stenotrophomonas_pavanii	0.9414545491	0.4960556894	0.06976491061	0.06222728135	2.606627171	1.382184247	NA	4251	0.9891897036	0.2789835372	0.8353865621	1.928981933	1	1	1	BcgI	NA	fixed	992038.5417	glm	51	False	coverage 0.94 < 1.0; fraction 0.07 < 0.75; containment 0.06 < 0.5	-	single enzyme: no cross-enzyme consistency check available
S_8221232	GCF_014596365.1	s__Neisseria_flavescens_B	40.39614015	66.4034603	0.3536332005	0.3041322314	3.099854655	1.632200572	NA	521	0.9998188643	0.7778229948	0.1076955163	3.156705629	1	1	1	BcgI	NA	fixed	1939648.797	glm	23	False	fraction 0.35 < 0.75; dispersion 66.40 > 5.0; containment 0.30 < 0.5	-	single enzyme: no cross-enzyme consistency check available
S_8221232	GCF_900014995.1	s__Pseudoclavibacter_helvolus	NA	NA	NA	0.0001573564123	NA	NA	NA	0	NA	NA	NA	NA	0	1	0	-	NA	fixed	NA	none	0	False	containment 0.00 < 0.5; only 0/1 enzymes produced a fit; no PTR estimate	BcgI:only 1 windows after outlier trimming	no enzyme produced a usable estimate
S_8221232	GCF_900052935.1	s__Legionella_pneumophila	NA	NA	NA	0	NA	NA	NA	0	NA	NA	NA	NA	0	1	0	-	NA	fixed	NA	none	0	False	containment 0.00 < 0.5; only 0/1 enzymes produced a fit; no PTR estimate	BcgI:only 0 windows after outlier trimming	no enzyme produced a usable estimate
S_8221232	GCF_900061175.1	s__Streptococcus_pneumoniae	NA	NA	NA	0.05263157895	NA	NA	NA	0	NA	NA	NA	NA	0	1	0	-	NA	fixed	NA	none	0	False	containment 0.05 < 0.5; only 0/1 enzymes produced a fit; no PTR estimate	BcgI:only 4 windows after outlier trimming	no enzyme produced a usable estimate
S_8221232	GCF_900095705.1	s__Fusobacterium_massiliense	NA	NA	NA	0.01851851852	NA	NA	NA	0	NA	NA	NA	NA	0	1	0	-	NA	fixed	NA	none	0	False	containment 0.02 < 0.5; only 0/1 enzymes produced a fit; no PTR estimate	BcgI:only 1 windows after outlier trimming	no enzyme produced a usable estimate
S_8221232	GCF_900101615.1	s__Belnapia_rosea	NA	NA	NA	0.0003740182022	NA	NA	NA	0	NA	NA	NA	NA	0	1	0	-	NA	fixed	NA	none	0	False	containment 0.00 < 0.5; only 0/1 enzymes produced a fit; no PTR estimate	BcgI:only 1 windows after outlier trimming	no enzyme produced a usable estimate
S_8221232	GCF_900104285.1	s__Streptococcus_sp900104285	NA	NA	NA	0.07594936709	NA	NA	NA	0	NA	NA	NA	NA	0	1	0	-	NA	fixed	NA	none	0	False	containment 0.08 < 0.5; only 0/1 enzymes produced a fit; no PTR estimate	BcgI:only 4 windows after outlier trimming	no enzyme produced a usable estimate
S_8221232	GCF_900107735.1	s__Bowdeniella_nasicola_A	NA	NA	NA	0.0005711022273	NA	NA	NA	0	NA	NA	NA	NA	0	1	0	-	NA	fixed	NA	none	0	False	containment 0.00 < 0.5; only 0/1 enzymes produced a fit; no PTR estimate	BcgI:only 1 windows after outlier trimming	no enzyme produced a usable estimate
S_8221232	GCF_900111135.1	s__Granulicatella_balaenopterae	NA	NA	NA	0.00272479564	NA	NA	NA	0	NA	NA	NA	NA	0	1	0	-	NA	fixed	NA	none	0	False	containment 0.00 < 0.5; only 0/1 enzymes produced a fit; no PTR estimate	BcgI:only 1 windows after outlier trimming	no enzyme produced a usable estimate
S_8221232	GCF_900112185.1	s__Bosea_sp900112185	NA	NA	NA	9.992006395e-05	NA	NA	NA	0	NA	NA	NA	NA	0	1	0	-	NA	fixed	NA	none	0	False	containment 0.00 < 0.5; only 0/1 enzymes produced a fit; no PTR estimate	BcgI:only 1 windows after outlier trimming	no enzyme produced a usable estimate
S_8221232	GCF_900113305.1	s__Prevotella_sp900113305	NA	NA	NA	0.001796945193	NA	NA	NA	0	NA	NA	NA	NA	0	1	0	-	NA	fixed	NA	none	0	False	containment 0.00 < 0.5; only 0/1 enzymes produced a fit; no PTR estimate	BcgI:only 3 windows after outlier trimming	no enzyme produced a usable estimate
S_8221232	GCF_900115315.1	s__Capnocytophaga_haemolytica	1.350768039	1.007265654	0.2102077944	0.2130660728	1.411238655	0.4969619828	NA	1155	0.8265884548	0.4865179939	-0.4565957632	1.450519729	1	1	1	BcgI	NA	fixed	785350.2833	glm	26	False	fraction 0.21 < 0.75; containment 0.21 < 0.5	-	single enzyme: no cross-enzyme consistency check available
S_8221232	GCF_900115545.1	s__Ralstonia_sp900115545	NA	NA	NA	0.0001915341889	NA	NA	NA	0	NA	NA	NA	NA	0	1	0	-	NA	fixed	NA	none	0	False	containment 0.00 < 0.5; only 0/1 enzymes produced a fit; no PTR estimate	BcgI:only 0 windows after outlier trimming	no enzyme produced a usable estimate
S_8221232	GCF_900115665.1	s__Pseudarcicella_hirudinis	NA	NA	NA	0	NA	NA	NA	0	NA	NA	NA	NA	0	1	0	-	NA	fixed	NA	none	0	False	containment 0.00 < 0.5; only 0/1 enzymes produced a fit; no PTR estimate	BcgI:only 0 windows after outlier trimming	no enzyme produced a usable estimate
S_8221232	GCF_900118505.1	s__Chlamydophila_abortus	NA	NA	NA	0	NA	NA	NA	0	NA	NA	NA	NA	0	1	0	-	NA	fixed	NA	none	0	False	containment 0.00 < 0.5; only 0/1 enzymes produced a fit; no PTR estimate	BcgI:only 0 windows after outlier trimming	no enzyme produced a usable estimate
S_8221232	GCF_900120245.1	s__Pauljensenia_marseillensis	3.776366635	4.592669627	0.2255005926	0.231884058	2.588475896	1.372102884	NA	953	0.9991189111	0.5967441171	0.2025059065	2.541699862	1	1	1	BcgI	NA	fixed	1360048.636	glm	23	False	fraction 0.23 < 0.75; containment 0.23 < 0.5	-	single enzyme: no cross-enzyme consistency check available
S_8221232	GCF_900128465.1	s__Pauljensenia_bouchesdurhonensis	5.475544796	5.200287436	0.0412275764	0.02874743326	2.398678538	1.262239826	NA	1410	0.9793010405	0.6354052734	0.01686837456	2.507611278	1	1	1	BcgI	NA	fixed	1504530.741	glm	19	False	fraction 0.04 < 0.75; dispersion 5.20 > 5.0; containment 0.03 < 0.5	-	single enzyme: no cross-enzyme consistency check available
S_8221232	GCF_900155595.1	s__Pauljensenia_mediterranea	NA	NA	NA	0.001454757056	NA	NA	NA	0	NA	NA	NA	NA	0	1	0	-	NA	fixed	NA	none	0	False	containment 0.00 < 0.5; only 0/1 enzymes produced a fit; no PTR estimate	BcgI:only 3 windows after outlier trimming	no enzyme produced a usable estimate
S_8221232	GCF_900156035.1	s__Corynebacterium_afermentans	NA	NA	NA	0.0003946329913	NA	NA	NA	0	NA	NA	NA	NA	0	1	0	-	NA	fixed	NA	none	0	False	containment 0.00 < 0.5; only 0/1 enzymes produced a fit; no PTR estimate	BcgI:only 0 windows after outlier trimming	no enzyme produced a usable estimate
S_8221232	GCF_900156605.1	s__Insolitispirillum_peregrinum	NA	NA	NA	0.0009546539379	NA	NA	NA	0	NA	NA	NA	NA	0	1	0	-	NA	fixed	NA	none	0	False	containment 0.00 < 0.5; only 0/1 enzymes produced a fit; no PTR estimate	BcgI:only 1 windows after outlier trimming	no enzyme produced a usable estimate
S_8221232	GCF_900186465.1	s__Centipeda_felix	1.969244003	1.798490808	0.1572183055	0.123501199	1.57322903	0.6537287126	NA	2166	0.9214396294	0.452957586	-0.2340518426	1.541509268	1	1	1	BcgI	NA	fixed	1334236.849	glm	24	False	fraction 0.16 < 0.75; containment 0.12 < 0.5	-	single enzyme: no cross-enzyme consistency check available
S_8221232	GCF_900186885.1	s__Veillonella_parvula	8.515633169	8.622692803	0.2597647059	0.2644628099	2.40670436	1.267058932	NA	242	0.9713100469	1.011859734	-0.7161497053	3.250267569	1	1	1	BcgI	NA	fixed	1369056.99	glm	10	False	fraction 0.26 < 0.75; dispersion 8.62 > 5.0; containment 0.26 < 0.5	-	single enzyme: no cross-enzyme consistency check available
S_8221232	GCF_900187285.1	s__Veillonella_rodentium	NA	NA	NA	0.007836990596	NA	NA	NA	0	NA	NA	NA	NA	0	1	0	-	NA	fixed	NA	none	0	False	containment 0.01 < 0.5; only 0/1 enzymes produced a fit; no PTR estimate	BcgI:only 3 windows after outlier trimming	no enzyme produced a usable estimate
S_8221232	GCF_900199505.1	s__KH17_sp900199505	NA	NA	NA	0	NA	NA	NA	0	NA	NA	NA	NA	0	1	0	-	NA	fixed	NA	none	0	False	containment 0.00 < 0.5; only 0/1 enzymes produced a fit; no PTR estimate	BcgI:only 0 windows after outlier trimming	no enzyme produced a usable estimate
S_8221232	GCF_900289195.1	s__Propionibacterium_sp900289195	NA	NA	NA	0.0006662225183	NA	NA	NA	0	NA	NA	NA	NA	0	1	0	-	NA	fixed	NA	none	0	False	containment 0.00 < 0.5; only 0/1 enzymes produced a fit; no PTR estimate	BcgI:only 0 windows after outlier trimming	no enzyme produced a usable estimate
S_8221232	GCF_900290285.1	s__Centipeda_massiliensis	1.204835741	0.5805084207	0.06598053067	0.0540625988	1.437421628	0.5234832986	NA	2519	0.6858301593	0.506335689	-0.468916416	1.515883013	1	1	1	BcgI	NA	fixed	655025.7478	glm	27	False	fraction 0.07 < 0.75; containment 0.05 < 0.5	-	single enzyme: no cross-enzyme consistency check available
S_8221232	GCF_900407485.1	s__Haemophilus_influenzae	NA	NA	NA	0.07462686567	NA	NA	NA	0	NA	NA	NA	NA	0	1	0	-	NA	fixed	NA	none	0	False	containment 0.07 < 0.5; only 0/1 enzymes produced a fit; no PTR estimate	BcgI:only 3 windows after outlier trimming	no enzyme produced a usable estimate
S_8221232	GCF_900445025.1	s__Pauljensenia_odontolytica	8.697991902	8.802796565	0.04378254807	0.02571428571	1.680719479	0.749078951	NA	1551	0.9015403108	1.061811662	-1.332033665	2.830191567	1	1	1	BcgI	NA	fixed	803562.7056	glm	19	False	fraction 0.04 < 0.75; dispersion 8.80 > 5.0; containment 0.03 < 0.5	-	single enzyme: no cross-enzyme consistency check available
S_8221232	GCF_900450505.1	s__Slackia_exigua	1.718367451	0.2916666667	0.015	0.004333418302	1.806710443	0.8533653078	NA	600	0.6580797933	0.4159499159	0.03811845325	1.668612162	1	1	1	BcgI	NA	fixed	788935.5892	glm	6	False	fraction 0.02 < 0.75; containment 0.00 < 0.5	-	single enzyme: no cross-enzyme consistency check available
S_8221232	GCF_900450875.1	s__Haemophilus_A_parahaemolyticus	33.28346605	76.4336525	0.4372119816	0.4346733668	3.075591023	1.620863674	NA	734	0.9996989354	0.5214054382	0.5989277935	2.642799554	1	1	1	BcgI	NA	fixed	302405.0819	glm	24	False	fraction 0.44 < 0.75; dispersion 76.43 > 5.0; containment 0.43 < 0.5	-	single enzyme: no cross-enzyme consistency check available
S_8221232	GCF_900450995.1	s__Haemophilus_D_parainfluenzae_M	4.401824406	7.397173937	0.1131818182	0.1074918567	2.392306853	1.258402451	NA	282	0.8962508811	2.075661253	-2.809818849	5.326623751	1	1	1	BcgI	NA	fixed	2041173.575	glm	11	False	fraction 0.11 < 0.75; dispersion 7.40 > 5.0; containment 0.11 < 0.5	-	single enzyme: no cross-enzyme consistency check available
S_8221232	GCF_900451065.1	s__Haemophilus_A_paraphrohaemolyticus	13.78461093	55.78087505	0.203493266	0.2098914355	3.722381547	1.89622594	NA	795	0.9993032198	1.313667873	-0.6785157777	4.470967658	1	1	1	BcgI	NA	fixed	466374.6125	glm	24	False	fraction 0.20 < 0.75; dispersion 55.78 > 5.0; containment 0.21 < 0.5	-	single enzyme: no cross-enzyme consistency check available
S_8221232	GCF_900451175.1	s__Neisseria_potus	NA	NA	NA	0.003981797497	NA	NA	NA	0	NA	NA	NA	NA	0	1	0	-	NA	fixed	NA	none	0	False	containment 0.00 < 0.5; only 0/1 enzymes produced a fit; no PTR estimate	BcgI:only 3 windows after outlier trimming	no enzyme produced a usable estimate
S_8221232	GCF_900451365.1	s__Kingella_A_denitrificans	3.546456544	9.30762967	0.4186147186	0.4195888755	2.671941076	1.417888192	NA	1522	0.9995593415	0.3928722245	0.6478727818	2.187903603	1	1	1	BcgI	NA	fixed	1191790.143	glm	23	False	fraction 0.42 < 0.75; dispersion 9.31 > 5.0; containment 0.42 < 0.5	-	single enzyme: no cross-enzyme consistency check available
S_8221232	GCF_900452275.1	s__Kluyvera_cryocrescens	NA	NA	NA	0.006274275471	NA	NA	NA	0	NA	NA	NA	NA	0	1	0	-	NA	fixed	NA	none	0	False	containment 0.01 < 0.5; only 0/1 enzymes produced a fit; no PTR estimate	BcgI:only 1 windows after outlier trimming	no enzyme produced a usable estimate
S_8221232	GCF_900454205.1	s__Neisseria_zoodegmatis	NA	NA	NA	0.002672010688	NA	NA	NA	0	NA	NA	NA	NA	0	1	0	-	NA	fixed	NA	none	0	False	containment 0.00 < 0.5; only 0/1 enzymes produced a fit; no PTR estimate	BcgI:only 3 windows after outlier trimming	no enzyme produced a usable estimate
S_8221232	GCF_900454815.1	s__Porphyromonas_endodontalis	1.288149754	0.6481411863	0.07413273002	0.0625488663	2.065134421	1.046235691	NA	1008	0.7938394861	0.5880098131	-0.1062423652	2.198713747	1	1	1	BcgI	NA	fixed	1542296.263	glm	20	False	fraction 0.07 < 0.75; containment 0.06 < 0.5	-	single enzyme: no cross-enzyme consistency check available
S_8221232	GCF_900454835.1	s__Prevotella_denticola	1.748715234	1.480368626	0.2744115734	0.2704402516	1.286731038	0.3637105218	NA	1346	0.8199058111	0.3141310613	-0.2519750448	0.9793960883	1	1	1	BcgI	NA	fixed	2079284.834	glm	21	False	fraction 0.27 < 0.75; containment 0.27 < 0.5	-	single enzyme: no cross-enzyme consistency check available
S_8221232	GCF_900454935.1	s__Prevotella_pallens	4.94154436	6.382809967	0.5671912872	0.5641864268	1.506212702	0.5909255167	NA	1174	0.9838294533	0.3119724857	-0.02052931937	1.202380353	1	1	1	BcgI	NA	fixed	1197027.587	glm	24	False	fraction 0.57 < 0.75; dispersion 6.38 > 5.0	-	single enzyme: no cross-enzyme consistency check available
S_8221232	GCF_900459415.1	s__Streptococcus_infantis	NA	NA	NA	0.3211678832	NA	NA	NA	0	NA	NA	NA	NA	0	1	0	-	NA	fixed	NA	none	0	False	containment 0.32 < 0.5; only 0/1 enzymes produced a fit; no PTR estimate	BcgI:only 3 windows after outlier trimming	no enzyme produced a usable estimate
S_8221232	GCF_900460625.1	s__Actinobacillus_B_seminis	NA	NA	NA	0.002008032129	NA	NA	NA	0	NA	NA	NA	NA	0	1	0	-	NA	fixed	NA	none	0	False	containment 0.00 < 0.5; only 0/1 enzymes produced a fit; no PTR estimate	BcgI:only 1 windows after outlier trimming	no enzyme produced a usable estimate
S_8221232	GCF_900460955.1	s__Cardiobacterium_valvarum	1.312144811	1.090447869	0.1158770615	0.1207137859	1.40834853	0.4940044081	NA	2258	0.8306206251	0.5328633367	-0.5503885406	1.538397357	1	1	1	BcgI	NA	fixed	2102436.023	glm	23	False	fraction 0.12 < 0.75; containment 0.12 < 0.5	-	single enzyme: no cross-enzyme consistency check available
S_8221232	GCF_900469495.1	s__Agrobacterium_pusense	NA	NA	NA	0.0006605019815	NA	NA	NA	0	NA	NA	NA	NA	0	1	0	-	NA	fixed	NA	none	0	False	containment 0.00 < 0.5; only 0/1 enzymes produced a fit; no PTR estimate	BcgI:only 1 windows after outlier trimming	no enzyme produced a usable estimate
S_8221232	GCF_900469525.1	s__Allorhizobium_rosettiformans	NA	NA	NA	0	NA	NA	NA	0	NA	NA	NA	NA	0	1	0	-	NA	fixed	NA	none	0	False	containment 0.00 < 0.5; only 0/1 enzymes produced a fit; no PTR estimate	BcgI:only 0 windows after outlier trimming	no enzyme produced a usable estimate
S_8221232	GCF_900470035.1	s__Bosea_vestrisii	NA	NA	NA	0	NA	NA	NA	0	NA	NA	NA	NA	0	1	0	-	NA	fixed	NA	none	0	False	containment 0.00 < 0.5; only 0/1 enzymes produced a fit; no PTR estimate	BcgI:only 0 windows after outlier trimming	no enzyme produced a usable estimate
S_8221232	GCF_900476055.1	s__Streptococcus_australis	3.860955577	3.272299922	0.1358730159	0.1328413284	3.039195204	1.60368934	NA	221	0.9724428583	0.4940086325	0.6354502128	2.571928468	1	1	1	BcgI	NA	fixed	707942.07	glm	9	False	fraction 0.14 < 0.75; containment 0.13 < 0.5	-	single enzyme: no cross-enzyme consistency check available
S_8221232	GCF_900498865.1	s__Klebsiella_pneumoniae	NA	NA	NA	0.002083333333	NA	NA	NA	0	NA	NA	NA	NA	0	1	0	-	NA	fixed	NA	none	0	False	containment 0.00 < 0.5; only 0/1 enzymes produced a fit; no PTR estimate	BcgI:only 3 windows after outlier trimming	no enzyme produced a usable estimate
S_8221232	GCF_900499005.1	s__Pauljensenia_culturomici	NA	NA	NA	0.001356391997	NA	NA	NA	0	NA	NA	NA	NA	0	1	0	-	NA	fixed	NA	none	0	False	containment 0.00 < 0.5; only 0/1 enzymes produced a fit; no PTR estimate	BcgI:only 4 windows after outlier trimming	no enzyme produced a usable estimate
S_8221232	GCF_900536635.1	s__Propionibacterium_australiense	NA	NA	NA	0.0003146633103	NA	NA	NA	0	NA	NA	NA	NA	0	1	0	-	NA	fixed	NA	none	0	False	containment 0.00 < 0.5; only 0/1 enzymes produced a fit; no PTR estimate	BcgI:only 0 windows after outlier trimming	no enzyme produced a usable estimate
S_8221232	GCF_900555265.1	s__TM7x_sp900555265	12.7233863	15.28015205	0.1691281233	0.1420765027	1.75707635	0.8131768817	NA	157	0.9190373249	1.402847808	-1.936354298	3.562708062	1	1	1	BcgI	NA	fixed	61504.15167	glm	6	False	fraction 0.17 < 0.75; dispersion 15.28 > 5.0; containment 0.14 < 0.5	-	single enzyme: no cross-enzyme consistency check available
S_8221232	GCF_900555425.1	s__TM7x_sp900555425	13.02095929	24.52454511	0.4705128205	0.1319444444	2.04612996	1.032897781	NA	49	0.9239979605	1.644269305	-2.189810837	4.255606399	1	1	1	BcgI	NA	fixed	468416.1622	glm	13	False	fraction 0.47 < 0.75; dispersion 24.52 > 5.0; containment 0.13 < 0.5	-	single enzyme: no cross-enzyme consistency check available
S_8221232	GCF_900555675.1	s__TM7x_sp900555675	11.97566949	16.10284802	0.2791025641	0.1169590643	30.05318927	4.909446194	NA	69	0.9979924847	1.218488484	2.521252649	7.297639739	1	1	1	BcgI	NA	fixed	91409.94667	glm	10	False	fraction 0.28 < 0.75; dispersion 16.10 > 5.0; containment 0.12 < 0.5	-	single enzyme: no cross-enzyme consistency check available
S_8221232	GCF_900555885.1	s__TM7x_sp900555885	NA	NA	NA	0.08333333333	NA	NA	NA	0	NA	NA	NA	NA	0	1	0	-	NA	fixed	NA	none	0	False	containment 0.08 < 0.5; only 0/1 enzymes produced a fit; no PTR estimate	BcgI:only 16 anchors (< 30)	no enzyme produced a usable estimate
S_8221232	GCF_900556355.1	s__TM7x_sp900556355	NA	NA	NA	0.0641025641	NA	NA	NA	0	NA	NA	NA	NA	0	1	0	-	NA	fixed	NA	none	0	False	containment 0.06 < 0.5; only 0/1 enzymes produced a fit; no PTR estimate	BcgI:only 4 windows after outlier trimming	no enzyme produced a usable estimate
S_8221232	GCF_900556885.1	s__TM7x_sp900556885	17.4393899	20.03938824	0.8437304075	0.8482758621	4.403302108	2.13858583	NA	145	0.9986806552	1.094228662	-0.006062937878	4.283234598	1	1	1	BcgI	NA	fixed	131292.7794	glm	29	False	dispersion 20.04 > 5.0	-	single enzyme: no cross-enzyme consistency check available
S_8221232	GCF_900557595.1	s__TM7x_sp900557595	NA	NA	NA	0.126984127	NA	NA	NA	0	NA	NA	NA	NA	0	1	0	-	NA	fixed	NA	none	0	False	containment 0.13 < 0.5; only 0/1 enzymes produced a fit; no PTR estimate	BcgI:only 24 anchors (< 30)	no enzyme produced a usable estimate
S_8221232	GCF_900566195.1	s__Treponema_D_pectinovorum	NA	NA	NA	0.002838221381	NA	NA	NA	0	NA	NA	NA	NA	0	1	0	-	NA	fixed	NA	none	0	False	containment 0.00 < 0.5; only 0/1 enzymes produced a fit; no PTR estimate	BcgI:only 0 windows after outlier trimming	no enzyme produced a usable estimate
S_8221232	GCF_900573955.1	s__Campylobacter_A_showae_D	2.469924778	1.449635241	0.08333333333	0.05649717514	1.590983934	0.6699192673	NA	420	0.7051241543	0.7496944891	-0.7994549308	2.139293465	1	1	1	BcgI	NA	fixed	1831136.819	glm	15	False	fraction 0.08 < 0.75; containment 0.06 < 0.5	-	single enzyme: no cross-enzyme consistency check available
S_8221232	GCF_900573975.1	s__Campylobacter_A_showae_A	1.820397681	1.662241538	0.1644672532	0.1501272265	3.629855651	1.859912178	NA	675	0.9950224174	0.7665704765	0.3574616519	3.362362703	1	1	1	BcgI	NA	fixed	863816.7958	glm	22	False	fraction 0.16 < 0.75; containment 0.15 < 0.5	-	single enzyme: no cross-enzyme consistency check available
S_8221232	GCF_900573985.1	s__Campylobacter_A_showae_E	2.131816811	1.508490063	0.1100840336	0.09067017083	1.234658505	0.3041120608	NA	501	0.6514699096	0.7356916758	-1.137817127	1.746041249	1	1	1	BcgI	NA	fixed	149812.86	glm	17	False	fraction 0.11 < 0.75; containment 0.09 < 0.5	-	single enzyme: no cross-enzyme consistency check available
S_8221232	GCF_900605015.1	s__Olsenella_B_sp900605015	NA	NA	NA	0.0002715177844	NA	NA	NA	0	NA	NA	NA	NA	0	1	0	-	NA	fixed	NA	none	0	False	containment 0.00 < 0.5; only 0/1 enzymes produced a fit; no PTR estimate	BcgI:only 0 windows after outlier trimming	no enzyme produced a usable estimate
S_8221232	GCF_900607225.1	s__Arachnia_sp900607225	2.803909792	2.321440688	0.04127129751	0.03538518245	2.472100951	1.305737658	NA	2109	0.9500564349	0.7619787631	-0.1877132743	2.799188591	1	1	1	BcgI	NA	fixed	3114748.427	glm	21	False	fraction 0.04 < 0.75; containment 0.04 < 0.5	-	single enzyme: no cross-enzyme consistency check available
S_8221232	GCF_900634705.1	s__Frankia_coriariae	NA	NA	NA	0.0004454342984	NA	NA	NA	0	NA	NA	NA	NA	0	1	0	-	NA	fixed	NA	none	0	False	containment 0.00 < 0.5; only 0/1 enzymes produced a fit; no PTR estimate	BcgI:only 1 windows after outlier trimming	no enzyme produced a usable estimate
S_8221232	GCF_900635155.1	s__Streptococcus_sanguinis_G	19.90994278	34.96160336	0.1456363636	0.1360294118	9.10805154	3.187142455	NA	247	0.9991942007	1.551742939	0.1457821809	6.22850273	1	1	1	BcgI	NA	fixed	550712.9644	glm	10	False	fraction 0.15 < 0.75; dispersion 34.96 > 5.0; containment 0.14 < 0.5	-	single enzyme: no cross-enzyme consistency check available
S_8221232	GCF_900637555.1	s__Lautropia_mirabilis	55.67201184	157.3406282	0.703984375	0.7040050063	29832.01133	14.86457363	NA	3196	0.9997116809	0.1844172028	14.50312255	15.22602471	1	1	1	BcgI	NA	fixed	778133.8789	glm	32	False	fraction 0.70 < 0.75; dispersion 157.34 > 5.0	-	single enzyme: no cross-enzyme consistency check available
S_8221232	GCF_900683665.1	s__Bacteroides_heparinolyticus	NA	NA	NA	0.002290426019	NA	NA	NA	0	NA	NA	NA	NA	0	1	0	-	NA	fixed	NA	none	0	False	containment 0.00 < 0.5; only 0/1 enzymes produced a fit; no PTR estimate	BcgI:only 0 windows after outlier trimming	no enzyme produced a usable estimate
S_8221232	GCF_900755445.1	s__Haemophilus_D_sp900755445	NA	NA	NA	0.1414141414	NA	NA	NA	0	NA	NA	NA	NA	0	1	0	-	NA	fixed	NA	none	0	False	containment 0.14 < 0.5; only 0/1 enzymes produced a fit; no PTR estimate	BcgI:only 25 anchors (< 30)	no enzyme produced a usable estimate
S_8221232	GCF_900755485.1	s__F0422_sp900544365	NA	NA	NA	0.005494505495	NA	NA	NA	0	NA	NA	NA	NA	0	1	0	-	NA	fixed	NA	none	0	False	containment 0.01 < 0.5; only 0/1 enzymes produced a fit; no PTR estimate	BcgI:only 1 windows after outlier trimming	no enzyme produced a usable estimate
S_8221232	GCF_900756155.1	s__Haemophilus_D_sp900756155	8.934935787	18.30735056	0.2464079898	0.2088888889	17.09528929	4.095526931	NA	208	0.9982577552	1.312331831	1.523403807	6.667650055	1	1	1	BcgI	NA	fixed	743722.89	glm	14	False	fraction 0.25 < 0.75; dispersion 18.31 > 5.0; containment 0.21 < 0.5	-	single enzyme: no cross-enzyme consistency check available
S_8221232	GCF_900756875.1	s__Haemophilus_D_sp900756875	6.298005482	0.2	0.5397435897	0.157480315	1.258464061	0.331664017	NA	66	0.6376679973	0.7733270237	-1.184029098	1.847357132	1	1	1	BcgI	NA	fixed	940175.1028	glm	26	False	fraction 0.54 < 0.75; containment 0.16 < 0.5	-	single enzyme: no cross-enzyme consistency check available
S_8221232	GCF_900759775.1	s__F0422_sp003999875	NA	NA	NA	0	NA	NA	NA	0	NA	NA	NA	NA	0	1	0	-	NA	fixed	NA	none	0	False	containment 0.00 < 0.5; only 0/1 enzymes produced a fit; no PTR estimate	BcgI:only 0 windows after outlier trimming	no enzyme produced a usable estimate
S_8221232	GCF_900764435.1	s__Haemophilus_D_sp900764435	9.751915711	6.635755282	0.6701465201	0.2754237288	2.367135858	1.24314251	NA	100	0.9943311414	1.064527529	-0.8432931088	3.329578128	1	1	1	BcgI	NA	fixed	59432.765	glm	39	False	fraction 0.67 < 0.75; dispersion 6.64 > 5.0; containment 0.28 < 0.5	-	single enzyme: no cross-enzyme consistency check available
S_8221232	GCF_900765055.1	s__Limosilactobacillus_vaginalis_A	NA	NA	NA	0.008048289738	NA	NA	NA	0	NA	NA	NA	NA	0	1	0	-	NA	fixed	NA	none	0	False	containment 0.01 < 0.5; only 0/1 enzymes produced a fit; no PTR estimate	BcgI:only 3 windows after outlier trimming	no enzyme produced a usable estimate
S_8221232	GCF_900766245.1	s__F0422_sp900766245	NA	NA	NA	0	NA	NA	NA	0	NA	NA	NA	NA	0	1	0	-	NA	fixed	NA	none	0	False	containment 0.00 < 0.5; only 0/1 enzymes produced a fit; no PTR estimate	BcgI:only 0 windows after outlier trimming	no enzyme produced a usable estimate
S_8221232	GCF_900768625.1	s__Prevotellamassilia_sp900768625	NA	NA	NA	0.0004415011038	NA	NA	NA	0	NA	NA	NA	NA	0	1	0	-	NA	fixed	NA	none	0	False	containment 0.00 < 0.5; only 0/1 enzymes produced a fit; no PTR estimate	BcgI:only 0 windows after outlier trimming	no enzyme produced a usable estimate
S_8221232	GCF_900993765.1	s__Streptococcus_pyogenes	NA	NA	NA	0	NA	NA	NA	0	NA	NA	NA	NA	0	1	0	-	NA	fixed	NA	none	0	False	containment 0.00 < 0.5; only 0/1 enzymes produced a fit; no PTR estimate	BcgI:only 0 windows after outlier trimming	no enzyme produced a usable estimate
S_8221232	GCF_901542415.1	s__Streptococcus_mitis_BL	NA	NA	NA	0.09459459459	NA	NA	NA	0	NA	NA	NA	NA	0	1	0	-	NA	fixed	NA	none	0	False	containment 0.09 < 0.5; only 0/1 enzymes produced a fit; no PTR estimate	BcgI:only 2 windows after outlier trimming	no enzyme produced a usable estimate
S_8221232	GCF_901543175.1	s__Streptococcus_australis_A	NA	NA	NA	0.06711409396	NA	NA	NA	0	NA	NA	NA	NA	0	1	0	-	NA	fixed	NA	none	0	False	containment 0.07 < 0.5; only 0/1 enzymes produced a fit; no PTR estimate	BcgI:only 3 windows after outlier trimming	no enzyme produced a usable estimate
S_8221232	GCF_901543815.1	s__Streptococcus_mitis_BC	NA	NA	NA	0.0618556701	NA	NA	NA	0	NA	NA	NA	NA	0	1	0	-	NA	fixed	NA	none	0	False	containment 0.06 < 0.5; only 0/1 enzymes produced a fit; no PTR estimate	BcgI:only 4 windows after outlier trimming	no enzyme produced a usable estimate
S_8221232	GCF_902159415.1	s__Streptococcus_mitis_BG	11.27653469	27.55046884	0.4177777778	0.3290322581	4.445176995	2.152240865	NA	155	0.9965803779	1.476921929	-0.7424729251	5.046954654	1	1	1	BcgI	NA	fixed	240097.2889	glm	9	False	fraction 0.42 < 0.75; dispersion 27.55 > 5.0; containment 0.33 < 0.5	-	single enzyme: no cross-enzyme consistency check available
S_8221232	GCF_902165435.1	s__Klebsiella_A_grimontii	NA	NA	NA	0.0004993757803	NA	NA	NA	0	NA	NA	NA	NA	0	1	0	-	NA	fixed	NA	none	0	False	containment 0.00 < 0.5; only 0/1 enzymes produced a fit; no PTR estimate	BcgI:only 1 windows after outlier trimming	no enzyme produced a usable estimate
S_8221232	GCF_902363285.1	s__Actinomyces_sp900323545	4.728678503	3.978401217	0.04530801209	0.03918791313	2.986665459	1.578535648	NA	1743	0.9934723072	0.7550761712	0.09861354723	3.058457749	1	1	1	BcgI	NA	fixed	2469549.045	glm	21	False	fraction 0.05 < 0.75; containment 0.04 < 0.5	-	single enzyme: no cross-enzyme consistency check available
S_8221232	GCF_902363395.1	s__Streptococcus_sp902363395	2.147895444	0.9166666667	0.06241758242	0.05836575875	2.189457658	1.13057355	NA	163	0.6774570332	1.000780604	-0.8309203909	3.092067491	1	1	1	BcgI	NA	fixed	634539.7222	glm	7	False	fraction 0.06 < 0.75; containment 0.06 < 0.5	-	single enzyme: no cross-enzyme consistency check available
S_8221232	GCF_902364435.1	s__Veillonella_dispar_A	13.34015035	15.59466609	0.5887755102	0.2261904762	10.62153122	3.408919857	NA	73	0.9966141283	1.556392157	0.3584472826	6.459392431	1	1	1	BcgI	NA	fixed	1507788.579	glm	21	False	fraction 0.59 < 0.75; dispersion 15.59 > 5.0; containment 0.23 < 0.5	-	single enzyme: no cross-enzyme consistency check available
S_8221232	GCF_902373675.1	s__Parvimonas_micra	NA	NA	NA	0.0404040404	NA	NA	NA	0	NA	NA	NA	NA	0	1	0	-	NA	fixed	NA	none	0	False	containment 0.04 < 0.5; only 0/1 enzymes produced a fit; no PTR estimate	BcgI:only 1 windows after outlier trimming	no enzyme produced a usable estimate
S_8221232	GCF_902374235.1	s__Prevotella_salivae	6.437773687	9.222297263	0.540654712	0.5058548009	3.373188787	1.754113064	NA	1215	0.9993809487	0.3711424357	1.026687257	2.481538871	1	1	1	BcgI	NA	fixed	1736826.551	glm	27	False	fraction 0.54 < 0.75; dispersion 9.22 > 5.0	-	single enzyme: no cross-enzyme consistency check available
S_8221232	GCF_902374455.1	s__Neisseria_macacae	76.58916955	398.0020485	0.2844712817	0.2331606218	12.28771942	3.619145274	NA	383	1	2.684672848	-1.642716819	8.881007367	1	1	1	BcgI	NA	fixed	1757608.533	glm	17	False	fraction 0.28 < 0.75; dispersion 398.00 > 5.0; containment 0.23 < 0.5	-	single enzyme: no cross-enzyme consistency check available
S_8221232	GCF_902375005.1	s__Streptococcus_sp000411475	8.751859628	7.17479701	0.2454421769	0.2574850299	2.548793288	1.349814373	NA	151	0.9794812854	0.6050634606	0.1639117814	2.535716964	1	1	1	BcgI	NA	fixed	762904.23	glm	7	False	fraction 0.25 < 0.75; dispersion 7.17 > 5.0; containment 0.26 < 0.5	-	single enzyme: no cross-enzyme consistency check available
S_8221232	GCF_902376125.1	s__Streptococcus_timonensis	11.43877126	19.73677937	0.4013303099	0.4076923077	2.468222183	1.303472268	NA	130	0.9953848426	1.201282379	-1.050997929	3.657942465	1	1	1	BcgI	NA	fixed	1429377.6	glm	7	False	fraction 0.40 < 0.75; dispersion 19.74 > 5.0; containment 0.41 < 0.5	-	single enzyme: no cross-enzyme consistency check available
S_8221232	GCF_902376145.1	s__F0040_sp900095835	2.763131688	3.819233569	0.3969456469	0.3962368567	1.956965608	0.9686184018	NA	1517	0.9902555902	0.2854087705	0.4092274908	1.528009313	1	1	1	BcgI	NA	fixed	1762665.349	glm	21	False	fraction 0.40 < 0.75; containment 0.40 < 0.5	-	single enzyme: no cross-enzyme consistency check available
S_8221232	GCF_902387945.1	s__Lachnoanaerobaculum_umeaense	NA	NA	NA	0.02192982456	NA	NA	NA	0	NA	NA	NA	NA	0	1	0	-	NA	fixed	NA	none	0	False	containment 0.02 < 0.5; only 0/1 enzymes produced a fit; no PTR estimate	BcgI:only 2 windows after outlier trimming	no enzyme produced a usable estimate
S_8221232	GCF_902460355.1	s__Streptococcus_sp902460355	7.352660157	6.744060126	0.2161861035	0.1906976744	12.70480479	3.667302303	NA	201	0.9980869555	0.9129619706	1.877929722	5.456674885	1	1	1	BcgI	NA	fixed	877559.4	glm	11	False	fraction 0.22 < 0.75; dispersion 6.74 > 5.0; containment 0.19 < 0.5	-	single enzyme: no cross-enzyme consistency check available
S_8221232	GCF_902460385.1	s__Streptococcus_sinensis	3.81015055	NA	0.1001890756	0.02345415778	4.366589138	2.126506791	NA	112	0.8884655825	0.5687494439	1.011778365	3.241235217	1	1	1	BcgI	NA	fixed	226074.03	glm	7	False	fraction 0.10 < 0.75; containment 0.02 < 0.5	-	single enzyme: no cross-enzyme consistency check available
S_8221232	GCF_902460535.1	s__Campylobacter_A_concisus_J	3.866954305	3.267352437	0.1756016778	0.1516129032	7.116972638	2.831263689	NA	254	0.9982959882	1.418174446	0.05169285226	5.610834526	1	1	1	BcgI	NA	fixed	570106.3844	glm	12	False	fraction 0.18 < 0.75; containment 0.15 < 0.5	-	single enzyme: no cross-enzyme consistency check available
S_8221232	GCF_902460615.1	s__Campylobacter_A_concisus_C	4.237178056	3.586424925	0.2877481105	0.2435064935	2.095455076	1.067263592	NA	237	0.873251842	1.17380391	-1.233349796	3.36787698	1	1	1	BcgI	NA	fixed	19024.73	glm	11	False	fraction 0.29 < 0.75; containment 0.24 < 0.5	-	single enzyme: no cross-enzyme consistency check available
S_8221232	GCF_902460705.1	s__Campylobacter_A_concisus_Z	1.852669329	0.66015625	0.1110327412	0.07967032967	2.662651235	1.412863471	NA	240	0.8354164267	0.8402354373	-0.2339677246	3.059694667	1	1	1	BcgI	NA	fixed	342477.1856	glm	9	False	fraction 0.11 < 0.75; containment 0.08 < 0.5	-	single enzyme: no cross-enzyme consistency check available
S_8221232	GCF_902460815.1	s__Campylobacter_A_concisus_F	5.583445579	4.683515281	0.3032586368	0.2358490566	2.740549607	1.454465249	NA	292	0.9944342229	0.633235283	0.2133469009	2.695583598	1	1	1	BcgI	NA	fixed	1104404.516	glm	12	False	fraction 0.30 < 0.75; containment 0.24 < 0.5	-	single enzyme: no cross-enzyme consistency check available
S_8221232	GCF_902859015.1	s__Streptococcus_sp001556435	2.620177176	2.130261555	0.2590769231	0.2775665399	1.678647778	0.7472995491	NA	238	0.7116402042	0.4562085763	-0.1468528298	1.641451928	1	1	1	BcgI	NA	fixed	1082276.764	glm	10	False	fraction 0.26 < 0.75; containment 0.28 < 0.5	-	single enzyme: no cross-enzyme consistency check available
S_8221232	GCF_902983995.1	s__Treponema_D_buccale	1.491112962	0.575170068	0.025	0.01765719208	1.55635938	0.6381752327	NA	920	0.6511952442	0.6414475921	-0.6190389457	1.895389411	1	1	1	BcgI	NA	fixed	519058.2867	glm	10	False	fraction 0.03 < 0.75; containment 0.02 < 0.5	-	single enzyme: no cross-enzyme consistency check available
S_8221232	GCF_903645325.1	s__Microbacterium_sp903645325	NA	NA	NA	0	NA	NA	NA	0	NA	NA	NA	NA	0	1	0	-	NA	fixed	NA	none	0	False	containment 0.00 < 0.5; only 0/1 enzymes produced a fit; no PTR estimate	BcgI:only 0 windows after outlier trimming	no enzyme produced a usable estimate
