sample	genome	taxonomy	coverage	dispersion	fraction	containment	PTR	log2(PTR)	enzyme_consistency	n_anchors	ori_confidence	se	ci_low	ci_high	n_enzymes	n_enzymes_attempted	enzyme_fit_rate	enzymes_used	enzyme_i2	fusion_model	ori	method	n_windows	pass_qc	qc_reason	excluded	note
S_8221231	GCA_000162895.1	s__Peptidiphaga_gingivicola	10.82963011	4.819702902	0.02102336825	0.01372336584	1.761222773	0.8165774036	NA	1673	0.8863362306	0.7591944171	-0.6714163113	2.304571118	1	1	1	BcgI	NA	fixed	930611.7139	glm	17	False	fraction 0.02 < 0.75; containment 0.01 < 0.5	-	single enzyme: no cross-enzyme consistency check available
S_8221231	GCA_000210715.1	s__Fretibacterium_fastidiosum	NA	NA	NA	0.001260239445	NA	NA	NA	0	NA	NA	NA	NA	0	1	0	-	NA	fixed	NA	none	0	False	containment 0.00 < 0.5; only 0/1 enzymes produced a fit; no PTR estimate	BcgI:only 2 windows after outlier trimming	no enzyme produced a usable estimate
S_8221231	GCA_000286355.1	s__Kocuria_atrinae	NA	NA	NA	0	NA	NA	NA	0	NA	NA	NA	NA	0	1	0	-	NA	fixed	NA	none	0	False	containment 0.00 < 0.5; only 0/1 enzymes produced a fit; no PTR estimate	BcgI:only 0 windows after outlier trimming	no enzyme produced a usable estimate
S_8221231	GCA_000385835.1	s__Streptococcus_mitis_AI	NA	NA	NA	0.02941176471	NA	NA	NA	0	NA	NA	NA	NA	0	1	0	-	NA	fixed	NA	none	0	False	containment 0.03 < 0.5; only 0/1 enzymes produced a fit; no PTR estimate	BcgI:only 1 windows after outlier trimming	no enzyme produced a usable estimate
S_8221231	GCA_000413015.1	s__Treponema_D_paredis	NA	NA	NA	0.001612253124	NA	NA	NA	0	NA	NA	NA	NA	0	1	0	-	NA	fixed	NA	none	0	False	containment 0.00 < 0.5; only 0/1 enzymes produced a fit; no PTR estimate	BcgI:only 3 windows after outlier trimming	no enzyme produced a usable estimate
S_8221231	GCA_000413335.1	s__Cutibacterium_avidum	NA	NA	NA	0	NA	NA	NA	0	NA	NA	NA	NA	0	1	0	-	NA	fixed	NA	none	0	False	containment 0.00 < 0.5; only 0/1 enzymes produced a fit; no PTR estimate	BcgI:only 0 windows after outlier trimming	no enzyme produced a usable estimate
S_8221231	GCA_001062585.1	s__Neisseria_sp000227275	80.43466377	27.13351378	0.5751633987	0.1580246914	1.687847425	0.7551844956	NA	128	0.999925921	1.067317777	-1.336719907	2.847088898	1	1	1	BcgI	NA	fixed	1354872.566	glm	51	False	fraction 0.58 < 0.75; dispersion 27.13 > 5.0; containment 0.16 < 0.5	-	single enzyme: no cross-enzyme consistency check available
S_8221231	GCA_001063255.1	s__Neisseria_mucosa	56.4976365	567.4376997	0.4961114908	0.1058495822	3.627724433	1.859064871	NA	116	0.9984938838	1.419738697	-0.9235718435	4.641701585	1	1	1	BcgI	NA	fixed	1655103.952	glm	33	False	fraction 0.50 < 0.75; dispersion 567.44 > 5.0; containment 0.11 < 0.5	-	single enzyme: no cross-enzyme consistency check available
S_8221231	GCA_001067315.1	s__Neisseria_subflava	34.13598261	61.86633498	0.2890671042	0.1538461538	3.643527264	1.865335786	NA	427	0.9965767088	1.318048328	-0.7179914671	4.44866304	1	1	1	BcgI	NA	fixed	1962119.539	glm	40	False	fraction 0.29 < 0.75; dispersion 61.87 > 5.0; containment 0.15 < 0.5	-	single enzyme: no cross-enzyme consistency check available
S_8221231	GCA_001067655.1	s__Neisseria_lactamica_B	62.57167069	4.595628415	0.5175824176	0.04697986577	17.89658373	4.161612313	NA	84	0.9994944325	1.343208345	1.528972334	6.794252293	1	1	1	BcgI	NA	fixed	1721063.897	glm	26	False	fraction 0.52 < 0.75; containment 0.05 < 0.5	-	single enzyme: no cross-enzyme consistency check available
S_8221231	GCA_001196045.1	s__Staphylococcus_warneri	NA	NA	NA	0.002444987775	NA	NA	NA	0	NA	NA	NA	NA	0	1	0	-	NA	fixed	NA	none	0	False	containment 0.00 < 0.5; only 0/1 enzymes produced a fit; no PTR estimate	BcgI:only 1 windows after outlier trimming	no enzyme produced a usable estimate
S_8221231	GCA_001275035.1	s__Pararheinheimera_tangshanensis	NA	NA	NA	0	NA	NA	NA	0	NA	NA	NA	NA	0	1	0	-	NA	fixed	NA	none	0	False	containment 0.00 < 0.5; only 0/1 enzymes produced a fit; no PTR estimate	BcgI:only 0 windows after outlier trimming	no enzyme produced a usable estimate
S_8221231	GCA_001296205.1	s__Streptococcus_intermedius	10.70723837	5.041526182	0.076	0.06194690265	0.8765752659	-0.1900501235	NA	250	0.9989636675	1.238734704	-2.61792553	2.237825283	1	1	1	BcgI	NA	fixed	1530230.292	glm	10	False	fraction 0.08 < 0.75; dispersion 5.04 > 5.0; containment 0.06 < 0.5	-	single enzyme: no cross-enzyme consistency check available
S_8221231	GCA_001421095.1	s__Bacteroides_D_periocalifornicus	NA	NA	NA	0	NA	NA	NA	0	NA	NA	NA	NA	0	1	0	-	NA	fixed	NA	none	0	False	containment 0.00 < 0.5; only 0/1 enzymes produced a fit; no PTR estimate	BcgI:only 0 windows after outlier trimming	no enzyme produced a usable estimate
S_8221231	GCA_001477075.1	s__Methylobacterium_organophilum	NA	NA	NA	0.0001588562351	NA	NA	NA	0	NA	NA	NA	NA	0	1	0	-	NA	fixed	NA	none	0	False	containment 0.00 < 0.5; only 0/1 enzymes produced a fit; no PTR estimate	BcgI:only 1 windows after outlier trimming	no enzyme produced a usable estimate
S_8221231	GCA_001556165.1	s__Sphingomonas_ginsenosidimutans	NA	NA	NA	0.0002072968491	NA	NA	NA	0	NA	NA	NA	NA	0	1	0	-	NA	fixed	NA	none	0	False	containment 0.00 < 0.5; only 0/1 enzymes produced a fit; no PTR estimate	BcgI:only 1 windows after outlier trimming	no enzyme produced a usable estimate
S_8221231	GCA_001578795.1	s__Streptococcus_gordonii_A	NA	NA	NA	0.00583090379	NA	NA	NA	0	NA	NA	NA	NA	0	1	0	-	NA	fixed	NA	none	0	False	containment 0.01 < 0.5; only 0/1 enzymes produced a fit; no PTR estimate	BcgI:only 1 windows after outlier trimming	no enzyme produced a usable estimate
S_8221231	GCA_001578855.1	s__Streptococcus_oralis_R	NA	NA	NA	0	NA	NA	NA	0	NA	NA	NA	NA	0	1	0	-	NA	fixed	NA	none	0	False	containment 0.00 < 0.5; only 0/1 enzymes produced a fit; no PTR estimate	BcgI:only 0 windows after outlier trimming	no enzyme produced a usable estimate
S_8221231	GCA_001579015.1	s__Streptococcus_oralis_K	NA	NA	NA	0.02631578947	NA	NA	NA	0	NA	NA	NA	NA	0	1	0	-	NA	fixed	NA	none	0	False	containment 0.03 < 0.5; only 0/1 enzymes produced a fit; no PTR estimate	BcgI:only 3 windows after outlier trimming	no enzyme produced a usable estimate
S_8221231	GCA_001636165.1	s__Schleiferilactobacillus_harbinensis	NA	NA	NA	0	NA	NA	NA	0	NA	NA	NA	NA	0	1	0	-	NA	fixed	NA	none	0	False	containment 0.00 < 0.5; only 0/1 enzymes produced a fit; no PTR estimate	BcgI:only 0 windows after outlier trimming	no enzyme produced a usable estimate
S_8221231	GCA_001724095.1	s__Pigmentiphaga_sp001898625	NA	NA	NA	0	NA	NA	NA	0	NA	NA	NA	NA	0	1	0	-	NA	fixed	NA	none	0	False	containment 0.00 < 0.5; only 0/1 enzymes produced a fit; no PTR estimate	BcgI:only 0 windows after outlier trimming	no enzyme produced a usable estimate
S_8221231	GCA_001725355.1	s__Novosphingobium_sp001725355	NA	NA	NA	0.0002306805075	NA	NA	NA	0	NA	NA	NA	NA	0	1	0	-	NA	fixed	NA	none	0	False	containment 0.00 < 0.5; only 0/1 enzymes produced a fit; no PTR estimate	BcgI:only 1 windows after outlier trimming	no enzyme produced a usable estimate
S_8221231	GCA_001838375.1	s__Neisseria_mucosa_A	47.87356958	55.60004783	0.2122777423	0.08411214953	2.426093728	1.278635288	NA	338	0.9969795694	1.167393203	-1.009413346	3.566683921	1	1	1	BcgI	NA	fixed	1929807.858	glm	34	False	fraction 0.21 < 0.75; dispersion 55.60 > 5.0; containment 0.08 < 0.5	-	single enzyme: no cross-enzyme consistency check available
S_8221231	GCA_001899205.1	s__Mesorhizobium_sp001899205	NA	NA	NA	0	NA	NA	NA	0	NA	NA	NA	NA	0	1	0	-	NA	fixed	NA	none	0	False	containment 0.00 < 0.5; only 0/1 enzymes produced a fit; no PTR estimate	BcgI:only 0 windows after outlier trimming	no enzyme produced a usable estimate
S_8221231	GCA_001899725.1	s__Sphingomonas_leidyi	NA	NA	NA	0	NA	NA	NA	0	NA	NA	NA	NA	0	1	0	-	NA	fixed	NA	none	0	False	containment 0.00 < 0.5; only 0/1 enzymes produced a fit; no PTR estimate	BcgI:only 0 windows after outlier trimming	no enzyme produced a usable estimate
S_8221231	GCA_001914195.1	s__Streptococcus_mitis_F	106.7994618	12.25	0.2444444444	0.06593406593	31.40303714	4.972832191	NA	31	0.9990266205	1.960512318	1.130298656	8.815365725	1	1	1	BcgI	NA	fixed	1660758.528	glm	5	False	fraction 0.24 < 0.75; dispersion 12.25 > 5.0; containment 0.07 < 0.5	-	single enzyme: no cross-enzyme consistency check available
S_8221231	GCA_002211645.1	s__Fusobacterium_animalis	NA	NA	NA	0	NA	NA	NA	0	NA	NA	NA	NA	0	1	0	-	NA	fixed	NA	none	0	False	containment 0.00 < 0.5; only 0/1 enzymes produced a fit; no PTR estimate	BcgI:only 0 windows after outlier trimming	no enzyme produced a usable estimate
S_8221231	GCA_002256345.1	s__Tardiphaga_sp002256345	NA	NA	NA	0	NA	NA	NA	0	NA	NA	NA	NA	0	1	0	-	NA	fixed	NA	none	0	False	containment 0.00 < 0.5; only 0/1 enzymes produced a fit; no PTR estimate	BcgI:only 0 windows after outlier trimming	no enzyme produced a usable estimate
S_8221231	GCA_002305995.1	s__UBA1367_sp002305995	NA	NA	NA	0	NA	NA	NA	0	NA	NA	NA	NA	0	1	0	-	NA	fixed	NA	none	0	False	containment 0.00 < 0.5; only 0/1 enzymes produced a fit; no PTR estimate	BcgI:only 0 windows after outlier trimming	no enzyme produced a usable estimate
S_8221231	GCA_002316995.1	s__Proteiniphilum_sp002410345	NA	NA	NA	0	NA	NA	NA	0	NA	NA	NA	NA	0	1	0	-	NA	fixed	NA	none	0	False	containment 0.00 < 0.5; only 0/1 enzymes produced a fit; no PTR estimate	BcgI:only 0 windows after outlier trimming	no enzyme produced a usable estimate
S_8221231	GCA_002322135.1	s__Moraxella_A_cinereus	NA	NA	NA	0.003759398496	NA	NA	NA	0	NA	NA	NA	NA	0	1	0	-	NA	fixed	NA	none	0	False	containment 0.00 < 0.5; only 0/1 enzymes produced a fit; no PTR estimate	BcgI:only 3 windows after outlier trimming	no enzyme produced a usable estimate
S_8221231	GCA_002341725.1	s__Bradyrhizobium_sp002831585	6.773566234	NA	0.01271097157	0.0004656360589	109.0483824	6.768824559	NA	476	0.7967781132	0.2885921979	6.203194244	7.334454873	1	1	1	BcgI	NA	fixed	5630320.736	glm	5	False	fraction 0.01 < 0.75; containment 0.00 < 0.5	-	single enzyme: no cross-enzyme consistency check available
S_8221231	GCA_002345845.1	s__Azonexus_sp002345845	NA	NA	NA	0.0004727387331	NA	NA	NA	0	NA	NA	NA	NA	0	1	0	-	NA	fixed	NA	none	0	False	containment 0.00 < 0.5; only 0/1 enzymes produced a fit; no PTR estimate	BcgI:only 3 windows after outlier trimming	no enzyme produced a usable estimate
S_8221231	GCA_002353675.1	s__Prevotella_sp900318855	NA	NA	NA	0	NA	NA	NA	0	NA	NA	NA	NA	0	1	0	-	NA	fixed	NA	none	0	False	containment 0.00 < 0.5; only 0/1 enzymes produced a fit; no PTR estimate	BcgI:only 0 windows after outlier trimming	no enzyme produced a usable estimate
S_8221231	GCA_002354335.1	s__Sphingobacterium_sp002354335	NA	NA	NA	0.0005020080321	NA	NA	NA	0	NA	NA	NA	NA	0	1	0	-	NA	fixed	NA	none	0	False	containment 0.00 < 0.5; only 0/1 enzymes produced a fit; no PTR estimate	BcgI:only 1 windows after outlier trimming	no enzyme produced a usable estimate
S_8221231	GCA_002380835.1	s__Kurthia_gibsonii	NA	NA	NA	0	NA	NA	NA	0	NA	NA	NA	NA	0	1	0	-	NA	fixed	NA	none	0	False	containment 0.00 < 0.5; only 0/1 enzymes produced a fit; no PTR estimate	BcgI:only 0 windows after outlier trimming	no enzyme produced a usable estimate
S_8221231	GCA_002387245.1	s__Brevundimonas_sp002387245	NA	NA	NA	0	NA	NA	NA	0	NA	NA	NA	NA	0	1	0	-	NA	fixed	NA	none	0	False	containment 0.00 < 0.5; only 0/1 enzymes produced a fit; no PTR estimate	BcgI:only 0 windows after outlier trimming	no enzyme produced a usable estimate
S_8221231	GCA_002396845.1	s__UBA4877_sp002399345	NA	NA	NA	0	NA	NA	NA	0	NA	NA	NA	NA	0	1	0	-	NA	fixed	NA	none	0	False	containment 0.00 < 0.5; only 0/1 enzymes produced a fit; no PTR estimate	BcgI:only 0 windows after outlier trimming	no enzyme produced a usable estimate
S_8221231	GCA_002397005.1	s__Caproiciproducens_sp002407645	NA	NA	NA	0	NA	NA	NA	0	NA	NA	NA	NA	0	1	0	-	NA	fixed	NA	none	0	False	containment 0.00 < 0.5; only 0/1 enzymes produced a fit; no PTR estimate	BcgI:only 0 windows after outlier trimming	no enzyme produced a usable estimate
S_8221231	GCA_002397085.1	s__UBA4871_sp002119605	NA	NA	NA	0	NA	NA	NA	0	NA	NA	NA	NA	0	1	0	-	NA	fixed	NA	none	0	False	containment 0.00 < 0.5; only 0/1 enzymes produced a fit; no PTR estimate	BcgI:only 0 windows after outlier trimming	no enzyme produced a usable estimate
S_8221231	GCA_002397275.1	s__Syntrophaceticus_sp002397275	NA	NA	NA	0	NA	NA	NA	0	NA	NA	NA	NA	0	1	0	-	NA	fixed	NA	none	0	False	containment 0.00 < 0.5; only 0/1 enzymes produced a fit; no PTR estimate	BcgI:only 0 windows after outlier trimming	no enzyme produced a usable estimate
S_8221231	GCA_002397665.1	s__Clostridium_E_sp002397665	NA	NA	NA	0	NA	NA	NA	0	NA	NA	NA	NA	0	1	0	-	NA	fixed	NA	none	0	False	containment 0.00 < 0.5; only 0/1 enzymes produced a fit; no PTR estimate	BcgI:only 0 windows after outlier trimming	no enzyme produced a usable estimate
S_8221231	GCA_002397945.1	s__UBA4923_sp002427535	NA	NA	NA	0	NA	NA	NA	0	NA	NA	NA	NA	0	1	0	-	NA	fixed	NA	none	0	False	containment 0.00 < 0.5; only 0/1 enzymes produced a fit; no PTR estimate	BcgI:only 0 windows after outlier trimming	no enzyme produced a usable estimate
S_8221231	GCA_002398185.1	s__UBA4844_sp002424365	NA	NA	NA	0	NA	NA	NA	0	NA	NA	NA	NA	0	1	0	-	NA	fixed	NA	none	0	False	containment 0.00 < 0.5; only 0/1 enzymes produced a fit; no PTR estimate	BcgI:only 0 windows after outlier trimming	no enzyme produced a usable estimate
S_8221231	GCA_002398695.1	s__Olegusella_sp002407925	NA	NA	NA	0	NA	NA	NA	0	NA	NA	NA	NA	0	1	0	-	NA	fixed	NA	none	0	False	containment 0.00 < 0.5; only 0/1 enzymes produced a fit; no PTR estimate	BcgI:only 0 windows after outlier trimming	no enzyme produced a usable estimate
S_8221231	GCA_002398905.1	s__Caprobacter_sp002407675	NA	NA	NA	0	NA	NA	NA	0	NA	NA	NA	NA	0	1	0	-	NA	fixed	NA	none	0	False	containment 0.00 < 0.5; only 0/1 enzymes produced a fit; no PTR estimate	BcgI:only 0 windows after outlier trimming	no enzyme produced a usable estimate
S_8221231	GCA_002399315.1	s__UBA4851_sp002408445	NA	NA	NA	0	NA	NA	NA	0	NA	NA	NA	NA	0	1	0	-	NA	fixed	NA	none	0	False	containment 0.00 < 0.5; only 0/1 enzymes produced a fit; no PTR estimate	BcgI:only 0 windows after outlier trimming	no enzyme produced a usable estimate
S_8221231	GCA_002407685.1	s__Fermentimonas_sp002398875	NA	NA	NA	0	NA	NA	NA	0	NA	NA	NA	NA	0	1	0	-	NA	fixed	NA	none	0	False	containment 0.00 < 0.5; only 0/1 enzymes produced a fit; no PTR estimate	BcgI:only 0 windows after outlier trimming	no enzyme produced a usable estimate
S_8221231	GCA_002408485.1	s__Proteiniphilum_sp002408485	NA	NA	NA	0	NA	NA	NA	0	NA	NA	NA	NA	0	1	0	-	NA	fixed	NA	none	0	False	containment 0.00 < 0.5; only 0/1 enzymes produced a fit; no PTR estimate	BcgI:only 0 windows after outlier trimming	no enzyme produced a usable estimate
S_8221231	GCA_002408725.1	s__DTU098_sp002408725	NA	NA	NA	0	NA	NA	NA	0	NA	NA	NA	NA	0	1	0	-	NA	fixed	NA	none	0	False	containment 0.00 < 0.5; only 0/1 enzymes produced a fit; no PTR estimate	BcgI:only 0 windows after outlier trimming	no enzyme produced a usable estimate
S_8221231	GCA_002409095.1	s__DTU032_sp002427505	NA	NA	NA	0	NA	NA	NA	0	NA	NA	NA	NA	0	1	0	-	NA	fixed	NA	none	0	False	containment 0.00 < 0.5; only 0/1 enzymes produced a fit; no PTR estimate	BcgI:only 0 windows after outlier trimming	no enzyme produced a usable estimate
S_8221231	GCA_002409445.1	s__UBA10988_sp002409445	NA	NA	NA	0	NA	NA	NA	0	NA	NA	NA	NA	0	1	0	-	NA	fixed	NA	none	0	False	containment 0.00 < 0.5; only 0/1 enzymes produced a fit; no PTR estimate	BcgI:only 0 windows after outlier trimming	no enzyme produced a usable estimate
S_8221231	GCA_002409905.1	s__Aminobacterium_mobile	NA	NA	NA	0	NA	NA	NA	0	NA	NA	NA	NA	0	1	0	-	NA	fixed	NA	none	0	False	containment 0.00 < 0.5; only 0/1 enzymes produced a fit; no PTR estimate	BcgI:only 0 windows after outlier trimming	no enzyme produced a usable estimate
S_8221231	GCA_002410045.1	s__T78_sp002409625	NA	NA	NA	0	NA	NA	NA	0	NA	NA	NA	NA	0	1	0	-	NA	fixed	NA	none	0	False	containment 0.00 < 0.5; only 0/1 enzymes produced a fit; no PTR estimate	BcgI:only 0 windows after outlier trimming	no enzyme produced a usable estimate
S_8221231	GCA_002411015.1	s__UBA5352_sp002411015	NA	NA	NA	0	NA	NA	NA	0	NA	NA	NA	NA	0	1	0	-	NA	fixed	NA	none	0	False	containment 0.00 < 0.5; only 0/1 enzymes produced a fit; no PTR estimate	BcgI:only 0 windows after outlier trimming	no enzyme produced a usable estimate
S_8221231	GCA_002419745.1	s__Massilia_timonae	NA	NA	NA	0.000134462821	NA	NA	NA	0	NA	NA	NA	NA	0	1	0	-	NA	fixed	NA	none	0	False	containment 0.00 < 0.5; only 0/1 enzymes produced a fit; no PTR estimate	BcgI:only 1 windows after outlier trimming	no enzyme produced a usable estimate
S_8221231	GCA_002427175.1	s__UBA4874_sp002398065	NA	NA	NA	0	NA	NA	NA	0	NA	NA	NA	NA	0	1	0	-	NA	fixed	NA	none	0	False	containment 0.00 < 0.5; only 0/1 enzymes produced a fit; no PTR estimate	BcgI:only 0 windows after outlier trimming	no enzyme produced a usable estimate
S_8221231	GCA_002427475.1	s__DTU032_sp002427475	NA	NA	NA	0	NA	NA	NA	0	NA	NA	NA	NA	0	1	0	-	NA	fixed	NA	none	0	False	containment 0.00 < 0.5; only 0/1 enzymes produced a fit; no PTR estimate	BcgI:only 0 windows after outlier trimming	no enzyme produced a usable estimate
S_8221231	GCA_002431665.1	s__Petrimonas_sp002356435	NA	NA	NA	0	NA	NA	NA	0	NA	NA	NA	NA	0	1	0	-	NA	fixed	NA	none	0	False	containment 0.00 < 0.5; only 0/1 enzymes produced a fit; no PTR estimate	BcgI:only 0 windows after outlier trimming	no enzyme produced a usable estimate
S_8221231	GCA_002437285.1	s__Prevotella_sp002437285	NA	NA	NA	0	NA	NA	NA	0	NA	NA	NA	NA	0	1	0	-	NA	fixed	NA	none	0	False	containment 0.00 < 0.5; only 0/1 enzymes produced a fit; no PTR estimate	BcgI:only 0 windows after outlier trimming	no enzyme produced a usable estimate
S_8221231	GCA_002454415.1	s__Sphingobacterium_sp002454415	NA	NA	NA	0	NA	NA	NA	0	NA	NA	NA	NA	0	1	0	-	NA	fixed	NA	none	0	False	containment 0.00 < 0.5; only 0/1 enzymes produced a fit; no PTR estimate	BcgI:only 0 windows after outlier trimming	no enzyme produced a usable estimate
S_8221231	GCA_002455995.1	s__Leclercia_adecarboxylata_C	NA	NA	NA	0	NA	NA	NA	0	NA	NA	NA	NA	0	1	0	-	NA	fixed	NA	none	0	False	containment 0.00 < 0.5; only 0/1 enzymes produced a fit; no PTR estimate	BcgI:only 0 windows after outlier trimming	no enzyme produced a usable estimate
S_8221231	GCA_002694485.1	s__Brevundimonas_aurantiaca	NA	NA	NA	0	NA	NA	NA	0	NA	NA	NA	NA	0	1	0	-	NA	fixed	NA	none	0	False	containment 0.00 < 0.5; only 0/1 enzymes produced a fit; no PTR estimate	BcgI:only 0 windows after outlier trimming	no enzyme produced a usable estimate
S_8221231	GCA_002724745.1	s__Herbaspirillum_huttiense	NA	NA	NA	0.0001523693433	NA	NA	NA	0	NA	NA	NA	NA	0	1	0	-	NA	fixed	NA	none	0	False	containment 0.00 < 0.5; only 0/1 enzymes produced a fit; no PTR estimate	BcgI:only 1 windows after outlier trimming	no enzyme produced a usable estimate
S_8221231	GCA_002727035.1	s__Methylobacterium_fujisawaense	NA	NA	NA	0.0005988023952	NA	NA	NA	0	NA	NA	NA	NA	0	1	0	-	NA	fixed	NA	none	0	False	containment 0.00 < 0.5; only 0/1 enzymes produced a fit; no PTR estimate	BcgI:only 3 windows after outlier trimming	no enzyme produced a usable estimate
S_8221231	GCA_002890635.1	s__Tannerella_sp002890585	NA	NA	NA	0.001772264067	NA	NA	NA	0	NA	NA	NA	NA	0	1	0	-	NA	fixed	NA	none	0	False	containment 0.00 < 0.5; only 0/1 enzymes produced a fit; no PTR estimate	BcgI:only 4 windows after outlier trimming	no enzyme produced a usable estimate
S_8221231	GCA_003241005.1	s__Brachybacterium_muris	NA	NA	NA	0.0002713704206	NA	NA	NA	0	NA	NA	NA	NA	0	1	0	-	NA	fixed	NA	none	0	False	containment 0.00 < 0.5; only 0/1 enzymes produced a fit; no PTR estimate	BcgI:only 1 windows after outlier trimming	no enzyme produced a usable estimate
S_8221231	GCA_003241315.1	s__Lawsonella_clevelandensis_A	NA	NA	NA	0.001062699256	NA	NA	NA	0	NA	NA	NA	NA	0	1	0	-	NA	fixed	NA	none	0	False	containment 0.00 < 0.5; only 0/1 enzymes produced a fit; no PTR estimate	BcgI:only 1 windows after outlier trimming	no enzyme produced a usable estimate
S_8221231	GCA_003248485.1	s__QFNR01_sp003248485	NA	NA	NA	0	NA	NA	NA	0	NA	NA	NA	NA	0	1	0	-	NA	fixed	NA	none	0	False	containment 0.00 < 0.5; only 0/1 enzymes produced a fit; no PTR estimate	BcgI:only 0 windows after outlier trimming	no enzyme produced a usable estimate
S_8221231	GCA_003260325.1	s__GN02-872_sp003260325	NA	NA	NA	0	NA	NA	NA	0	NA	NA	NA	NA	0	1	0	-	NA	fixed	NA	none	0	False	containment 0.00 < 0.5; only 0/1 enzymes produced a fit; no PTR estimate	BcgI:only 0 windows after outlier trimming	no enzyme produced a usable estimate
S_8221231	GCA_003260345.1	s__GN02-873_sp003260345	14.90214712	4.991891892	0.05763975155	0.02770083102	3.938032681	1.977475084	NA	173	0.9824008858	0.6976011506	0.6102019532	3.344748215	1	1	1	BcgI	NA	fixed	251720.19	glm	7	False	fraction 0.06 < 0.75; containment 0.03 < 0.5	-	single enzyme: no cross-enzyme consistency check available
S_8221231	GCA_003260355.1	s__HOT-345_sp003260355	NA	NA	NA	0	NA	NA	NA	0	NA	NA	NA	NA	0	1	0	-	NA	fixed	NA	none	0	False	containment 0.00 < 0.5; only 0/1 enzymes produced a fit; no PTR estimate	BcgI:only 0 windows after outlier trimming	no enzyme produced a usable estimate
S_8221231	GCA_003469565.1	s__Streptococcus_parasanguinis_C	23.70806855	18.72239298	0.2271682515	0.152	2.040689058	1.029056374	NA	203	0.9956746733	1.316631822	-1.551494579	3.609607327	1	1	1	BcgI	NA	fixed	265763.5444	glm	15	False	fraction 0.23 < 0.75; dispersion 18.72 > 5.0; containment 0.15 < 0.5	-	single enzyme: no cross-enzyme consistency check available
S_8221231	GCA_003476535.1	s__Bradyrhizobium_sp003020075	8.289221265	5.245795143	0.03726112059	0.02418641235	1.387716709	0.472713084	NA	8355	0.9227737609	0.372849181	-0.2580578825	1.203484051	1	1	1	BcgI	NA	fixed	3644769.36	glm	110	False	fraction 0.04 < 0.75; dispersion 5.25 > 5.0; containment 0.02 < 0.5	-	single enzyme: no cross-enzyme consistency check available
S_8221231	GCA_003524895.1	s__Muricomes_intestini	NA	NA	NA	0	NA	NA	NA	0	NA	NA	NA	NA	0	1	0	-	NA	fixed	NA	none	0	False	containment 0.00 < 0.5; only 0/1 enzymes produced a fit; no PTR estimate	BcgI:only 0 windows after outlier trimming	no enzyme produced a usable estimate
S_8221231	GCA_003638725.1	s__Leptotrichia_sp002240055	NA	NA	NA	0.0390625	NA	NA	NA	0	NA	NA	NA	NA	0	1	0	-	NA	fixed	NA	none	0	False	containment 0.04 < 0.5; only 0/1 enzymes produced a fit; no PTR estimate	BcgI:only 8 anchors (< 30)	no enzyme produced a usable estimate
S_8221231	GCA_003639045.1	s__Pauljensenia_hongkongensis	NA	NA	NA	0.001035196687	NA	NA	NA	0	NA	NA	NA	NA	0	1	0	-	NA	fixed	NA	none	0	False	containment 0.00 < 0.5; only 0/1 enzymes produced a fit; no PTR estimate	BcgI:only 1 windows after outlier trimming	no enzyme produced a usable estimate
S_8221231	GCA_003640335.1	s__Porphyromonas_sp003640335	36.93549627	36.71790772	0.6599261849	0.3996763754	1.489847136	0.575164312	NA	436	0.9971051265	0.5787525764	-0.5591698936	1.709498518	1	1	1	BcgI	NA	fixed	29679.5525	glm	143	False	fraction 0.66 < 0.75; dispersion 36.72 > 5.0; containment 0.40 < 0.5	-	single enzyme: no cross-enzyme consistency check available
S_8221231	GCA_003862175.1	s__UBA7748_sp003862175	NA	NA	NA	0.0003075976623	NA	NA	NA	0	NA	NA	NA	NA	0	1	0	-	NA	fixed	NA	none	0	False	containment 0.00 < 0.5; only 0/1 enzymes produced a fit; no PTR estimate	BcgI:only 1 windows after outlier trimming	no enzyme produced a usable estimate
S_8221231	GCA_003862265.1	s__Limosilactobacillus_mucosae	NA	NA	NA	0	NA	NA	NA	0	NA	NA	NA	NA	0	1	0	-	NA	fixed	NA	none	0	False	containment 0.00 < 0.5; only 0/1 enzymes produced a fit; no PTR estimate	BcgI:only 0 windows after outlier trimming	no enzyme produced a usable estimate
S_8221231	GCA_003963075.1	s__Pelomonas_sp003963075	NA	NA	NA	0.0005274261603	NA	NA	NA	0	NA	NA	NA	NA	0	1	0	-	NA	fixed	NA	none	0	False	containment 0.00 < 0.5; only 0/1 enzymes produced a fit; no PTR estimate	BcgI:only 2 windows after outlier trimming	no enzyme produced a usable estimate
S_8221231	GCA_003963115.1	s__Aquabacterium_sp003963115	NA	NA	NA	0.000705716302	NA	NA	NA	0	NA	NA	NA	NA	0	1	0	-	NA	fixed	NA	none	0	False	containment 0.00 < 0.5; only 0/1 enzymes produced a fit; no PTR estimate	BcgI:only 3 windows after outlier trimming	no enzyme produced a usable estimate
S_8221231	GCA_004297045.1	s__Bosea_sp900156025	NA	NA	NA	0	NA	NA	NA	0	NA	NA	NA	NA	0	1	0	-	NA	fixed	NA	none	0	False	containment 0.00 < 0.5; only 0/1 enzymes produced a fit; no PTR estimate	BcgI:only 0 windows after outlier trimming	no enzyme produced a usable estimate
S_8221231	GCA_004297605.1	s__Aquabacterium_sp004322345	NA	NA	NA	0	NA	NA	NA	0	NA	NA	NA	NA	0	1	0	-	NA	fixed	NA	none	0	False	containment 0.00 < 0.5; only 0/1 enzymes produced a fit; no PTR estimate	BcgI:only 0 windows after outlier trimming	no enzyme produced a usable estimate
S_8221231	GCA_004555055.1	s__F0040_sp004555055	NA	NA	NA	0	NA	NA	NA	0	NA	NA	NA	NA	0	1	0	-	NA	fixed	NA	none	0	False	containment 0.00 < 0.5; only 0/1 enzymes produced a fit; no PTR estimate	BcgI:only 0 windows after outlier trimming	no enzyme produced a usable estimate
S_8221231	GCA_005768775.1	s__Gemella_haemolysans_B	46.39964151	25.37223958	0.4709435626	0.2023121387	2.629442836	1.394757133	NA	86	0.9993331355	0.8371186535	-0.2459652787	3.035479545	1	1	1	BcgI	NA	fixed	842482.4472	glm	18	False	fraction 0.47 < 0.75; dispersion 25.37 > 5.0; containment 0.20 < 0.5	-	single enzyme: no cross-enzyme consistency check available
S_8221231	GCA_009830425.1	s__Staphylococcus_A_sciuri	NA	NA	NA	0	NA	NA	NA	0	NA	NA	NA	NA	0	1	0	-	NA	fixed	NA	none	0	False	containment 0.00 < 0.5; only 0/1 enzymes produced a fit; no PTR estimate	BcgI:only 0 windows after outlier trimming	no enzyme produced a usable estimate
S_8221231	GCA_009923995.1	s__Janthinobacterium_sp009923995	NA	NA	NA	0.0004222972973	NA	NA	NA	0	NA	NA	NA	NA	0	1	0	-	NA	fixed	NA	none	0	False	containment 0.00 < 0.5; only 0/1 enzymes produced a fit; no PTR estimate	BcgI:only 3 windows after outlier trimming	no enzyme produced a usable estimate
S_8221231	GCA_012512005.1	s__T78_sp002411175	NA	NA	NA	0	NA	NA	NA	0	NA	NA	NA	NA	0	1	0	-	NA	fixed	NA	none	0	False	containment 0.00 < 0.5; only 0/1 enzymes produced a fit; no PTR estimate	BcgI:only 0 windows after outlier trimming	no enzyme produced a usable estimate
S_8221231	GCA_012518595.1	s__UBA4971_sp012518595	NA	NA	NA	0	NA	NA	NA	0	NA	NA	NA	NA	0	1	0	-	NA	fixed	NA	none	0	False	containment 0.00 < 0.5; only 0/1 enzymes produced a fit; no PTR estimate	BcgI:only 0 windows after outlier trimming	no enzyme produced a usable estimate
S_8221231	GCA_012519495.1	s__JAAYQA01_sp012519495	NA	NA	NA	0	NA	NA	NA	0	NA	NA	NA	NA	0	1	0	-	NA	fixed	NA	none	0	False	containment 0.00 < 0.5; only 0/1 enzymes produced a fit; no PTR estimate	BcgI:only 0 windows after outlier trimming	no enzyme produced a usable estimate
S_8221231	GCA_012728535.1	s__DTU032_sp012728535	NA	NA	NA	0	NA	NA	NA	0	NA	NA	NA	NA	0	1	0	-	NA	fixed	NA	none	0	False	containment 0.00 < 0.5; only 0/1 enzymes produced a fit; no PTR estimate	BcgI:only 0 windows after outlier trimming	no enzyme produced a usable estimate
S_8221231	GCA_012799365.1	s__JAAZLJ01_sp012799365	NA	NA	NA	0	NA	NA	NA	0	NA	NA	NA	NA	0	1	0	-	NA	fixed	NA	none	0	False	containment 0.00 < 0.5; only 0/1 enzymes produced a fit; no PTR estimate	BcgI:only 0 windows after outlier trimming	no enzyme produced a usable estimate
S_8221231	GCA_012840585.1	s__UBA3913_sp002391425	NA	NA	NA	0	NA	NA	NA	0	NA	NA	NA	NA	0	1	0	-	NA	fixed	NA	none	0	False	containment 0.00 < 0.5; only 0/1 enzymes produced a fit; no PTR estimate	BcgI:only 0 windows after outlier trimming	no enzyme produced a usable estimate
S_8221231	GCA_013152425.1	s__Ralstonia_sp001078575	NA	NA	NA	0	NA	NA	NA	0	NA	NA	NA	NA	0	1	0	-	NA	fixed	NA	none	0	False	containment 0.00 < 0.5; only 0/1 enzymes produced a fit; no PTR estimate	BcgI:only 0 windows after outlier trimming	no enzyme produced a usable estimate
S_8221231	GCA_013332525.2	s__GN02-873_sp013332525	19.19596887	6.605943987	0.09848778672	0.0424403183	1.681465507	0.7497191842	NA	217	0.8790960035	0.5782032718	-0.3835384044	1.882976773	1	1	1	BcgI	NA	fixed	264901.79	glm	11	False	fraction 0.10 < 0.75; dispersion 6.61 > 5.0; containment 0.04 < 0.5	-	single enzyme: no cross-enzyme consistency check available
S_8221231	GCA_013332955.2	s__UBA2866_sp013332955	NA	NA	NA	0.01171875	NA	NA	NA	0	NA	NA	NA	NA	0	1	0	-	NA	fixed	NA	none	0	False	containment 0.01 < 0.5; only 0/1 enzymes produced a fit; no PTR estimate	BcgI:only 3 windows after outlier trimming	no enzyme produced a usable estimate
S_8221231	GCA_013332965.2	s__UBA2866_sp013332965	17.12379868	31.31467181	0.1992559524	0.03647416413	10.23547641	3.35550635	NA	59	0.99287167	1.537393668	0.3422701311	6.368742568	1	1	1	BcgI	NA	fixed	289551.2778	glm	8	False	fraction 0.20 < 0.75; dispersion 31.31 > 5.0; containment 0.04 < 0.5	-	single enzyme: no cross-enzyme consistency check available
S_8221231	GCA_013333035.2	s__CAG-793_sp013333035	NA	NA	NA	0.0350877193	NA	NA	NA	0	NA	NA	NA	NA	0	1	0	-	NA	fixed	NA	none	0	False	containment 0.04 < 0.5; only 0/1 enzymes produced a fit; no PTR estimate	BcgI:only 2 windows after outlier trimming	no enzyme produced a usable estimate
S_8221231	GCA_013333075.2	s__Prevotella_sp013333285	NA	NA	NA	0.002568493151	NA	NA	NA	0	NA	NA	NA	NA	0	1	0	-	NA	fixed	NA	none	0	False	containment 0.00 < 0.5; only 0/1 enzymes produced a fit; no PTR estimate	BcgI:only 2 windows after outlier trimming	no enzyme produced a usable estimate
S_8221231	GCA_013333105.2	s__JABCPO02_sp013333105	NA	NA	NA	0	NA	NA	NA	0	NA	NA	NA	NA	0	1	0	-	NA	fixed	NA	none	0	False	containment 0.00 < 0.5; only 0/1 enzymes produced a fit; no PTR estimate	BcgI:only 0 windows after outlier trimming	no enzyme produced a usable estimate
S_8221231	GCA_013333135.2	s__UBA2866_sp013333135	NA	NA	NA	0.00826446281	NA	NA	NA	0	NA	NA	NA	NA	0	1	0	-	NA	fixed	NA	none	0	False	containment 0.01 < 0.5; only 0/1 enzymes produced a fit; no PTR estimate	BcgI:only 2 windows after outlier trimming	no enzyme produced a usable estimate
S_8221231	GCA_013333165.2	s__JABCPG02_sp013333195	NA	NA	NA	0	NA	NA	NA	0	NA	NA	NA	NA	0	1	0	-	NA	fixed	NA	none	0	False	containment 0.00 < 0.5; only 0/1 enzymes produced a fit; no PTR estimate	BcgI:only 0 windows after outlier trimming	no enzyme produced a usable estimate
S_8221231	GCA_013333235.2	s__JABCPH02_sp013333235	28.0600639	26.73089606	0.5554232804	0.1907216495	3.135982506	1.648917512	NA	95	0.9960815115	1.179332147	-0.6625310225	3.960366046	1	1	1	BcgI	NA	fixed	770124.4028	glm	27	False	fraction 0.56 < 0.75; dispersion 26.73 > 5.0; containment 0.19 < 0.5	-	single enzyme: no cross-enzyme consistency check available
S_8221231	GCA_013333295.2	s__HOT-345_sp013333295	NA	NA	NA	0	NA	NA	NA	0	NA	NA	NA	NA	0	1	0	-	NA	fixed	NA	none	0	False	containment 0.00 < 0.5; only 0/1 enzymes produced a fit; no PTR estimate	BcgI:only 0 windows after outlier trimming	no enzyme produced a usable estimate
S_8221231	GCA_013333375.2	s__UBA2866_sp013333375	NA	NA	NA	0	NA	NA	NA	0	NA	NA	NA	NA	0	1	0	-	NA	fixed	NA	none	0	False	containment 0.00 < 0.5; only 0/1 enzymes produced a fit; no PTR estimate	BcgI:only 0 windows after outlier trimming	no enzyme produced a usable estimate
S_8221231	GCA_013333395.2	s__CAG-793_sp013333395	NA	NA	NA	0.01449275362	NA	NA	NA	0	NA	NA	NA	NA	0	1	0	-	NA	fixed	NA	none	0	False	containment 0.01 < 0.5; only 0/1 enzymes produced a fit; no PTR estimate	BcgI:only 1 windows after outlier trimming	no enzyme produced a usable estimate
S_8221231	GCA_013333405.2	s__UMGS1907_sp013333405	NA	NA	NA	0.004098360656	NA	NA	NA	0	NA	NA	NA	NA	0	1	0	-	NA	fixed	NA	none	0	False	containment 0.00 < 0.5; only 0/1 enzymes produced a fit; no PTR estimate	BcgI:only 1 windows after outlier trimming	no enzyme produced a usable estimate
S_8221231	GCA_013333425.2	s__Mogibacterium_diversum	16.71374211	8.670934057	0.3028089613	0.1924398625	1.822194152	0.8656766841	NA	465	0.8668525444	0.5591514633	-0.230240046	1.961593414	1	1	1	BcgI	NA	fixed	256876.8944	glm	53	False	fraction 0.30 < 0.75; dispersion 8.67 > 5.0; containment 0.19 < 0.5	-	single enzyme: no cross-enzyme consistency check available
S_8221231	GCA_013333485.2	s__Saccharimonas_sp010202265	NA	NA	NA	0	NA	NA	NA	0	NA	NA	NA	NA	0	1	0	-	NA	fixed	NA	none	0	False	containment 0.00 < 0.5; only 0/1 enzymes produced a fit; no PTR estimate	BcgI:only 0 windows after outlier trimming	no enzyme produced a usable estimate
S_8221231	GCA_013333495.2	s__TM7x_sp013333495	NA	NA	NA	0	NA	NA	NA	0	NA	NA	NA	NA	0	1	0	-	NA	fixed	NA	none	0	False	containment 0.00 < 0.5; only 0/1 enzymes produced a fit; no PTR estimate	BcgI:only 0 windows after outlier trimming	no enzyme produced a usable estimate
S_8221231	GCA_013333505.2	s__JABCPE02_sp013333255	12.61008928	8.564102564	0.3108788419	0.05128205128	1.492371928	0.5776071281	NA	78	0.695854731	1.187335375	-1.749527445	2.904741701	1	1	1	BcgI	NA	fixed	835451.6775	glm	11	False	fraction 0.31 < 0.75; dispersion 8.56 > 5.0; containment 0.05 < 0.5	-	single enzyme: no cross-enzyme consistency check available
S_8221231	GCA_013333515.2	s__UBA1103_sp013333515	NA	NA	NA	0	NA	NA	NA	0	NA	NA	NA	NA	0	1	0	-	NA	fixed	NA	none	0	False	containment 0.00 < 0.5; only 0/1 enzymes produced a fit; no PTR estimate	BcgI:only 0 windows after outlier trimming	no enzyme produced a usable estimate
S_8221231	GCA_013333595.2	s__SDRW01_sp013333595	13.07594473	NA	0.08219047619	0.01162790698	28.94278201	4.855131697	NA	88	0.9815814948	2.04015913	0.85649328	8.853770114	1	1	1	BcgI	NA	fixed	417616.1208	glm	5	False	fraction 0.08 < 0.75; containment 0.01 < 0.5	-	single enzyme: no cross-enzyme consistency check available
S_8221231	GCA_013333605.2	s__HOT-345_sp013333605	NA	NA	NA	0.01639344262	NA	NA	NA	0	NA	NA	NA	NA	0	1	0	-	NA	fixed	NA	none	0	False	containment 0.02 < 0.5; only 0/1 enzymes produced a fit; no PTR estimate	BcgI:only 2 windows after outlier trimming	no enzyme produced a usable estimate
S_8221231	GCA_013333625.2	s__Saccharimonas_sp013333625	NA	NA	NA	0.004830917874	NA	NA	NA	0	NA	NA	NA	NA	0	1	0	-	NA	fixed	NA	none	0	False	containment 0.00 < 0.5; only 0/1 enzymes produced a fit; no PTR estimate	BcgI:only 2 windows after outlier trimming	no enzyme produced a usable estimate
S_8221231	GCA_013333645.2	s__Saccharimonas_sp013333645	9.512692795	4.355152472	0.09830685137	0.06553911205	1.178809375	0.2373304392	NA	546	0.2562425538	0.6557378813	-1.047892192	1.52255307	1	1	1	BcgI	NA	fixed	452565.82	glm	17	False	fraction 0.10 < 0.75; containment 0.07 < 0.5	-	single enzyme: no cross-enzyme consistency check available
S_8221231	GCA_013333675.2	s__Saccharimonas_sp013333675	NA	NA	NA	0	NA	NA	NA	0	NA	NA	NA	NA	0	1	0	-	NA	fixed	NA	none	0	False	containment 0.00 < 0.5; only 0/1 enzymes produced a fit; no PTR estimate	BcgI:only 0 windows after outlier trimming	no enzyme produced a usable estimate
S_8221231	GCA_013333695.2	s__TM7x_sp013333695	NA	NA	NA	0	NA	NA	NA	0	NA	NA	NA	NA	0	1	0	-	NA	fixed	NA	none	0	False	containment 0.00 < 0.5; only 0/1 enzymes produced a fit; no PTR estimate	BcgI:only 0 windows after outlier trimming	no enzyme produced a usable estimate
S_8221231	GCA_013333755.2	s__GN02-872_sp002761215	NA	NA	NA	0	NA	NA	NA	0	NA	NA	NA	NA	0	1	0	-	NA	fixed	NA	none	0	False	containment 0.00 < 0.5; only 0/1 enzymes produced a fit; no PTR estimate	BcgI:only 0 windows after outlier trimming	no enzyme produced a usable estimate
S_8221231	GCA_013333795.2	s__Saccharimonas_sp013333795	NA	NA	NA	0	NA	NA	NA	0	NA	NA	NA	NA	0	1	0	-	NA	fixed	NA	none	0	False	containment 0.00 < 0.5; only 0/1 enzymes produced a fit; no PTR estimate	BcgI:only 0 windows after outlier trimming	no enzyme produced a usable estimate
S_8221231	GCA_013333815.2	s__SDRW01_sp007845485	16.38015011	10.78185423	0.1549927722	0.07826086957	18.14281886	4.181326721	NA	143	0.9973241129	1.077469896	2.069524531	6.29312891	1	1	1	BcgI	NA	fixed	672238.84	glm	7	False	fraction 0.15 < 0.75; dispersion 10.78 > 5.0; containment 0.08 < 0.5	-	single enzyme: no cross-enzyme consistency check available
S_8221231	GCA_013333835.2	s__Bacteroides_D_sp013333835	NA	NA	NA	0	NA	NA	NA	0	NA	NA	NA	NA	0	1	0	-	NA	fixed	NA	none	0	False	containment 0.00 < 0.5; only 0/1 enzymes produced a fit; no PTR estimate	BcgI:only 0 windows after outlier trimming	no enzyme produced a usable estimate
S_8221231	GCA_013333845.2	s__Saccharimonas_sp013333845	NA	NA	NA	0	NA	NA	NA	0	NA	NA	NA	NA	0	1	0	-	NA	fixed	NA	none	0	False	containment 0.00 < 0.5; only 0/1 enzymes produced a fit; no PTR estimate	BcgI:only 0 windows after outlier trimming	no enzyme produced a usable estimate
S_8221231	GCA_013333875.2	s__JABCPE02_sp013333875	8.204219156	NA	0.4569444444	0.04938271605	4.147357393	2.052192375	NA	34	0.9445477022	0.8242398075	0.4367120376	3.667672712	1	1	1	BcgI	NA	fixed	165754.1347	glm	12	False	fraction 0.46 < 0.75; containment 0.05 < 0.5	-	single enzyme: no cross-enzyme consistency check available
S_8221231	GCA_013333895.2	s__Arachnia_sp013333735	11.47499589	5.888133696	0.1905568209	0.1115494978	2.269080088	1.18210753	NA	2104	0.9986451106	0.4574104074	0.2855996055	2.078615455	1	1	1	BcgI	NA	fixed	1671363.817	glm	126	False	fraction 0.19 < 0.75; dispersion 5.89 > 5.0; containment 0.11 < 0.5	-	single enzyme: no cross-enzyme consistency check available
S_8221231	GCA_013333935.1	s__Prevotella_sp013333935	NA	NA	NA	0.001807228916	NA	NA	NA	0	NA	NA	NA	NA	0	1	0	-	NA	fixed	NA	none	0	False	containment 0.00 < 0.5; only 0/1 enzymes produced a fit; no PTR estimate	BcgI:only 3 windows after outlier trimming	no enzyme produced a usable estimate
S_8221231	GCA_013333945.2	s__Arachnia_sp013333945	10.73360677	5.163361452	0.1644566868	0.07503828484	1.13555625	0.1833991721	NA	1454	0.6674897236	0.4731038017	-0.7438672401	1.110665584	1	1	1	BcgI	NA	fixed	1499331.221	glm	107	False	fraction 0.16 < 0.75; dispersion 5.16 > 5.0; containment 0.08 < 0.5	-	single enzyme: no cross-enzyme consistency check available
S_8221231	GCA_014467095.1	s__Streptococcus_mitis_K	NA	NA	NA	0.04166666667	NA	NA	NA	0	NA	NA	NA	NA	0	1	0	-	NA	fixed	NA	none	0	False	containment 0.04 < 0.5; only 0/1 enzymes produced a fit; no PTR estimate	BcgI:only 2 windows after outlier trimming	no enzyme produced a usable estimate
S_8221231	GCA_900066305.1	s__UBA1191_sp900066305	NA	NA	NA	0	NA	NA	NA	0	NA	NA	NA	NA	0	1	0	-	NA	fixed	NA	none	0	False	containment 0.00 < 0.5; only 0/1 enzymes produced a fit; no PTR estimate	BcgI:only 0 windows after outlier trimming	no enzyme produced a usable estimate
S_8221231	GCA_900167215.1	s__Peptoanaerobacter_yurii	NA	NA	NA	0	NA	NA	NA	0	NA	NA	NA	NA	0	1	0	-	NA	fixed	NA	none	0	False	containment 0.00 < 0.5; only 0/1 enzymes produced a fit; no PTR estimate	BcgI:only 0 windows after outlier trimming	no enzyme produced a usable estimate
S_8221231	GCA_900299135.1	s__Trueperella_pyogenes	NA	NA	NA	0	NA	NA	NA	0	NA	NA	NA	NA	0	1	0	-	NA	fixed	NA	none	0	False	containment 0.00 < 0.5; only 0/1 enzymes produced a fit; no PTR estimate	BcgI:only 0 windows after outlier trimming	no enzyme produced a usable estimate
S_8221231	GCA_900453905.1	s__Neisseria_flavescens	101.2774713	27.90755212	0.1694896299	0.06108202443	83.91287273	6.39082024	NA	333	1	2.067922384	2.337766845	10.44387364	1	1	1	BcgI	NA	fixed	770996.5544	glm	19	False	fraction 0.17 < 0.75; dispersion 27.91 > 5.0; containment 0.06 < 0.5	-	single enzyme: no cross-enzyme consistency check available
S_8221231	GCA_900538345.1	s__Veillonella_tobetsuensis	44.14953064	25.72642433	0.06541640458	0.05357142857	1.695889539	0.7620422036	NA	363	0.9834321521	1.228097674	-1.644985008	3.169069415	1	1	1	BcgI	NA	fixed	316041.5306	glm	15	False	fraction 0.07 < 0.75; dispersion 25.73 > 5.0; containment 0.05 < 0.5	-	single enzyme: no cross-enzyme consistency check available
S_8221231	GCA_900538355.1	s__Veillonella_sp900538355	29.83243636	15.92307692	0.2934484905	0.03734439834	22.97995084	4.522303807	NA	53	0.9978487853	1.968465727	0.6641818761	8.380425737	1	1	1	BcgI	NA	fixed	1422232.109	glm	6	False	fraction 0.29 < 0.75; dispersion 15.92 > 5.0; containment 0.04 < 0.5	-	single enzyme: no cross-enzyme consistency check available
S_8221231	GCA_900539315.1	s__Granulicatella_sp001058355	27.80335558	22.06372627	0.2418239694	0.1527377522	3.905019541	1.965329768	NA	259	0.9983823473	0.598239573	0.7928017505	3.137857785	1	1	1	BcgI	NA	fixed	561931.1911	glm	19	False	fraction 0.24 < 0.75; dispersion 22.06 > 5.0; containment 0.15 < 0.5	-	single enzyme: no cross-enzyme consistency check available
S_8221231	GCA_900539505.1	s__Campylobacter_B_sp900539505	NA	NA	NA	0.004048582996	NA	NA	NA	0	NA	NA	NA	NA	0	1	0	-	NA	fixed	NA	none	0	False	containment 0.00 < 0.5; only 0/1 enzymes produced a fit; no PTR estimate	BcgI:only 4 windows after outlier trimming	no enzyme produced a usable estimate
S_8221231	GCA_900539555.1	s__Streptococcus_mitis_BB	NA	NA	NA	0.1014492754	NA	NA	NA	0	NA	NA	NA	NA	0	1	0	-	NA	fixed	NA	none	0	False	containment 0.10 < 0.5; only 0/1 enzymes produced a fit; no PTR estimate	BcgI:only 26 anchors (< 30)	no enzyme produced a usable estimate
S_8221231	GCA_900539805.1	s__Phyllobacterium_sp900539805	NA	NA	NA	0.000170386778	NA	NA	NA	0	NA	NA	NA	NA	0	1	0	-	NA	fixed	NA	none	0	False	containment 0.00 < 0.5; only 0/1 enzymes produced a fit; no PTR estimate	BcgI:only 1 windows after outlier trimming	no enzyme produced a usable estimate
S_8221231	GCA_900540375.1	s__Prevotella_sp900540375	NA	NA	NA	0	NA	NA	NA	0	NA	NA	NA	NA	0	1	0	-	NA	fixed	NA	none	0	False	containment 0.00 < 0.5; only 0/1 enzymes produced a fit; no PTR estimate	BcgI:only 0 windows after outlier trimming	no enzyme produced a usable estimate
S_8221231	GCA_900540565.1	s__Pauljensenia_sp001838165	36.46971799	139.1269331	0.08845905711	0.04822505023	14.5547925	3.863422367	NA	1136	0.9999997286	1.668705433	0.5928198177	7.134024916	1	1	1	BcgI	NA	fixed	692693.3333	glm	31	False	fraction 0.09 < 0.75; dispersion 139.13 > 5.0; containment 0.05 < 0.5	-	single enzyme: no cross-enzyme consistency check available
S_8221231	GCA_900541895.1	s__Pauljensenia_sp900541895	18.70386427	18.84680456	0.09209140717	0.05810397554	1.46349123	0.5494141002	NA	908	0.9849457311	0.7291021357	-0.8795998268	1.978428027	1	1	1	BcgI	NA	fixed	705355.8417	glm	31	False	fraction 0.09 < 0.75; dispersion 18.85 > 5.0; containment 0.06 < 0.5	-	single enzyme: no cross-enzyme consistency check available
S_8221231	GCA_900542465.1	s__UBA4285_sp900542465	NA	NA	NA	0.002336448598	NA	NA	NA	0	NA	NA	NA	NA	0	1	0	-	NA	fixed	NA	none	0	False	containment 0.00 < 0.5; only 0/1 enzymes produced a fit; no PTR estimate	BcgI:only 0 windows after outlier trimming	no enzyme produced a usable estimate
S_8221231	GCA_900546865.1	s__Rothia_terrae	NA	NA	NA	0	NA	NA	NA	0	NA	NA	NA	NA	0	1	0	-	NA	fixed	NA	none	0	False	containment 0.00 < 0.5; only 0/1 enzymes produced a fit; no PTR estimate	BcgI:only 0 windows after outlier trimming	no enzyme produced a usable estimate
S_8221231	GCA_900549805.1	s__Veillonella_sp900549805	NA	NA	NA	0	NA	NA	NA	0	NA	NA	NA	NA	0	1	0	-	NA	fixed	NA	none	0	False	containment 0.00 < 0.5; only 0/1 enzymes produced a fit; no PTR estimate	BcgI:only 0 windows after outlier trimming	no enzyme produced a usable estimate
S_8221231	GCA_900549845.1	s__Veillonella_sp900549845	NA	NA	NA	0.1307692308	NA	NA	NA	0	NA	NA	NA	NA	0	1	0	-	NA	fixed	NA	none	0	False	containment 0.13 < 0.5; only 0/1 enzymes produced a fit; no PTR estimate	BcgI:only 26 anchors (< 30)	no enzyme produced a usable estimate
S_8221231	GCA_900550175.1	s__Veillonella_sp900550175	97.01872239	66.56016598	0.3844196034	0.06130268199	9.713834842	3.280040957	NA	81	0.9991327008	2.123966688	-0.8828572553	7.44293917	1	1	1	BcgI	NA	fixed	481753.9222	glm	13	False	fraction 0.38 < 0.75; dispersion 66.56 > 5.0; containment 0.06 < 0.5	-	single enzyme: no cross-enzyme consistency check available
S_8221231	GCA_900550455.1	s__Veillonella_sp900550455	NA	NA	NA	0	NA	NA	NA	0	NA	NA	NA	NA	0	1	0	-	NA	fixed	NA	none	0	False	containment 0.00 < 0.5; only 0/1 enzymes produced a fit; no PTR estimate	BcgI:only 0 windows after outlier trimming	no enzyme produced a usable estimate
S_8221231	GCA_900551535.1	s__Granulicatella_sp900551535	22.95623871	17.90225378	0.5801075269	0.1428571429	2.792093703	1.481347359	NA	85	0.9946784911	0.7361423086	0.03853494692	2.924159772	1	1	1	BcgI	NA	fixed	434303.2967	glm	31	False	fraction 0.58 < 0.75; dispersion 17.90 > 5.0; containment 0.14 < 0.5	-	single enzyme: no cross-enzyme consistency check available
S_8221231	GCA_900552445.1	s__Veillonella_sp900552445	44.14280404	42.14087317	0.712345679	0.2579365079	2.080468974	1.056908774	NA	107	0.9985893958	0.9943348188	-0.8919516595	3.005769207	1	1	1	BcgI	NA	fixed	85831.68	glm	54	False	fraction 0.71 < 0.75; dispersion 42.14 > 5.0; containment 0.26 < 0.5	-	single enzyme: no cross-enzyme consistency check available
S_8221231	GCA_900552715.1	s__Veillonella_sp900552715	NA	NA	NA	0.09009009009	NA	NA	NA	0	NA	NA	NA	NA	0	1	0	-	NA	fixed	NA	none	0	False	containment 0.09 < 0.5; only 0/1 enzymes produced a fit; no PTR estimate	BcgI:only 17 anchors (< 30)	no enzyme produced a usable estimate
S_8221231	GCA_900554555.1	s__Bulleidia_sp900554555	19.99343164	5.672329117	0.6863636364	0.2	2.010586793	1.007616616	NA	69	0.9679338077	0.8149970813	-0.5897483109	2.604981543	1	1	1	BcgI	NA	fixed	370665.7747	glm	33	False	fraction 0.69 < 0.75; dispersion 5.67 > 5.0; containment 0.20 < 0.5	-	single enzyme: no cross-enzyme consistency check available
S_8221231	GCA_900554605.1	s__Pauljensenia_sp900554605	16.73036543	10.59537305	0.3973106787	0.06094527363	2.158523706	1.110044937	NA	184	0.9948162436	0.6870750611	-0.2365974374	2.456687312	1	1	1	BcgI	NA	fixed	199458.8656	glm	38	False	fraction 0.40 < 0.75; dispersion 10.60 > 5.0; containment 0.06 < 0.5	-	single enzyme: no cross-enzyme consistency check available
S_8221231	GCA_900555155.1	s__Streptococcus_sp900555155	NA	NA	NA	0	NA	NA	NA	0	NA	NA	NA	NA	0	1	0	-	NA	fixed	NA	none	0	False	containment 0.00 < 0.5; only 0/1 enzymes produced a fit; no PTR estimate	BcgI:only 0 windows after outlier trimming	no enzyme produced a usable estimate
S_8221231	GCA_900555245.1	s__Dialister_sp900555245	NA	NA	NA	0	NA	NA	NA	0	NA	NA	NA	NA	0	1	0	-	NA	fixed	NA	none	0	False	containment 0.00 < 0.5; only 0/1 enzymes produced a fit; no PTR estimate	BcgI:only 0 windows after outlier trimming	no enzyme produced a usable estimate
S_8221231	GCA_900555335.1	s__Lancefieldella_sp900555335	16.66484684	5.029467807	0.3137690627	0.1394736842	1.410656817	0.4963670538	NA	205	0.9354767844	0.6961759903	-0.8681128141	1.860846922	1	1	1	BcgI	NA	fixed	406000.6094	glm	36	False	fraction 0.31 < 0.75; dispersion 5.03 > 5.0; containment 0.14 < 0.5	-	single enzyme: no cross-enzyme consistency check available
S_8221231	GCA_900555945.1	s__UMGS1907_sp900555945	NA	NA	NA	0	NA	NA	NA	0	NA	NA	NA	NA	0	1	0	-	NA	fixed	NA	none	0	False	containment 0.00 < 0.5; only 0/1 enzymes produced a fit; no PTR estimate	BcgI:only 0 windows after outlier trimming	no enzyme produced a usable estimate
S_8221231	GCA_900555985.1	s__Gemella_sp900555985	NA	NA	NA	0.05	NA	NA	NA	0	NA	NA	NA	NA	0	1	0	-	NA	fixed	NA	none	0	False	containment 0.05 < 0.5; only 0/1 enzymes produced a fit; no PTR estimate	BcgI:only 2 windows after outlier trimming	no enzyme produced a usable estimate
S_8221231	GCA_900556165.1	s__UMGS1907_sp900556165	NA	NA	NA	0	NA	NA	NA	0	NA	NA	NA	NA	0	1	0	-	NA	fixed	NA	none	0	False	containment 0.00 < 0.5; only 0/1 enzymes produced a fit; no PTR estimate	BcgI:only 0 windows after outlier trimming	no enzyme produced a usable estimate
S_8221231	GCA_900556405.1	s__Pauljensenia_sp900556405	139.4299734	267.0502935	0.5481364605	0.4305760709	4.215971941	2.075865265	NA	1125	0.9999999933	0.5068161329	1.082523898	3.069206633	1	1	1	BcgI	NA	fixed	593037.5944	glm	172	False	fraction 0.55 < 0.75; dispersion 267.05 > 5.0; containment 0.43 < 0.5	-	single enzyme: no cross-enzyme consistency check available
S_8221231	GCA_900556785.1	s__Veillonella_sp900556785	31.8251552	33.12231884	0.4712454212	0.125	1.385913853	0.4708375836	NA	46	0.7660389006	1.355709606	-2.186304417	3.127979585	1	1	1	BcgI	NA	fixed	1122673.412	glm	13	False	fraction 0.47 < 0.75; dispersion 33.12 > 5.0; containment 0.12 < 0.5	-	single enzyme: no cross-enzyme consistency check available
S_8221231	GCA_900557325.1	s__Streptococcus_rubneri	NA	NA	NA	0.02298850575	NA	NA	NA	0	NA	NA	NA	NA	0	1	0	-	NA	fixed	NA	none	0	False	containment 0.02 < 0.5; only 0/1 enzymes produced a fit; no PTR estimate	BcgI:only 4 windows after outlier trimming	no enzyme produced a usable estimate
S_8221231	GCA_900755085.1	s__Streptococcus_sp900755085	42.69065097	NA	0.557199211	0.05223880597	6.883176372	2.783074477	NA	36	0.9966032375	1.593203334	-0.3395466763	5.905695631	1	1	1	BcgI	NA	fixed	1161270.561	glm	13	False	fraction 0.56 < 0.75; containment 0.05 < 0.5	-	single enzyme: no cross-enzyme consistency check available
S_8221231	GCA_900755465.1	s__Rothia_sp902373285	106.7250824	222.9047578	0.180767817	0.04365904366	3.797221054	1.924943987	NA	696	0.9996126433	1.668224888	-1.344716711	5.194604686	1	1	1	BcgI	NA	fixed	1046104.053	glm	41	False	fraction 0.18 < 0.75; dispersion 222.90 > 5.0; containment 0.04 < 0.5	-	single enzyme: no cross-enzyme consistency check available
S_8221231	GCA_900755475.1	s__Streptococcus_sp900543065	38.33332104	NA	0.2028594771	0.01459854015	3.458444074	1.790123127	NA	50	0.9532974052	1.251471393	-0.6627157301	4.242961984	1	1	1	BcgI	NA	fixed	292983.6083	glm	6	False	fraction 0.20 < 0.75; containment 0.01 < 0.5	-	single enzyme: no cross-enzyme consistency check available
S_8221231	GCA_900757715.1	s__Veillonella_sp900757715	17.33349027	NA	0.6088888889	0.02669902913	6.859116563	2.778022773	NA	36	0.998167492	1.697778305	-0.5495615587	6.105607104	1	1	1	BcgI	NA	fixed	1274322.151	glm	10	False	fraction 0.61 < 0.75; containment 0.03 < 0.5	-	single enzyme: no cross-enzyme consistency check available
S_8221231	GCA_900758605.1	s__Bacteroides_sp900552405	NA	NA	NA	0.0016400164	NA	NA	NA	0	NA	NA	NA	NA	0	1	0	-	NA	fixed	NA	none	0	False	containment 0.00 < 0.5; only 0/1 enzymes produced a fit; no PTR estimate	BcgI:only 3 windows after outlier trimming	no enzyme produced a usable estimate
S_8221231	GCA_900759325.1	s__Peptostreptococcus_sp900759325	12.19060266	NA	0.3819444444	0.07096774194	2.210568075	1.144417163	NA	51	0.7462209439	1.38875858	-1.577499637	3.866333963	1	1	1	BcgI	NA	fixed	467655.2417	glm	10	False	fraction 0.38 < 0.75; containment 0.07 < 0.5	-	single enzyme: no cross-enzyme consistency check available
S_8221231	GCA_900765235.1	s__Veillonella_sp900765235	NA	NA	NA	0.112244898	NA	NA	NA	0	NA	NA	NA	NA	0	1	0	-	NA	fixed	NA	none	0	False	containment 0.11 < 0.5; only 0/1 enzymes produced a fit; no PTR estimate	BcgI:only 16 anchors (< 30)	no enzyme produced a usable estimate
S_8221231	GCA_900766125.1	s__Veillonella_sp900766125	NA	NA	NA	0.106870229	NA	NA	NA	0	NA	NA	NA	NA	0	1	0	-	NA	fixed	NA	none	0	False	containment 0.11 < 0.5; only 0/1 enzymes produced a fit; no PTR estimate	BcgI:only 18 anchors (< 30)	no enzyme produced a usable estimate
S_8221231	GCA_900766185.1	s__Johnsonella_sp900766185	9.082994733	NA	0.1518925519	0.01043841336	7.021886426	2.811858662	NA	45	0.9542016992	1.19955003	0.4607838047	5.162933519	1	1	1	BcgI	NA	fixed	710109.2856	glm	5	False	fraction 0.15 < 0.75; containment 0.01 < 0.5	-	single enzyme: no cross-enzyme consistency check available
S_8221231	GCA_900766305.1	s__Gemella_sp900766305	NA	NA	NA	0.03289473684	NA	NA	NA	0	NA	NA	NA	NA	0	1	0	-	NA	fixed	NA	none	0	False	containment 0.03 < 0.5; only 0/1 enzymes produced a fit; no PTR estimate	BcgI:only 4 windows after outlier trimming	no enzyme produced a usable estimate
S_8221231	GCA_900766345.1	s__Corynebacterium_sp900539985	NA	NA	NA	0	NA	NA	NA	0	NA	NA	NA	NA	0	1	0	-	NA	fixed	NA	none	0	False	containment 0.00 < 0.5; only 0/1 enzymes produced a fit; no PTR estimate	BcgI:only 0 windows after outlier trimming	no enzyme produced a usable estimate
S_8221231	GCA_900766415.1	s__Veillonella_sp009929605	NA	NA	NA	0	NA	NA	NA	0	NA	NA	NA	NA	0	1	0	-	NA	fixed	NA	none	0	False	containment 0.00 < 0.5; only 0/1 enzymes produced a fit; no PTR estimate	BcgI:only 0 windows after outlier trimming	no enzyme produced a usable estimate
S_8221231	GCA_901420285.1	s__Rodentibacter_sp901420285	NA	NA	NA	0.003205128205	NA	NA	NA	0	NA	NA	NA	NA	0	1	0	-	NA	fixed	NA	none	0	False	containment 0.00 < 0.5; only 0/1 enzymes produced a fit; no PTR estimate	BcgI:only 4 windows after outlier trimming	no enzyme produced a usable estimate
S_8221231	GCA_902373375.1	s__Lancefieldella_sp902373375	21.99433751	NA	0.1882440476	0.01973684211	1.399567245	0.4849808056	NA	61	0.5508380647	1.646617069	-2.742329346	3.712290957	1	1	1	BcgI	NA	fixed	299576.8225	glm	8	False	fraction 0.19 < 0.75; containment 0.02 < 0.5	-	single enzyme: no cross-enzyme consistency check available
S_8221231	GCA_902373385.1	s__Methylobacterium_sp002778835	NA	NA	NA	0	NA	NA	NA	0	NA	NA	NA	NA	0	1	0	-	NA	fixed	NA	none	0	False	containment 0.00 < 0.5; only 0/1 enzymes produced a fit; no PTR estimate	BcgI:only 0 windows after outlier trimming	no enzyme produced a usable estimate
S_8221231	GCA_902373395.1	s__Rothia_mucilaginosa_B	206.5543724	417.0040377	0.5443459275	0.2874449339	3.722597109	1.896309484	NA	599	1	1.031579935	-0.1255500364	3.918169005	1	1	1	BcgI	NA	fixed	792068.25	glm	153	False	fraction 0.54 < 0.75; dispersion 417.00 > 5.0; containment 0.29 < 0.5	-	single enzyme: no cross-enzyme consistency check available
S_8221231	GCA_902373435.1	s__Pauljensenia_sp902373435	11.20556895	9.159722222	0.1177130406	0.02274124155	5.488844707	2.456502523	NA	386	0.9968267256	0.8454237237	0.7995024724	4.113502573	1	1	1	BcgI	NA	fixed	51297.78333	glm	27	False	fraction 0.12 < 0.75; dispersion 9.16 > 5.0; containment 0.02 < 0.5	-	single enzyme: no cross-enzyme consistency check available
S_8221231	GCA_902373455.1	s__Streptococcus_sp902373455	66.53454876	40.98373984	0.6833333333	0.1094890511	4.693911836	2.230790744	NA	30	0.9974435716	2.26204856	-2.202742965	6.664324453	1	1	1	BcgI	NA	fixed	420935.7931	glm	14	False	fraction 0.68 < 0.75; dispersion 40.98 > 5.0; containment 0.11 < 0.5	-	single enzyme: no cross-enzyme consistency check available
S_8221231	GCA_902373545.1	s__Pauljensenia_sp902373545	16.77207855	10.94643208	0.13520104	0.01560062402	14.22682254	3.830541577	NA	334	0.9983230079	1.004318868	1.862112767	5.798970387	1	1	1	BcgI	NA	fixed	839962.67	glm	21	False	fraction 0.14 < 0.75; dispersion 10.95 > 5.0; containment 0.02 < 0.5	-	single enzyme: no cross-enzyme consistency check available
S_8221231	GCA_902373585.1	s__Veillonella_dispar	69.71428571	76.5	0.3588435374	0.07299270073	1.735773277	0.7955785183	NA	38	0.9769806597	1.04192436	-1.246555703	2.837712739	1	1	1	BcgI	NA	fixed	619038.2228	glm	7	False	fraction 0.36 < 0.75; dispersion 76.50 > 5.0; containment 0.07 < 0.5	-	single enzyme: no cross-enzyme consistency check available
S_8221231	GCA_902406185.1	s__Streptococcus_sp900550895	NA	NA	NA	0.007936507937	NA	NA	NA	0	NA	NA	NA	NA	0	1	0	-	NA	fixed	NA	none	0	False	containment 0.01 < 0.5; only 0/1 enzymes produced a fit; no PTR estimate	BcgI:only 1 windows after outlier trimming	no enzyme produced a usable estimate
S_8221231	GCA_902406255.1	s__Veillonella_sp900545205	66.49783777	211.8332755	0.6115079365	0.1603773585	7.607101685	2.92734689	NA	40	0.9990122986	1.406944294	0.1697867445	5.684907035	1	1	1	BcgI	NA	fixed	399437.4611	glm	14	False	fraction 0.61 < 0.75; dispersion 211.83 > 5.0; containment 0.16 < 0.5	-	single enzyme: no cross-enzyme consistency check available
S_8221231	GCA_902406345.1	s__Anaeroglobus_micronuciformis	19.06739255	17.75761373	0.2723612223	0.2699784017	1.868895141	0.9021856252	NA	814	0.9984589768	0.3528152513	0.2106804393	1.593690811	1	1	1	BcgI	NA	fixed	767555.7475	glm	23	False	fraction 0.27 < 0.75; dispersion 17.76 > 5.0; containment 0.27 < 0.5	-	single enzyme: no cross-enzyme consistency check available
S_8221231	GCA_902498835.1	s__Chlamydophila_avium	NA	NA	NA	0	NA	NA	NA	0	NA	NA	NA	NA	0	1	0	-	NA	fixed	NA	none	0	False	containment 0.00 < 0.5; only 0/1 enzymes produced a fit; no PTR estimate	BcgI:only 0 windows after outlier trimming	no enzyme produced a usable estimate
S_8221231	GCA_902756015.1	s__UBA3839_sp900321835	NA	NA	NA	0.0003260515161	NA	NA	NA	0	NA	NA	NA	NA	0	1	0	-	NA	fixed	NA	none	0	False	containment 0.00 < 0.5; only 0/1 enzymes produced a fit; no PTR estimate	BcgI:only 1 windows after outlier trimming	no enzyme produced a usable estimate
S_8221231	GCA_902759415.1	s__UBA3663_sp900319235	NA	NA	NA	0	NA	NA	NA	0	NA	NA	NA	NA	0	1	0	-	NA	fixed	NA	none	0	False	containment 0.00 < 0.5; only 0/1 enzymes produced a fit; no PTR estimate	BcgI:only 0 windows after outlier trimming	no enzyme produced a usable estimate
S_8221231	GCA_903823475.1	s__Limnohabitans_sp903880855	NA	NA	NA	0	NA	NA	NA	0	NA	NA	NA	NA	0	1	0	-	NA	fixed	NA	none	0	False	containment 0.00 < 0.5; only 0/1 enzymes produced a fit; no PTR estimate	BcgI:only 0 windows after outlier trimming	no enzyme produced a usable estimate
S_8221231	GCA_903924425.1	s__UBA4615_sp903903975	NA	NA	NA	0.0002725538294	NA	NA	NA	0	NA	NA	NA	NA	0	1	0	-	NA	fixed	NA	none	0	False	containment 0.00 < 0.5; only 0/1 enzymes produced a fit; no PTR estimate	BcgI:only 1 windows after outlier trimming	no enzyme produced a usable estimate
S_8221231	GCF_000011305.1	s__Corynebacterium_efficiens	NA	NA	NA	0	NA	NA	NA	0	NA	NA	NA	NA	0	1	0	-	NA	fixed	NA	none	0	False	containment 0.00 < 0.5; only 0/1 enzymes produced a fit; no PTR estimate	BcgI:only 0 windows after outlier trimming	no enzyme produced a usable estimate
S_8221231	GCF_000015165.1	s__Bradyrhizobium_sp000015165	6.575115492	NA	0.009904761905	0.0006279927781	3.478728803	1.798560213	NA	505	0.7251775313	0.5158762462	0.7874613498	2.809659076	1	1	1	BcgI	NA	fixed	7550011.086	glm	5	False	fraction 0.01 < 0.75; containment 0.00 < 0.5	-	single enzyme: no cross-enzyme consistency check available
S_8221231	GCF_000023845.1	s__Cryptobacterium_curtum	NA	NA	NA	0	NA	NA	NA	0	NA	NA	NA	NA	0	1	0	-	NA	fixed	NA	none	0	False	containment 0.00 < 0.5; only 0/1 enzymes produced a fit; no PTR estimate	BcgI:only 0 windows after outlier trimming	no enzyme produced a usable estimate
S_8221231	GCF_000023905.1	s__Leptotrichia_buccalis	11.39953228	0.8888888889	0.04866666667	0.04020100503	1.650241283	0.7226769771	NA	124	0.810584452	0.3985507763	-0.05846819048	1.503822145	1	1	1	BcgI	NA	fixed	2103866.604	glm	5	False	fraction 0.05 < 0.75; containment 0.04 < 0.5	-	single enzyme: no cross-enzyme consistency check available
S_8221231	GCF_000024225.1	s__Lancefieldella_parvula	11.14317982	52.5625	0.04571428571	0.01261829653	7.410970192	2.889662422	NA	175	0.9996406501	2.955045852	-2.90212102	8.681445865	1	1	1	BcgI	NA	fixed	175995.4133	glm	7	False	fraction 0.05 < 0.75; dispersion 52.56 > 5.0; containment 0.01 < 0.5	-	single enzyme: no cross-enzyme consistency check available
S_8221231	GCF_000027165.1	s__Streptococcus_mitis_AR	NA	NA	NA	0.05825242718	NA	NA	NA	0	NA	NA	NA	NA	0	1	0	-	NA	fixed	NA	none	0	False	containment 0.06 < 0.5; only 0/1 enzymes produced a fit; no PTR estimate	BcgI:only 3 windows after outlier trimming	no enzyme produced a usable estimate
S_8221231	GCF_000090875.1	s__Neisseria_sp000090875	20.52917526	21.56158433	0.1884839641	0.1829537105	1.622989378	0.6986535575	NA	1284	0.9993770915	0.7196950431	-0.7119228068	2.109229922	1	1	1	BcgI	NA	fixed	1427785.609	glm	24	False	fraction 0.19 < 0.75; dispersion 21.56 > 5.0; containment 0.18 < 0.5	-	single enzyme: no cross-enzyme consistency check available
S_8221231	GCF_000143845.1	s__Olsenella_uli	NA	NA	NA	0	NA	NA	NA	0	NA	NA	NA	NA	0	1	0	-	NA	fixed	NA	none	0	False	containment 0.00 < 0.5; only 0/1 enzymes produced a fit; no PTR estimate	BcgI:only 0 windows after outlier trimming	no enzyme produced a usable estimate
S_8221231	GCF_000146585.1	s__Streptococcus_mitis_AZ	NA	NA	NA	0.02884615385	NA	NA	NA	0	NA	NA	NA	NA	0	1	0	-	NA	fixed	NA	none	0	False	containment 0.03 < 0.5; only 0/1 enzymes produced a fit; no PTR estimate	BcgI:only 2 windows after outlier trimming	no enzyme produced a usable estimate
S_8221231	GCF_000147675.1	s__Peptostreptococcus_stomatis	NA	NA	NA	0.0125	NA	NA	NA	0	NA	NA	NA	NA	0	1	0	-	NA	fixed	NA	none	0	False	containment 0.01 < 0.5; only 0/1 enzymes produced a fit; no PTR estimate	BcgI:only 2 windows after outlier trimming	no enzyme produced a usable estimate
S_8221231	GCF_000148525.1	s__Streptococcus_mitis_H	17.98588475	NA	0.1875	0.0987654321	2.922952811	1.547426538	NA	37	0.9514586731	1.398974817	-1.194513718	4.289366794	1	1	1	BcgI	NA	fixed	1140215.844	glm	6	False	fraction 0.19 < 0.75; containment 0.10 < 0.5	-	single enzyme: no cross-enzyme consistency check available
S_8221231	GCF_000148545.1	s__Streptococcus_mitis_C	NA	NA	NA	0.08045977011	NA	NA	NA	0	NA	NA	NA	NA	0	1	0	-	NA	fixed	NA	none	0	False	containment 0.08 < 0.5; only 0/1 enzymes produced a fit; no PTR estimate	BcgI:only 8 anchors (< 30)	no enzyme produced a usable estimate
S_8221231	GCF_000148975.1	s__Streptococcus_pseudopneumoniae_M	NA	NA	NA	0.07476635514	NA	NA	NA	0	NA	NA	NA	NA	0	1	0	-	NA	fixed	NA	none	0	False	containment 0.07 < 0.5; only 0/1 enzymes produced a fit; no PTR estimate	BcgI:only 17 anchors (< 30)	no enzyme produced a usable estimate
S_8221231	GCF_000154225.1	s__Pauljensenia_odontolytica_A	23.73798237	43.77646676	0.06171897704	0.0595390525	1.2381007	0.3081286596	NA	1500	0.7840622344	0.8895095513	-1.435278025	2.051535344	1	1	1	BcgI	NA	fixed	1854023.2	glm	24	False	fraction 0.06 < 0.75; dispersion 43.78 > 5.0; containment 0.06 < 0.5	-	single enzyme: no cross-enzyme consistency check available
S_8221231	GCF_000156615.2	s__Corynebacterium_tuberculostearicum	NA	NA	NA	0	NA	NA	NA	0	NA	NA	NA	NA	0	1	0	-	NA	fixed	NA	none	0	False	containment 0.00 < 0.5; only 0/1 enzymes produced a fit; no PTR estimate	BcgI:only 0 windows after outlier trimming	no enzyme produced a usable estimate
S_8221231	GCF_000158215.3	s__Fusobacterium_periodonticum_D	NA	NA	NA	0.1346153846	NA	NA	NA	0	NA	NA	NA	NA	0	1	0	-	NA	fixed	NA	none	0	False	containment 0.13 < 0.5; only 0/1 enzymes produced a fit; no PTR estimate	BcgI:only 3 windows after outlier trimming	no enzyme produced a usable estimate
S_8221231	GCF_000159435.1	s__Limosilactobacillus_vaginalis	NA	NA	NA	0	NA	NA	NA	0	NA	NA	NA	NA	0	1	0	-	NA	fixed	NA	none	0	False	containment 0.00 < 0.5; only 0/1 enzymes produced a fit; no PTR estimate	BcgI:only 0 windows after outlier trimming	no enzyme produced a usable estimate
S_8221231	GCF_000159995.1	s__Alloprevotella_tannerae	12.22175924	10.70842357	0.03314355375	0.02608142494	3.737786915	1.902184326	NA	1215	0.9939027134	1.441934995	-0.923956332	4.728324984	1	1	1	BcgI	NA	fixed	932236.8611	glm	20	False	fraction 0.03 < 0.75; dispersion 10.71 > 5.0; containment 0.03 < 0.5	-	single enzyme: no cross-enzyme consistency check available
S_8221231	GCF_000160035.2	s__Catonella_morbi	NA	NA	NA	0.007788161994	NA	NA	NA	0	NA	NA	NA	NA	0	1	0	-	NA	fixed	NA	none	0	False	containment 0.01 < 0.5; only 0/1 enzymes produced a fit; no PTR estimate	BcgI:only 3 windows after outlier trimming	no enzyme produced a usable estimate
S_8221231	GCF_000160055.1	s__Dialister_invisus	NA	NA	NA	0	NA	NA	NA	0	NA	NA	NA	NA	0	1	0	-	NA	fixed	NA	none	0	False	containment 0.00 < 0.5; only 0/1 enzymes produced a fit; no PTR estimate	BcgI:only 0 windows after outlier trimming	no enzyme produced a usable estimate
S_8221231	GCF_000160115.1	s__Shuttleworthia_satelles	NA	NA	NA	0	NA	NA	NA	0	NA	NA	NA	NA	0	1	0	-	NA	fixed	NA	none	0	False	containment 0.00 < 0.5; only 0/1 enzymes produced a fit; no PTR estimate	BcgI:only 0 windows after outlier trimming	no enzyme produced a usable estimate
S_8221231	GCF_000160135.1	s__Oribacterium_sp000160135	6.902171279	3.045660699	0.03198054819	0.01359516616	4.732236682	2.242522232	NA	504	0.970727719	0.8898339258	0.4984797848	3.986564678	1	1	1	BcgI	NA	fixed	1958385.773	glm	10	False	fraction 0.03 < 0.75; containment 0.01 < 0.5	-	single enzyme: no cross-enzyme consistency check available
S_8221231	GCF_000160435.1	s__Kingella_B_oralis	12.46878485	10.43813441	0.06827066905	0.06399521531	1.786872807	0.8374369441	NA	1606	0.9973256056	0.7399219979	-0.6127835231	2.287657411	1	1	1	BcgI	NA	fixed	851484.54	glm	25	False	fraction 0.07 < 0.75; dispersion 10.44 > 5.0; containment 0.06 < 0.5	-	single enzyme: no cross-enzyme consistency check available
S_8221231	GCF_000160635.1	s__Oribacterium_sinus	31.78638266	40.17126499	0.2472394755	0.2469352014	1.289138362	0.3664071154	NA	570	0.9950311559	0.4431453134	-0.5021417388	1.23495597	1	1	1	BcgI	NA	fixed	1816948.476	glm	23	False	fraction 0.25 < 0.75; dispersion 40.17 > 5.0; containment 0.25 < 0.5	-	single enzyme: no cross-enzyme consistency check available
S_8221231	GCF_000160695.1	s__Centipeda_flueggei	10.56514717	6.266936027	0.01660013992	0.007637231504	2.66861823	1.41609293	NA	985	0.9086941143	1.311917911	-1.155218927	3.987404786	1	1	1	BcgI	NA	fixed	1557752.154	glm	12	False	fraction 0.02 < 0.75; dispersion 6.27 > 5.0; containment 0.01 < 0.5	-	single enzyme: no cross-enzyme consistency check available
S_8221231	GCF_000161975.1	s__Eubacterium_N_saphenum	NA	NA	NA	0	NA	NA	NA	0	NA	NA	NA	NA	0	1	0	-	NA	fixed	NA	none	0	False	containment 0.00 < 0.5; only 0/1 enzymes produced a fit; no PTR estimate	BcgI:only 0 windows after outlier trimming	no enzyme produced a usable estimate
S_8221231	GCF_000162455.1	s__Prevotella_buccae	NA	NA	NA	0.00172860847	NA	NA	NA	0	NA	NA	NA	NA	0	1	0	-	NA	fixed	NA	none	0	False	containment 0.00 < 0.5; only 0/1 enzymes produced a fit; no PTR estimate	BcgI:only 3 windows after outlier trimming	no enzyme produced a usable estimate
S_8221231	GCF_000162475.2	s__Granulicatella_elegans	14.69404009	7.822785401	0.1438961039	0.1439114391	2.604701444	1.381118017	NA	271	0.9850788686	1.263975966	-1.096229353	3.858465388	1	1	1	BcgI	NA	fixed	1528739.848	glm	11	False	fraction 0.14 < 0.75; dispersion 7.82 > 5.0; containment 0.14 < 0.5	-	single enzyme: no cross-enzyme consistency check available
S_8221231	GCF_000162935.1	s__Prevotella_veroralis	25.96860115	23.45000921	0.09603788525	0.06914212548	1.563556872	0.6448316964	NA	532	0.9797143421	0.9394378548	-1.196432665	2.486096058	1	1	1	BcgI	NA	fixed	704308.1203	glm	17	False	fraction 0.10 < 0.75; dispersion 23.45 > 5.0; containment 0.07 < 0.5	-	single enzyme: no cross-enzyme consistency check available
S_8221231	GCF_000163055.2	s__Prevotella_sp000163055	17.1964003	10.29663453	0.040625	0.01944106926	7.879844776	2.97816721	NA	320	0.994141611	0.729631823	1.548115115	4.408219306	1	1	1	BcgI	NA	fixed	2113749.333	glm	10	False	fraction 0.04 < 0.75; dispersion 10.30 > 5.0; containment 0.02 < 0.5	-	single enzyme: no cross-enzyme consistency check available
S_8221231	GCF_000163475.1	s__Pasteurella_dagmatis	NA	NA	NA	0	NA	NA	NA	0	NA	NA	NA	NA	0	1	0	-	NA	fixed	NA	none	0	False	containment 0.00 < 0.5; only 0/1 enzymes produced a fit; no PTR estimate	BcgI:only 0 windows after outlier trimming	no enzyme produced a usable estimate
S_8221231	GCF_000163695.1	s__F0058_sp000163695	9.954878425	6.505367232	0.02200603318	0.01321877065	4.413432725	2.141901207	NA	913	0.9972229575	1.093221962	-0.000774467021	4.28457688	1	1	1	BcgI	NA	fixed	146794.1428	glm	15	False	fraction 0.02 < 0.75; dispersion 6.51 > 5.0; containment 0.01 < 0.5	-	single enzyme: no cross-enzyme consistency check available
S_8221231	GCF_000163835.1	s__Parascardovia_denticolens	NA	NA	NA	0	NA	NA	NA	0	NA	NA	NA	NA	0	1	0	-	NA	fixed	NA	none	0	False	containment 0.00 < 0.5; only 0/1 enzymes produced a fit; no PTR estimate	BcgI:only 0 windows after outlier trimming	no enzyme produced a usable estimate
S_8221231	GCF_000163895.2	s__Filifactor_alocis	NA	NA	NA	0.002816901408	NA	NA	NA	0	NA	NA	NA	NA	0	1	0	-	NA	fixed	NA	none	0	False	containment 0.00 < 0.5; only 0/1 enzymes produced a fit; no PTR estimate	BcgI:only 1 windows after outlier trimming	no enzyme produced a usable estimate
S_8221231	GCF_000173895.1	s__Neisseria_cinerea	27.97827694	NA	0.03654778797	0.01633605601	10.96829217	3.455267001	NA	381	0.9970749747	1.053336663	1.390765078	5.519768925	1	1	1	BcgI	NA	fixed	564887.0167	glm	12	False	fraction 0.04 < 0.75; containment 0.02 < 0.5	-	single enzyme: no cross-enzyme consistency check available
S_8221231	GCF_000173915.1	s__Gemella_haemolysans	23.68463251	62.18299571	0.3933541295	0.2481751825	2.246047452	1.167388408	NA	136	0.9979188793	1.718035857	-2.199899997	4.534676812	1	1	1	BcgI	NA	fixed	535907.1	glm	11	False	fraction 0.39 < 0.75; dispersion 62.18 > 5.0; containment 0.25 < 0.5	-	single enzyme: no cross-enzyme consistency check available
S_8221231	GCF_000174655.1	s__Neisseria_sicca	47.66507323	112.9105286	0.1891060712	0.1142857143	22.62841527	4.500063647	NA	280	0.9999453515	1.154120966	2.238028121	6.762099173	1	1	1	BcgI	NA	fixed	2079467.008	glm	21	False	fraction 0.19 < 0.75; dispersion 112.91 > 5.0; containment 0.11 < 0.5	-	single enzyme: no cross-enzyme consistency check available
S_8221231	GCF_000174755.1	s__Capnocytophaga_gingivalis	10.84003218	6.211653895	0.1086791535	0.06717850288	1.198666352	0.2614301416	NA	384	0.1073739816	0.9065865455	-1.515446837	2.03830712	1	1	1	BcgI	NA	fixed	2468243.612	glm	18	False	fraction 0.11 < 0.75; dispersion 6.21 > 5.0; containment 0.07 < 0.5	-	single enzyme: no cross-enzyme consistency check available
S_8221231	GCF_000175375.1	s__Corynebacterium_matruchotii	16.9507494	16.19853988	0.1255121414	0.1259457054	1.294160716	0.3720167903	NA	2247	0.9753125956	0.4671088861	-0.5434998034	1.287533384	1	1	1	BcgI	NA	fixed	2705099.684	glm	26	False	fraction 0.13 < 0.75; dispersion 16.20 > 5.0; containment 0.13 < 0.5	-	single enzyme: no cross-enzyme consistency check available
S_8221231	GCF_000175635.1	s__Corynebacterium_tuberculostearicum_C	NA	NA	NA	0	NA	NA	NA	0	NA	NA	NA	NA	0	1	0	-	NA	fixed	NA	none	0	False	containment 0.00 < 0.5; only 0/1 enzymes produced a fit; no PTR estimate	BcgI:only 0 windows after outlier trimming	no enzyme produced a usable estimate
S_8221231	GCF_000175875.1	s__Campylobacter_B_gracilis	NA	NA	NA	0.00232738557	NA	NA	NA	0	NA	NA	NA	NA	0	1	0	-	NA	fixed	NA	none	0	False	containment 0.00 < 0.5; only 0/1 enzymes produced a fit; no PTR estimate	BcgI:only 3 windows after outlier trimming	no enzyme produced a usable estimate
S_8221231	GCF_000177055.1	s__Prevotella_timonensis_A	NA	NA	NA	0.001317523057	NA	NA	NA	0	NA	NA	NA	NA	0	1	0	-	NA	fixed	NA	none	0	False	containment 0.00 < 0.5; only 0/1 enzymes produced a fit; no PTR estimate	BcgI:only 1 windows after outlier trimming	no enzyme produced a usable estimate
S_8221231	GCF_000177375.1	s__Bulleidia_extructa	NA	NA	NA	0	NA	NA	NA	0	NA	NA	NA	NA	0	1	0	-	NA	fixed	NA	none	0	False	containment 0.00 < 0.5; only 0/1 enzymes produced a fit; no PTR estimate	BcgI:only 0 windows after outlier trimming	no enzyme produced a usable estimate
S_8221231	GCF_000178895.1	s__Fusobacterium_nucleatum	NA	NA	NA	0	NA	NA	NA	0	NA	NA	NA	NA	0	1	0	-	NA	fixed	NA	none	0	False	containment 0.00 < 0.5; only 0/1 enzymes produced a fit; no PTR estimate	BcgI:only 0 windows after outlier trimming	no enzyme produced a usable estimate
S_8221231	GCF_000179755.1	s__Veillonella_atypica	49.87162115	59.13056464	0.4580000513	0.3958333333	2.433568976	1.283073666	NA	519	0.9996436957	0.8819962546	-0.4456072271	3.01175456	1	1	1	BcgI	NA	fixed	577420.3672	glm	40	False	fraction 0.46 < 0.75; dispersion 59.13 > 5.0; containment 0.40 < 0.5	-	single enzyme: no cross-enzyme consistency check available
S_8221231	GCF_000185145.2	s__Prevotella_oralis	NA	NA	NA	0.0004411116012	NA	NA	NA	0	NA	NA	NA	NA	0	1	0	-	NA	fixed	NA	none	0	False	containment 0.00 < 0.5; only 0/1 enzymes produced a fit; no PTR estimate	BcgI:only 1 windows after outlier trimming	no enzyme produced a usable estimate
S_8221231	GCF_000185385.1	s__Lachnoanaerobaculum_saburreum	NA	NA	NA	0.01020408163	NA	NA	NA	0	NA	NA	NA	NA	0	1	0	-	NA	fixed	NA	none	0	False	containment 0.01 < 0.5; only 0/1 enzymes produced a fit; no PTR estimate	BcgI:only 4 windows after outlier trimming	no enzyme produced a usable estimate
S_8221231	GCF_000185505.1	s__Pseudoramibacter_alactolyticus	NA	NA	NA	0.0005373455132	NA	NA	NA	0	NA	NA	NA	NA	0	1	0	-	NA	fixed	NA	none	0	False	containment 0.00 < 0.5; only 0/1 enzymes produced a fit; no PTR estimate	BcgI:only 1 windows after outlier trimming	no enzyme produced a usable estimate
S_8221231	GCF_000185645.1	s__Gemella_morbillorum	NA	NA	NA	0.01796407186	NA	NA	NA	0	NA	NA	NA	NA	0	1	0	-	NA	fixed	NA	none	0	False	containment 0.02 < 0.5; only 0/1 enzymes produced a fit; no PTR estimate	BcgI:only 2 windows after outlier trimming	no enzyme produced a usable estimate
S_8221231	GCF_000187585.1	s__Streptococcus_peroris	NA	NA	NA	0.0170212766	NA	NA	NA	0	NA	NA	NA	NA	0	1	0	-	NA	fixed	NA	none	0	False	containment 0.02 < 0.5; only 0/1 enzymes produced a fit; no PTR estimate	BcgI:only 4 windows after outlier trimming	no enzyme produced a usable estimate
S_8221231	GCF_000187745.1	s__Streptococcus_sp000187745	47.92708333	24.47497943	0.484375	0.2613636364	10.62353635	3.409192183	NA	50	0.9977451424	1.597756749	0.2776464984	6.540737867	1	1	1	BcgI	NA	fixed	1403763.91	glm	8	False	fraction 0.48 < 0.75; dispersion 24.47 > 5.0; containment 0.26 < 0.5	-	single enzyme: no cross-enzyme consistency check available
S_8221231	GCF_000188255.1	s__Actinobacillus_ureae	NA	NA	NA	0	NA	NA	NA	0	NA	NA	NA	NA	0	1	0	-	NA	fixed	NA	none	0	False	containment 0.00 < 0.5; only 0/1 enzymes produced a fit; no PTR estimate	BcgI:only 0 windows after outlier trimming	no enzyme produced a usable estimate
S_8221231	GCF_000191065.1	s__Prevotella_multiformis	NA	NA	NA	0.003010234798	NA	NA	NA	0	NA	NA	NA	NA	0	1	0	-	NA	fixed	NA	none	0	False	containment 0.00 < 0.5; only 0/1 enzymes produced a fit; no PTR estimate	BcgI:only 2 windows after outlier trimming	no enzyme produced a usable estimate
S_8221231	GCF_000191105.1	s__Streptococcus_sanguinis	52.09523774	70.8790257	0.1576388889	0.1315789474	1.610275817	0.687307822	NA	189	0.9964727117	1.310177356	-1.880592609	3.255208253	1	1	1	BcgI	NA	fixed	880340.5422	glm	8	False	fraction 0.16 < 0.75; dispersion 70.88 > 5.0; containment 0.13 < 0.5	-	single enzyme: no cross-enzyme consistency check available
S_8221231	GCF_000191825.1	s__Treponema_B_denticola	NA	NA	NA	0	NA	NA	NA	0	NA	NA	NA	NA	0	1	0	-	NA	fixed	NA	none	0	False	containment 0.00 < 0.5; only 0/1 enzymes produced a fit; no PTR estimate	BcgI:only 0 windows after outlier trimming	no enzyme produced a usable estimate
S_8221231	GCF_000192225.1	s__Capnocytophaga_sp000192225	9.007397676	5.76517094	0.07111111111	0.05151515152	1.954204333	0.9665813247	NA	225	0.868585359	0.7209092678	-0.4463748763	2.379537526	1	1	1	BcgI	NA	fixed	264822.5839	glm	9	False	fraction 0.07 < 0.75; dispersion 5.77 > 5.0; containment 0.05 < 0.5	-	single enzyme: no cross-enzyme consistency check available
S_8221231	GCF_000193735.1	s__Neisseria_sicca_E	44.15468007	11.7352215	0.2264357372	0.04279600571	7.632252951	2.932108986	NA	257	0.998977372	1.569065042	-0.1432019851	6.007419958	1	1	1	BcgI	NA	fixed	2125353.002	glm	24	False	fraction 0.23 < 0.75; dispersion 11.74 > 5.0; containment 0.04 < 0.5	-	single enzyme: no cross-enzyme consistency check available
S_8221231	GCF_000193755.1	s__Neisseria_sicca_D	75.3627013	77.25143929	0.271081636	0.1010273973	5.545451549	2.471304939	NA	314	0.9998569855	1.02271064	0.4668289178	4.475780961	1	1	1	BcgI	NA	fixed	345743.7056	glm	31	False	fraction 0.27 < 0.75; dispersion 77.25 > 5.0; containment 0.10 < 0.5	-	single enzyme: no cross-enzyme consistency check available
S_8221231	GCF_000193775.1	s__Neisseria_polysaccharea	31.7731961	NA	0.1305455547	0.01200686106	5.656937949	2.500021346	NA	120	0.9940518028	1.372074481	-0.1891952206	5.189237913	1	1	1	BcgI	NA	fixed	1973434.11	glm	7	False	fraction 0.13 < 0.75; containment 0.01 < 0.5	-	single enzyme: no cross-enzyme consistency check available
S_8221231	GCF_000193795.1	s__Neisseria_lactamica_A	NA	NA	NA	0.005555555556	NA	NA	NA	0	NA	NA	NA	NA	0	1	0	-	NA	fixed	NA	none	0	False	containment 0.01 < 0.5; only 0/1 enzymes produced a fit; no PTR estimate	BcgI:only 4 windows after outlier trimming	no enzyme produced a usable estimate
S_8221231	GCF_000195595.1	s__Actinomyces_sp000195595	11.73132907	14.88275058	0.0427696106	0.007611798287	2.010287428	1.007401791	NA	686	0.9088887729	1.013164195	-0.9783635411	2.993167123	1	1	1	BcgI	NA	fixed	2939572.212	glm	11	False	fraction 0.04 < 0.75; dispersion 14.88 > 5.0; containment 0.01 < 0.5	-	single enzyme: no cross-enzyme consistency check available
S_8221231	GCF_000208825.1	s__Aeromonas_caviae	NA	NA	NA	0.0002616431188	NA	NA	NA	0	NA	NA	NA	NA	0	1	0	-	NA	fixed	NA	none	0	False	containment 0.00 < 0.5; only 0/1 enzymes produced a fit; no PTR estimate	BcgI:only 1 windows after outlier trimming	no enzyme produced a usable estimate
S_8221231	GCF_000209465.1	s__Lachnoanaerobaculum_sp000209465	NA	NA	NA	0.002380952381	NA	NA	NA	0	NA	NA	NA	NA	0	1	0	-	NA	fixed	NA	none	0	False	containment 0.00 < 0.5; only 0/1 enzymes produced a fit; no PTR estimate	BcgI:only 1 windows after outlier trimming	no enzyme produced a usable estimate
S_8221231	GCF_000210895.1	s__Haemophilus_D_parainfluenzae_A	59.05908651	153.8374689	0.1329032258	0.1328125	9.795652442	3.292141587	NA	256	0.9999941294	1.482337997	0.3868124993	6.197470674	1	1	1	BcgI	NA	fixed	873277.0417	glm	10	False	fraction 0.13 < 0.75; dispersion 153.84 > 5.0; containment 0.13 < 0.5	-	single enzyme: no cross-enzyme consistency check available
S_8221231	GCF_000211795.1	s__Sphingomonas_paucimobilis	NA	NA	NA	0	NA	NA	NA	0	NA	NA	NA	NA	0	1	0	-	NA	fixed	NA	none	0	False	containment 0.00 < 0.5; only 0/1 enzymes produced a fit; no PTR estimate	BcgI:only 0 windows after outlier trimming	no enzyme produced a usable estimate
S_8221231	GCF_000212855.1	s__Streptococcus_sanguinis_A	49.73482212	59.47330203	0.1036363636	0.1028368794	3.959425049	1.985290951	NA	280	0.9991980709	0.7955468048	0.4260478655	3.544534036	1	1	1	BcgI	NA	fixed	2221812.2	glm	11	False	fraction 0.10 < 0.75; dispersion 59.47 > 5.0; containment 0.10 < 0.5	-	single enzyme: no cross-enzyme consistency check available
S_8221231	GCF_000213975.1	s__Centipeda_periodontii	9.796514852	0.3333333333	0.012	0.002040816327	2.379457449	1.250632656	NA	500	0.6910849303	0.1814200782	0.8950558363	1.606209475	1	1	1	BcgI	NA	fixed	2447498.872	glm	5	False	fraction 0.01 < 0.75; containment 0.00 < 0.5	-	single enzyme: no cross-enzyme consistency check available
S_8221231	GCF_000214475.1	s__Parvimonas_sp000214475	NA	NA	NA	0	NA	NA	NA	0	NA	NA	NA	NA	0	1	0	-	NA	fixed	NA	none	0	False	containment 0.00 < 0.5; only 0/1 enzymes produced a fit; no PTR estimate	BcgI:only 0 windows after outlier trimming	no enzyme produced a usable estimate
S_8221231	GCF_000215385.1	s__Streptococcus_infantis_B	13.72044191	7.283653846	0.1503418803	0.0650887574	3.933992402	1.975994171	NA	86	0.9867248705	1.109675948	-0.1989307222	4.150919064	1	1	1	BcgI	NA	fixed	927187.0597	glm	6	False	fraction 0.15 < 0.75; dispersion 7.28 > 5.0; containment 0.07 < 0.5	-	single enzyme: no cross-enzyme consistency check available
S_8221231	GCF_000218235.1	s__Prevotella_multisaccharivorax	NA	NA	NA	0	NA	NA	NA	0	NA	NA	NA	NA	0	1	0	-	NA	fixed	NA	none	0	False	containment 0.00 < 0.5; only 0/1 enzymes produced a fit; no PTR estimate	BcgI:only 0 windows after outlier trimming	no enzyme produced a usable estimate
S_8221231	GCF_000220045.1	s__Streptococcus_mitis_AP	NA	NA	NA	0.01234567901	NA	NA	NA	0	NA	NA	NA	NA	0	1	0	-	NA	fixed	NA	none	0	False	containment 0.01 < 0.5; only 0/1 enzymes produced a fit; no PTR estimate	BcgI:only 1 windows after outlier trimming	no enzyme produced a usable estimate
S_8221231	GCF_000220065.1	s__Streptococcus_sp000220065	15.03705955	65.43358209	0.051125	0.03403141361	28.06965186	4.810939266	NA	257	0.9993880088	2.419093466	0.06960319627	9.552275335	1	1	1	BcgI	NA	fixed	1133276.288	glm	10	False	fraction 0.05 < 0.75; dispersion 65.43 > 5.0; containment 0.03 < 0.5	-	single enzyme: no cross-enzyme consistency check available
S_8221231	GCF_000220215.1	s__Prevotella_seregens	NA	NA	NA	0.0003680529996	NA	NA	NA	0	NA	NA	NA	NA	0	1	0	-	NA	fixed	NA	none	0	False	containment 0.00 < 0.5; only 0/1 enzymes produced a fit; no PTR estimate	BcgI:only 1 windows after outlier trimming	no enzyme produced a usable estimate
S_8221231	GCF_000220835.1	s__Actinomyces_sp000220835	NA	NA	NA	0.002203452075	NA	NA	NA	0	NA	NA	NA	NA	0	1	0	-	NA	fixed	NA	none	0	False	containment 0.00 < 0.5; only 0/1 enzymes produced a fit; no PTR estimate	BcgI:only 4 windows after outlier trimming	no enzyme produced a usable estimate
S_8221231	GCF_000222025.1	s__Haemophilus_haemolyticus_G	19.8999763	15.03384254	0.1258674464	0.04672897196	17.19469324	4.103891472	NA	92	0.9694317417	0.6827673973	2.765691964	5.442090981	1	1	1	BcgI	NA	fixed	817361.1444	glm	5	False	fraction 0.13 < 0.75; dispersion 15.03 > 5.0; containment 0.05 < 0.5	-	single enzyme: no cross-enzyme consistency check available
S_8221231	GCF_000222705.1	s__Streptococcus_mitis_AY	NA	NA	NA	0.02912621359	NA	NA	NA	0	NA	NA	NA	NA	0	1	0	-	NA	fixed	NA	none	0	False	containment 0.03 < 0.5; only 0/1 enzymes produced a fit; no PTR estimate	BcgI:only 3 windows after outlier trimming	no enzyme produced a usable estimate
S_8221231	GCF_000223255.1	s__Streptococcus_infantis_G	41.29999984	70.93772819	0.055848659	0.03381642512	13.89376785	3.796365992	NA	131	0.9960058978	1.819781447	0.229659895	7.363072088	1	1	1	BcgI	NA	fixed	1777312.864	glm	5	False	fraction 0.06 < 0.75; dispersion 70.94 > 5.0; containment 0.03 < 0.5	-	single enzyme: no cross-enzyme consistency check available
S_8221231	GCF_000223275.1	s__Haemophilus_D_pittmaniae	NA	NA	NA	0.003264417845	NA	NA	NA	0	NA	NA	NA	NA	0	1	0	-	NA	fixed	NA	none	0	False	containment 0.00 < 0.5; only 0/1 enzymes produced a fit; no PTR estimate	BcgI:only 3 windows after outlier trimming	no enzyme produced a usable estimate
S_8221231	GCF_000223335.1	s__Streptococcus_infantis_H	67.93308248	124.6928461	0.2717618082	0.1102941176	145.9857981	7.189684216	NA	116	0.9999988617	2.63883797	2.017656834	12.3617116	1	1	1	BcgI	NA	fixed	415439.7061	glm	8	False	fraction 0.27 < 0.75; dispersion 124.69 > 5.0; containment 0.11 < 0.5	-	single enzyme: no cross-enzyme consistency check available
S_8221231	GCF_000228505.1	s__Streptococcus_sobrinus	NA	NA	NA	0	NA	NA	NA	0	NA	NA	NA	NA	0	1	0	-	NA	fixed	NA	none	0	False	containment 0.00 < 0.5; only 0/1 enzymes produced a fit; no PTR estimate	BcgI:only 0 windows after outlier trimming	no enzyme produced a usable estimate
S_8221231	GCF_000229485.1	s__Streptococcus_mutans	NA	NA	NA	0	NA	NA	NA	0	NA	NA	NA	NA	0	1	0	-	NA	fixed	NA	none	0	False	containment 0.00 < 0.5; only 0/1 enzymes produced a fit; no PTR estimate	BcgI:only 0 windows after outlier trimming	no enzyme produced a usable estimate
S_8221231	GCF_000234095.1	s__Centipeda_infelix	7.961733204	0.4166666667	0.01223569534	0.003399048266	3.27094464	1.709707342	NA	836	0.8912936299	0.948991946	-0.1502826937	3.569697378	1	1	1	BcgI	NA	fixed	393088	glm	8	False	fraction 0.01 < 0.75; containment 0.00 < 0.5	-	single enzyme: no cross-enzyme consistency check available
S_8221231	GCF_000234135.1	s__Centipeda_noxia	11.74924491	3.846536797	0.01811212971	0.01082493468	2.218332463	1.149475599	NA	1409	0.9798425124	1.172622972	-1.148823193	3.447774392	1	1	1	BcgI	NA	fixed	1151857.863	glm	14	False	fraction 0.02 < 0.75; containment 0.01 < 0.5	-	single enzyme: no cross-enzyme consistency check available
S_8221231	GCF_000235445.1	s__Johnsonella_ignava	13.55980888	11.17800715	0.08756410256	0.03890160183	3.297409606	1.72133311	NA	193	0.9681647144	0.6456968369	0.4557905651	2.986875656	1	1	1	BcgI	NA	fixed	2035968.21	glm	8	False	fraction 0.09 < 0.75; dispersion 11.18 > 5.0; containment 0.04 < 0.5	-	single enzyme: no cross-enzyme consistency check available
S_8221231	GCF_000235485.1	s__Streptococcus_sp000235485	NA	NA	NA	0.03947368421	NA	NA	NA	0	NA	NA	NA	NA	0	1	0	-	NA	fixed	NA	none	0	False	containment 0.04 < 0.5; only 0/1 enzymes produced a fit; no PTR estimate	BcgI:only 3 windows after outlier trimming	no enzyme produced a usable estimate
S_8221231	GCF_000235885.1	s__Prevotella_stercorea	NA	NA	NA	0	NA	NA	NA	0	NA	NA	NA	NA	0	1	0	-	NA	fixed	NA	none	0	False	containment 0.00 < 0.5; only 0/1 enzymes produced a fit; no PTR estimate	BcgI:only 0 windows after outlier trimming	no enzyme produced a usable estimate
S_8221231	GCF_000238055.2	s__Oribacterium_parvum	12.6554898	9.68014058	0.1040305011	0.08931185944	2.339538678	1.22622408	NA	547	0.9953564854	0.8548774533	-0.4493049397	2.9017531	1	1	1	BcgI	NA	fixed	146524.9083	glm	20	False	fraction 0.10 < 0.75; dispersion 9.68 > 5.0; containment 0.09 < 0.5	-	single enzyme: no cross-enzyme consistency check available
S_8221231	GCF_000238075.1	s__Oribacterium_asaccharolyticum	16.32144366	12.18393946	0.1250261745	0.1213235294	1.753778045	0.8104661744	NA	717	0.9927857052	0.742783176	-0.6453620989	2.266294448	1	1	1	BcgI	NA	fixed	2235192.55	glm	22	False	fraction 0.13 < 0.75; dispersion 12.18 > 5.0; containment 0.12 < 0.5	-	single enzyme: no cross-enzyme consistency check available
S_8221231	GCF_000239275.1	s__Anaeroglobus_geminatus	NA	NA	NA	0	NA	NA	NA	0	NA	NA	NA	NA	0	1	0	-	NA	fixed	NA	none	0	False	containment 0.00 < 0.5; only 0/1 enzymes produced a fit; no PTR estimate	BcgI:only 0 windows after outlier trimming	no enzyme produced a usable estimate
S_8221231	GCF_000242235.1	s__Stomatobaculum_longum	15.79145129	14.11212249	0.07759991189	0.07760067114	1.252916539	0.3252903146	NA	2384	0.9345837199	0.5150374398	-0.6841645181	1.334745147	1	1	1	BcgI	NA	fixed	870589.265	glm	25	False	fraction 0.08 < 0.75; dispersion 14.11 > 5.0; containment 0.08 < 0.5	-	single enzyme: no cross-enzyme consistency check available
S_8221231	GCF_000242315.1	s__Lachnoanaerobaculum_orale	18.31538815	6.847355597	0.1883605027	0.1097308489	4.016421348	2.005910625	NA	346	0.9977259949	0.8256427663	0.3876805391	3.624140711	1	1	1	BcgI	NA	fixed	1831853.061	glm	26	False	fraction 0.19 < 0.75; dispersion 6.85 > 5.0; containment 0.11 < 0.5	-	single enzyme: no cross-enzyme consistency check available
S_8221231	GCF_000242675.1	s__Eubacterium_B_infirmum	NA	NA	NA	0.002853067047	NA	NA	NA	0	NA	NA	NA	NA	0	1	0	-	NA	fixed	NA	none	0	False	containment 0.00 < 0.5; only 0/1 enzymes produced a fit; no PTR estimate	BcgI:only 2 windows after outlier trimming	no enzyme produced a usable estimate
S_8221231	GCF_000243035.1	s__Prevotella_micans	7.58850328	NA	0.01449275362	0.004584527221	2.966138802	1.568586111	NA	552	0.8551175573	0.7692793593	0.06082627287	3.07634595	1	1	1	BcgI	NA	fixed	2271917.252	glm	8	False	fraction 0.01 < 0.75; containment 0.00 < 0.5	-	single enzyme: no cross-enzyme consistency check available
S_8221231	GCF_000253155.1	s__Streptococcus_oralis_L	NA	NA	NA	0.02083333333	NA	NA	NA	0	NA	NA	NA	NA	0	1	0	-	NA	fixed	NA	none	0	False	containment 0.02 < 0.5; only 0/1 enzymes produced a fit; no PTR estimate	BcgI:only 2 windows after outlier trimming	no enzyme produced a usable estimate
S_8221231	GCF_000257905.1	s__Streptococcus_mitis_L	NA	NA	NA	0.03448275862	NA	NA	NA	0	NA	NA	NA	NA	0	1	0	-	NA	fixed	NA	none	0	False	containment 0.03 < 0.5; only 0/1 enzymes produced a fit; no PTR estimate	BcgI:only 3 windows after outlier trimming	no enzyme produced a usable estimate
S_8221231	GCF_000259505.1	s__Streptococcus_sp000259505	NA	NA	NA	0.0243902439	NA	NA	NA	0	NA	NA	NA	NA	0	1	0	-	NA	fixed	NA	none	0	False	containment 0.02 < 0.5; only 0/1 enzymes produced a fit; no PTR estimate	BcgI:only 4 windows after outlier trimming	no enzyme produced a usable estimate
S_8221231	GCF_000260655.1	s__Neisseria_sicca_B	46.0799185	23.01909422	0.4177240384	0.1042253521	7.398591417	2.887250629	NA	130	0.9999678298	1.035505457	0.8576972278	4.91680403	1	1	1	BcgI	NA	fixed	1237425.48	glm	29	False	fraction 0.42 < 0.75; dispersion 23.02 > 5.0; containment 0.10 < 0.5	-	single enzyme: no cross-enzyme consistency check available
S_8221231	GCF_000262285.1	s__Haemophilus_haemolyticus	32.88588158	35.82485487	0.09033974619	0.05508474576	100.3755488	6.649264066	NA	154	0.9995062165	1.785540081	3.149669815	10.14885832	1	1	1	BcgI	NA	fixed	437012.1408	glm	7	False	fraction 0.09 < 0.75; dispersion 35.82 > 5.0; containment 0.06 < 0.5	-	single enzyme: no cross-enzyme consistency check available
S_8221231	GCF_000275805.1	s__Scardovia_wiggsiae	NA	NA	NA	0.003956478734	NA	NA	NA	0	NA	NA	NA	NA	0	1	0	-	NA	fixed	NA	none	0	False	containment 0.00 < 0.5; only 0/1 enzymes produced a fit; no PTR estimate	BcgI:only 2 windows after outlier trimming	no enzyme produced a usable estimate
S_8221231	GCF_000277585.1	s__Capnocytophaga_ochracea	9.16416672	6.015238095	0.04426025375	0.02378255946	22.88336183	4.516227111	NA	370	0.9992041022	1.623157289	1.334897284	7.697556938	1	1	1	BcgI	NA	fixed	811015.68	glm	10	False	fraction 0.04 < 0.75; dispersion 6.02 > 5.0; containment 0.02 < 0.5	-	single enzyme: no cross-enzyme consistency check available
S_8221231	GCF_000278725.1	s__Pauljensenia_sp000278725	14.54681334	13.40399427	0.1836209118	0.1353637902	1.460824831	0.5467831933	NA	2089	0.9478124822	0.5103893309	-0.4535615133	1.5471279	1	1	1	BcgI	NA	fixed	1627676.257	glm	93	False	fraction 0.18 < 0.75; dispersion 13.40 > 5.0; containment 0.14 < 0.5	-	single enzyme: no cross-enzyme consistency check available
S_8221231	GCF_000279535.1	s__Streptococcus_infantis_I	NA	NA	NA	0.1325301205	NA	NA	NA	0	NA	NA	NA	NA	0	1	0	-	NA	fixed	NA	none	0	False	containment 0.13 < 0.5; only 0/1 enzymes produced a fit; no PTR estimate	BcgI:only 4 windows after outlier trimming	no enzyme produced a usable estimate
S_8221231	GCF_000282935.1	s__Pauljensenia_odontolytica_B	41.67958893	41.29133566	0.2024764139	0.1022727273	2.23345238	1.159275495	NA	1151	0.9999985393	0.8730567577	-0.5518843067	2.870435296	1	1	1	BcgI	NA	fixed	213396.4	glm	49	False	fraction 0.20 < 0.75; dispersion 41.29 > 5.0; containment 0.10 < 0.5	-	single enzyme: no cross-enzyme consistency check available
S_8221231	GCF_000283035.1	s__Pauljensenia_sp000466265	20.08055907	14.29292929	0.1321220224	0.01445534331	3.73950746	1.902848262	NA	422	0.9984936983	1.837404119	-1.698397637	5.50409416	1	1	1	BcgI	NA	fixed	906651.3808	glm	22	False	fraction 0.13 < 0.75; dispersion 14.29 > 5.0; containment 0.01 < 0.5	-	single enzyme: no cross-enzyme consistency check available
S_8221231	GCF_000286455.1	s__Centipeda_sp000286455	NA	NA	NA	0.0004284490146	NA	NA	NA	0	NA	NA	NA	NA	0	1	0	-	NA	fixed	NA	none	0	False	containment 0.00 < 0.5; only 0/1 enzymes produced a fit; no PTR estimate	BcgI:only 1 windows after outlier trimming	no enzyme produced a usable estimate
S_8221231	GCF_000287615.1	s__Haemophilus_A_sputorum	NA	NA	NA	0.007822685789	NA	NA	NA	0	NA	NA	NA	NA	0	1	0	-	NA	fixed	NA	none	0	False	containment 0.01 < 0.5; only 0/1 enzymes produced a fit; no PTR estimate	BcgI:only 0 windows after outlier trimming	no enzyme produced a usable estimate
S_8221231	GCF_000287675.1	s__Lachnoanaerobaculum_sp000287675	11.96813592	4.769230769	0.1344882412	0.05511811024	1.895029836	0.9222205631	NA	132	0.8092563169	1.364483298	-1.752117558	3.596558684	1	1	1	BcgI	NA	fixed	1801188.451	glm	10	False	fraction 0.13 < 0.75; containment 0.06 < 0.5	-	single enzyme: no cross-enzyme consistency check available
S_8221231	GCF_000287695.1	s__Peptoanaerobacter_margaretiae	NA	NA	NA	0	NA	NA	NA	0	NA	NA	NA	NA	0	1	0	-	NA	fixed	NA	none	0	False	containment 0.00 < 0.5; only 0/1 enzymes produced a fit; no PTR estimate	BcgI:only 0 windows after outlier trimming	no enzyme produced a usable estimate
S_8221231	GCF_000287715.1	s__Streptococcus_oralis_Y	NA	NA	NA	0.01123595506	NA	NA	NA	0	NA	NA	NA	NA	0	1	0	-	NA	fixed	NA	none	0	False	containment 0.01 < 0.5; only 0/1 enzymes produced a fit; no PTR estimate	BcgI:only 1 windows after outlier trimming	no enzyme produced a usable estimate
S_8221231	GCF_000292345.1	s__Cupriavidus_sp000292345	NA	NA	NA	0	NA	NA	NA	0	NA	NA	NA	NA	0	1	0	-	NA	fixed	NA	none	0	False	containment 0.00 < 0.5; only 0/1 enzymes produced a fit; no PTR estimate	BcgI:only 0 windows after outlier trimming	no enzyme produced a usable estimate
S_8221231	GCF_000292955.1	s__Selenomonas_sputigena	NA	NA	NA	0.0004835589942	NA	NA	NA	0	NA	NA	NA	NA	0	1	0	-	NA	fixed	NA	none	0	False	containment 0.00 < 0.5; only 0/1 enzymes produced a fit; no PTR estimate	BcgI:only 2 windows after outlier trimming	no enzyme produced a usable estimate
S_8221231	GCF_000293035.1	s__Peptoanaerobacter_stomatis	NA	NA	NA	0.003300330033	NA	NA	NA	0	NA	NA	NA	NA	0	1	0	-	NA	fixed	NA	none	0	False	containment 0.00 < 0.5; only 0/1 enzymes produced a fit; no PTR estimate	BcgI:only 0 windows after outlier trimming	no enzyme produced a usable estimate
S_8221231	GCF_000293155.1	s__Mogibacterium_timidum	NA	NA	NA	0	NA	NA	NA	0	NA	NA	NA	NA	0	1	0	-	NA	fixed	NA	none	0	False	containment 0.00 < 0.5; only 0/1 enzymes produced a fit; no PTR estimate	BcgI:only 0 windows after outlier trimming	no enzyme produced a usable estimate
S_8221231	GCF_000293175.1	s__Capnocytophaga_granulosa	10.85914894	3.560153714	0.1425868539	0.06997084548	3.367286971	1.751586678	NA	443	0.994809282	0.7952530073	0.1929194247	3.31025393	1	1	1	BcgI	NA	fixed	1792472.076	glm	26	False	fraction 0.14 < 0.75; containment 0.07 < 0.5	-	single enzyme: no cross-enzyme consistency check available
S_8221231	GCF_000295095.1	s__Actinomyces_timonensis	NA	NA	NA	0.001171417415	NA	NA	NA	0	NA	NA	NA	NA	0	1	0	-	NA	fixed	NA	none	0	False	containment 0.00 < 0.5; only 0/1 enzymes produced a fit; no PTR estimate	BcgI:only 3 windows after outlier trimming	no enzyme produced a usable estimate
S_8221231	GCF_000296275.1	s__Actinomyces_massiliensis	NA	NA	NA	0.001960784314	NA	NA	NA	0	NA	NA	NA	NA	0	1	0	-	NA	fixed	NA	none	0	False	containment 0.00 < 0.5; only 0/1 enzymes produced a fit; no PTR estimate	BcgI:only 1 windows after outlier trimming	no enzyme produced a usable estimate
S_8221231	GCF_000296505.1	s__Pauljensenia_turicensis	NA	NA	NA	0	NA	NA	NA	0	NA	NA	NA	NA	0	1	0	-	NA	fixed	NA	none	0	False	containment 0.00 < 0.5; only 0/1 enzymes produced a fit; no PTR estimate	BcgI:only 0 windows after outlier trimming	no enzyme produced a usable estimate
S_8221231	GCF_000296875.1	s__Streptococcus_oralis	NA	NA	NA	0.02816901408	NA	NA	NA	0	NA	NA	NA	NA	0	1	0	-	NA	fixed	NA	none	0	False	containment 0.03 < 0.5; only 0/1 enzymes produced a fit; no PTR estimate	BcgI:only 2 windows after outlier trimming	no enzyme produced a usable estimate
S_8221231	GCF_000298295.1	s__Cecembia_lonarensis	NA	NA	NA	0	NA	NA	NA	0	NA	NA	NA	NA	0	1	0	-	NA	fixed	NA	none	0	False	containment 0.00 < 0.5; only 0/1 enzymes produced a fit; no PTR estimate	BcgI:only 0 windows after outlier trimming	no enzyme produced a usable estimate
S_8221231	GCF_000299315.2	s__Microbacterium_barkeri	NA	NA	NA	0	NA	NA	NA	0	NA	NA	NA	NA	0	1	0	-	NA	fixed	NA	none	0	False	containment 0.00 < 0.5; only 0/1 enzymes produced a fit; no PTR estimate	BcgI:only 0 windows after outlier trimming	no enzyme produced a usable estimate
S_8221231	GCF_000301735.1	s__Acinetobacter_johnsonii	NA	NA	NA	0.0006784260516	NA	NA	NA	0	NA	NA	NA	NA	0	1	0	-	NA	fixed	NA	none	0	False	containment 0.00 < 0.5; only 0/1 enzymes produced a fit; no PTR estimate	BcgI:only 1 windows after outlier trimming	no enzyme produced a usable estimate
S_8221231	GCF_000308055.1	s__Pauljensenia_sp000308055	19.73102225	23.84872861	0.1264986636	0.1228522337	1.827844483	0.8701433276	NA	1091	0.9946365332	0.9181686071	-0.9294340741	2.669720729	1	1	1	BcgI	NA	fixed	1612205.1	glm	27	False	fraction 0.13 < 0.75; dispersion 23.85 > 5.0; containment 0.12 < 0.5	-	single enzyme: no cross-enzyme consistency check available
S_8221231	GCF_000312445.1	s__Phocaeicola_abscessus	NA	NA	NA	0	NA	NA	NA	0	NA	NA	NA	NA	0	1	0	-	NA	fixed	NA	none	0	False	containment 0.00 < 0.5; only 0/1 enzymes produced a fit; no PTR estimate	BcgI:only 0 windows after outlier trimming	no enzyme produced a usable estimate
S_8221231	GCF_000314795.2	s__Streptococcus_sp000314795	20.97181393	17.65938553	0.09405292076	0.08333333333	3.768869769	1.914131944	NA	323	0.9995007927	1.10564171	-0.2528859871	4.081149876	1	1	1	BcgI	NA	fixed	2187918.25	glm	14	False	fraction 0.09 < 0.75; dispersion 17.66 > 5.0; containment 0.08 < 0.5	-	single enzyme: no cross-enzyme consistency check available
S_8221231	GCF_000317125.1	s__Chroococcidiopsis_thermalis	NA	NA	NA	0	NA	NA	NA	0	NA	NA	NA	NA	0	1	0	-	NA	fixed	NA	none	0	False	containment 0.00 < 0.5; only 0/1 enzymes produced a fit; no PTR estimate	BcgI:only 0 windows after outlier trimming	no enzyme produced a usable estimate
S_8221231	GCF_000318095.2	s__F0040_sp000318095	NA	NA	NA	0.004441624365	NA	NA	NA	0	NA	NA	NA	NA	0	1	0	-	NA	fixed	NA	none	0	False	containment 0.00 < 0.5; only 0/1 enzymes produced a fit; no PTR estimate	BcgI:only 3 windows after outlier trimming	no enzyme produced a usable estimate
S_8221231	GCF_000318175.2	s__Centipeda_sp000318175	NA	NA	NA	0.0004132231405	NA	NA	NA	0	NA	NA	NA	NA	0	1	0	-	NA	fixed	NA	none	0	False	containment 0.00 < 0.5; only 0/1 enzymes produced a fit; no PTR estimate	BcgI:only 1 windows after outlier trimming	no enzyme produced a usable estimate
S_8221231	GCF_000318215.2	s__Porphyromonas_catoniae	9.858471902	2.982703468	0.07328930442	0.0367278798	3.295329337	1.720422656	NA	848	0.9765131927	0.981944215	-0.2041526401	3.644997952	1	1	1	BcgI	NA	fixed	320590.9708	glm	19	False	fraction 0.07 < 0.75; containment 0.04 < 0.5	-	single enzyme: no cross-enzyme consistency check available
S_8221231	GCF_000318275.2	s__Capnocytophaga_sp000318275	NA	NA	NA	0	NA	NA	NA	0	NA	NA	NA	NA	0	1	0	-	NA	fixed	NA	none	0	False	containment 0.00 < 0.5; only 0/1 enzymes produced a fit; no PTR estimate	BcgI:only 0 windows after outlier trimming	no enzyme produced a usable estimate
S_8221231	GCF_000328265.2	s__Neisseria_meningitidis	28.42342882	23.90163934	0.06744531146	0.01282051282	6.939595221	2.794851514	NA	140	0.9981142999	1.77387661	-0.681882755	6.271585784	1	1	1	BcgI	NA	fixed	1486403.466	glm	7	False	fraction 0.07 < 0.75; dispersion 23.90 > 5.0; containment 0.01 < 0.5	-	single enzyme: no cross-enzyme consistency check available
S_8221231	GCF_000332975.1	s__Gordonia_aichiensis	NA	NA	NA	0	NA	NA	NA	0	NA	NA	NA	NA	0	1	0	-	NA	fixed	NA	none	0	False	containment 0.00 < 0.5; only 0/1 enzymes produced a fit; no PTR estimate	BcgI:only 0 windows after outlier trimming	no enzyme produced a usable estimate
S_8221231	GCF_000338475.1	s__Treponema_B_denticola_A	NA	NA	NA	0	NA	NA	NA	0	NA	NA	NA	NA	0	1	0	-	NA	fixed	NA	none	0	False	containment 0.00 < 0.5; only 0/1 enzymes produced a fit; no PTR estimate	BcgI:only 0 windows after outlier trimming	no enzyme produced a usable estimate
S_8221231	GCF_000344295.2	s__Campylobacter_A_showae_B	NA	NA	NA	0.002762430939	NA	NA	NA	0	NA	NA	NA	NA	0	1	0	-	NA	fixed	NA	none	0	False	containment 0.00 < 0.5; only 0/1 enzymes produced a fit; no PTR estimate	BcgI:only 1 windows after outlier trimming	no enzyme produced a usable estimate
S_8221231	GCF_000364865.1	s__Pauljensenia_cardiffensis	NA	NA	NA	0.0003861003861	NA	NA	NA	0	NA	NA	NA	NA	0	1	0	-	NA	fixed	NA	none	0	False	containment 0.00 < 0.5; only 0/1 enzymes produced a fit; no PTR estimate	BcgI:only 1 windows after outlier trimming	no enzyme produced a usable estimate
S_8221231	GCF_000368705.1	s__Acinetobacter_soli	NA	NA	NA	0	NA	NA	NA	0	NA	NA	NA	NA	0	1	0	-	NA	fixed	NA	none	0	False	containment 0.00 < 0.5; only 0/1 enzymes produced a fit; no PTR estimate	BcgI:only 0 windows after outlier trimming	no enzyme produced a usable estimate
S_8221231	GCF_000368745.1	s__Acinetobacter_junii	NA	NA	NA	0.0008802816901	NA	NA	NA	0	NA	NA	NA	NA	0	1	0	-	NA	fixed	NA	none	0	False	containment 0.00 < 0.5; only 0/1 enzymes produced a fit; no PTR estimate	BcgI:only 1 windows after outlier trimming	no enzyme produced a usable estimate
S_8221231	GCF_000373045.1	s__Leptotrichia_shahii	40.20564303	2.777777778	0.1478096196	0.04733727811	2.358643025	1.237957086	NA	93	0.9008173865	2.796980151	-4.244023275	6.719937448	1	1	1	BcgI	NA	fixed	667722.0306	glm	6	False	fraction 0.15 < 0.75; containment 0.05 < 0.5	-	single enzyme: no cross-enzyme consistency check available
S_8221231	GCF_000381265.1	s__Curvibacter_lanceolatus	NA	NA	NA	0	NA	NA	NA	0	NA	NA	NA	NA	0	1	0	-	NA	fixed	NA	none	0	False	containment 0.00 < 0.5; only 0/1 enzymes produced a fit; no PTR estimate	BcgI:only 0 windows after outlier trimming	no enzyme produced a usable estimate
S_8221231	GCF_000394615.1	s__Enterococcus_A_gilvus	NA	NA	NA	0	NA	NA	NA	0	NA	NA	NA	NA	0	1	0	-	NA	fixed	NA	none	0	False	containment 0.00 < 0.5; only 0/1 enzymes produced a fit; no PTR estimate	BcgI:only 0 windows after outlier trimming	no enzyme produced a usable estimate
S_8221231	GCF_000411555.1	s__Lancefieldella_sp000411555	NA	NA	NA	0	NA	NA	NA	0	NA	NA	NA	NA	0	1	0	-	NA	fixed	NA	none	0	False	containment 0.00 < 0.5; only 0/1 enzymes produced a fit; no PTR estimate	BcgI:only 0 windows after outlier trimming	no enzyme produced a usable estimate
S_8221231	GCF_000412995.1	s__Treponema_vincentii	NA	NA	NA	0.0005760368664	NA	NA	NA	0	NA	NA	NA	NA	0	1	0	-	NA	fixed	NA	none	0	False	containment 0.00 < 0.5; only 0/1 enzymes produced a fit; no PTR estimate	BcgI:only 1 windows after outlier trimming	no enzyme produced a usable estimate
S_8221231	GCF_000413035.1	s__Treponema_medium	NA	NA	NA	0	NA	NA	NA	0	NA	NA	NA	NA	0	1	0	-	NA	fixed	NA	none	0	False	containment 0.00 < 0.5; only 0/1 enzymes produced a fit; no PTR estimate	BcgI:only 0 windows after outlier trimming	no enzyme produced a usable estimate
S_8221231	GCF_000413055.1	s__Treponema_C_maltophilum	NA	NA	NA	0.0007782101167	NA	NA	NA	0	NA	NA	NA	NA	0	1	0	-	NA	fixed	NA	none	0	False	containment 0.00 < 0.5; only 0/1 enzymes produced a fit; no PTR estimate	BcgI:only 2 windows after outlier trimming	no enzyme produced a usable estimate
S_8221231	GCF_000417695.2	s__Chlamydophila_ibidis	159.7519673	526.646256	0.9814814815	0.1040462428	1.48622707e+44	146.7364907	NA	37	1	55.58462903	37.79261974	255.6803617	1	1	1	BcgI	NA	fixed	16496.61	glm	27	False	dispersion 526.65 > 5.0; containment 0.10 < 0.5	-	single enzyme: no cross-enzyme consistency check available
S_8221231	GCF_000425005.1	s__Bulleidia_moorei	15.19539761	1.681818182	0.2667124542	0.03151260504	11.51992351	3.526059233	NA	99	0.9954752023	1.07576061	1.417607181	5.634511285	1	1	1	BcgI	NA	fixed	633190.9722	glm	13	False	fraction 0.27 < 0.75; containment 0.03 < 0.5	-	single enzyme: no cross-enzyme consistency check available
S_8221231	GCF_000426585.1	s__Prevotella_baroniae	NA	NA	NA	0	NA	NA	NA	0	NA	NA	NA	NA	0	1	0	-	NA	fixed	NA	none	0	False	containment 0.00 < 0.5; only 0/1 enzymes produced a fit; no PTR estimate	BcgI:only 0 windows after outlier trimming	no enzyme produced a usable estimate
S_8221231	GCF_000426665.1	s__Centipeda_artemidis	14.4197184	2.786096257	0.03532177541	0.005084745763	1.464652649	0.5505585611	NA	1165	0.7578954754	0.8917714933	-1.197281448	2.29839857	1	1	1	BcgI	NA	fixed	486483.3472	glm	12	False	fraction 0.04 < 0.75; containment 0.01 < 0.5	-	single enzyme: no cross-enzyme consistency check available
S_8221231	GCF_000428965.1	s__Leptotrichia_hofstadii	NA	NA	NA	0.02162162162	NA	NA	NA	0	NA	NA	NA	NA	0	1	0	-	NA	fixed	NA	none	0	False	containment 0.02 < 0.5; only 0/1 enzymes produced a fit; no PTR estimate	BcgI:only 3 windows after outlier trimming	no enzyme produced a usable estimate
S_8221231	GCF_000429225.1	s__Actinomyces_dentalis	8.751458166	NA	0.02949145117	0.003099173554	2.662816285	1.412952896	NA	262	0.8494175886	1.035547132	-0.6166821857	3.442587979	1	1	1	BcgI	NA	fixed	3182508.794	glm	6	False	fraction 0.03 < 0.75; containment 0.00 < 0.5	-	single enzyme: no cross-enzyme consistency check available
S_8221231	GCF_000429245.1	s__Pauljensenia_georgiae	NA	NA	NA	0.0006013229104	NA	NA	NA	0	NA	NA	NA	NA	0	1	0	-	NA	fixed	NA	none	0	False	containment 0.00 < 0.5; only 0/1 enzymes produced a fit; no PTR estimate	BcgI:only 1 windows after outlier trimming	no enzyme produced a usable estimate
S_8221231	GCF_000429265.1	s__Actinomyces_gerencseriae	NA	NA	NA	0.002153846154	NA	NA	NA	0	NA	NA	NA	NA	0	1	0	-	NA	fixed	NA	none	0	False	containment 0.00 < 0.5; only 0/1 enzymes produced a fit; no PTR estimate	BcgI:only 4 windows after outlier trimming	no enzyme produced a usable estimate
S_8221231	GCF_000430045.1	s__Calidithermus_chliarophilus	NA	NA	NA	0	NA	NA	NA	0	NA	NA	NA	NA	0	1	0	-	NA	fixed	NA	none	0	False	containment 0.00 < 0.5; only 0/1 enzymes produced a fit; no PTR estimate	BcgI:only 0 windows after outlier trimming	no enzyme produced a usable estimate
S_8221231	GCF_000442155.1	s__Streptococcus_oralis_F	NA	NA	NA	0.01149425287	NA	NA	NA	0	NA	NA	NA	NA	0	1	0	-	NA	fixed	NA	none	0	False	containment 0.01 < 0.5; only 0/1 enzymes produced a fit; no PTR estimate	BcgI:only 1 windows after outlier trimming	no enzyme produced a usable estimate
S_8221231	GCF_000448565.1	s__Streptococcus_sp000448565	20.19166469	14.05783314	0.1401801802	0.1229946524	8.934230713	3.159343511	NA	162	0.9988998055	1.349409371	0.514549743	5.804137278	1	1	1	BcgI	NA	fixed	1201243.413	glm	6	False	fraction 0.14 < 0.75; dispersion 14.06 > 5.0; containment 0.12 < 0.5	-	single enzyme: no cross-enzyme consistency check available
S_8221231	GCF_000455385.1	s__Pseudomonas_F_alcaligenes_A	NA	NA	NA	0	NA	NA	NA	0	NA	NA	NA	NA	0	1	0	-	NA	fixed	NA	none	0	False	containment 0.00 < 0.5; only 0/1 enzymes produced a fit; no PTR estimate	BcgI:only 0 windows after outlier trimming	no enzyme produced a usable estimate
S_8221231	GCF_000464455.1	s__Treponema_D_socranskii	NA	NA	NA	0.001151189563	NA	NA	NA	0	NA	NA	NA	NA	0	1	0	-	NA	fixed	NA	none	0	False	containment 0.00 < 0.5; only 0/1 enzymes produced a fit; no PTR estimate	BcgI:only 3 windows after outlier trimming	no enzyme produced a usable estimate
S_8221231	GCF_000464495.1	s__Cutibacterium_granulosum	NA	NA	NA	0	NA	NA	NA	0	NA	NA	NA	NA	0	1	0	-	NA	fixed	NA	none	0	False	containment 0.00 < 0.5; only 0/1 enzymes produced a fit; no PTR estimate	BcgI:only 0 windows after outlier trimming	no enzyme produced a usable estimate
S_8221231	GCF_000466165.1	s__Peptidiphaga_sp000466165	NA	NA	NA	0	NA	NA	NA	0	NA	NA	NA	NA	0	1	0	-	NA	fixed	NA	none	0	False	containment 0.00 < 0.5; only 0/1 enzymes produced a fit; no PTR estimate	BcgI:only 0 windows after outlier trimming	no enzyme produced a usable estimate
S_8221231	GCF_000466335.1	s__Aggregatibacter_sp000466335	10.02114057	4.674918145	0.09281385201	0.0582781457	2.819238091	1.495305322	NA	418	0.9823841164	0.5870132786	0.3447804376	2.645830206	1	1	1	BcgI	NA	fixed	784955.5458	glm	16	False	fraction 0.09 < 0.75; containment 0.06 < 0.5	-	single enzyme: no cross-enzyme consistency check available
S_8221231	GCF_000466425.1	s__Capnocytophaga_sp000466425	10.19836283	NA	0.04255215838	0.008333333333	1.381116197	0.4658347022	NA	125	0.6655372187	0.4811212932	-0.4771457046	1.408815109	1	1	1	BcgI	NA	fixed	154365.8417	glm	5	False	fraction 0.04 < 0.75; containment 0.01 < 0.5	-	single enzyme: no cross-enzyme consistency check available
S_8221231	GCF_000466685.1	s__Campylobacter_A_concisus_A	8.991154606	6.545454545	0.1022720944	0.02028985507	3.683767522	1.881182018	NA	89	0.9403209437	0.5145167452	0.8727477277	2.889616308	1	1	1	BcgI	NA	fixed	801637.2	glm	6	False	fraction 0.10 < 0.75; dispersion 6.55 > 5.0; containment 0.02 < 0.5	-	single enzyme: no cross-enzyme consistency check available
S_8221231	GCF_000467855.2	s__Porphyromonas_sp000467855	12.90359851	9.870383298	0.118622297	0.0999397953	1.864602925	0.8988684355	NA	1610	0.9991203466	0.6889734044	-0.4514946235	2.249231494	1	1	1	BcgI	NA	fixed	1757540.548	glm	30	False	fraction 0.12 < 0.75; dispersion 9.87 > 5.0; containment 0.10 < 0.5	-	single enzyme: no cross-enzyme consistency check available
S_8221231	GCF_000467875.1	s__Prevotella_disiens	NA	NA	NA	0.001824817518	NA	NA	NA	0	NA	NA	NA	NA	0	1	0	-	NA	fixed	NA	none	0	False	containment 0.00 < 0.5; only 0/1 enzymes produced a fit; no PTR estimate	BcgI:only 2 windows after outlier trimming	no enzyme produced a usable estimate
S_8221231	GCF_000467895.1	s__Prevotella_sp000467895	30.9413469	48.66196691	0.09505901821	0.02915082383	2.492292635	1.317473474	NA	378	0.9928211968	1.836670991	-2.28233552	4.917282468	1	1	1	BcgI	NA	fixed	2719400.439	glm	18	False	fraction 0.10 < 0.75; dispersion 48.66 > 5.0; containment 0.03 < 0.5	-	single enzyme: no cross-enzyme consistency check available
S_8221231	GCF_000468035.1	s__Centipeda_sp000468035	NA	NA	NA	0.0003663003663	NA	NA	NA	0	NA	NA	NA	NA	0	1	0	-	NA	fixed	NA	none	0	False	containment 0.00 < 0.5; only 0/1 enzymes produced a fit; no PTR estimate	BcgI:only 1 windows after outlier trimming	no enzyme produced a usable estimate
S_8221231	GCF_000468055.1	s__Treponema_C_lecithinolyticum	8.982408087	NA	0.01482374815	0.003608247423	7.614088016	2.928671247	NA	376	0.9113307548	0.5100492589	1.928993069	3.928349425	1	1	1	BcgI	NA	fixed	1543021.946	glm	5	False	fraction 0.01 < 0.75; containment 0.00 < 0.5	-	single enzyme: no cross-enzyme consistency check available
S_8221231	GCF_000468755.1	s__Olsenella_profusa	NA	NA	NA	0	NA	NA	NA	0	NA	NA	NA	NA	0	1	0	-	NA	fixed	NA	none	0	False	containment 0.00 < 0.5; only 0/1 enzymes produced a fit; no PTR estimate	BcgI:only 0 windows after outlier trimming	no enzyme produced a usable estimate
S_8221231	GCF_000469385.1	s__Leptotrichia_sp000469385	NA	NA	NA	0.02112676056	NA	NA	NA	0	NA	NA	NA	NA	0	1	0	-	NA	fixed	NA	none	0	False	containment 0.02 < 0.5; only 0/1 enzymes produced a fit; no PTR estimate	BcgI:only 3 windows after outlier trimming	no enzyme produced a usable estimate
S_8221231	GCF_000469405.1	s__Leptotrichia_wadei	13.46688619	2.007017544	0.3741071429	0.07189542484	6.469192528	2.693585649	NA	42	0.9935064901	1.48774681	-0.2223445163	5.609515814	1	1	1	BcgI	NA	fixed	1686385.524	glm	8	False	fraction 0.37 < 0.75; containment 0.07 < 0.5	-	single enzyme: no cross-enzyme consistency check available
S_8221231	GCF_000469505.1	s__Leptotrichia_A_sp000469505	23.99924758	38.13672111	0.3456349206	0.08571428571	8.561973189	3.097943318	NA	62	0.9955045367	1.94342755	-0.7111046874	6.906991323	1	1	1	BcgI	NA	fixed	401233.5322	glm	9	False	fraction 0.35 < 0.75; dispersion 38.14 > 5.0; containment 0.09 < 0.5	-	single enzyme: no cross-enzyme consistency check available
S_8221231	GCF_000469525.1	s__Leptotrichia_massiliensis	NA	NA	NA	0.03225806452	NA	NA	NA	0	NA	NA	NA	NA	0	1	0	-	NA	fixed	NA	none	0	False	containment 0.03 < 0.5; only 0/1 enzymes produced a fit; no PTR estimate	BcgI:only 15 anchors (< 30)	no enzyme produced a usable estimate
S_8221231	GCF_000469545.1	s__Mitsuokella_sp000469545	NA	NA	NA	0	NA	NA	NA	0	NA	NA	NA	NA	0	1	0	-	NA	fixed	NA	none	0	False	containment 0.00 < 0.5; only 0/1 enzymes produced a fit; no PTR estimate	BcgI:only 0 windows after outlier trimming	no enzyme produced a usable estimate
S_8221231	GCF_000477375.1	s__Kingella_kingae	8.575474868	2	0.02020008514	0.008825526137	1.725033345	0.7866242494	NA	603	0.9850193338	0.6654151888	-0.5175655554	2.090814054	1	1	1	BcgI	NA	fixed	1866893.925	glm	10	False	fraction 0.02 < 0.75; containment 0.01 < 0.5	-	single enzyme: no cross-enzyme consistency check available
S_8221231	GCF_000479205.1	s__Fusobacterium_vincentii	NA	NA	NA	0.1739130435	NA	NA	NA	0	NA	NA	NA	NA	0	1	0	-	NA	fixed	NA	none	0	False	containment 0.17 < 0.5; only 0/1 enzymes produced a fit; no PTR estimate	BcgI:only 3 windows after outlier trimming	no enzyme produced a usable estimate
S_8221231	GCF_000482505.1	s__Leptotrichia_trevisanii	12.87375417	6.460247103	0.3203933747	0.05857740586	2.551054021	1.35109345	NA	72	0.9448718217	1.20635562	-1.013320119	3.715507018	1	1	1	BcgI	NA	fixed	1915158.778	glm	8	False	fraction 0.32 < 0.75; dispersion 6.46 > 5.0; containment 0.06 < 0.5	-	single enzyme: no cross-enzyme consistency check available
S_8221231	GCF_000485555.1	s__Metamycoplasma_salivarium	NA	NA	NA	0	NA	NA	NA	0	NA	NA	NA	NA	0	1	0	-	NA	fixed	NA	none	0	False	containment 0.00 < 0.5; only 0/1 enzymes produced a fit; no PTR estimate	BcgI:only 0 windows after outlier trimming	no enzyme produced a usable estimate
S_8221231	GCF_000488855.1	s__Eubacterium_M_brachy	10.19976071	17.06666667	0.06833333333	0.016563147	31.24541555	4.965572622	NA	157	0.9952069533	1.034472549	2.938043683	6.993101562	1	1	1	BcgI	NA	fixed	333727.59	glm	7	False	fraction 0.07 < 0.75; dispersion 17.07 > 5.0; containment 0.02 < 0.5	-	single enzyme: no cross-enzyme consistency check available
S_8221231	GCF_000496715.1	s__Cupriavidus_metallidurans	10.45112167	9.799076327	0.1042884392	0.09989233162	1.478664473	0.5642947249	NA	8048	0.9977805483	0.2704558838	0.0342109332	1.094378517	1	1	1	BcgI	NA	fixed	6813030.215	glm	97	False	fraction 0.10 < 0.75; dispersion 9.80 > 5.0; containment 0.10 < 0.5	-	single enzyme: no cross-enzyme consistency check available
S_8221231	GCF_000510425.1	s__Eubacterium_A_nodatum	NA	NA	NA	0.002415458937	NA	NA	NA	0	NA	NA	NA	NA	0	1	0	-	NA	fixed	NA	none	0	False	containment 0.00 < 0.5; only 0/1 enzymes produced a fit; no PTR estimate	BcgI:only 1 windows after outlier trimming	no enzyme produced a usable estimate
S_8221231	GCF_000512995.1	s__Lachnoanaerobaculum_sp000296385	14.33328725	NA	0.4682539683	0.02341137124	1.424622127	0.5105793031	NA	36	0.6708825244	0.5238861836	-0.5162187489	1.537377355	1	1	1	BcgI	NA	fixed	589859.4606	glm	6	False	fraction 0.47 < 0.75; containment 0.02 < 0.5	-	single enzyme: no cross-enzyme consistency check available
S_8221231	GCF_000521305.1	s__Streptococcus_thermophilus	66.65237768	2.77443609	0.05333333333	0.0275862069	13.01311081	3.701893978	NA	150	0.9996978994	2.223295516	-0.6556851614	8.059473117	1	1	1	BcgI	NA	fixed	260251.8361	glm	6	False	fraction 0.05 < 0.75; containment 0.03 < 0.5	-	single enzyme: no cross-enzyme consistency check available
S_8221231	GCF_000526055.1	s__Eubacterium_B_sulci	17.41285789	7.994201449	0.1688371844	0.1512455516	1.501978916	0.5868645614	NA	534	0.8491617002	0.6370634658	-0.6617568874	1.83548601	1	1	1	BcgI	NA	fixed	321899.7658	glm	24	False	fraction 0.17 < 0.75; dispersion 7.99 > 5.0; containment 0.15 < 0.5	-	single enzyme: no cross-enzyme consistency check available
S_8221231	GCF_000526095.1	s__Streptococcus_halitosis	NA	NA	NA	0	NA	NA	NA	0	NA	NA	NA	NA	0	1	0	-	NA	fixed	NA	none	0	False	containment 0.00 < 0.5; only 0/1 enzymes produced a fit; no PTR estimate	BcgI:only 0 windows after outlier trimming	no enzyme produced a usable estimate
S_8221231	GCF_000565035.1	s__Pauljensenia_sp001072465	28.19277106	44.2790505	0.136818971	0.07153965785	3.764205386	1.912345348	NA	898	0.9954957574	1.043520614	-0.1329174725	3.957608169	1	1	1	BcgI	NA	fixed	1451725.822	glm	38	False	fraction 0.14 < 0.75; dispersion 44.28 > 5.0; containment 0.07 < 0.5	-	single enzyme: no cross-enzyme consistency check available
S_8221231	GCF_000577555.1	s__Corynebacterium_jeddahense	NA	NA	NA	0	NA	NA	NA	0	NA	NA	NA	NA	0	1	0	-	NA	fixed	NA	none	0	False	containment 0.00 < 0.5; only 0/1 enzymes produced a fit; no PTR estimate	BcgI:only 0 windows after outlier trimming	no enzyme produced a usable estimate
S_8221231	GCF_000599605.1	s__Prevotella_sp000599605	17.94626945	6.809165207	0.1554760797	0.06592689295	2.897849094	1.534982468	NA	1346	0.9977957073	0.8793630384	-0.1885374163	3.258502353	1	1	1	BcgI	NA	fixed	2651846.306	glm	40	False	fraction 0.16 < 0.75; dispersion 6.81 > 5.0; containment 0.07 < 0.5	-	single enzyme: no cross-enzyme consistency check available
S_8221231	GCF_000607165.1	s__Ralstonia_pickettii_A	NA	NA	NA	0	NA	NA	NA	0	NA	NA	NA	NA	0	1	0	-	NA	fixed	NA	none	0	False	containment 0.00 < 0.5; only 0/1 enzymes produced a fit; no PTR estimate	BcgI:only 0 windows after outlier trimming	no enzyme produced a usable estimate
S_8221231	GCF_000613445.1	s__Prevotella_shahii	NA	NA	NA	0.001890359168	NA	NA	NA	0	NA	NA	NA	NA	0	1	0	-	NA	fixed	NA	none	0	False	containment 0.00 < 0.5; only 0/1 enzymes produced a fit; no PTR estimate	BcgI:only 2 windows after outlier trimming	no enzyme produced a usable estimate
S_8221231	GCF_000613485.1	s__Prevotella_loescheii	11.76331877	6.443711352	0.06118456643	0.0399132321	3.299180304	1.722107625	NA	2023	0.9914879853	0.7254628425	0.3002265818	3.143988669	1	1	1	BcgI	NA	fixed	2493669.295	glm	29	False	fraction 0.06 < 0.75; dispersion 6.44 > 5.0; containment 0.04 < 0.5	-	single enzyme: no cross-enzyme consistency check available
S_8221231	GCF_000613625.1	s__Prevotella_marshii	NA	NA	NA	0	NA	NA	NA	0	NA	NA	NA	NA	0	1	0	-	NA	fixed	NA	none	0	False	containment 0.00 < 0.5; only 0/1 enzymes produced a fit; no PTR estimate	BcgI:only 0 windows after outlier trimming	no enzyme produced a usable estimate
S_8221231	GCF_000613725.1	s__Prevotella_pleuritidis	11.41627409	6.820421843	0.07767522429	0.0629095675	1.839279033	0.8791403643	NA	1072	0.9857630523	0.5344355751	-0.168334115	1.926614844	1	1	1	BcgI	NA	fixed	1357448.606	glm	19	False	fraction 0.08 < 0.75; dispersion 6.82 > 5.0; containment 0.06 < 0.5	-	single enzyme: no cross-enzyme consistency check available
S_8221231	GCF_000613785.1	s__Prevotella_oulorum	17.36988905	19.31533058	0.04373715791	0.01122964627	6.267185404	2.647817673	NA	554	0.9981121561	1.502379682	-0.2967923937	5.59242774	1	1	1	BcgI	NA	fixed	2115593.844	glm	12	False	fraction 0.04 < 0.75; dispersion 19.32 > 5.0; containment 0.01 < 0.5	-	single enzyme: no cross-enzyme consistency check available
S_8221231	GCF_000613925.1	s__Prevotella_histicola	64.13229287	170.3925706	0.5472409676	0.5051282051	1.587506903	0.666762865	NA	768	1	0.7845643351	-0.8709549754	2.204480705	1	1	1	BcgI	NA	fixed	957119.3819	glm	38	False	fraction 0.55 < 0.75; dispersion 170.39 > 5.0	-	single enzyme: no cross-enzyme consistency check available
S_8221231	GCF_000613945.1	s__Prevotella_falsenii	NA	NA	NA	0.001534526854	NA	NA	NA	0	NA	NA	NA	NA	0	1	0	-	NA	fixed	NA	none	0	False	containment 0.00 < 0.5; only 0/1 enzymes produced a fit; no PTR estimate	BcgI:only 2 windows after outlier trimming	no enzyme produced a usable estimate
S_8221231	GCF_000613965.1	s__Prevotella_maculosa	11.04437374	19.59259259	0.03881155633	0.00811965812	1.363609824	0.4474308988	NA	526	0.7013332112	0.5449840981	-0.6207183055	1.515580103	1	1	1	BcgI	NA	fixed	543200.3814	glm	11	False	fraction 0.04 < 0.75; dispersion 19.59 > 5.0; containment 0.01 < 0.5	-	single enzyme: no cross-enzyme consistency check available
S_8221231	GCF_000613985.1	s__Prevotella_nanceiensis	18.51647815	17.5210431	0.2034676853	0.1798287345	1.804372638	0.8514973139	NA	1022	0.9958223424	0.6963139485	-0.5132529472	2.216247575	1	1	1	BcgI	NA	fixed	1398969.525	glm	27	False	fraction 0.20 < 0.75; dispersion 17.52 > 5.0; containment 0.18 < 0.5	-	single enzyme: no cross-enzyme consistency check available
S_8221231	GCF_000614025.1	s__Prevotella_aurantiaca	27.66661576	5.889464594	0.1558479532	0.008271298594	113.0628455	6.820981101	NA	116	0.9935415539	4.978356975	-2.936419272	16.57838147	1	1	1	BcgI	NA	fixed	887882.94	glm	6	False	fraction 0.16 < 0.75; dispersion 5.89 > 5.0; containment 0.01 < 0.5	-	single enzyme: no cross-enzyme consistency check available
S_8221231	GCF_000614205.1	s__Prevotella_saccharolytica	10.35306	1.2	0.06744126643	0.007042253521	1.800058799	0.848044033	NA	479	0.7504951642	0.9558387084	-1.025365411	2.721453476	1	1	1	BcgI	NA	fixed	30335.86444	glm	10	False	fraction 0.07 < 0.75; containment 0.01 < 0.5	-	single enzyme: no cross-enzyme consistency check available
S_8221231	GCF_000614245.1	s__Prevotella_fusca	NA	NA	NA	0.004299226139	NA	NA	NA	0	NA	NA	NA	NA	0	1	0	-	NA	fixed	NA	none	0	False	containment 0.00 < 0.5; only 0/1 enzymes produced a fit; no PTR estimate	BcgI:only 3 windows after outlier trimming	no enzyme produced a usable estimate
S_8221231	GCF_000620465.1	s__Ralstonia_sp000620465	NA	NA	NA	0.0002320724066	NA	NA	NA	0	NA	NA	NA	NA	0	1	0	-	NA	fixed	NA	none	0	False	containment 0.00 < 0.5; only 0/1 enzymes produced a fit; no PTR estimate	BcgI:only 1 windows after outlier trimming	no enzyme produced a usable estimate
S_8221231	GCF_000633415.1	s__Leucobacter_sp000633415	NA	NA	NA	0	NA	NA	NA	0	NA	NA	NA	NA	0	1	0	-	NA	fixed	NA	none	0	False	containment 0.00 < 0.5; only 0/1 enzymes produced a fit; no PTR estimate	BcgI:only 0 windows after outlier trimming	no enzyme produced a usable estimate
S_8221231	GCF_000699745.1	s__Parabacteroides_distasonis	NA	NA	NA	0	NA	NA	NA	0	NA	NA	NA	NA	0	1	0	-	NA	fixed	NA	none	0	False	containment 0.00 < 0.5; only 0/1 enzymes produced a fit; no PTR estimate	BcgI:only 0 windows after outlier trimming	no enzyme produced a usable estimate
S_8221231	GCF_000711965.1	s__Actinomyces_israelii	NA	NA	NA	0	NA	NA	NA	0	NA	NA	NA	NA	0	1	0	-	NA	fixed	NA	none	0	False	containment 0.00 < 0.5; only 0/1 enzymes produced a fit; no PTR estimate	BcgI:only 0 windows after outlier trimming	no enzyme produced a usable estimate
S_8221231	GCF_000722685.1	s__Streptococcus_mitis_M	NA	NA	NA	0.1538461538	NA	NA	NA	0	NA	NA	NA	NA	0	1	0	-	NA	fixed	NA	none	0	False	containment 0.15 < 0.5; only 0/1 enzymes produced a fit; no PTR estimate	BcgI:only 3 windows after outlier trimming	no enzyme produced a usable estimate
S_8221231	GCF_000722705.1	s__Streptococcus_mitis_P	46.11904322	41.45664667	0.2346938776	0.09243697479	1.747042865	0.8049150059	NA	112	0.8522727227	1.485664625	-2.106934152	3.716764164	1	1	1	BcgI	NA	fixed	1387024.293	glm	7	False	fraction 0.23 < 0.75; dispersion 41.46 > 5.0; containment 0.09 < 0.5	-	single enzyme: no cross-enzyme consistency check available
S_8221231	GCF_000722755.1	s__Streptococcus_mitis_BE	NA	NA	NA	0.05434782609	NA	NA	NA	0	NA	NA	NA	NA	0	1	0	-	NA	fixed	NA	none	0	False	containment 0.05 < 0.5; only 0/1 enzymes produced a fit; no PTR estimate	BcgI:only 3 windows after outlier trimming	no enzyme produced a usable estimate
S_8221231	GCF_000722775.1	s__Streptococcus_mitis_AV	NA	NA	NA	0.07142857143	NA	NA	NA	0	NA	NA	NA	NA	0	1	0	-	NA	fixed	NA	none	0	False	containment 0.07 < 0.5; only 0/1 enzymes produced a fit; no PTR estimate	BcgI:only 4 windows after outlier trimming	no enzyme produced a usable estimate
S_8221231	GCF_000722815.1	s__Streptococcus_chosunense	NA	NA	NA	0.02352941176	NA	NA	NA	0	NA	NA	NA	NA	0	1	0	-	NA	fixed	NA	none	0	False	containment 0.02 < 0.5; only 0/1 enzymes produced a fit; no PTR estimate	BcgI:only 2 windows after outlier trimming	no enzyme produced a usable estimate
S_8221231	GCF_000722835.1	s__Streptococcus_mitis	NA	NA	NA	0.04225352113	NA	NA	NA	0	NA	NA	NA	NA	0	1	0	-	NA	fixed	NA	none	0	False	containment 0.04 < 0.5; only 0/1 enzymes produced a fit; no PTR estimate	BcgI:only 3 windows after outlier trimming	no enzyme produced a usable estimate
S_8221231	GCF_000722845.1	s__Streptococcus_oralis_BC	NA	NA	NA	0.02666666667	NA	NA	NA	0	NA	NA	NA	NA	0	1	0	-	NA	fixed	NA	none	0	False	containment 0.03 < 0.5; only 0/1 enzymes produced a fit; no PTR estimate	BcgI:only 2 windows after outlier trimming	no enzyme produced a usable estimate
S_8221231	GCF_000740795.1	s__Haematobacter_massiliensis	NA	NA	NA	0	NA	NA	NA	0	NA	NA	NA	NA	0	1	0	-	NA	fixed	NA	none	0	False	containment 0.00 < 0.5; only 0/1 enzymes produced a fit; no PTR estimate	BcgI:only 0 windows after outlier trimming	no enzyme produced a usable estimate
S_8221231	GCF_000745955.1	s__Alysiella_crassa	NA	NA	NA	0.00153609831	NA	NA	NA	0	NA	NA	NA	NA	0	1	0	-	NA	fixed	NA	none	0	False	containment 0.00 < 0.5; only 0/1 enzymes produced a fit; no PTR estimate	BcgI:only 2 windows after outlier trimming	no enzyme produced a usable estimate
S_8221231	GCF_000751855.1	s__Kingella_negevensis	NA	NA	NA	0.002105263158	NA	NA	NA	0	NA	NA	NA	NA	0	1	0	-	NA	fixed	NA	none	0	False	containment 0.00 < 0.5; only 0/1 enzymes produced a fit; no PTR estimate	BcgI:only 1 windows after outlier trimming	no enzyme produced a usable estimate
S_8221231	GCF_000758755.1	s__Pauljensenia_sp000758755	16.80841767	17.56428684	0.1289549277	0.1145833333	1.410958242	0.496675291	NA	1102	0.9947989829	0.7501261431	-0.9735449334	1.966895515	1	1	1	BcgI	NA	fixed	44603.73889	glm	23	False	fraction 0.13 < 0.75; dispersion 17.56 > 5.0; containment 0.11 < 0.5	-	single enzyme: no cross-enzyme consistency check available
S_8221231	GCF_000758925.1	s__Prevotella_sp000758925	NA	NA	NA	0.004132231405	NA	NA	NA	0	NA	NA	NA	NA	0	1	0	-	NA	fixed	NA	none	0	False	containment 0.00 < 0.5; only 0/1 enzymes produced a fit; no PTR estimate	BcgI:only 3 windows after outlier trimming	no enzyme produced a usable estimate
S_8221231	GCF_000758945.1	s__Lancefieldella_sp000564995	24.08860881	12.27272496	0.2567941935	0.1390625	1.090736509	0.1253026293	NA	539	0.02254864815	0.6758843219	-1.199406299	1.450011558	1	1	1	BcgI	NA	fixed	1123832.007	glm	34	False	fraction 0.26 < 0.75; dispersion 12.27 > 5.0; containment 0.14 < 0.5	-	single enzyme: no cross-enzyme consistency check available
S_8221231	GCF_000759045.1	s__Prevotella_bivia	NA	NA	NA	0.001072961373	NA	NA	NA	0	NA	NA	NA	NA	0	1	0	-	NA	fixed	NA	none	0	False	containment 0.00 < 0.5; only 0/1 enzymes produced a fit; no PTR estimate	BcgI:only 1 windows after outlier trimming	no enzyme produced a usable estimate
S_8221231	GCF_000759305.1	s__Prevotella_melaninogenica	51.71216375	72.84066734	0.6463095238	0.2690217391	1.343354465	0.4258400326	NA	378	0.9993608415	0.5490942376	-0.6503648973	1.502044962	1	1	1	BcgI	NA	fixed	952705.0994	glm	130	False	fraction 0.65 < 0.75; dispersion 72.84 > 5.0; containment 0.27 < 0.5	-	single enzyme: no cross-enzyme consistency check available
S_8221231	GCF_000759315.1	s__Prevotella_amnii	NA	NA	NA	0.001824817518	NA	NA	NA	0	NA	NA	NA	NA	0	1	0	-	NA	fixed	NA	none	0	False	containment 0.00 < 0.5; only 0/1 enzymes produced a fit; no PTR estimate	BcgI:only 1 windows after outlier trimming	no enzyme produced a usable estimate
S_8221231	GCF_000762865.1	s__Prevotella_sp001553265	NA	NA	NA	0	NA	NA	NA	0	NA	NA	NA	NA	0	1	0	-	NA	fixed	NA	none	0	False	containment 0.00 < 0.5; only 0/1 enzymes produced a fit; no PTR estimate	BcgI:only 0 windows after outlier trimming	no enzyme produced a usable estimate
S_8221231	GCF_000763805.1	s__Paracoccus_sphaerophysae	NA	NA	NA	0.0005491488193	NA	NA	NA	0	NA	NA	NA	NA	0	1	0	-	NA	fixed	NA	none	0	False	containment 0.00 < 0.5; only 0/1 enzymes produced a fit; no PTR estimate	BcgI:only 1 windows after outlier trimming	no enzyme produced a usable estimate
S_8221231	GCF_000768875.1	s__Porphyromonas_sp000768875	NA	NA	NA	0.0004570383912	NA	NA	NA	0	NA	NA	NA	NA	0	1	0	-	NA	fixed	NA	none	0	False	containment 0.00 < 0.5; only 0/1 enzymes produced a fit; no PTR estimate	BcgI:only 1 windows after outlier trimming	no enzyme produced a usable estimate
S_8221231	GCF_000768935.1	s__Porphyromonas_sp000769075	NA	NA	NA	0	NA	NA	NA	0	NA	NA	NA	NA	0	1	0	-	NA	fixed	NA	none	0	False	containment 0.00 < 0.5; only 0/1 enzymes produced a fit; no PTR estimate	BcgI:only 0 windows after outlier trimming	no enzyme produced a usable estimate
S_8221231	GCF_000769015.1	s__Porphyromonas_gulae	NA	NA	NA	0	NA	NA	NA	0	NA	NA	NA	NA	0	1	0	-	NA	fixed	NA	none	0	False	containment 0.00 < 0.5; only 0/1 enzymes produced a fit; no PTR estimate	BcgI:only 0 windows after outlier trimming	no enzyme produced a usable estimate
S_8221231	GCF_000771955.1	s__Gallibacterium_anatis	NA	NA	NA	0	NA	NA	NA	0	NA	NA	NA	NA	0	1	0	-	NA	fixed	NA	none	0	False	containment 0.00 < 0.5; only 0/1 enzymes produced a fit; no PTR estimate	BcgI:only 0 windows after outlier trimming	no enzyme produced a usable estimate
S_8221231	GCF_000775995.1	s__Treponema_sp000775995	NA	NA	NA	0	NA	NA	NA	0	NA	NA	NA	NA	0	1	0	-	NA	fixed	NA	none	0	False	containment 0.00 < 0.5; only 0/1 enzymes produced a fit; no PTR estimate	BcgI:only 0 windows after outlier trimming	no enzyme produced a usable estimate
S_8221231	GCF_000790885.1	s__Pseudomonas_aeruginosa	NA	NA	NA	0	NA	NA	NA	0	NA	NA	NA	NA	0	1	0	-	NA	fixed	NA	none	0	False	containment 0.00 < 0.5; only 0/1 enzymes produced a fit; no PTR estimate	BcgI:only 0 windows after outlier trimming	no enzyme produced a usable estimate
S_8221231	GCF_000799055.1	s__Ensifer_sp000799055	NA	NA	NA	0	NA	NA	NA	0	NA	NA	NA	NA	0	1	0	-	NA	fixed	NA	none	0	False	containment 0.00 < 0.5; only 0/1 enzymes produced a fit; no PTR estimate	BcgI:only 0 windows after outlier trimming	no enzyme produced a usable estimate
S_8221231	GCF_000801955.1	s__Ralstonia_sp000801955	NA	NA	NA	0	NA	NA	NA	0	NA	NA	NA	NA	0	1	0	-	NA	fixed	NA	none	0	False	containment 0.00 < 0.5; only 0/1 enzymes produced a fit; no PTR estimate	BcgI:only 0 windows after outlier trimming	no enzyme produced a usable estimate
S_8221231	GCF_000803625.1	s__TM7x_sp000803625	NA	NA	NA	0.006993006993	NA	NA	NA	0	NA	NA	NA	NA	0	1	0	-	NA	fixed	NA	none	0	False	containment 0.01 < 0.5; only 0/1 enzymes produced a fit; no PTR estimate	BcgI:only 2 windows after outlier trimming	no enzyme produced a usable estimate
S_8221231	GCF_000813705.1	s__Neisseria_cerebrosa	51.25807319	12.11399243	0.4379949151	0.1094224924	11.04951566	3.465911227	NA	119	0.9987926663	1.148609522	1.214677932	5.717144523	1	1	1	BcgI	NA	fixed	1340628.06	glm	21	False	fraction 0.44 < 0.75; dispersion 12.11 > 5.0; containment 0.11 < 0.5	-	single enzyme: no cross-enzyme consistency check available
S_8221231	GCF_000814825.1	s__DNF00809_sp000814825	NA	NA	NA	0	NA	NA	NA	0	NA	NA	NA	NA	0	1	0	-	NA	fixed	NA	none	0	False	containment 0.00 < 0.5; only 0/1 enzymes produced a fit; no PTR estimate	BcgI:only 0 windows after outlier trimming	no enzyme produced a usable estimate
S_8221231	GCF_000818035.1	s__Neisseria_elongata	12.33250926	10.2745926	0.06260587239	0.05889646621	3.235808975	1.694126441	NA	1485	0.997729685	0.6205295118	0.4779109468	2.910341936	1	1	1	BcgI	NA	fixed	802131.2425	glm	23	False	fraction 0.06 < 0.75; dispersion 10.27 > 5.0; containment 0.06 < 0.5	-	single enzyme: no cross-enzyme consistency check available
S_8221231	GCF_000820725.1	s__Pauljensenia_polynesiensis	NA	NA	NA	0	NA	NA	NA	0	NA	NA	NA	NA	0	1	0	-	NA	fixed	NA	none	0	False	containment 0.00 < 0.5; only 0/1 enzymes produced a fit; no PTR estimate	BcgI:only 0 windows after outlier trimming	no enzyme produced a usable estimate
S_8221231	GCF_000827595.2	s__Necropsobacter_massiliensis	NA	NA	NA	0.0005851375073	NA	NA	NA	0	NA	NA	NA	NA	0	1	0	-	NA	fixed	NA	none	0	False	containment 0.00 < 0.5; only 0/1 enzymes produced a fit; no PTR estimate	BcgI:only 1 windows after outlier trimming	no enzyme produced a usable estimate
S_8221231	GCF_000935585.1	s__Acidovorax_temperans	NA	NA	NA	0.0005074854098	NA	NA	NA	0	NA	NA	NA	NA	0	1	0	-	NA	fixed	NA	none	0	False	containment 0.00 < 0.5; only 0/1 enzymes produced a fit; no PTR estimate	BcgI:only 2 windows after outlier trimming	no enzyme produced a usable estimate
S_8221231	GCF_000952155.1	s__Aliterella_atlantica	NA	NA	NA	0	NA	NA	NA	0	NA	NA	NA	NA	0	1	0	-	NA	fixed	NA	none	0	False	containment 0.00 < 0.5; only 0/1 enzymes produced a fit; no PTR estimate	BcgI:only 0 windows after outlier trimming	no enzyme produced a usable estimate
S_8221231	GCF_000954135.1	s__Ralstonia_mannitolilytica	NA	NA	NA	0.000339731612	NA	NA	NA	0	NA	NA	NA	NA	0	1	0	-	NA	fixed	NA	none	0	False	containment 0.00 < 0.5; only 0/1 enzymes produced a fit; no PTR estimate	BcgI:only 2 windows after outlier trimming	no enzyme produced a usable estimate
S_8221231	GCF_000959945.1	s__Streptococcus_oralis_B	NA	NA	NA	0	NA	NA	NA	0	NA	NA	NA	NA	0	1	0	-	NA	fixed	NA	none	0	False	containment 0.00 < 0.5; only 0/1 enzymes produced a fit; no PTR estimate	BcgI:only 0 windows after outlier trimming	no enzyme produced a usable estimate
S_8221231	GCF_000960085.1	s__Streptococcus_infantis_C	NA	NA	NA	0.07352941176	NA	NA	NA	0	NA	NA	NA	NA	0	1	0	-	NA	fixed	NA	none	0	False	containment 0.07 < 0.5; only 0/1 enzymes produced a fit; no PTR estimate	BcgI:only 4 windows after outlier trimming	no enzyme produced a usable estimate
S_8221231	GCF_000963255.1	s__Streptococcus_infantis_F	38.76455845	64.33734211	0.1532967033	0.05882352941	4.762715648	2.251784417	NA	62	0.999716981	2.82731799	-3.289657016	7.79322585	1	1	1	BcgI	NA	fixed	378758.64	glm	6	False	fraction 0.15 < 0.75; dispersion 64.34 > 5.0; containment 0.06 < 0.5	-	single enzyme: no cross-enzyme consistency check available
S_8221231	GCF_000963285.1	s__Streptococcus_parasanguinis	21.16684427	45.20788515	0.1765162289	0.162962963	17.27549053	4.110654771	NA	258	0.9998397268	1.251411583	1.657933139	6.563376403	1	1	1	BcgI	NA	fixed	1726821.997	glm	17	False	fraction 0.18 < 0.75; dispersion 45.21 > 5.0; containment 0.16 < 0.5	-	single enzyme: no cross-enzyme consistency check available
S_8221231	GCF_000967735.1	s__Paracoccus_marcusii	NA	NA	NA	0	NA	NA	NA	0	NA	NA	NA	NA	0	1	0	-	NA	fixed	NA	none	0	False	containment 0.00 < 0.5; only 0/1 enzymes produced a fit; no PTR estimate	BcgI:only 0 windows after outlier trimming	no enzyme produced a usable estimate
S_8221231	GCF_000971865.1	s__Corynebacterium_argentoratense	NA	NA	NA	0	NA	NA	NA	0	NA	NA	NA	NA	0	1	0	-	NA	fixed	NA	none	0	False	containment 0.00 < 0.5; only 0/1 enzymes produced a fit; no PTR estimate	BcgI:only 0 windows after outlier trimming	no enzyme produced a usable estimate
S_8221231	GCF_000974605.1	s__Cupriavidus_pauculus	6.575115492	NA	0.02959283623	0.0006749156355	2.76384623	1.466677352	NA	389	0.7386594706	0.4125881466	0.658019444	2.27533526	1	1	1	BcgI	NA	fixed	2721369.137	glm	5	False	fraction 0.03 < 0.75; containment 0.00 < 0.5	-	single enzyme: no cross-enzyme consistency check available
S_8221231	GCF_000986865.1	s__Pararheinheimera_mesophila	NA	NA	NA	0	NA	NA	NA	0	NA	NA	NA	NA	0	1	0	-	NA	fixed	NA	none	0	False	containment 0.00 < 0.5; only 0/1 enzymes produced a fit; no PTR estimate	BcgI:only 0 windows after outlier trimming	no enzyme produced a usable estimate
S_8221231	GCF_001014975.1	s__Novosphingobium_sp002336885	NA	NA	NA	0.0002260908885	NA	NA	NA	0	NA	NA	NA	NA	0	1	0	-	NA	fixed	NA	none	0	False	containment 0.00 < 0.5; only 0/1 enzymes produced a fit; no PTR estimate	BcgI:only 1 windows after outlier trimming	no enzyme produced a usable estimate
S_8221231	GCF_001042695.1	s__Scardovia_inopinata	NA	NA	NA	0	NA	NA	NA	0	NA	NA	NA	NA	0	1	0	-	NA	fixed	NA	none	0	False	containment 0.00 < 0.5; only 0/1 enzymes produced a fit; no PTR estimate	BcgI:only 0 windows after outlier trimming	no enzyme produced a usable estimate
S_8221231	GCF_001053035.1	s__Haemophilus_D_parainfluenzae_J	25.36338693	7.94047619	0.1957069612	0.04871060172	3.117697638	1.640481019	NA	153	0.9924401854	0.739898804	0.1903060108	3.090656027	1	1	1	BcgI	NA	fixed	687994.2547	glm	11	False	fraction 0.20 < 0.75; dispersion 7.94 > 5.0; containment 0.05 < 0.5	-	single enzyme: no cross-enzyme consistency check available
S_8221231	GCF_001058575.1	s__Haemophilus_D_parainfluenzae_N	33.09903949	76.44586531	0.2860936137	0.1063829787	4.082543252	2.02946817	NA	188	0.9982205832	1.622784688	-1.151131373	5.210067714	1	1	1	BcgI	NA	fixed	513631.0986	glm	15	False	fraction 0.29 < 0.75; dispersion 76.45 > 5.0; containment 0.11 < 0.5	-	single enzyme: no cross-enzyme consistency check available
S_8221231	GCF_001059215.1	s__Alloscardovia_omnicolens	NA	NA	NA	0	NA	NA	NA	0	NA	NA	NA	NA	0	1	0	-	NA	fixed	NA	none	0	False	containment 0.00 < 0.5; only 0/1 enzymes produced a fit; no PTR estimate	BcgI:only 0 windows after outlier trimming	no enzyme produced a usable estimate
S_8221231	GCF_001059235.1	s__Pauljensenia_sp000411415	109.2602324	145.3837315	0.2068677763	0.1168907072	2.406500078	1.26693647	NA	1414	0.9998878361	0.8526981402	-0.4043211744	2.938194115	1	1	1	BcgI	NA	fixed	2182479.02	glm	60	False	fraction 0.21 < 0.75; dispersion 145.38 > 5.0; containment 0.12 < 0.5	-	single enzyme: no cross-enzyme consistency check available
S_8221231	GCF_001059565.1	s__Corynebacterium_aurimucosum_E	NA	NA	NA	0	NA	NA	NA	0	NA	NA	NA	NA	0	1	0	-	NA	fixed	NA	none	0	False	containment 0.00 < 0.5; only 0/1 enzymes produced a fit; no PTR estimate	BcgI:only 0 windows after outlier trimming	no enzyme produced a usable estimate
S_8221231	GCF_001061215.1	s__Neisseria_sp000186165	52.4332233	67.3515923	0.3430796246	0.2421524664	1.781232911	0.8328761735	NA	609	0.9998419552	0.7861598962	-0.7079689091	2.373721256	1	1	1	BcgI	NA	fixed	1387258.838	glm	39	False	fraction 0.34 < 0.75; dispersion 67.35 > 5.0; containment 0.24 < 0.5	-	single enzyme: no cross-enzyme consistency check available
S_8221231	GCF_001062425.1	s__Rothia_dentocariosa	18.7291034	17.72353236	0.1582846091	0.1202031603	2.207143223	1.14218025	NA	1520	0.9912710069	0.7781656054	-0.3829963107	2.66735681	1	1	1	BcgI	NA	fixed	1241162.841	glm	44	False	fraction 0.16 < 0.75; dispersion 17.72 > 5.0; containment 0.12 < 0.5	-	single enzyme: no cross-enzyme consistency check available
S_8221231	GCF_001063545.1	s__Rothia_sp001808955	72.09796565	118.432865	0.1627335237	0.1168032787	9.533937006	3.253072093	NA	922	0.9999994991	0.8704072354	1.54710526	4.959038926	1	1	1	BcgI	NA	fixed	538002.9075	glm	33	False	fraction 0.16 < 0.75; dispersion 118.43 > 5.0; containment 0.12 < 0.5	-	single enzyme: no cross-enzyme consistency check available
S_8221231	GCF_001063785.1	s__Cardiobacterium_hominis	11.05696644	7.632117471	0.1330433752	0.07959479016	1.850108122	0.8876095857	NA	2333	0.9903414362	0.5298468492	-0.150871156	1.926090327	1	1	1	BcgI	NA	fixed	582910.6389	glm	69	False	fraction 0.13 < 0.75; dispersion 7.63 > 5.0; containment 0.08 < 0.5	-	single enzyme: no cross-enzyme consistency check available
S_8221231	GCF_001064145.1	s__Pauljensenia_sp001064145	23.34096764	20.35424404	0.08935264887	0.0400987045	1.485685196	0.5711284536	NA	1211	0.8716030224	0.9301137989	-1.251861094	2.394118001	1	1	1	BcgI	NA	fixed	2109634.017	glm	29	False	fraction 0.09 < 0.75; dispersion 20.35 > 5.0; containment 0.04 < 0.5	-	single enzyme: no cross-enzyme consistency check available
S_8221231	GCF_001064185.1	s__Pauljensenia_sp000185285	8.607488071	4.166591788	0.07020676525	0.02587268994	2.549109244	1.349993202	NA	1824	0.9889242122	0.8473572717	-0.3107965323	3.010782937	1	1	1	BcgI	NA	fixed	315905.6	glm	25	False	fraction 0.07 < 0.75; containment 0.03 < 0.5	-	single enzyme: no cross-enzyme consistency check available
S_8221231	GCF_001065135.1	s__Rothia_mucilaginosa_A	43.8685367	174.7776035	0.3730459017	0.3588110403	1.276398919	0.3520792915	NA	1367	0.9993127796	0.6618093641	-0.9450432267	1.64920181	1	1	1	BcgI	NA	fixed	158387.4133	glm	34	False	fraction 0.37 < 0.75; dispersion 174.78 > 5.0; containment 0.36 < 0.5	-	single enzyme: no cross-enzyme consistency check available
S_8221231	GCF_001066565.1	s__Lacticaseibacillus_paracasei	NA	NA	NA	0	NA	NA	NA	0	NA	NA	NA	NA	0	1	0	-	NA	fixed	NA	none	0	False	containment 0.00 < 0.5; only 0/1 enzymes produced a fit; no PTR estimate	BcgI:only 0 windows after outlier trimming	no enzyme produced a usable estimate
S_8221231	GCF_001067635.1	s__Neisseria_bacilliformis	16.77968469	6.885072135	0.1001970555	0.01543624161	1.361957335	0.4456815099	NA	425	0.7571374885	0.9785223894	-1.472187131	2.363550151	1	1	1	BcgI	NA	fixed	86609.2	glm	17	False	fraction 0.10 < 0.75; dispersion 6.89 > 5.0; containment 0.02 < 0.5	-	single enzyme: no cross-enzyme consistency check available
S_8221231	GCF_001068775.1	s__Streptococcus_pseudopneumoniae_N	NA	NA	NA	0.02564102564	NA	NA	NA	0	NA	NA	NA	NA	0	1	0	-	NA	fixed	NA	none	0	False	containment 0.03 < 0.5; only 0/1 enzymes produced a fit; no PTR estimate	BcgI:only 2 windows after outlier trimming	no enzyme produced a usable estimate
S_8221231	GCF_001069025.1	s__Streptococcus_vestibularis	119.8181786	96.16295914	0.3439128123	0.06293706294	4.007348731	2.002648063	NA	75	0.9999999911	2.822871444	-3.5300783	7.535374425	1	1	1	BcgI	NA	fixed	947826.125	glm	11	False	fraction 0.34 < 0.75; dispersion 96.16 > 5.0; containment 0.06 < 0.5	-	single enzyme: no cross-enzyme consistency check available
S_8221231	GCF_001069775.1	s__Streptococcus_cristatus	NA	NA	NA	0.02358490566	NA	NA	NA	0	NA	NA	NA	NA	0	1	0	-	NA	fixed	NA	none	0	False	containment 0.02 < 0.5; only 0/1 enzymes produced a fit; no PTR estimate	BcgI:only 4 windows after outlier trimming	no enzyme produced a usable estimate
S_8221231	GCF_001070115.1	s__Streptococcus_anginosus	NA	NA	NA	0.003267973856	NA	NA	NA	0	NA	NA	NA	NA	0	1	0	-	NA	fixed	NA	none	0	False	containment 0.00 < 0.5; only 0/1 enzymes produced a fit; no PTR estimate	BcgI:only 1 windows after outlier trimming	no enzyme produced a usable estimate
S_8221231	GCF_001070405.1	s__Streptococcus_pseudopneumoniae_O	NA	NA	NA	0.01785714286	NA	NA	NA	0	NA	NA	NA	NA	0	1	0	-	NA	fixed	NA	none	0	False	containment 0.02 < 0.5; only 0/1 enzymes produced a fit; no PTR estimate	BcgI:only 1 windows after outlier trimming	no enzyme produced a usable estimate
S_8221231	GCF_001070715.1	s__Streptococcus_pseudopneumoniae_H	NA	NA	NA	0.03370786517	NA	NA	NA	0	NA	NA	NA	NA	0	1	0	-	NA	fixed	NA	none	0	False	containment 0.03 < 0.5; only 0/1 enzymes produced a fit; no PTR estimate	BcgI:only 2 windows after outlier trimming	no enzyme produced a usable estimate
S_8221231	GCF_001070815.1	s__Streptococcus_pseudopneumoniae_P	NA	NA	NA	0.02	NA	NA	NA	0	NA	NA	NA	NA	0	1	0	-	NA	fixed	NA	none	0	False	containment 0.02 < 0.5; only 0/1 enzymes produced a fit; no PTR estimate	BcgI:only 1 windows after outlier trimming	no enzyme produced a usable estimate
S_8221231	GCF_001070855.1	s__Pauljensenia_pyogenes_A	24.5180508	33.13507224	0.09287879443	0.088441331	2.405488814	1.266330091	NA	1128	0.9714828842	0.6991589219	-0.1039962155	2.636656397	1	1	1	BcgI	NA	fixed	673907.9792	glm	27	False	fraction 0.09 < 0.75; dispersion 33.14 > 5.0; containment 0.09 < 0.5	-	single enzyme: no cross-enzyme consistency check available
S_8221231	GCF_001071995.1	s__Granulicatella_sp001071995	21.53468397	12.31313118	0.1406762327	0.08767123288	1.647708208	0.7204607785	NA	179	0.8772389292	0.9499583507	-1.141423376	2.582344933	1	1	1	BcgI	NA	fixed	470159.4392	glm	12	False	fraction 0.14 < 0.75; dispersion 12.31 > 5.0; containment 0.09 < 0.5	-	single enzyme: no cross-enzyme consistency check available
S_8221231	GCF_001072375.1	s__Streptococcus_pseudopneumoniae_L	NA	NA	NA	0.06796116505	NA	NA	NA	0	NA	NA	NA	NA	0	1	0	-	NA	fixed	NA	none	0	False	containment 0.07 < 0.5; only 0/1 enzymes produced a fit; no PTR estimate	BcgI:only 11 anchors (< 30)	no enzyme produced a usable estimate
S_8221231	GCF_001072385.1	s__Streptococcus_sp004166885	45.87250564	64.45832098	0.1794397297	0.1212121212	4.400004485	2.137504994	NA	167	0.9975722676	1.267522688	-0.3467938247	4.621803813	1	1	1	BcgI	NA	fixed	765842.6267	glm	14	False	fraction 0.18 < 0.75; dispersion 64.46 > 5.0; containment 0.12 < 0.5	-	single enzyme: no cross-enzyme consistency check available
S_8221231	GCF_001073155.1	s__Streptococcus_parasanguinis_D	15.6093565	21.16	0.2523148148	0.07272727273	1.598411825	0.6766391615	NA	59	0.7484161578	0.6687328068	-0.6340530552	1.987331378	1	1	1	BcgI	NA	fixed	1828822.657	glm	9	False	fraction 0.25 < 0.75; dispersion 21.16 > 5.0; containment 0.07 < 0.5	-	single enzyme: no cross-enzyme consistency check available
S_8221231	GCF_001073445.1	s__Granulicatella_adiacens	18.45548365	14.46287583	0.18912637	0.1463414634	1.45146706	0.5375118318	NA	378	0.963343274	0.8155620529	-1.060960419	2.135984083	1	1	1	BcgI	NA	fixed	828794.7686	glm	23	False	fraction 0.19 < 0.75; dispersion 14.46 > 5.0; containment 0.15 < 0.5	-	single enzyme: no cross-enzyme consistency check available
S_8221231	GCF_001074155.1	s__Streptococcus_pseudopneumoniae_A	45.04535261	217.6157729	0.249691358	0.112244898	59.52896346	5.895519869	NA	57	0.9990850517	2.356298214	1.277260233	10.5137795	1	1	1	BcgI	NA	fixed	1504296.403	glm	9	False	fraction 0.25 < 0.75; dispersion 217.62 > 5.0; containment 0.11 < 0.5	-	single enzyme: no cross-enzyme consistency check available
S_8221231	GCF_001074505.1	s__Staphylococcus_epidermidis	NA	NA	NA	0.002824858757	NA	NA	NA	0	NA	NA	NA	NA	0	1	0	-	NA	fixed	NA	none	0	False	containment 0.00 < 0.5; only 0/1 enzymes produced a fit; no PTR estimate	BcgI:only 1 windows after outlier trimming	no enzyme produced a usable estimate
S_8221231	GCF_001074565.1	s__Streptococcus_pseudopneumoniae_J	NA	NA	NA	0.01724137931	NA	NA	NA	0	NA	NA	NA	NA	0	1	0	-	NA	fixed	NA	none	0	False	containment 0.02 < 0.5; only 0/1 enzymes produced a fit; no PTR estimate	BcgI:only 1 windows after outlier trimming	no enzyme produced a usable estimate
S_8221231	GCF_001074635.1	s__Streptococcus_mitis_E	61.28014195	22.50827627	0.7857142857	0.2604166667	4.487689801	2.165972957	NA	37	0.9998852652	1.322216882	-0.4255245104	4.757470425	1	1	1	BcgI	NA	fixed	712254.7564	glm	21	False	dispersion 22.51 > 5.0; containment 0.26 < 0.5	-	single enzyme: no cross-enzyme consistency check available
S_8221231	GCF_001074805.1	s__Streptococcus_parasanguinis_A	19.45711497	36.65763839	0.5251322751	0.1179245283	4.438917435	2.150207874	NA	71	0.9767889462	1.256729685	-0.3129370467	4.613352796	1	1	1	BcgI	NA	fixed	284420.8	glm	18	False	fraction 0.53 < 0.75; dispersion 36.66 > 5.0; containment 0.12 < 0.5	-	single enzyme: no cross-enzyme consistency check available
S_8221231	GCF_001074975.1	s__Streptococcus_pseudopneumoniae_D	NA	NA	NA	0.03100775194	NA	NA	NA	0	NA	NA	NA	NA	0	1	0	-	NA	fixed	NA	none	0	False	containment 0.03 < 0.5; only 0/1 enzymes produced a fit; no PTR estimate	BcgI:only 3 windows after outlier trimming	no enzyme produced a usable estimate
S_8221231	GCF_001075645.1	s__Gemella_sp002871655	33.93757055	10.1565208	0.4802538371	0.1703296703	2.127924635	1.089447056	NA	97	0.9986991145	0.7260095333	-0.3335054821	2.512399593	1	1	1	BcgI	NA	fixed	158792.5083	glm	22	False	fraction 0.48 < 0.75; dispersion 10.16 > 5.0; containment 0.17 < 0.5	-	single enzyme: no cross-enzyme consistency check available
S_8221231	GCF_001075675.1	s__Streptococcus_oralis_V	NA	NA	NA	0	NA	NA	NA	0	NA	NA	NA	NA	0	1	0	-	NA	fixed	NA	none	0	False	containment 0.00 < 0.5; only 0/1 enzymes produced a fit; no PTR estimate	BcgI:only 0 windows after outlier trimming	no enzyme produced a usable estimate
S_8221231	GCF_001075875.1	s__Streptococcus_oralis_I	NA	NA	NA	0.0462962963	NA	NA	NA	0	NA	NA	NA	NA	0	1	0	-	NA	fixed	NA	none	0	False	containment 0.05 < 0.5; only 0/1 enzymes produced a fit; no PTR estimate	BcgI:only 16 anchors (< 30)	no enzyme produced a usable estimate
S_8221231	GCF_001076615.1	s__Streptococcus_mitis_N	NA	NA	NA	0.09333333333	NA	NA	NA	0	NA	NA	NA	NA	0	1	0	-	NA	fixed	NA	none	0	False	containment 0.09 < 0.5; only 0/1 enzymes produced a fit; no PTR estimate	BcgI:only 3 windows after outlier trimming	no enzyme produced a usable estimate
S_8221231	GCF_001076775.1	s__Streptococcus_pseudopneumoniae_G	NA	NA	NA	0.01369863014	NA	NA	NA	0	NA	NA	NA	NA	0	1	0	-	NA	fixed	NA	none	0	False	containment 0.01 < 0.5; only 0/1 enzymes produced a fit; no PTR estimate	BcgI:only 1 windows after outlier trimming	no enzyme produced a usable estimate
S_8221231	GCF_001078705.1	s__Streptococcus_sanguinis_D	NA	NA	NA	0.05208333333	NA	NA	NA	0	NA	NA	NA	NA	0	1	0	-	NA	fixed	NA	none	0	False	containment 0.05 < 0.5; only 0/1 enzymes produced a fit; no PTR estimate	BcgI:only 4 windows after outlier trimming	no enzyme produced a usable estimate
S_8221231	GCF_001096185.1	s__Streptococcus_pneumoniae_B	NA	NA	NA	0	NA	NA	NA	0	NA	NA	NA	NA	0	1	0	-	NA	fixed	NA	none	0	False	containment 0.00 < 0.5; only 0/1 enzymes produced a fit; no PTR estimate	BcgI:only 0 windows after outlier trimming	no enzyme produced a usable estimate
S_8221231	GCF_001113365.1	s__Streptococcus_pneumoniae_C	NA	NA	NA	0.06382978723	NA	NA	NA	0	NA	NA	NA	NA	0	1	0	-	NA	fixed	NA	none	0	False	containment 0.06 < 0.5; only 0/1 enzymes produced a fit; no PTR estimate	BcgI:only 4 windows after outlier trimming	no enzyme produced a usable estimate
S_8221231	GCF_001171885.1	s__Streptococcus_pneumoniae_A	NA	NA	NA	0.01265822785	NA	NA	NA	0	NA	NA	NA	NA	0	1	0	-	NA	fixed	NA	none	0	False	containment 0.01 < 0.5; only 0/1 enzymes produced a fit; no PTR estimate	BcgI:only 1 windows after outlier trimming	no enzyme produced a usable estimate
S_8221231	GCF_001189515.2	s__Olsenella_sp001189515	NA	NA	NA	0.001818732949	NA	NA	NA	0	NA	NA	NA	NA	0	1	0	-	NA	fixed	NA	none	0	False	containment 0.00 < 0.5; only 0/1 enzymes produced a fit; no PTR estimate	BcgI:only 3 windows after outlier trimming	no enzyme produced a usable estimate
S_8221231	GCF_001262035.1	s__Aggregatibacter_aphrophilus	NA	NA	NA	0.001416430595	NA	NA	NA	0	NA	NA	NA	NA	0	1	0	-	NA	fixed	NA	none	0	False	containment 0.00 < 0.5; only 0/1 enzymes produced a fit; no PTR estimate	BcgI:only 1 windows after outlier trimming	no enzyme produced a usable estimate
S_8221231	GCF_001262055.1	s__Pauljensenia_meyeri	NA	NA	NA	0.001445086705	NA	NA	NA	0	NA	NA	NA	NA	0	1	0	-	NA	fixed	NA	none	0	False	containment 0.00 < 0.5; only 0/1 enzymes produced a fit; no PTR estimate	BcgI:only 2 windows after outlier trimming	no enzyme produced a usable estimate
S_8221231	GCF_001262075.1	s__Ottowia_sp001262075	7.354507063	3.842772211	0.03873015873	0.02792022792	1.412755333	0.4985116352	NA	1265	0.9956146276	0.7265304268	-0.9254618351	1.922485105	1	1	1	BcgI	NA	fixed	2351705.804	glm	18	False	fraction 0.04 < 0.75; containment 0.03 < 0.5	-	single enzyme: no cross-enzyme consistency check available
S_8221231	GCF_001263295.1	s__Agrobacterium_sp900013535	NA	NA	NA	0.0002785903329	NA	NA	NA	0	NA	NA	NA	NA	0	1	0	-	NA	fixed	NA	none	0	False	containment 0.00 < 0.5; only 0/1 enzymes produced a fit; no PTR estimate	BcgI:only 2 windows after outlier trimming	no enzyme produced a usable estimate
S_8221231	GCF_001274535.1	s__Leptotrichia_A_sp001274535	11.95631591	1.48500244	0.1022222222	0.1032258065	27.19983009	4.765525734	NA	155	0.9959285465	0.7741493773	3.248220836	6.282830632	1	1	1	BcgI	NA	fixed	155774.45	glm	6	False	fraction 0.10 < 0.75; containment 0.10 < 0.5	-	single enzyme: no cross-enzyme consistency check available
S_8221231	GCF_001275345.1	s__Kocuria_palustris	14.46764579	NA	0.01	0.002129169624	6.625626752	2.728056933	NA	600	0.983306819	0.7542337544	1.249785939	4.206327927	1	1	1	BcgI	NA	fixed	481228.2511	glm	6	False	fraction 0.01 < 0.75; containment 0.00 < 0.5	-	single enzyme: no cross-enzyme consistency check available
S_8221231	GCF_001276515.1	s__Haemophilus_sp001276515	23.36767977	14.46938776	0.3664768806	0.05577689243	1.640284017	0.7139456407	NA	69	0.7515947306	1.556897249	-2.337516896	3.765408177	1	1	1	BcgI	NA	fixed	1264671.612	glm	9	False	fraction 0.37 < 0.75; dispersion 14.47 > 5.0; containment 0.06 < 0.5	-	single enzyme: no cross-enzyme consistency check available
S_8221231	GCF_001278845.1	s__Actinomyces_sp001278845	NA	NA	NA	0.0004803073967	NA	NA	NA	0	NA	NA	NA	NA	0	1	0	-	NA	fixed	NA	none	0	False	containment 0.00 < 0.5; only 0/1 enzymes produced a fit; no PTR estimate	BcgI:only 0 windows after outlier trimming	no enzyme produced a usable estimate
S_8221231	GCF_001279145.1	s__Haemophilus_D_sp001679485	44.49074047	37.35272328	0.1441900596	0.125	3.630602528	1.860208995	NA	197	0.9993925678	0.9318620119	0.03379301332	3.686624977	1	1	1	BcgI	NA	fixed	1218151.615	glm	9	False	fraction 0.14 < 0.75; dispersion 37.35 > 5.0; containment 0.12 < 0.5	-	single enzyme: no cross-enzyme consistency check available
S_8221231	GCF_001299115.1	s__Achromobacter_xylosoxidans	NA	NA	NA	0	NA	NA	NA	0	NA	NA	NA	NA	0	1	0	-	NA	fixed	NA	none	0	False	containment 0.00 < 0.5; only 0/1 enzymes produced a fit; no PTR estimate	BcgI:only 0 windows after outlier trimming	no enzyme produced a usable estimate
S_8221231	GCF_001304655.1	s__Streptococcus_pseudopneumoniae	NA	NA	NA	0.07339449541	NA	NA	NA	0	NA	NA	NA	NA	0	1	0	-	NA	fixed	NA	none	0	False	containment 0.07 < 0.5; only 0/1 enzymes produced a fit; no PTR estimate	BcgI:only 11 anchors (< 30)	no enzyme produced a usable estimate
S_8221231	GCF_001308015.1	s__Neisseria_sp001308015	NA	NA	NA	0.001281229981	NA	NA	NA	0	NA	NA	NA	NA	0	1	0	-	NA	fixed	NA	none	0	False	containment 0.00 < 0.5; only 0/1 enzymes produced a fit; no PTR estimate	BcgI:only 2 windows after outlier trimming	no enzyme produced a usable estimate
S_8221231	GCF_001347015.1	s__Streptococcus_pneumoniae_E	NA	NA	NA	0.04347826087	NA	NA	NA	0	NA	NA	NA	NA	0	1	0	-	NA	fixed	NA	none	0	False	containment 0.04 < 0.5; only 0/1 enzymes produced a fit; no PTR estimate	BcgI:only 3 windows after outlier trimming	no enzyme produced a usable estimate
S_8221231	GCF_001362535.1	s__Salmonella_enterica	NA	NA	NA	0.0003597122302	NA	NA	NA	0	NA	NA	NA	NA	0	1	0	-	NA	fixed	NA	none	0	False	containment 0.00 < 0.5; only 0/1 enzymes produced a fit; no PTR estimate	BcgI:only 1 windows after outlier trimming	no enzyme produced a usable estimate
S_8221231	GCF_001421985.1	s__Agrobacterium_sp900473305	NA	NA	NA	0	NA	NA	NA	0	NA	NA	NA	NA	0	1	0	-	NA	fixed	NA	none	0	False	containment 0.00 < 0.5; only 0/1 enzymes produced a fit; no PTR estimate	BcgI:only 0 windows after outlier trimming	no enzyme produced a usable estimate
S_8221231	GCF_001423155.1	s__Pseudomonas_E_ovata	NA	NA	NA	0	NA	NA	NA	0	NA	NA	NA	NA	0	1	0	-	NA	fixed	NA	none	0	False	containment 0.00 < 0.5; only 0/1 enzymes produced a fit; no PTR estimate	BcgI:only 0 windows after outlier trimming	no enzyme produced a usable estimate
S_8221231	GCF_001434465.1	s__Limosilactobacillus_oris	NA	NA	NA	0	NA	NA	NA	0	NA	NA	NA	NA	0	1	0	-	NA	fixed	NA	none	0	False	containment 0.00 < 0.5; only 0/1 enzymes produced a fit; no PTR estimate	BcgI:only 0 windows after outlier trimming	no enzyme produced a usable estimate
S_8221231	GCF_001444445.1	s__Prevotella_enoeca	10.58545779	2	0.01715686275	0.004072134962	2.175402319	1.121282238	NA	408	0.9829955428	1.384062345	-1.591430111	3.833994587	1	1	1	BcgI	NA	fixed	766159.8867	glm	6	False	fraction 0.02 < 0.75; containment 0.00 < 0.5	-	single enzyme: no cross-enzyme consistency check available
S_8221231	GCF_001546595.1	s__Prevotella_corporis	NA	NA	NA	0.0008410428932	NA	NA	NA	0	NA	NA	NA	NA	0	1	0	-	NA	fixed	NA	none	0	False	containment 0.00 < 0.5; only 0/1 enzymes produced a fit; no PTR estimate	BcgI:only 1 windows after outlier trimming	no enzyme produced a usable estimate
S_8221231	GCF_001546835.1	s__Streptococcus_sp000187445	32.61834927	23.32697029	0.2002095193	0.04225352113	2.388416713	1.256054569	NA	163	0.9962694291	2.344457686	-3.33899806	5.851107198	1	1	1	BcgI	NA	fixed	1803454.355	glm	8	False	fraction 0.20 < 0.75; dispersion 23.33 > 5.0; containment 0.04 < 0.5	-	single enzyme: no cross-enzyme consistency check available
S_8221231	GCF_001553215.1	s__Porphyromonas_pasteri	30.98078732	81.04650972	0.3220214823	0.2773109244	1.882931827	0.912980767	NA	1988	0.999922996	0.4973327011	-0.06177341551	1.887734949	1	1	1	BcgI	NA	fixed	1195274.318	glm	29	False	fraction 0.32 < 0.75; dispersion 81.05 > 5.0; containment 0.28 < 0.5	-	single enzyme: no cross-enzyme consistency check available
S_8221231	GCF_001553285.1	s__Varibaculum_cambriense	NA	NA	NA	0	NA	NA	NA	0	NA	NA	NA	NA	0	1	0	-	NA	fixed	NA	none	0	False	containment 0.00 < 0.5; only 0/1 enzymes produced a fit; no PTR estimate	BcgI:only 0 windows after outlier trimming	no enzyme produced a usable estimate
S_8221231	GCF_001553645.1	s__Leptotrichia_sp001553645	NA	NA	NA	0.01449275362	NA	NA	NA	0	NA	NA	NA	NA	0	1	0	-	NA	fixed	NA	none	0	False	containment 0.01 < 0.5; only 0/1 enzymes produced a fit; no PTR estimate	BcgI:only 3 windows after outlier trimming	no enzyme produced a usable estimate
S_8221231	GCF_001553935.1	s__Actinomyces_oris_A	12.12555299	12.9601887	0.1502276029	0.1500672948	1.878809702	0.9098189486	NA	1486	0.9883100078	0.4607332552	0.006798361858	1.812839535	1	1	1	BcgI	NA	fixed	2839179.821	glm	25	False	fraction 0.15 < 0.75; dispersion 12.96 > 5.0; containment 0.15 < 0.5	-	single enzyme: no cross-enzyme consistency check available
S_8221231	GCF_001556045.1	s__Bradyrhizobium_sp001556045	7.654041007	0.0625	0.05767785623	0.0009201940773	3.912528439	1.968101239	NA	452	0.9508725681	1.077192623	-0.1431575067	4.079359984	1	1	1	BcgI	NA	fixed	3506308.321	glm	8	False	fraction 0.06 < 0.75; containment 0.00 < 0.5	-	single enzyme: no cross-enzyme consistency check available
S_8221231	GCF_001557225.1	s__Streptococcus_sanguinis_C	42.39599755	82.1475853	0.1875192644	0.0990990991	11.881294	3.570620064	NA	169	0.9999234731	1.728448517	0.182923222	6.958316907	1	1	1	BcgI	NA	fixed	1421765.515	glm	13	False	fraction 0.19 < 0.75; dispersion 82.15 > 5.0; containment 0.10 < 0.5	-	single enzyme: no cross-enzyme consistency check available
S_8221231	GCF_001559795.1	s__Streptobacillus_hongkongensis	NA	NA	NA	0	NA	NA	NA	0	NA	NA	NA	NA	0	1	0	-	NA	fixed	NA	none	0	False	containment 0.00 < 0.5; only 0/1 enzymes produced a fit; no PTR estimate	BcgI:only 0 windows after outlier trimming	no enzyme produced a usable estimate
S_8221231	GCF_001560895.1	s__Streptococcus_mitis_Q	NA	NA	NA	0.08602150538	NA	NA	NA	0	NA	NA	NA	NA	0	1	0	-	NA	fixed	NA	none	0	False	containment 0.09 < 0.5; only 0/1 enzymes produced a fit; no PTR estimate	BcgI:only 4 windows after outlier trimming	no enzyme produced a usable estimate
S_8221231	GCF_001578705.1	s__Streptococcus_oralis_J	NA	NA	NA	0.025	NA	NA	NA	0	NA	NA	NA	NA	0	1	0	-	NA	fixed	NA	none	0	False	containment 0.03 < 0.5; only 0/1 enzymes produced a fit; no PTR estimate	BcgI:only 2 windows after outlier trimming	no enzyme produced a usable estimate
S_8221231	GCF_001578775.1	s__Streptococcus_cristatus_A	NA	NA	NA	0.02264150943	NA	NA	NA	0	NA	NA	NA	NA	0	1	0	-	NA	fixed	NA	none	0	False	containment 0.02 < 0.5; only 0/1 enzymes produced a fit; no PTR estimate	BcgI:only 3 windows after outlier trimming	no enzyme produced a usable estimate
S_8221231	GCF_001578945.1	s__Streptococcus_oralis_Q	NA	NA	NA	0.004901960784	NA	NA	NA	0	NA	NA	NA	NA	0	1	0	-	NA	fixed	NA	none	0	False	containment 0.00 < 0.5; only 0/1 enzymes produced a fit; no PTR estimate	BcgI:only 1 windows after outlier trimming	no enzyme produced a usable estimate
S_8221231	GCF_001579035.1	s__Streptococcus_mitis_J	NA	NA	NA	0.06097560976	NA	NA	NA	0	NA	NA	NA	NA	0	1	0	-	NA	fixed	NA	none	0	False	containment 0.06 < 0.5; only 0/1 enzymes produced a fit; no PTR estimate	BcgI:only 4 windows after outlier trimming	no enzyme produced a usable estimate
S_8221231	GCF_001579045.1	s__Streptococcus_mitis_D	NA	NA	NA	0.04385964912	NA	NA	NA	0	NA	NA	NA	NA	0	1	0	-	NA	fixed	NA	none	0	False	containment 0.04 < 0.5; only 0/1 enzymes produced a fit; no PTR estimate	BcgI:only 3 windows after outlier trimming	no enzyme produced a usable estimate
S_8221231	GCF_001579095.1	s__Streptococcus_oralis_H	NA	NA	NA	0.1044776119	NA	NA	NA	0	NA	NA	NA	NA	0	1	0	-	NA	fixed	NA	none	0	False	containment 0.10 < 0.5; only 0/1 enzymes produced a fit; no PTR estimate	BcgI:only 3 windows after outlier trimming	no enzyme produced a usable estimate
S_8221231	GCF_001579175.1	s__Streptococcus_oralis_O	NA	NA	NA	0	NA	NA	NA	0	NA	NA	NA	NA	0	1	0	-	NA	fixed	NA	none	0	False	containment 0.00 < 0.5; only 0/1 enzymes produced a fit; no PTR estimate	BcgI:only 0 windows after outlier trimming	no enzyme produced a usable estimate
S_8221231	GCF_001579525.1	s__Streptococcus_oralis_M	NA	NA	NA	0	NA	NA	NA	0	NA	NA	NA	NA	0	1	0	-	NA	fixed	NA	none	0	False	containment 0.00 < 0.5; only 0/1 enzymes produced a fit; no PTR estimate	BcgI:only 0 windows after outlier trimming	no enzyme produced a usable estimate
S_8221231	GCF_001579645.1	s__Streptococcus_infantis_E	50.99871421	10.46511628	0.2650512821	0.05833333333	58.1942972	5.862805877	NA	60	0.9524625234	1.024683325	3.854463464	7.87114829	1	1	1	BcgI	NA	fixed	582725.5394	glm	5	False	fraction 0.27 < 0.75; dispersion 10.47 > 5.0; containment 0.06 < 0.5	-	single enzyme: no cross-enzyme consistency check available
S_8221231	GCF_001586195.1	s__Solibacillus_silvestris	NA	NA	NA	0	NA	NA	NA	0	NA	NA	NA	NA	0	1	0	-	NA	fixed	NA	none	0	False	containment 0.00 < 0.5; only 0/1 enzymes produced a fit; no PTR estimate	BcgI:only 0 windows after outlier trimming	no enzyme produced a usable estimate
S_8221231	GCF_001588645.1	s__Streptococcus_oralis_AB	NA	NA	NA	0.03333333333	NA	NA	NA	0	NA	NA	NA	NA	0	1	0	-	NA	fixed	NA	none	0	False	containment 0.03 < 0.5; only 0/1 enzymes produced a fit; no PTR estimate	BcgI:only 2 windows after outlier trimming	no enzyme produced a usable estimate
S_8221231	GCF_001588895.1	s__Streptococcus_sanguinis_H	54.60542086	202.5974093	0.1439381392	0.1270491803	20.99253297	4.391804348	NA	227	0.9997085444	1.896541993	0.6746503471	8.108958349	1	1	1	BcgI	NA	fixed	2003488.447	glm	11	False	fraction 0.14 < 0.75; dispersion 202.60 > 5.0; containment 0.13 < 0.5	-	single enzyme: no cross-enzyme consistency check available
S_8221231	GCF_001589145.1	s__Streptococcus_gordonii	NA	NA	NA	0.01967213115	NA	NA	NA	0	NA	NA	NA	NA	0	1	0	-	NA	fixed	NA	none	0	False	containment 0.02 < 0.5; only 0/1 enzymes produced a fit; no PTR estimate	BcgI:only 3 windows after outlier trimming	no enzyme produced a usable estimate
S_8221231	GCF_001592185.1	s__Neisseria_denitrificans	NA	NA	NA	0.0005717552887	NA	NA	NA	0	NA	NA	NA	NA	0	1	0	-	NA	fixed	NA	none	0	False	containment 0.00 < 0.5; only 0/1 enzymes produced a fit; no PTR estimate	BcgI:only 1 windows after outlier trimming	no enzyme produced a usable estimate
S_8221231	GCF_001592265.1	s__Hylemonella_delicata	NA	NA	NA	0.0004912797838	NA	NA	NA	0	NA	NA	NA	NA	0	1	0	-	NA	fixed	NA	none	0	False	containment 0.00 < 0.5; only 0/1 enzymes produced a fit; no PTR estimate	BcgI:only 2 windows after outlier trimming	no enzyme produced a usable estimate
S_8221231	GCF_001597285.1	s__Pseudomonas_E_alcaligenes	NA	NA	NA	0.0006584723442	NA	NA	NA	0	NA	NA	NA	NA	0	1	0	-	NA	fixed	NA	none	0	False	containment 0.00 < 0.5; only 0/1 enzymes produced a fit; no PTR estimate	BcgI:only 3 windows after outlier trimming	no enzyme produced a usable estimate
S_8221231	GCF_001618085.1	s__Neisseria_flavescens_C	150.1758173	323.2707219	0.157859419	0.09917355372	17.8289864	4.156152781	NA	405	1	2.226867641	-0.2084275943	8.520733156	1	1	1	BcgI	NA	fixed	732314.48	glm	23	False	fraction 0.16 < 0.75; dispersion 323.27 > 5.0; containment 0.10 < 0.5	-	single enzyme: no cross-enzyme consistency check available
S_8221231	GCF_001619955.1	s__Sphingomonas_hankookensis	NA	NA	NA	0.0001659475606	NA	NA	NA	0	NA	NA	NA	NA	0	1	0	-	NA	fixed	NA	none	0	False	containment 0.00 < 0.5; only 0/1 enzymes produced a fit; no PTR estimate	BcgI:only 1 windows after outlier trimming	no enzyme produced a usable estimate
S_8221231	GCF_001638925.1	s__Sphingomonas_aquatilis	NA	NA	NA	0	NA	NA	NA	0	NA	NA	NA	NA	0	1	0	-	NA	fixed	NA	none	0	False	containment 0.00 < 0.5; only 0/1 enzymes produced a fit; no PTR estimate	BcgI:only 0 windows after outlier trimming	no enzyme produced a usable estimate
S_8221231	GCF_001639395.1	s__Streptococcus_oralis_S	NA	NA	NA	0.02941176471	NA	NA	NA	0	NA	NA	NA	NA	0	1	0	-	NA	fixed	NA	none	0	False	containment 0.03 < 0.5; only 0/1 enzymes produced a fit; no PTR estimate	BcgI:only 2 windows after outlier trimming	no enzyme produced a usable estimate
S_8221231	GCF_001648355.1	s__Eikenella_longinqua	NA	NA	NA	0.002626395272	NA	NA	NA	0	NA	NA	NA	NA	0	1	0	-	NA	fixed	NA	none	0	False	containment 0.00 < 0.5; only 0/1 enzymes produced a fit; no PTR estimate	BcgI:only 3 windows after outlier trimming	no enzyme produced a usable estimate
S_8221231	GCF_001648425.1	s__Eikenella_exigua	7.6725038	3.571428571	0.03140652125	0.007707129094	1.181154238	0.2401973677	NA	191	0.3532894097	0.6414417843	-1.017005428	1.497400163	1	1	1	BcgI	NA	fixed	1377031.523	glm	5	False	fraction 0.03 < 0.75; containment 0.01 < 0.5	-	single enzyme: no cross-enzyme consistency check available
S_8221231	GCF_001648475.1	s__Eikenella_halliae	12.50253255	7.119627907	0.03781787323	0.0201511335	2.966885401	1.568949202	NA	767	0.9885055136	0.7814678443	0.03730037228	3.100598032	1	1	1	BcgI	NA	fixed	1271470.29	glm	18	False	fraction 0.04 < 0.75; dispersion 7.12 > 5.0; containment 0.02 < 0.5	-	single enzyme: no cross-enzyme consistency check available
S_8221231	GCF_001650315.1	s__Streptococcus_sp001650315	NA	NA	NA	0.01449275362	NA	NA	NA	0	NA	NA	NA	NA	0	1	0	-	NA	fixed	NA	none	0	False	containment 0.01 < 0.5; only 0/1 enzymes produced a fit; no PTR estimate	BcgI:only 1 windows after outlier trimming	no enzyme produced a usable estimate
S_8221231	GCF_001653935.1	s__Ralstonia_insidiosa	NA	NA	NA	0.0001626545218	NA	NA	NA	0	NA	NA	NA	NA	0	1	0	-	NA	fixed	NA	none	0	False	containment 0.00 < 0.5; only 0/1 enzymes produced a fit; no PTR estimate	BcgI:only 1 windows after outlier trimming	no enzyme produced a usable estimate
S_8221231	GCF_001665295.1	s__Mycobacterium_sp001665295	NA	NA	NA	0.001023990638	NA	NA	NA	0	NA	NA	NA	NA	0	1	0	-	NA	fixed	NA	none	0	False	containment 0.00 < 0.5; only 0/1 enzymes produced a fit; no PTR estimate	BcgI:only 15 anchors (< 30)	no enzyme produced a usable estimate
S_8221231	GCF_001665715.1	s__Gordonia_sputi	NA	NA	NA	0	NA	NA	NA	0	NA	NA	NA	NA	0	1	0	-	NA	fixed	NA	none	0	False	containment 0.00 < 0.5; only 0/1 enzymes produced a fit; no PTR estimate	BcgI:only 0 windows after outlier trimming	no enzyme produced a usable estimate
S_8221231	GCF_001665955.1	s__Corynebacterium_pseudodiphtheriticum	NA	NA	NA	0.0009037505648	NA	NA	NA	0	NA	NA	NA	NA	0	1	0	-	NA	fixed	NA	none	0	False	containment 0.00 < 0.5; only 0/1 enzymes produced a fit; no PTR estimate	BcgI:only 2 windows after outlier trimming	no enzyme produced a usable estimate
S_8221231	GCF_001679155.1	s__Moraxella_nonliquefaciens	NA	NA	NA	0.003994673768	NA	NA	NA	0	NA	NA	NA	NA	0	1	0	-	NA	fixed	NA	none	0	False	containment 0.00 < 0.5; only 0/1 enzymes produced a fit; no PTR estimate	BcgI:only 3 windows after outlier trimming	no enzyme produced a usable estimate
S_8221231	GCF_001679325.1	s__Haemophilus_D_parainfluenzae	27.47469275	27.40280183	0.3071239993	0.1561461794	15.98688695	3.998817132	NA	254	0.9996472595	1.06346284	1.914468266	6.083165998	1	1	1	BcgI	NA	fixed	1631312.757	glm	14	False	fraction 0.31 < 0.75; dispersion 27.40 > 5.0; containment 0.16 < 0.5	-	single enzyme: no cross-enzyme consistency check available
S_8221231	GCF_001683335.1	s__Centipeda_sp001683335	NA	NA	NA	0.0008134490239	NA	NA	NA	0	NA	NA	NA	NA	0	1	0	-	NA	fixed	NA	none	0	False	containment 0.00 < 0.5; only 0/1 enzymes produced a fit; no PTR estimate	BcgI:only 1 windows after outlier trimming	no enzyme produced a usable estimate
S_8221231	GCF_001683355.1	s__Prevotella_scopos	39.51629964	90.63476703	0.06564799095	0.04580152672	9.442896025	3.239229385	NA	546	0.9998536318	1.89624011	-0.4773329366	6.955791707	1	1	1	BcgI	NA	fixed	995151.795	glm	18	False	fraction 0.07 < 0.75; dispersion 90.63 > 5.0; containment 0.05 < 0.5	-	single enzyme: no cross-enzyme consistency check available
S_8221231	GCF_001702075.1	s__Haemophilus_quentini	27.85235508	39.04350379	0.1708716631	0.07028753994	5.465306919	2.450302516	NA	159	0.9988658779	1.115415337	0.2641286278	4.636476405	1	1	1	BcgI	NA	fixed	96246.7	glm	16	False	fraction 0.17 < 0.75; dispersion 39.04 > 5.0; containment 0.07 < 0.5	-	single enzyme: no cross-enzyme consistency check available
S_8221231	GCF_001717525.2	s__Tannerella_sp003033925	8.166373733	2.962436883	0.02157275954	0.02069805195	1.071206314	0.0992363689	NA	2268	0.1411595327	0.8837255742	-1.632833929	1.831306666	1	1	1	BcgI	NA	fixed	1657494.888	glm	23	False	fraction 0.02 < 0.75; containment 0.02 < 0.5	-	single enzyme: no cross-enzyme consistency check available
S_8221231	GCF_001717585.1	s__Centipeda_sp001717585	NA	NA	NA	0.0003384094755	NA	NA	NA	0	NA	NA	NA	NA	0	1	0	-	NA	fixed	NA	none	0	False	containment 0.00 < 0.5; only 0/1 enzymes produced a fit; no PTR estimate	BcgI:only 1 windows after outlier trimming	no enzyme produced a usable estimate
S_8221231	GCF_001721245.1	s__Sphingobium_yanoikuyae	NA	NA	NA	0.0001246416552	NA	NA	NA	0	NA	NA	NA	NA	0	1	0	-	NA	fixed	NA	none	0	False	containment 0.00 < 0.5; only 0/1 enzymes produced a fit; no PTR estimate	BcgI:only 1 windows after outlier trimming	no enzyme produced a usable estimate
S_8221231	GCF_001807315.1	s__Corynebacterium_simulans	NA	NA	NA	0	NA	NA	NA	0	NA	NA	NA	NA	0	1	0	-	NA	fixed	NA	none	0	False	containment 0.00 < 0.5; only 0/1 enzymes produced a fit; no PTR estimate	BcgI:only 0 windows after outlier trimming	no enzyme produced a usable estimate
S_8221231	GCF_001807385.1	s__Brachybacterium_paraconglomeratum	NA	NA	NA	0.000231000231	NA	NA	NA	0	NA	NA	NA	NA	0	1	0	-	NA	fixed	NA	none	0	False	containment 0.00 < 0.5; only 0/1 enzymes produced a fit; no PTR estimate	BcgI:only 1 windows after outlier trimming	no enzyme produced a usable estimate
S_8221231	GCF_001808255.1	s__Neisseria_subflava_A	100.0600259	193.5988701	0.1765051111	0.118852459	6.65752106	2.734985087	NA	386	0.9998866092	1.993063901	-1.171348377	6.641318552	1	1	1	BcgI	NA	fixed	761581.3283	glm	22	False	fraction 0.18 < 0.75; dispersion 193.60 > 5.0; containment 0.12 < 0.5	-	single enzyme: no cross-enzyme consistency check available
S_8221231	GCF_001808705.1	s__Streptococcus_sp001808705	20.22264875	5.142857143	0.2080272109	0.07438016529	8.286389117	3.050743569	NA	68	0.9714906121	2.116505632	-1.097531244	7.199018381	1	1	1	BcgI	NA	fixed	1887330.367	glm	7	False	fraction 0.21 < 0.75; dispersion 5.14 > 5.0; containment 0.07 < 0.5	-	single enzyme: no cross-enzyme consistency check available
S_8221231	GCF_001808865.1	s__Streptococcus_sp001553685	NA	NA	NA	0.07619047619	NA	NA	NA	0	NA	NA	NA	NA	0	1	0	-	NA	fixed	NA	none	0	False	containment 0.08 < 0.5; only 0/1 enzymes produced a fit; no PTR estimate	BcgI:only 4 windows after outlier trimming	no enzyme produced a usable estimate
S_8221231	GCF_001808875.1	s__Neisseria_sicca_A	72.26091474	19.81504294	0.1781462854	0.05248618785	9.972125116	3.317900984	NA	416	0.9999991379	1.298244912	0.773387713	5.862414255	1	1	1	BcgI	NA	fixed	1242548.757	glm	22	False	fraction 0.18 < 0.75; dispersion 19.82 > 5.0; containment 0.05 < 0.5	-	single enzyme: no cross-enzyme consistency check available
S_8221231	GCF_001809325.1	s__Neisseria_sp001809325	36.38698292	26.19007542	0.1929963427	0.0680713128	2.777298458	1.473682222	NA	265	0.9992409365	1.193551641	-0.865636008	3.813000453	1	1	1	BcgI	NA	fixed	2353581.141	glm	29	False	fraction 0.19 < 0.75; dispersion 26.19 > 5.0; containment 0.07 < 0.5	-	single enzyme: no cross-enzyme consistency check available
S_8221231	GCF_001810035.1	s__Neisseria_subflava_C	116.8847925	210.2789551	0.2223030922	0.1400437637	6.395942002	2.677156857	NA	373	0.9999971574	1.489066489	-0.2413598331	5.595673546	1	1	1	BcgI	NA	fixed	839130.8317	glm	21	False	fraction 0.22 < 0.75; dispersion 210.28 > 5.0; containment 0.14 < 0.5	-	single enzyme: no cross-enzyme consistency check available
S_8221231	GCF_001810785.1	s__Streptococcus_sp001810785	NA	NA	NA	0.01818181818	NA	NA	NA	0	NA	NA	NA	NA	0	1	0	-	NA	fixed	NA	none	0	False	containment 0.02 < 0.5; only 0/1 enzymes produced a fit; no PTR estimate	BcgI:only 1 windows after outlier trimming	no enzyme produced a usable estimate
S_8221231	GCF_001811505.1	s__Streptococcus_sp001811505	NA	NA	NA	0.02962962963	NA	NA	NA	0	NA	NA	NA	NA	0	1	0	-	NA	fixed	NA	none	0	False	containment 0.03 < 0.5; only 0/1 enzymes produced a fit; no PTR estimate	BcgI:only 3 windows after outlier trimming	no enzyme produced a usable estimate
S_8221231	GCF_001812965.1	s__Actinomyces_oris_C	17.28952979	5.104619222	0.043293558	0.01923076923	3.544996717	1.825784291	NA	1057	0.9897351093	0.9340982095	-0.00501455746	3.65658314	1	1	1	BcgI	NA	fixed	1275331.431	glm	23	False	fraction 0.04 < 0.75; dispersion 5.10 > 5.0; containment 0.02 < 0.5	-	single enzyme: no cross-enzyme consistency check available
S_8221231	GCF_001812975.1	s__Rothia_mucilaginosa	72.46705039	207.8083327	0.2289261882	0.2020100503	3.35265042	1.745302062	NA	925	0.9999999731	1.204451171	-0.6153788546	4.105982978	1	1	1	BcgI	NA	fixed	774970.2828	glm	31	False	fraction 0.23 < 0.75; dispersion 207.81 > 5.0; containment 0.20 < 0.5	-	single enzyme: no cross-enzyme consistency check available
S_8221231	GCF_001813205.1	s__Lancefieldella_rimae	NA	NA	NA	0.001913875598	NA	NA	NA	0	NA	NA	NA	NA	0	1	0	-	NA	fixed	NA	none	0	False	containment 0.00 < 0.5; only 0/1 enzymes produced a fit; no PTR estimate	BcgI:only 2 windows after outlier trimming	no enzyme produced a usable estimate
S_8221231	GCF_001813295.1	s__Streptococcus_parasanguinis_B	40.2082997	63.57598488	0.2233049718	0.09905660377	3.21645234	1.685470312	NA	159	0.9957642937	3.105118918	-4.400450936	7.771391559	1	1	1	BcgI	NA	fixed	435307.2075	glm	10	False	fraction 0.22 < 0.75; dispersion 63.58 > 5.0; containment 0.10 < 0.5	-	single enzyme: no cross-enzyme consistency check available
S_8221231	GCF_001814135.1	s__Neisseria_sp000952795	42.7092057	47.59205594	0.2779392391	0.1057692308	2.285365283	1.192424778	NA	144	0.9969091145	1.0609668	-0.8870319387	3.271881494	1	1	1	BcgI	NA	fixed	872265.2367	glm	14	False	fraction 0.28 < 0.75; dispersion 47.59 > 5.0; containment 0.11 < 0.5	-	single enzyme: no cross-enzyme consistency check available
S_8221231	GCF_001814145.1	s__Prevotella_conceptionensis	10.84515226	3.857219251	0.06511966461	0.01433838591	2.296520893	1.199449909	NA	862	0.9699270116	0.7563749239	-0.283017701	2.681917519	1	1	1	BcgI	NA	fixed	2896942.913	glm	21	False	fraction 0.07 < 0.75; containment 0.01 < 0.5	-	single enzyme: no cross-enzyme consistency check available
S_8221231	GCF_001814295.1	s__Streptococcus_constellatus	NA	NA	NA	0	NA	NA	NA	0	NA	NA	NA	NA	0	1	0	-	NA	fixed	NA	none	0	False	containment 0.00 < 0.5; only 0/1 enzymes produced a fit; no PTR estimate	BcgI:only 0 windows after outlier trimming	no enzyme produced a usable estimate
S_8221231	GCF_001814405.1	s__Lacticaseibacillus_rhamnosus	NA	NA	NA	0	NA	NA	NA	0	NA	NA	NA	NA	0	1	0	-	NA	fixed	NA	none	0	False	containment 0.00 < 0.5; only 0/1 enzymes produced a fit; no PTR estimate	BcgI:only 0 windows after outlier trimming	no enzyme produced a usable estimate
S_8221231	GCF_001814685.1	s__Prevotella_oris	9.764871312	6.149587608	0.108886781	0.03129251701	1.689309257	0.7564334621	NA	1002	0.9461032164	0.9574706807	-1.120174588	2.633041512	1	1	1	BcgI	NA	fixed	1705768.55	glm	28	False	fraction 0.11 < 0.75; dispersion 6.15 > 5.0; containment 0.03 < 0.5	-	single enzyme: no cross-enzyme consistency check available
S_8221231	GCF_001814775.1	s__Streptococcus_sp001814775	NA	NA	NA	0.02702702703	NA	NA	NA	0	NA	NA	NA	NA	0	1	0	-	NA	fixed	NA	none	0	False	containment 0.03 < 0.5; only 0/1 enzymes produced a fit; no PTR estimate	BcgI:only 4 windows after outlier trimming	no enzyme produced a usable estimate
S_8221231	GCF_001815355.1	s__Haemophilus_D_sp001815355	30.21822632	17.69448087	0.1781790123	0.18	10.74805184	3.42600328	NA	162	0.9988417963	1.591030374	0.3076410486	6.544365512	1	1	1	BcgI	NA	fixed	1770523.135	glm	9	False	fraction 0.18 < 0.75; dispersion 17.69 > 5.0; containment 0.18 < 0.5	-	single enzyme: no cross-enzyme consistency check available
S_8221231	GCF_001815675.1	s__Neisseria_sp001815675	26.26030376	23.38159841	0.2083793003	0.09699769053	1.640457913	0.7140985808	NA	272	0.9676363527	0.7526892368	-0.7611452148	2.189342376	1	1	1	BcgI	NA	fixed	534000.72	glm	22	False	fraction 0.21 < 0.75; dispersion 23.38 > 5.0; containment 0.10 < 0.5	-	single enzyme: no cross-enzyme consistency check available
S_8221231	GCF_001815715.1	s__Fusobacterium_polymorphum	NA	NA	NA	0.07692307692	NA	NA	NA	0	NA	NA	NA	NA	0	1	0	-	NA	fixed	NA	none	0	False	containment 0.08 < 0.5; only 0/1 enzymes produced a fit; no PTR estimate	BcgI:only 0 windows after outlier trimming	no enzyme produced a usable estimate
S_8221231	GCF_001815865.1	s__Abiotrophia_sp001815865	26.54796969	25.81533033	0.3231209136	0.2691415313	4.757312941	2.25014693	NA	367	0.9992597647	1.065713446	0.1613869576	4.338906903	1	1	1	BcgI	NA	fixed	1476721.244	glm	17	False	fraction 0.32 < 0.75; dispersion 25.82 > 5.0; containment 0.27 < 0.5	-	single enzyme: no cross-enzyme consistency check available
S_8221231	GCF_001836315.1	s__Neisseria_flavescens_A	44.34944319	60.92060421	0.1863989302	0.1212814645	3.548158352	1.827070398	NA	396	0.9938115731	1.069926126	-0.2699462764	3.924087072	1	1	1	BcgI	NA	fixed	906734.2122	glm	18	False	fraction 0.19 < 0.75; dispersion 60.92 > 5.0; containment 0.12 < 0.5	-	single enzyme: no cross-enzyme consistency check available
S_8221231	GCF_001837905.1	s__Streptococcus_sp900766505	42.68600721	72.61764802	0.1447069597	0.1142857143	8.00998441	3.001799435	NA	140	0.9985696336	1.980573257	-0.8800528178	6.883651687	1	1	1	BcgI	NA	fixed	1259428.969	glm	8	False	fraction 0.14 < 0.75; dispersion 72.62 > 5.0; containment 0.11 < 0.5	-	single enzyme: no cross-enzyme consistency check available
S_8221231	GCF_001929365.1	s__Actinomyces_oris	17.37616122	32.58920051	0.2921128328	0.1947261663	4.782799269	2.257855243	NA	1354	0.9997738823	0.6909437816	0.9036303161	3.612080171	1	1	1	BcgI	NA	fixed	1357828.542	glm	45	False	fraction 0.29 < 0.75; dispersion 32.59 > 5.0; containment 0.19 < 0.5	-	single enzyme: no cross-enzyme consistency check available
S_8221231	GCF_001937595.1	s__Actinomyces_naeslundii	13.79311466	19.80623094	0.1566792079	0.1531971581	2.280244958	1.189188816	NA	2121	0.9991602284	0.9149464169	-0.6040732091	2.982450841	1	1	1	BcgI	NA	fixed	2466837.693	glm	41	False	fraction 0.16 < 0.75; dispersion 19.81 > 5.0; containment 0.15 < 0.5	-	single enzyme: no cross-enzyme consistency check available
S_8221231	GCF_001937655.1	s__Actinomyces_oris_B	30.60756644	110.5321267	0.119820108	0.01465201465	5.312288569	2.409333518	NA	334	0.9973408222	1.56375781	-0.6555754713	5.474242506	1	1	1	BcgI	NA	fixed	1320101.433	glm	22	False	fraction 0.12 < 0.75; dispersion 110.53 > 5.0; containment 0.01 < 0.5	-	single enzyme: no cross-enzyme consistency check available
S_8221231	GCF_001937665.1	s__Actinomyces_oris_D	19.19475841	22.93715373	0.05426977772	0.02574370709	6.683587887	2.740622779	NA	1181	0.9998560147	1.087079559	0.6099859941	4.871259564	1	1	1	BcgI	NA	fixed	2413821.461	glm	23	False	fraction 0.05 < 0.75; dispersion 22.94 > 5.0; containment 0.03 < 0.5	-	single enzyme: no cross-enzyme consistency check available
S_8221231	GCF_001937675.1	s__Actinomyces_oris_E	11.37815283	9.303867913	0.08466318295	0.05756676558	2.678738207	1.421553594	NA	1536	0.990728726	0.7706245942	-0.08884285659	2.931950044	1	1	1	BcgI	NA	fixed	1971954.535	glm	37	False	fraction 0.08 < 0.75; dispersion 9.30 > 5.0; containment 0.06 < 0.5	-	single enzyme: no cross-enzyme consistency check available
S_8221231	GCF_001998825.1	s__Rodentibacter_mrazii	NA	NA	NA	0	NA	NA	NA	0	NA	NA	NA	NA	0	1	0	-	NA	fixed	NA	none	0	False	containment 0.00 < 0.5; only 0/1 enzymes produced a fit; no PTR estimate	BcgI:only 0 windows after outlier trimming	no enzyme produced a usable estimate
S_8221231	GCF_002005545.1	s__Streptococcus_mitis_I	NA	NA	NA	0.04166666667	NA	NA	NA	0	NA	NA	NA	NA	0	1	0	-	NA	fixed	NA	none	0	False	containment 0.04 < 0.5; only 0/1 enzymes produced a fit; no PTR estimate	BcgI:only 2 windows after outlier trimming	no enzyme produced a usable estimate
S_8221231	GCF_002014765.1	s__Moraxella_C_lincolnii	NA	NA	NA	0	NA	NA	NA	0	NA	NA	NA	NA	0	1	0	-	NA	fixed	NA	none	0	False	containment 0.00 < 0.5; only 0/1 enzymes produced a fit; no PTR estimate	BcgI:only 0 windows after outlier trimming	no enzyme produced a usable estimate
S_8221231	GCF_002014795.1	s__Streptococcus_mitis_AQ	37.10342876	7.333333333	0.1019047619	0.0796460177	13.0148541	3.702087234	NA	107	0.9965126801	0.9629526417	1.814734737	5.58943973	1	1	1	BcgI	NA	fixed	557384.7586	glm	6	False	fraction 0.10 < 0.75; dispersion 7.33 > 5.0; containment 0.08 < 0.5	-	single enzyme: no cross-enzyme consistency check available
S_8221231	GCF_002092855.1	s__Campylobacter_A_concisus_I	NA	NA	NA	0.005899705015	NA	NA	NA	0	NA	NA	NA	NA	0	1	0	-	NA	fixed	NA	none	0	False	containment 0.01 < 0.5; only 0/1 enzymes produced a fit; no PTR estimate	BcgI:only 2 windows after outlier trimming	no enzyme produced a usable estimate
S_8221231	GCF_002093515.1	s__Streptococcus_oralis_E	NA	NA	NA	0.01694915254	NA	NA	NA	0	NA	NA	NA	NA	0	1	0	-	NA	fixed	NA	none	0	False	containment 0.02 < 0.5; only 0/1 enzymes produced a fit; no PTR estimate	BcgI:only 2 windows after outlier trimming	no enzyme produced a usable estimate
S_8221231	GCF_002093545.1	s__Streptococcus_oralis_C	NA	NA	NA	0.0162601626	NA	NA	NA	0	NA	NA	NA	NA	0	1	0	-	NA	fixed	NA	none	0	False	containment 0.02 < 0.5; only 0/1 enzymes produced a fit; no PTR estimate	BcgI:only 2 windows after outlier trimming	no enzyme produced a usable estimate
S_8221231	GCF_002093575.1	s__Streptococcus_oralis_W	NA	NA	NA	0.024	NA	NA	NA	0	NA	NA	NA	NA	0	1	0	-	NA	fixed	NA	none	0	False	containment 0.02 < 0.5; only 0/1 enzymes produced a fit; no PTR estimate	BcgI:only 2 windows after outlier trimming	no enzyme produced a usable estimate
S_8221231	GCF_002096335.1	s__Streptococcus_oralis_Z	NA	NA	NA	0.02941176471	NA	NA	NA	0	NA	NA	NA	NA	0	1	0	-	NA	fixed	NA	none	0	False	containment 0.03 < 0.5; only 0/1 enzymes produced a fit; no PTR estimate	BcgI:only 1 windows after outlier trimming	no enzyme produced a usable estimate
S_8221231	GCF_002096355.1	s__Streptococcus_oralis_T	NA	NA	NA	0.009708737864	NA	NA	NA	0	NA	NA	NA	NA	0	1	0	-	NA	fixed	NA	none	0	False	containment 0.01 < 0.5; only 0/1 enzymes produced a fit; no PTR estimate	BcgI:only 1 windows after outlier trimming	no enzyme produced a usable estimate
S_8221231	GCF_002096435.1	s__Streptococcus_oralis_AA	NA	NA	NA	0.0119047619	NA	NA	NA	0	NA	NA	NA	NA	0	1	0	-	NA	fixed	NA	none	0	False	containment 0.01 < 0.5; only 0/1 enzymes produced a fit; no PTR estimate	BcgI:only 1 windows after outlier trimming	no enzyme produced a usable estimate
S_8221231	GCF_002096445.1	s__Streptococcus_oralis_N	NA	NA	NA	0.05681818182	NA	NA	NA	0	NA	NA	NA	NA	0	1	0	-	NA	fixed	NA	none	0	False	containment 0.06 < 0.5; only 0/1 enzymes produced a fit; no PTR estimate	BcgI:only 4 windows after outlier trimming	no enzyme produced a usable estimate
S_8221231	GCF_002096595.1	s__Streptococcus_oralis_D	NA	NA	NA	0	NA	NA	NA	0	NA	NA	NA	NA	0	1	0	-	NA	fixed	NA	none	0	False	containment 0.00 < 0.5; only 0/1 enzymes produced a fit; no PTR estimate	BcgI:only 0 windows after outlier trimming	no enzyme produced a usable estimate
S_8221231	GCF_002096615.1	s__Streptococcus_oralis_U	NA	NA	NA	0.0119047619	NA	NA	NA	0	NA	NA	NA	NA	0	1	0	-	NA	fixed	NA	none	0	False	containment 0.01 < 0.5; only 0/1 enzymes produced a fit; no PTR estimate	BcgI:only 0 windows after outlier trimming	no enzyme produced a usable estimate
S_8221231	GCF_002096685.1	s__Streptococcus_oralis_AD	NA	NA	NA	0.01369863014	NA	NA	NA	0	NA	NA	NA	NA	0	1	0	-	NA	fixed	NA	none	0	False	containment 0.01 < 0.5; only 0/1 enzymes produced a fit; no PTR estimate	BcgI:only 1 windows after outlier trimming	no enzyme produced a usable estimate
S_8221231	GCF_002096695.1	s__Streptococcus_dentisani	NA	NA	NA	0.03225806452	NA	NA	NA	0	NA	NA	NA	NA	0	1	0	-	NA	fixed	NA	none	0	False	containment 0.03 < 0.5; only 0/1 enzymes produced a fit; no PTR estimate	BcgI:only 2 windows after outlier trimming	no enzyme produced a usable estimate
S_8221231	GCF_002096815.1	s__Streptococcus_mitis_AD	NA	NA	NA	0	NA	NA	NA	0	NA	NA	NA	NA	0	1	0	-	NA	fixed	NA	none	0	False	containment 0.00 < 0.5; only 0/1 enzymes produced a fit; no PTR estimate	BcgI:only 0 windows after outlier trimming	no enzyme produced a usable estimate
S_8221231	GCF_002096835.1	s__Streptococcus_mitis_W	NA	NA	NA	0.09836065574	NA	NA	NA	0	NA	NA	NA	NA	0	1	0	-	NA	fixed	NA	none	0	False	containment 0.10 < 0.5; only 0/1 enzymes produced a fit; no PTR estimate	BcgI:only 4 windows after outlier trimming	no enzyme produced a usable estimate
S_8221231	GCF_002096845.1	s__Streptococcus_mitis_A	NA	NA	NA	0.05952380952	NA	NA	NA	0	NA	NA	NA	NA	0	1	0	-	NA	fixed	NA	none	0	False	containment 0.06 < 0.5; only 0/1 enzymes produced a fit; no PTR estimate	BcgI:only 26 anchors (< 30)	no enzyme produced a usable estimate
S_8221231	GCF_002096855.1	s__Streptococcus_mitis_Y	NA	NA	NA	0.04938271605	NA	NA	NA	0	NA	NA	NA	NA	0	1	0	-	NA	fixed	NA	none	0	False	containment 0.05 < 0.5; only 0/1 enzymes produced a fit; no PTR estimate	BcgI:only 2 windows after outlier trimming	no enzyme produced a usable estimate
S_8221231	GCF_002096895.1	s__Streptococcus_mitis_AH	NA	NA	NA	0.03703703704	NA	NA	NA	0	NA	NA	NA	NA	0	1	0	-	NA	fixed	NA	none	0	False	containment 0.04 < 0.5; only 0/1 enzymes produced a fit; no PTR estimate	BcgI:only 1 windows after outlier trimming	no enzyme produced a usable estimate
S_8221231	GCF_002096925.1	s__Streptococcus_mitis_AF	NA	NA	NA	0.01666666667	NA	NA	NA	0	NA	NA	NA	NA	0	1	0	-	NA	fixed	NA	none	0	False	containment 0.02 < 0.5; only 0/1 enzymes produced a fit; no PTR estimate	BcgI:only 1 windows after outlier trimming	no enzyme produced a usable estimate
S_8221231	GCF_002108505.1	s__Neisseria_dumasiana	NA	NA	NA	0.001196888091	NA	NA	NA	0	NA	NA	NA	NA	0	1	0	-	NA	fixed	NA	none	0	False	containment 0.00 < 0.5; only 0/1 enzymes produced a fit; no PTR estimate	BcgI:only 2 windows after outlier trimming	no enzyme produced a usable estimate
S_8221231	GCF_002108595.1	s__Neisseria_dentiae	NA	NA	NA	0	NA	NA	NA	0	NA	NA	NA	NA	0	1	0	-	NA	fixed	NA	none	0	False	containment 0.00 < 0.5; only 0/1 enzymes produced a fit; no PTR estimate	BcgI:only 0 windows after outlier trimming	no enzyme produced a usable estimate
S_8221231	GCF_002127225.1	s__Sphingomonas_sp002127225	NA	NA	NA	0	NA	NA	NA	0	NA	NA	NA	NA	0	1	0	-	NA	fixed	NA	none	0	False	containment 0.00 < 0.5; only 0/1 enzymes produced a fit; no PTR estimate	BcgI:only 0 windows after outlier trimming	no enzyme produced a usable estimate
S_8221231	GCF_002197385.1	s__Streptococcus_agalactiae	NA	NA	NA	0	NA	NA	NA	0	NA	NA	NA	NA	0	1	0	-	NA	fixed	NA	none	0	False	containment 0.00 < 0.5; only 0/1 enzymes produced a fit; no PTR estimate	BcgI:only 0 windows after outlier trimming	no enzyme produced a usable estimate
S_8221231	GCF_002204455.1	s__Porphyromonas_gingivalis	NA	NA	NA	0.001187648456	NA	NA	NA	0	NA	NA	NA	NA	0	1	0	-	NA	fixed	NA	none	0	False	containment 0.00 < 0.5; only 0/1 enzymes produced a fit; no PTR estimate	BcgI:only 2 windows after outlier trimming	no enzyme produced a usable estimate
S_8221231	GCF_002204475.1	s__Prevotella_nigrescens	10.95675684	5.850659047	0.03360215054	0.01970756516	1.65875991	0.7301050852	NA	744	0.8096348465	0.6461110434	-0.5362492899	1.99645946	1	1	1	BcgI	NA	fixed	2078810.193	glm	12	False	fraction 0.03 < 0.75; dispersion 5.85 > 5.0; containment 0.02 < 0.5	-	single enzyme: no cross-enzyme consistency check available
S_8221231	GCF_002205845.1	s__Pelomonas_puraquae	NA	NA	NA	0	NA	NA	NA	0	NA	NA	NA	NA	0	1	0	-	NA	fixed	NA	none	0	False	containment 0.00 < 0.5; only 0/1 enzymes produced a fit; no PTR estimate	BcgI:only 0 windows after outlier trimming	no enzyme produced a usable estimate
S_8221231	GCF_002209185.2	s__Corynebacterium_amycolatum_A	NA	NA	NA	0	NA	NA	NA	0	NA	NA	NA	NA	0	1	0	-	NA	fixed	NA	none	0	False	containment 0.00 < 0.5; only 0/1 enzymes produced a fit; no PTR estimate	BcgI:only 0 windows after outlier trimming	no enzyme produced a usable estimate
S_8221231	GCF_002209445.1	s__Capnocytophaga_endodontalis	8.888718815	2.919943295	0.06296296296	0.04314159292	3.596154603	1.846455045	NA	540	0.9988554556	1.048920586	-0.2093915265	3.902301617	1	1	1	BcgI	NA	fixed	3323117.612	glm	15	False	fraction 0.06 < 0.75; containment 0.04 < 0.5	-	single enzyme: no cross-enzyme consistency check available
S_8221231	GCF_002237445.1	s__Neisseria_sp002237445	13.18886727	6.354495568	0.06010511228	0.05815923207	2.032363072	1.023158156	NA	1631	0.999904282	0.7185605857	-0.3851947132	2.431511024	1	1	1	BcgI	NA	fixed	406463.3181	glm	23	False	fraction 0.06 < 0.75; dispersion 6.35 > 5.0; containment 0.06 < 0.5	-	single enzyme: no cross-enzyme consistency check available
S_8221231	GCF_002238135.1	s__Rothia_aeria	27.54884679	89.84565006	0.2788809133	0.2724137931	2.469051504	1.303956931	NA	1436	0.9998449754	0.5808762283	0.1654604442	2.442453418	1	1	1	BcgI	NA	fixed	1444377.45	glm	29	False	fraction 0.28 < 0.75; dispersion 89.85 > 5.0; containment 0.27 < 0.5	-	single enzyme: no cross-enzyme consistency check available
S_8221231	GCF_002243385.1	s__Mogibacterium_pumilum	NA	NA	NA	0.001215066829	NA	NA	NA	0	NA	NA	NA	NA	0	1	0	-	NA	fixed	NA	none	0	False	containment 0.00 < 0.5; only 0/1 enzymes produced a fit; no PTR estimate	BcgI:only 1 windows after outlier trimming	no enzyme produced a usable estimate
S_8221231	GCF_002259155.1	s__Rhodococcus_B_sp002259415	NA	NA	NA	0	NA	NA	NA	0	NA	NA	NA	NA	0	1	0	-	NA	fixed	NA	none	0	False	containment 0.00 < 0.5; only 0/1 enzymes produced a fit; no PTR estimate	BcgI:only 0 windows after outlier trimming	no enzyme produced a usable estimate
S_8221231	GCF_002259295.1	s__Rhodococcus_B_fascians	NA	NA	NA	0	NA	NA	NA	0	NA	NA	NA	NA	0	1	0	-	NA	fixed	NA	none	0	False	containment 0.00 < 0.5; only 0/1 enzymes produced a fit; no PTR estimate	BcgI:only 0 windows after outlier trimming	no enzyme produced a usable estimate
S_8221231	GCF_002289925.1	s__Ligilactobacillus_salivarius	NA	NA	NA	0	NA	NA	NA	0	NA	NA	NA	NA	0	1	0	-	NA	fixed	NA	none	0	False	containment 0.00 < 0.5; only 0/1 enzymes produced a fit; no PTR estimate	BcgI:only 0 windows after outlier trimming	no enzyme produced a usable estimate
S_8221231	GCF_002302595.1	s__Capnocytophaga_sputigena	15.75547334	12.2963118	0.1030075188	0.09567198178	6.106223977	2.610280509	NA	808	0.9987931229	0.9077705379	0.8310829482	4.389478069	1	1	1	BcgI	NA	fixed	1812938.453	glm	23	False	fraction 0.10 < 0.75; dispersion 12.30 > 5.0; containment 0.10 < 0.5	-	single enzyme: no cross-enzyme consistency check available
S_8221231	GCF_002355895.1	s__Streptococcus_sp002355895	NA	NA	NA	0.0078125	NA	NA	NA	0	NA	NA	NA	NA	0	1	0	-	NA	fixed	NA	none	0	False	containment 0.01 < 0.5; only 0/1 enzymes produced a fit; no PTR estimate	BcgI:only 1 windows after outlier trimming	no enzyme produced a usable estimate
S_8221231	GCF_002443115.1	s__Dermabacter_hominis	NA	NA	NA	0	NA	NA	NA	0	NA	NA	NA	NA	0	1	0	-	NA	fixed	NA	none	0	False	containment 0.00 < 0.5; only 0/1 enzymes produced a fit; no PTR estimate	BcgI:only 0 windows after outlier trimming	no enzyme produced a usable estimate
S_8221231	GCF_002551535.2	s__Neisseria_brasiliensis	NA	NA	NA	0.0005649717514	NA	NA	NA	0	NA	NA	NA	NA	0	1	0	-	NA	fixed	NA	none	0	False	containment 0.00 < 0.5; only 0/1 enzymes produced a fit; no PTR estimate	BcgI:only 1 windows after outlier trimming	no enzyme produced a usable estimate
S_8221231	GCF_002763535.1	s__Prevotella_intermedia	NA	NA	NA	0.002654280027	NA	NA	NA	0	NA	NA	NA	NA	0	1	0	-	NA	fixed	NA	none	0	False	containment 0.00 < 0.5; only 0/1 enzymes produced a fit; no PTR estimate	BcgI:only 3 windows after outlier trimming	no enzyme produced a usable estimate
S_8221231	GCF_002763595.1	s__Fusobacterium_pseudoperiodonticum	NA	NA	NA	0.1590909091	NA	NA	NA	0	NA	NA	NA	NA	0	1	0	-	NA	fixed	NA	none	0	False	containment 0.16 < 0.5; only 0/1 enzymes produced a fit; no PTR estimate	BcgI:only 2 windows after outlier trimming	no enzyme produced a usable estimate
S_8221231	GCF_002803535.1	s__Ochrobactrum_A_pituitosum	NA	NA	NA	0	NA	NA	NA	0	NA	NA	NA	NA	0	1	0	-	NA	fixed	NA	none	0	False	containment 0.00 < 0.5; only 0/1 enzymes produced a fit; no PTR estimate	BcgI:only 0 windows after outlier trimming	no enzyme produced a usable estimate
S_8221231	GCF_002810365.1	s__Psychrobacter_sp002810365	NA	NA	NA	0	NA	NA	NA	0	NA	NA	NA	NA	0	1	0	-	NA	fixed	NA	none	0	False	containment 0.00 < 0.5; only 0/1 enzymes produced a fit; no PTR estimate	BcgI:only 0 windows after outlier trimming	no enzyme produced a usable estimate
S_8221231	GCF_002860865.1	s__Streptococcus_mitis_AT	NA	NA	NA	0.0824742268	NA	NA	NA	0	NA	NA	NA	NA	0	1	0	-	NA	fixed	NA	none	0	False	containment 0.08 < 0.5; only 0/1 enzymes produced a fit; no PTR estimate	BcgI:only 4 windows after outlier trimming	no enzyme produced a usable estimate
S_8221231	GCF_002860905.1	s__Streptococcus_oralis_BA	NA	NA	NA	0.1060606061	NA	NA	NA	0	NA	NA	NA	NA	0	1	0	-	NA	fixed	NA	none	0	False	containment 0.11 < 0.5; only 0/1 enzymes produced a fit; no PTR estimate	BcgI:only 3 windows after outlier trimming	no enzyme produced a usable estimate
S_8221231	GCF_002863305.1	s__Neisseria_perflava	122.0210673	446.5604584	0.1254350755	0.1067761807	33922.13088	15.04993918	NA	397	1	5.305554058	4.651244307	25.44863405	1	1	1	BcgI	NA	fixed	775892.7822	glm	16	False	fraction 0.13 < 0.75; dispersion 446.56 > 5.0; containment 0.11 < 0.5	-	single enzyme: no cross-enzyme consistency check available
S_8221231	GCF_002869785.1	s__Tsukamurella_tyrosinosolvens	NA	NA	NA	0	NA	NA	NA	0	NA	NA	NA	NA	0	1	0	-	NA	fixed	NA	none	0	False	containment 0.00 < 0.5; only 0/1 enzymes produced a fit; no PTR estimate	BcgI:only 0 windows after outlier trimming	no enzyme produced a usable estimate
S_8221231	GCF_002871975.1	s__Actinomyces_graevenitzii	52.31698531	108.4893408	0.2867402122	0.2914798206	2.484245125	1.312807534	NA	884	0.9996180445	0.6346929045	0.06883230004	2.556782768	1	1	1	BcgI	NA	fixed	1879335.949	glm	27	False	fraction 0.29 < 0.75; dispersion 108.49 > 5.0; containment 0.29 < 0.5	-	single enzyme: no cross-enzyme consistency check available
S_8221231	GCF_002884635.1	s__Prevotella_buccalis	NA	NA	NA	0.0006963788301	NA	NA	NA	0	NA	NA	NA	NA	0	1	0	-	NA	fixed	NA	none	0	False	containment 0.00 < 0.5; only 0/1 enzymes produced a fit; no PTR estimate	BcgI:only 1 windows after outlier trimming	no enzyme produced a usable estimate
S_8221231	GCF_002894165.1	s__Prevotella_timonensis	NA	NA	NA	0.001180637544	NA	NA	NA	0	NA	NA	NA	NA	0	1	0	-	NA	fixed	NA	none	0	False	containment 0.00 < 0.5; only 0/1 enzymes produced a fit; no PTR estimate	BcgI:only 0 windows after outlier trimming	no enzyme produced a usable estimate
S_8221231	GCF_002906715.1	s__Pseudomonas_E_sp002843585	NA	NA	NA	0.000156030582	NA	NA	NA	0	NA	NA	NA	NA	0	1	0	-	NA	fixed	NA	none	0	False	containment 0.00 < 0.5; only 0/1 enzymes produced a fit; no PTR estimate	BcgI:only 1 windows after outlier trimming	no enzyme produced a usable estimate
S_8221231	GCF_002907185.1	s__Fructilactobacillus_sanfranciscensis	NA	NA	NA	0	NA	NA	NA	0	NA	NA	NA	NA	0	1	0	-	NA	fixed	NA	none	0	False	containment 0.00 < 0.5; only 0/1 enzymes produced a fit; no PTR estimate	BcgI:only 0 windows after outlier trimming	no enzyme produced a usable estimate
S_8221231	GCF_002912505.1	s__Campylobacter_A_concisus_T	NA	NA	NA	0.01388888889	NA	NA	NA	0	NA	NA	NA	NA	0	1	0	-	NA	fixed	NA	none	0	False	containment 0.01 < 0.5; only 0/1 enzymes produced a fit; no PTR estimate	BcgI:only 4 windows after outlier trimming	no enzyme produced a usable estimate
S_8221231	GCF_002914085.1	s__Campylobacter_A_concisus_R	NA	NA	NA	0.02554744526	NA	NA	NA	0	NA	NA	NA	NA	0	1	0	-	NA	fixed	NA	none	0	False	containment 0.03 < 0.5; only 0/1 enzymes produced a fit; no PTR estimate	BcgI:only 4 windows after outlier trimming	no enzyme produced a usable estimate
S_8221231	GCF_002934005.1	s__Cuspidothrix_issatschenkoi	NA	NA	NA	0.001449275362	NA	NA	NA	0	NA	NA	NA	NA	0	1	0	-	NA	fixed	NA	none	0	False	containment 0.00 < 0.5; only 0/1 enzymes produced a fit; no PTR estimate	BcgI:only 1 windows after outlier trimming	no enzyme produced a usable estimate
S_8221231	GCF_002948535.1	s__Enterococcus_faecalis	NA	NA	NA	0	NA	NA	NA	0	NA	NA	NA	NA	0	1	0	-	NA	fixed	NA	none	0	False	containment 0.00 < 0.5; only 0/1 enzymes produced a fit; no PTR estimate	BcgI:only 0 windows after outlier trimming	no enzyme produced a usable estimate
S_8221231	GCF_002951835.1	s__Simonsiella_muelleri	NA	NA	NA	0.001001001001	NA	NA	NA	0	NA	NA	NA	NA	0	1	0	-	NA	fixed	NA	none	0	False	containment 0.00 < 0.5; only 0/1 enzymes produced a fit; no PTR estimate	BcgI:only 1 windows after outlier trimming	no enzyme produced a usable estimate
S_8221231	GCF_002959755.1	s__Veillonella_sp002959755	39.68333333	35.65217698	0.1090660687	0.1014492754	2.692197511	1.428784256	NA	131	0.9916011078	0.6475432518	0.159622804	2.697945708	1	1	1	BcgI	NA	fixed	1066250.184	glm	5	False	fraction 0.11 < 0.75; dispersion 35.65 > 5.0; containment 0.10 < 0.5	-	single enzyme: no cross-enzyme consistency check available
S_8221231	GCF_002959835.1	s__Veillonella_rogosae	26.1538602	17.87775446	0.1510671441	0.1127098321	17.20464341	4.104726085	NA	342	0.9994660826	1.323337112	1.511033006	6.698419165	1	1	1	BcgI	NA	fixed	1122015.096	glm	15	False	fraction 0.15 < 0.75; dispersion 17.88 > 5.0; containment 0.11 < 0.5	-	single enzyme: no cross-enzyme consistency check available
S_8221231	GCF_002959855.1	s__Veillonella_denticariosi	NA	NA	NA	0.0016	NA	NA	NA	0	NA	NA	NA	NA	0	1	0	-	NA	fixed	NA	none	0	False	containment 0.00 < 0.5; only 0/1 enzymes produced a fit; no PTR estimate	BcgI:only 1 windows after outlier trimming	no enzyme produced a usable estimate
S_8221231	GCF_002959875.1	s__Veillonella_infantium	34.65571425	51.11047184	0.203300123	0.1916666667	5.699081182	2.510729344	NA	204	0.9980029744	1.810570375	-1.037923382	6.059382069	1	1	1	BcgI	NA	fixed	236499.2875	glm	10	False	fraction 0.20 < 0.75; dispersion 51.11 > 5.0; containment 0.19 < 0.5	-	single enzyme: no cross-enzyme consistency check available
S_8221231	GCF_002984015.1	s__Haemophilus_influenzae_D	NA	NA	NA	0.01158301158	NA	NA	NA	0	NA	NA	NA	NA	0	1	0	-	NA	fixed	NA	none	0	False	containment 0.01 < 0.5; only 0/1 enzymes produced a fit; no PTR estimate	BcgI:only 3 windows after outlier trimming	no enzyme produced a usable estimate
S_8221231	GCF_002984725.1	s__Haemophilus_influenzae_E	NA	NA	NA	0.009345794393	NA	NA	NA	0	NA	NA	NA	NA	0	1	0	-	NA	fixed	NA	none	0	False	containment 0.01 < 0.5; only 0/1 enzymes produced a fit; no PTR estimate	BcgI:only 1 windows after outlier trimming	no enzyme produced a usable estimate
S_8221231	GCF_002989575.1	s__Haemophilus_influenzae_F	NA	NA	NA	0.02564102564	NA	NA	NA	0	NA	NA	NA	NA	0	1	0	-	NA	fixed	NA	none	0	False	containment 0.03 < 0.5; only 0/1 enzymes produced a fit; no PTR estimate	BcgI:only 4 windows after outlier trimming	no enzyme produced a usable estimate
S_8221231	GCF_002999035.1	s__W11650_sp002999035	NA	NA	NA	0	NA	NA	NA	0	NA	NA	NA	NA	0	1	0	-	NA	fixed	NA	none	0	False	containment 0.00 < 0.5; only 0/1 enzymes produced a fit; no PTR estimate	BcgI:only 0 windows after outlier trimming	no enzyme produced a usable estimate
S_8221231	GCF_002999135.1	s__Capnocytophaga_sp002999135	NA	NA	NA	0.00304414003	NA	NA	NA	0	NA	NA	NA	NA	0	1	0	-	NA	fixed	NA	none	0	False	containment 0.00 < 0.5; only 0/1 enzymes produced a fit; no PTR estimate	BcgI:only 2 windows after outlier trimming	no enzyme produced a usable estimate
S_8221231	GCF_002999235.1	s__Actinomyces_sp002999235	NA	NA	NA	0.001301236174	NA	NA	NA	0	NA	NA	NA	NA	0	1	0	-	NA	fixed	NA	none	0	False	containment 0.00 < 0.5; only 0/1 enzymes produced a fit; no PTR estimate	BcgI:only 1 windows after outlier trimming	no enzyme produced a usable estimate
S_8221231	GCF_002999515.1	s__Streptococcus_anginosus_C	NA	NA	NA	0	NA	NA	NA	0	NA	NA	NA	NA	0	1	0	-	NA	fixed	NA	none	0	False	containment 0.00 < 0.5; only 0/1 enzymes produced a fit; no PTR estimate	BcgI:only 0 windows after outlier trimming	no enzyme produced a usable estimate
S_8221231	GCF_003008575.1	s__SC2-9_sp003008575	NA	NA	NA	0	NA	NA	NA	0	NA	NA	NA	NA	0	1	0	-	NA	fixed	NA	none	0	False	containment 0.00 < 0.5; only 0/1 enzymes produced a fit; no PTR estimate	BcgI:only 0 windows after outlier trimming	no enzyme produced a usable estimate
S_8221231	GCF_003013245.1	s__Neisseria_iguanae	NA	NA	NA	0.001166861144	NA	NA	NA	0	NA	NA	NA	NA	0	1	0	-	NA	fixed	NA	none	0	False	containment 0.00 < 0.5; only 0/1 enzymes produced a fit; no PTR estimate	BcgI:only 2 windows after outlier trimming	no enzyme produced a usable estimate
S_8221231	GCF_003043925.1	s__Prevotella_sp003043925	NA	NA	NA	0	NA	NA	NA	0	NA	NA	NA	NA	0	1	0	-	NA	fixed	NA	none	0	False	containment 0.00 < 0.5; only 0/1 enzymes produced a fit; no PTR estimate	BcgI:only 0 windows after outlier trimming	no enzyme produced a usable estimate
S_8221231	GCF_003043935.1	s__Prevotella_jejuni	47.28441692	82.93270852	0.3450454921	0.3406813627	2.101116423	1.071156104	NA	959	0.9994703189	0.4679539268	0.1539832614	1.988328947	1	1	1	BcgI	NA	fixed	2094468.548	glm	25	False	fraction 0.35 < 0.75; dispersion 82.93 > 5.0; containment 0.34 < 0.5	-	single enzyme: no cross-enzyme consistency check available
S_8221231	GCF_003043945.1	s__Prevotella_sp003043945	NA	NA	NA	0	NA	NA	NA	0	NA	NA	NA	NA	0	1	0	-	NA	fixed	NA	none	0	False	containment 0.00 < 0.5; only 0/1 enzymes produced a fit; no PTR estimate	BcgI:only 0 windows after outlier trimming	no enzyme produced a usable estimate
S_8221231	GCF_003043955.1	s__F0428_sp003043955	17.99886212	19.18408	0.2120745342	0.2118902439	1.354449671	0.4377067866	NA	656	0.9417507856	0.5146219023	-0.5709336077	1.446347181	1	1	1	BcgI	NA	fixed	380896.5844	glm	25	False	fraction 0.21 < 0.75; dispersion 19.18 > 5.0; containment 0.21 < 0.5	-	single enzyme: no cross-enzyme consistency check available
S_8221231	GCF_003044425.1	s__Neisseria_sicca_C	34.68719229	41.88974254	0.1110947351	0.09750566893	3.653361846	1.869224652	NA	373	0.9997471142	1.209576243	-0.5015012198	4.239950524	1	1	1	BcgI	NA	fixed	755621.82	glm	17	False	fraction 0.11 < 0.75; dispersion 41.89 > 5.0; containment 0.10 < 0.5	-	single enzyme: no cross-enzyme consistency check available
S_8221231	GCF_003044485.1	s__Neisseria_bergeri	57.89956266	26.81434469	0.1293675214	0.01339285714	45.64851018	5.512495871	NA	86	0.995610514	0.7019791581	4.136642003	6.888349739	1	1	1	BcgI	NA	fixed	1330772.6	glm	5	False	fraction 0.13 < 0.75; dispersion 26.81 > 5.0; containment 0.01 < 0.5	-	single enzyme: no cross-enzyme consistency check available
S_8221231	GCF_003044645.1	s__Neisseria_subflava_B	62.50628923	83.33283415	0.1300931911	0.1047227926	5.800786665	2.536248563	NA	405	0.9997674899	1.528327838	-0.4592189561	5.531716081	1	1	1	BcgI	NA	fixed	215548.95	glm	17	False	fraction 0.13 < 0.75; dispersion 83.33 > 5.0; containment 0.10 < 0.5	-	single enzyme: no cross-enzyme consistency check available
S_8221231	GCF_003044905.1	s__Neisseria_weaveri	NA	NA	NA	0	NA	NA	NA	0	NA	NA	NA	NA	0	1	0	-	NA	fixed	NA	none	0	False	containment 0.00 < 0.5; only 0/1 enzymes produced a fit; no PTR estimate	BcgI:only 0 windows after outlier trimming	no enzyme produced a usable estimate
S_8221231	GCF_003048595.1	s__Campylobacter_A_concisus_L	NA	NA	NA	0.0027100271	NA	NA	NA	0	NA	NA	NA	NA	0	1	0	-	NA	fixed	NA	none	0	False	containment 0.00 < 0.5; only 0/1 enzymes produced a fit; no PTR estimate	BcgI:only 1 windows after outlier trimming	no enzyme produced a usable estimate
S_8221231	GCF_003048835.1	s__Campylobacter_A_concisus_D	10.99869522	5.555555556	0.07433333333	0.02013422819	2.533143372	1.340928734	NA	99	0.8469550451	0.3449768	0.6647866299	2.017070837	1	1	1	BcgI	NA	fixed	779504.7125	glm	5	False	fraction 0.07 < 0.75; dispersion 5.56 > 5.0; containment 0.02 < 0.5	-	single enzyme: no cross-enzyme consistency check available
S_8221231	GCF_003053105.1	s__Limosilactobacillus_fermentum	NA	NA	NA	0	NA	NA	NA	0	NA	NA	NA	NA	0	1	0	-	NA	fixed	NA	none	0	False	containment 0.00 < 0.5; only 0/1 enzymes produced a fit; no PTR estimate	BcgI:only 0 windows after outlier trimming	no enzyme produced a usable estimate
S_8221231	GCF_003056725.1	s__Mangrovicoccus_ximenensis	NA	NA	NA	0.0001291489087	NA	NA	NA	0	NA	NA	NA	NA	0	1	0	-	NA	fixed	NA	none	0	False	containment 0.00 < 0.5; only 0/1 enzymes produced a fit; no PTR estimate	BcgI:only 1 windows after outlier trimming	no enzyme produced a usable estimate
S_8221231	GCF_003096815.1	s__Prevotella_colorans	NA	NA	NA	0.002320185615	NA	NA	NA	0	NA	NA	NA	NA	0	1	0	-	NA	fixed	NA	none	0	False	containment 0.00 < 0.5; only 0/1 enzymes produced a fit; no PTR estimate	BcgI:only 2 windows after outlier trimming	no enzyme produced a usable estimate
S_8221231	GCF_003124035.1	s__Kocuria_rosea	NA	NA	NA	0.0006913238852	NA	NA	NA	0	NA	NA	NA	NA	0	1	0	-	NA	fixed	NA	none	0	False	containment 0.00 < 0.5; only 0/1 enzymes produced a fit; no PTR estimate	BcgI:only 2 windows after outlier trimming	no enzyme produced a usable estimate
S_8221231	GCF_003129965.1	s__Aggregatibacter_kilianii_A	NA	NA	NA	0.0006711409396	NA	NA	NA	0	NA	NA	NA	NA	0	1	0	-	NA	fixed	NA	none	0	False	containment 0.00 < 0.5; only 0/1 enzymes produced a fit; no PTR estimate	BcgI:only 1 windows after outlier trimming	no enzyme produced a usable estimate
S_8221231	GCF_003130075.1	s__Aggregatibacter_segnis_A	10.04730477	5.451612903	0.04462962963	0.01459854015	4.065975515	2.023601527	NA	161	0.9302552357	1.564981588	-1.043706022	5.090909077	1	1	1	BcgI	NA	fixed	116670.4858	glm	6	False	fraction 0.04 < 0.75; dispersion 5.45 > 5.0; containment 0.01 < 0.5	-	single enzyme: no cross-enzyme consistency check available
S_8221231	GCF_003182235.1	s__Phyllobacterium_myrsinacearum	NA	NA	NA	0	NA	NA	NA	0	NA	NA	NA	NA	0	1	0	-	NA	fixed	NA	none	0	False	containment 0.00 < 0.5; only 0/1 enzymes produced a fit; no PTR estimate	BcgI:only 0 windows after outlier trimming	no enzyme produced a usable estimate
S_8221231	GCF_003201255.1	s__Pantoea_ananatis	NA	NA	NA	0	NA	NA	NA	0	NA	NA	NA	NA	0	1	0	-	NA	fixed	NA	none	0	False	containment 0.00 < 0.5; only 0/1 enzymes produced a fit; no PTR estimate	BcgI:only 0 windows after outlier trimming	no enzyme produced a usable estimate
S_8221231	GCF_003252645.1	s__Aggregatibacter_segnis	20.884099	0.5268817204	0.04302077533	0.01065719361	41.99046117	5.391989728	NA	137	0.9951682146	0.4143186322	4.579940131	6.204039325	1	1	1	BcgI	NA	fixed	366724.5544	glm	5	False	fraction 0.04 < 0.75; containment 0.01 < 0.5	-	single enzyme: no cross-enzyme consistency check available
S_8221231	GCF_003252725.1	s__Haemophilus_D_parainfluenzae_L	49.78571353	21.64997876	0.233627727	0.05957446809	2.598645127	1.377759632	NA	115	0.997665038	1.309725076	-1.189254348	3.944773611	1	1	1	BcgI	NA	fixed	1934201.146	glm	7	False	fraction 0.23 < 0.75; dispersion 21.65 > 5.0; containment 0.06 < 0.5	-	single enzyme: no cross-enzyme consistency check available
S_8221231	GCF_003252795.1	s__Haemophilus_D_parainfluenzae_K	41.19952378	80.17213714	0.2711412512	0.1958333333	5.486006931	2.455756445	NA	215	0.9990940246	1.172725554	0.1572565959	4.754256294	1	1	1	BcgI	NA	fixed	1182310.302	glm	10	False	fraction 0.27 < 0.75; dispersion 80.17 > 5.0; containment 0.20 < 0.5	-	single enzyme: no cross-enzyme consistency check available
S_8221231	GCF_003252835.1	s__Aggregatibacter_kilianii	NA	NA	NA	0.00435413643	NA	NA	NA	0	NA	NA	NA	NA	0	1	0	-	NA	fixed	NA	none	0	False	containment 0.00 < 0.5; only 0/1 enzymes produced a fit; no PTR estimate	BcgI:only 2 windows after outlier trimming	no enzyme produced a usable estimate
S_8221231	GCF_003263915.2	s__Dolosigranulum_pigrum	NA	NA	NA	0.001739130435	NA	NA	NA	0	NA	NA	NA	NA	0	1	0	-	NA	fixed	NA	none	0	False	containment 0.00 < 0.5; only 0/1 enzymes produced a fit; no PTR estimate	BcgI:only 1 windows after outlier trimming	no enzyme produced a usable estimate
S_8221231	GCF_003345135.1	s__Acidovorax_defluvii	8.353467434	1.923076923	0.1133683882	0.002968093	1.373802381	0.45817449	NA	588	0.64789456	1.229940551	-1.952464694	2.868813674	1	1	1	BcgI	NA	fixed	3704785.847	glm	11	False	fraction 0.11 < 0.75; containment 0.00 < 0.5	-	single enzyme: no cross-enzyme consistency check available
S_8221231	GCF_003428885.1	s__Streptococcus_sp003428885	NA	NA	NA	0.01282051282	NA	NA	NA	0	NA	NA	NA	NA	0	1	0	-	NA	fixed	NA	none	0	False	containment 0.01 < 0.5; only 0/1 enzymes produced a fit; no PTR estimate	BcgI:only 2 windows after outlier trimming	no enzyme produced a usable estimate
S_8221231	GCF_003433295.1	s__Eubacterium_A_minutum	NA	NA	NA	0	NA	NA	NA	0	NA	NA	NA	NA	0	1	0	-	NA	fixed	NA	none	0	False	containment 0.00 < 0.5; only 0/1 enzymes produced a fit; no PTR estimate	BcgI:only 0 windows after outlier trimming	no enzyme produced a usable estimate
S_8221231	GCF_003463825.1	s__Veillonella_sp003463825	43.94765549	67.13588293	0.4569196429	0.1925925926	3.537348705	1.822668444	NA	63	0.9969526935	1.983696011	-2.065304293	5.710641181	1	1	1	BcgI	NA	fixed	1541789.807	glm	16	False	fraction 0.46 < 0.75; dispersion 67.14 > 5.0; containment 0.19 < 0.5	-	single enzyme: no cross-enzyme consistency check available
S_8221231	GCF_003464005.1	s__Veillonella_parvula_A	19.26082502	31.25429566	0.2234851835	0.07788161994	2.406231286	1.266775321	NA	150	0.9882456684	1.039950333	-0.7714898777	3.305040519	1	1	1	BcgI	NA	fixed	761215.2	glm	19	False	fraction 0.22 < 0.75; dispersion 31.25 > 5.0; containment 0.08 < 0.5	-	single enzyme: no cross-enzyme consistency check available
S_8221231	GCF_003490595.1	s__Haemophilus_haemolyticus_I	NA	NA	NA	0.02429149798	NA	NA	NA	0	NA	NA	NA	NA	0	1	0	-	NA	fixed	NA	none	0	False	containment 0.02 < 0.5; only 0/1 enzymes produced a fit; no PTR estimate	BcgI:only 4 windows after outlier trimming	no enzyme produced a usable estimate
S_8221231	GCF_003492425.1	s__Neisseria_lactamica	33.16304886	NA	0.061875	0.009845288326	17.18538275	4.103110078	NA	153	0.9994238156	3.070537369	-1.915032578	10.12125273	1	1	1	BcgI	NA	fixed	1829037.827	glm	6	False	fraction 0.06 < 0.75; containment 0.01 < 0.5	-	single enzyme: no cross-enzyme consistency check available
S_8221231	GCF_003493605.1	s__Haemophilus_haemolyticus_J	57.27654143	14.31522634	0.172759324	0.05472636816	868.0028753	9.761556011	NA	97	0.9986478876	1.483358007	6.854227742	12.66888428	1	1	1	BcgI	NA	fixed	32127.17	glm	8	False	fraction 0.17 < 0.75; dispersion 14.32 > 5.0; containment 0.05 < 0.5	-	single enzyme: no cross-enzyme consistency check available
S_8221231	GCF_003570845.1	s__Allisonella_pneumosintes	NA	NA	NA	0	NA	NA	NA	0	NA	NA	NA	NA	0	1	0	-	NA	fixed	NA	none	0	False	containment 0.00 < 0.5; only 0/1 enzymes produced a fit; no PTR estimate	BcgI:only 0 windows after outlier trimming	no enzyme produced a usable estimate
S_8221231	GCF_003603405.1	s__Streptococcus_koreensis	15.24968343	12.03523551	0.1149310094	0.06051873199	2.147671903	1.102773612	NA	207	0.9478472982	1.455283029	-1.749528713	3.955075937	1	1	1	BcgI	NA	fixed	615546.1756	glm	9	False	fraction 0.11 < 0.75; dispersion 12.04 > 5.0; containment 0.06 < 0.5	-	single enzyme: no cross-enzyme consistency check available
S_8221231	GCF_003609775.1	s__Prevotella_melaninogenica_A	58.11338458	74.63874851	0.128554144	0.06864064603	1.765246183	0.8198693972	NA	590	0.993971811	1.192669445	-1.517719761	3.157458555	1	1	1	BcgI	NA	fixed	2939425.203	glm	21	False	fraction 0.13 < 0.75; dispersion 74.64 > 5.0; containment 0.07 < 0.5	-	single enzyme: no cross-enzyme consistency check available
S_8221231	GCF_003627155.1	s__Streptococcus_gwangjuense	NA	NA	NA	0.01388888889	NA	NA	NA	0	NA	NA	NA	NA	0	1	0	-	NA	fixed	NA	none	0	False	containment 0.01 < 0.5; only 0/1 enzymes produced a fit; no PTR estimate	BcgI:only 1 windows after outlier trimming	no enzyme produced a usable estimate
S_8221231	GCF_003660455.1	s__Nocardioides_sp003660455	NA	NA	NA	0	NA	NA	NA	0	NA	NA	NA	NA	0	1	0	-	NA	fixed	NA	none	0	False	containment 0.00 < 0.5; only 0/1 enzymes produced a fit; no PTR estimate	BcgI:only 0 windows after outlier trimming	no enzyme produced a usable estimate
S_8221231	GCF_003710825.1	s__Brevibacillus_D_fluminis	NA	NA	NA	0	NA	NA	NA	0	NA	NA	NA	NA	0	1	0	-	NA	fixed	NA	none	0	False	containment 0.00 < 0.5; only 0/1 enzymes produced a fit; no PTR estimate	BcgI:only 0 windows after outlier trimming	no enzyme produced a usable estimate
S_8221231	GCF_003710885.1	s__Brevibacillus_agri	NA	NA	NA	0	NA	NA	NA	0	NA	NA	NA	NA	0	1	0	-	NA	fixed	NA	none	0	False	containment 0.00 < 0.5; only 0/1 enzymes produced a fit; no PTR estimate	BcgI:only 0 windows after outlier trimming	no enzyme produced a usable estimate
S_8221231	GCF_003790445.1	s__Neisseria_chenwenguii	NA	NA	NA	0	NA	NA	NA	0	NA	NA	NA	NA	0	1	0	-	NA	fixed	NA	none	0	False	containment 0.00 < 0.5; only 0/1 enzymes produced a fit; no PTR estimate	BcgI:only 0 windows after outlier trimming	no enzyme produced a usable estimate
S_8221231	GCF_003797385.1	s__Arachnia_propionica	9.93240705	6.161009126	0.07625	0.07294117647	1.41977388	0.5056611772	NA	2350	0.9863525822	0.5126410666	-0.4990968504	1.510419205	1	1	1	BcgI	NA	fixed	1446730.155	glm	24	False	fraction 0.08 < 0.75; dispersion 6.16 > 5.0; containment 0.07 < 0.5	-	single enzyme: no cross-enzyme consistency check available
S_8221231	GCF_003798325.1	s__Propionibacterium_acidifaciens	NA	NA	NA	0.0006013229104	NA	NA	NA	0	NA	NA	NA	NA	0	1	0	-	NA	fixed	NA	none	0	False	containment 0.00 < 0.5; only 0/1 enzymes produced a fit; no PTR estimate	BcgI:only 0 windows after outlier trimming	no enzyme produced a usable estimate
S_8221231	GCF_003813805.1	s__Neisseria_sp002327085	NA	NA	NA	0.001588983051	NA	NA	NA	0	NA	NA	NA	NA	0	1	0	-	NA	fixed	NA	none	0	False	containment 0.00 < 0.5; only 0/1 enzymes produced a fit; no PTR estimate	BcgI:only 2 windows after outlier trimming	no enzyme produced a usable estimate
S_8221231	GCF_003837955.1	s__Campylobacter_D_hepaticus	NA	NA	NA	0	NA	NA	NA	0	NA	NA	NA	NA	0	1	0	-	NA	fixed	NA	none	0	False	containment 0.00 < 0.5; only 0/1 enzymes produced a fit; no PTR estimate	BcgI:only 0 windows after outlier trimming	no enzyme produced a usable estimate
S_8221231	GCF_003851545.1	s__Ralstonia_sp003851545	NA	NA	NA	0	NA	NA	NA	0	NA	NA	NA	NA	0	1	0	-	NA	fixed	NA	none	0	False	containment 0.00 < 0.5; only 0/1 enzymes produced a fit; no PTR estimate	BcgI:only 0 windows after outlier trimming	no enzyme produced a usable estimate
S_8221231	GCF_003853905.1	s__Burkholderia_contaminans	NA	NA	NA	0	NA	NA	NA	0	NA	NA	NA	NA	0	1	0	-	NA	fixed	NA	none	0	False	containment 0.00 < 0.5; only 0/1 enzymes produced a fit; no PTR estimate	BcgI:only 0 windows after outlier trimming	no enzyme produced a usable estimate
S_8221231	GCF_003859795.1	s__F0040_sp003859795	NA	NA	NA	0	NA	NA	NA	0	NA	NA	NA	NA	0	1	0	-	NA	fixed	NA	none	0	False	containment 0.00 < 0.5; only 0/1 enzymes produced a fit; no PTR estimate	BcgI:only 0 windows after outlier trimming	no enzyme produced a usable estimate
S_8221231	GCF_003859805.1	s__Arachnia_propionica_C	NA	NA	NA	0.0002867794666	NA	NA	NA	0	NA	NA	NA	NA	0	1	0	-	NA	fixed	NA	none	0	False	containment 0.00 < 0.5; only 0/1 enzymes produced a fit; no PTR estimate	BcgI:only 1 windows after outlier trimming	no enzyme produced a usable estimate
S_8221231	GCF_003862475.1	s__Lachnoanaerobaculum_gingivalis	11.57800505	2.193152235	0.08070872821	0.05182926829	6.139543818	2.618131464	NA	222	0.9798610968	1.291193849	0.08743802235	5.148824906	1	1	1	BcgI	NA	fixed	1184845.633	glm	8	False	fraction 0.08 < 0.75; containment 0.05 < 0.5	-	single enzyme: no cross-enzyme consistency check available
S_8221231	GCF_003892345.1	s__Lautropia_dentalis	32.1072298	131.0635488	0.3605928797	0.3638090071	1.223975595	0.2915747927	NA	3473	0.9969989333	0.3101965537	-0.3163992806	0.899548866	1	1	1	BcgI	NA	fixed	3156200.107	glm	36	False	fraction 0.36 < 0.75; dispersion 131.06 > 5.0; containment 0.36 < 0.5	-	single enzyme: no cross-enzyme consistency check available
S_8221231	GCF_003932785.1	s__Arachnia_propionica_B	NA	NA	NA	0.0002819283902	NA	NA	NA	0	NA	NA	NA	NA	0	1	0	-	NA	fixed	NA	none	0	False	containment 0.00 < 0.5; only 0/1 enzymes produced a fit; no PTR estimate	BcgI:only 1 windows after outlier trimming	no enzyme produced a usable estimate
S_8221231	GCF_003932855.1	s__Arachnia_sp003932855	NA	NA	NA	0.0006540222368	NA	NA	NA	0	NA	NA	NA	NA	0	1	0	-	NA	fixed	NA	none	0	False	containment 0.00 < 0.5; only 0/1 enzymes produced a fit; no PTR estimate	BcgI:only 2 windows after outlier trimming	no enzyme produced a usable estimate
S_8221231	GCF_003942575.1	s__Streptococcus_mitis_S	NA	NA	NA	0.06493506494	NA	NA	NA	0	NA	NA	NA	NA	0	1	0	-	NA	fixed	NA	none	0	False	containment 0.06 < 0.5; only 0/1 enzymes produced a fit; no PTR estimate	BcgI:only 3 windows after outlier trimming	no enzyme produced a usable estimate
S_8221231	GCF_003942585.1	s__Streptococcus_oralis_BE	NA	NA	NA	0.01960784314	NA	NA	NA	0	NA	NA	NA	NA	0	1	0	-	NA	fixed	NA	none	0	False	containment 0.02 < 0.5; only 0/1 enzymes produced a fit; no PTR estimate	BcgI:only 2 windows after outlier trimming	no enzyme produced a usable estimate
S_8221231	GCF_003942665.1	s__Streptococcus_oralis_BD	NA	NA	NA	0.02752293578	NA	NA	NA	0	NA	NA	NA	NA	0	1	0	-	NA	fixed	NA	none	0	False	containment 0.03 < 0.5; only 0/1 enzymes produced a fit; no PTR estimate	BcgI:only 2 windows after outlier trimming	no enzyme produced a usable estimate
S_8221231	GCF_003942775.1	s__Streptococcus_mitis_AK	NA	NA	NA	0	NA	NA	NA	0	NA	NA	NA	NA	0	1	0	-	NA	fixed	NA	none	0	False	containment 0.00 < 0.5; only 0/1 enzymes produced a fit; no PTR estimate	BcgI:only 0 windows after outlier trimming	no enzyme produced a usable estimate
S_8221231	GCF_003942795.1	s__Streptococcus_mitis_BJ	NA	NA	NA	0.05102040816	NA	NA	NA	0	NA	NA	NA	NA	0	1	0	-	NA	fixed	NA	none	0	False	containment 0.05 < 0.5; only 0/1 enzymes produced a fit; no PTR estimate	BcgI:only 2 windows after outlier trimming	no enzyme produced a usable estimate
S_8221231	GCF_003942865.1	s__Streptococcus_mitis_BI	NA	NA	NA	0.03896103896	NA	NA	NA	0	NA	NA	NA	NA	0	1	0	-	NA	fixed	NA	none	0	False	containment 0.04 < 0.5; only 0/1 enzymes produced a fit; no PTR estimate	BcgI:only 3 windows after outlier trimming	no enzyme produced a usable estimate
S_8221231	GCF_003942915.1	s__Streptococcus_mitis_AX	NA	NA	NA	0.01176470588	NA	NA	NA	0	NA	NA	NA	NA	0	1	0	-	NA	fixed	NA	none	0	False	containment 0.01 < 0.5; only 0/1 enzymes produced a fit; no PTR estimate	BcgI:only 1 windows after outlier trimming	no enzyme produced a usable estimate
S_8221231	GCF_003942945.1	s__Streptococcus_mitis_BD	NA	NA	NA	0.02702702703	NA	NA	NA	0	NA	NA	NA	NA	0	1	0	-	NA	fixed	NA	none	0	False	containment 0.03 < 0.5; only 0/1 enzymes produced a fit; no PTR estimate	BcgI:only 1 windows after outlier trimming	no enzyme produced a usable estimate
S_8221231	GCF_003942965.1	s__Streptococcus_mitis_BH	NA	NA	NA	0.0487804878	NA	NA	NA	0	NA	NA	NA	NA	0	1	0	-	NA	fixed	NA	none	0	False	containment 0.05 < 0.5; only 0/1 enzymes produced a fit; no PTR estimate	BcgI:only 3 windows after outlier trimming	no enzyme produced a usable estimate
S_8221231	GCF_003942985.1	s__Streptococcus_oralis_G	NA	NA	NA	0	NA	NA	NA	0	NA	NA	NA	NA	0	1	0	-	NA	fixed	NA	none	0	False	containment 0.00 < 0.5; only 0/1 enzymes produced a fit; no PTR estimate	BcgI:only 0 windows after outlier trimming	no enzyme produced a usable estimate
S_8221231	GCF_003943395.1	s__Streptococcus_oralis_BF	NA	NA	NA	0.02325581395	NA	NA	NA	0	NA	NA	NA	NA	0	1	0	-	NA	fixed	NA	none	0	False	containment 0.02 < 0.5; only 0/1 enzymes produced a fit; no PTR estimate	BcgI:only 2 windows after outlier trimming	no enzyme produced a usable estimate
S_8221231	GCF_003943415.1	s__Streptococcus_oralis_BJ	NA	NA	NA	0	NA	NA	NA	0	NA	NA	NA	NA	0	1	0	-	NA	fixed	NA	none	0	False	containment 0.00 < 0.5; only 0/1 enzymes produced a fit; no PTR estimate	BcgI:only 0 windows after outlier trimming	no enzyme produced a usable estimate
S_8221231	GCF_003943505.1	s__Streptococcus_cristatus_E	NA	NA	NA	0.0243902439	NA	NA	NA	0	NA	NA	NA	NA	0	1	0	-	NA	fixed	NA	none	0	False	containment 0.02 < 0.5; only 0/1 enzymes produced a fit; no PTR estimate	BcgI:only 3 windows after outlier trimming	no enzyme produced a usable estimate
S_8221231	GCF_003943515.1	s__Streptococcus_cristatus_D	NA	NA	NA	0.02010050251	NA	NA	NA	0	NA	NA	NA	NA	0	1	0	-	NA	fixed	NA	none	0	False	containment 0.02 < 0.5; only 0/1 enzymes produced a fit; no PTR estimate	BcgI:only 3 windows after outlier trimming	no enzyme produced a usable estimate
S_8221231	GCF_003943735.1	s__Streptococcus_sanguinis_E	39.04612251	73.10367978	0.3294695806	0.1757322176	16.6032603	4.053394659	NA	187	0.9996466722	1.234157094	1.634491205	6.472298114	1	1	1	BcgI	NA	fixed	548176.1833	glm	12	False	fraction 0.33 < 0.75; dispersion 73.10 > 5.0; containment 0.18 < 0.5	-	single enzyme: no cross-enzyme consistency check available
S_8221231	GCF_003943815.1	s__Streptococcus_cristatus_F	NA	NA	NA	0.02617801047	NA	NA	NA	0	NA	NA	NA	NA	0	1	0	-	NA	fixed	NA	none	0	False	containment 0.03 < 0.5; only 0/1 enzymes produced a fit; no PTR estimate	BcgI:only 4 windows after outlier trimming	no enzyme produced a usable estimate
S_8221231	GCF_003943935.1	s__Streptococcus_mitis_BK	NA	NA	NA	0.05194805195	NA	NA	NA	0	NA	NA	NA	NA	0	1	0	-	NA	fixed	NA	none	0	False	containment 0.05 < 0.5; only 0/1 enzymes produced a fit; no PTR estimate	BcgI:only 3 windows after outlier trimming	no enzyme produced a usable estimate
S_8221231	GCF_003943955.1	s__Streptococcus_oralis_AC	NA	NA	NA	0.01162790698	NA	NA	NA	0	NA	NA	NA	NA	0	1	0	-	NA	fixed	NA	none	0	False	containment 0.01 < 0.5; only 0/1 enzymes produced a fit; no PTR estimate	BcgI:only 1 windows after outlier trimming	no enzyme produced a usable estimate
S_8221231	GCF_003944205.1	s__Streptococcus_oralis_BH	NA	NA	NA	0.02777777778	NA	NA	NA	0	NA	NA	NA	NA	0	1	0	-	NA	fixed	NA	none	0	False	containment 0.03 < 0.5; only 0/1 enzymes produced a fit; no PTR estimate	BcgI:only 2 windows after outlier trimming	no enzyme produced a usable estimate
S_8221231	GCF_003944215.1	s__Streptococcus_oralis_BI	NA	NA	NA	0.01041666667	NA	NA	NA	0	NA	NA	NA	NA	0	1	0	-	NA	fixed	NA	none	0	False	containment 0.01 < 0.5; only 0/1 enzymes produced a fit; no PTR estimate	BcgI:only 1 windows after outlier trimming	no enzyme produced a usable estimate
S_8221231	GCF_003944225.1	s__Streptococcus_cristatus_C	NA	NA	NA	0.02538071066	NA	NA	NA	0	NA	NA	NA	NA	0	1	0	-	NA	fixed	NA	none	0	False	containment 0.03 < 0.5; only 0/1 enzymes produced a fit; no PTR estimate	BcgI:only 4 windows after outlier trimming	no enzyme produced a usable estimate
S_8221231	GCF_003944325.1	s__Streptococcus_mitis_O	90.77272721	53.63099986	0.4675324675	0.137254902	5.936465205	2.569604152	NA	40	0.9989096988	1.257087062	0.1057587857	5.033449518	1	1	1	BcgI	NA	fixed	1474230.993	glm	11	False	fraction 0.47 < 0.75; dispersion 53.63 > 5.0; containment 0.14 < 0.5	-	single enzyme: no cross-enzyme consistency check available
S_8221231	GCF_003944465.1	s__Streptococcus_sanguinis_F	58.47349011	87.21163843	0.1262777778	0.1012145749	2.801346274	1.486120326	NA	215	0.9976776316	1.199136619	-0.8641442609	3.836384912	1	1	1	BcgI	NA	fixed	824167.7417	glm	10	False	fraction 0.13 < 0.75; dispersion 87.21 > 5.0; containment 0.10 < 0.5	-	single enzyme: no cross-enzyme consistency check available
S_8221231	GCF_003964245.1	s__Enterobacter_hormaechei_A	NA	NA	NA	0	NA	NA	NA	0	NA	NA	NA	NA	0	1	0	-	NA	fixed	NA	none	0	False	containment 0.00 < 0.5; only 0/1 enzymes produced a fit; no PTR estimate	BcgI:only 0 windows after outlier trimming	no enzyme produced a usable estimate
S_8221231	GCF_003977605.1	s__Prevotella_koreensis	NA	NA	NA	0.0006056935191	NA	NA	NA	0	NA	NA	NA	NA	0	1	0	-	NA	fixed	NA	none	0	False	containment 0.00 < 0.5; only 0/1 enzymes produced a fit; no PTR estimate	BcgI:only 0 windows after outlier trimming	no enzyme produced a usable estimate
S_8221231	GCF_003990355.1	s__Eikenella_corrodens_B	10.30686289	1.101398601	0.02840909091	0.01073345259	1.784321262	0.8353753918	NA	352	0.9382558801	0.7185149431	-0.5728880189	2.243638803	1	1	1	BcgI	NA	fixed	41536.5775	glm	8	False	fraction 0.03 < 0.75; containment 0.01 < 0.5	-	single enzyme: no cross-enzyme consistency check available
S_8221231	GCF_003992005.1	s__F0422_sp003992005	NA	NA	NA	0.006550218341	NA	NA	NA	0	NA	NA	NA	NA	0	1	0	-	NA	fixed	NA	none	0	False	containment 0.01 < 0.5; only 0/1 enzymes produced a fit; no PTR estimate	BcgI:only 2 windows after outlier trimming	no enzyme produced a usable estimate
S_8221231	GCF_003992055.1	s__F0422_sp003992055	NA	NA	NA	0.006944444444	NA	NA	NA	0	NA	NA	NA	NA	0	1	0	-	NA	fixed	NA	none	0	False	containment 0.01 < 0.5; only 0/1 enzymes produced a fit; no PTR estimate	BcgI:only 3 windows after outlier trimming	no enzyme produced a usable estimate
S_8221231	GCF_003992085.1	s__F0422_sp003992015	NA	NA	NA	0.007722007722	NA	NA	NA	0	NA	NA	NA	NA	0	1	0	-	NA	fixed	NA	none	0	False	containment 0.01 < 0.5; only 0/1 enzymes produced a fit; no PTR estimate	BcgI:only 2 windows after outlier trimming	no enzyme produced a usable estimate
S_8221231	GCF_003992135.1	s__F0422_sp003992135	NA	NA	NA	0	NA	NA	NA	0	NA	NA	NA	NA	0	1	0	-	NA	fixed	NA	none	0	False	containment 0.00 < 0.5; only 0/1 enzymes produced a fit; no PTR estimate	BcgI:only 0 windows after outlier trimming	no enzyme produced a usable estimate
S_8221231	GCF_003992235.1	s__F0422_sp001553345	NA	NA	NA	0.004237288136	NA	NA	NA	0	NA	NA	NA	NA	0	1	0	-	NA	fixed	NA	none	0	False	containment 0.00 < 0.5; only 0/1 enzymes produced a fit; no PTR estimate	BcgI:only 1 windows after outlier trimming	no enzyme produced a usable estimate
S_8221231	GCF_003992315.1	s__F0422_sp003992315	NA	NA	NA	0.01136363636	NA	NA	NA	0	NA	NA	NA	NA	0	1	0	-	NA	fixed	NA	none	0	False	containment 0.01 < 0.5; only 0/1 enzymes produced a fit; no PTR estimate	BcgI:only 3 windows after outlier trimming	no enzyme produced a usable estimate
S_8221231	GCF_004000985.1	s__Paenibacillus_G_validus	NA	NA	NA	0	NA	NA	NA	0	NA	NA	NA	NA	0	1	0	-	NA	fixed	NA	none	0	False	containment 0.00 < 0.5; only 0/1 enzymes produced a fit; no PTR estimate	BcgI:only 0 windows after outlier trimming	no enzyme produced a usable estimate
S_8221231	GCF_004025845.1	s__Janibacter_hoylei	NA	NA	NA	0.0002399808015	NA	NA	NA	0	NA	NA	NA	NA	0	1	0	-	NA	fixed	NA	none	0	False	containment 0.00 < 0.5; only 0/1 enzymes produced a fit; no PTR estimate	BcgI:only 1 windows after outlier trimming	no enzyme produced a usable estimate
S_8221231	GCF_004114445.1	s__Bradyrhizobium_guangzhouense	NA	NA	NA	0.0002481594838	NA	NA	NA	0	NA	NA	NA	NA	0	1	0	-	NA	fixed	NA	none	0	False	containment 0.00 < 0.5; only 0/1 enzymes produced a fit; no PTR estimate	BcgI:only 3 windows after outlier trimming	no enzyme produced a usable estimate
S_8221231	GCF_004127235.1	s__Streptococcus_sp000831085	NA	NA	NA	0.03539823009	NA	NA	NA	0	NA	NA	NA	NA	0	1	0	-	NA	fixed	NA	none	0	False	containment 0.04 < 0.5; only 0/1 enzymes produced a fit; no PTR estimate	BcgI:only 3 windows after outlier trimming	no enzyme produced a usable estimate
S_8221231	GCF_004134945.1	s__Fusobacterium_C_necrophorum	NA	NA	NA	0	NA	NA	NA	0	NA	NA	NA	NA	0	1	0	-	NA	fixed	NA	none	0	False	containment 0.00 < 0.5; only 0/1 enzymes produced a fit; no PTR estimate	BcgI:only 0 windows after outlier trimming	no enzyme produced a usable estimate
S_8221231	GCF_004136315.1	s__Mesorhizobium_sp004136315	11.14175219	4.692865106	0.0125	0.001488981537	1.124495344	0.1692776871	NA	1200	0.8993004073	0.6752906899	-1.154267744	1.492823118	1	1	1	BcgI	NA	fixed	2715153.92	glm	12	False	fraction 0.01 < 0.75; containment 0.00 < 0.5	-	single enzyme: no cross-enzyme consistency check available
S_8221231	GCF_004136555.1	s__Kocuria_carniphila	NA	NA	NA	0.0004255319149	NA	NA	NA	0	NA	NA	NA	NA	0	1	0	-	NA	fixed	NA	none	0	False	containment 0.00 < 0.5; only 0/1 enzymes produced a fit; no PTR estimate	BcgI:only 1 windows after outlier trimming	no enzyme produced a usable estimate
S_8221231	GCF_004138405.1	s__UBA2866_sp004138405	20.49050606	10.26057541	0.1277146275	0.05371900826	4.369676181	2.127526371	NA	128	0.9885248133	1.120138642	-0.06790502531	4.322957768	1	1	1	BcgI	NA	fixed	142425.0819	glm	10	False	fraction 0.13 < 0.75; dispersion 10.26 > 5.0; containment 0.05 < 0.5	-	single enzyme: no cross-enzyme consistency check available
S_8221231	GCF_004138455.1	s__UBA1103_sp004138455	NA	NA	NA	0	NA	NA	NA	0	NA	NA	NA	NA	0	1	0	-	NA	fixed	NA	none	0	False	containment 0.00 < 0.5; only 0/1 enzymes produced a fit; no PTR estimate	BcgI:only 0 windows after outlier trimming	no enzyme produced a usable estimate
S_8221231	GCF_004151355.1	s__Dermacoccus_abyssi	NA	NA	NA	0	NA	NA	NA	0	NA	NA	NA	NA	0	1	0	-	NA	fixed	NA	none	0	False	containment 0.00 < 0.5; only 0/1 enzymes produced a fit; no PTR estimate	BcgI:only 0 windows after outlier trimming	no enzyme produced a usable estimate
S_8221231	GCF_004151455.1	s__UMGS1907_sp004151455	NA	NA	NA	0	NA	NA	NA	0	NA	NA	NA	NA	0	1	0	-	NA	fixed	NA	none	0	False	containment 0.00 < 0.5; only 0/1 enzymes produced a fit; no PTR estimate	BcgI:only 0 windows after outlier trimming	no enzyme produced a usable estimate
S_8221231	GCF_004209755.1	s__Pseudoduganella_lutea	NA	NA	NA	0.0002716407099	NA	NA	NA	0	NA	NA	NA	NA	0	1	0	-	NA	fixed	NA	none	0	False	containment 0.00 < 0.5; only 0/1 enzymes produced a fit; no PTR estimate	BcgI:only 3 windows after outlier trimming	no enzyme produced a usable estimate
S_8221231	GCF_004340985.1	s__Cricetibacter_osteomyelitidis	NA	NA	NA	0	NA	NA	NA	0	NA	NA	NA	NA	0	1	0	-	NA	fixed	NA	none	0	False	containment 0.00 < 0.5; only 0/1 enzymes produced a fit; no PTR estimate	BcgI:only 0 windows after outlier trimming	no enzyme produced a usable estimate
S_8221231	GCF_004341385.1	s__Neisseria_suis	NA	NA	NA	0.0005045408678	NA	NA	NA	0	NA	NA	NA	NA	0	1	0	-	NA	fixed	NA	none	0	False	containment 0.00 < 0.5; only 0/1 enzymes produced a fit; no PTR estimate	BcgI:only 0 windows after outlier trimming	no enzyme produced a usable estimate
S_8221231	GCF_004349225.1	s__Saccharopolyspora_sp004348435	NA	NA	NA	0	NA	NA	NA	0	NA	NA	NA	NA	0	1	0	-	NA	fixed	NA	none	0	False	containment 0.00 < 0.5; only 0/1 enzymes produced a fit; no PTR estimate	BcgI:only 0 windows after outlier trimming	no enzyme produced a usable estimate
S_8221231	GCF_004353325.1	s__Streptococcus_sp004353325	NA	NA	NA	0.01408450704	NA	NA	NA	0	NA	NA	NA	NA	0	1	0	-	NA	fixed	NA	none	0	False	containment 0.01 < 0.5; only 0/1 enzymes produced a fit; no PTR estimate	BcgI:only 1 windows after outlier trimming	no enzyme produced a usable estimate
S_8221231	GCF_004363295.1	s__Mesocricetibacter_intestinalis	NA	NA	NA	0	NA	NA	NA	0	NA	NA	NA	NA	0	1	0	-	NA	fixed	NA	none	0	False	containment 0.00 < 0.5; only 0/1 enzymes produced a fit; no PTR estimate	BcgI:only 0 windows after outlier trimming	no enzyme produced a usable estimate
S_8221231	GCF_004365115.1	s__Stenotrophomonas_maltophilia_AJ	NA	NA	NA	0	NA	NA	NA	0	NA	NA	NA	NA	0	1	0	-	NA	fixed	NA	none	0	False	containment 0.00 < 0.5; only 0/1 enzymes produced a fit; no PTR estimate	BcgI:only 0 windows after outlier trimming	no enzyme produced a usable estimate
S_8221231	GCF_004525795.1	s__Actinomyces_viscosus	11.78359706	5.6875	0.03889248919	0.003777148253	10.88396386	3.444132166	NA	238	0.9815583446	0.4460789967	2.569833399	4.318430934	1	1	1	BcgI	NA	fixed	1005600.969	glm	5	False	fraction 0.04 < 0.75; dispersion 5.69 > 5.0; containment 0.00 < 0.5	-	single enzyme: no cross-enzyme consistency check available
S_8221231	GCF_004569405.1	s__Neisseria_musculi	NA	NA	NA	0.0004955401388	NA	NA	NA	0	NA	NA	NA	NA	0	1	0	-	NA	fixed	NA	none	0	False	containment 0.00 < 0.5; only 0/1 enzymes produced a fit; no PTR estimate	BcgI:only 1 windows after outlier trimming	no enzyme produced a usable estimate
S_8221231	GCF_004803795.1	s__Campylobacter_A_rectus	NA	NA	NA	0.00176366843	NA	NA	NA	0	NA	NA	NA	NA	0	1	0	-	NA	fixed	NA	none	0	False	containment 0.00 < 0.5; only 0/1 enzymes produced a fit; no PTR estimate	BcgI:only 2 windows after outlier trimming	no enzyme produced a usable estimate
S_8221231	GCF_004803815.1	s__Campylobacter_A_showae	NA	NA	NA	0.004213483146	NA	NA	NA	0	NA	NA	NA	NA	0	1	0	-	NA	fixed	NA	none	0	False	containment 0.00 < 0.5; only 0/1 enzymes produced a fit; no PTR estimate	BcgI:only 3 windows after outlier trimming	no enzyme produced a usable estimate
S_8221231	GCF_005217565.1	s__Puteibacter_caeruleilacunae	NA	NA	NA	0	NA	NA	NA	0	NA	NA	NA	NA	0	1	0	-	NA	fixed	NA	none	0	False	containment 0.00 < 0.5; only 0/1 enzymes produced a fit; no PTR estimate	BcgI:only 0 windows after outlier trimming	no enzyme produced a usable estimate
S_8221231	GCF_005405725.1	s__Bifidobacterium_moukalabense	NA	NA	NA	0	NA	NA	NA	0	NA	NA	NA	NA	0	1	0	-	NA	fixed	NA	none	0	False	containment 0.00 < 0.5; only 0/1 enzymes produced a fit; no PTR estimate	BcgI:only 0 windows after outlier trimming	no enzyme produced a usable estimate
S_8221231	GCF_005696695.1	s__Pauljensenia_odontolytica_C	38.92654934	50.92269061	0.07521978022	0.07515337423	7.482694265	2.903557829	NA	1304	0.9997309659	1.146404091	0.656647099	5.15046856	1	1	1	BcgI	NA	fixed	760884.8925	glm	25	False	fraction 0.08 < 0.75; dispersion 50.92 > 5.0; containment 0.08 < 0.5	-	single enzyme: no cross-enzyme consistency check available
S_8221231	GCF_005697565.1	s__TM7x_sp005697565	NA	NA	NA	0.002915451895	NA	NA	NA	0	NA	NA	NA	NA	0	1	0	-	NA	fixed	NA	none	0	False	containment 0.00 < 0.5; only 0/1 enzymes produced a fit; no PTR estimate	BcgI:only 0 windows after outlier trimming	no enzyme produced a usable estimate
S_8221231	GCF_005844455.1	s__Streptococcus_mitis_BF	NA	NA	NA	0.007246376812	NA	NA	NA	0	NA	NA	NA	NA	0	1	0	-	NA	fixed	NA	none	0	False	containment 0.01 < 0.5; only 0/1 enzymes produced a fit; no PTR estimate	BcgI:only 0 windows after outlier trimming	no enzyme produced a usable estimate
S_8221231	GCF_005864335.1	s__Lactococcus_A_raffinolactis	NA	NA	NA	0	NA	NA	NA	0	NA	NA	NA	NA	0	1	0	-	NA	fixed	NA	none	0	False	containment 0.00 < 0.5; only 0/1 enzymes produced a fit; no PTR estimate	BcgI:only 0 windows after outlier trimming	no enzyme produced a usable estimate
S_8221231	GCF_005937465.1	s__Cutibacterium_acnes	8.233308349	0.1538461538	0.01203252033	0.003048780488	19.32097625	4.272096088	NA	582	0.9809261271	1.402586203	1.523077645	7.02111453	1	1	1	BcgI	NA	fixed	796295.6244	glm	6	False	fraction 0.01 < 0.75; containment 0.00 < 0.5	-	single enzyme: no cross-enzyme consistency check available
S_8221231	GCF_006175905.1	s__Streptococcus_oralis_BG	NA	NA	NA	0.01550387597	NA	NA	NA	0	NA	NA	NA	NA	0	1	0	-	NA	fixed	NA	none	0	False	containment 0.02 < 0.5; only 0/1 enzymes produced a fit; no PTR estimate	BcgI:only 2 windows after outlier trimming	no enzyme produced a usable estimate
S_8221231	GCF_006384255.1	s__Haemophilus_sp002998595	29.21687664	43.99602131	0.2150157277	0.1850649351	4.774012254	2.25520227	NA	271	0.9996027978	1.08035962	0.1377363236	4.372668216	1	1	1	BcgI	NA	fixed	662347.62	glm	11	False	fraction 0.22 < 0.75; dispersion 44.00 > 5.0; containment 0.19 < 0.5	-	single enzyme: no cross-enzyme consistency check available
S_8221231	GCF_006385365.1	s__Tannerella_forsythia	NA	NA	NA	0.001566784175	NA	NA	NA	0	NA	NA	NA	NA	0	1	0	-	NA	fixed	NA	none	0	False	containment 0.00 < 0.5; only 0/1 enzymes produced a fit; no PTR estimate	BcgI:only 2 windows after outlier trimming	no enzyme produced a usable estimate
S_8221231	GCF_006385785.1	s__Streptococcus_pneumoniae_D	NA	NA	NA	0.1538461538	NA	NA	NA	0	NA	NA	NA	NA	0	1	0	-	NA	fixed	NA	none	0	False	containment 0.15 < 0.5; only 0/1 enzymes produced a fit; no PTR estimate	BcgI:only 22 anchors (< 30)	no enzyme produced a usable estimate
S_8221231	GCF_006385805.1	s__Streptococcus_sp001587175	16.1754217	20.64465348	0.1046703297	0.1009174312	3.670106118	1.875821778	NA	212	0.9964407591	1.576906923	-1.214858999	4.966502555	1	1	1	BcgI	NA	fixed	862408.6575	glm	9	False	fraction 0.10 < 0.75; dispersion 20.64 > 5.0; containment 0.10 < 0.5	-	single enzyme: no cross-enzyme consistency check available
S_8221231	GCF_006546835.1	s__Actinomyces_johnsonii	12.34829391	5.911147099	0.02042178079	0.009042334566	3.438586944	1.781815824	NA	1327	0.9757409936	0.9285997078	-0.03820615892	3.601837808	1	1	1	BcgI	NA	fixed	292527.8222	glm	15	False	fraction 0.02 < 0.75; dispersion 5.91 > 5.0; containment 0.01 < 0.5	-	single enzyme: no cross-enzyme consistency check available
S_8221231	GCF_006716265.1	s__Rarobacter_faecitabidus	NA	NA	NA	0	NA	NA	NA	0	NA	NA	NA	NA	0	1	0	-	NA	fixed	NA	none	0	False	containment 0.00 < 0.5; only 0/1 enzymes produced a fit; no PTR estimate	BcgI:only 0 windows after outlier trimming	no enzyme produced a usable estimate
S_8221231	GCF_007113795.1	s__Acinetobacter_baumannii	NA	NA	NA	0.001581027668	NA	NA	NA	0	NA	NA	NA	NA	0	1	0	-	NA	fixed	NA	none	0	False	containment 0.00 < 0.5; only 0/1 enzymes produced a fit; no PTR estimate	BcgI:only 2 windows after outlier trimming	no enzyme produced a usable estimate
S_8221231	GCF_007672025.1	s__Corynebacterium_propinquum	NA	NA	NA	0.0007736943907	NA	NA	NA	0	NA	NA	NA	NA	0	1	0	-	NA	fixed	NA	none	0	False	containment 0.00 < 0.5; only 0/1 enzymes produced a fit; no PTR estimate	BcgI:only 2 windows after outlier trimming	no enzyme produced a usable estimate
S_8221231	GCF_007673265.1	s__Bacillus_A_bombysepticus	NA	NA	NA	0	NA	NA	NA	0	NA	NA	NA	NA	0	1	0	-	NA	fixed	NA	none	0	False	containment 0.00 < 0.5; only 0/1 enzymes produced a fit; no PTR estimate	BcgI:only 0 windows after outlier trimming	no enzyme produced a usable estimate
S_8221231	GCF_007681555.1	s__Kocuria_salsicia	NA	NA	NA	0	NA	NA	NA	0	NA	NA	NA	NA	0	1	0	-	NA	fixed	NA	none	0	False	containment 0.00 < 0.5; only 0/1 enzymes produced a fit; no PTR estimate	BcgI:only 0 windows after outlier trimming	no enzyme produced a usable estimate
S_8221231	GCF_007785845.1	s__Lactobacillus_paragasseri	NA	NA	NA	0	NA	NA	NA	0	NA	NA	NA	NA	0	1	0	-	NA	fixed	NA	none	0	False	containment 0.00 < 0.5; only 0/1 enzymes produced a fit; no PTR estimate	BcgI:only 0 windows after outlier trimming	no enzyme produced a usable estimate
S_8221231	GCF_007829675.1	s__Micrococcus_luteus	NA	NA	NA	0.0004967709886	NA	NA	NA	0	NA	NA	NA	NA	0	1	0	-	NA	fixed	NA	none	0	False	containment 0.00 < 0.5; only 0/1 enzymes produced a fit; no PTR estimate	BcgI:only 0 windows after outlier trimming	no enzyme produced a usable estimate
S_8221231	GCF_007845165.1	s__UBA2866_sp007845165	NA	NA	NA	0.004830917874	NA	NA	NA	0	NA	NA	NA	NA	0	1	0	-	NA	fixed	NA	none	0	False	containment 0.00 < 0.5; only 0/1 enzymes produced a fit; no PTR estimate	BcgI:only 1 windows after outlier trimming	no enzyme produced a usable estimate
S_8221231	GCF_007845205.1	s__SDRK01_sp007845205	NA	NA	NA	0	NA	NA	NA	0	NA	NA	NA	NA	0	1	0	-	NA	fixed	NA	none	0	False	containment 0.00 < 0.5; only 0/1 enzymes produced a fit; no PTR estimate	BcgI:only 0 windows after outlier trimming	no enzyme produced a usable estimate
S_8221231	GCF_007845265.1	s__TM7x_sp007845355	8.548319548	4.84	0.0953042328	0.07843137255	3.191772402	1.67435778	NA	89	0.9346970124	0.8830890091	-0.05646487312	3.405180433	1	1	1	BcgI	NA	fixed	345583.475	glm	6	False	fraction 0.10 < 0.75; containment 0.08 < 0.5	-	single enzyme: no cross-enzyme consistency check available
S_8221231	GCF_007855915.1	s__Geobacillus_thermoleovorans	NA	NA	NA	0	NA	NA	NA	0	NA	NA	NA	NA	0	1	0	-	NA	fixed	NA	none	0	False	containment 0.00 < 0.5; only 0/1 enzymes produced a fit; no PTR estimate	BcgI:only 0 windows after outlier trimming	no enzyme produced a usable estimate
S_8221231	GCF_007990245.1	s__Cellulomonas_composti	NA	NA	NA	0.0001820830299	NA	NA	NA	0	NA	NA	NA	NA	0	1	0	-	NA	fixed	NA	none	0	False	containment 0.00 < 0.5; only 0/1 enzymes produced a fit; no PTR estimate	BcgI:only 1 windows after outlier trimming	no enzyme produced a usable estimate
S_8221231	GCF_007990445.1	s__Leptotrichia_wadei_A	27.00634902	28.37815302	0.1785185185	0.1767955801	4.415440882	2.142557498	NA	152	0.9964777086	1.22229813	-0.2531028158	4.538217812	1	1	1	BcgI	NA	fixed	674048.6725	glm	6	False	fraction 0.18 < 0.75; dispersion 28.38 > 5.0; containment 0.18 < 0.5	-	single enzyme: no cross-enzyme consistency check available
S_8221231	GCF_007990505.1	s__Pseudoleptotrichia_goodfellowii	11.39806863	1.157190635	0.048	0.02947845805	0.5131233355	-0.962622458	NA	250	0.9728752662	0.4949325851	-1.9326725	0.007427583658	1	1	1	BcgI	NA	fixed	443810.11	glm	10	False	fraction 0.05 < 0.75; containment 0.03 < 0.5	-	single enzyme: no cross-enzyme consistency check available
S_8221231	GCF_007990635.1	s__Leptotrichia_hongkongensis	11.48582273	4.582787907	0.07705263158	0.06040268456	12.45552167	3.638713542	NA	119	0.9892442494	1.869535609	-0.02550892039	7.302936004	1	1	1	BcgI	NA	fixed	1816431.433	glm	5	False	fraction 0.08 < 0.75; containment 0.06 < 0.5	-	single enzyme: no cross-enzyme consistency check available
S_8221231	GCF_007991595.1	s__Streptococcus_cristatus_B	NA	NA	NA	0.0184501845	NA	NA	NA	0	NA	NA	NA	NA	0	1	0	-	NA	fixed	NA	none	0	False	containment 0.02 < 0.5; only 0/1 enzymes produced a fit; no PTR estimate	BcgI:only 4 windows after outlier trimming	no enzyme produced a usable estimate
S_8221231	GCF_007991615.1	s__Novosphingobium_sediminis	NA	NA	NA	0	NA	NA	NA	0	NA	NA	NA	NA	0	1	0	-	NA	fixed	NA	none	0	False	containment 0.00 < 0.5; only 0/1 enzymes produced a fit; no PTR estimate	BcgI:only 0 windows after outlier trimming	no enzyme produced a usable estimate
S_8221231	GCF_007997035.1	s__Ralstonia_sp007997035	NA	NA	NA	0	NA	NA	NA	0	NA	NA	NA	NA	0	1	0	-	NA	fixed	NA	none	0	False	containment 0.00 < 0.5; only 0/1 enzymes produced a fit; no PTR estimate	BcgI:only 0 windows after outlier trimming	no enzyme produced a usable estimate
S_8221231	GCF_008016795.1	s__Prevotella_brunnea	NA	NA	NA	0.0008517887564	NA	NA	NA	0	NA	NA	NA	NA	0	1	0	-	NA	fixed	NA	none	0	False	containment 0.00 < 0.5; only 0/1 enzymes produced a fit; no PTR estimate	BcgI:only 1 windows after outlier trimming	no enzyme produced a usable estimate
S_8221231	GCF_008033175.1	s__Leuconostoc_pseudomesenteroides	NA	NA	NA	0	NA	NA	NA	0	NA	NA	NA	NA	0	1	0	-	NA	fixed	NA	none	0	False	containment 0.00 < 0.5; only 0/1 enzymes produced a fit; no PTR estimate	BcgI:only 0 windows after outlier trimming	no enzyme produced a usable estimate
S_8221231	GCF_008085035.1	s__Aggregatibacter_actinomycetemcomitans	NA	NA	NA	0	NA	NA	NA	0	NA	NA	NA	NA	0	1	0	-	NA	fixed	NA	none	0	False	containment 0.00 < 0.5; only 0/1 enzymes produced a fit; no PTR estimate	BcgI:only 0 windows after outlier trimming	no enzyme produced a usable estimate
S_8221231	GCF_008274805.1	s__Oryzomicrobium_terrae	NA	NA	NA	0.0006441223833	NA	NA	NA	0	NA	NA	NA	NA	0	1	0	-	NA	fixed	NA	none	0	False	containment 0.00 < 0.5; only 0/1 enzymes produced a fit; no PTR estimate	BcgI:only 2 windows after outlier trimming	no enzyme produced a usable estimate
S_8221231	GCF_008326505.1	s__Leuconostoc_citreum	NA	NA	NA	0	NA	NA	NA	0	NA	NA	NA	NA	0	1	0	-	NA	fixed	NA	none	0	False	containment 0.00 < 0.5; only 0/1 enzymes produced a fit; no PTR estimate	BcgI:only 0 windows after outlier trimming	no enzyme produced a usable estimate
S_8221231	GCF_008369405.1	s__Streptococcus_cristatus_G	NA	NA	NA	0.004504504505	NA	NA	NA	0	NA	NA	NA	NA	0	1	0	-	NA	fixed	NA	none	0	False	containment 0.00 < 0.5; only 0/1 enzymes produced a fit; no PTR estimate	BcgI:only 1 windows after outlier trimming	no enzyme produced a usable estimate
S_8221231	GCF_008633215.1	s__Fusobacterium_nucleatum_J	NA	NA	NA	0	NA	NA	NA	0	NA	NA	NA	NA	0	1	0	-	NA	fixed	NA	none	0	False	containment 0.00 < 0.5; only 0/1 enzymes produced a fit; no PTR estimate	BcgI:only 0 windows after outlier trimming	no enzyme produced a usable estimate
S_8221231	GCF_008806995.1	s__Neisseria_animalis	NA	NA	NA	0.001133144476	NA	NA	NA	0	NA	NA	NA	NA	0	1	0	-	NA	fixed	NA	none	0	False	containment 0.00 < 0.5; only 0/1 enzymes produced a fit; no PTR estimate	BcgI:only 2 windows after outlier trimming	no enzyme produced a usable estimate
S_8221231	GCF_009006965.1	s__Acinetobacter_oleivorans	NA	NA	NA	0.0007704160247	NA	NA	NA	0	NA	NA	NA	NA	0	1	0	-	NA	fixed	NA	none	0	False	containment 0.00 < 0.5; only 0/1 enzymes produced a fit; no PTR estimate	BcgI:only 1 windows after outlier trimming	no enzyme produced a usable estimate
S_8221231	GCF_009378265.1	s__Moraxella_catarrhalis	7.391982016	0.7272727273	0.08536053232	0.0125	3.200187077	1.678156245	NA	150	0.9184168863	0.9642562295	-0.2117512367	3.568063727	1	1	1	BcgI	NA	fixed	1006251.249	glm	7	False	fraction 0.09 < 0.75; containment 0.01 < 0.5	-	single enzyme: no cross-enzyme consistency check available
S_8221231	GCF_009496035.1	s__Streptococcus_mitis_BM	NA	NA	NA	0.03225806452	NA	NA	NA	0	NA	NA	NA	NA	0	1	0	-	NA	fixed	NA	none	0	False	containment 0.03 < 0.5; only 0/1 enzymes produced a fit; no PTR estimate	BcgI:only 2 windows after outlier trimming	no enzyme produced a usable estimate
S_8221231	GCF_009496155.1	s__Streptococcus_mitis_BQ	NA	NA	NA	0.05882352941	NA	NA	NA	0	NA	NA	NA	NA	0	1	0	-	NA	fixed	NA	none	0	False	containment 0.06 < 0.5; only 0/1 enzymes produced a fit; no PTR estimate	BcgI:only 4 windows after outlier trimming	no enzyme produced a usable estimate
S_8221231	GCF_009496185.1	s__Streptococcus_mitis_BN	NA	NA	NA	0.06944444444	NA	NA	NA	0	NA	NA	NA	NA	0	1	0	-	NA	fixed	NA	none	0	False	containment 0.07 < 0.5; only 0/1 enzymes produced a fit; no PTR estimate	BcgI:only 4 windows after outlier trimming	no enzyme produced a usable estimate
S_8221231	GCF_009496285.1	s__Streptococcus_mitis_BP	22.62271435	1.8	0.2995535714	0.07692307692	1.695144025	0.761407855	NA	46	0.7833192476	1.590280954	-2.355485539	3.878301249	1	1	1	BcgI	NA	fixed	638190.8167	glm	8	False	fraction 0.30 < 0.75; containment 0.08 < 0.5	-	single enzyme: no cross-enzyme consistency check available
S_8221231	GCF_009496375.1	s__Streptococcus_mitis_AC	NA	NA	NA	0.04651162791	NA	NA	NA	0	NA	NA	NA	NA	0	1	0	-	NA	fixed	NA	none	0	False	containment 0.05 < 0.5; only 0/1 enzymes produced a fit; no PTR estimate	BcgI:only 2 windows after outlier trimming	no enzyme produced a usable estimate
S_8221231	GCF_009626715.1	s__Bordetella_pertussis	NA	NA	NA	0	NA	NA	NA	0	NA	NA	NA	NA	0	1	0	-	NA	fixed	NA	none	0	False	containment 0.00 < 0.5; only 0/1 enzymes produced a fit; no PTR estimate	BcgI:only 0 windows after outlier trimming	no enzyme produced a usable estimate
S_8221231	GCF_009650815.1	s__Eikenella_corrodens	NA	NA	NA	0.004694835681	NA	NA	NA	0	NA	NA	NA	NA	0	1	0	-	NA	fixed	NA	none	0	False	containment 0.00 < 0.5; only 0/1 enzymes produced a fit; no PTR estimate	BcgI:only 3 windows after outlier trimming	no enzyme produced a usable estimate
S_8221231	GCF_009695705.1	s__Pauljensenia_hyovaginalis	NA	NA	NA	0	NA	NA	NA	0	NA	NA	NA	NA	0	1	0	-	NA	fixed	NA	none	0	False	containment 0.00 < 0.5; only 0/1 enzymes produced a fit; no PTR estimate	BcgI:only 0 windows after outlier trimming	no enzyme produced a usable estimate
S_8221231	GCF_009716875.1	s__Streptococcus_salivarius	58.86821962	116.1846717	0.5314157526	0.4195804196	3.686766586	1.882356081	NA	251	0.9996494992	1.451195602	-0.9619350338	4.726647195	1	1	1	BcgI	NA	fixed	1617736.095	glm	31	False	fraction 0.53 < 0.75; dispersion 116.18 > 5.0; containment 0.42 < 0.5	-	single enzyme: no cross-enzyme consistency check available
S_8221231	GCF_009728485.1	s__Prevotella_sp000257925	38.69080493	54.43050176	0.2859811559	0.2467902996	2.086665857	1.061199597	NA	644	0.9993718844	0.7064821418	-0.3234799569	2.44587915	1	1	1	BcgI	NA	fixed	2090288.458	glm	27	False	fraction 0.29 < 0.75; dispersion 54.43 > 5.0; containment 0.25 < 0.5	-	single enzyme: no cross-enzyme consistency check available
S_8221231	GCF_009730375.1	s__Capnocytophaga_leadbetteri	10.91903563	4.407241837	0.04929971989	0.03389830508	1.614346431	0.6909502074	NA	605	0.9939739949	0.9213346623	-1.114832548	2.496732963	1	1	1	BcgI	NA	fixed	1659796.485	glm	17	False	fraction 0.05 < 0.75; containment 0.03 < 0.5	-	single enzyme: no cross-enzyme consistency check available
S_8221231	GCF_009731465.1	s__Streptococcus_pseudopneumoniae_E	NA	NA	NA	0.01351351351	NA	NA	NA	0	NA	NA	NA	NA	0	1	0	-	NA	fixed	NA	none	0	False	containment 0.01 < 0.5; only 0/1 enzymes produced a fit; no PTR estimate	BcgI:only 2 windows after outlier trimming	no enzyme produced a usable estimate
S_8221231	GCF_009734725.1	s__Enterococcus_D_casseliflavus	NA	NA	NA	0.000521648409	NA	NA	NA	0	NA	NA	NA	NA	0	1	0	-	NA	fixed	NA	none	0	False	containment 0.00 < 0.5; only 0/1 enzymes produced a fit; no PTR estimate	BcgI:only 1 windows after outlier trimming	no enzyme produced a usable estimate
S_8221231	GCF_009740185.1	s__Pseudomonas_A_sp000765155	NA	NA	NA	0	NA	NA	NA	0	NA	NA	NA	NA	0	1	0	-	NA	fixed	NA	none	0	False	containment 0.00 < 0.5; only 0/1 enzymes produced a fit; no PTR estimate	BcgI:only 0 windows after outlier trimming	no enzyme produced a usable estimate
S_8221231	GCF_009856825.1	s__Novosphingobium_sp009856825	NA	NA	NA	0.0001726817475	NA	NA	NA	0	NA	NA	NA	NA	0	1	0	-	NA	fixed	NA	none	0	False	containment 0.00 < 0.5; only 0/1 enzymes produced a fit; no PTR estimate	BcgI:only 0 windows after outlier trimming	no enzyme produced a usable estimate
S_8221231	GCF_009914665.1	s__Bergeyella_A_cardium	NA	NA	NA	0	NA	NA	NA	0	NA	NA	NA	NA	0	1	0	-	NA	fixed	NA	none	0	False	containment 0.00 < 0.5; only 0/1 enzymes produced a fit; no PTR estimate	BcgI:only 0 windows after outlier trimming	no enzyme produced a usable estimate
S_8221231	GCF_009935825.1	s__Actinomyces_howellii	NA	NA	NA	0.0003126954346	NA	NA	NA	0	NA	NA	NA	NA	0	1	0	-	NA	fixed	NA	none	0	False	containment 0.00 < 0.5; only 0/1 enzymes produced a fit; no PTR estimate	BcgI:only 1 windows after outlier trimming	no enzyme produced a usable estimate
S_8221231	GCF_010202115.1	s__TM7x_sp010202115	NA	NA	NA	0.004329004329	NA	NA	NA	0	NA	NA	NA	NA	0	1	0	-	NA	fixed	NA	none	0	False	containment 0.00 < 0.5; only 0/1 enzymes produced a fit; no PTR estimate	BcgI:only 1 windows after outlier trimming	no enzyme produced a usable estimate
S_8221231	GCF_010202465.1	s__TM7x_sp010202465	NA	NA	NA	0.005464480874	NA	NA	NA	0	NA	NA	NA	NA	0	1	0	-	NA	fixed	NA	none	0	False	containment 0.01 < 0.5; only 0/1 enzymes produced a fit; no PTR estimate	BcgI:only 1 windows after outlier trimming	no enzyme produced a usable estimate
S_8221231	GCF_010202645.1	s__TM7x_sp010202645	NA	NA	NA	0	NA	NA	NA	0	NA	NA	NA	NA	0	1	0	-	NA	fixed	NA	none	0	False	containment 0.00 < 0.5; only 0/1 enzymes produced a fit; no PTR estimate	BcgI:only 0 windows after outlier trimming	no enzyme produced a usable estimate
S_8221231	GCF_010202845.1	s__TM7x_sp010202845	NA	NA	NA	0	NA	NA	NA	0	NA	NA	NA	NA	0	1	0	-	NA	fixed	NA	none	0	False	containment 0.00 < 0.5; only 0/1 enzymes produced a fit; no PTR estimate	BcgI:only 0 windows after outlier trimming	no enzyme produced a usable estimate
S_8221231	GCF_010365865.1	s__Treponema_sp010365865	NA	NA	NA	0.001883239171	NA	NA	NA	0	NA	NA	NA	NA	0	1	0	-	NA	fixed	NA	none	0	False	containment 0.00 < 0.5; only 0/1 enzymes produced a fit; no PTR estimate	BcgI:only 2 windows after outlier trimming	no enzyme produced a usable estimate
S_8221231	GCF_010667605.1	s__Bifidobacterium_dentium	NA	NA	NA	0	NA	NA	NA	0	NA	NA	NA	NA	0	1	0	-	NA	fixed	NA	none	0	False	containment 0.00 < 0.5; only 0/1 enzymes produced a fit; no PTR estimate	BcgI:only 0 windows after outlier trimming	no enzyme produced a usable estimate
S_8221231	GCF_011029265.1	s__Lactobacillus_crispatus	NA	NA	NA	0	NA	NA	NA	0	NA	NA	NA	NA	0	1	0	-	NA	fixed	NA	none	0	False	containment 0.00 < 0.5; only 0/1 enzymes produced a fit; no PTR estimate	BcgI:only 0 windows after outlier trimming	no enzyme produced a usable estimate
S_8221231	GCF_011038775.1	s__Neisseria_sp011038745	NA	NA	NA	0	NA	NA	NA	0	NA	NA	NA	NA	0	1	0	-	NA	fixed	NA	none	0	False	containment 0.00 < 0.5; only 0/1 enzymes produced a fit; no PTR estimate	BcgI:only 0 windows after outlier trimming	no enzyme produced a usable estimate
S_8221231	GCF_011038885.1	s__Pauljensenia_sp011038875	NA	NA	NA	0	NA	NA	NA	0	NA	NA	NA	NA	0	1	0	-	NA	fixed	NA	none	0	False	containment 0.00 < 0.5; only 0/1 enzymes produced a fit; no PTR estimate	BcgI:only 0 windows after outlier trimming	no enzyme produced a usable estimate
S_8221231	GCF_011751965.1	s__Actinomyces_sp011751985	NA	NA	NA	0	NA	NA	NA	0	NA	NA	NA	NA	0	1	0	-	NA	fixed	NA	none	0	False	containment 0.00 < 0.5; only 0/1 enzymes produced a fit; no PTR estimate	BcgI:only 0 windows after outlier trimming	no enzyme produced a usable estimate
S_8221231	GCF_011752065.1	s__Actinomyces_sp011752065	21.99697792	NA	0.02355010529	0.003067484663	1.632598374	0.7071699256	NA	259	0.714691042	1.279924364	-1.801435731	3.215775583	1	1	1	BcgI	NA	fixed	1708621.847	glm	5	False	fraction 0.02 < 0.75; containment 0.00 < 0.5	-	single enzyme: no cross-enzyme consistency check available
S_8221231	GCF_011759595.1	s__Acinetobacter_guillouiae	NA	NA	NA	0.001320132013	NA	NA	NA	0	NA	NA	NA	NA	0	1	0	-	NA	fixed	NA	none	0	False	containment 0.00 < 0.5; only 0/1 enzymes produced a fit; no PTR estimate	BcgI:only 1 windows after outlier trimming	no enzyme produced a usable estimate
S_8221231	GCF_012184455.1	s__Caulobacter_vibrioides_E	NA	NA	NA	0	NA	NA	NA	0	NA	NA	NA	NA	0	1	0	-	NA	fixed	NA	none	0	False	containment 0.00 < 0.5; only 0/1 enzymes produced a fit; no PTR estimate	BcgI:only 0 windows after outlier trimming	no enzyme produced a usable estimate
S_8221231	GCF_012273215.1	s__Gemella_haemolysans_A	22.63606513	12.10002591	0.1178571429	0.1176470588	13.35365516	3.739162785	NA	153	0.9981046601	1.546070809	0.7089196818	6.769405888	1	1	1	BcgI	NA	fixed	1085308.875	glm	6	False	fraction 0.12 < 0.75; dispersion 12.10 > 5.0; containment 0.12 < 0.5	-	single enzyme: no cross-enzyme consistency check available
S_8221231	GCF_012396635.1	s__Gemella_sanguinis	64.404634	42.8372007	0.3911468434	0.2255639098	8.517179395	3.090375737	NA	114	0.9999913769	1.312843129	0.5172504865	5.663500988	1	1	1	BcgI	NA	fixed	817268.14	glm	13	False	fraction 0.39 < 0.75; dispersion 42.84 > 5.0; containment 0.23 < 0.5	-	single enzyme: no cross-enzyme consistency check available
S_8221231	GCF_012490605.1	s__Shewanella_xiamenensis	9.085329287	0.8181818182	0.04745124892	0.004179728318	2.626017356	1.392876451	NA	458	0.8091809173	1.24934	-1.055784954	3.841537856	1	1	1	BcgI	NA	fixed	3249806.482	glm	10	False	fraction 0.05 < 0.75; containment 0.00 < 0.5	-	single enzyme: no cross-enzyme consistency check available
S_8221231	GCF_012843315.1	s__Streptococcus_sp012843315	NA	NA	NA	0.009615384615	NA	NA	NA	0	NA	NA	NA	NA	0	1	0	-	NA	fixed	NA	none	0	False	containment 0.01 < 0.5; only 0/1 enzymes produced a fit; no PTR estimate	BcgI:only 1 windows after outlier trimming	no enzyme produced a usable estimate
S_8221231	GCF_012978895.1	s__Campylobacter_A_curvus	NA	NA	NA	0	NA	NA	NA	0	NA	NA	NA	NA	0	1	0	-	NA	fixed	NA	none	0	False	containment 0.00 < 0.5; only 0/1 enzymes produced a fit; no PTR estimate	BcgI:only 0 windows after outlier trimming	no enzyme produced a usable estimate
S_8221231	GCF_013016685.1	s__Neisseria_gonorrhoeae	91.8	NA	0.1610153257	0.009210526316	56.98771709	5.832579095	NA	77	0.9989217827	2.587550128	0.7610740352	10.90408415	1	1	1	BcgI	NA	fixed	1725707.126	glm	5	False	fraction 0.16 < 0.75; containment 0.01 < 0.5	-	single enzyme: no cross-enzyme consistency check available
S_8221231	GCF_013099015.1	s__TM7x_sp013099015	NA	NA	NA	0.007843137255	NA	NA	NA	0	NA	NA	NA	NA	0	1	0	-	NA	fixed	NA	none	0	False	containment 0.01 < 0.5; only 0/1 enzymes produced a fit; no PTR estimate	BcgI:only 1 windows after outlier trimming	no enzyme produced a usable estimate
S_8221231	GCF_013099195.1	s__TM7x_sp013099195	NA	NA	NA	0	NA	NA	NA	0	NA	NA	NA	NA	0	1	0	-	NA	fixed	NA	none	0	False	containment 0.00 < 0.5; only 0/1 enzymes produced a fit; no PTR estimate	BcgI:only 0 windows after outlier trimming	no enzyme produced a usable estimate
S_8221231	GCF_013100805.1	s__TM7x_sp013100805	NA	NA	NA	0	NA	NA	NA	0	NA	NA	NA	NA	0	1	0	-	NA	fixed	NA	none	0	False	containment 0.00 < 0.5; only 0/1 enzymes produced a fit; no PTR estimate	BcgI:only 0 windows after outlier trimming	no enzyme produced a usable estimate
S_8221231	GCF_013100825.1	s__TM7x_sp013100825	NA	NA	NA	0	NA	NA	NA	0	NA	NA	NA	NA	0	1	0	-	NA	fixed	NA	none	0	False	containment 0.00 < 0.5; only 0/1 enzymes produced a fit; no PTR estimate	BcgI:only 0 windows after outlier trimming	no enzyme produced a usable estimate
S_8221231	GCF_013267415.1	s__Abiotrophia_defectiva	37.46973574	47.21402967	0.1707894737	0.1708860759	3.942276393	1.979028927	NA	474	0.9991383371	1.169592436	-0.313330124	4.271387979	1	1	1	BcgI	NA	fixed	1720400.359	glm	19	False	fraction 0.17 < 0.75; dispersion 47.21 > 5.0; containment 0.17 < 0.5	-	single enzyme: no cross-enzyme consistency check available
S_8221231	GCF_013276505.1	s__Streptococcus_sp013276505	NA	NA	NA	0.01162790698	NA	NA	NA	0	NA	NA	NA	NA	0	1	0	-	NA	fixed	NA	none	0	False	containment 0.01 < 0.5; only 0/1 enzymes produced a fit; no PTR estimate	BcgI:only 1 windows after outlier trimming	no enzyme produced a usable estimate
S_8221231	GCF_013276755.1	s__Streptococcus_sp013276795	NA	NA	NA	0.01666666667	NA	NA	NA	0	NA	NA	NA	NA	0	1	0	-	NA	fixed	NA	none	0	False	containment 0.02 < 0.5; only 0/1 enzymes produced a fit; no PTR estimate	BcgI:only 1 windows after outlier trimming	no enzyme produced a usable estimate
S_8221231	GCF_013276955.1	s__Streptococcus_sp903645285	NA	NA	NA	0.009803921569	NA	NA	NA	0	NA	NA	NA	NA	0	1	0	-	NA	fixed	NA	none	0	False	containment 0.01 < 0.5; only 0/1 enzymes produced a fit; no PTR estimate	BcgI:only 0 windows after outlier trimming	no enzyme produced a usable estimate
S_8221231	GCF_013277075.1	s__Streptococcus_pseudopneumoniae_C	NA	NA	NA	0.04545454545	NA	NA	NA	0	NA	NA	NA	NA	0	1	0	-	NA	fixed	NA	none	0	False	containment 0.05 < 0.5; only 0/1 enzymes produced a fit; no PTR estimate	BcgI:only 3 windows after outlier trimming	no enzyme produced a usable estimate
S_8221231	GCF_013277115.1	s__Streptococcus_mitis_AW	24.16504099	0.2	0.2566666667	0.09302325581	18.98195869	4.246556963	NA	31	0.9975602456	2.067097674	0.1951199699	8.297993955	1	1	1	BcgI	NA	fixed	1297124.529	glm	5	False	fraction 0.26 < 0.75; containment 0.09 < 0.5	-	single enzyme: no cross-enzyme consistency check available
S_8221231	GCF_013277125.1	s__Streptococcus_sp013277415	NA	NA	NA	0.03614457831	NA	NA	NA	0	NA	NA	NA	NA	0	1	0	-	NA	fixed	NA	none	0	False	containment 0.04 < 0.5; only 0/1 enzymes produced a fit; no PTR estimate	BcgI:only 3 windows after outlier trimming	no enzyme produced a usable estimate
S_8221231	GCF_013277195.1	s__Streptococcus_mitis_BA	NA	NA	NA	0.01369863014	NA	NA	NA	0	NA	NA	NA	NA	0	1	0	-	NA	fixed	NA	none	0	False	containment 0.01 < 0.5; only 0/1 enzymes produced a fit; no PTR estimate	BcgI:only 1 windows after outlier trimming	no enzyme produced a usable estimate
S_8221231	GCF_013277495.1	s__Streptococcus_sp013277515	NA	NA	NA	0	NA	NA	NA	0	NA	NA	NA	NA	0	1	0	-	NA	fixed	NA	none	0	False	containment 0.00 < 0.5; only 0/1 enzymes produced a fit; no PTR estimate	BcgI:only 0 windows after outlier trimming	no enzyme produced a usable estimate
S_8221231	GCF_013284375.1	s__Brevibacillus_parabrevis	NA	NA	NA	0	NA	NA	NA	0	NA	NA	NA	NA	0	1	0	-	NA	fixed	NA	none	0	False	containment 0.00 < 0.5; only 0/1 enzymes produced a fit; no PTR estimate	BcgI:only 0 windows after outlier trimming	no enzyme produced a usable estimate
S_8221231	GCF_013305725.1	s__Streptococcus_mitis_BO	NA	NA	NA	0.06060606061	NA	NA	NA	0	NA	NA	NA	NA	0	1	0	-	NA	fixed	NA	none	0	False	containment 0.06 < 0.5; only 0/1 enzymes produced a fit; no PTR estimate	BcgI:only 3 windows after outlier trimming	no enzyme produced a usable estimate
S_8221231	GCF_013307375.1	s__Moraxella_bovoculi	NA	NA	NA	0	NA	NA	NA	0	NA	NA	NA	NA	0	1	0	-	NA	fixed	NA	none	0	False	containment 0.00 < 0.5; only 0/1 enzymes produced a fit; no PTR estimate	BcgI:only 0 windows after outlier trimming	no enzyme produced a usable estimate
S_8221231	GCF_013377255.1	s__Mannheimia_granulomatis	NA	NA	NA	0	NA	NA	NA	0	NA	NA	NA	NA	0	1	0	-	NA	fixed	NA	none	0	False	containment 0.00 < 0.5; only 0/1 enzymes produced a fit; no PTR estimate	BcgI:only 0 windows after outlier trimming	no enzyme produced a usable estimate
S_8221231	GCF_013378355.1	s__Streptococcus_sanguinis_I	18.16098328	26.73340797	0.08376068376	0.05029585799	3.841343084	1.941610822	NA	213	0.9980923878	2.326827713	-2.618887694	6.502109338	1	1	1	BcgI	NA	fixed	157282.1189	glm	9	False	fraction 0.08 < 0.75; dispersion 26.73 > 5.0; containment 0.05 < 0.5	-	single enzyme: no cross-enzyme consistency check available
S_8221231	GCF_013386405.1	s__Pseudomonas_E_putida_E	NA	NA	NA	0	NA	NA	NA	0	NA	NA	NA	NA	0	1	0	-	NA	fixed	NA	none	0	False	containment 0.00 < 0.5; only 0/1 enzymes produced a fit; no PTR estimate	BcgI:only 0 windows after outlier trimming	no enzyme produced a usable estimate
S_8221231	GCF_013390465.1	s__Xanthomonas_campestris	NA	NA	NA	0.0001514692517	NA	NA	NA	0	NA	NA	NA	NA	0	1	0	-	NA	fixed	NA	none	0	False	containment 0.00 < 0.5; only 0/1 enzymes produced a fit; no PTR estimate	BcgI:only 0 windows after outlier trimming	no enzyme produced a usable estimate
S_8221231	GCF_013393195.1	s__Flavobacterium_collinsii_A	NA	NA	NA	0.0006891798759	NA	NA	NA	0	NA	NA	NA	NA	0	1	0	-	NA	fixed	NA	none	0	False	containment 0.00 < 0.5; only 0/1 enzymes produced a fit; no PTR estimate	BcgI:only 1 windows after outlier trimming	no enzyme produced a usable estimate
S_8221231	GCF_013394695.1	s__Streptococcus_sp013394695	15.76664161	8.128302872	0.1233333333	0.124137931	3.150409111	1.655539188	NA	145	0.9864850227	1.023607547	-0.3506947374	3.661773114	1	1	1	BcgI	NA	fixed	657961.805	glm	6	False	fraction 0.12 < 0.75; dispersion 8.13 > 5.0; containment 0.12 < 0.5	-	single enzyme: no cross-enzyme consistency check available
S_8221231	GCF_013394755.1	s__TM7x_sp005697215	NA	NA	NA	0.004115226337	NA	NA	NA	0	NA	NA	NA	NA	0	1	0	-	NA	fixed	NA	none	0	False	containment 0.00 < 0.5; only 0/1 enzymes produced a fit; no PTR estimate	BcgI:only 0 windows after outlier trimming	no enzyme produced a usable estimate
S_8221231	GCF_013394795.1	s__Leptotrichia_sp013394795	NA	NA	NA	0.004237288136	NA	NA	NA	0	NA	NA	NA	NA	0	1	0	-	NA	fixed	NA	none	0	False	containment 0.00 < 0.5; only 0/1 enzymes produced a fit; no PTR estimate	BcgI:only 1 windows after outlier trimming	no enzyme produced a usable estimate
S_8221231	GCF_013410305.1	s__Corynebacterium_durum	13.78036549	11.45754169	0.1319887192	0.1319111885	1.37924131	0.4638748905	NA	2297	0.9874625159	0.3570774152	-0.235983983	1.163733764	1	1	1	BcgI	NA	fixed	2054331.867	glm	25	False	fraction 0.13 < 0.75; dispersion 11.46 > 5.0; containment 0.13 < 0.5	-	single enzyme: no cross-enzyme consistency check available
S_8221231	GCF_013415415.1	s__Actinomyces_bowdenii_B	NA	NA	NA	0.0009082652134	NA	NA	NA	0	NA	NA	NA	NA	0	1	0	-	NA	fixed	NA	none	0	False	containment 0.00 < 0.5; only 0/1 enzymes produced a fit; no PTR estimate	BcgI:only 1 windows after outlier trimming	no enzyme produced a usable estimate
S_8221231	GCF_013522775.1	s__Pseudomonas_B_oryzihabitans	NA	NA	NA	0.0004094165814	NA	NA	NA	0	NA	NA	NA	NA	0	1	0	-	NA	fixed	NA	none	0	False	containment 0.00 < 0.5; only 0/1 enzymes produced a fit; no PTR estimate	BcgI:only 2 windows after outlier trimming	no enzyme produced a usable estimate
S_8221231	GCF_014054965.1	s__Eikenella_shayeganii	NA	NA	NA	0.001649257834	NA	NA	NA	0	NA	NA	NA	NA	0	1	0	-	NA	fixed	NA	none	0	False	containment 0.00 < 0.5; only 0/1 enzymes produced a fit; no PTR estimate	BcgI:only 3 windows after outlier trimming	no enzyme produced a usable estimate
S_8221231	GCF_014141695.1	s__Ralstonia_pickettii	NA	NA	NA	0.001858736059	NA	NA	NA	0	NA	NA	NA	NA	0	1	0	-	NA	fixed	NA	none	0	False	containment 0.00 < 0.5; only 0/1 enzymes produced a fit; no PTR estimate	BcgI:only 4 windows after outlier trimming	no enzyme produced a usable estimate
S_8221231	GCF_014142545.1	s__Ralstonia_pickettii_B	5.120017573	0.05263157895	0.01055397163	0.002808988764	4.571538581	2.192679795	NA	946	0.8571157557	2.000682006	-1.728584881	6.113944471	1	1	1	BcgI	NA	fixed	4090895.078	glm	9	False	fraction 0.01 < 0.75; containment 0.00 < 0.5	-	single enzyme: no cross-enzyme consistency check available
S_8221231	GCF_014145815.1	s__Stenotrophomonas_koreensis	NA	NA	NA	0	NA	NA	NA	0	NA	NA	NA	NA	0	1	0	-	NA	fixed	NA	none	0	False	containment 0.00 < 0.5; only 0/1 enzymes produced a fit; no PTR estimate	BcgI:only 0 windows after outlier trimming	no enzyme produced a usable estimate
S_8221231	GCF_014194675.1	s__Comamonas_aquatica	NA	NA	NA	0	NA	NA	NA	0	NA	NA	NA	NA	0	1	0	-	NA	fixed	NA	none	0	False	containment 0.00 < 0.5; only 0/1 enzymes produced a fit; no PTR estimate	BcgI:only 0 windows after outlier trimming	no enzyme produced a usable estimate
S_8221231	GCF_014195585.1	s__Alloprevotella_rava	12.91633063	6.69081408	0.05478095909	0.04029008864	5.015306616	2.326337904	NA	866	0.9997351452	0.9661344521	0.4327491737	4.219926635	1	1	1	BcgI	NA	fixed	1523410.233	glm	18	False	fraction 0.05 < 0.75; dispersion 6.69 > 5.0; containment 0.04 < 0.5	-	single enzyme: no cross-enzyme consistency check available
S_8221231	GCF_014199985.1	s__Methylobacterium_rhodesianum	NA	NA	NA	0	NA	NA	NA	0	NA	NA	NA	NA	0	1	0	-	NA	fixed	NA	none	0	False	containment 0.00 < 0.5; only 0/1 enzymes produced a fit; no PTR estimate	BcgI:only 0 windows after outlier trimming	no enzyme produced a usable estimate
S_8221231	GCF_014217915.1	s__Janibacter_indicus	NA	NA	NA	0	NA	NA	NA	0	NA	NA	NA	NA	0	1	0	-	NA	fixed	NA	none	0	False	containment 0.00 < 0.5; only 0/1 enzymes produced a fit; no PTR estimate	BcgI:only 0 windows after outlier trimming	no enzyme produced a usable estimate
S_8221231	GCF_014253065.1	s__Campylobacter_A_sp014253065	NA	NA	NA	0.00135501355	NA	NA	NA	0	NA	NA	NA	NA	0	1	0	-	NA	fixed	NA	none	0	False	containment 0.00 < 0.5; only 0/1 enzymes produced a fit; no PTR estimate	BcgI:only 0 windows after outlier trimming	no enzyme produced a usable estimate
S_8221231	GCF_014334325.1	s__Treponema_D_sp014334325	NA	NA	NA	0.0007202016565	NA	NA	NA	0	NA	NA	NA	NA	0	1	0	-	NA	fixed	NA	none	0	False	containment 0.00 < 0.5; only 0/1 enzymes produced a fit; no PTR estimate	BcgI:only 1 windows after outlier trimming	no enzyme produced a usable estimate
S_8221231	GCF_014334335.1	s__Treponema_D_sp014334335	NA	NA	NA	0	NA	NA	NA	0	NA	NA	NA	NA	0	1	0	-	NA	fixed	NA	none	0	False	containment 0.00 < 0.5; only 0/1 enzymes produced a fit; no PTR estimate	BcgI:only 0 windows after outlier trimming	no enzyme produced a usable estimate
S_8221231	GCF_014385435.1	s__F0040_sp003639005	NA	NA	NA	0.002175805048	NA	NA	NA	0	NA	NA	NA	NA	0	1	0	-	NA	fixed	NA	none	0	False	containment 0.00 < 0.5; only 0/1 enzymes produced a fit; no PTR estimate	BcgI:only 2 windows after outlier trimming	no enzyme produced a usable estimate
S_8221231	GCF_014489875.1	s__Stenotrophomonas_pavanii	NA	NA	NA	0	NA	NA	NA	0	NA	NA	NA	NA	0	1	0	-	NA	fixed	NA	none	0	False	containment 0.00 < 0.5; only 0/1 enzymes produced a fit; no PTR estimate	BcgI:only 0 windows after outlier trimming	no enzyme produced a usable estimate
S_8221231	GCF_014596365.1	s__Neisseria_flavescens_B	47.10798388	73.00151648	0.1769142065	0.1305785124	2.218593386	1.149645281	NA	557	0.9853765896	1.556216478	-1.900482968	4.199773529	1	1	1	BcgI	NA	fixed	1366556.142	glm	24	False	fraction 0.18 < 0.75; dispersion 73.00 > 5.0; containment 0.13 < 0.5	-	single enzyme: no cross-enzyme consistency check available
S_8221231	GCF_900014995.1	s__Pseudoclavibacter_helvolus	NA	NA	NA	0.0001573564123	NA	NA	NA	0	NA	NA	NA	NA	0	1	0	-	NA	fixed	NA	none	0	False	containment 0.00 < 0.5; only 0/1 enzymes produced a fit; no PTR estimate	BcgI:only 1 windows after outlier trimming	no enzyme produced a usable estimate
S_8221231	GCF_900052935.1	s__Legionella_pneumophila	NA	NA	NA	0	NA	NA	NA	0	NA	NA	NA	NA	0	1	0	-	NA	fixed	NA	none	0	False	containment 0.00 < 0.5; only 0/1 enzymes produced a fit; no PTR estimate	BcgI:only 0 windows after outlier trimming	no enzyme produced a usable estimate
S_8221231	GCF_900061175.1	s__Streptococcus_pneumoniae	NA	NA	NA	0.02255639098	NA	NA	NA	0	NA	NA	NA	NA	0	1	0	-	NA	fixed	NA	none	0	False	containment 0.02 < 0.5; only 0/1 enzymes produced a fit; no PTR estimate	BcgI:only 2 windows after outlier trimming	no enzyme produced a usable estimate
S_8221231	GCF_900095705.1	s__Fusobacterium_massiliense	NA	NA	NA	0	NA	NA	NA	0	NA	NA	NA	NA	0	1	0	-	NA	fixed	NA	none	0	False	containment 0.00 < 0.5; only 0/1 enzymes produced a fit; no PTR estimate	BcgI:only 0 windows after outlier trimming	no enzyme produced a usable estimate
S_8221231	GCF_900101615.1	s__Belnapia_rosea	NA	NA	NA	0	NA	NA	NA	0	NA	NA	NA	NA	0	1	0	-	NA	fixed	NA	none	0	False	containment 0.00 < 0.5; only 0/1 enzymes produced a fit; no PTR estimate	BcgI:only 0 windows after outlier trimming	no enzyme produced a usable estimate
S_8221231	GCF_900104285.1	s__Streptococcus_sp900104285	NA	NA	NA	0	NA	NA	NA	0	NA	NA	NA	NA	0	1	0	-	NA	fixed	NA	none	0	False	containment 0.00 < 0.5; only 0/1 enzymes produced a fit; no PTR estimate	BcgI:only 0 windows after outlier trimming	no enzyme produced a usable estimate
S_8221231	GCF_900107735.1	s__Bowdeniella_nasicola_A	NA	NA	NA	0.0005711022273	NA	NA	NA	0	NA	NA	NA	NA	0	1	0	-	NA	fixed	NA	none	0	False	containment 0.00 < 0.5; only 0/1 enzymes produced a fit; no PTR estimate	BcgI:only 2 windows after outlier trimming	no enzyme produced a usable estimate
S_8221231	GCF_900111135.1	s__Granulicatella_balaenopterae	NA	NA	NA	0.00272479564	NA	NA	NA	0	NA	NA	NA	NA	0	1	0	-	NA	fixed	NA	none	0	False	containment 0.00 < 0.5; only 0/1 enzymes produced a fit; no PTR estimate	BcgI:only 1 windows after outlier trimming	no enzyme produced a usable estimate
S_8221231	GCF_900112185.1	s__Bosea_sp900112185	NA	NA	NA	0	NA	NA	NA	0	NA	NA	NA	NA	0	1	0	-	NA	fixed	NA	none	0	False	containment 0.00 < 0.5; only 0/1 enzymes produced a fit; no PTR estimate	BcgI:only 0 windows after outlier trimming	no enzyme produced a usable estimate
S_8221231	GCF_900113305.1	s__Prevotella_sp900113305	NA	NA	NA	0.0004492362983	NA	NA	NA	0	NA	NA	NA	NA	0	1	0	-	NA	fixed	NA	none	0	False	containment 0.00 < 0.5; only 0/1 enzymes produced a fit; no PTR estimate	BcgI:only 1 windows after outlier trimming	no enzyme produced a usable estimate
S_8221231	GCF_900115315.1	s__Capnocytophaga_haemolytica	NA	NA	NA	0.0007423904974	NA	NA	NA	0	NA	NA	NA	NA	0	1	0	-	NA	fixed	NA	none	0	False	containment 0.00 < 0.5; only 0/1 enzymes produced a fit; no PTR estimate	BcgI:only 1 windows after outlier trimming	no enzyme produced a usable estimate
S_8221231	GCF_900115545.1	s__Ralstonia_sp900115545	NA	NA	NA	0	NA	NA	NA	0	NA	NA	NA	NA	0	1	0	-	NA	fixed	NA	none	0	False	containment 0.00 < 0.5; only 0/1 enzymes produced a fit; no PTR estimate	BcgI:only 0 windows after outlier trimming	no enzyme produced a usable estimate
S_8221231	GCF_900115665.1	s__Pseudarcicella_hirudinis	NA	NA	NA	0	NA	NA	NA	0	NA	NA	NA	NA	0	1	0	-	NA	fixed	NA	none	0	False	containment 0.00 < 0.5; only 0/1 enzymes produced a fit; no PTR estimate	BcgI:only 0 windows after outlier trimming	no enzyme produced a usable estimate
S_8221231	GCF_900118505.1	s__Chlamydophila_abortus	NA	NA	NA	0	NA	NA	NA	0	NA	NA	NA	NA	0	1	0	-	NA	fixed	NA	none	0	False	containment 0.00 < 0.5; only 0/1 enzymes produced a fit; no PTR estimate	BcgI:only 0 windows after outlier trimming	no enzyme produced a usable estimate
S_8221231	GCF_900120245.1	s__Pauljensenia_marseillensis	13.3116337	10.81310373	0.06136575298	0.04734299517	2.536548161	1.342866553	NA	789	0.9961871088	0.7857162889	-0.1971090753	2.882842182	1	1	1	BcgI	NA	fixed	1322736.637	glm	19	False	fraction 0.06 < 0.75; dispersion 10.81 > 5.0; containment 0.05 < 0.5	-	single enzyme: no cross-enzyme consistency check available
S_8221231	GCF_900128465.1	s__Pauljensenia_bouchesdurhonensis	NA	NA	NA	0.003080082136	NA	NA	NA	0	NA	NA	NA	NA	0	1	0	-	NA	fixed	NA	none	0	False	containment 0.00 < 0.5; only 0/1 enzymes produced a fit; no PTR estimate	BcgI:only 4 windows after outlier trimming	no enzyme produced a usable estimate
S_8221231	GCF_900155595.1	s__Pauljensenia_mediterranea	NA	NA	NA	0.0008728542333	NA	NA	NA	0	NA	NA	NA	NA	0	1	0	-	NA	fixed	NA	none	0	False	containment 0.00 < 0.5; only 0/1 enzymes produced a fit; no PTR estimate	BcgI:only 1 windows after outlier trimming	no enzyme produced a usable estimate
S_8221231	GCF_900156035.1	s__Corynebacterium_afermentans	NA	NA	NA	0.0003946329913	NA	NA	NA	0	NA	NA	NA	NA	0	1	0	-	NA	fixed	NA	none	0	False	containment 0.00 < 0.5; only 0/1 enzymes produced a fit; no PTR estimate	BcgI:only 1 windows after outlier trimming	no enzyme produced a usable estimate
S_8221231	GCF_900156605.1	s__Insolitispirillum_peregrinum	NA	NA	NA	0	NA	NA	NA	0	NA	NA	NA	NA	0	1	0	-	NA	fixed	NA	none	0	False	containment 0.00 < 0.5; only 0/1 enzymes produced a fit; no PTR estimate	BcgI:only 0 windows after outlier trimming	no enzyme produced a usable estimate
S_8221231	GCF_900186465.1	s__Centipeda_felix	12.42035976	5.179993089	0.02688762787	0.0243804956	1.553898983	0.6358927188	NA	2254	0.9459411336	0.5120748589	-0.367755562	1.639541	1	1	1	BcgI	NA	fixed	761565.8986	glm	23	False	fraction 0.03 < 0.75; dispersion 5.18 > 5.0; containment 0.02 < 0.5	-	single enzyme: no cross-enzyme consistency check available
S_8221231	GCF_900186885.1	s__Veillonella_parvula	19.39795457	16	0.048	0.02479338843	11.26463363	3.493728488	NA	125	0.9992297874	2.36321503	-1.138087859	8.125544834	1	1	1	BcgI	NA	fixed	1557280.13	glm	5	False	fraction 0.05 < 0.75; dispersion 16.00 > 5.0; containment 0.02 < 0.5	-	single enzyme: no cross-enzyme consistency check available
S_8221231	GCF_900187285.1	s__Veillonella_rodentium	NA	NA	NA	0.001567398119	NA	NA	NA	0	NA	NA	NA	NA	0	1	0	-	NA	fixed	NA	none	0	False	containment 0.00 < 0.5; only 0/1 enzymes produced a fit; no PTR estimate	BcgI:only 1 windows after outlier trimming	no enzyme produced a usable estimate
S_8221231	GCF_900199505.1	s__KH17_sp900199505	NA	NA	NA	0.0006004202942	NA	NA	NA	0	NA	NA	NA	NA	0	1	0	-	NA	fixed	NA	none	0	False	containment 0.00 < 0.5; only 0/1 enzymes produced a fit; no PTR estimate	BcgI:only 2 windows after outlier trimming	no enzyme produced a usable estimate
S_8221231	GCF_900289195.1	s__Propionibacterium_sp900289195	NA	NA	NA	0	NA	NA	NA	0	NA	NA	NA	NA	0	1	0	-	NA	fixed	NA	none	0	False	containment 0.00 < 0.5; only 0/1 enzymes produced a fit; no PTR estimate	BcgI:only 0 windows after outlier trimming	no enzyme produced a usable estimate
S_8221231	GCF_900290285.1	s__Centipeda_massiliensis	NA	NA	NA	0.0009484666456	NA	NA	NA	0	NA	NA	NA	NA	0	1	0	-	NA	fixed	NA	none	0	False	containment 0.00 < 0.5; only 0/1 enzymes produced a fit; no PTR estimate	BcgI:only 3 windows after outlier trimming	no enzyme produced a usable estimate
S_8221231	GCF_900407485.1	s__Haemophilus_influenzae	NA	NA	NA	0	NA	NA	NA	0	NA	NA	NA	NA	0	1	0	-	NA	fixed	NA	none	0	False	containment 0.00 < 0.5; only 0/1 enzymes produced a fit; no PTR estimate	BcgI:only 0 windows after outlier trimming	no enzyme produced a usable estimate
S_8221231	GCF_900445025.1	s__Pauljensenia_odontolytica	27.11555401	35.4792623	0.01597812367	0.008979591837	12.85848851	3.684649162	NA	1342	0.998606343	2.021976888	-0.2783527156	7.647651039	1	1	1	BcgI	NA	fixed	351811.9072	glm	14	False	fraction 0.02 < 0.75; dispersion 35.48 > 5.0; containment 0.01 < 0.5	-	single enzyme: no cross-enzyme consistency check available
S_8221231	GCF_900450505.1	s__Slackia_exigua	NA	NA	NA	0	NA	NA	NA	0	NA	NA	NA	NA	0	1	0	-	NA	fixed	NA	none	0	False	containment 0.00 < 0.5; only 0/1 enzymes produced a fit; no PTR estimate	BcgI:only 0 windows after outlier trimming	no enzyme produced a usable estimate
S_8221231	GCF_900450875.1	s__Haemophilus_A_parahaemolyticus	10.85432127	30.11764706	0.03686635945	0.01507537688	4.967305158	2.312463379	NA	217	0.9397431404	0.5421484463	1.24987195	3.375054808	1	1	1	BcgI	NA	fixed	1792274.08	glm	7	False	fraction 0.04 < 0.75; dispersion 30.12 > 5.0; containment 0.02 < 0.5	-	single enzyme: no cross-enzyme consistency check available
S_8221231	GCF_900450995.1	s__Haemophilus_D_parainfluenzae_M	47.39500002	73.25697292	0.06225	0.05211726384	103.7760979	6.697330385	NA	257	0.9997266253	2.684752538	1.435312103	11.95934867	1	1	1	BcgI	NA	fixed	1216638.718	glm	10	False	fraction 0.06 < 0.75; dispersion 73.26 > 5.0; containment 0.05 < 0.5	-	single enzyme: no cross-enzyme consistency check available
S_8221231	GCF_900451065.1	s__Haemophilus_A_paraphrohaemolyticus	NA	NA	NA	0.007237635706	NA	NA	NA	0	NA	NA	NA	NA	0	1	0	-	NA	fixed	NA	none	0	False	containment 0.01 < 0.5; only 0/1 enzymes produced a fit; no PTR estimate	BcgI:only 4 windows after outlier trimming	no enzyme produced a usable estimate
S_8221231	GCF_900451175.1	s__Neisseria_potus	NA	NA	NA	0.001706484642	NA	NA	NA	0	NA	NA	NA	NA	0	1	0	-	NA	fixed	NA	none	0	False	containment 0.00 < 0.5; only 0/1 enzymes produced a fit; no PTR estimate	BcgI:only 3 windows after outlier trimming	no enzyme produced a usable estimate
S_8221231	GCF_900451365.1	s__Kingella_A_denitrificans	16.0675591	33.94284647	0.1453160173	0.1451027811	2.037758267	1.026982919	NA	1654	0.9991764344	0.5595789688	-0.06977170592	2.123737545	1	1	1	BcgI	NA	fixed	1179343.249	glm	25	False	fraction 0.15 < 0.75; dispersion 33.94 > 5.0; containment 0.15 < 0.5	-	single enzyme: no cross-enzyme consistency check available
S_8221231	GCF_900452275.1	s__Kluyvera_cryocrescens	NA	NA	NA	0	NA	NA	NA	0	NA	NA	NA	NA	0	1	0	-	NA	fixed	NA	none	0	False	containment 0.00 < 0.5; only 0/1 enzymes produced a fit; no PTR estimate	BcgI:only 0 windows after outlier trimming	no enzyme produced a usable estimate
S_8221231	GCF_900454205.1	s__Neisseria_zoodegmatis	NA	NA	NA	0	NA	NA	NA	0	NA	NA	NA	NA	0	1	0	-	NA	fixed	NA	none	0	False	containment 0.00 < 0.5; only 0/1 enzymes produced a fit; no PTR estimate	BcgI:only 0 windows after outlier trimming	no enzyme produced a usable estimate
S_8221231	GCF_900454815.1	s__Porphyromonas_endodontalis	9.590464253	NA	0.01960784314	0.007818608288	6.260306873	2.646233378	NA	510	0.9277473111	0.9596119609	0.7654284955	4.527038261	1	1	1	BcgI	NA	fixed	1177508.651	glm	10	False	fraction 0.02 < 0.75; containment 0.01 < 0.5	-	single enzyme: no cross-enzyme consistency check available
S_8221231	GCF_900454835.1	s__Prevotella_denticola	10.56453244	5.381166253	0.03174603175	0.008805031447	3.112246253	1.637956217	NA	378	0.9676051082	1.672623612	-1.640325823	4.916238256	1	1	1	BcgI	NA	fixed	1033490.687	glm	6	False	fraction 0.03 < 0.75; dispersion 5.38 > 5.0; containment 0.01 < 0.5	-	single enzyme: no cross-enzyme consistency check available
S_8221231	GCF_900454935.1	s__Prevotella_pallens	24.96696145	42.35650513	0.338885182	0.3262469338	1.069856321	0.09741705908	NA	1096	0.4369708224	0.3004676855	-0.4914887831	0.6863229012	1	1	1	BcgI	NA	fixed	803177.9928	glm	22	False	fraction 0.34 < 0.75; dispersion 42.36 > 5.0; containment 0.33 < 0.5	-	single enzyme: no cross-enzyme consistency check available
S_8221231	GCF_900459415.1	s__Streptococcus_infantis	NA	NA	NA	0.1824817518	NA	NA	NA	0	NA	NA	NA	NA	0	1	0	-	NA	fixed	NA	none	0	False	containment 0.18 < 0.5; only 0/1 enzymes produced a fit; no PTR estimate	BcgI:only 3 windows after outlier trimming	no enzyme produced a usable estimate
S_8221231	GCF_900460625.1	s__Actinobacillus_B_seminis	NA	NA	NA	0	NA	NA	NA	0	NA	NA	NA	NA	0	1	0	-	NA	fixed	NA	none	0	False	containment 0.00 < 0.5; only 0/1 enzymes produced a fit; no PTR estimate	BcgI:only 0 windows after outlier trimming	no enzyme produced a usable estimate
S_8221231	GCF_900460955.1	s__Cardiobacterium_valvarum	NA	NA	NA	0.001049685094	NA	NA	NA	0	NA	NA	NA	NA	0	1	0	-	NA	fixed	NA	none	0	False	containment 0.00 < 0.5; only 0/1 enzymes produced a fit; no PTR estimate	BcgI:only 3 windows after outlier trimming	no enzyme produced a usable estimate
S_8221231	GCF_900469495.1	s__Agrobacterium_pusense	NA	NA	NA	0	NA	NA	NA	0	NA	NA	NA	NA	0	1	0	-	NA	fixed	NA	none	0	False	containment 0.00 < 0.5; only 0/1 enzymes produced a fit; no PTR estimate	BcgI:only 0 windows after outlier trimming	no enzyme produced a usable estimate
S_8221231	GCF_900469525.1	s__Allorhizobium_rosettiformans	NA	NA	NA	0	NA	NA	NA	0	NA	NA	NA	NA	0	1	0	-	NA	fixed	NA	none	0	False	containment 0.00 < 0.5; only 0/1 enzymes produced a fit; no PTR estimate	BcgI:only 0 windows after outlier trimming	no enzyme produced a usable estimate
S_8221231	GCF_900470035.1	s__Bosea_vestrisii	NA	NA	NA	0	NA	NA	NA	0	NA	NA	NA	NA	0	1	0	-	NA	fixed	NA	none	0	False	containment 0.00 < 0.5; only 0/1 enzymes produced a fit; no PTR estimate	BcgI:only 0 windows after outlier trimming	no enzyme produced a usable estimate
S_8221231	GCF_900476055.1	s__Streptococcus_australis	16.97316771	8.128044276	0.06476190476	0.05904059041	2.491691901	1.317125689	NA	246	0.9947451189	1.274547769	-1.180942035	3.815193413	1	1	1	BcgI	NA	fixed	585184.4383	glm	10	False	fraction 0.06 < 0.75; dispersion 8.13 > 5.0; containment 0.06 < 0.5	-	single enzyme: no cross-enzyme consistency check available
S_8221231	GCF_900498865.1	s__Klebsiella_pneumoniae	NA	NA	NA	0	NA	NA	NA	0	NA	NA	NA	NA	0	1	0	-	NA	fixed	NA	none	0	False	containment 0.00 < 0.5; only 0/1 enzymes produced a fit; no PTR estimate	BcgI:only 0 windows after outlier trimming	no enzyme produced a usable estimate
S_8221231	GCF_900499005.1	s__Pauljensenia_culturomici	NA	NA	NA	0.0006781959986	NA	NA	NA	0	NA	NA	NA	NA	0	1	0	-	NA	fixed	NA	none	0	False	containment 0.00 < 0.5; only 0/1 enzymes produced a fit; no PTR estimate	BcgI:only 2 windows after outlier trimming	no enzyme produced a usable estimate
S_8221231	GCF_900536635.1	s__Propionibacterium_australiense	NA	NA	NA	0	NA	NA	NA	0	NA	NA	NA	NA	0	1	0	-	NA	fixed	NA	none	0	False	containment 0.00 < 0.5; only 0/1 enzymes produced a fit; no PTR estimate	BcgI:only 0 windows after outlier trimming	no enzyme produced a usable estimate
S_8221231	GCF_900555265.1	s__TM7x_sp900555265	NA	NA	NA	0.02732240437	NA	NA	NA	0	NA	NA	NA	NA	0	1	0	-	NA	fixed	NA	none	0	False	containment 0.03 < 0.5; only 0/1 enzymes produced a fit; no PTR estimate	BcgI:only 2 windows after outlier trimming	no enzyme produced a usable estimate
S_8221231	GCF_900555425.1	s__TM7x_sp900555425	NA	NA	NA	0.03472222222	NA	NA	NA	0	NA	NA	NA	NA	0	1	0	-	NA	fixed	NA	none	0	False	containment 0.03 < 0.5; only 0/1 enzymes produced a fit; no PTR estimate	BcgI:only 3 windows after outlier trimming	no enzyme produced a usable estimate
S_8221231	GCF_900555675.1	s__TM7x_sp900555675	76.89993536	8.047619048	0.1730263158	0.0350877193	146.8746087	7.198441198	NA	52	0.9969499667	1.590856314	4.080420119	10.31646228	1	1	1	BcgI	NA	fixed	137983.2356	glm	5	False	fraction 0.17 < 0.75; dispersion 8.05 > 5.0; containment 0.04 < 0.5	-	single enzyme: no cross-enzyme consistency check available
S_8221231	GCF_900555885.1	s__TM7x_sp900555885	NA	NA	NA	0.0303030303	NA	NA	NA	0	NA	NA	NA	NA	0	1	0	-	NA	fixed	NA	none	0	False	containment 0.03 < 0.5; only 0/1 enzymes produced a fit; no PTR estimate	BcgI:only 3 windows after outlier trimming	no enzyme produced a usable estimate
S_8221231	GCF_900556355.1	s__TM7x_sp900556355	NA	NA	NA	0.01282051282	NA	NA	NA	0	NA	NA	NA	NA	0	1	0	-	NA	fixed	NA	none	0	False	containment 0.01 < 0.5; only 0/1 enzymes produced a fit; no PTR estimate	BcgI:only 1 windows after outlier trimming	no enzyme produced a usable estimate
S_8221231	GCF_900556885.1	s__TM7x_sp900556885	NA	NA	NA	0.03448275862	NA	NA	NA	0	NA	NA	NA	NA	0	1	0	-	NA	fixed	NA	none	0	False	containment 0.03 < 0.5; only 0/1 enzymes produced a fit; no PTR estimate	BcgI:only 3 windows after outlier trimming	no enzyme produced a usable estimate
S_8221231	GCF_900557595.1	s__TM7x_sp900557595	NA	NA	NA	0.02380952381	NA	NA	NA	0	NA	NA	NA	NA	0	1	0	-	NA	fixed	NA	none	0	False	containment 0.02 < 0.5; only 0/1 enzymes produced a fit; no PTR estimate	BcgI:only 3 windows after outlier trimming	no enzyme produced a usable estimate
S_8221231	GCF_900566195.1	s__Treponema_D_pectinovorum	NA	NA	NA	0	NA	NA	NA	0	NA	NA	NA	NA	0	1	0	-	NA	fixed	NA	none	0	False	containment 0.00 < 0.5; only 0/1 enzymes produced a fit; no PTR estimate	BcgI:only 0 windows after outlier trimming	no enzyme produced a usable estimate
S_8221231	GCF_900573955.1	s__Campylobacter_A_showae_D	NA	NA	NA	0	NA	NA	NA	0	NA	NA	NA	NA	0	1	0	-	NA	fixed	NA	none	0	False	containment 0.00 < 0.5; only 0/1 enzymes produced a fit; no PTR estimate	BcgI:only 0 windows after outlier trimming	no enzyme produced a usable estimate
S_8221231	GCF_900573975.1	s__Campylobacter_A_showae_A	NA	NA	NA	0	NA	NA	NA	0	NA	NA	NA	NA	0	1	0	-	NA	fixed	NA	none	0	False	containment 0.00 < 0.5; only 0/1 enzymes produced a fit; no PTR estimate	BcgI:only 0 windows after outlier trimming	no enzyme produced a usable estimate
S_8221231	GCF_900573985.1	s__Campylobacter_A_showae_E	NA	NA	NA	0	NA	NA	NA	0	NA	NA	NA	NA	0	1	0	-	NA	fixed	NA	none	0	False	containment 0.00 < 0.5; only 0/1 enzymes produced a fit; no PTR estimate	BcgI:only 0 windows after outlier trimming	no enzyme produced a usable estimate
S_8221231	GCF_900605015.1	s__Olsenella_B_sp900605015	NA	NA	NA	0	NA	NA	NA	0	NA	NA	NA	NA	0	1	0	-	NA	fixed	NA	none	0	False	containment 0.00 < 0.5; only 0/1 enzymes produced a fit; no PTR estimate	BcgI:only 0 windows after outlier trimming	no enzyme produced a usable estimate
S_8221231	GCF_900607225.1	s__Arachnia_sp900607225	13.37987723	10.37931034	0.01273918742	0.004054552156	1.272004074	0.3471032915	NA	709	0.6517501571	1.047722682	-1.706395431	2.400602014	1	1	1	BcgI	NA	fixed	3179317.778	glm	7	False	fraction 0.01 < 0.75; dispersion 10.38 > 5.0; containment 0.00 < 0.5	-	single enzyme: no cross-enzyme consistency check available
S_8221231	GCF_900634705.1	s__Frankia_coriariae	NA	NA	NA	0.0002227171492	NA	NA	NA	0	NA	NA	NA	NA	0	1	0	-	NA	fixed	NA	none	0	False	containment 0.00 < 0.5; only 0/1 enzymes produced a fit; no PTR estimate	BcgI:only 1 windows after outlier trimming	no enzyme produced a usable estimate
S_8221231	GCF_900635155.1	s__Streptococcus_sanguinis_G	46.77777778	51.19150781	0.08848484848	0.08455882353	1.521820698	0.6057983896	NA	147	1	0.8572609314	-1.074402161	2.285998941	1	1	1	BcgI	NA	fixed	1297875.262	glm	6	False	fraction 0.09 < 0.75; dispersion 51.19 > 5.0; containment 0.08 < 0.5	-	single enzyme: no cross-enzyme consistency check available
S_8221231	GCF_900637555.1	s__Lautropia_mirabilis	56.96310341	260.8214551	0.4468359375	0.4468085106	59023.04384	15.8489907	NA	3196	0.9982983701	0.3363447051	15.18976719	16.50821421	1	1	1	BcgI	NA	fixed	243827.0186	glm	32	False	fraction 0.45 < 0.75; dispersion 260.82 > 5.0; containment 0.45 < 0.5	-	single enzyme: no cross-enzyme consistency check available
S_8221231	GCF_900683665.1	s__Bacteroides_heparinolyticus	NA	NA	NA	0.0009161704077	NA	NA	NA	0	NA	NA	NA	NA	0	1	0	-	NA	fixed	NA	none	0	False	containment 0.00 < 0.5; only 0/1 enzymes produced a fit; no PTR estimate	BcgI:only 2 windows after outlier trimming	no enzyme produced a usable estimate
S_8221231	GCF_900755445.1	s__Haemophilus_D_sp900755445	NA	NA	NA	0.07070707071	NA	NA	NA	0	NA	NA	NA	NA	0	1	0	-	NA	fixed	NA	none	0	False	containment 0.07 < 0.5; only 0/1 enzymes produced a fit; no PTR estimate	BcgI:only 24 anchors (< 30)	no enzyme produced a usable estimate
S_8221231	GCF_900755485.1	s__F0422_sp900544365	8.655080215	3.721303258	0.2052351296	0.05769230769	2.671366725	1.417578043	NA	137	0.9168388879	1.14894017	-0.8343033108	3.669459396	1	1	1	BcgI	NA	fixed	258813.7689	glm	17	False	fraction 0.21 < 0.75; containment 0.06 < 0.5	-	single enzyme: no cross-enzyme consistency check available
S_8221231	GCF_900756155.1	s__Haemophilus_D_sp900756155	41.29059564	69.05172612	0.1850577473	0.1333333333	7.782366454	2.960208915	NA	190	0.9999877771	1.695547714	-0.3630035375	6.283421368	1	1	1	BcgI	NA	fixed	1739735.19	glm	12	False	fraction 0.19 < 0.75; dispersion 69.05 > 5.0; containment 0.13 < 0.5	-	single enzyme: no cross-enzyme consistency check available
S_8221231	GCF_900756875.1	s__Haemophilus_D_sp900756875	18.19444532	103.1954023	0.5261904762	0.09842519685	14.34640334	3.842617192	NA	65	0.9999514067	1.577046336	0.7516631717	6.933571212	1	1	1	BcgI	NA	fixed	950576.0917	glm	21	False	fraction 0.53 < 0.75; dispersion 103.20 > 5.0; containment 0.10 < 0.5	-	single enzyme: no cross-enzyme consistency check available
S_8221231	GCF_900759775.1	s__F0422_sp003999875	NA	NA	NA	0.003717472119	NA	NA	NA	0	NA	NA	NA	NA	0	1	0	-	NA	fixed	NA	none	0	False	containment 0.00 < 0.5; only 0/1 enzymes produced a fit; no PTR estimate	BcgI:only 1 windows after outlier trimming	no enzyme produced a usable estimate
S_8221231	GCF_900764435.1	s__Haemophilus_D_sp900764435	52.26408925	87.51117263	0.5257054674	0.1483050847	2.198306787	1.136392737	NA	88	0.9998999787	1.618951969	-2.036694815	4.30948029	1	1	1	BcgI	NA	fixed	59821.21444	glm	27	False	fraction 0.53 < 0.75; dispersion 87.51 > 5.0; containment 0.15 < 0.5	-	single enzyme: no cross-enzyme consistency check available
S_8221231	GCF_900765055.1	s__Limosilactobacillus_vaginalis_A	NA	NA	NA	0	NA	NA	NA	0	NA	NA	NA	NA	0	1	0	-	NA	fixed	NA	none	0	False	containment 0.00 < 0.5; only 0/1 enzymes produced a fit; no PTR estimate	BcgI:only 0 windows after outlier trimming	no enzyme produced a usable estimate
S_8221231	GCF_900766245.1	s__F0422_sp900766245	NA	NA	NA	0	NA	NA	NA	0	NA	NA	NA	NA	0	1	0	-	NA	fixed	NA	none	0	False	containment 0.00 < 0.5; only 0/1 enzymes produced a fit; no PTR estimate	BcgI:only 0 windows after outlier trimming	no enzyme produced a usable estimate
S_8221231	GCF_900768625.1	s__Prevotellamassilia_sp900768625	NA	NA	NA	0	NA	NA	NA	0	NA	NA	NA	NA	0	1	0	-	NA	fixed	NA	none	0	False	containment 0.00 < 0.5; only 0/1 enzymes produced a fit; no PTR estimate	BcgI:only 0 windows after outlier trimming	no enzyme produced a usable estimate
S_8221231	GCF_900993765.1	s__Streptococcus_pyogenes	NA	NA	NA	0	NA	NA	NA	0	NA	NA	NA	NA	0	1	0	-	NA	fixed	NA	none	0	False	containment 0.00 < 0.5; only 0/1 enzymes produced a fit; no PTR estimate	BcgI:only 0 windows after outlier trimming	no enzyme produced a usable estimate
S_8221231	GCF_901542415.1	s__Streptococcus_mitis_BL	NA	NA	NA	0.05405405405	NA	NA	NA	0	NA	NA	NA	NA	0	1	0	-	NA	fixed	NA	none	0	False	containment 0.05 < 0.5; only 0/1 enzymes produced a fit; no PTR estimate	BcgI:only 2 windows after outlier trimming	no enzyme produced a usable estimate
S_8221231	GCF_901543175.1	s__Streptococcus_australis_A	NA	NA	NA	0.01342281879	NA	NA	NA	0	NA	NA	NA	NA	0	1	0	-	NA	fixed	NA	none	0	False	containment 0.01 < 0.5; only 0/1 enzymes produced a fit; no PTR estimate	BcgI:only 1 windows after outlier trimming	no enzyme produced a usable estimate
S_8221231	GCF_901543815.1	s__Streptococcus_mitis_BC	NA	NA	NA	0.01030927835	NA	NA	NA	0	NA	NA	NA	NA	0	1	0	-	NA	fixed	NA	none	0	False	containment 0.01 < 0.5; only 0/1 enzymes produced a fit; no PTR estimate	BcgI:only 1 windows after outlier trimming	no enzyme produced a usable estimate
S_8221231	GCF_902159415.1	s__Streptococcus_mitis_BG	NA	NA	NA	0.03870967742	NA	NA	NA	0	NA	NA	NA	NA	0	1	0	-	NA	fixed	NA	none	0	False	containment 0.04 < 0.5; only 0/1 enzymes produced a fit; no PTR estimate	BcgI:only 4 windows after outlier trimming	no enzyme produced a usable estimate
S_8221231	GCF_902165435.1	s__Klebsiella_A_grimontii	NA	NA	NA	0.0002496878901	NA	NA	NA	0	NA	NA	NA	NA	0	1	0	-	NA	fixed	NA	none	0	False	containment 0.00 < 0.5; only 0/1 enzymes produced a fit; no PTR estimate	BcgI:only 1 windows after outlier trimming	no enzyme produced a usable estimate
S_8221231	GCF_902363285.1	s__Actinomyces_sp900323545	9.378286271	1.002857143	0.01621075838	0.0103871577	2.450719029	1.293205091	NA	1239	0.9345192444	0.8620780123	-0.3964367648	2.982846947	1	1	1	BcgI	NA	fixed	1171784.627	glm	15	False	fraction 0.02 < 0.75; containment 0.01 < 0.5	-	single enzyme: no cross-enzyme consistency check available
S_8221231	GCF_902363395.1	s__Streptococcus_sp902363395	13.57317327	6.045417578	0.1777777778	0.06614785992	3.527200682	1.818523661	NA	201	0.9750087538	0.9649283251	-0.072701104	3.709748426	1	1	1	BcgI	NA	fixed	1434587.639	glm	9	False	fraction 0.18 < 0.75; dispersion 6.05 > 5.0; containment 0.07 < 0.5	-	single enzyme: no cross-enzyme consistency check available
S_8221231	GCF_902364435.1	s__Veillonella_dispar_A	35.51190105	31.14615329	0.5216175359	0.2023809524	7.720015329	2.948603712	NA	76	0.9998139494	0.8426746644	1.296991719	4.600215705	1	1	1	BcgI	NA	fixed	778845.3222	glm	21	False	fraction 0.52 < 0.75; dispersion 31.15 > 5.0; containment 0.20 < 0.5	-	single enzyme: no cross-enzyme consistency check available
S_8221231	GCF_902373675.1	s__Parvimonas_micra	NA	NA	NA	0	NA	NA	NA	0	NA	NA	NA	NA	0	1	0	-	NA	fixed	NA	none	0	False	containment 0.00 < 0.5; only 0/1 enzymes produced a fit; no PTR estimate	BcgI:only 0 windows after outlier trimming	no enzyme produced a usable estimate
S_8221231	GCF_902374235.1	s__Prevotella_salivae	23.20368705	26.97307228	0.2672543433	0.2466822795	3.015396096	1.592347524	NA	1265	0.9998825019	0.663665213	0.2915876086	2.893107439	1	1	1	BcgI	NA	fixed	1941581.698	glm	27	False	fraction 0.27 < 0.75; dispersion 26.97 > 5.0; containment 0.25 < 0.5	-	single enzyme: no cross-enzyme consistency check available
S_8221231	GCF_902374455.1	s__Neisseria_macacae	34.73270591	43.22251055	0.1774397214	0.1450777202	2.849884022	1.510903209	NA	345	0.9990336388	1.403749112	-1.240394493	4.262200912	1	1	1	BcgI	NA	fixed	1242498.6	glm	14	False	fraction 0.18 < 0.75; dispersion 43.22 > 5.0; containment 0.15 < 0.5	-	single enzyme: no cross-enzyme consistency check available
S_8221231	GCF_902375005.1	s__Streptococcus_sp000411475	NA	NA	NA	0.05988023952	NA	NA	NA	0	NA	NA	NA	NA	0	1	0	-	NA	fixed	NA	none	0	False	containment 0.06 < 0.5; only 0/1 enzymes produced a fit; no PTR estimate	BcgI:only 4 windows after outlier trimming	no enzyme produced a usable estimate
S_8221231	GCF_902376125.1	s__Streptococcus_timonensis	NA	NA	NA	0.03846153846	NA	NA	NA	0	NA	NA	NA	NA	0	1	0	-	NA	fixed	NA	none	0	False	containment 0.04 < 0.5; only 0/1 enzymes produced a fit; no PTR estimate	BcgI:only 3 windows after outlier trimming	no enzyme produced a usable estimate
S_8221231	GCF_902376145.1	s__F0040_sp900095835	NA	NA	NA	0.007747648035	NA	NA	NA	0	NA	NA	NA	NA	0	1	0	-	NA	fixed	NA	none	0	False	containment 0.01 < 0.5; only 0/1 enzymes produced a fit; no PTR estimate	BcgI:only 3 windows after outlier trimming	no enzyme produced a usable estimate
S_8221231	GCF_902387945.1	s__Lachnoanaerobaculum_umeaense	NA	NA	NA	0.004385964912	NA	NA	NA	0	NA	NA	NA	NA	0	1	0	-	NA	fixed	NA	none	0	False	containment 0.00 < 0.5; only 0/1 enzymes produced a fit; no PTR estimate	BcgI:only 1 windows after outlier trimming	no enzyme produced a usable estimate
S_8221231	GCF_902460355.1	s__Streptococcus_sp902460355	NA	NA	NA	0.01860465116	NA	NA	NA	0	NA	NA	NA	NA	0	1	0	-	NA	fixed	NA	none	0	False	containment 0.02 < 0.5; only 0/1 enzymes produced a fit; no PTR estimate	BcgI:only 4 windows after outlier trimming	no enzyme produced a usable estimate
S_8221231	GCF_902460385.1	s__Streptococcus_sinensis	NA	NA	NA	0.008528784648	NA	NA	NA	0	NA	NA	NA	NA	0	1	0	-	NA	fixed	NA	none	0	False	containment 0.01 < 0.5; only 0/1 enzymes produced a fit; no PTR estimate	BcgI:only 3 windows after outlier trimming	no enzyme produced a usable estimate
S_8221231	GCF_902460535.1	s__Campylobacter_A_concisus_J	NA	NA	NA	0.03225806452	NA	NA	NA	0	NA	NA	NA	NA	0	1	0	-	NA	fixed	NA	none	0	False	containment 0.03 < 0.5; only 0/1 enzymes produced a fit; no PTR estimate	BcgI:only 4 windows after outlier trimming	no enzyme produced a usable estimate
S_8221231	GCF_902460615.1	s__Campylobacter_A_concisus_C	13.16513655	9.395834029	0.1316963037	0.1266233766	3.015991591	1.592632406	NA	299	0.994571762	1.39405949	-1.139673987	4.324938799	1	1	1	BcgI	NA	fixed	486716.0092	glm	15	False	fraction 0.13 < 0.75; dispersion 9.40 > 5.0; containment 0.13 < 0.5	-	single enzyme: no cross-enzyme consistency check available
S_8221231	GCF_902460705.1	s__Campylobacter_A_concisus_Z	NA	NA	NA	0.005494505495	NA	NA	NA	0	NA	NA	NA	NA	0	1	0	-	NA	fixed	NA	none	0	False	containment 0.01 < 0.5; only 0/1 enzymes produced a fit; no PTR estimate	BcgI:only 2 windows after outlier trimming	no enzyme produced a usable estimate
S_8221231	GCF_902460815.1	s__Campylobacter_A_concisus_F	9.733478571	7.577577578	0.07389355742	0.04716981132	4.182611596	2.064404033	NA	169	0.9765934293	1.080193757	-0.0527368266	4.181544893	1	1	1	BcgI	NA	fixed	952427.4844	glm	6	False	fraction 0.07 < 0.75; dispersion 7.58 > 5.0; containment 0.05 < 0.5	-	single enzyme: no cross-enzyme consistency check available
S_8221231	GCF_902859015.1	s__Streptococcus_sp001556435	29.5545516	38.57218844	0.3234188034	0.3079847909	1.783392105	0.8346239356	NA	213	0.9765196574	0.7707054476	-0.6759309843	2.345178855	1	1	1	BcgI	NA	fixed	69360.69333	glm	9	False	fraction 0.32 < 0.75; dispersion 38.57 > 5.0; containment 0.31 < 0.5	-	single enzyme: no cross-enzyme consistency check available
S_8221231	GCF_902983995.1	s__Treponema_D_buccale	NA	NA	NA	0.0008613264427	NA	NA	NA	0	NA	NA	NA	NA	0	1	0	-	NA	fixed	NA	none	0	False	containment 0.00 < 0.5; only 0/1 enzymes produced a fit; no PTR estimate	BcgI:only 1 windows after outlier trimming	no enzyme produced a usable estimate
S_8221231	GCF_903645325.1	s__Microbacterium_sp903645325	NA	NA	NA	0	NA	NA	NA	0	NA	NA	NA	NA	0	1	0	-	NA	fixed	NA	none	0	False	containment 0.00 < 0.5; only 0/1 enzymes produced a fit; no PTR estimate	BcgI:only 0 windows after outlier trimming	no enzyme produced a usable estimate
