sample-id	S_8123220	S_0313206	S_8123213	S_1411224	S_1313229	S_8123225	S_1413229	S_8123218	S_8221232	S_1413216	S_1413230	S_0313216	S_8221227	S_1211212	S_1313218	S_1313221	S_1313202	S_8123214	S_8123227	S_0313222	S_1213209	S_0313218	S_8221222	S_1213218	S_1211209	S_1213211	S_1313223	S_1413233	S_1413221	S_8221213	S_8222219	S_8123226	S_1413231	S_1311202	S_8123202	S_0313207	S_8221231	S_1212203
s__Actinomyces_bowdenii_B	0	0	0	0	0	0	0	0	0	0	0	0	0	0	0	0	0	0	0	0	0	0	0	0	0	0	0	0	0	0	0	0	0	0	0	0	19331	0
s__Actinomyces_dentalis	0	10102	106708	33527	19112	193942	35469	69246	851799	28936	49519	104389	27172	114864	46393	54231	109158	35971	84883	2641	53022	27213	189113	324231	228227	418882	35209	35304	56228	18022	39650	14313	133737	85671	124264	61106	16326	98090
s__Actinomyces_gerencseriae	115707	20705	31732	73176	59836	126158	95887	30464	120134	413629	61223	185594	50734	73474	106433	32679	26607	120610	187607	5721	51021	64730	219196	94957	116233	70475	31908	30404	106748	277151	44456	97088	184133	122949	35038	16228	6100	47043
s__Actinomyces_graevenitzii	203798	5731699	7750861	729246	5450163	3714076	1167444	10257555	6887951	864143	5837085	822189	1010920	5828282	4524037	3059363	14204391	17620573	625583	2735491	24488615	12735147	11495043	7565189	45424	5442631	5797009	7366861	7059715	6819362	2797250	11795445	6261007	10777462	1260400	6526475	14810494	2389242
s__Actinomyces_howellii	0	0	0	0	0	0	0	0	0	0	0	0	0	0	0	0	0	0	0	0	0	0	0	0	0	0	0	4681	0	0	0	0	0	0	0	0	0	0
s__Actinomyces_israelii	0	0	0	0	4773	0	184701	38782	11314	0	0	0	0	3117	152468	13733	0	0	222118	0	0	0	15985	0	0	6307	23906	2130	0	0	0	3513	4569	9668	6237	2534	0	0
s__Actinomyces_johnsonii	113765	44111	95897	109881	55334	22978	563278	32468	84302	79799	68726	41267	52238	102453	123689	44708	142515	23210	31568	23805	96740	73635	260668	136548	65378	681912	72419	40005	132773	154785	25532	37334	1323192	20317	11513	24142	10517	262855
s__Actinomyces_massiliensis	125076	30007	432208	323243	688664	1034753	2785733	75559	546921	87108	318889	6788	22259	47513	530870	260318	331578	102373	13930	10802	613055	24712	517781	142007	90748	3056942	65517	120318	55326	207550	403038	16615	262595	237532	44449	48685	6751	394178
s__Actinomyces_naeslundii	5156384	2523059	4308852	8156920	3257062	5097589	7855897	2068089	6295027	2515977	2703313	10866093	4763817	1220753	1013977	1342001	2914008	8678359	2506645	281651	602639	523972	1776177	4717822	3415571	6399113	2005229	6318990	5667815	878188	956155	930374	4471286	2285551	584117	1706438	3374051	3019442
s__Actinomyces_oris	5558954	4317451	3605817	2642636	5734409	4486654	38889566	6184503	2935711	1885333	6173626	3827172	5979253	1192054	499625	2464024	2121133	429043	829947	1046590	859527	1624752	1387877	8634478	5046259	2866447	988273	178918	3607954	7068411	1349448	3288846	5974219	3592017	262241	1258343	4163317	8214017
s__Actinomyces_oris_A	203827	149466	298022	3977982	308529	7538862	1977021	518037	6453118	120544	291535	1789981	602766	311931	224479	55133	381583	525548	45498	245744	2609095	1167772	86963	777791	452315	11419424	794712	282072	5282950	139927	1517631	4534786	5364733	235280	17920	177203	938232	2839789
s__Actinomyces_oris_B	62207	79419	54855	79601	51431	92615	1763118	212333	68083	33542	127396	24600	23262	29269	24048	27366	11303	92640	45999	8352	53422	24211	12768	203447	254530	94701	5351	4671	89203	24830	158083	70163	91791	70158	5346	42975	60096	139280
s__Actinomyces_oris_C	352577	112213	278941	776460	75646	298917	1202737	145705	411446	143503	234400	366734	112026	97131	70641	309880	63817	135684	187570	44410	117751	119852	53283	520882	289901	226206	76820	37205	203287	89408	105477	208412	626797	115166	18320	68319	120204	219288
s__Actinomyces_oris_D	55897	58814	23023	30114	1897840	1159077	24199830	72052	45856	95418	1487763	34741	58154	24057	1532530	18144	135754	89324	23050	207688	1430270	27613	7329	18430	134098	4409360	6292	23603	97522	27533	51966	284570	64233	94878	156083	2349696	26342	82276
s__Actinomyces_oris_E	1079283	3164817	1839793	525915	819026	2669339	1810822	19240	502098	98522	1896687	591866	442397	429819	926548	508121	170993	1833239	127528	394091	1258549	531921	298435	772703	3054713	1932108	121174	382889	4400658	1567059	431590	933761	455199	126130	19321	594801	302887	6518688
s__Actinomyces_sp000195595	1737602	8052	9890	400224	11907	590474	199521	284842	778958	1852075	216788	263891	11731	646492	395403	6115	378222	129030	55419	4291	103202	110669	64945	226418	669721	91898	84322	767997	494927	193426	755798	31028	814172	11610	7668	134192	20833	1615739
s__Actinomyces_sp000220835	30553	0	1632865	172563	41525	32109	30960	0	113884	1024964	63124	134810	25869	56334	122870	25361	5271	0	2613784	0	113453	0	109320	686620	1942618	541279	246710	21903	43198	385170	13717	373504	240997	0	44148	4217	8714	33731
s__Actinomyces_sp001278845	0	1690	7147	16563	5924	41541	18436	0	109774	5587	5062	28214	3399	29871	11824	0	15204	10450	31768	0	12105	24211	46548	0	32589	90497	6322	5631	24155	3564	57373	2823	18939	8087	10812	6902	0	9509
s__Actinomyces_sp002999235	0	0	0	0	0	0	31962	8969	43553	0	0	0	72492	14835	12124	0	0	0	9059	0	0	0	50871	11820	0	0	0	0	0	0	0	0	0	0	0	0	0	0
s__Actinomyces_sp011751985	0	0	0	0	0	0	0	0	0	0	0	0	0	0	0	0	0	0	0	0	0	0	0	0	0	7598	0	0	0	0	0	0	0	0	0	0	0	0
s__Actinomyces_sp011752065	7633	8092	4615	12045	0	0	35469	7376	5156	0	6863	14157	0	0	10321	0	0	0	0	0	7773	0	0	0	8864	0	0	0	25759	0	0	13612	32968	0	0	12822	0	7737
s__Actinomyces_sp900323545	41071	21205	13113	43765	252781	406672	152829	31967	30437	70688	45918	21286	7209	48114	24749	64556	16504	14971	14431	4221	45819	8404	15482	27045	65780	47551	11303	19602	42497	724054	34043	15614	126626	9198	9881	36363	21334	67862
s__Actinomyces_timonensis	0	0	0	0	0	0	16432	0	0	6708	0	0	0	14735	0	0	4221	0	0	0	0	0	0	0	0	0	0	2740	0	0	0	0	0	0	0	0	0	0
s__Actinomyces_viscosus	23040	11103	0	8020	0	28898	25650	15533	23729	23029	4562	14459	0	0	0	33280	4821	0	0	2381	6863	0	9119	0	6448	42946	0	5721	11426	13116	0	14313	79164	0	3594	0	0	18717
s__Bowdeniella_nasicola_A	0	0	0	0	0	0	0	0	0	0	0	0	0	0	0	0	0	0	0	0	19808	0	0	0	0	0	0	0	0	0	0	9098	0	0	0	0	0	0
s__KH17_sp900199505	0	0	0	0	0	0	0	0	0	0	0	0	0	0	0	0	0	0	11425	0	0	0	0	0	0	0	0	0	0	0	0	75768	0	0	0	0	42868	0
s__Pauljensenia_bouchesdurhonensis	51389	14303	1304621	10540	215579	190882	96689	1475338	38146	30338	559839	18575	103757	362745	384987	107237	191718	94046	8609	162386	341850	81238	14779	6451623	22862	9050	61716	59707	60738	26933	142201	139109	232411	36030	97307	682908	30448	23221
s__Pauljensenia_cardiffensis	0	0	0	0	0	0	12825	0	0	0	0	0	0	0	0	0	0	0	0	0	0	10505	0	0	0	0	2791	0	0	0	0	0	0	0	0	11720	0	0
s__Pauljensenia_culturomici	0	0	0	0	0	0	0	0	0	0	0	0	0	0	0	0	0	0	0	0	14906	0	0	0	0	0	0	0	6094	0	0	0	0	0	0	0	0	0
s__Pauljensenia_georgiae	102163	13603	17918	41055	24015	0	46891	39082	37946	247442	19607	11647	38602	97632	56112	43204	0	0	16736	0	6243	49223	59818	16928	1432992	68773	8962	5371	6485	9321	26033	11310	56417	0	11413	20235	0	19818
s__Pauljensenia_hongkongensis	180826	166375	610159	435535	90455	0	115283	32168	448787	122057	124153	293125	58856	750758	85671	76986	814736	69530	598484	33107	165218	52925	22218	254091	254743	308545	96625	24503	156566	311766	28737	40537	192711	52443	44849	76734	0	597058
s__Pauljensenia_hyovaginalis	0	0	0	0	0	0	0	0	0	0	0	0	0	0	0	0	5912	0	0	0	0	0	0	5038	0	0	0	22203	0	0	0	0	36375	0	0	0	0	0
s__Pauljensenia_marseillensis	150459	21505	825709	44869	352417	543459	76549	268356	452505	113751	315878	52714	137807	339873	476566	121930	887978	141654	441505	670037	1015194	107281	159264	230748	33491	43847	28307	734762	827237	81598	298791	743681	92091	189046	118566	164060	240280	82776
s__Pauljensenia_mediterranea	0	0	0	0	0	0	0	0	0	3685	14005	0	0	0	4890	0	0	0	0	2911	6803	0	0	0	0	0	0	10401	0	0	0	6906	0	0	0	0	0	0
s__Pauljensenia_meyeri	0	0	9490	0	43727	73851	58614	0	0	5126	34813	0	5043	0	5992	25462	35709	78874	0	6001	36515	19709	0	12721	0	0	93424	22003	5903	7379	110905	25623	0	0	16218	170462	0	0
s__Pauljensenia_odontolytica	14325	25506	99500	43163	440314	281334	89174	49805	60674	59574	161865	54923	25267	51723	49098	29672	89123	67621	63737	192347	308295	31215	24430	125516	24667	66972	73419	404908	85194	37445	98525	432706	73653	27623	82991	199366	97956	51948
s__Pauljensenia_odontolytica_A	301424	493764	920701	464993	3670057	557669	485590	1615771	1339463	466595	606823	2260360	573159	347993	618097	321079	1518643	346866	533196	297676	1456573	340511	320878	1994811	146782	490246	376462	453576	402892	329211	331363	4791885	1439135	177749	331611	1124586	1301098	590039
s__Pauljensenia_odontolytica_B	229214	462676	944380	883477	776070	1301734	2255437	403449	254002	1006654	1001256	68177	536449	348488	1365767	1011142	516274	978569	1139377	1205878	3692212	461923	622902	188844	1003984	2145907	579462	2009643	654351	96416	2773214	5620804	154927	93177	2380437	1243979	3169720	219242
s__Pauljensenia_odontolytica_C	1391095	600944	377496	459020	1666427	445234	329926	313895	290091	183745	622732	234234	233146	417803	264450	321353	163753	224272	955891	345127	590519	2005307	692554	1056210	111544	481181	300410	623432	215012	304867	774868	840550	149027	1574035	488673	498167	1221619	255631
s__Pauljensenia_polynesiensis	0	0	0	0	0	0	0	0	0	0	0	0	0	0	0	0	0	0	0	0	11805	0	0	0	0	0	6112	0	0	0	0	0	0	0	0	0	0	0
s__Pauljensenia_pyogenes_A	2131440	98124	1932237	897725	1076433	905635	648805	693289	31138	76795	263185	74302	853017	553335	344382	363776	310256	164804	697520	1278185	314507	2333682	1308972	837880	58961	2907114	2796568	104397	438723	297878	3172831	4832509	200430	854150	1530875	1408839	689467	63959
s__Pauljensenia_sp000185285	477234	12603	347267	29210	91556	335825	171011	72853	278960	57872	72428	695380	48328	85102	61723	181505	64617	43908	234045	109832	237686	55226	10958	166936	27876	106669	153096	143862	117649	385006	152918	217355	168916	13911	45450	120519	319991	112081
s__Pauljensenia_sp000278725	383998	2509356	8116727	3386730	30727825	13542252	4298300	6222942	3098654	1668403	14981359	1223680	1080408	1915742	3421451	763198	6286107	16068135	1984135	2442968	10252697	4000105	2147245	2988320	433969	5662333	4739911	9906970	4910131	4999558	4897242	13969350	9640607	3336976	2946851	13223821	896680	2607245
s__Pauljensenia_sp000308055	4202985	118216	4465292	363059	4522656	779777	342627	3492716	51062	276381	211496	312399	317876	2153753	921433	407788	1338079	959476	2181278	715687	815749	920505	559433	3111703	202715	3352024	3614437	485137	151294	731913	1655383	2600676	831124	331741	928444	545228	3247052	190461
s__Pauljensenia_sp000411415	59803	91522	425202	128441	618752	750277	263008	228635	105511	1162895	124790	19178	65975	138167	178566	104395	64517	143886	387379	715803	700994	197635	88973	137879	87840	127602	182839	582681	108296	233629	268047	559847	67440	235531	176990	417436	7433409	47143
s__Pauljensenia_sp000466265	407646	51712	605685	57316	2367988	4290499	1086844	1192025	317519	403468	8358783	15563	1174356	228465	3033063	714985	2082510	691062	85283	520812	2366127	325743	752023	652207	41614	6214116	263079	651943	2468929	55867	1409892	1652748	471065	3176062	772325	4604439	388634	20819
s__Pauljensenia_sp000758755	496056	230753	4454519	121259	1117590	699429	141574	1290260	953765	617469	1371049	216696	846441	1468503	1144922	692803	4964375	803392	1945379	1045970	520821	897903	741980	981605	128964	525203	265772	2162450	350753	438827	1806178	790296	307360	1120741	446066	1031271	1575198	320457
s__Pauljensenia_sp001064145	67316	81119	365842	149874	396386	370769	208754	1005637	711680	69586	409404	52714	98060	368163	341979	112809	95625	1040371	333220	566665	4603412	145116	79523	5574554	63574	409382	181493	471146	1404008	54566	468445	1361428	161996	119238	251338	589015	481898	69164
s__Pauljensenia_sp001072465	482637	770040	666779	581614	2915524	555558	820798	380401	540666	299240	955608	135121	397629	2532267	404438	582879	285836	2208476	1212827	1070823	2052750	995466	920019	1305209	239679	941741	1123167	1547804	259036	392076	950041	1875072	185887	140546	812165	1639633	1648442	284780
s__Pauljensenia_sp001838165	228805	386049	719109	397709	1154693	709997	692205	3218644	993832	1111889	1030871	717719	282337	3128011	181378	380755	566074	942056	978198	813158	4075106	559891	494251	3123059	200728	564415	2475696	1269547	1310621	265797	3811781	2030759	1644152	130056	628278	1659163	2185524	1160241
s__Pauljensenia_sp011038875	0	0	0	0	0	0	0	50105	0	0	0	0	0	0	67535	0	0	0	0	0	0	0	0	0	0	0	0	0	8038	0	21327	185837	0	0	8089	0	0	0
s__Pauljensenia_sp900541895	585435	248438	410291	114663	971429	156828	146351	573902	57270	37146	158700	36850	101081	146807	216938	21452	156203	101017	321374	311737	1121772	381398	198654	288886	26272	1930065	673758	105517	93212	135572	511145	643568	89987	52944	128412	309290	504022	16015
s__Pauljensenia_sp900554605	126144	92322	1062781	21983	287240	314726	94384	191144	726633	59974	208212	26809	158285	237850	349907	96032	737537	120469	293488	1011358	1567910	162060	188880	59799	43920	338406	244684	381661	368318	95015	554253	1483497	69945	169212	125843	166215	397608	20119
s__Pauljensenia_sp900556405	25444	47011	245179	25697	92856	304920	30760	84077	54867	109433	162972	24700	37800	62849	70942	32679	37910	102544	692542	524626	156183	100708	37198	198299	6688	124249	146896	274967	78077	217175	46860	178556	27457	183613	29332	146378	37915659	9589
s__Pauljensenia_sp902373435	30252	40010	282804	49989	252952	89103	154483	31566	156262	49762	453480	31026	42613	186674	53807	70370	110043	277457	115386	323389	1037998	108507	56400	64206	31386	148814	173465	474825	278575	17221	170713	779592	51908	16614	133530	382768	66606	9909
s__Pauljensenia_sp902373545	18231	36209	4754177	195506	1239731	3550638	431415	311504	1139775	418189	1566784	54421	181212	3122545	190151	2085468	3202601	5274755	59127	5172621	22640187	7347811	43129	248526	20957	232347	205005	5634941	4070233	143554	3913664	1747449	416204	100326	1923664	7620463	95252	39737
s__Pauljensenia_turicensis	0	0	0	0	0	0	0	0	0	0	0	0	0	11227	0	0	0	0	0	0	0	0	0	0	0	0	7122	0	0	0	0	0	0	0	0	0	0	0
s__Peptidiphaga_gingivicola	352425	0	20921	760789	74645	348697	71840	46799	203812	0	79830	3926	13636	168167	18437	10626	55114	300366	224720	123768	1861	17008	112846	92954	234731	282893	92124	78210	21850	0	179315	23621	58622	19716	30133	58602	74418	683364
s__Peptidiphaga_sp000466165	1810655	3961	2932383	531434	742499	815977	614904	220818	326336	576071	178597	27612	0	743191	66533	0	353276	167909	243826	0	86236	74635	1498051	82236	1586386	297861	3447162	1059948	203328	0	515146	474166	63933	149277	164008	7733	0	39136
s__Trueperella_pyogenes	0	0	0	0	0	0	0	11825	0	0	0	0	0	0	0	0	0	0	0	0	0	0	0	0	0	0	0	0	0	0	0	0	0	0	0	0	0	0
s__Varibaculum_cambriense	0	0	0	0	0	0	0	0	20625	0	0	0	0	0	0	0	0	0	0	0	0	0	0	0	0	0	0	0	0	0	0	0	0	0	0	0	0	0
s__Alloscardovia_omnicolens	0	0	0	0	0	0	0	0	0	0	0	0	0	0	0	0	0	0	0	0	0	0	0	0	0	0	0	0	0	0	0	143107	0	0	0	0	0	0
s__Bifidobacterium_dentium	14525	0	11712	14455	0	0	0	204186	2383	0	0	108353	0	0	0	0	0	0	683061	0	0	7564	0	293092	23965	0	0	0	0	854337	0	0	71749	0	0	0	0	281581
s__Bifidobacterium_moukalabense	0	0	0	0	0	0	0	0	0	0	0	0	0	0	0	0	0	0	4921	0	0	0	0	0	0	0	0	0	0	13216	0	0	0	0	0	0	0	0
s__Parascardovia_denticolens	0	0	201682	382009	0	0	0	0	113755	0	174279	1149244	0	0	0	703031	0	0	0	0	0	41019	0	1775774	714911	0	0	0	0	317097	0	0	35975	0	0	0	0	0
s__Scardovia_inopinata	219229	0	0	0	0	0	0	0	57870	0	0	119964	0	0	0	0	0	0	0	0	0	0	0	67311	0	0	0	0	0	0	0	0	48100	0	0	0	0	0
s__Scardovia_wiggsiae	18532	58114	835021	481767	0	0	77952	1924527	242257	753497	83732	306543	206400	0	335717	533017	47412	132527	530888	196069	0	8664	913745	141005	224587	70776	8082	0	415496	22627	0	125197	505572	296588	226085	9917	16426	0
s__Cellulomonas_composti	0	0	0	0	0	0	11723	0	0	0	0	0	0	0	0	0	0	0	0	0	0	0	0	0	0	0	0	0	0	0	0	0	0	0	0	0	0	0
s__Rarobacter_faecitabidus	0	0	0	0	0	0	0	0	0	0	0	0	0	0	0	0	0	0	0	0	0	0	0	0	0	4405	0	0	0	0	0	0	0	0	0	0	0	0
s__Brachybacterium_muris	0	0	0	0	0	0	0	0	0	0	0	0	0	0	0	0	0	4823	0	0	0	0	0	0	0	0	0	0	0	0	0	0	0	0	0	0	0	0
s__Brachybacterium_paraconglomeratum	0	0	0	0	0	0	0	0	0	0	0	2842	0	0	0	3338	0	0	0	0	0	0	0	0	0	0	0	0	0	0	0	0	0	0	0	0	0	0
s__Dermabacter_hominis	0	0	0	0	0	0	0	0	0	0	0	0	0	3448	0	0	0	0	0	0	0	0	0	0	0	0	0	0	0	0	0	0	0	0	0	0	0	0
s__Dermacoccus_abyssi	0	0	0	0	0	0	0	0	5116	0	0	0	0	0	0	0	0	0	0	0	0	0	0	0	0	0	0	0	0	0	0	0	0	0	0	0	0	0
s__Janibacter_hoylei	0	0	0	0	0	0	0	0	0	6548	0	0	0	0	0	0	0	0	0	0	0	0	0	0	0	0	0	0	0	0	0	0	0	0	0	0	0	0
s__Janibacter_indicus	0	0	0	0	0	0	0	0	0	0	0	0	0	0	0	0	0	0	0	0	0	0	0	0	0	0	0	0	0	5637	0	0	0	0	0	0	0	0
s__Leucobacter_sp000633415	0	0	0	0	0	0	0	0	4626	0	0	0	0	0	0	0	0	0	0	0	0	0	0	0	0	0	0	0	0	0	0	0	0	0	0	0	0	0
s__Microbacterium_barkeri	0	0	0	0	0	0	0	0	2894	0	0	0	0	0	0	0	0	0	0	0	0	0	0	0	0	0	0	0	0	0	0	0	0	0	0	0	0	0
s__Microbacterium_sp903645325	0	0	0	0	0	0	0	0	0	0	0	1757	0	0	0	0	0	0	0	0	0	0	0	0	0	0	0	0	0	0	0	0	0	0	0	0	0	0
s__Pseudoclavibacter_helvolus	0	0	0	0	0	23480	0	0	0	0	0	0	0	0	0	0	0	0	0	0	0	0	0	0	0	0	0	0	0	0	0	0	0	0	0	0	0	0
s__UBA3913_sp002391425	0	0	0	0	0	0	0	0	0	0	0	0	0	0	0	0	0	0	0	0	0	0	0	0	0	0	0	0	0	0	22829	0	0	0	0	0	0	0
s__Kocuria_atrinae	0	0	0	0	0	0	0	0	0	0	0	0	0	0	0	0	0	14670	0	0	0	0	0	0	0	0	0	0	0	0	0	0	0	0	0	0	0	0
s__Kocuria_carniphila	0	0	0	0	0	0	0	0	0	0	0	0	0	0	0	0	0	12962	0	0	0	0	0	0	0	0	0	0	0	0	0	0	0	0	0	0	0	0
s__Kocuria_palustris	0	0	0	0	0	0	19037	13829	6658	2994	0	13957	4442	0	0	0	0	10751	0	0	0	0	0	0	0	0	0	0	0	8440	0	0	0	0	4415	0	17929	0
s__Kocuria_rosea	0	0	0	0	0	0	0	4980	0	0	0	0	0	0	0	0	0	0	0	0	0	0	0	0	0	0	0	0	0	0	9332	0	0	0	0	0	0	0
s__Kocuria_salsicia	0	0	0	0	0	0	0	0	35844	0	0	0	0	0	0	0	0	0	0	0	0	0	0	0	0	0	0	0	0	0	0	0	0	0	0	0	0	0
s__Micrococcus_luteus	0	0	0	0	0	0	0	0	8230	8230	0	17170	0	0	0	0	0	0	0	0	0	0	0	0	0	0	0	0	0	7038	0	0	20442	0	0	7002	0	0
s__Rothia_aeria	43769561	13401426	6572514	38294612	33860562	28636071	8241343	1728257	37860036	9360679	14833044	46313190	10495279	15135882	31628938	31209970	6060605	22253271	5981497	2828627	6602169	4196546	23353469	11473956	22356335	10667592	6801321	17619119	9033164	7758762	2817913	21987912	6459945	14097946	3056752	7074419	7704170	31133405
s__Rothia_dentocariosa	18067749	1555353	1325597	7674102	9626649	26183218	4148178	5639795	13370909	7171486	8640780	10439985	3624399	8651022	2569066	2703950	358289	6498337	7658176	478127	607729	5795531	2858470	12201395	5424615	8457374	6384828	3111903	10851213	2264937	5877550	20999840	31653792	4055147	1802596	1726222	1961612	17111842
s__Rothia_mucilaginosa	42019844	76521579	53870166	27533525	19821693	56696240	47207485	12216865	12378437	66051753	29525977	50817065	76493809	40231738	38469451	9156668	7002403	24050912	39675398	71308483	51970722	106946465	47790095	73198227	51638202	34920234	62250320	53219382	9550576	86455360	117752153	70426041	17336551	7926458	37049443	54418851	26946643	14332599
s__Rothia_mucilaginosa_A	11537554	4059314	10311928	2532504	626428	1978379	6303780	14816470	7386164	4263042	619816	1054888	2347806	222316	412365	186749	6592226	790777	4106514	6343804	1084049	4471231	1859840	4662709	780463	1445360	8181203	573853	433671	39342029	6435689	6046625	361962	11231303	1874915	38105433	15686825	7011327
s__Rothia_mucilaginosa_B	1296562	55928214	56239797	37301122	45003060	50634225	28011071	8674346	21368219	1938699	32373834	1489652	8733986	1209255	2258385	30317137	6702570	42213331	39864615	100829850	66756872	8656771	21873601	3758506	2900991	18811956	58967859	17911528	13596391	5626532	6006827	54001885	7463440	12542029	36780653	6099725	22913190	14018132
s__Rothia_sp001808955	5787793	30095932	29441563	16746332	20823697	37446579	10060351	6500580	8641479	22173266	24402315	8805157	15209222	5613088	7376966	4629036	4985883	14095537	20685228	46657276	40943786	30399814	20875651	11358234	7938421	19401877	30264868	19861922	4596829	16056917	27097313	26134202	5200057	11156041	44785473	21619951	13966246	4313635
s__Rothia_sp902373285	256786	691185	707953	442539	23114	707274	21943	285549	139204	137007	919161	0	0	116600	141561	109558	163218	131893	541448	270202	1998264	107865	408948	285326	50638	423739	579611	329872	24456	906675	100783	318184	99406	165216	1009798	1090894	321038	126184
s__Rothia_terrae	0	0	0	0	0	0	0	0	0	0	0	0	0	7438	0	0	0	0	0	0	0	0	0	0	0	0	0	0	0	0	0	0	0	0	0	0	0	0
s__Frankia_coriariae	0	0	0	0	0	0	0	0	0	0	0	0	0	0	0	0	0	0	0	0	0	0	0	0	0	0	0	0	0	0	0	0	0	0	106934	0	0	0
s__Corynebacterium_afermentans	0	0	0	0	0	0	0	0	0	0	0	0	16544	0	0	0	0	0	0	0	0	0	0	0	0	0	0	0	40492	0	0	0	0	0	0	0	0	0
s__Corynebacterium_amycolatum_A	0	0	0	0	0	0	0	0	0	0	0	0	0	0	0	0	0	0	0	0	0	0	0	0	0	0	0	0	0	0	0	47543	0	0	0	83045	0	0
s__Corynebacterium_argentoratense	0	0	0	0	0	6783	0	0	0	0	0	0	5856	0	0	0	0	0	0	0	0	0	0	0	0	0	0	0	0	0	0	1558379	0	0	0	0	0	0
s__Corynebacterium_aurimucosum_E	0	0	0	0	0	0	0	0	0	0	0	0	0	0	0	0	0	0	0	0	0	0	0	0	0	0	0	0	16738	0	0	0	0	0	0	0	0	0
s__Corynebacterium_durum	1056214	272325	1201907	1414726	1125871	2454356	10009959	224136	853627	2378471	1556193	2269406	346544	680667	1045588	728156	248317	842953	683105	293032	420395	355624	467931	1328911	916285	4529405	260112	3701185	1632600	4906892	875420	551492	4037991	868495	58164	491691	1068885	4075918
s__Corynebacterium_efficiens	0	0	0	0	0	0	0	0	0	0	0	0	0	0	0	0	0	0	0	0	0	0	0	0	0	0	0	0	0	0	0	0	0	0	0	9196	0	0
s__Corynebacterium_jeddahense	0	0	0	0	0	0	2745	0	0	0	0	0	0	0	0	0	0	0	0	0	0	0	0	0	0	0	0	0	0	0	0	0	0	0	0	0	0	0
s__Corynebacterium_matruchotii	3440841	658239	4603948	2977387	2491668	2850139	2413283	2373105	14859345	2318529	1262361	3536144	734241	1765827	2024958	1287156	1129484	2522506	3668126	429453	2466548	1336904	3405538	20516113	4578191	11569433	836126	267733	732844	2018056	2124376	1915301	4362457	1626924	1354664	2333667	1593001	1499522
s__Corynebacterium_propinquum	0	0	0	0	0	0	94785	0	0	33842	0	0	0	0	0	0	0	0	0	0	0	0	0	0	0	0	0	0	0	0	0	0	0	0	0	0	0	0
s__Corynebacterium_pseudodiphtheriticum	6341	4601	10611	0	0	0	0	0	0	296996	0	23997	0	0	0	0	0	18890	0	0	0	0	5509	0	0	0	0	2130	0	168774	0	0	0	0	0	5590	8263	12211
s__Corynebacterium_simulans	0	0	0	0	0	0	0	0	0	0	0	0	0	0	0	0	0	0	0	0	0	0	0	0	0	0	0	0	0	0	0	0	0	0	0	0	0	6236
s__Corynebacterium_sp900539985	0	0	0	0	0	0	0	0	0	0	0	0	0	0	0	0	0	0	0	0	0	0	0	0	0	0	0	0	6946	0	0	0	0	0	0	0	0	0
s__Corynebacterium_tuberculostearicum	0	0	0	0	0	0	0	0	0	0	0	0	0	0	0	0	0	0	0	0	0	0	0	0	0	0	0	0	18241	0	0	0	0	0	0	0	0	0
s__Corynebacterium_tuberculostearicum_C	0	0	0	0	0	0	0	0	0	0	0	0	0	0	0	0	0	0	0	0	0	0	0	0	0	0	0	0	13831	0	0	0	0	0	0	0	0	0
s__Gordonia_aichiensis	0	0	0	0	0	0	0	0	0	0	0	0	0	0	0	0	0	0	0	0	0	0	0	0	2216	0	0	0	0	0	0	0	0	0	0	0	0	0
s__Gordonia_sputi	0	0	0	0	0	0	0	0	0	0	0	0	0	0	0	0	0	0	0	0	0	0	0	0	3540	0	0	0	0	0	0	0	0	0	0	0	0	0
s__Lawsonella_clevelandensis_A	0	0	0	0	0	0	0	0	0	0	0	0	0	0	0	0	0	11454	0	0	0	0	0	0	0	0	0	0	0	0	0	0	0	0	0	0	0	0
s__Mycobacterium_sp001665295	0	0	0	0	0	0	0	0	0	0	0	0	3068	0	3447	0	0	0	0	0	0	0	0	0	0	0	0	0	0	0	0	0	3868	0	3764	0	0	0
s__Rhodococcus_B_fascians	0	0	0	0	0	0	0	0	0	0	0	0	0	0	0	0	0	0	0	0	0	0	0	0	0	0	0	0	0	0	0	0	0	0	2463	0	0	0
s__Rhodococcus_B_sp002259415	0	0	0	0	0	0	0	0	0	0	0	0	0	0	0	0	0	0	0	0	0	0	0	0	3720	0	0	0	0	0	0	0	0	0	0	0	0	0
s__Tsukamurella_tyrosinosolvens	0	0	0	0	0	0	0	0	0	0	0	0	0	0	0	0	0	0	0	0	0	0	0	0	14239	0	0	0	0	0	0	0	0	0	0	0	0	0
s__Saccharopolyspora_sp004348435	0	0	0	0	0	0	0	0	0	0	0	0	0	0	0	0	0	0	0	0	0	0	0	0	0	0	0	0	0	2393	0	0	0	3633	0	0	0	0
s__Nocardioides_sp003660455	0	0	0	0	0	0	0	0	0	0	0	0	0	0	0	0	0	0	0	3101	0	0	0	0	0	0	0	0	0	0	0	0	0	0	0	0	0	0
s__Arachnia_propionica	504139	74018	223866	1087319	765056	738137	342027	166549	221747	453648	646782	300647	411325	227150	315207	546484	96925	574299	263584	256183	143937	137025	203579	424050	1861093	61065	172646	74009	298156	183215	765814	297997	547123	62852	134689	186867	445880	325074
s__Arachnia_propionica_B	0	0	0	0	0	0	0	0	0	0	0	0	0	0	0	0	0	10249	0	0	0	0	0	0	0	0	0	0	9752	0	0	0	0	0	0	0	0	7016
s__Arachnia_propionica_C	0	0	0	11443	0	0	6102	0	0	0	0	0	0	0	0	0	0	0	0	0	0	0	0	0	0	0	0	0	0	0	0	0	0	0	0	0	0	0
s__Arachnia_sp003932855	0	0	0	0	0	0	0	0	30437	0	0	0	5535	21150	6122	0	4671	0	0	0	0	0	0	0	0	0	0	0	3628	0	0	7487	0	0	0	0	0	0
s__Arachnia_sp013333735	1603378	10202	4274	1745094	3256040	1076789	89675	15332	689599	12716	647310	2230320	66677	2253358	519148	284360	48613	5255360	8148	3916452	156097	122713	216490	461541	968822	803079	497188	1334218	86096	3790093	42854	455510	10121	1426808	421092	1375708	726013	2001094
s__Arachnia_sp013333945	1959265	1260264	312788	2535055	785763	2279936	2394449	432400	1834905	770643	279858	635163	272633	701085	600567	546431	645640	2840121	411651	119278	59325	186261	745313	1110989	1429850	268129	281712	22403	1771895	120528	715416	319747	267344	197504	189721	459584	385932	4908164
s__Arachnia_sp900607225	95465	15104	16417	153600	98360	132266	94685	12025	30337	29336	20308	43276	39906	39394	51202	46613	23206	51746	11525	42609	0	3101	28250	0	36600	12413	15904	12802	62642	8160	68587	22420	83173	4304	9350	21037	9565	30028
s__Cutibacterium_acnes	0	10102	54255	19975	39524	66325	24448	52611	35543	18523	46518	51609	18750	40396	57114	116477	45812	176046	13429	91120	279135	72234	41018	17829	11832	70475	3451	91011	52319	12615	96523	29827	13428	19316	36140	120223	17328	0
s__Cutibacterium_avidum	0	0	0	0	0	0	0	0	0	0	0	0	0	0	0	0	0	0	0	0	73631	0	0	0	0	0	0	0	0	0	0	0	0	0	0	0	0	0
s__Cutibacterium_granulosum	0	0	0	0	0	0	0	0	0	0	0	3635	0	0	0	0	0	0	0	0	0	0	0	0	0	0	0	0	0	0	0	0	0	0	0	0	0	0
s__Propionibacterium_acidifaciens	482393	0	207760	1820671	0	0	32263	519873	519013	0	722804	934622	27573	8350	22445	863647	0	0	1618953	0	0	0	0	2155869	291058	0	2721	0	6856	279718	0	43739	1129785	530745	3794	2885	0	0
s__Propionibacterium_australiense	0	0	0	18369	0	0	0	0	0	0	0	5944	0	0	0	0	0	0	0	0	0	0	0	0	0	0	0	0	0	0	0	0	0	0	0	0	0	0
s__Propionibacterium_sp900289195	0	0	0	25296	0	0	0	0	0	0	0	16467	0	0	0	0	0	0	0	0	0	0	0	0	0	0	0	0	0	0	0	0	0	0	0	0	0	0
s__Lancefieldella_parvula	40069	65716	386025	270330	78948	0	92981	348629	108585	175030	315366	620120	82418	165279	71242	341912	1007869	42602	405293	79217	73131	56627	42727	70717	168850	134327	126896	27403	106728	151248	335107	215326	79465	58048	63970	20436	27444	52248
s__Lancefieldella_rimae	48584	10302	713524	487806	51631	310529	280823	206049	97318	905977	14806	1196064	15441	258851	26052	1206754	725662	141757	230825	0	0	45621	343257	342508	100709	152986	30008	32204	104633	96516	0	139918	192056	39733	89098	43776	0	653798
s__Lancefieldella_sp000411555	0	0	6627	0	0	0	0	0	0	0	0	14157	0	0	0	0	0	0	0	0	0	0	9923	0	0	0	0	0	0	0	55571	0	0	0	0	0	0	18917
s__Lancefieldella_sp000564995	3799717	1119880	7994713	567591	5110772	1498724	286089	10626607	1854700	890754	9443105	138621	2503446	5382053	2496660	647267	53950871	1665735	6949857	2320996	3632373	2126589	1140159	3072704	67685	1528005	5721783	3136529	3069284	3092414	2079401	6084837	1574917	2568009	3001465	1394168	3306747	438966
s__Lancefieldella_sp900555335	725607	269183	901052	129672	645391	0	73243	1881010	472538	132777	1830136	0	693651	1549019	461393	242884	8159335	346396	1545354	701853	527637	453551	258158	336030	0	0	1283624	703397	512801	595393	1195770	775174	159780	828260	565934	240130	511244	104611
s__Lancefieldella_sp902373375	147703	65916	788155	40051	129603	0	0	142175	55668	26633	569105	26708	92244	308977	96994	93125	2321053	107849	535139	37808	160076	192765	45341	133037	0	0	240439	82410	104679	378306	0	339301	219538	66355	99109	69621	144078	0
s__Olegusella_sp002407925	0	2881	0	0	0	0	0	0	0	0	0	0	0	5022	0	0	7142	0	0	0	7633	0	0	0	0	10411	5581	0	0	0	0	0	0	0	0	0	0	0
s__Olsenella_profusa	10117	0	16717	84820	0	0	0	0	29536	0	64225	243857	0	0	0	64155	0	0	0	0	0	0	0	279868	18551	0	0	0	0	63477	0	0	11825	0	2192	0	0	0
s__Olsenella_sp001189515	30853	0	14615	9917	25015	0	67131	24552	13116	125235	24109	83639	6277	51923	8297	43204	36810	58980	59528	0	0	9084	395982	55792	21960	0	19505	7181	49813	82399	6628	17416	55114	7136	8169	0	3616	39436
s__Olsenella_uli	0	0	0	0	33520	172662	14729	30063	2723	0	0	97194	0	18544	0	0	0	0	319712	0	0	2621	0	9285	0	0	44111	0	3047	2133	0	0	4539	0	0	0	0	0
s__Olsenella_B_sp900605015	0	0	0	0	0	0	0	0	0	0	0	16768	0	0	0	0	0	0	3167	0	0	0	0	0	0	0	0	0	0	0	0	0	0	0	0	0	0	0
s__UBA1367_sp002305995	0	0	0	0	0	0	0	0	0	0	0	0	0	0	0	0	0	0	0	0	0	0	0	10618	0	0	0	0	0	0	0	0	0	0	0	0	0	0
s__UBA7748_sp003862175	0	0	0	0	0	0	0	0	0	0	0	0	0	0	0	0	0	0	0	0	0	16208	0	74824	0	0	0	0	0	0	0	0	7165	0	0	0	0	0
s__Cryptobacterium_curtum	12822	0	8859	60729	11107	0	18135	41688	8410	0	4072	83439	9415	0	4840	105852	0	0	63737	0	0	8904	20308	34056	18150	61065	0	0	0	40649	0	7387	71448	7146	2212	0	0	0
s__DNF00809_sp000814825	0	0	0	0	0	0	0	0	0	0	0	0	0	0	0	0	0	0	0	0	0	0	0	0	0	0	0	0	0	0	0	5115	0	0	0	0	0	0
s__Slackia_exigua	6431	963	21822	35936	20713	33012	35369	26055	2783	0	5632	36850	4562	62148	4228	37791	64917	15272	25755	2591	3581	5012	0	0	2758	50954	11003	5001	17941	12015	0	12711	13127	4534	7278	3226	0	60055
s__UBA10988_sp002409445	0	2000	0	0	0	0	0	0	0	0	0	0	0	3759	0	0	1390	0	0	0	1951	0	0	0	0	5566	3671	0	0	0	0	0	0	0	0	0	0	0
s__UBA5352_sp002411015	0	1260	0	0	0	0	2936	0	0	0	0	0	0	8049	0	0	0	0	0	6631	9774	0	0	0	0	1632	1220	1610	2125	0	662	0	0	0	0	0	0	0
s__Alloprevotella_rava	0	30807	239985	0	474881	0	56911	1282271	17922	11815	2102483	71088	135676	561014	729938	22956	310146	36272	192246	141898	5512	247956	0	200247	21659	250690	217742	166791	360320	10613	146854	660321	18138	377143	90800	74931	413544	9899
s__Alloprevotella_tannerae	0	18504	147837	185340	42426	492551	1089615	946857	1376495	0	310326	25604	394301	572808	964854	289470	1338480	1324779	3170567	36808	64127	174999	1947040	715314	375593	314636	314800	296393	133697	29335	1368438	143492	90388	986650	243621	246228	185698	621762
s__Bacteroides_heparinolyticus	0	0	0	0	0	0	0	0	0	0	0	0	0	0	0	0	0	0	0	0	0	0	0	0	0	0	0	0	0	0	0	0	0	0	4445	0	0	0
s__Bacteroides_sp900552405	0	0	0	0	0	0	0	32969	0	0	36814	0	0	6796	0	0	0	0	0	0	0	11706	0	0	0	0	0	0	0	0	14619	8237	0	0	0	0	0	0
s__F0040_sp000318095	30953	96123	48549	178277	33420	229290	1507715	565028	66481	293443	381895	27712	639737	160525	2897747	226769	196511	685728	280328	44510	72930	574548	37600	228662	12233	0	8232	29504	88000	518411	56872	100286	1531349	325879	109232	56298	88641	2453104
s__F0040_sp003639005	172037	105373	39240	90642	116125	40237	309005	276375	50762	9492	206531	50806	56650	89613	466153	117788	218928	58779	98311	52912	52422	79938	13371	33956	225596	10211	65317	37905	48310	34341	132215	51246	70947	142044	87096	91359	21134	666448
s__F0040_sp003859795	0	0	0	0	10807	0	0	0	0	0	0	0	0	19546	0	0	0	0	9150	27006	0	0	0	0	0	0	0	0	0	0	0	0	286073	30525	6437	0	0	0
s__F0040_sp004555055	0	0	0	0	0	0	0	0	0	0	0	0	7720	0	0	0	0	0	0	0	0	0	0	0	0	0	0	0	0	0	0	0	0	0	0	0	0	0
s__F0040_sp900095835	101818	72517	93795	821666	106012	290919	7145566	3210377	720514	962685	485547	135463	3869578	780089	1792983	1735310	1066917	4902168	1288616	402685	42118	933585	93899	573940	168131	155491	21405	283616	499507	3035139	240060	455386	4460778	897384	197320	75131	125906	7231835
s__Phocaeicola_abscessus	0	0	0	0	0	0	3677	0	0	0	0	0	0	0	0	0	0	0	0	0	0	0	0	0	0	0	0	0	0	0	0	0	0	0	0	0	0	0
s__Prevotella_amnii	0	158073	115117	0	0	0	0	0	0	0	75529	0	54043	294982	28156	0	58315	0	36178	0	0	34016	23022	0	0	111393	131287	0	55426	51062	0	319221	0	0	20523	0	0	39336
s__Prevotella_aurantiaca	121517	143662	492673	27303	366645	793442	13627	180149	94815	27534	400225	27010	61663	490318	448824	323052	308992	251677	271485	983328	83435	1607471	38907	24841	0	118843	295018	733329	112921	43452	1228757	690462	75657	73160	536966	234299	575765	30728
s__Prevotella_baroniae	0	0	0	0	3422	0	34567	0	0	0	0	10643	0	0	91182	0	0	0	0	0	4652	11605	0	0	0	0	20705	0	3127	0	0	0	0	0	0	0	0	0
s__Prevotella_bivia	34560	0	176184	30114	96959	0	0	76762	0	0	180249	0	60861	32277	37575	0	25007	162450	189215	45710	0	11005	0	0	0	0	65717	42605	0	0	0	20819	0	0	35439	32857	160091	0
s__Prevotella_brunnea	0	0	0	0	0	0	0	0	0	0	0	0	0	78286	0	0	0	0	0	0	86736	0	0	0	0	0	0	0	0	0	0	0	0	0	0	0	0	0
s__Prevotella_buccae	11019	0	13814	7779	5363	0	19238	84778	11814	0	7323	101934	0	10725	39980	37390	0	18990	46700	0	0	13006	0	11319	0	0	2301	3360	5242	4706	0	6276	6794	0	10411	3105	9255	44541
s__Prevotella_buccalis	0	0	0	0	0	0	0	0	0	0	0	0	0	0	0	0	10003	0	0	0	0	0	0	0	0	0	0	0	0	0	0	0	0	0	0	0	0	0
s__Prevotella_colorans	0	0	0	0	29918	0	0	0	0	0	0	0	0	61747	0	0	0	0	0	0	0	0	0	0	0	0	0	0	0	0	0	0	0	0	0	0	0	0
s__Prevotella_conceptionensis	424622	136924	371344	685385	185430	162373	490523	524902	994348	64280	882084	167421	235874	466066	1412021	57138	246199	583812	779020	76517	32414	155967	1918269	596382	642831	448728	239197	103092	199656	300180	542057	410933	132078	463429	429316	84147	117267	285963
s__Prevotella_corporis	0	0	0	0	0	0	0	0	0	0	0	0	0	0	20441	0	0	0	0	0	0	7323	0	0	0	0	0	0	0	0	0	0	0	0	0	0	0	0
s__Prevotella_denticola	278575	9212	706925	533222	56434	47662	628085	836918	394965	377538	747552	2734041	24866	356830	167656	1263573	187605	145413	1454259	46810	32814	163789	137639	289758	201655	0	116756	60607	411075	868527	36747	358972	307714	309000	78386	25845	68609	1244684
s__Prevotella_disiens	17130	13603	201021	0	87953	0	0	61830	0	7619	730962	26307	0	237131	121088	0	58415	0	28561	0	7023	285407	0	0	0	0	0	87411	27462	11414	0	0	0	128203	33937	0	0	0
s__Prevotella_enoeca	0	0	8148	12748	0	0	17434	13729	10212	7309	3491	8545	0	20248	0	0	18005	21402	36779	0	0	0	24229	0	0	0	5872	5841	5813	0	0	4354	0	13511	0	0	0	14113
s__Prevotella_falsenii	0	8012	0	0	0	0	0	0	0	0	9754	0	0	0	0	0	0	0	0	0	0	0	0	0	0	0	0	0	0	0	0	15714	0	0	0	0	21735	0
s__Prevotella_fusca	13523	84220	64966	31118	409742	192022	0	62732	15819	18122	66926	90568	12834	60744	115793	25361	72519	94951	64338	172337	54523	34216	34785	154910	8634	0	215691	12702	25558	27333	69488	63157	0	30825	63269	22339	0	15114
s__Prevotella_histicola	22123882	6198152	28027301	206466	19991391	1153230	884979	26886607	1728624	2945164	44957091	638227	18954262	16032301	3195992	2623117	29848946	528864	14048097	2770959	116763	13309441	3347527	5911242	400827	1131158	70190273	18807306	344729	7904038	12976296	39645959	6627617	9680285	3128235	6097255	21722814	1925112
s__Prevotella_intermedia	66615	100158	152472	208536	78848	112970	150049	439944	201420	87508	515079	102934	75099	602306	1209904	132310	191750	108503	147794	290150	131532	806865	421985	12220	59863	307049	230385	205296	395266	135906	229059	1140948	178414	157181	476822	163769	207283	138604
s__Prevotella_jejuni	3152495	3949739	1884403	717490	1151871	1145807	419182	9063031	3107627	331079	26436994	635431	843380	6109004	2791432	220858	25639608	1703986	18456063	2112259	1141364	16589616	1100232	1276211	122065	462564	1208807	5530306	946718	2034567	7378700	11190108	1945825	1067570	3297883	1918936	14090247	420619
s__Prevotella_koreensis	0	0	0	0	0	0	62822	0	0	0	0	0	0	0	0	0	0	0	0	0	0	0	0	0	0	0	8242	0	0	0	0	0	0	0	7478	0	0	0
s__Prevotella_loescheii	325326	35909	279779	258494	327982	103916	141285	163359	468186	8801	224691	617614	201485	546104	543484	342894	130595	282876	256470	112331	25010	81338	66051	176472	342719	58563	78120	47806	429070	138353	120334	81974	433990	32327	55561	144071	326287	934906
s__Prevotella_maculosa	340289	18905	182746	121060	81349	316056	110748	43191	352162	60475	89234	143988	50233	349092	138339	96133	53714	100075	307328	24705	19408	34816	316333	218739	250446	129223	42811	17502	111533	88507	84107	155591	156903	61651	39443	8765	52684	76170
s__Prevotella_marshii	0	0	0	14856	0	115173	19839	20944	8991	0	4762	5603	4251	73775	15431	0	4571	12258	27559	0	0	0	31870	0	98368	0	14404	17702	14834	10012	55771	4144	0	4684	6337	4848	0	22120
s__Prevotella_melaninogenica	12956951	43151199	12483385	15677343	35920156	5347487	4285827	41063078	2411034	5818700	22748624	11994726	11066521	35145711	23026741	3313815	60040417	33033125	18366322	24845191	11340734	29932159	17855069	15630977	2111022	10872430	21344121	13210789	15122568	8905962	20583061	49025713	3066034	13910668	12376629	14528369	13343145	3607256
s__Prevotella_melaninogenica_A	388023	2969218	467464	982620	946455	218924	368771	2690888	183237	124575	1048328	748409	472220	2363886	1840870	1284367	3257689	1484399	628001	1105092	6507538	1454428	457201	3627824	231098	567674	1012257	2129984	727488	199754	4272016	1018343	216373	350003	3061987	817838	737807	155381
s__Prevotella_micans	44978	0	93695	35635	8145	43247	69235	29763	35543	0	4162	19881	27072	180643	89980	12631	6432	0	84382	0	18708	8514	143185	84540	263867	141189	12203	8771	63043	12815	0	35432	16434	45537	18020	4247	16927	273676
s__Prevotella_multiformis	11119	0	20321	0	0	0	178661	10723	9512	7920	53620	135122	17847	480814	22946	0	0	0	8408	0	0	5733	36293	22036	0	0	4291	0	4731	26632	0	120882	0	0	12213	3937	0	32530
s__Prevotella_multisaccharivorax	0	0	11912	27102	0	0	0	0	0	0	0	227181	0	0	0	0	0	0	5923	0	0	0	0	101317	0	0	0	0	0	0	0	0	0	0	0	0	0	0
s__Prevotella_nanceiensis	1237762	20708513	16203572	1858283	6279505	1294373	1523153	2429383	2502665	1786601	2317036	3507199	1162585	4666723	5881721	1543256	1377845	2600557	3386202	13191532	2422934	9183630	1604992	2123747	1618241	2768049	2347143	10377748	977743	1813815	5658263	5344008	2596079	1339669	3835417	2336726	1837639	2471360
s__Prevotella_nigrescens	340963	137526	322691	1710526	153970	448115	333544	872518	128230	115942	118780	358184	92846	347570	1634326	621351	368316	328349	737775	105387	14206	275569	1784675	282070	106435	56560	69218	42005	123214	330033	243481	390456	221810	154208	53258	87252	166758	751867
s__Prevotella_oralis	0	0	0	15659	6884	0	0	0	0	0	0	0	0	8400	0	29271	0	0	152115	0	0	0	2312	0	0	0	9372	0	0	0	0	0	0	0	0	0	0	0
s__Prevotella_oris	436624	187637	1814024	1191952	252222	607030	1725004	2069489	468387	1093183	511448	1703404	473924	721099	317791	846243	574525	3032812	3503173	148454	81534	396423	1716080	762930	1968596	553897	569008	146289	760597	1353732	401539	465955	754193	382381	237732	210997	229707	1569211
s__Prevotella_oulorum	583393	159686	815764	170318	500928	133887	136576	170042	374927	109896	182922	303049	152707	339471	395622	232265	134509	176804	1944405	34207	35015	193039	598505	461097	143400	164043	226231	142061	178166	420488	225531	95386	86981	358069	80488	17330	150308	64660
s__Prevotella_pallens	365527	8928755	9730010	2332975	6902237	2357276	929986	2085914	1815878	487815	8352554	1192489	2060464	16176299	14242560	2027698	23413786	5231540	3767333	10453817	4952834	35893101	1033752	3328647	656834	1438833	5208776	7049538	3063849	1952847	15323132	22727893	1353417	7055422	3465786	5743681	5244172	2387218
s__Prevotella_pleuritidis	86349	21505	0	763449	90455	941807	284253	989234	74591	141485	8653	20282	75600	495081	7004	20149	140118	10450	694267	132633	0	32215	1179178	11419	0	49653	71918	3890	224915	0	335372	151510	65937	111430	11413	43376	471262	685615
s__Prevotella_saccharolytica	62608	5231	123155	123853	57935	0	16833	24852	74390	13216	36714	22290	29679	149912	56413	67563	38010	104189	71654	9232	21109	15507	46648	182579	328290	163769	21506	9731	100444	16019	70790	21419	52709	9258	16818	12422	45773	85879
s__Prevotella_salivae	680517	1564267	4163125	262602	1020242	512750	197336	3095762	2125822	252136	8978959	231741	1214925	9157155	966407	287523	10154856	1379616	8219135	1084302	799539	3831795	245856	2100624	94959	993582	3409386	3203321	881674	656422	3518771	7565284	676730	1788588	766812	725988	3552626	377178
s__Prevotella_scopos	210046	1955606	153818	1767740	63739	146070	79756	577249	104372	772584	368621	39661	196711	8643904	427285	104290	956065	3466107	1087218	559711	127846	285026	66353	1524130	33191	380631	99326	293240	176132	122728	3684399	719334	188353	1938144	377488	1067505	132152	60656
s__Prevotella_seregens	0	0	0	0	0	0	0	0	0	0	0	0	0	0	0	0	0	0	0	0	0	7213	0	0	0	0	1660	0	14433	0	0	0	0	0	0	0	0	0
s__Prevotella_shahii	19033	377759	137291	962295	1356923	588578	620253	60327	2919142	5437	1208054	530374	30080	1323271	4642304	0	83422	1035920	27559	1722318	18608	655987	572091	56994	216441	121855	39310	4514155	1288719	13817	4292976	101661	248365	1170814	516318	1759302	0	2325252
s__Prevotella_sp000163055	121000	1936192	2068127	165198	507507	199394	327376	240978	259951	286273	1283058	432460	151568	1712900	682212	401972	359386	407486	428224	2168549	530043	2180201	172375	478190	150086	66871	372567	1500281	136720	243586	396456	696185	503581	190261	450754	310145	138725	2884891
s__Prevotella_sp000257925	3652100	2113763	5264195	190433	4150492	233141	241572	11074897	875695	67684	20398087	351207	5252924	22897304	2284820	297264	21608703	458536	12965406	429961	121106	10116704	360680	2660936	103357	485021	2900013	6270607	3205370	137294	3449796	8964183	779520	2721604	2189990	1386839	5632204	335323
s__Prevotella_sp000467895	176497	138867	183520	66351	267717	185012	86469	402414	24730	60875	166630	128365	266170	674899	381591	287033	294003	311497	353946	62214	87637	462602	546673	260684	55251	80386	285917	227805	150446	113838	662862	905537	43089	173835	273330	182288	332113	91184
s__Prevotella_sp000599605	112600	582498	422467	37843	2056523	349076	13627	134275	131669	20826	421237	49802	98561	517374	319318	48918	159225	119200	187974	110866	125904	696660	29758	736469	21459	159645	656146	384021	93512	193588	787440	227491	30263	790836	52958	40871	442997	66661
s__Prevotella_sp000758925	0	0	0	26801	0	0	0	59325	13617	0	21708	0	31483	19045	0	0	14604	0	26858	0	0	48923	0	0	0	0	0	0	0	0	0	0	73753	18916	17719	0	15324	17716
s__Prevotella_sp001553265	0	0	0	0	0	0	0	0	0	0	0	0	0	0	0	0	3861	0	0	0	0	0	0	0	0	0	0	0	0	0	0	0	0	0	0	0	0	0
s__Prevotella_sp002437285	0	0	0	0	0	0	0	0	0	0	0	0	0	0	0	0	0	0	0	0	0	8914	0	0	0	0	0	0	0	0	0	0	0	0	0	0	0	0
s__Prevotella_sp003043925	0	0	0	0	0	0	20540	0	0	0	25810	0	0	0	0	0	0	0	0	0	18308	16208	0	0	0	0	0	3200	6946	0	0	5775	0	0	3554	0	0	0
s__Prevotella_sp003043945	0	0	0	0	0	0	0	0	0	0	4212	0	0	0	5772	0	0	0	0	0	0	32515	0	0	0	0	0	0	0	0	0	0	0	0	0	0	0	0
s__Prevotella_sp013333285	0	291492	156909	157323	98260	237202	18135	219535	53165	18523	274534	9820	42914	680693	378113	23356	266834	256234	89693	529517	282286	851954	16387	42570	54449	83589	38210	414444	209024	6468	583703	337733	43691	354889	216391	103097	16526	284310
s__Prevotella_sp013333935	13523	2641	70671	33426	29618	0	33465	68444	15819	33141	35414	148563	16343	108900	123183	51725	29708	38081	140717	0	0	14807	113127	0	20356	28330	9192	8521	26861	73689	18223	38635	28960	20917	5967	0	0	38535
s__Prevotella_sp900113305	0	0	0	7087	0	0	0	0	0	0	0	0	0	0	0	0	0	0	0	0	0	0	0	0	0	0	0	0	4671	0	0	0	0	0	0	0	0	0
s__Prevotella_sp900318855	0	0	0	0	0	0	0	21245	0	0	0	0	0	0	0	0	0	0	0	0	0	0	0	0	0	0	0	0	0	0	0	0	0	0	0	0	0	0
s__Prevotella_sp900540375	0	0	2803	0	0	0	0	15733	0	0	0	0	0	0	0	0	0	0	0	0	0	0	0	0	0	0	0	0	0	0	0	0	0	0	0	0	0	0
s__Prevotella_stercorea	0	0	0	0	0	0	0	0	0	0	0	0	0	0	0	0	0	0	0	0	0	0	0	0	0	0	0	6571	0	0	0	0	0	0	0	0	0	0
s__Prevotella_timonensis	0	0	0	0	0	0	0	0	0	0	0	0	0	0	29659	0	0	0	0	0	0	0	0	0	0	0	0	0	0	0	0	0	0	0	0	0	0	0
s__Prevotella_timonensis_A	0	0	0	0	0	0	0	0	0	30137	0	0	0	0	0	0	0	0	0	0	4892	15507	0	0	0	0	33309	0	0	0	0	39936	0	0	0	0	0	0
s__Prevotella_veroralis	623194	125467	961494	432149	555893	152329	588315	1495574	167770	18122	3555365	1249065	837462	2135556	591857	36388	2160024	421718	2203381	94021	8584	973897	1717000	343441	247088	169042	397710	1442218	681158	154174	832431	1474120	418192	460236	367379	190676	792668	916044
s__Prevotellamassilia_sp900768625	0	0	0	0	0	0	0	0	0	0	0	0	0	0	0	0	0	0	8829	0	0	0	0	0	0	0	0	0	0	0	0	0	0	0	0	0	0	0
s__UBA3839_sp900321835	0	9452	0	0	16310	0	13126	0	0	0	6222	0	0	0	0	0	0	0	0	12903	0	5863	0	0	0	0	0	0	0	0	0	0	0	0	10211	0	0	8528
s__Bacteroides_D_periocalifornicus	0	0	0	0	0	0	170411	0	0	0	0	0	0	0	0	0	0	0	0	0	0	0	0	0	0	0	0	0	0	0	0	0	73753	0	19922	0	0	0
s__Bacteroides_D_sp013333835	0	0	0	0	0	0	38275	0	0	0	0	0	0	16239	0	0	0	0	0	0	0	0	0	135483	0	0	0	0	0	0	0	0	0	0	0	0	0	0
s__JABCPG02_sp013333195	0	68016	35135	0	154200	1020944	32163	0	141492	5467	144017	0	0	137432	26954	0	23706	35669	41890	237472	743421	173734	0	25642	82726	130378	14504	21703	9532	0	0	26224	0	87872	207966	43175	0	101550
s__Fermentimonas_sp002398875	0	7662	0	0	0	0	0	0	0	0	0	0	0	0	0	0	0	0	0	0	0	0	0	0	0	11112	0	0	0	0	0	0	0	0	0	0	0	0
s__Petrimonas_sp002356435	0	7562	0	0	0	0	0	0	0	0	0	0	0	5553	0	0	8982	0	0	3551	5022	0	0	0	0	17519	9162	0	0	0	0	0	0	0	0	0	0	0
s__Proteiniphilum_sp002408485	0	0	0	0	0	0	0	0	0	0	0	0	0	0	0	0	5822	0	0	0	0	0	0	0	0	4805	0	0	0	0	0	0	0	0	0	0	0	0
s__Proteiniphilum_sp002410345	0	33208	0	0	0	13646	0	0	0	0	0	0	0	32076	0	0	33409	30244	0	7342	29412	0	0	0	0	76582	32208	6461	0	0	0	0	0	0	0	16429	0	0
s__F0058_sp000163695	53593	4971	402975	954527	97759	171944	269083	87885	655135	0	56121	236936	322432	459349	488810	255974	77320	676171	410173	20605	131475	65931	232686	236573	172682	280483	48212	25303	440467	4225	272379	309672	157395	31526	74181	31555	61999	942039
s__Porphyromonas_catoniae	475593	72917	321275	1306372	1148787	518289	159479	476092	141806	400304	324428	366578	302272	824787	2190563	690004	77820	450683	211520	151704	97041	150748	181351	52887	213963	768709	137555	95912	528192	215289	355526	196625	185980	214982	180847	356402	289741	3444971
s__Porphyromonas_endodontalis	0	0	0	325905	74345	3169437	2307250	1811558	46056	0	3841	0	7841	299008	631988	0	116491	55363	192388	10702	111578	14507	0	0	1095893	0	322070	16402	80884	0	13918	206512	454904	82768	114759	39769	37359	280469
s__Porphyromonas_gingivalis	0	0	0	0	0	0	457908	7786	0	0	0	21487	34692	1453	8707	0	0	50439	10122	0	0	5723	23626	0	0	32735	144156	62808	1413	914	0	0	53210	0	2363	49987	23537	45041
s__Porphyromonas_gulae	0	0	0	0	0	0	0	0	0	0	0	0	0	0	0	0	0	0	0	0	0	0	0	0	0	0	0	0	0	0	0	0	0	0	0	0	0	90884
s__Porphyromonas_pasteri	10330351	32344066	13007734	12325601	65210974	14680042	19251852	6806398	1783656	7320199	22273027	36769258	2318988	15470750	41740366	17962942	4490317	7271277	3986681	22280676	16026766	58460165	6084300	10192550	17267041	5988600	7573793	59341757	8434418	4495539	34726580	10774977	6725981	18222206	34285929	27048979	8583728	15323319
s__Porphyromonas_sp000467855	175515	82420	413412	529608	729623	1303923	754920	532175	292135	103455	379807	551662	397829	858773	2718278	255948	166282	0	2429267	286073	35415	1145263	376843	414057	1322348	114350	30108	101782	382358	205610	358430	188993	353068	654636	1087756	154013	678068	90183
s__Porphyromonas_sp000768875	0	0	0	0	0	0	0	0	0	0	0	0	0	0	0	0	0	0	0	0	0	0	0	0	0	0	0	0	6385	0	0	0	0	0	0	0	0	0
s__Porphyromonas_sp000769075	0	0	0	0	0	0	0	0	0	0	0	0	0	0	0	0	0	0	6434	0	0	0	0	0	0	0	0	0	0	0	0	0	0	0	0	0	0	0
s__Porphyromonas_sp003640335	761114	89121	109621	3963907	760144	1760739	2443208	9069391	116757	97721	15986792	4780697	31658595	932394	340748	1902174	1858237	528097	12296048	745875	147106	1508223	20910629	201994	821786	17046938	2169995	684206	3300301	6463232	1053278	1160302	6445815	4845726	4828989	2313731	7705746	19754045
s__Puteibacter_caeruleilacunae	0	0	0	0	0	0	0	0	0	0	0	0	0	0	0	0	0	0	0	0	0	0	0	0	0	0	0	0	0	0	0	0	0	23219	0	0	0	0
s__Parabacteroides_distasonis	0	0	4475	0	0	0	0	0	0	0	0	0	0	0	0	0	238002	0	0	0	0	0	0	0	0	0	0	0	0	0	0	150071	0	16914	0	0	0	0
s__Tannerella_forsythia	0	0	73875	15358	7044	287591	551081	87384	125922	0	4862	0	0	41699	56112	0	0	0	143350	0	0	0	0	18831	7019	0	34309	35604	143896	0	48061	152932	103113	20217	89198	4899	9125	202368
s__Tannerella_sp002890585	27648	4041	58960	66752	20212	95826	33064	16735	76293	33441	25410	81832	19050	68663	14128	17643	40611	14268	181013	15803	55123	6243	329357	46277	84330	0	24406	6761	51016	2793	14518	74267	33169	62351	15917	11520	11018	56652
s__Tannerella_sp003033925	473985	95923	590388	523697	290821	1331265	214268	220598	1838372	56770	381057	668160	149890	590374	387669	291355	390981	941806	470012	51211	674313	249044	360818	378893	377597	1593457	377841	106182	892188	187738	815769	252556	190899	1149432	188341	159542	113685	1630579
s__UBA3663_sp900319235	0	0	0	0	0	0	0	0	0	0	0	0	0	0	0	0	0	0	4590	0	0	0	0	0	0	0	0	0	0	0	0	0	0	0	0	0	0	0
s__Cecembia_lonarensis	0	0	0	0	0	0	0	0	0	0	0	0	0	0	0	0	0	0	309199	0	0	0	0	0	0	0	0	0	0	0	0	0	0	0	0	0	0	0
s__Pseudarcicella_hirudinis	0	0	0	0	0	0	0	0	0	0	0	0	0	0	0	0	0	0	0	0	0	0	0	0	0	0	0	0	0	0	0	0	0	0	0	9957	0	0
s__Capnocytophaga_endodontalis	333458	154871	178478	730190	138606	932801	122743	163255	1100076	167504	189135	715400	218338	437710	396114	252106	194725	201897	328672	482026	774834	97946	350348	209968	621795	357738	149592	116663	338311	210950	374551	218531	195639	324997	81990	283270	256098	310219
s__Capnocytophaga_gingivalis	507414	2569636	236366	2226490	373192	1914505	712118	170796	1549980	1032960	889913	531434	452143	981511	2257509	239617	39310	687259	133916	1524539	1875759	94044	360013	158481	267045	2433026	233097	1283479	442412	1537775	868396	178730	121996	1680432	118746	1241102	586651	2688548
s__Capnocytophaga_granulosa	546353	325857	754343	513432	224743	533653	304085	262762	4226975	127859	494277	236347	198419	251950	855743	164254	109698	137002	265824	174787	290830	159725	274697	117447	221750	1250122	295525	316720	230141	193562	688523	101598	201218	472538	36240	196250	509723	746875
s__Capnocytophaga_haemolytica	94563	0	0	19072	217133	208404	0	0	173423	0	0	11446	0	0	94188	0	0	464314	0	0	0	28513	0	0	92553	144869	0	0	105824	0	0	20619	0	0	19421	0	0	108777
s__Capnocytophaga_leadbetteri	403753	3130640	646907	1661835	607358	981194	665909	883294	4384091	829818	1396585	785433	379909	1309638	3661527	789707	144932	505241	588277	2368309	908182	264012	313055	293399	769908	1660516	338119	1746316	548024	553672	1572708	353442	383346	2120886	600763	924119	314703	4257429
s__Capnocytophaga_ochracea	627528	182070	451023	783115	572437	481960	236905	151246	1145840	361576	249216	584201	540855	1115417	512499	972954	119964	305177	482531	133598	985128	83939	804165	702440	567795	897119	212335	211670	520696	242646	656658	356873	853691	520987	236850	185446	271841	513795
s__Capnocytophaga_sp000192225	79437	0	24024	160145	20913	0	53805	0	138193	25131	24809	42372	97458	79088	78056	0	23206	62396	0	94821	34514	0	153701	0	144242	0	0	32304	71262	39648	0	43239	118439	0	18721	77034	207051	0
s__Capnocytophaga_sp000318275	27848	758563	63764	258208	160879	0	225928	367918	385848	8621	1616386	15362	132437	80892	403874	146687	173321	33660	408787	355942	76832	169992	141376	0	602942	213886	730697	345287	244347	64778	159304	144822	195761	666866	111398	16629	0	1537498
s__Capnocytophaga_sp000466425	51489	121456	57558	276737	75846	236537	77451	312285	475532	34543	1134340	66972	290577	192053	648805	103684	25107	21402	227552	476991	294402	80038	115101	38163	1207367	219918	83321	297062	57330	79696	123134	42839	141614	631135	0	78938	66406	706457
s__Capnocytophaga_sp002999135	44577	12503	18118	51394	19112	0	0	32669	33741	0	29711	17973	25568	30172	25651	0	0	0	0	53812	16907	0	0	0	19654	0	0	6981	8349	25030	0	0	0	16614	0	21337	0	18217
s__Capnocytophaga_sputigena	1433952	836483	629773	2124243	1107317	1331438	346092	712395	1657232	961013	724969	2860654	945817	1077801	1618532	240386	703667	794823	888563	1720745	5226929	222908	658859	717342	1375734	2420791	623452	766628	559573	1624759	2228725	323692	352189	2713765	383701	1772493	1289087	3143630
s__Flavobacterium_collinsii_A	0	0	0	0	0	0	0	0	0	0	0	0	0	0	0	0	0	0	0	0	0	0	0	0	0	0	0	0	0	7709	0	0	0	0	0	0	0	0
s__Bergeyella_A_cardium	0	0	21221	0	0	0	0	0	14518	0	0	0	0	22754	181251	0	10903	0	139217	25206	0	0	0	0	0	0	0	0	44702	0	0	0	0	0	0	0	0	0
s__JABCPE02_sp013333255	101787	2434250	813849	697004	828206	737705	566576	404252	773115	469765	509323	1516703	288122	690080	1711426	458235	173930	866761	348739	867397	1216465	413965	422225	196162	555204	646965	201774	1279744	397745	253435	967919	146972	164885	648386	1301136	877262	500030	1194714
s__JABCPE02_sp013333875	51188	506041	794679	418532	261640	0	82761	189747	254486	100293	278506	437773	313283	155757	683781	202315	86623	124895	198415	166559	97241	144059	362274	113781	313948	788565	94424	290819	150490	339904	82605	171722	194107	506640	236664	308362	224977	640280
s__Sphingobacterium_sp002354335	0	0	0	0	0	0	0	0	5477	0	0	0	0	0	0	0	0	0	0	0	0	0	0	0	0	0	0	0	0	0	0	0	0	0	0	0	0	0
s__Sphingobacterium_sp002454415	0	0	0	0	0	0	0	0	27734	0	0	0	0	0	0	0	0	0	0	0	0	0	0	0	0	0	0	0	0	0	0	0	0	0	0	0	0	0
s__Campylobacter_A_concisus_A	0	103709	9920	0	185555	0	0	0	164663	186059	0	0	0	116724	156161	0	17104	77568	54217	0	201726	50124	0	313694	0	0	306107	43905	0	176298	84808	205015	0	182516	169913	12923	123449	0
s__Campylobacter_A_concisus_C	145804	1405695	1861637	0	2219766	1488130	0	961499	1252745	634494	137808	75306	1239276	1491432	592104	303419	1173256	2169847	774292	287067	1883136	385730	402048	909848	0	0	195234	623594	212187	1226089	1893831	639052	323814	2760678	1331913	1003181	2099639	1151092
s__Campylobacter_A_concisus_D	0	0	0	0	0	0	0	0	0	0	0	0	0	108310	0	0	0	0	80072	69015	240259	0	0	0	0	0	0	92111	0	0	409555	0	0	0	216182	0	0	0
s__Campylobacter_A_concisus_F	1839954	478618	351120	214648	887215	826368	210668	730249	738606	0	98538	102081	366122	1041207	324263	0	1326698	576967	388098	200998	706691	357528	301385	413541	0	2076714	415176	149314	228058	159392	5002547	605454	195506	578962	1542557	1530063	138441	321827
s__Campylobacter_A_concisus_I	280564	95623	34034	481421	45428	0	0	0	201428	0	60023	0	127152	230427	152421	0	0	0	298133	0	0	88942	0	0	155873	0	0	0	0	104051	0	0	0	0	0	0	0	0
s__Campylobacter_A_concisus_J	0	0	0	0	0	0	0	0	110504	0	0	0	0	0	0	0	0	0	0	0	0	112574	0	0	0	0	0	0	0	0	0	0	0	0	0	0	0	0
s__Campylobacter_A_concisus_L	216795	0	0	0	0	0	0	0	0	0	0	0	0	0	0	0	0	0	0	0	0	0	0	0	0	0	0	0	0	0	0	0	103008	0	0	0	0	0
s__Campylobacter_A_concisus_R	788200	0	554628	360634	338403	0	0	145187	813659	365933	134991	0	132525	3070000	208164	0	52014	0	638781	258361	940667	773238	75904	492106	209701	506355	134471	345475	233406	200812	2202675	315018	0	525668	588923	306836	0	0
s__Campylobacter_A_concisus_T	1023148	621707	1109944	435410	1287000	1405029	273351	324410	1972590	555263	259488	614557	1229191	2197930	997255	702656	1212414	1491334	1252307	639763	2366580	1439523	955428	438191	169397	1977765	531673	1110651	387726	1104147	2934441	662816	173260	1648126	1947567	1288133	625380	898876
s__Campylobacter_A_concisus_Z	0	0	0	0	0	0	0	0	0	0	0	0	0	0	0	0	0	0	136703	0	0	0	0	0	0	0	0	0	0	0	0	0	0	0	0	0	0	0
s__Campylobacter_A_curvus	6241	0	19019	17466	10706	0	32964	11624	8010	0	0	29018	9896	11928	18938	0	0	33961	67345	0	0	3982	20509	0	0	0	0	0	14232	3845	0	0	0	0	0	4738	0	0
s__Campylobacter_A_rectus	17230	8542	14415	25296	7975	169796	663177	627559	77194	7579	13205	17471	10528	55432	15431	0	4251	0	163286	8492	28112	4622	26642	136749	213225	241529	26307	21903	103330	5587	25833	104505	87281	16113	77385	22740	0	193429
s__Campylobacter_A_showae	21938	9462	18419	0	8395	0	48294	65237	83301	8521	8353	0	0	40697	35371	0	0	0	18740	12203	0	15107	0	0	11933	140093	0	0	17440	0	0	22921	0	23319	0	10218	0	261050
s__Campylobacter_A_showae_A	0	8732	14314	0	16210	477636	54606	137918	255964	8330	11504	0	22359	51322	418289	0	0	0	26056	7002	87837	37017	0	42771	25971	0	0	0	277576	18723	84007	0	19240	0	29132	88855	0	114599
s__Campylobacter_A_showae_B	0	0	0	0	0	0	0	0	57970	0	7883	0	21457	17441	35371	0	0	0	13830	5641	0	0	0	0	0	104978	0	0	0	0	0	0	0	0	0	0	0	129766
s__Campylobacter_A_showae_D	0	12403	0	0	12408	59603	30159	0	50061	10413	17207	0	0	18845	18437	0	8882	0	14631	7552	21909	5102	0	0	25068	0	0	0	0	21125	0	0	0	29324	0	12722	0	126117
s__Campylobacter_A_showae_E	0	7012	0	0	17811	0	0	48903	74991	0	13205	0	16444	26864	35671	0	0	0	16636	11703	13606	9534	0	0	22862	43647	0	0	21148	14117	0	0	0	19216	0	10118	0	157804
s__Campylobacter_A_sp014253065	22639	6602	13614	0	0	0	25550	25554	41951	0	12805	0	0	14234	17435	0	0	0	23250	14003	0	0	0	0	19754	128770	0	0	21749	0	0	0	0	41034	0	9056	0	117981
s__Campylobacter_B_gracilis	58802	0	22923	79601	8725	0	18436	0	181745	20225	6452	29821	6978	64754	12725	36087	7892	38382	37681	9512	0	13506	64342	74724	77010	31634	10503	5211	44702	12515	0	10910	35474	87072	9520	19835	0	11210
s__Campylobacter_B_sp900539505	64111	0	26527	60027	14109	0	0	22547	194884	30838	7263	57634	10628	76381	26353	25361	7872	32354	36078	7742	0	12106	64543	130152	129660	66171	11303	5721	40993	17121	23029	13612	33971	92876	7008	16328	27243	15014
s__Campylobacter_D_hepaticus	0	0	0	0	0	0	0	0	0	0	0	0	1821348	0	0	0	0	0	0	0	0	0	0	0	0	0	0	0	0	371215	0	0	0	0	0	0	682031	0
s__Chlamydophila_abortus	0	0	0	0	0	0	0	0	207151	485210	58022	1497842	29664159	99737	232885	0	0	261211	0	0	0	0	181048	0	0	0	0	232807	0	3408674	0	0	0	0	0	0	6291432	0
s__Chlamydophila_avium	0	0	0	0	0	0	0	0	0	0	0	45183	1113151	0	0	0	0	0	0	0	0	0	0	0	0	0	0	0	0	287002	0	0	0	0	0	0	348592	0
s__Chlamydophila_ibidis	0	0	0	0	0	0	0	0	0	0	0	0	1497185	0	0	0	0	0	0	0	0	0	0	0	0	0	0	0	0	261649	0	0	0	0	0	0	423103	0
s__T78_sp002409625	0	0	0	0	0	0	0	0	0	0	0	0	0	5854	0	0	0	0	0	0	7843	0	0	0	0	0	0	0	0	0	0	0	0	0	0	0	0	0
s__T78_sp002411175	0	3701	0	0	0	0	10120	0	0	0	0	0	0	33379	0	0	0	0	0	35208	29512	0	0	0	0	3554	3411	8061	13330	0	0	0	0	0	0	0	0	0
s__Aliterella_atlantica	0	0	0	2871	0	0	0	0	0	0	0	0	0	0	0	0	0	0	0	0	0	0	0	0	0	0	0	0	0	0	0	0	0	0	0	0	0	0
s__Chroococcidiopsis_thermalis	0	0	0	0	0	0	0	0	0	0	0	0	0	0	0	0	0	0	0	0	0	0	0	0	0	21823	0	0	0	0	0	0	0	0	0	0	0	0
s__Cuspidothrix_issatschenkoi	0	0	0	0	0	0	0	0	0	0	0	44882	0	0	0	0	0	0	0	0	0	0	0	0	0	0	0	0	0	0	0	0	0	0	0	0	0	0
s__Calidithermus_chliarophilus	0	0	0	0	0	0	0	0	0	0	0	0	0	3208	0	0	0	0	0	0	0	0	0	0	0	0	0	0	0	0	0	0	0	0	0	0	0	0
s__Geobacillus_thermoleovorans	0	0	0	0	0	0	0	0	0	33542	0	0	0	0	0	0	0	0	0	0	0	0	0	0	0	367229	0	0	0	0	0	0	0	0	0	286428	0	0
s__Bacillus_A_bombysepticus	0	0	0	0	0	0	0	0	0	0	0	0	669	0	0	0	0	0	0	0	0	0	0	0	0	0	0	0	0	0	0	0	0	0	0	0	0	0
s__Kurthia_gibsonii	0	0	0	0	0	0	0	0	7429	0	0	0	0	0	0	0	0	0	0	0	0	0	0	0	0	0	0	0	0	0	0	0	0	0	0	0	0	0
s__Solibacillus_silvestris	0	0	0	0	0	0	0	0	0	0	0	0	0	0	0	0	0	0	22348	0	0	0	0	0	0	0	0	0	0	0	0	0	0	0	0	0	0	0
s__Brevibacillus_agri	0	0	0	2610	0	0	0	0	0	1111	0	2390	0	0	0	0	0	0	0	0	0	0	0	0	0	8489	0	0	0	0	0	0	0	0	0	12121	0	0
s__Brevibacillus_parabrevis	0	0	0	21180	0	0	0	0	0	795	1441	7912	0	0	0	0	0	0	0	0	0	0	0	0	0	0	0	0	0	5176	0	0	10422	0	0	3917	0	0
s__Brevibacillus_D_fluminis	0	0	0	0	0	0	0	0	0	1161	0	0	0	0	0	0	0	0	0	0	0	0	0	0	0	0	0	0	0	0	0	0	0	0	0	6341	0	0
s__Bulleidia_extructa	0	0	0	0	0	0	0	0	0	0	0	0	0	349031	0	0	19105	0	0	0	0	0	0	0	0	0	0	0	0	0	86009	0	0	0	42547	25444	0	0
s__Bulleidia_moorei	52891	353612	862135	487166	509200	383914	190925	595641	341709	110757	1746647	252935	186058	889818	522148	382904	853976	734538	986515	263566	201671	636404	372768	254866	155850	324526	301789	436077	478051	276497	374066	649440	160989	196633	301983	698955	380262	441642
s__Bulleidia_sp900554555	265509	711994	1286220	159010	866318	339650	170648	747754	617142	188849	10927140	0	225436	1948831	695132	356962	3459297	401564	1327311	449656	637264	1335922	296272	614377	0	192831	716359	695069	1157099	1124368	713365	2836958	194966	837646	853755	554755	1930290	65761
s__Abiotrophia_defectiva	1568242	1682105	13614	4306230	3478650	668071	975480	3344048	1852018	2925784	2980156	7685946	590799	2603027	5408011	12172219	1877998	405699	1084404	1049578	22309	315186	3580615	7119969	6605337	886963	6877633	181854	1402876	829185	288522	3178514	2955835	1338606	145420	2873410	3221376	4387608
s__Abiotrophia_sp001815865	2579145	2991756	56457	6671474	3823387	2037474	1019278	3872368	3010641	5103843	4308900	6865158	977584	2584929	12986552	29629177	2063665	1134811	1579697	1820094	38216	597627	7760188	4683435	6025837	822087	5239412	205937	2232955	1409775	121917	4224226	3607924	1524300	302847	4832767	4282027	4131263
s__Granulicatella_adiacens	6543323	2018917	3851892	5668239	2659488	624569	2120331	4184673	6011235	2816176	4605124	2434074	1839519	2179926	4877092	2973319	1689194	1709474	2516833	2408761	300118	866883	1740295	3014103	3099417	1636599	1570735	800967	1914489	1103711	487315	7702195	2150905	4825845	800509	4584048	1911139	1565698
s__Granulicatella_balaenopterae	0	0	0	0	0	0	0	0	0	94117	0	0	0	52525	0	0	0	0	0	0	0	0	0	0	0	0	0	0	0	0	0	0	0	0	0	0	0	0
s__Granulicatella_elegans	353202	1253436	156146	755586	2430055	1796720	6601747	2603532	257801	3480014	9218701	2755391	7630031	3327692	370455	1866995	589270	708417	4079240	618527	59425	2217894	1764921	2439552	2785791	6342943	758802	760206	2173881	4481016	128947	875448	6363390	1266477	3891903	1977169	1224061	6319129
s__Granulicatella_sp001058355	5121656	3965666	6326056	2486992	5617387	2716569	3170247	5171255	2926619	3303954	3128467	5239229	1378290	7858675	4746527	3250519	1993441	3613814	5490034	6291851	3903570	4694061	6765006	6278761	3062965	3480981	5678610	2716335	2212029	3900261	12377347	5492927	2527325	3730333	7030034	4700109	4109762	1711353
s__Granulicatella_sp001071995	2465668	2786727	2128749	749037	2345786	1241266	1561349	1473835	917305	1491020	1205292	1858441	1283696	2827644	2104790	1559828	776301	1077343	1804191	2857001	2139526	1757990	2746709	2566775	2169414	987967	3245190	1351257	976107	1370834	3923690	3799854	1080901	2142550	2937972	2687907	1047459	1052249
s__Granulicatella_sp900551535	4673781	2181009	4533606	1716153	2668821	736480	1523613	3953025	941120	2639525	2050618	3011509	702393	4430143	2787985	1805147	1064037	1206239	3756095	3191980	2402564	1443775	3603417	5261921	1663163	1778386	2578719	1479740	1517462	2309430	9002839	4128683	764200	1536777	4583952	2811150	3120309	1569324
s__Dolosigranulum_pigrum	12121	0	63264	0	0	0	51100	0	0	943276	0	37050	0	0	0	0	0	0	0	0	0	0	38505	0	0	0	0	0	0	207095	0	0	0	0	0	0	0	15714
s__Enterococcus_faecalis	0	0	0	0	0	0	0	0	20124	0	0	0	0	0	0	0	0	0	0	0	0	0	0	0	0	0	0	0	0	0	0	0	0	0	0	0	0	0
s__Enterococcus_A_gilvus	0	0	0	0	0	0	0	0	4856	0	0	0	0	0	0	0	0	0	0	0	0	0	0	0	0	0	0	0	0	0	0	0	0	0	0	0	0	0
s__Enterococcus_D_casseliflavus	0	0	0	0	0	0	0	0	40549	0	0	0	0	0	0	0	0	0	0	0	0	0	0	0	0	0	0	0	0	0	0	0	0	0	0	0	0	0
s__Fructilactobacillus_sanfranciscensis	0	0	0	0	0	0	0	7572566	0	0	0	0	0	0	0	0	0	0	0	0	0	0	0	0	0	0	0	0	0	0	0	0	0	0	0	0	0	0
s__Lacticaseibacillus_paracasei	0	0	0	9797	0	0	0	0	0	0	0	0	0	0	0	0	0	0	0	0	0	0	0	29749	0	0	0	0	0	0	0	0	0	0	5786	0	0	0
s__Lacticaseibacillus_rhamnosus	8354	0	0	0	0	0	0	0	0	0	0	0	0	0	0	0	0	0	0	0	0	6463	0	0	0	0	0	0	0	10613	0	0	0	0	0	0	0	0
s__Lactobacillus_crispatus	0	0	0	0	0	0	0	0	0	0	0	45685	0	0	0	0	0	0	0	0	0	0	0	0	0	0	0	0	0	0	0	0	0	0	0	0	0	0
s__Lactobacillus_paragasseri	388820	0	0	0	0	0	0	0	0	0	0	126619	0	0	0	0	0	58779	156343	0	0	287813	0	0	28578	0	0	0	0	162875	0	0	46897	0	0	0	0	285971
s__Leuconostoc_citreum	0	0	0	0	0	0	0	176553	0	0	0	0	0	0	0	0	0	0	0	0	0	0	0	0	0	0	0	0	0	0	0	0	0	0	0	0	0	0
s__Leuconostoc_pseudomesenteroides	0	0	0	0	0	0	0	0	59272	0	0	0	0	0	0	0	0	0	0	0	0	0	0	0	0	0	0	0	0	0	0	0	0	0	0	0	0	0
s__Ligilactobacillus_salivarius	1025790	0	0	0	0	0	0	0	52364	0	0	142314	0	0	0	1386368	0	0	838611	0	0	175445	0	857653	229369	0	0	0	0	0	0	0	113800	0	0	0	0	34031
s__Limosilactobacillus_fermentum	0	0	0	0	0	0	0	0	0	0	0	0	0	0	0	0	0	0	343783	0	0	0	0	234344	0	0	0	0	0	87005	0	0	0	0	92602	0	0	0
s__Limosilactobacillus_mucosae	73928	0	5756	0	0	0	0	13328	0	0	0	37552	0	0	0	0	0	0	0	0	0	0	0	0	0	0	0	0	0	0	0	0	0	0	0	0	0	0
s__Limosilactobacillus_oris	174145	0	0	14455	0	0	0	0	0	0	0	9729	0	0	0	0	0	0	103054	0	0	49523	0	0	0	0	0	0	0	26031	0	0	25854	0	0	0	0	15014
s__Limosilactobacillus_vaginalis	0	0	0	0	0	0	0	0	0	0	0	78519	0	0	21944	0	0	0	0	0	0	40019	0	0	38806	0	0	0	0	11414	0	0	29361	0	0	0	0	39236
s__Limosilactobacillus_vaginalis_A	95765	0	106895	105540	0	0	0	0	0	0	9904	0	0	0	0	0	0	0	0	0	0	0	0	0	0	0	0	0	0	0	0	0	0	0	0	0	0	0
s__Schleiferilactobacillus_harbinensis	0	0	0	0	0	0	0	0	0	0	0	0	0	0	0	0	0	0	0	0	0	0	0	0	0	0	0	0	0	11314	0	0	0	0	0	0	0	0
s__Lactococcus_A_raffinolactis	0	0	0	0	0	0	0	0	0	0	0	0	0	0	0	42102	0	0	0	0	0	0	0	0	0	0	0	0	0	0	0	0	0	0	0	0	0	0
s__Streptococcus_agalactiae	0	0	0	0	81550	0	0	0	0	0	0	0	0	0	178087	0	0	0	39585	36808	0	0	0	0	0	0	0	0	0	0	0	0	0	0	0	71525	0	0
s__Streptococcus_anginosus	224699	0	183033	84318	0	0	0	0	0	51964	0	86551	102027	348785	113315	599663	0	0	393725	0	0	0	1442932	0	253093	0	164699	0	127447	299704	0	50245	327373	0	0	0	0	139648
s__Streptococcus_anginosus_C	0	54713	54855	0	0	0	170786	1124064	0	0	30011	103154	668872	0	264485	186106	0	116875	161833	0	0	0	174636	0	374390	0	130905	28303	195908	0	0	0	0	0	0	0	286707	0
s__Streptococcus_australis	379196	1241476	297326	265672	2147664	1092746	1819260	358660	122946	1548810	796885	831553	84123	999895	356098	1039989	368702	736420	692566	223520	381296	137410	77512	1058794	268397	532798	124284	460308	338959	313381	1144699	207586	444414	525502	160028	3260608	1002378	660985
s__Streptococcus_australis_A	267212	0	79180	764871	753445	531238	1024207	1243748	805980	0	289458	200124	353563	536968	1876227	676878	61916	729335	924857	0	0	182567	412724	0	201418	0	368373	303449	462430	315282	0	179529	342346	551741	116246	0	0	0
s__Streptococcus_chosunense	1655006	609639	2652890	2394827	2592060	1393485	7638516	770637	2261736	4406713	884771	555634	1199367	1026636	2841769	3939883	742039	3378385	5812028	5065165	993679	264459	2349403	0	3480506	0	0	439253	6984896	3669505	0	803765	3958936	0	2827059	4700265	0	400999
s__Streptococcus_constellatus	0	0	98700	902636	66741	0	927872	917296	0	427323	89434	228418	217246	163078	64429	0	0	139847	1189300	0	0	208843	202737	477803	360998	0	85922	0	537284	112680	0	101503	576583	145440	304420	0	0	0
s__Streptococcus_cristatus	21374883	1290403	1603303	6023099	4096780	6828931	1510496	2801474	5594051	3460394	1677766	6981464	347903	1351774	2897028	1286889	2411853	5095803	1697927	621765	608665	2132703	1547608	2854959	12751685	319636	873287	467050	2755000	615580	2513881	1041731	2106457	2891813	2114649	1415078	1750858	1413063
s__Streptococcus_cristatus_A	181753	108587	0	284522	84651	0	0	0	79697	71188	100044	249828	0	236709	120833	0	61716	204452	193171	0	0	101544	174922	0	636275	0	0	0	53822	0	0	0	65436	0	102552	0	0	304278
s__Streptococcus_cristatus_B	103642	0	357188	942844	762149	1287848	0	0	297335	0	181141	557522	55948	176253	214686	403864	230437	157889	230345	28206	67428	281687	0	0	1717354	0	993816	0	0	348889	930478	50045	0	0	438235	285443	0	517292
s__Streptococcus_cristatus_C	5407049	335502	911239	1877314	1165156	383159	480049	830136	1370525	822885	1435243	2682549	274444	1470125	936175	593903	781270	1817644	2369940	300865	128907	573293	515625	416037	4637540	0	225671	92511	454666	382973	1346081	381693	728944	1304090	1232746	600802	358776	825932
s__Streptococcus_cristatus_D	1855054	121889	0	284018	0	0	0	0	145714	0	82431	421437	0	86906	171476	0	109973	580723	204702	0	0	278911	0	0	499166	0	0	0	0	0	1610684	0	0	0	0	178083	0	0
s__Streptococcus_cristatus_E	602607	0	583312	0	437621	0	0	0	124012	0	30812	472416	0	167784	89879	195510	488227	447177	239582	0	0	194333	0	0	1239935	0	0	0	0	0	423427	120120	0	0	366606	0	0	0
s__Streptococcus_cristatus_F	1165710	691434	0	0	306007	0	261946	580755	80998	930979	213901	778262	0	684829	352805	473179	182337	0	245572	0	0	139475	434073	0	1644304	0	0	0	0	101305	0	0	296300	451944	229368	381754	0	0
s__Streptococcus_cristatus_G	83444	47611	28228	202679	208557	0	0	0	58972	0	63724	259239	0	362478	0	0	256119	0	0	0	0	94845	0	0	596278	0	0	0	0	0	0	0	0	0	114541	0	0	0
s__Streptococcus_dentisani	1225896	247633	11978696	1469584	604506	5400045	0	748577	3188785	1441579	1068861	1141239	383192	551710	3430301	0	62917	579484	300900	444344	0	2390909	434658	0	3219388	2678068	308689	480934	4191332	1481971	0	1119695	566556	642967	985119	481182	1127926	3556638
s__Streptococcus_gordonii	8034330	327542	2558538	1777112	1417537	1374378	622547	5901161	680720	5091136	455234	1677303	737407	1698805	630257	936281	1088354	584272	5724942	243649	439326	672434	369449	4547989	1810875	0	4458159	1068652	463250	640565	560032	3255768	5649630	1110116	586490	3608729	831860	2641849
s__Streptococcus_gordonii_A	0	0	0	0	0	0	0	0	0	0	0	0	0	75178	0	0	0	0	34975	0	0	0	0	0	0	0	0	0	0	0	0	0	0	0	0	0	0	0
s__Streptococcus_gwangjuense	0	297863	0	674825	0	0	0	2728576	0	883013	707909	0	0	0	0	904467	0	0	3046687	0	0	0	0	0	434432	0	0	0	0	0	0	0	2516638	0	0	0	0	3235175
s__Streptococcus_halitosis	2175014	95423	3459182	1628612	280621	0	228466	0	1201332	350868	421102	889442	455029	546534	2804597	246141	276880	0	2109826	19204	0	348312	2714864	0	1460462	0	64216	190093	0	195208	0	796228	802977	244723	87796	1251392	0	840609
s__Streptococcus_infantis	1033535	1626381	8475612	9343190	7210017	5272018	3641982	980007	2073236	2379675	450678	1897389	1261472	7902574	3168114	3660033	292538	1123894	922840	2095022	4920623	7258052	2622648	2216855	2942735	3869856	1243429	2607811	744886	2840021	4917116	2280320	1169794	7157205	2294240	2761799	5022793	885312
s__Streptococcus_infantis_B	1089069	6547967	3713902	1271844	942303	920216	294162	6623195	5066741	1490257	1958125	2050772	695979	3531077	1966782	1413904	388127	1409026	2125046	4055168	827743	1331588	2997302	2517571	870559	2854285	1516585	3726491	48009	3728880	5937811	3536934	1415156	1457950	1405162	5695846	382273	66061
s__Streptococcus_infantis_C	488641	1210942	585578	629425	541578	3003456	319357	587490	1644950	832505	785367	276488	200011	3343842	971294	255956	344580	655080	595737	512962	246615	771215	414781	265902	857163	1102208	131760	2259274	229922	325607	3552945	779640	1759589	1523220	602120	294096	880883	199355
s__Streptococcus_infantis_E	691417	2025425	189804	2345712	377484	2360257	420226	978532	476485	1070135	499837	11253324	1177790	1203261	1106706	1551806	283823	2292224	1548331	1180724	213434	610169	1100956	2705464	427006	314229	1501696	3414996	212764	564807	1319303	1320947	540780	923163	1521055	1700836	1611990	348013
s__Streptococcus_infantis_F	965072	1027911	893130	5139443	1156357	4233243	1163924	1333257	799651	1956330	1092890	11465466	476533	1614022	1370886	228108	822297	2953389	1718656	3080587	628870	1586506	2901518	10117552	796005	1575629	4366029	8981058	977349	1033222	1121178	1557837	1315515	3741094	1725748	912109	1435807	2103223
s__Streptococcus_infantis_G	1143703	254695	1370740	1342315	1027596	1282870	353626	550310	653591	684351	837428	985516	154711	968698	1762221	836799	36810	743187	544228	636007	346838	3334590	794494	957455	518211	1006755	398921	1174191	663206	304293	1179938	744634	1310932	238342	1549318	2009571	321893	404388
s__Streptococcus_infantis_H	351991	1147390	4063741	975746	1517303	2881370	1560957	1281908	1239172	1964414	686859	3565726	406158	1391778	1788917	368404	228839	2852577	875960	524553	1049596	1895827	682871	1203807	802371	3793066	711848	2237893	242335	528894	743165	925368	1211454	963823	2507035	2029818	1085491	158460
s__Streptococcus_infantis_I	1070169	2047450	5360306	11388945	3757240	3391128	2791267	3910247	4551040	5885366	1238708	2039575	2610554	10720457	9563611	4432962	1081788	2771706	5705462	2461556	4468273	6854217	4087086	1868829	3281102	3438946	2179606	10820924	1815900	6605358	3099142	2655759	1544180	4740295	6896041	4758993	4711318	2735385
s__Streptococcus_intermedius	1136547	141595	1797578	702542	204076	0	257503	392384	112012	1452476	182542	942603	216165	477354	304867	1764836	573134	3459184	613145	65914	0	270368	1342297	659949	435182	0	301073	57907	951314	1019553	0	492270	251489	165080	437932	527952	702445	779068
s__Streptococcus_koreensis	821385	1191718	15052287	3815379	3806370	4212913	12079969	910973	2090576	1550153	1272362	5641561	684795	2168950	1811234	469820	5320660	28278425	1643064	12647349	16754507	625343	1350070	1479678	1634280	20023024	977102	17549508	655176	943375	1643598	1330062	1678035	1201672	707463	23218935	1133274	2100121
s__Streptococcus_mitis	4811112	6539359	8481929	10759574	1405472	0	23329683	1768840	2669956	20425140	20467710	9672683	18362827	8121498	7416921	5124449	70619	3538130	19765846	2142743	0	2375016	11822610	11405093	17321481	258019	2758411	347288	15038510	3473661	6193893	814947	13770501	11021559	10627128	5780120	1839628	3419937
s__Streptococcus_mitis_A	656586	0	438786	2965264	0	0	534011	1261783	1724663	2679619	629819	484344	1784705	1479491	1400302	326330	503398	0	1358293	418576	0	2189568	8775130	3229390	6086391	0	164545	172978	8783584	1245165	0	219817	3732693	530464	3097672	264342	2133383	374733
s__Streptococcus_mitis_AC	0	3471182	1418845	161152	171822	0	5680474	2574385	3296482	0	1205884	5674520	4959603	3681934	59218	455617	1385873	1004853	5228995	3356969	0	2319516	18778963	13944466	2174533	3705255	845130	0	33543803	4232342	0	83876	10236425	914779	14530320	973514	0	12294247
s__Streptococcus_mitis_AD	0	0	0	0	0	0	0	0	2931767	0	171120	2336544	0	0	0	0	0	0	0	195276	0	0	0	0	844656	1738435	0	1009715	3395421	0	0	0	0	0	721607	0	0	0
s__Streptococcus_mitis_AF	0	0	0	0	0	0	0	851577	0	0	0	0	0	0	0	0	324394	2540430	0	0	0	0	0	0	0	0	0	0	0	0	0	0	0	0	0	0	0	0
s__Streptococcus_mitis_AH	561958	0	0	0	563809	0	426279	0	0	0	1489383	410412	1531089	0	2171993	0	0	0	511108	0	0	0	487766	5538684	2058941	0	0	0	0	0	0	0	1252871	0	499033	0	0	0
s__Streptococcus_mitis_AI	0	216842	0	696675	0	0	0	432939	0	14651708	0	0	13846546	884859	0	0	172085	0	1279369	970717	0	300753	9999188	0	507067	0	348181	0	2834913	1211450	0	0	720914	1537383	0	734161	753951	12890114
s__Streptococcus_mitis_AK	0	138115	886576	630200	2118676	0	4775843	858529	1794183	1489280	2191544	1189105	6540441	4253867	1850459	275786	3974213	1443489	19613137	1914098	0	1163142	874555	1770048	4459788	0	0	0	5317026	13186230	0	0	17363166	2167364	759896	1456847	5614011	17455926
s__Streptococcus_mitis_AP	256379	997788	781580	2283548	289405	0	0	0	0	1275365	497065	859331	949839	2577877	433247	6164778	0	0	503122	0	0	0	1924456	0	3434014	0	0	1024803	1172360	363116	0	667151	2670299	1218576	112458	0	0	276173
s__Streptococcus_mitis_AQ	0	0	227665	0	0	0	896424	2305126	770614	2316764	1827399	1369804	1449382	760205	537027	8342139	0	520024	1624763	0	0	0	1768663	0	1223069	17198624	0	3891185	1480342	1627609	0	353326	2362080	3299910	3341728	4446405	868743	131224
s__Streptococcus_mitis_AR	0	0	0	0	0	0	0	0	0	752196	521788	0	1542746	803770	0	0	0	0	979412	0	0	0	0	0	0	0	0	0	2239181	614504	0	0	1361946	571207	224214	0	1134899	698593
s__Streptococcus_mitis_AT	1750451	272234	480693	1737966	1747294	0	2335496	0	4409600	1890425	2390193	1061598	2819544	1965248	2246889	10746967	2355611	2081813	3613774	379162	0	716368	32315799	4560486	12697621	3484422	255453	1987814	9665238	4119869	0	1582727	1535209	1105236	7650191	4482014	3803437	1544529
s__Streptococcus_mitis_AV	4984032	0	3002524	0	0	0	5499731	0	1627381	8553546	0	4128884	2469555	3911839	3749700	0	0	479327	994407	0	0	596147	0	0	5948861	1113727	0	0	2435543	1052161	0	272017	787519	326845	206173	0	989874	0
s__Streptococcus_mitis_AW	229862	0	0	0	0	0	264072	1932945	695128	14219471	1234451	3324621	7800102	2690709	0	9928310	0	0	2278919	0	0	632987	0	0	2115615	3173701	0	1644598	1080227	1628215	0	1995013	1754020	13892469	1803224	1547420	1625066	11532087
s__Streptococcus_mitis_AX	140524	190932	343709	479174	452281	0	0	1437138	348673	0	0	166353	0	577644	748027	0	0	0	1394368	0	0	0	0	1970422	153810	0	162260	0	372778	0	0	0	0	471027	0	0	0	0
s__Streptococcus_mitis_AY	176601	0	289171	233161	0	0	508783	0	755496	0	0	287288	256459	395104	0	0	0	3377895	0	0	0	0	0	440865	715240	771504	0	0	414945	1377069	0	0	302266	0	86395	209793	270382	0
s__Streptococcus_mitis_AZ	0	0	0	384348	0	0	0	551405	518570	0	185078	0	0	0	1306577	0	0	0	0	224042	0	0	0	0	335697	543913	0	138681	155605	0	0	0	0	0	0	0	0	348589
s__Streptococcus_mitis_BA	0	0	2231077	1485821	0	0	492604	157465	2062414	1562219	8640923	652001	6262763	2215452	314297	3166401	0	0	3006796	393663	0	1177314	0	0	12377808	0	195031	0	10227285	318163	0	227893	3214457	517828	1644641	1224467	1409061	1815743
s__Streptococcus_mitis_BB	10253127	5175117	1408533	8360506	9831829	0	5527077	7348385	3976184	15815310	3270812	21638195	10163655	7465268	3145861	4737290	1078687	1392029	4384005	1449787	658499	6348369	30463733	3558638	1610309	21025710	2034039	1287689	56603004	2299341	0	1980881	7840756	3615114	14104018	9678085	4452160	6372952
s__Streptococcus_mitis_BC	427879	0	313175	2993302	0	0	309165	0	106960	168966	529206	0	332222	244223	1783071	592647	382738	255478	351199	0	0	0	0	1643249	675564	0	0	0	678680	0	1664707	541492	0	0	0	0	0	1316057
s__Streptococcus_mitis_BD	0	0	0	0	0	0	0	0	0	0	0	0	357185	0	0	0	363878	0	0	0	0	0	0	0	0	0	0	0	0	0	0	0	0	0	0	0	0	0
s__Streptococcus_mitis_BE	775027	7299355	1073283	0	0	0	0	32400578	1818511	2655688	1300106	601009	1637571	1716625	1960071	0	0	1360017	2764470	0	0	10336690	341435	0	1846966	0	819130	2079377	26795827	4296831	475711	2812832	1155951	0	1127610	790105	1252812	593785
s__Streptococcus_mitis_BF	0	0	0	0	0	0	168603	0	0	131634	0	306085	0	0	290011	0	192338	420633	0	0	0	0	1103481	0	899130	0	340078	0	1804525	0	0	718535	0	399909	0	727027	0	0
s__Streptococcus_mitis_BG	306093	531486	2125494	1974389	1252829	2957926	1446545	329780	1643052	1060439	1422016	342604	466105	2138793	4133115	1340674	219557	733564	1059819	1419309	650685	2473003	483889	171544	3028123	1369887	504086	5030378	560601	852501	2297079	553586	1094570	681207	5039247	1977246	185964	900109
s__Streptococcus_mitis_BH	278198	0	1060331	0	0	0	349824	0	0	1028457	1462220	1101271	0	830084	0	0	0	0	0	0	0	0	0	0	4614949	0	0	0	761764	0	0	0	1002297	0	2609722	0	0	458728
s__Streptococcus_mitis_BI	248986	333580	0	0	0	0	0	0	0	839293	230877	0	884180	467458	777806	1372059	1520553	0	0	0	0	1473996	1013051	0	589148	0	0	0	16780676	461733	0	0	3626819	0	381554	274529	0	612860
s__Streptococcus_mitis_BJ	0	0	0	0	0	0	0	1262177	0	0	0	0	0	0	0	0	0	0	727520	0	0	0	0	0	0	0	343169	694054	0	0	0	0	0	0	0	0	0	0
s__Streptococcus_mitis_BK	910696	0	0	0	0	1961179	381437	891468	2197214	5895474	343012	0	3063466	763924	289631	364053	0	898737	589242	0	0	0	607922	0	0	0	0	0	4253179	262064	0	3741766	918773	0	1199930	495034	0	5161404
s__Streptococcus_mitis_BL	288328	0	0	0	0	0	0	0	0	2051445	0	0	0	815534	1368938	0	0	0	1732062	0	0	0	0	0	4648111	0	0	0	1172217	0	0	0	572742	581166	3642980	978584	0	0
s__Streptococcus_mitis_BM	0	447033	0	0	652112	0	0	933612	4646867	827116	1729955	1475408	1001607	0	1261952	15102228	1660345	631852	1475133	0	0	296009	797871	0	9542784	0	0	381853	5567170	1010651	0	0	7292920	0	0	2070675	0	0
s__Streptococcus_mitis_BN	0	0	230649	0	321994	0	0	753095	519106	714426	0	266060	1393431	0	0	2198720	2337701	991254	1262380	148481	0	816321	0	1088126	0	0	425713	0	729924	1746155	0	0	7357109	0	5046627	928246	407957	915481
s__Streptococcus_mitis_BO	0	0	560197	525604	0	0	1537082	474758	0	786387	1705005	2688583	1917449	486405	0	0	221315	886341	1705929	203866	348430	1180606	2048614	0	2262080	0	0	984599	5902583	866637	0	254608	1264664	830847	603435	0	1161026	1024475
s__Streptococcus_mitis_BP	542976	947465	580923	3950241	1395430	939259	677784	864363	468648	1729374	1234142	1179224	229462	1204181	732026	385003	337509	3107063	143313	456219	202592	899721	1122284	8341212	859624	0	964865	2043928	538306	513678	530924	904499	586206	1341297	1443215	479091	857943	504873
s__Streptococcus_mitis_BQ	2095926	36319495	1205840	2923857	0	0	659853	6877537	2587882	4227598	589258	1249915	6789842	253650	1472587	160111086	0	894128	4788050	2817513	270071	225654	7911088	34655874	78068997	14024429	0	276065	6757025	3321473	20713547	660561	16416865	1118448	2474082	0	2886489	8845919
s__Streptococcus_mitis_C	200762	0	13423034	0	0	0	4161277	1268469	2682126	1321505	3209839	1473594	2145331	1077323	365013	6525213	1204622	565360	756834	329209	0	865174	3463951	0	5814432	0	206093	400012	6752037	1327899	0	1280774	1877002	2723759	586597	2186076	1477733	639079
s__Streptococcus_mitis_D	181977	0	0	0	0	0	0	429866	0	3015865	364934	0	420815	180305	363316	609077	0	0	386118	0	0	187623	0	0	0	1549358	0	0	0	1974410	0	608603	185866	0	5104657	436144	0	227892
s__Streptococcus_mitis_E	0	0	0	0	0	0	3185583	6318828	0	10490088	1379660	192829	10929390	6013178	111268	804726	0	626217	6578608	0	0	2669234	4932742	0	2101543	2813814	0	336269	1120349	2885830	0	1327046	1322837	2022101	0	271410	7953399	0
s__Streptococcus_mitis_F	872915	0	0	1771014	337179	0	2566792	0	1725860	14632866	419653	3454204	2291937	4035873	0	0	0	582760	771454	0	0	486034	0	0	3018587	1771602	0	3359979	554762	1415149	0	4508639	3104943	2739992	714642	1005929	0	1623801
s__Streptococcus_mitis_H	0	0	1206533	845709	0	0	0	0	953212	390201	841803	772942	1900603	1831225	392630	8217023	0	1339118	299294	0	301857	256393	2323659	0	1142372	12791080	205308	0	0	1915512	0	0	1144932	0	951942	0	6924163	3534195
s__Streptococcus_mitis_I	3429384	0	534700	1745724	0	0	2729030	1455985	659837	14204937	3250786	1994296	1472852	4763227	2065381	0	535471	2530397	1961997	0	0	1979462	12082338	0	3424109	0	0	427332	1015204	1163566	0	286589	947824	1547835	1322777	1343100	259567	36364109
s__Streptococcus_mitis_J	0	0	0	0	0	0	0	0	0	0	0	0	0	0	0	1538722	0	0	0	0	0	0	0	0	949149	0	0	0	0	0	0	0	2466922	0	0	0	601270	0
s__Streptococcus_mitis_K	799366	3704437	1986453	2094004	0	0	16453981	2367458	1739462	7043931	8811910	2905959	5882922	938575	447944	0	1029248	1239857	1616226	0	0	3480022	8143057	4152664	4199263	0	211770	106190	8353950	1164345	0	3431324	6617543	1213769	3809914	1122756	5204362	303657
s__Streptococcus_mitis_L	1231949	0	193758	0	0	0	3169266	1761407	12745816	7303934	359601	0	3397423	0	1084971	0	0	0	289468	1559055	0	0	1932026	0	1042003	2668368	113424	852934	9308788	664896	0	1729610	4118135	774216	2671665	586044	2018611	0
s__Streptococcus_mitis_M	0	1168191	1920353	3048684	0	0	6290120	5178513	204910	27401058	4924470	413785	4937429	7543737	0	3941502	0	1711398	0	3431235	0	1173341	2135328	0	1741293	0	459225	6949215	2350159	2658687	1637685	6632861	1847985	2518297	1855561	1258409	3789731	23459527
s__Streptococcus_mitis_N	6311379	1147075	986256	1730301	1811593	3135055	4649230	5231370	9344632	19082876	826100	1341578	7659283	4916250	3061536	918193	1092201	2354714	6384099	3468851	546207	772969	2658728	4092642	484413	8690329	535802	5607178	8052179	4237365	0	9880190	2223555	3298052	8547634	3725917	5334851	1234926
s__Streptococcus_mitis_O	1492431	453521	1393549	1487685	0	0	17003335	4162165	2661174	34836089	12404771	1126910	5102639	2300744	175085	224099	1806405	1107016	7552098	487579	0	873722	12182511	6936278	2618436	26414282	561076	2217055	20066623	5796623	0	3946411	8782453	12863356	31706824	1881231	14364467	7553730
s__Streptococcus_mitis_P	0	0	662871	0	0	0	1359602	546046	198701	29434018	1304530	1052190	5580071	1245441	1191548	1130949	0	0	9288418	0	0	148650	368156	0	842294	0	629371	0	418934	0	0	2071752	5552011	5594151	5188699	0	1464499	1601248
s__Streptococcus_mitis_Q	2869923	2764557	0	10438016	0	4439200	2455265	7728040	3708747	33966744	1426005	1598575	14970161	2308874	1760064	1110646	0	917706	1085034	4061729	0	1068833	3544961	0	12690733	0	0	4164699	71177161	1622163	0	6718172	23404708	1238104	5839686	3070100	6415528	2014658
s__Streptococcus_mitis_S	0	0	0	1732850	0	0	0	1032019	269999	2077219	0	0	0	4962856	0	2161788	0	0	0	0	0	955728	0	445004	0	0	0	0	1165505	774685	0	139962	986132	0	9307734	0	2468854	1827766
s__Streptococcus_mitis_W	0	0	3404170	1494685	0	0	0	0	1813065	506023	3265260	0	0	0	1003236	0	2011242	0	867170	0	0	0	0	0	2318546	0	0	2480265	0	0	0	0	1601497	2794810	0	0	1491102	2302641
s__Streptococcus_mitis_Y	1429255	0	0	0	0	0	220232	0	122142	0	0	0	0	617261	0	0	0	0	0	0	0	0	0	729778	3838793	0	0	0	0	0	0	0	0	0	2178506	1709351	0	0
s__Streptococcus_mutans	2679517	0	301126	7167730	0	0	177846	0	341388	0	451958	3273090	81616	0	308776	807407	0	0	3252838	0	0	396859	0	9641489	508960	0	34709	90511	0	8926034	0	130514	873119	741872	466470	0	0	394432
s__Streptococcus_oralis	6731906	769049	13678730	24788880	4790428	0	6585474	13216293	9182826	8948350	8015357	6173472	3198563	4957655	32075220	8526483	5322819	5798418	18675580	3720228	169053	1252798	2115089	9133901	5093759	6037658	3810841	3912983	25483131	2551489	0	5708744	11038888	12675960	988334	4300458	873108	6991630
s__Streptococcus_oralis_AA	0	0	0	4914161	0	0	0	0	0	0	0	0	0	0	490787	0	0	0	1018442	0	0	0	619642	0	0	0	0	0	0	0	0	0	0	1809254	0	0	0	0
s__Streptococcus_oralis_AB	0	0	169098	0	0	0	0	1142194	0	0	0	0	0	0	562242	0	0	0	0	0	0	0	0	0	0	0	0	0	0	0	0	0	0	2522337	0	0	0	0
s__Streptococcus_oralis_AC	194706	0	665116	663226	0	0	0	2336072	324735	0	621029	230654	266964	0	2127838	522066	0	2546883	693803	0	0	196429	3532722	0	2244374	0	0	0	300240	0	0	329688	733682	1168045	319455	0	0	231950
s__Streptococcus_oralis_AD	0	0	0	0	0	0	0	0	0	348159	0	0	0	0	0	0	0	0	0	0	0	0	0	0	534914	0	0	0	0	0	0	0	0	784771	0	0	0	0
s__Streptococcus_oralis_B	0	0	1497292	0	0	0	345320	0	535377	553617	196472	0	330020	0	612879	0	218112	0	538805	544690	0	0	0	0	0	0	0	0	0	0	0	0	0	913931	373802	0	0	0
s__Streptococcus_oralis_BA	1503058	1636456	1587867	0	0	0	5874126	3336441	4156685	377373	1529485	0	1527447	4739451	3861040	10056167	857083	4778515	2607247	290685	0	0	5972415	0	1922974	11796058	0	1864229	46296236	1187186	0	526196	19924380	484844	0	851042	3417376	1329817
s__Streptococcus_oralis_BC	841160	530385	2485599	7229499	781501	0	3016028	3733122	16251791	784703	5215591	3226806	1599619	2034102	4628890	2876468	1369283	367143	5251171	653594	0	1782419	1297456	0	6448766	0	1830620	364798	1849500	590773	467839	4669258	25367528	12232624	328812	1861641	257848	1459418
s__Streptococcus_oralis_BD	9091219	0	2261512	367116	5879750	4495096	2009284	5476581	4603311	3361899	2723468	2101907	512176	914223	4657882	2125968	1408189	2241132	564054	381529	336081	639044	0	3867762	4586579	0	1205955	975543	1370999	149572	2913285	504207	1388898	2346613	744321	5194209	623184	3941262
s__Streptococcus_oralis_BE	0	0	0	243698	212962	0	626899	0	409821	0	303686	0	135700	257102	332169	0	0	1296869	0	303275	0	0	0	0	520167	0	466174	0	62843	215475	0	0	0	164772	157296	419838	0	193458
s__Streptococcus_oralis_BF	1077416	0	0	486990	0	0	0	0	0	0	93436	0	205276	0	220008	0	0	0	0	121498	0	0	0	0	3202548	0	246916	0	153053	234275	0	0	0	0	0	0	0	0
s__Streptococcus_oralis_BG	0	0	0	429507	0	0	380312	0	0	0	680593	465715	1450399	625637	1052696	347135	0	0	0	1155565	0	0	0	0	0	0	479844	0	270866	145875	0	0	1092711	0	0	308413	0	0
s__Streptococcus_oralis_BH	365476	0	0	2841281	0	0	0	0	0	914062	0	0	0	0	525180	0	0	622409	259185	0	0	0	0	0	7251053	0	0	0	0	0	0	0	0	2267253	0	0	0	0
s__Streptococcus_oralis_BI	0	0	0	0	0	0	0	0	223322	0	0	0	0	0	714379	0	0	0	229892	0	0	0	0	0	0	0	0	0	0	0	0	0	0	0	0	0	0	0
s__Streptococcus_oralis_BJ	239911	0	0	0	0	0	0	1340088	298536	0	0	0	0	0	686215	0	94225	1119252	251561	0	0	0	0	0	0	0	162260	0	0	0	0	0	0	0	0	0	0	127010
s__Streptococcus_oralis_C	0	0	0	290322	0	0	0	0	193094	0	0	148902	0	261619	341882	566807	0	575191	877628	0	0	0	0	0	0	0	0	0	0	0	0	0	0	136211	0	0	0	0
s__Streptococcus_oralis_D	0	0	0	0	0	0	0	506493	756325	838161	419413	0	0	283337	0	0	0	0	223610	0	0	0	0	0	0	0	0	0	0	0	0	0	0	0	206173	0	0	0
s__Streptococcus_oralis_E	0	0	420934	354238	0	0	351266	492772	0	0	0	349396	343522	394876	0	1389313	0	0	0	0	0	0	0	0	526933	0	325792	0	0	0	0	0	0	405273	246441	0	0	0
s__Streptococcus_oralis_F	1455686	119601	634964	548554	0	0	805430	0	795378	96920	200320	467661	101810	132740	2337341	912023	340948	737425	323921	141732	0	0	500644	0	1008500	0	621768	0	481960	966501	0	0	303327	1200377	308052	0	0	577333
s__Streptococcus_oralis_G	0	0	1545216	2738078	481666	0	1481083	3408087	1182434	1540090	1645059	323372	1155440	775559	5056798	811014	0	797295	1946889	501669	0	0	1371163	0	0	0	546821	482070	0	0	0	1266856	2082738	5500763	0	694305	0	4049636
s__Streptococcus_oralis_H	2217117	0	122642	2219830	0	0	607127	2334050	641142	6919062	1501297	432160	2965899	489493	728776	0	0	0	1935457	0	0	0	813755	0	889187	2058141	486779	847396	2942220	0	0	0	1939445	4625285	249950	886835	4279446	315279
s__Streptococcus_oralis_I	1270467	2440827	439183	0	356296	1334357	155183	468592	199969	473256	717505	968688	119913	519589	117026	209107	91824	499508	174844	124441	0	1160918	2302051	0	314716	348605	263672	191580	140545	794279	2085333	427661	177827	392214	821369	963744	408842	186964
s__Streptococcus_oralis_J	1104753	0	1352517	2031388	1221148	0	495185	1571500	439317	2782149	861035	918733	828398	953155	2112076	457206	240992	1073691	1040355	180529	0	0	309300	1221968	2383622	0	268478	157319	134098	344338	0	0	0	369631	568594	179772	0	282669
s__Streptococcus_oralis_K	243588	0	370292	391113	821590	0	339928	1035164	1535904	328231	1646259	568695	0	155029	789561	1818650	2526095	298448	315290	472665	0	0	0	3604705	610358	908728	425034	82410	204591	218103	0	0	203169	509851	448838	953929	0	423094
s__Streptococcus_oralis_L	0	0	0	0	0	0	0	574476	0	0	0	0	458783	1442442	342234	0	0	0	0	0	0	0	0	0	0	0	353581	0	0	0	0	0	1471321	0	257717	940889	0	498894
s__Streptococcus_oralis_M	0	0	0	0	298806	0	0	770475	0	0	232750	0	0	0	0	0	0	0	195351	0	0	0	0	0	3989253	0	0	0	0	0	0	0	0	0	0	0	0	0
s__Streptococcus_oralis_N	0	0	0	2272763	386267	0	4855944	356194	0	354260	0	0	0	0	393698	0	0	0	351387	0	0	0	0	0	325580	0	0	0	0	0	0	0	0	0	0	371172	0	1387715
s__Streptococcus_oralis_O	0	0	241903	157005	0	0	0	0	287959	221446	567900	0	0	0	1390450	0	266662	0	1725622	152534	0	0	0	0	0	0	88323	133745	124483	0	0	0	0	0	0	0	0	0
s__Streptococcus_oralis_Q	0	0	0	682098	0	0	0	0	0	0	0	0	0	0	0	0	0	0	0	0	0	0	0	0	0	0	0	0	0	0	0	0	0	0	0	0	0	0
s__Streptococcus_oralis_R	49986	0	60461	178292	0	0	89975	82373	269329	204509	118358	210131	68181	62047	73346	0	0	0	355564	507692	0	75736	0	0	394531	0	134996	92211	0	0	0	0	164663	0	162600	208887	963276	1077214
s__Streptococcus_oralis_S	0	0	1759384	3846274	933475	0	0	1873233	2166853	3749167	689496	781400	3156111	751950	3367589	0	327401	0	5175984	431585	0	753107	0	0	363213	0	0	549037	410229	1068666	0	4876567	751723	5235288	1887164	1684540	0	5553243
s__Streptococcus_oralis_T	806125	283264	783353	2195431	1360551	0	170511	608055	909456	1027330	1302158	903421	361502	842822	2478963	460203	383815	886684	2127902	373730	0	477243	475655	0	1206378	0	1573165	151584	2035764	108949	0	1878497	3667035	1704645	2384994	0	0	877281
s__Streptococcus_oralis_U	0	213370	572330	0	0	2455224	0	0	679414	0	335530	0	725796	0	330012	0	0	879615	0	0	0	0	0	0	408280	0	0	0	0	0	1610062	0	0	444015	0	0	0	0
s__Streptococcus_oralis_V	0	0	0	0	0	0	0	0	0	0	0	0	0	331173	451298	0	1503798	0	0	0	0	0	0	1275442	0	0	0	0	0	0	0	0	0	0	0	0	0	0
s__Streptococcus_oralis_W	698145	0	338530	6261845	0	0	0	0	395626	975305	600423	635290	1403555	230791	714010	0	991766	253052	3281543	0	0	249441	0	0	2445023	0	0	0	1263936	86705	0	229507	997742	354708	804822	52592	0	0
s__Streptococcus_oralis_Y	0	0	0	1037559	0	0	0	0	0	0	0	0	0	277392	459485	0	0	0	1216590	0	0	0	0	0	2404023	0	0	0	0	0	0	0	486692	566680	0	0	0	0
s__Streptococcus_oralis_Z	0	224211	2780808	1812629	793864	4725206	500112	985997	2478596	196837	846960	579404	0	400678	3693325	0	376173	1783908	1986183	162896	0	77336	0	0	1047375	0	502086	177959	387422	0	0	746464	306258	614325	344944	297621	0	663196
s__Streptococcus_parasanguinis	4054416	7180362	1209408	1157092	1152278	1485527	680196	1668449	1295828	2778797	4007183	577417	2673366	4220635	1900205	1330587	10030396	1975023	17369139	1917596	443410	2797794	1197886	577443	618210	4226839	15152701	3738232	3996023	3969710	3730915	5618809	628470	2077462	1531319	743861	2332839	1858939
s__Streptococcus_parasanguinis_A	807320	898224	413349	833407	520953	0	0	804337	214199	214913	112892	244142	777037	300508	163927	0	134809	0	1879009	593074	0	0	0	0	327540	0	275136	743708	0	499185	411245	870874	0	1020075	734493	423749	384359	151625
s__Streptococcus_parasanguinis_B	13823677	14881064	16756068	5621542	12398007	6381095	2997508	31494169	3064931	9001595	8283299	4598653	15432217	11075762	4361654	3541864	47215064	5750386	21315113	8488424	1378501	7357613	8142747	18606597	2714260	12065877	40844502	19235495	3875137	15239229	18911233	10010272	3653066	8154561	8622647	7574853	11024395	5212022
s__Streptococcus_parasanguinis_C	815144	1210357	2966446	95059	5438529	0	1239320	6532208	304960	1994405	1581449	174425	748357	514857	2035946	964176	1880966	2206832	4606341	1531114	674645	331958	460667	0	222286	1847935	2266399	2337746	1090471	1586886	436578	1198697	883884	726868	685859	2757383	4210319	52348
s__Streptococcus_parasanguinis_D	2516815	2344760	2487870	509552	2573000	0	742056	2114524	689540	3030955	2289015	992842	2691329	1852048	1125183	711320	5192506	923069	4884536	1356309	778488	3557613	1757440	125529	128091	1513265	3091874	1201905	314628	1825506	2587865	2877528	558473	402495	2061735	4542188	1751795	1135745
s__Streptococcus_peroris	90657	275364	211784	399202	98260	0	305149	450766	560537	486556	118573	475797	192076	300778	321587	827098	756483	180897	431562	614960	122560	252267	552944	7917475	69189	513735	205722	328042	59936	271875	503748	169503	307155	274572	285578	435554	0	122944
s__Streptococcus_pneumoniae	4329464	1022706	1386515	2679177	840260	0	20108755	2283006	3412960	18239281	2529694	1559227	2679226	4931190	481212	5288109	642934	1000984	7225237	544348	106460	1651726	8096364	2462234	6788122	2481599	334627	2118094	24299644	16075348	0	1080533	10743051	1245536	10765537	1621536	880553	4843075
s__Streptococcus_pneumoniae_A	850060	0	0	0	0	0	5570737	0	0	0	190134	0	2057108	535612	0	0	178612	0	1599672	0	0	0	584143	0	870126	4777921	312156	0	1527749	0	0	190955	2954036	0	869794	0	0	2030268
s__Streptococcus_pneumoniae_B	0	0	0	0	0	0	0	0	0	0	285201	493767	1782022	0	0	0	0	0	0	0	0	0	0	0	0	0	0	0	879968	0	0	0	28798401	0	0	0	0	0
s__Streptococcus_pneumoniae_C	429986	532120	0	0	0	0	19436973	0	465345	6075635	883203	0	521671	1126535	231291	4376017	0	0	503122	319651	0	0	0	156399	367807	0	0	0	2986275	584666	1212920	533808	2990897	0	7174837	647407	802582	1594836
s__Streptococcus_pneumoniae_D	4164626	2250851	4301853	5359623	0	4794913	28219551	6385568	1177412	34761219	16490826	2943096	17943834	12053736	6003317	30163786	771259	4943054	14432641	4217933	544389	543402	20702239	3552278	10624354	34104636	0	11493218	76444338	12918798	420626	5150598	39733928	8922457	53309108	5392332	9697337	25585797
s__Streptococcus_pneumoniae_E	0	0	0	0	0	0	0	0	0	1197245	0	0	0	0	0	0	0	0	0	0	0	0	0	0	0	0	0	0	0	0	0	0	0	838221	1309808	0	0	0
s__Streptococcus_pseudopneumoniae	886844	0	1646415	0	1952922	0	4544623	3576647	3664042	14718730	2141058	3829414	7357431	2627593	2453028	3905601	305619	1027889	2329368	0	0	129661	7153688	0	2990419	10827279	39110	664375	8351598	2638263	0	475558	837517	1718895	3242585	542583	5029102	916193
s__Streptococcus_pseudopneumoniae_A	876917	2468251	3857536	2483146	489611	0	2171989	6979274	909057	1327406	1261595	1780602	2028928	1178274	8917996	904661	61616	196088	2671482	1662991	611400	4190817	3004635	2895746	411889	1399994	2698036	7408622	372019	5453279	1290761	7082823	533199	1143425	5068229	823277	3641294	730633
s__Streptococcus_pseudopneumoniae_C	920628	0	1367232	0	39257599	0	1489451	1576479	4458063	8832933	1786871	762049	0	572273	1767336	2790463	0	0	0	0	0	178948	0	0	477146	0	0	0	487109	594712	0	0	1693442	777027	1060321	1305663	0	944639
s__Streptococcus_pseudopneumoniae_D	440357	696681	386245	2270773	0	0	1554228	1258224	462020	4759843	567900	3604325	1995603	347846	576573	502320	0	381618	3677693	712711	0	368423	2281790	2189521	0	0	1246341	878215	335994	222905	0	1026388	5762120	382695	1280830	346594	578745	1794145
s__Streptococcus_pseudopneumoniae_E	206365	176815	0	660361	0	0	141581	302556	0	698124	236416	194833	944253	269547	93186	1272903	189058	205970	713649	853071	0	367257	603106	0	173160	777281	100367	127415	673826	55167	0	395789	1106356	235608	1021744	663447	515183	542762
s__Streptococcus_pseudopneumoniae_G	0	0	1064570	0	0	0	0	0	0	0	0	0	0	0	908118	0	444534	0	0	667250	0	0	0	0	6552804	0	0	0	0	0	0	0	0	0	0	0	0	0
s__Streptococcus_pseudopneumoniae_H	0	0	0	0	0	0	0	0	0	0	0	0	0	0	0	0	0	0	0	0	0	0	0	0	0	0	0	0	278450	0	0	0	0	0	3840307	0	0	0
s__Streptococcus_pseudopneumoniae_J	380070	0	221438	1878062	498473	0	0	261602	433094	868325	339525	585994	367733	0	964805	2532591	181288	665910	0	0	0	0	0	0	1124194	712722	200079	1289286	311208	825781	0	482408	717028	246757	228313	0	0	1405974
s__Streptococcus_pseudopneumoniae_L	1890110	2923191	1686294	3856449	1384799	4566921	1179343	2238653	1074641	1760300	629651	9285059	673919	2752362	1553806	1092910	1086109	3894528	1560925	985793	533492	1390677	3494694	4703817	1065838	1037174	3271955	2584331	566134	1932425	927453	2046882	861350	1862652	2095616	1119307	1404489	998589
s__Streptococcus_pseudopneumoniae_M	138934	392349	1088823	1533509	1263425	1010458	1087963	1549784	1462912	713849	942282	782040	238697	2738497	3276158	1484499	758547	632155	1040943	503694	1007387	4128910	774796	1792938	1129521	1738267	1005373	1457682	754911	465807	1756958	400542	947985	910196	3104850	3706151	2065224	163567
s__Streptococcus_pseudopneumoniae_N	527058	664605	1205072	3130434	1071553	0	632130	196069	369350	830686	250123	481320	524960	701937	371778	0	372763	958653	166873	184776	295543	119371	322109	1986251	5942368	0	379111	674223	306216	377649	845416	674342	546708	580446	420191	1073955	0	201922
s__Streptococcus_pseudopneumoniae_O	4050969	4238496	4429697	14401332	11149391	5577445	31569854	30774268	5339940	8803544	6177149	13361140	8084257	9117755	63503935	40342146	9138121	4089861	27520934	289243	291185	4270332	13581297	2842975	14426713	10860614	6992474	15680761	8327417	4824434	1144084	2212669	56536833	5362848	7610226	34246661	3158177	9879952
s__Streptococcus_pseudopneumoniae_P	0	0	0	0	0	0	0	0	0	0	0	0	0	0	0	0	0	0	798607	0	0	0	0	0	952159	0	0	0	0	0	0	0	0	0	656389	0	0	0
s__Streptococcus_pyogenes	0	0	0	0	0	0	0	0	0	0	0	0	0	0	0	0	0	0	0	0	0	0	0	0	0	0	0	0	0	0	0	0	0	0	0	0	0	68863
s__Streptococcus_rubneri	0	244543	153165	0	0	0	0	480750	160624	212048	186972	420450	0	276213	159441	0	0	153473	212430	614187	2941177	150404	368056	0	54649	0	0	250449	516972	36144	358545	0	37879	73060	93903	290533	0	282829
s__Streptococcus_salivarius	19296721	6197642	12306691	4498438	30090888	18666206	8012638	30815907	1750797	9614986	35719512	3036844	42825447	38689381	2207104	3627559	171199666	6378245	22561478	4223369	15935886	5647859	35223629	41988190	5259522	3451463	93738960	18100067	7524004	37087762	30438398	26999802	11091664	5961478	23462470	15216191	52833353	10840480
s__Streptococcus_sanguinis	77123538	10247304	9910262	27543121	6529146	24897770	11682232	10647039	20538981	5535642	6432608	54399570	2804667	5119987	3739502	26412782	15091813	34284610	3460149	1460441	7774765	932696	8487354	17221481	17863400	23158090	28122951	4798486	1422522	32097018	1713486	6892962	6339284	46314593	1171148	11897767	48335916	10756099
s__Streptococcus_sanguinis_A	133834	630859	0	1402688	128003	1495341	191980	197386	74991	104770	962742	1006876	184554	265888	1017536	718433	112365	162464	188558	42009	162991	32115	442070	180761	227131	1477005	1257102	265085	0	313006	0	953176	79064	5358330	51256	979374	837065	425583
s__Streptococcus_sanguinis_C	4802421	1127243	0	0	0	5739668	0	1273857	0	0	0	5331736	0	331889	0	0	324164	1368603	119715	98722	0	0	434358	1662118	1223806	1085908	1819852	435002	247396	1421510	0	790785	490410	0	0	354827	751069	1469881
s__Streptococcus_sanguinis_D	1013107	0	0	571700	246081	3051165	0	0	0	222930	170757	1530791	0	0	348114	0	0	0	0	0	208916	0	1064215	147368	423233	0	71918	0	0	104940	0	57952	205886	7166378	37441	188559	0	0
s__Streptococcus_sanguinis_E	847058	1190407	696363	790999	4268049	1020921	655190	1181781	0	152684	411437	1638358	481905	0	444552	2023233	379572	521547	671905	128823	512420	140069	793293	1992598	96664	5307783	119560	120515	647161	4588377	0	356267	7695680	8461702	99809	252225	2843554	1025189
s__Streptococcus_sanguinis_F	15873389	0	194606	755400	28901663	14604810	213825	3899996	0	321239	616860	1477222	214317	280475	358811	7075610	2344494	0	383332	145481	2373674	618163	3265906	172485	1510636	0	1581841	0	4169934	5760232	0	894347	1145482	2326093	129917	547837	989004	1090179
s__Streptococcus_sanguinis_G	150662	480933	0	645630	340824	5041317	226694	598589	214447	0	161032	456013	95052	0	373869	963258	699042	0	185549	62414	1149342	0	3902816	153177	508846	0	591835	0	0	993967	0	777566	350465	2479586	415939	167160	500906	0
s__Streptococcus_sanguinis_H	46221726	2360348	1714289	2404633	2375054	16745358	1104758	4017674	3832570	191342	2252104	4963457	1217357	2337569	2790705	2990050	4903478	36779032	1440846	1596371	4396775	599492	8879562	13129540	1669368	2628487	7001823	1932786	744346	4570586	240935	7025795	5895656	29577055	792359	3330179	13395302	5470118
s__Streptococcus_sanguinis_I	2280455	164724	0	504270	279022	2268308	55107	0	304698	75494	32512	201182	252811	122283	148805	1519135	208173	628196	67245	49411	118840	38218	1024307	200283	768782	0	123401	159471	32774	108733	0	104505	262550	1271778	91300	365079	414335	525712
s__Streptococcus_sinensis	205201	59414	37938	284369	0	0	77952	0	19524	11114	27310	224991	314799	94224	677835	0	29208	0	45999	0	152188	55626	166210	0	0	0	355624	0	20747	455631	0	0	41286	0	19121	85850	98657	73067
s__Streptococcus_sobrinus	37865	0	413292	0	0	0	0	0	866072	0	0	0	0	0	0	0	14704	0	0	0	0	0	0	0	0	0	0	0	0	0	0	0	873747	0	422657	0	0	0
s__Streptococcus_sp000187445	0	0	41041	2000585	0	0	0	239004	0	278478	639028	74904	34291	55933	0	0	269104	0	15233	36108	33214	0	0	141775	0	1256354	240368	108821	0	498701	94921	39035	28158	0	44549	384536	0	0
s__Streptococcus_sp000187745	861746	2376070	0	2537127	0	0	797720	6962505	364285	1534480	810389	0	5246040	444166	0	7907122	120481	0	989883	2971330	0	248122	0	1990501	4326936	22700341	0	0	0	2542346	8548059	240527	18257471	939913	1946754	212055	5412846	407218
s__Streptococcus_sp000220065	2357374	122870	727934	916240	660495	273117	122015	97906	270398	168527	1033643	266696	173157	1446754	1020214	234161	287308	942345	328877	2035534	51021	377130	259089	168358	1022676	862235	333161	333337	583631	1086341	93819	244418	174845	312799	0	858647	503520	2781834
s__Streptococcus_sp000235485	0	188967	923393	163652	320524	4791589	236265	910982	772178	124139	389289	391529	163673	188032	664987	801258	704392	221607	668364	61814	0	382394	864970	822164	1302602	540290	137470	154770	136296	119708	0	112952	100108	245828	307171	87653	505764	695665
s__Streptococcus_sp000259505	0	81019	32132	11844731	0	0	355366	677657	355603	583964	667492	374589	1738393	19457366	217717	271299	57415	231104	1368710	0	0	922422	476587	2839451	449728	0	300301	0	78178	1017522	0	517955	1568460	283060	39582049	79639	501638	769586
s__Streptococcus_sp000314795	147058	1080545	998798	88635	956139	0	501528	1178830	63377	990863	744513	337986	495110	1168875	474113	356948	328963	0	650880	851219	148308	219710	1067139	409536	141065	287531	1054986	803471	496585	466593	593487	373232	106427	442266	632419	1147987	497319	341342
s__Streptococcus_sp000411475	6947199	1729688	808098	3152741	652306	632412	786229	1587397	629131	1604685	651618	5794723	231448	4023136	998157	199975	190717	527259	1249364	453376	419091	1576677	533635	760945	201418	1598612	797141	898503	189248	1476006	4805719	828031	842536	226477	1008728	1309859	317652	1535720
s__Streptococcus_sp000448565	937312	1109933	3942320	1925240	278716	0	0	6542725	507649	347567	1174077	0	1710208	2100398	0	0	8957137	0	2342315	1239950	0	0	2688806	0	357447	0	7723553	0	0	1457294	3429872	1283394	0	944689	1461504	0	2555438	0
s__Streptococcus_sp000831085	0	0	0	239297	0	0	0	1217198	320571	616345	113372	386413	316685	343838	1069406	0	427933	0	172008	0	0	0	0	0	543829	0	0	0	0	0	0	0	2707864	746510	0	380376	707153	1603364
s__Streptococcus_sp001553685	180743	2235555	834996	5558409	1314939	1102318	498823	1523362	690914	2514977	728726	2308844	444144	4005253	1375050	1659421	1698736	2875958	788476	230474	425606	632519	1239752	1726553	1173808	706633	1316423	1700176	610672	488465	1900939	603880	2139736	2556907	1976022	1018936	790627	1241772
s__Streptococcus_sp001556435	19312402	5494810	6122511	15907618	820401	7421254	5736331	25797202	337450	25743548	12791711	1142091	24754941	18875809	3265416	1045648	13087403	11455901	16323701	1227927	110044	11306155	12947964	2022679	492411	7379899	60893694	7346800	3061277	53441717	13305046	12562025	2529199	3715731	31644438	1087664	18048728	4522649
s__Streptococcus_sp001587175	411615	9441887	1405882	6636596	12796703	1025412	5632369	3234931	306836	12510408	1856543	10083248	485779	2974168	1251120	3608044	548304	1254721	384939	620213	212233	1642712	285700	5647944	1291676	766166	571798	625287	534843	1727876	7464030	416571	2791159	4538720	792531	6767917	1100601	11063114
s__Streptococcus_sp001650315	0	0	0	0	0	0	0	0	387787	2793061	0	931135	0	1364663	668485	0	0	767570	4887477	0	0	0	0	0	5966537	0	0	0	0	0	0	0	0	434221	0	0	0	0
s__Streptococcus_sp001808705	191838	0	323204	0	306007	0	0	466046	347834	180527	300701	946153	213316	466442	205965	209018	159859	635738	382301	66415	354678	173686	553485	0	121284	1402689	465615	134661	116275	421582	163212	635289	171225	142101	275276	234651	0	213953
s__Streptococcus_sp001810785	0	0	0	0	0	0	0	0	0	0	0	0	0	0	0	0	0	0	724496	0	0	0	0	0	0	0	0	0	0	323213	0	0	0	0	0	0	0	0
s__Streptococcus_sp001811505	216892	439348	612870	1036232	460599	1800714	910406	697683	362008	914481	393848	1521943	172600	1362937	886801	447517	351163	2747184	284432	311309	361929	149124	448452	1138006	640166	122924	646616	499185	286895	262611	1451803	578088	477840	989642	598885	1370095	570477	190969
s__Streptococcus_sp001814775	94664	1419817	432916	2558120	147276	3499090	604226	702889	869049	1376747	472522	1688191	420995	2959127	1210044	417963	239185	1209399	432990	714360	296709	636173	1979923	0	1538980	812481	292813	1042816	260893	282811	638388	998178	654944	311108	1962330	698988	330179	351494
s__Streptococcus_sp002355895	0	290083	632835	205691	2151846	0	926026	997897	913666	361054	269645	319278	0	0	0	453336	0	563914	0	452774	0	0	0	1647822	638873	0	621995	0	143836	0	2410877	169651	2239175	0	0	0	0	351494
s__Streptococcus_sp003428885	0	0	277106	0	0	0	587083	0	464778	4522295	122531	0	1262445	536968	0	0	0	0	640337	127642	0	0	0	0	0	0	0	478431	0	480066	0	0	799053	0	0	206299	0	0
s__Streptococcus_sp004166885	145488	1947522	1616020	2007475	905475	2674490	2469178	497429	1018794	2587342	1925738	583697	469978	2463958	6348070	992538	306343	1752697	1428509	125985	422179	4220888	0	1803721	382825	296095	9823631	3601719	840428	1375495	1877471	543201	1522436	1329554	14139781	1645113	1034348	1020372
s__Streptococcus_sp004353325	0	0	0	1519324	1081936	0	619210	0	808051	0	0	616861	0	406843	0	0	0	1845118	0	0	0	0	0	0	0	0	0	0	293675	0	0	0	0	0	89798	0	0	282723
s__Streptococcus_sp012843315	261013	396540	1490354	343814	275929	0	1446567	0	275098	157147	285201	443810	170260	591505	854785	738812	0	1594941	195201	97221	0	297517	0	0	0	0	498047	196080	141874	0	0	119886	0	129127	0	224995	0	1940746
s__Streptococcus_sp013276505	1229328	0	0	295004	228965	0	247921	1659793	280220	0	159182	0	0	0	1051149	0	172063	0	0	116564	0	0	0	0	820593	0	391540	0	172894	0	0	0	0	331764	0	0	0	0
s__Streptococcus_sp013276795	0	0	0	257849	0	0	0	1192013	0	2920580	0	0	428330	434854	4755604	0	0	0	0	0	0	424115	0	0	0	0	0	396189	4481399	0	0	0	1849943	0	0	0	3127986	0
s__Streptococcus_sp013277415	464485	0	0	0	0	0	0	0	0	2866662	1095623	887621	6042995	480814	0	0	0	0	0	0	0	1017185	0	0	567933	0	0	0	1366125	0	0	0	383231	0	0	826757	0	5476603
s__Streptococcus_sp013277515	0	359537	0	1912842	0	0	0	0	0	1144806	2431131	0	1110687	0	0	0	0	365453	0	0	0	0	0	0	1310094	0	0	0	0	0	0	0	0	0	294809	0	0	859852
s__Streptococcus_sp013394695	99472	2094229	14124781	2409799	552355	2478326	327431	3114961	2364396	4030015	933194	603934	358047	5972445	2432842	1181766	4026268	5115098	7512311	1106681	2924009	1537075	1583470	1905933	174760	4336949	427989	3348566	553767	946386	2419869	4328943	1070389	3103350	2133218	1185674	988007	107757
s__Streptococcus_sp900104285	0	0	139190	987560	0	0	249300	339113	162528	0	512755	0	0	0	0	0	0	0	719745	0	0	0	0	0	0	0	0	0	0	0	0	0	0	0	0	0	0	0
s__Streptococcus_sp900543065	122194	92822	74275	53803	199012	0	164095	150848	222361	111082	47318	202941	186692	101173	57815	0	257828	0	32370	48611	55423	65831	219816	0	0	219075	73119	2239450	23754	85804	161564	162218	112839	0	75783	203112	288206	64159
s__Streptococcus_sp900550895	239338	0	445928	1173865	0	0	0	294373	0	0	88334	426046	0	0	428734	0	0	0	1539781	0	0	0	555927	0	172644	0	232988	0	315924	0	0	411187	0	621345	0	0	0	311033
s__Streptococcus_sp900555155	0	0	398587	0	2184050	0	0	0	0	0	0	0	0	4066193	0	0	0	0	815875	0	0	0	0	0	0	0	0	0	0	0	0	0	7622941	0	0	0	0	2732063
s__Streptococcus_sp900755085	0	368316	181924	0	0	0	0	0	0	122514	0	402346	736337	55331	0	0	0	0	0	139308	0	0	183696	0	0	0	150530	59307	0	809957	0	0	0	0	128858	266178	630970	82676
s__Streptococcus_sp900766505	593617	678598	909906	542289	0	0	0	2546315	0	902635	385986	0	0	1419903	0	0	1824295	774296	969520	346457	0	529327	1160435	0	0	0	1180956	393297	778021	1440058	1117299	916114	3249383	340527	0	254321	0	0
s__Streptococcus_sp902363395	59102	195788	589194	308748	478968	0	1355567	105812	0	977440	354531	381887	42914	629574	0	395515	88523	345744	59328	0	159911	294144	0	3454592	112019	167343	0	84710	134112	662409	2083121	0	1135845	718560	0	1779211	197040	0
s__Streptococcus_sp902373455	696511	3374199	0	650285	0	0	0	431598	0	171088	0	0	615615	490430	0	0	0	0	0	304338	0	0	0	0	0	0	0	194893	230723	303820	0	328444	313218	647522	0	877224	0	0
s__Streptococcus_sp902460355	572760	0	126823	783393	167230	0	0	0	208303	0	178493	286918	0	0	109303	0	120509	0	55519	0	0	158246	158138	0	735847	0	0	0	0	0	0	0	0	0	50555	0	0	173679
s__Streptococcus_sp903645285	0	0	0	119053	0	0	3525639	0	0	1972164	1428622	131839	14229888	332618	593510	0	0	269621	514823	0	472268	862041	278839	0	1414685	0	2033232	0	1858229	0	0	115037	3758615	2812097	72479	0	0	0
s__Streptococcus_thermophilus	0	0	120091	0	0	0	0	0	0	0	0	0	0	91417	0	0	0	0	0	0	0	0	0	1662499	0	0	0	0	0	0	0	0	0	378828	50555	0	0	0
s__Streptococcus_timonensis	0	262917	753949	1252747	990880	518737	893038	179874	1681043	339702	519390	0	306593	1871740	2375370	1180265	36209	348083	299964	655732	1649583	673146	868612	0	927163	2316667	298136	3465932	634966	471994	2824456	879760	189434	636070	4550543	630540	379213	224956
s__Streptococcus_vestibularis	602362	213750	0	122377	0	0	0	272327	0	86007	387593	0	0	284742	0	0	0	0	142150	0	0	0	0	447290	0	0	149885	253749	0	282170	137749	49144	51206	0	389632	0	0	143372
s__Metamycoplasma_salivarium	0	0	0	0	0	0	0	0	0	0	0	0	0	108183	0	0	0	0	70852	0	0	0	0	0	0	0	0	0	0	0	0	0	0	0	0	0	0	0
s__Paenibacillus_G_validus	0	0	0	0	0	0	0	0	0	0	0	0	0	0	0	0	0	0	0	0	0	0	0	0	0	0	0	0	0	0	0	0	0	0	0	3145	0	0
s__Gemella_haemolysans	398306	384576	392243	2213143	2598935	0	2013575	510520	347859	1975263	4845390	3811058	6135221	2680187	2850183	1781092	90524	514926	2882613	1027791	0	281029	10737563	406712	1801544	1516719	366698	740537	7199064	1494325	662100	427682	2676892	618177	1934312	2708341	2944848	2153713
s__Gemella_haemolysans_A	910492	400514	493246	914139	1802571	1074529	739138	547939	195527	1088161	4617886	472738	5689931	3230516	820988	2734655	90824	459418	2036066	39009	0	281152	418886	716083	3837884	940714	491444	318533	626393	258158	316378	124013	1527463	1030953	1300276	979273	1014081	1172394
s__Gemella_haemolysans_B	464485	607716	1280531	17144492	1860739	2071882	4157073	2185960	1162645	22915723	7577916	3896915	24678201	1958658	1564167	2600766	352212	2028308	3568540	2944405	189368	1076332	12743825	1213113	3181585	19164740	482333	3194193	36377491	6347544	284007	910634	10539463	1449238	10288766	6109182	6500060	29704785
s__Gemella_morbillorum	1227667	623424	681904	841869	1383115	710478	597414	1846125	461332	658247	2066298	3688188	275335	2170076	5525416	2640091	258631	511534	2253115	80518	0	983416	1372491	400864	1031770	484656	786927	52506	1018500	561471	929674	190304	714728	273013	1182645	1026638	313567	7743971
s__Gemella_sanguinis	6027475	6778822	10895968	11509403	5552222	9348345	4026310	3451001	2151924	3729823	11313537	7883021	2650424	11560610	14277314	4879739	3506201	5844515	4641465	8133692	4277622	14759139	11161057	12565997	2088603	5565267	21746061	10320549	3064773	3277306	61680796	5616972	3333145	7218903	30950382	8394242	14061169	2018470
s__Gemella_sp002871655	304436	754338	661590	1016935	2036963	1138263	2256755	924750	633611	1442200	3758598	970925	5254308	3638337	877574	4800709	175874	1956133	3991252	509426	0	852255	1049105	1856869	2164964	526429	485872	1255694	2880849	2435834	452465	243956	3105581	1197891	2956113	1518886	3777032	8547772
s__Gemella_sp900555985	0	0	0	665836	0	0	0	0	0	304114	0	0	0	531222	468404	195340	353804	1360669	216396	95321	133650	0	491961	0	0	0	1399270	0	0	163344	1498948	180596	0	1814256	302610	607803	0	0
s__Gemella_sp900766305	550688	69817	215572	2715040	655168	189782	2031855	508670	549739	1781201	1616769	805965	2988644	971976	8004792	1312210	68918	283238	1379674	526797	57924	199374	2736038	584381	25562765	5533488	124650	1584259	3435739	408145	111166	439968	1239596	1643494	1210415	653780	0	3458696
s__Staphylococcus_epidermidis	0	0	0	0	0	0	0	0	21726	0	0	0	44518	0	0	0	0	562422	0	0	0	0	0	0	0	0	0	0	0	25431	0	0	0	0	0	0	0	0
s__Staphylococcus_warneri	0	0	0	0	0	0	0	0	0	0	0	0	0	0	0	0	0	152941	0	0	0	0	0	0	0	0	0	0	0	0	0	0	0	0	0	0	0	0
s__Staphylococcus_A_sciuri	0	0	0	0	0	0	0	0	107007	0	0	0	0	0	0	0	0	0	0	0	0	0	0	0	0	0	0	0	0	0	0	0	0	0	0	0	0	0
s__Pseudoramibacter_alactolyticus	0	0	0	0	0	0	0	0	0	0	0	0	0	0	0	0	0	0	15533	0	0	0	0	0	0	0	0	0	0	0	0	0	0	0	0	0	0	0
s__Catonella_morbi	21738	0	69370	32724	0	501097	65929	54014	88407	0	16506	17471	21958	70267	71643	46312	42111	125713	80172	0	43318	19309	33478	73321	17949	361024	17304	13402	79481	32940	192448	26724	37578	82768	93703	45479	57091	52348
s__F0428_sp003043955	64812	59714	695085	143414	330719	2567049	200659	3295884	39148	93816	1841745	27612	1807231	2596036	1403965	81998	1080932	0	1243761	185537	342115	204025	0	1211267	92853	3223140	1369654	1667600	706025	98118	4806772	444412	625190	595181	998043	180880	2219349	22120
s__Johnsonella_ignava	81441	0	47848	151013	0	322819	41180	0	73990	0	8773	42372	81115	75279	40681	168808	37010	36373	30365	25105	0	20910	187636	117573	109944	0	28607	0	55426	27033	55871	53749	95498	0	42146	44578	225114	49345
s__Johnsonella_sp900766185	0	12303	56557	79500	33420	0	0	67642	254771	89211	81331	98199	25367	113399	91282	46913	77320	166962	41489	11603	21709	29714	61427	61201	84430	139893	26507	8641	52820	12215	106050	50045	29962	145606	23326	60105	48077	82576
s__Lachnoanaerobaculum_gingivalis	65213	180744	264596	180755	124408	380248	136409	125675	146636	87609	152591	282613	84223	639057	836728	183164	37910	166096	118882	107884	644341	221255	86460	488391	118557	732112	158152	516672	140832	97217	329886	177167	191499	418255	326989	638937	343563	162399
s__Lachnoanaerobaculum_orale	471654	349354	580689	430940	3305614	886655	165701	1486301	487342	111626	1617500	295285	300260	1628928	488069	278946	1689108	547704	503842	270279	270977	1314762	181190	1053077	129298	2087838	1023626	915935	129948	793844	1764971	545062	260956	691499	423654	333624	2163643	487725
s__Lachnoanaerobaculum_saburreum	232455	19905	185531	301161	35922	0	0	153342	451566	30838	164848	123488	72191	191775	125399	80394	161962	402270	263389	0	24510	83039	209448	674160	121669	195577	75119	120535	117049	91210	0	90081	53511	133867	89398	25444	56790	43840
s__Lachnoanaerobaculum_sp000209465	0	50412	242618	46174	83751	0	38475	152067	393114	0	227612	71591	27072	99035	157981	66862	60416	131039	97009	21505	85236	53825	59215	0	104582	550990	158741	46106	84492	19423	152334	56351	82371	352353	168755	50789	0	60155
s__Lachnoanaerobaculum_sp000287675	156311	496655	676767	635938	507142	1478064	318842	748730	473254	183088	252097	182723	43114	1814027	376883	371048	348980	315730	62735	285788	1783084	457475	293932	1356988	225939	2182729	342861	1214129	458694	290892	1886069	460860	266372	706081	1194242	600657	354728	377474
s__Lachnoanaerobaculum_sp000296385	32556	216013	337206	296936	195755	1055336	138281	283352	672106	43954	85333	75406	39605	427306	274063	153149	1030579	1113928	27259	216645	1867051	270116	290221	334253	65479	1598435	152356	374479	215901	102014	1159615	95686	65736	325149	299889	147292	271287	215627
s__Lachnoanaerobaculum_umeaense	0	0	40641	0	0	632831	0	0	0	0	47418	0	0	0	0	0	0	0	0	77117	46419	49323	0	0	0	0	0	66808	0	0	0	0	0	0	60867	129994	0	0
s__Muricomes_intestini	0	0	0	0	0	0	0	0	0	0	0	0	0	0	0	0	0	0	0	0	0	0	0	0	0	7308	0	0	0	0	0	0	0	0	0	0	0	0
s__Oribacterium_asaccharolyticum	194228	1352856	571779	250369	817302	3114475	131299	728953	1261498	58472	361312	58538	270250	1674669	246088	449962	2089272	1921965	275672	218230	637664	351029	1171585	367306	47530	13987736	1217982	376920	676490	698266	1430773	989994	419704	284882	389675	874492	1418048	474922
s__Oribacterium_parvum	17630	388620	750949	335243	738545	1234252	188501	248047	1474696	169924	320044	142408	200313	940629	440679	219347	715528	1698545	470289	776314	802752	272447	692114	480259	131649	1286733	466741	2249530	524461	144083	1630769	898230	247366	975982	449197	426888	503678	707222
s__Oribacterium_sinus	1120629	1376177	1623066	1044898	1157669	33781814	582221	1095046	1930587	351537	689438	823340	755559	2698424	1208917	727647	9344901	2148395	803050	822053	1366379	568093	3814058	2924888	457831	36885134	2778348	898487	1029055	2739589	27736755	1110158	1634933	3521110	3089441	1632961	5278609	2057889
s__Oribacterium_sp000160135	106083	4971	58359	53602	8855	61308	20139	9440	12015	113892	30512	136891	34391	98333	32365	125655	32509	26928	88190	16003	0	11005	581249	20734	75807	66471	25907	7291	37385	36844	0	74167	72551	23319	23826	5620	52884	20619
s__Shuttleworthia_satelles	0	5151	158811	44970	22414	0	108462	200546	18623	0	26410	213617	0	25360	0	0	0	0	244842	0	0	7774	247972	0	46226	99106	8422	0	31672	13516	0	38735	0	0	5156	0	0	279046
s__Stomatobaculum_longum	21437	61715	97298	62737	404908	402553	37974	110534	46056	36145	290447	101433	71890	269063	62725	47314	357591	27631	297399	24705	60025	231605	95307	460955	5224	476630	254077	121960	12929	79596	514725	246636	212061	81667	102785	79939	624325	38636
s__UBA4285_sp900542465	0	0	15916	0	0	0	0	0	0	0	0	0	0	0	0	0	0	0	72757	0	0	0	0	0	0	0	0	0	0	0	0	0	0	0	0	0	0	0
s__W11650_sp002999035	0	0	0	0	0	0	20039	0	0	0	0	0	0	0	8357	0	0	0	0	0	0	0	0	0	0	0	12803	0	0	0	0	8338	0	0	6277	0	0	0
s__Caprobacter_sp002407675	0	0	0	0	0	0	0	0	0	0	0	0	0	0	0	0	3391	0	0	0	0	0	0	0	0	8479	0	0	0	0	0	0	0	0	0	0	0	0
s__Caproiciproducens_sp002407645	0	0	0	0	0	0	0	0	0	0	0	0	0	0	0	0	0	0	0	0	0	0	0	0	0	8169	0	0	0	0	0	0	0	0	0	0	0	0
s__Clostridium_E_sp002397665	0	0	0	0	0	0	0	0	0	0	0	0	0	0	0	0	0	0	0	0	0	0	0	0	0	2353	0	0	0	0	0	0	0	0	0	0	0	0
s__UBA4871_sp002119605	0	15504	0	0	0	0	0	0	0	0	0	0	0	8310	0	0	19905	14569	0	4501	14506	0	0	0	0	31834	7032	0	0	0	0	0	0	0	0	0	0	0
s__Eubacterium_A_minutum	0	0	0	0	0	0	0	0	0	0	0	0	0	0	0	0	0	0	0	0	0	0	0	0	0	0	0	0	0	0	0	12311	0	0	0	0	0	0
s__Eubacterium_A_nodatum	0	0	0	0	0	0	162007	0	0	0	0	0	0	0	54509	0	0	0	0	0	0	0	0	0	0	0	241207	0	0	0	0	0	0	0	17219	0	0	0
s__Eubacterium_B_infirmum	0	64415	96898	67656	46928	0	31862	134449	43953	68485	43016	537712	20855	250749	112161	152775	14204	144905	185529	14603	26811	123450	58310	0	57357	72678	55814	21103	19645	27133	0	68862	0	84770	33337	41973	0	129471
s__Eubacterium_B_sulci	67116	2425090	712945	534292	857083	253368	195898	828920	2226656	221700	2564522	192917	259020	4862611	1963389	1016066	3999009	1272502	653476	985036	1323861	4884675	666424	634518	99171	1050360	2443881	2366099	739570	453248	3161305	2469123	586821	2732451	1322563	1480060	1145224	569413
s__Eubacterium_M_brachy	0	0	97398	249848	99761	2195794	415371	233812	150832	82502	101942	174566	0	593815	315208	56637	167037	0	975060	0	22109	55526	1422062	228348	234711	396143	262034	14002	391583	0	600259	65559	76860	47239	39744	60906	104979	673938
s__Eubacterium_N_saphenum	0	0	0	0	0	204321	96488	0	0	0	0	0	0	200026	0	0	0	0	0	0	0	0	0	0	0	0	239163	0	0	0	0	43739	0	0	0	0	0	0
s__Mogibacterium_diversum	838370	3591047	3632631	471056	2073989	659047	606280	3355547	2827276	466606	8300101	681972	746498	2771577	2545507	1112429	21986229	2824014	3371563	1186507	2336654	7218179	979693	1844302	128666	1497899	8246862	4419355	1797059	2108857	5572838	5681248	902368	4328197	2673543	2149992	2521519	1336418
s__Mogibacterium_pumilum	0	0	0	0	0	0	0	0	0	0	0	13555	0	73474	15731	0	0	0	14531	24405	0	29314	0	0	0	0	12103	7461	21148	0	0	94485	0	0	0	0	0	0
s__Mogibacterium_timidum	0	0	17317	13953	0	325821	40178	27458	0	0	0	0	0	395643	0	0	48613	0	6604	0	0	45922	0	0	0	0	224221	8561	0	0	0	0	102380	0	0	8545	0	0
s__UBA1191_sp900066305	0	0	0	0	0	0	0	0	0	0	6723	0	0	0	0	0	0	0	0	0	0	0	0	0	0	0	0	0	0	0	0	0	0	0	0	0	0	0
s__Filifactor_alocis	0	0	0	0	0	330106	56310	137441	55367	0	0	0	0	80792	53507	0	0	0	0	0	0	0	0	0	0	0	150577	0	0	0	0	53348	116957	0	75082	24142	0	164528
s__Peptoanaerobacter_margaretiae	0	0	0	0	0	0	0	0	44154	0	0	25704	0	0	85370	181653	17004	72645	0	40609	52322	0	0	0	68186	0	0	0	24355	0	62580	0	0	0	30233	51890	0	0
s__Peptoanaerobacter_stomatis	0	0	0	0	0	0	44487	0	0	0	0	0	0	88310	121147	0	0	0	0	0	0	13506	45542	0	0	0	29808	0	0	0	0	0	80267	0	0	0	0	40938
s__Peptoanaerobacter_yurii	45278	0	111773	50792	0	0	0	323951	160957	32540	0	141039	73595	92319	143604	169699	33509	93242	65040	55212	0	0	71983	200589	109558	0	0	0	49512	76993	0	27925	72851	0	22124	100353	0	0
s__Peptostreptococcus_sp900759325	0	3484940	205358	1604850	983733	135897	180170	239237	957815	82602	979369	1082041	0	2009771	3612615	1389607	208510	1369286	282677	1749183	503333	3477394	431937	342103	131043	672011	932737	2041710	525638	124000	2525678	1053697	203296	1352464	1197644	895020	369865	172389
s__Peptostreptococcus_stomatis	0	147348	54955	243554	0	0	457612	0	60073	0	56722	234029	91843	70768	297986	0	148339	556199	155957	0	0	72334	0	0	0	0	140556	0	0	121205	0	0	308577	0	58764	57600	0	170150
s__DTU032_sp002427475	0	6672	0	0	0	0	7114	0	0	0	0	0	0	15838	0	0	0	0	0	3271	6153	0	0	0	0	6587	8352	0	0	0	0	0	0	0	0	0	0	0
s__DTU032_sp002427505	0	8172	0	0	0	0	0	0	0	0	0	0	0	18845	0	0	6912	0	0	0	10805	0	0	0	0	22324	10503	0	0	0	0	0	0	0	0	5299	0	0
s__DTU032_sp012728535	0	0	0	0	0	0	0	0	0	0	0	0	0	4631	0	0	0	0	0	0	0	0	0	0	0	0	0	0	0	0	0	0	0	0	0	0	0	0
s__UBA4923_sp002427535	0	0	0	0	0	0	0	0	0	0	0	0	0	11527	0	0	0	0	0	0	0	0	0	0	0	0	0	0	0	0	0	0	0	0	0	0	0	0
s__CAG-793_sp013333035	0	0	174042	0	1120525	0	0	230635	0	0	476820	0	0	1391830	331942	0	358327	416257	262043	0	0	2214234	0	1057969	0	0	456355	276537	0	0	0	281561	0	629022	515433	0	0	0
s__CAG-793_sp013333395	0	343000	310012	161549	0	0	166474	0	138045	71288	0	0	0	611469	2053407	0	0	708569	0	98421	0	310452	0	0	0	0	0	0	118751	0	0	227184	0	2980212	932262	529012	0	203496
s__JABCPO02_sp013333105	0	0	0	0	0	0	0	0	0	0	0	0	0	915396	0	0	0	0	0	0	0	0	0	0	0	0	0	0	0	0	0	0	0	0	0	0	0	0
s__JAAYQA01_sp012519495	0	0	0	0	0	0	0	0	0	0	0	0	0	4511	0	0	0	0	0	0	0	0	0	0	0	3494	0	0	0	0	0	0	0	0	0	0	0	0
s__Parvimonas_micra	0	0	164395	0	0	2064425	126919	0	0	0	0	220137	0	419199	393804	0	0	527094	212570	0	0	0	0	0	0	0	56414	0	0	0	0	0	0	0	96406	421698	0	131609
s__Parvimonas_sp000214475	0	0	0	0	0	0	225928	0	0	0	0	0	0	0	0	0	0	0	0	0	0	0	0	0	0	0	0	0	0	0	0	0	0	0	0	0	0	0
s__UBA4874_sp002398065	0	0	0	0	0	0	0	0	0	0	0	0	0	0	0	0	0	0	0	0	0	0	0	0	0	10411	0	0	0	0	0	0	0	0	0	0	0	0
s__UBA4877_sp002399345	0	0	0	0	0	0	0	0	0	0	0	0	0	0	0	0	0	0	0	0	0	0	0	0	0	15517	0	0	0	0	0	0	0	0	0	0	0	0
s__DTU098_sp002408725	0	0	0	0	0	0	0	0	0	0	0	0	0	0	0	0	0	0	0	3881	0	0	0	0	0	0	0	0	0	0	0	0	0	0	0	0	0	0
s__UBA4844_sp002424365	0	51212	0	0	0	0	10521	0	0	0	0	0	0	43704	0	0	71219	46219	0	21305	35715	0	0	0	0	143702	72919	0	0	0	0	0	0	0	0	27648	0	0
s__UBA4851_sp002408445	0	0	0	0	0	0	0	0	0	0	0	0	0	0	0	0	0	0	0	0	0	0	0	0	0	5476	0	0	0	0	0	0	0	0	0	0	0	0
s__JAAZLJ01_sp012799365	0	0	0	0	0	0	0	0	0	0	0	0	0	6836	0	0	0	0	0	4871	0	0	0	0	0	0	0	0	0	0	0	0	0	0	0	0	0	0
s__Syntrophaceticus_sp002397275	0	0	0	0	0	0	0	0	0	0	0	0	0	0	0	0	0	0	0	0	0	0	0	0	0	5035	0	0	0	0	0	0	0	0	0	0	0	0
s__Centipeda_artemidis	192422	13703	93695	28106	50230	0	14328	9811	65379	60175	25310	51710	26871	41799	57214	54331	48213	141291	365005	9272	3241	35917	58411	1037831	24567	87794	23006	10901	88000	54766	0	127592	71348	20817	5716	29752	42968	175377
s__Centipeda_felix	544637	127938	453462	31318	114633	772129	53003	265361	215058	21527	372573	49400	110317	673789	189909	22154	604074	186594	533712	133850	535220	1282097	44135	291138	31386	1999493	572767	376500	138843	138021	1586769	946845	20643	278144	135190	77836	206318	53449
s__Centipeda_flueggei	57599	12403	74876	14354	36922	0	19839	57521	25731	4285	61323	23194	21156	83799	32565	0	85422	28234	165920	15703	60025	152089	5972	0	11331	143046	63616	43405	23554	20425	169104	162631	7626	45838	14115	5960	22636	8368
s__Centipeda_infelix	61005	2161	67668	39750	11307	85992	34267	70348	29836	26433	44217	16467	31183	114480	241113	8460	23106	44210	131108	3611	5632	31915	26642	90850	117679	20121	13704	5481	88902	17721	50564	35332	17035	13311	3994	4398	17027	81675
s__Centipeda_massiliensis	10418	0	22323	14354	0	103905	25049	13729	35844	0	13505	0	6608	129293	356006	5142	11603	14167	63436	3001	9564	18008	13371	0	39708	43346	11403	6311	14834	4485	9863	4944	4860	12310	3674	5560	0	18617
s__Centipeda_noxia	286483	23406	124566	424280	47529	343220	79054	124773	679340	48160	77330	258916	108689	124850	66833	72074	95525	421329	349019	8402	50121	85240	641323	1604331	268102	367133	136833	30604	201526	128773	230631	87379	123011	293645	69676	17631	57992	199414
s__Centipeda_periodontii	33558	0	43744	12849	4233	0	24548	5061	43052	3114	10404	7490	9716	135295	43787	15437	18005	8480	86486	1900	10404	11405	55696	0	92051	0	14404	3690	14032	16920	26033	12311	6774	7026	8339	0	6611	4644
s__Centipeda_sp000286455	0	2050	12513	0	0	72346	4489	7646	16120	0	7693	0	7359	31074	57014	0	4831	8370	31367	0	0	10805	0	11118	10529	0	7672	2480	6184	5507	0	15514	0	5815	0	0	0	11310
s__Centipeda_sp000318175	12421	6282	33033	8271	3872	0	13827	11424	21726	2844	15706	8695	19953	66257	160752	18946	8582	30043	113150	2331	10905	25312	9209	62804	33893	0	7802	7191	8519	17521	18824	11010	0	5985	2393	3035	0	16615
s__Centipeda_sp000468035	3837	0	4925	6635	2281	0	6342	6744	8070	0	5472	2621	0	12430	51302	0	3041	0	7927	1200	4022	15007	0	39265	8032	31534	6112	0	2065	3464	0	9228	0	4804	1582	0	0	5976
s__Centipeda_sp001683335	10017	3241	15516	6555	12408	70540	29658	30965	10413	0	8193	2500	7229	43603	60020	5974	6342	0	58225	0	1891	10405	9390	24140	17147	12413	12203	5531	8339	2833	20826	8378	8127	3753	1372	2144	0	12912
s__Centipeda_sp001717585	11320	0	22323	10339	4603	56592	6843	5201	28835	4606	15106	3062	6307	30673	74849	0	8582	19693	30466	1490	8063	11906	5278	23739	16044	37340	5471	3120	17640	4115	11915	6045	0	4604	1572	2354	0	26524
s__Mitsuokella_sp000469545	6361	0	13714	17968	0	0	0	49805	0	0	9294	142600	0	0	0	11327	0	0	80974	0	0	4162	0	101254	14740	0	0	0	0	6588	0	3143	6012	25721	2012	0	0	0
s__Selenomonas_sputigena	145442	6262	116797	49487	23114	511912	93783	65738	74891	15920	102835	34139	51537	243156	383451	38794	35009	39588	577162	49111	36215	330143	80830	162130	124333	102425	72018	175478	33977	63276	136691	573639	44092	7726	18420	12722	0	148501
s__Allisonella_pneumosintes	0	0	38138	0	0	317855	258203	0	0	0	0	62453	0	170535	145227	0	0	0	143749	0	0	20009	0	0	0	0	60716	0	73467	0	0	0	68542	0	31935	0	0	181807
s__Dialister_invisus	51589	79819	480000	523413	141529	0	289733	555165	207742	412569	109543	979157	132118	476293	115902	723061	266420	775206	1423440	39009	0	102085	826634	0	199474	249227	56915	82510	435486	270166	0	265628	359243	253545	19822	0	0	586651
s__Dialister_sp900555245	0	0	0	0	0	0	0	0	0	0	0	0	0	19246	0	0	0	0	63537	0	0	28013	52379	0	0	0	0	0	0	0	0	0	0	0	0	0	0	0
s__Anaeroglobus_geminatus	0	0	8839	0	11207	0	26552	64836	0	0	13905	108250	0	66458	0	45711	0	0	136359	0	0	0	0	0	17548	0	17705	0	38588	0	0	23121	0	0	0	0	0	113727
s__Anaeroglobus_micronuciformis	657402	124724	1465030	37642	1060430	285805	149012	7211512	1208789	174134	6822130	206972	1297763	4052408	994145	431049	18733099	1011343	1710724	165057	257427	862824	126809	3146265	29280	91298	3602958	638426	147467	799927	1749347	3370323	368240	2875122	656806	239606	3339147	56652
s__F0422_sp001553345	0	0	0	0	0	0	1012426	959641	0	537346	917584	155615	1749533	3384382	70441	2017336	1276438	1726472	674032	0	0	952167	0	2004206	0	0	0	0	0	6356206	0	217266	1784928	0	78386	147964	0	4960388
s__F0422_sp003992005	0	0	0	95661	0	0	146629	27358	0	51964	618367	0	219288	107450	20741	0	0	56066	161609	0	0	296713	0	584737	0	0	0	0	0	13016	0	19918	416864	0	0	0	0	0
s__F0422_sp003992015	0	0	0	135163	0	0	191587	952346	0	1435057	7907336	0	1237690	631258	53607	0	0	760244	1148742	0	0	2295623	0	6047400	0	0	0	0	0	153065	0	539962	2173281	0	26129	0	0	217561
s__F0422_sp003992055	0	16904	80982	190475	0	666591	120638	1487138	80298	2378922	3257567	87254	1893994	1175772	24649	806514	43711	107720	786826	0	0	2247899	45241	280414	0	371348	14704	0	0	111613	0	402078	2406059	104361	199797	176823	61097	1482889
s__F0422_sp003992135	0	0	0	0	0	0	0	106498	0	0	68226	0	78007	97832	0	0	0	0	35777	0	0	310331	0	0	0	109142	0	0	0	0	0	0	367196	0	0	0	0	64660
s__F0422_sp003992315	0	0	0	54205	0	0	0	0	0	111113	511311	0	78207	109505	0	0	0	116593	133315	0	0	309758	0	886366	0	0	0	0	0	75091	0	119787	785240	0	0	0	0	0
s__F0422_sp003999875	0	0	0	0	0	0	108034	0	0	130547	146196	0	201855	0	0	0	0	0	89994	0	0	190918	0	504871	0	275847	34509	0	0	49660	0	0	229606	0	0	0	0	149287
s__F0422_sp900544365	0	0	0	0	0	0	623207	145900	0	69286	460617	430001	520673	112538	0	0	0	334819	1147054	0	24810	58127	271672	8712540	0	2879918	0	0	0	34041	0	960456	10214835	142885	0	0	315150	918206
s__F0422_sp900766245	0	0	0	0	0	0	157840	821332	0	751130	167046	0	563591	129276	0	0	0	305571	424060	0	0	347370	0	929444	0	0	0	0	0	61875	0	366234	526206	0	0	0	0	0
s__Veillonella_atypica	19043971	12037269	9691441	1551326	8946856	4215472	720092	16606039	5725843	1663210	23616621	1134181	11428771	23056517	7565567	1608460	53433746	14716632	35736162	1779312	7052809	12963464	3381188	18399868	157266	3742918	29557784	12973548	1696869	4195056	16900616	29307870	2902666	10605264	3959177	7022417	24511734	3907605
s__Veillonella_denticariosi	0	0	558590	0	0	0	0	208614	0	0	0	0	0	0	0	0	0	0	0	0	0	0	0	298790	364512	0	0	0	0	0	0	0	0	0	0	0	0	0
s__Veillonella_dispar	519473	216730	432635	403582	807148	565996	580509	1517901	652451	491247	1514563	575661	749780	1175249	904545	445631	2964172	2168985	961399	362793	247635	972444	241605	2216382	0	0	5369479	1116624	209778	375431	1108735	1150885	114055	318693	1633307	828292	1318135	226125
s__Veillonella_dispar_A	7402627	4783876	7812425	2787678	4236021	3057482	1362520	14343392	2399779	2097148	7614472	1117963	6694727	4274714	5707143	3427565	12601184	4726566	10633340	3293022	3926161	7742826	4567274	14434241	1157337	6943061	12332206	1602302	1983193	5599533	8852024	12766042	1884212	9307726	4946783	6164447	9547871	3803389
s__Veillonella_infantium	6443083	4199419	4354034	2394782	4429468	2524524	996740	13096867	993752	1997243	6882373	1558521	4387729	5196015	7692546	3116865	2261755	2411946	6193926	2561389	1812877	5421424	2473559	9796109	250107	2701009	24462306	891516	1308621	1790579	6995813	8382809	1512264	3501899	4434377	6704839	4207040	172282
s__Veillonella_parvula	0	133793	176056	362468	154670	0	0	611774	145714	891492	91535	448581	0	449650	592120	234712	0	0	670830	0	0	0	0	291226	0	0	0	0	0	71787	0	364017	0	228694	271080	0	0	633556
s__Veillonella_parvula_A	8531249	977933	5995447	5010449	2539759	599912	1932410	17775787	3548411	2494076	1987611	4644988	3207963	4848027	5990475	2463790	3471235	2181496	17388642	541966	1594114	2814632	985274	17803426	3673553	2969362	8464268	1186689	1443414	4764239	837060	8012491	3576247	7281183	2196803	931561	1713280	4382240
s__Veillonella_rodentium	34460	0	22723	0	0	0	0	23449	0	0	54121	0	0	0	0	0	503012	0	0	0	48820	0	0	0	0	68173	414206	0	0	10913	0	461815	0	19316	0	0	0	0
s__Veillonella_rogosae	3849194	6160558	13394827	3398780	8948949	8504390	1847241	4589892	2478753	1608724	3802679	1524277	2420090	8326453	4693091	1383585	8680998	17552638	2212232	3348821	4159534	7288117	1695708	6458097	1583358	8944880	6239907	8114242	2599791	1700738	11618827	5901267	918143	2812295	9747249	6754858	2445359	826044
s__Veillonella_sp002959755	291754	0	156541	0	142606	0	0	464293	152788	0	187565	177742	325878	264209	392094	0	614539	341698	501462	66715	0	160501	275545	936612	0	0	382354	219040	87699	2425698	2732556	195854	0	150648	575652	492659	286650	0
s__Veillonella_sp003463825	1522500	1883804	1442230	561912	1193834	672001	427624	7582228	863509	1285860	1600127	489043	2371984	1787374	2329215	851564	3747193	1422349	2121865	774151	757311	2750018	2390049	1437049	194778	975561	3597929	1740982	720134	3182945	3499924	2576111	419732	1269979	2699304	2215336	4666130	257279
s__Veillonella_sp009929605	0	0	0	0	53332	0	0	0	0	0	0	0	0	0	0	0	0	0	0	0	0	0	0	0	0	0	0	0	0	0	0	0	0	0	56162	0	0	0
s__Veillonella_sp900538355	57700	113828	297735	101197	315537	0	46190	0	183184	223510	0	0	206557	252250	223260	206547	1983116	166466	416378	110599	72830	564692	178000	1523808	0	0	580298	403953	44702	152849	806365	489063	68843	430775	310784	121578	169668	428382
s__Veillonella_sp900545205	1552667	868597	1628528	509274	4172583	1467193	283518	5459649	594240	923386	1316061	787990	1156992	4197684	1118222	0	14003650	1336964	1721428	592560	132609	739240	397018	9138997	0	0	6301863	5112052	1381060	885147	4598064	2615719	180561	1781656	3247232	1302768	2072988	692495
s__Veillonella_sp900549805	0	0	0	0	0	0	0	2852812	0	22328	0	0	0	0	0	0	0	0	0	0	0	0	0	1453586	0	0	0	0	0	0	0	0	45695	0	0	0	0	0
s__Veillonella_sp900549845	6035208	432375	1871414	482976	2977224	1098716	336488	7250635	315149	318788	1134093	0	830266	1600759	2543507	1387561	2033686	683917	2491070	942362	827843	3194822	1153818	2099804	0	1296097	2991907	1589976	466813	122190	1963709	1611269	407849	770785	3748837	1859269	1327054	0
s__Veillonella_sp900550175	6673116	577882	1694546	1668777	363498	268048	86469	785307	0	180256	144436	9479595	318861	389849	901834	1065309	3572884	398359	1288779	383577	186141	869731	401337	7907952	446386	882920	613955	168746	135899	1774759	1076691	485874	318913	340767	456925	446482	1888741	3210207
s__Veillonella_sp900550455	0	0	0	0	0	0	0	576369	0	14117	0	0	0	0	0	0	0	0	0	0	0	0	0	9231431	0	0	0	0	0	0	0	0	0	0	0	0	0	0
s__Veillonella_sp900552445	1913180	1385169	5974190	2124144	5951887	6773520	1423113	3465022	765565	1344551	954611	103801	998026	14724924	8390094	1077980	2491412	3224219	2112067	2860689	14410221	3276201	888087	2787122	453191	5975645	3451395	1694558	2115895	163290	5368392	8022538	763347	3052510	8449891	1729108	4999473	0
s__Veillonella_sp900552715	277212	208284	728341	255045	1675990	0	0	770781	176938	240703	288442	0	336796	1902220	302179	265086	3420718	285864	2065025	0	0	1217192	220036	3638722	0	0	848441	785410	0	630659	653156	993786	0	1033361	1181150	388476	559308	1045065
s__Veillonella_sp900556785	18865164	1210362	1338688	714372	1915870	0	247592	7966075	262286	1048650	7386291	1567098	2546107	1480689	333345	318308	5198033	771857	1499204	3317830	0	1345210	420948	14165139	876761	0	22339317	598621	561052	1312440	3972861	10179047	1400471	0	3978210	4185569	726729	1089135
s__Veillonella_sp900757715	203076	139920	409257	165962	67241	0	197347	567980	80998	135540	300892	136718	194012	475035	256086	151557	44512	89022	828800	54712	45019	94444	0	176122	74804	0	155248	16102	35681	93713	0	499688	99907	192765	159586	102844	209377	63358
s__Veillonella_sp900765235	6317598	197904	1131789	252481	305730	1651076	0	1461005	496753	349669	823914	0	901746	3857958	195562	825759	3224696	1791767	1916658	835455	2013332	652469	0	0	0	0	2493130	2931001	527325	523298	413490	1090074	0	643538	3122056	897233	816099	0
s__Veillonella_sp900766125	663156	203402	256867	289150	0	0	0	2329574	0	234017	0	0	747160	601018	402300	0	1659432	1073274	1126036	807738	0	2311609	0	1534015	0	0	936469	231764	0	300126	2137299	4024412	0	0	534578	892810	1112430	0
s__Veillonella_tobetsuensis	224569	177555	621907	105916	393009	737048	36672	273492	412417	238393	751749	34440	390826	526420	421314	97235	1658517	1926584	555375	423877	432374	1334322	151539	877741	175106	314183	939118	528856	4464879	509223	2726683	1333345	268103	284922	447462	585285	491498	185979
s__UBA4971_sp012518595	0	0	0	0	0	0	0	0	0	0	0	0	0	0	0	0	0	0	0	8112	0	0	0	0	0	0	0	0	4741	0	0	0	0	0	0	0	0	0
s__Fusobacterium_animalis	0	0	998772	0	0	0	427556	0	0	0	0	0	0	503601	754313	0	1438372	0	1046092	0	0	0	1046101	0	0	0	0	0	1452927	0	0	1062821	0	0	0	0	0	0
s__Fusobacterium_massiliense	0	0	0	0	0	0	0	569583	0	0	0	0	0	240407	0	0	0	0	201249	0	0	0	0	0	0	0	0	0	0	0	0	0	0	0	0	0	0	0
s__Fusobacterium_nucleatum	0	0	0	0	0	0	0	0	0	0	0	0	0	350537	0	0	0	0	0	0	0	0	0	0	0	0	0	0	0	0	0	0	0	0	0	0	0	0
s__Fusobacterium_nucleatum_J	0	0	0	0	0	0	560301	0	0	0	0	0	0	0	0	0	0	0	308582	0	0	0	0	0	0	0	0	0	0	0	0	0	0	0	0	0	0	0
s__Fusobacterium_periodonticum_D	0	2975987	241120	1925845	1207371	2769689	0	0	2528336	14017	772556	2396227	449832	3725827	2537256	489189	0	2308336	0	362853	324649	2357340	726091	1516505	355880	0	474297	4252894	521922	704711	3075297	573503	576903	5370251	3247232	2006679	3267113	1017481
s__Fusobacterium_polymorphum	0	0	321853	869358	0	0	0	0	903821	0	568781	0	0	882231	495018	0	0	0	0	286253	0	328616	0	0	0	0	319335	0	0	0	0	0	0	1580995	539407	0	0	421792
s__Fusobacterium_pseudoperiodonticum	0	2224925	1275479	2630105	1144758	0	1391375	0	768479	490753	690296	3634753	0	4455950	4589533	1006950	413884	1487877	0	1985766	7851987	0	843051	0	293834	4766491	270627	1042175	133600	0	2112154	0	283117	1383731	5483951	1722458	1071511	883755
s__Fusobacterium_vincentii	0	0	276264	846362	0	0	0	0	584044	0	0	831935	0	394254	0	0	0	2446218	0	0	0	0	1068552	0	2841112	0	0	0	0	0	0	0	0	0	0	0	2325622	0
s__Fusobacterium_C_necrophorum	0	0	0	0	0	0	0	0	0	0	0	0	0	0	0	0	0	0	0	0	0	0	0	0	0	0	0	0	0	0	0	0	0	0	0	22290248	0	0
s__JABCPH02_sp013333235	0	1358280	809098	272710	481858	2238103	198915	1548673	552432	127546	441905	33335	215527	1860512	896956	200986	819033	797141	912255	1034369	1340209	2555974	416476	5388478	517933	5826345	1116203	2356542	266750	4475257	8483055	1855905	171410	2740636	1267627	898934	2862073	264586
s__Leptotrichia_buccalis	216326	50712	580412	436491	201762	1172536	325237	985997	1549426	144171	590774	97295	388939	603020	530464	0	1203425	262856	536664	0	71430	187682	645351	550181	1674008	1833946	165826	74909	38688	376489	995514	186615	400644	260309	336750	154804	236308	249951
s__Leptotrichia_hofstadii	276929	113281	318455	1486616	155821	247406	286061	326145	466908	36946	268810	300332	121322	176798	331296	0	650713	781671	366085	0	0	387631	418324	1085987	364434	294675	546460	64708	135002	373367	644721	154666	348605	200951	197783	0	153184	357624
s__Leptotrichia_hongkongensis	789380	111161	574097	2676990	228711	2022796	76449	507642	148952	112830	392943	680980	172393	435403	668172	185636	138484	1301029	1028607	461443	146887	147955	140591	5334728	343157	3344220	252404	234557	71262	1005552	292961	367702	242403	242863	153484	179949	325172	540162
s__Leptotrichia_massiliensis	188762	47011	111918	674498	76046	0	155813	305934	287220	0	267125	290817	164529	148410	324055	0	192578	394739	243719	0	0	164544	110606	888239	276314	256357	148547	84810	89203	258570	124112	142311	176102	173992	120578	0	294830	126436
s__Leptotrichia_shahii	1213764	132407	45546	283707	345608	0	0	314580	326318	146427	209939	0	466528	413941	335397	0	266825	0	1851869	0	0	295549	535864	2554754	638297	596672	290715	105059	27863	617247	0	83475	67440	106666	324506	136998	0	281195
s__Leptotrichia_sp000469385	134553	0	101644	911393	70243	0	65628	265024	157658	0	158965	302526	77004	177349	86573	0	83122	0	217195	64514	0	92544	166554	0	158493	811492	215459	0	0	180151	165955	64258	70246	0	72880	0	0	171460
s__Leptotrichia_sp001553645	0	0	70771	0	0	0	0	530579	171886	0	404714	87154	0	255579	420792	0	0	0	50509	0	0	351506	0	2405719	111464	0	137534	0	0	437107	875083	449328	0	351512	0	0	400740	0
s__Leptotrichia_sp002240055	345995	82620	629390	0	96959	0	210000	611577	1671970	0	596173	142838	155393	871566	1433043	108887	394135	912347	1276806	0	0	259830	2093188	2192089	418658	329326	459410	143251	386776	858656	559848	257090	186459	321867	260685	114327	393921	1336768
s__Leptotrichia_sp013394795	95365	0	27127	43464	0	0	0	56719	108782	0	0	58236	0	76482	34469	0	43011	0	29363	0	0	0	0	0	61267	0	0	0	0	0	0	18917	0	0	23926	0	0	88682
s__Leptotrichia_trevisanii	244320	73818	297889	319819	214938	347757	121328	232724	355575	55268	235910	508696	566254	537285	390037	0	93124	112489	365771	161358	118583	69433	266947	617735	1220225	676001	167452	34704	156829	245396	419961	298586	271210	127188	92802	207385	698054	2143839
s__Leptotrichia_wadei	706054	446322	889600	1519546	916263	1780540	354378	1120548	1745401	128416	754643	355659	905940	1484251	1406138	573322	809688	1028400	1856935	0	217960	521677	857560	2946759	753129	2276923	403812	451489	431881	1305950	579583	1181901	304185	769162	250040	212594	1435700	281597
s__Leptotrichia_wadei_A	201217	2026286	3743186	287980	7490059	4807131	245171	1833211	4415726	304736	1705482	113707	1924710	7826221	5018559	0	2131184	3529173	1346193	314276	2079990	1291506	107469	6241388	424611	9120085	1272028	2510655	557114	2285191	5463168	1255875	633419	3503365	469010	739818	3606164	745797
s__Leptotrichia_A_sp000469505	83043	477007	407444	522377	324008	3450534	272395	473578	502714	361054	358538	2335828	0	2153359	2407515	371544	355344	1335266	83279	520675	1247874	388725	117064	0	503545	1222704	333791	505668	380119	207780	2381791	189282	247142	2799543	1270176	1379021	1033990	1220185
s__Leptotrichia_A_sp001274535	126994	434356	454450	743097	558215	1630112	349162	766069	983570	332815	920422	2974861	205618	1036755	610022	464496	280430	588264	457384	281811	2656007	83839	164963	643387	280628	922256	331894	200516	118888	429727	279261	146777	0	1139453	258302	290118	947857	2801962
s__Pseudoleptotrichia_goodfellowii	94463	0	117912	152576	137089	661070	94584	27658	74791	101572	10304	0	38602	198025	268367	0	13504	0	0	46110	27211	18909	147537	70817	0	231802	0	17902	304671	136026	0	63858	168334	71159	42447	41172	207831	93386
s__Streptobacillus_hongkongensis	0	0	0	0	0	0	0	0	0	0	3824618	0	0	0	0	0	0	0	0	0	0	0	0	0	0	0	0	0	0	0	0	0	0	0	0	0	0	0
s__HOT-345_sp003260355	0	71017	69170	0	0	0	39978	0	0	0	34013	0	0	0	79559	134869	84322	47023	20644	0	0	0	0	0	43419	0	0	48806	64647	0	0	35432	0	439391	38042	33659	0	0
s__HOT-345_sp013333295	0	0	0	993853	101856	0	330627	77162	92412	0	860241	0	0	416314	912228	0	0	286427	0	509263	0	103553	0	0	294759	0	0	592344	68355	0	1745818	0	348359	0	344461	446613	0	1363109
s__HOT-345_sp013333605	197778	501424	83885	1693634	759078	0	200825	0	392897	0	683074	0	141807	242353	1803522	200032	61316	334551	176679	994204	0	110165	323609	193759	838828	393586	179854	344336	89303	261711	519522	0	209149	904712	73481	255550	0	1687738
s__GN02-873_sp003260345	0	47111	62163	0	401237	182889	313204	353370	94715	0	380528	0	17246	67159	1042778	49219	0	0	678182	4402750	74831	0	188959	0	208592	368625	0	269920	119367	399367	0	0	0	29825	11513	697982	190094	2637646
s__GN02-873_sp013332525	0	0	0	0	57035	0	59616	32468	0	0	65425	97797	88033	246433	301858	0	0	0	126555	381010	0	0	27044	0	739773	0	0	58407	20547	4068731	0	0	0	572251	0	90357	351656	443308
s__GN02-872_sp002761215	0	0	0	0	0	0	0	0	0	0	0	0	0	0	0	0	0	0	0	0	0	0	0	0	0	0	0	0	0	435348	0	0	0	473466	0	0	0	602560
s__GN02-872_sp003260325	0	132634	0	0	0	0	247242	0	173207	0	0	0	0	571534	0	518137	0	0	0	407903	0	0	0	0	0	0	0	0	0	0	0	0	0	0	0	0	0	0
s__SDRK01_sp007845205	0	0	0	0	0	0	354158	0	0	0	0	0	0	0	0	0	0	0	0	0	0	0	0	0	0	0	0	0	0	0	0	0	0	0	0	0	0	0
s__SDRW01_sp007845485	339751	438286	687433	1154136	306676	2028398	169139	403346	4819040	73091	169512	981954	415151	1251931	390485	1891064	1458857	2558443	980790	76617	66128	207955	2923924	2980563	1358756	2878721	214750	27003	542170	828857	640571	87779	495901	365283	199566	432592	782029	260366
s__SDRW01_sp013333595	248704	0	83284	245904	100333	0	0	0	360789	0	190865	1718256	43315	68663	207762	364097	0	0	79972	77117	0	31115	96815	70416	44822	0	0	40705	298689	0	0	0	0	0	0	44277	64202	114691
s__Saccharimonas_sp010202265	0	0	0	0	0	0	0	0	0	0	27711	0	44718	0	0	113594	61316	469423	52914	0	0	0	0	0	0	0	0	0	0	0	0	0	0	0	0	0	0	52248
s__Saccharimonas_sp013333625	0	20605	151350	0	23314	0	0	0	368449	29537	34813	52413	76402	263691	91984	203820	70619	239663	760383	0	33514	33916	210724	0	254623	62767	61716	0	20246	97418	0	21620	59323	0	39043	33558	0	1867772
s__Saccharimonas_sp013333645	116122	38509	23824	51796	111413	369649	10921	0	193466	0	131909	82736	91843	32377	23647	62752	70619	643307	71654	181471	0	49123	0	1106812	7641	201279	54614	0	0	0	197135	0	62530	42135	19822	15126	492337	399324
s__Saccharimonas_sp013333675	0	0	0	0	0	300588	31261	17637	337741	0	0	0	0	26262	169705	25462	84322	0	54016	0	0	0	341435	0	0	0	0	0	0	0	0	10309	0	0	13615	0	0	0
s__Saccharimonas_sp013333795	0	21305	198575	0	0	283684	48194	0	411359	30037	66325	43476	39705	266024	110898	43906	99526	351846	491209	0	0	40319	366861	0	205218	0	33709	20402	28866	149507	0	0	45995	0	68475	30854	0	178551
s__Saccharimonas_sp013333845	0	0	145131	0	55434	450599	57412	133858	272757	0	122003	0	79511	260780	84368	243740	175996	238350	419269	0	35615	24612	278761	0	245253	0	36409	0	13932	145624	0	0	32968	0	39944	0	0	265552
s__TM7x_sp000803625	0	0	0	0	120792	0	82260	0	0	0	0	0	0	0	182962	0	0	0	63537	278971	0	57727	0	0	0	433505	0	0	0	0	0	0	0	0	0	0	0	0
s__TM7x_sp005697215	0	0	39940	117261	0	492674	87370	0	0	161714	40415	0	0	196046	41282	0	0	0	87588	42409	0	0	0	220750	31586	576923	0	0	81184	0	173055	84476	0	0	0	0	0	0
s__TM7x_sp005697565	0	0	0	0	0	0	19738	0	79997	0	0	0	88735	62248	61322	84103	46812	0	95706	0	0	0	0	0	0	0	0	0	24055	0	0	0	0	0	0	64012	0	0
s__TM7x_sp007845355	0	0	725640	211921	803417	0	560413	199637	714507	258068	358930	515852	0	1297309	2016664	408589	315300	5590541	1068920	1346389	465797	972266	113169	409897	272115	2257779	168911	357042	396199	316089	1277568	140616	0	997477	262778	0	293417	1845341
s__TM7x_sp010202115	0	0	0	47379	0	0	0	0	0	0	0	0	0	630380	44489	0	0	0	56922	0	0	0	0	0	0	0	0	0	0	0	0	0	0	0	0	0	0	0
s__TM7x_sp010202465	0	0	0	0	0	0	0	0	0	0	0	0	0	186452	0	0	30108	0	59829	0	0	0	0	0	0	0	0	0	0	30737	0	0	0	0	0	0	0	0
s__TM7x_sp010202645	0	0	44845	0	0	0	0	137177	0	0	0	0	0	359197	0	0	0	0	80874	0	0	0	0	0	0	0	0	0	50114	0	92417	0	0	0	0	0	0	0
s__TM7x_sp010202845	0	0	0	0	0	0	0	0	62676	0	0	0	0	225580	0	0	0	0	41890	0	0	0	0	0	0	0	0	0	59435	0	0	0	0	0	0	0	0	0
s__TM7x_sp013099015	0	0	0	0	46528	0	40178	0	101718	0	25210	104555	0	264168	0	0	0	0	0	0	0	0	0	0	0	115622	0	0	34679	0	0	0	0	0	0	0	48077	0
s__TM7x_sp013099195	0	0	0	0	0	0	0	0	56168	0	20108	0	54745	378059	0	0	0	0	43894	0	0	0	0	235930	0	0	0	0	0	0	0	0	0	0	0	0	0	91985
s__TM7x_sp013100805	0	0	0	0	0	0	0	0	33641	32340	0	0	0	189030	0	0	0	0	66042	0	0	0	0	0	0	0	0	0	0	0	0	0	0	0	0	0	0	0
s__TM7x_sp013100825	0	0	0	104807	0	0	0	0	83702	0	30412	0	0	195693	0	0	0	0	49406	0	0	28814	0	0	57858	0	0	0	51317	39347	0	0	0	0	23626	0	0	0
s__TM7x_sp013333495	0	0	0	0	0	154752	0	0	0	0	290274	1060324	42813	709033	0	0	0	0	20644	0	0	0	0	0	0	0	0	0	0	0	56972	0	0	0	0	0	0	0
s__TM7x_sp013333695	0	0	0	0	0	0	0	0	0	0	0	53919	0	0	0	0	0	0	0	0	0	0	0	80533	0	0	0	0	53121	0	0	0	0	0	0	0	0	0
s__TM7x_sp900555265	0	0	404879	0	916529	0	249644	278949	748697	108050	228476	164467	73996	462783	596466	736578	875188	4530027	46600	681428	194668	326259	164831	327629	0	370857	0	392754	731254	337420	108604	136647	89285	902791	102517	97871	229210	0
s__TM7x_sp900555425	0	0	832733	112552	788340	6298960	306734	217069	979581	81301	766088	278001	89537	581715	992444	644063	982528	3904586	220346	651439	231819	456400	226117	0	0	814922	0	630854	1024489	115602	465177	209772	323933	954471	255084	53593	204357	225316
s__TM7x_sp900555675	0	0	2504374	173557	811970	3674394	1083365	204573	905885	242878	1627019	184603	236045	1266481	6372278	2176270	6306855	5617648	432402	3977153	970569	2249539	317950	1161245	0	2151121	102311	3795555	2221576	586067	1822711	496893	344009	6314514	249644	194351	1089611	949414
s__TM7x_sp900555885	0	0	865033	209024	1714104	0	965660	0	253824	271762	1327105	342451	223689	1006219	943905	828713	1175996	8796027	305660	2767181	1234572	641982	0	1868860	279748	1767037	246873	192684	1377849	312787	349359	1489917	0	833424	346671	141946	436309	0
s__TM7x_sp900556355	0	0	1125699	0	1009204	4261061	1598300	170398	2426139	495709	1744618	314481	186907	1152746	2806686	1321042	621664	4057779	1699624	2160525	862482	366275	311309	951471	861328	548312	158302	463359	920765	215475	4048991	504781	714011	1451589	593378	110890	197411	2490732
s__TM7x_sp900556885	0	0	795851	0	220805	0	271114	0	5304426	86908	344795	143746	128351	400977	689578	563308	608515	2705531	107634	783922	0	306757	0	0	0	0	0	411641	926708	181957	0	4350657	813508	468683	231373	64412	269288	374618
s__TM7x_sp900557595	0	0	1342170	197481	470976	0	705249	0	716570	1031247	474216	106439	227107	630715	1411502	0	369508	17267030	231502	1471692	171407	912699	135176	0	120497	211962	69418	481211	1654896	238291	803917	1036266	6917423	452141	130981	94364	0	1325919
s__UBA1103_sp004138455	0	0	55156	40453	26416	576997	114610	155742	0	0	0	174854	78909	170317	19238	0	40010	113194	152550	0	0	0	0	113348	126840	0	17004	0	0	0	0	91382	0	0	0	0	0	0
s__UBA1103_sp013333515	0	0	96998	39951	47829	0	87571	115850	0	0	0	252235	46222	200783	47495	0	116004	223067	121716	0	20809	0	0	615931	185238	0	33309	0	0	0	0	55850	0	0	0	0	0	0
s__UBA2866_sp004138405	0	560693	105454	494436	834286	263089	43886	0	0	60875	126236	0	0	412338	133447	0	60516	1882928	74260	0	0	180329	44235	0	181196	295102	0	0	0	112595	278447	64258	90889	0	18821	158249	540083	0
s__UBA2866_sp007845165	0	0	26727	0	436144	1234795	64025	0	547996	0	277014	0	0	272614	663182	159694	89423	178888	93100	200249	60525	231304	145238	0	0	669304	32608	139724	159327	0	0	132149	91690	555019	433556	63511	0	72166
s__UBA2866_sp013332955	0	0	18118	0	318945	688949	0	0	237354	35444	173794	0	0	240877	268134	229394	109056	168514	51110	114764	0	236330	0	0	0	0	92524	164770	127644	0	318080	96187	124798	429779	352750	58903	0	0
s__UBA2866_sp013332965	0	41810	38339	42862	0	244281	0	0	89809	0	260990	76008	0	537930	373807	0	0	277651	16435	97821	0	589371	0	258500	0	0	29608	43805	0	38046	368475	178420	45394	106306	0	154534	436861	0
s__UBA2866_sp013333135	0	0	28329	0	799753	973979	48394	0	431701	49261	152659	0	0	305247	480184	116968	247211	65611	64038	127130	26611	275062	73793	0	56254	515475	96925	363514	137601	0	442660	111505	38981	503202	295203	112907	0	96589
s__UBA2866_sp013333375	0	0	28228	0	462868	370527	58414	0	426685	33942	297483	0	36898	170815	313695	92524	193482	212273	80273	172400	0	121884	0	215850	60365	0	97825	416349	263786	0	208553	169651	118693	518018	262134	0	0	0
s__UMGS1907_sp004151455	0	0	0	0	0	0	0	415996	0	0	0	0	0	0	0	0	0	348376	0	0	0	0	0	0	0	0	0	0	0	0	0	0	0	0	2231774	0	0	0
s__UMGS1907_sp013333405	186185	292899	59060	288261	945464	200285	829637	388951	260846	73091	333321	22893	52138	2372047	619281	340605	0	392937	708098	512128	150635	2574435	1262615	141677	126472	1064538	82421	582692	162265	0	727157	679549	554844	0	937920	469721	0	282063
s__UMGS1907_sp900555945	0	133793	0	105445	1686465	0	313262	0	334285	61977	493710	58337	0	667967	225554	0	0	0	960957	68715	0	207985	691479	0	0	0	0	200780	0	0	0	0	0	0	393722	192399	0	1712066
s__UMGS1907_sp900556165	0	38709	0	0	2069277	0	95286	679732	73389	81100	123661	0	52439	238059	68737	0	0	0	2285015	61713	0	257814	3795805	0	0	0	30208	154400	0	0	0	50646	148596	0	607648	0	0	490168
s__Belnapia_rosea	0	0	0	0	0	0	0	0	0	0	0	0	0	0	0	0	0	0	0	0	0	0	0	0	0	0	0	0	0	0	15620	0	0	0	0	0	0	0
s__Brevundimonas_aurantiaca	0	0	0	0	0	0	0	0	0	55869	0	0	0	0	0	0	5852	0	0	0	0	0	0	0	0	189568	0	0	0	0	0	0	0	0	0	439611	0	0
s__Brevundimonas_sp002387245	0	0	0	0	0	0	0	0	0	0	0	0	0	0	0	0	0	0	0	0	0	0	0	0	0	0	0	0	0	0	0	0	0	5104	0	0	0	0
s__Caulobacter_vibrioides_E	0	0	0	0	0	0	0	0	0	0	0	0	0	0	0	0	0	0	0	0	0	0	0	0	0	10812	0	0	0	0	0	0	0	0	0	18632	0	0
s__Bosea_sp900112185	0	0	0	0	0	0	0	0	0	0	0	0	0	0	0	0	0	0	0	0	0	0	0	0	0	0	0	0	0	0	0	0	0	0	0	2034	0	0
s__Bosea_sp900156025	0	0	0	0	0	0	0	0	0	0	0	0	0	0	0	0	0	0	0	0	0	0	0	0	0	0	0	0	0	0	0	0	0	0	0	2504	0	0
s__Bosea_vestrisii	0	0	0	0	0	0	0	0	0	0	0	0	0	0	0	0	0	0	0	0	0	0	0	0	0	3884	0	0	0	0	0	0	0	0	0	0	0	0
s__Methylobacterium_fujisawaense	0	0	0	2931	0	6141	0	0	0	0	0	3093	0	0	0	0	0	0	2636	0	0	0	2493	0	2878	0	0	0	0	2363	0	0	0	0	0	0	3155	0
s__Methylobacterium_organophilum	0	0	0	0	0	0	0	0	0	0	0	2410	0	0	0	0	0	0	1353	0	0	0	0	0	0	0	0	0	0	0	0	0	0	0	0	0	0	0
s__Methylobacterium_rhodesianum	0	0	0	0	0	0	0	0	0	0	0	0	0	0	0	0	0	0	0	0	0	0	0	0	0	0	0	0	0	0	0	0	0	0	0	7423	0	0
s__Methylobacterium_sp002778835	0	0	0	0	0	0	0	0	0	0	0	0	0	0	0	0	0	0	0	0	0	0	0	0	0	0	0	0	0	0	0	0	0	0	0	2074	0	0
s__Agrobacterium_pusense	0	0	0	0	0	0	0	0	0	0	0	0	0	0	0	0	0	0	0	0	0	0	0	0	0	0	0	0	0	7379	0	0	0	0	0	0	0	0
s__Agrobacterium_sp900013535	0	0	0	0	0	0	0	0	0	0	0	0	0	0	0	0	0	0	0	0	0	0	0	0	0	0	0	0	0	0	0	0	0	0	0	3216	0	0
s__Agrobacterium_sp900473305	0	0	0	0	0	0	0	0	0	0	0	0	0	0	0	0	0	0	0	0	0	1491	0	0	0	0	0	0	0	1582	0	0	0	0	0	0	0	0
s__Allorhizobium_rosettiformans	0	0	0	0	0	0	0	0	0	0	0	0	0	0	0	0	0	0	0	0	0	0	0	0	0	0	0	0	0	985	0	0	0	0	691	0	0	0
s__Ensifer_sp000799055	0	0	0	0	0	0	0	0	0	0	0	0	0	0	0	0	0	0	0	0	0	0	0	0	0	0	0	0	0	0	0	0	0	0	0	1793	0	0
s__Mesorhizobium_sp001899205	0	0	0	0	0	0	0	0	0	561	0	0	0	0	0	0	0	0	0	0	0	0	0	0	0	0	0	0	0	0	0	0	0	0	0	5920	0	0
s__Mesorhizobium_sp004136315	7743	567	3544	10540	2431	180747	10621	13929	10313	2783	663	14559	9796	12730	15531	11327	5601	19693	8168	2441	7063	673	12064	15025	3861	80186	0	686	1654	22928	20826	1732	4008	49341	5316	6041	24840	3743
s__Bradyrhizobium_guangzhouense	0	0	0	0	0	0	0	1834	0	0	0	0	0	0	0	0	0	0	0	0	0	0	0	0	0	0	0	0	0	0	0	0	0	0	0	0	0	0
s__Bradyrhizobium_sp000015165	2765	0	1221	3062	1221	12342	2996	5201	1021	974	0	2691	2406	2155	3297	3679	0	5808	4089	0	2141	0	3398	4417	0	52957	0	0	0	1962	4045	0	0	2392	1402	1042	0	1812
s__Bradyrhizobium_sp001556045	0	0	0	4477	0	0	2815	0	0	0	0	4338	2767	3308	1864	4521	0	5396	2756	0	0	0	0	9025	0	18720	0	0	0	2193	0	0	0	4604	1512	1823	3405	1792
s__Bradyrhizobium_sp002831585	0	0	0	0	0	0	0	0	0	0	0	0	0	0	0	0	0	0	0	0	0	0	0	0	0	7758	0	0	0	0	0	0	0	0	0	3496	0	0
s__Bradyrhizobium_sp003020075	77734	7102	23123	114681	28817	683440	79956	86582	42752	30037	6312	147707	61864	64253	46894	125674	17905	170241	85785	9502	46519	7474	107268	91551	66381	640082	8892	8081	23954	58270	212779	10109	45394	64453	44148	35963	102491	62958
s__Tardiphaga_sp002256345	0	0	0	0	0	0	1052	0	0	0	0	0	0	0	0	0	0	0	0	0	0	0	0	0	0	9580	0	0	0	0	1862	0	0	0	584	0	0	0
s__Ochrobactrum_A_pituitosum	0	0	0	0	0	0	0	0	4105	0	0	0	0	0	0	0	0	0	0	0	0	0	0	0	0	0	0	0	0	0	0	0	0	0	0	0	0	0
s__Phyllobacterium_myrsinacearum	0	0	0	0	0	0	0	0	0	0	0	0	0	0	0	0	0	0	0	0	0	0	0	0	0	0	0	0	0	0	0	0	0	0	0	2665	0	0
s__Phyllobacterium_sp900539805	0	0	0	0	0	0	0	0	0	1572	0	0	0	0	0	0	0	0	0	0	0	0	0	0	0	0	0	0	0	0	0	0	0	0	0	16128	0	0
s__Haematobacter_massiliensis	0	0	0	0	0	0	2014	0	0	0	0	0	0	0	0	0	0	0	0	0	0	0	0	0	0	0	0	0	0	0	0	0	0	0	0	0	0	0
s__Mangrovicoccus_ximenensis	0	0	0	0	0	0	0	0	0	0	8703	0	0	0	0	0	0	0	0	0	0	0	0	0	0	0	0	0	0	0	0	0	0	0	0	0	0	0
s__Paracoccus_marcusii	0	0	0	0	0	0	4318	0	0	0	0	7029	0	0	0	0	0	0	0	0	0	0	0	0	0	0	0	0	0	1982	0	0	2235	0	0	0	0	0
s__Paracoccus_sphaerophysae	0	0	0	0	0	0	10120	0	0	0	0	0	0	0	0	0	0	0	0	0	0	3111	0	0	0	0	0	0	0	0	0	0	0	0	0	0	0	0
s__Insolitispirillum_peregrinum	0	0	0	0	0	0	0	0	0	0	0	0	0	0	0	0	0	0	0	0	0	0	0	0	0	0	0	0	0	2423	0	0	0	0	0	0	0	0
s__Novosphingobium_sediminis	0	0	0	0	0	0	0	0	0	0	0	0	0	0	0	0	0	0	0	0	0	0	0	0	0	0	0	0	0	0	2824	0	0	0	0	0	0	0
s__Novosphingobium_sp001725355	0	0	0	0	0	0	0	0	0	0	0	0	0	0	0	0	0	0	0	0	0	0	4343	0	0	0	0	0	0	0	0	0	0	0	0	5960	0	0
s__Novosphingobium_sp002336885	0	0	2132	6354	0	0	5110	10222	3885	3294	0	7480	4001	4691	0	3869	0	12057	6464	0	0	0	0	0	3640	34136	0	0	0	4175	3164	0	0	0	2623	0	0	0
s__Novosphingobium_sp009856825	0	0	0	0	0	0	2655	0	0	0	0	0	0	0	0	0	0	0	0	0	0	0	0	0	0	0	0	0	0	0	0	0	0	0	0	0	0	0
s__Sphingobium_yanoikuyae	0	0	0	0	0	0	0	0	0	0	0	0	0	0	0	1774	0	0	0	0	0	0	0	0	0	0	0	0	0	7549	0	0	0	0	0	0	0	0
s__Sphingomonas_aquatilis	0	0	0	0	0	0	0	0	0	0	0	0	0	0	0	0	0	0	0	0	0	0	0	0	0	0	0	0	0	0	0	0	0	0	0	6862	0	0
s__Sphingomonas_ginsenosidimutans	0	0	0	0	0	0	0	0	0	0	0	0	0	0	0	0	0	0	0	0	0	0	0	0	0	5686	0	0	0	0	0	0	0	0	0	8074	0	0
s__Sphingomonas_hankookensis	0	0	0	0	0	0	0	0	0	0	0	1767	0	0	0	0	0	0	0	0	0	0	0	0	0	0	0	0	0	0	0	0	0	0	0	0	0	0
s__Sphingomonas_leidyi	0	0	0	0	0	0	0	0	0	2323	0	0	0	0	0	0	0	0	0	0	0	0	0	0	0	0	0	0	0	0	0	0	0	0	0	13023	0	0
s__Sphingomonas_paucimobilis	2384	0	0	0	0	0	0	0	0	8701	0	2560	0	2085	0	4340	0	3909	0	0	0	0	0	0	0	62267	0	0	0	0	0	0	2345	0	1892	63611	0	0
s__Sphingomonas_sp002127225	0	0	0	0	0	0	0	0	0	11715	0	0	0	0	0	0	1440	0	0	0	1441	0	0	0	0	126655	0	0	0	0	0	0	0	0	0	110831	0	0
s__Achromobacter_xylosoxidans	0	0	0	0	0	0	0	0	0	0	0	0	0	0	0	0	0	0	0	0	0	0	0	0	0	5816	0	0	0	0	0	0	0	1821	0	0	0	0
s__Acidovorax_defluvii	0	0	0	0	0	0	0	0	0	0	0	0	0	0	0	0	0	0	0	0	0	0	0	0	0	0	0	0	0	0	0	0	0	0	0	0	21835	0
s__Acidovorax_temperans	0	0	0	0	0	42745	5661	0	0	0	0	0	0	0	0	0	0	0	0	0	0	0	0	10618	0	23525	0	0	0	0	0	0	0	0	0	0	0	0
s__Aquabacterium_sp003963115	0	0	0	0	0	0	0	0	0	0	0	0	0	0	0	0	0	0	0	0	0	0	0	0	0	0	0	0	0	0	0	0	0	0	0	6151	0	0
s__Aquabacterium_sp004322345	0	0	0	0	0	0	0	0	0	0	0	0	0	0	0	0	0	0	0	0	0	0	0	0	0	0	0	0	0	0	0	0	0	0	0	5449	0	0
s__Bordetella_pertussis	0	0	0	0	0	0	0	0	0	0	0	0	0	0	0	0	0	0	0	0	0	0	0	0	0	0	0	0	77977	0	0	0	0	0	0	0	0	0
s__Burkholderia_contaminans	0	0	0	0	0	0	0	0	0	0	0	4036	0	0	0	0	0	0	0	0	0	0	0	0	0	0	0	0	0	0	0	0	0	0	0	0	0	0
s__Comamonas_aquatica	0	0	0	0	0	0	0	0	6778	0	0	0	0	0	0	0	0	0	0	0	0	0	0	0	0	0	0	0	0	8811	0	0	0	0	0	0	0	0
s__Cupriavidus_metallidurans	342072	56414	134542	720954	205518	3001120	471440	575694	251414	218847	33313	743930	395041	676023	296464	670628	116555	1248351	480416	78417	354703	47722	801288	491727	299731	5152112	76820	59107	178809	330633	1017452	64258	222333	388884	291183	345223	561399	249184
s__Cupriavidus_pauculus	1102	0	912	3062	0	25888	1443	3688	1742	901	0	3805	1855	2095	2505	2165	369	5506	2866	440	2311	458	3971	6831	893	16518	477	0	0	1822	6258	0	0	1551	1161	0	2965	875
s__Cupriavidus_sp000292345	0	0	0	0	0	13847	0	0	0	0	0	0	0	0	0	0	0	0	0	0	0	0	0	0	0	0	0	0	0	0	0	0	0	0	0	0	0	0
s__Curvibacter_lanceolatus	0	0	0	0	0	0	0	0	0	0	0	0	0	0	0	0	0	0	0	0	0	0	0	0	0	0	0	0	0	0	0	0	0	0	0	1793	0	0
s__Herbaspirillum_huttiense	0	0	0	0	0	0	0	0	0	0	0	2289	1474	1874	0	0	0	2673	1603	0	0	0	0	0	0	5266	0	0	0	1492	0	0	0	0	0	0	0	0
s__Hylemonella_delicata	19133	0	0	0	0	0	0	7466	38847	4175	0	0	0	0	0	0	0	0	0	0	16207	0	0	0	0	0	0	0	0	0	0	0	0	0	0	13023	0	0
s__Janthinobacterium_sp009923995	0	0	0	0	0	0	0	0	0	0	0	0	0	0	0	0	0	0	1122	0	0	0	0	0	0	0	0	0	0	0	0	0	0	0	0	0	0	0
s__Lautropia_dentalis	2500231	183552	64465	4462553	2210294	72918227	421455	63434	3170056	166460	574374	271431	773400	3418161	393723	1562748	1539935	15742110	62033	3015383	7442497	447703	2069237	1287579	8745473	1467281	1421017	249515	237088	37541978	608977	606894	247378	16129466	161583	1242534	7509270	1517200
s__Lautropia_mirabilis	18606835	1765953	3014448	13126037	4385906	71040470	8117101	2541455	19978836	2939827	2576949	8864872	2621617	2387800	5134174	2289585	4362376	13745449	1722995	1176874	10874222	642626	8176578	11425717	6748672	6982595	3237303	2884230	4536626	36892645	662005	5490978	3712814	40462801	385610	8745777	15695142	4529735
s__Limnohabitans_sp903880855	0	0	0	0	0	0	0	0	0	0	0	0	0	0	0	0	0	0	0	0	0	0	0	0	0	0	0	0	0	0	0	0	0	0	0	0	0	20919
s__Massilia_timonae	0	0	0	0	0	0	0	0	0	0	0	0	0	0	0	0	0	0	0	0	0	0	0	0	0	0	0	0	0	0	0	0	3768	0	0	0	0	0
s__Ottowia_sp001262075	41772	196091	103162	411417	290363	91009	237496	130091	147078	0	122574	56630	54043	71871	469749	21953	77120	137704	115059	781536	73331	31815	50871	0	168634	183146	17905	563689	180243	402547	146710	23321	86680	213783	4014	185916	129163	819953
s__Pelomonas_puraquae	0	0	0	0	0	0	0	0	0	0	0	0	0	0	0	0	0	0	0	0	0	0	0	0	0	0	0	0	0	0	0	0	0	0	0	3176	0	0
s__Pelomonas_sp003963075	0	0	0	9586	0	41742	0	0	8200	0	0	5623	2326	0	3407	0	0	17483	4169	0	0	0	0	0	0	26328	0	0	0	14918	0	0	0	12510	1992	2665	0	4844
s__Pigmentiphaga_sp001898625	0	0	0	0	0	0	0	0	0	0	0	0	0	0	0	0	0	0	0	0	0	0	0	0	16946	0	0	0	0	0	0	0	0	0	0	0	0	0
s__Pseudoduganella_lutea	0	0	0	0	0	0	0	0	2833	0	0	0	0	0	0	0	0	0	0	0	0	0	0	0	0	0	0	0	0	3094	0	0	0	0	0	0	0	0
s__Ralstonia_insidiosa	0	0	0	0	0	0	0	0	0	1622	0	0	0	0	0	0	0	0	0	0	0	0	0	0	0	0	0	0	0	0	0	0	0	0	0	12021	0	0
s__Ralstonia_mannitolilytica	0	0	0	0	0	0	0	0	0	9882	0	2691	0	0	3327	0	2131	0	0	0	0	0	0	0	0	69074	0	0	0	0	0	0	0	0	0	69521	0	0
s__Ralstonia_pickettii	0	0	0	7267	0	0	0	0	0	18323	0	10342	0	0	0	0	0	12761	0	0	0	0	0	0	0	100516	0	0	0	0	0	0	0	0	0	160119	0	0
s__Ralstonia_pickettii_A	0	0	0	0	0	0	0	0	0	0	0	0	0	0	0	0	0	0	0	0	0	0	0	0	0	0	0	0	0	0	0	0	0	0	0	9296	0	0
s__Ralstonia_pickettii_B	6621	0	0	8101	0	0	11322	10923	0	3094	0	25905	6287	6074	0	7709	0	7827	5662	0	0	0	11360	0	9045	76682	0	0	0	17621	0	0	0	0	3163	27849	10817	0
s__Ralstonia_sp000620465	4227	0	0	16261	0	0	0	8949	4846	71188	2981	26708	2878	4491	4339	0	9322	4984	4420	2481	6303	0	0	0	0	390422	0	0	1734	6648	0	0	21044	0	2102	524051	0	0
s__Ralstonia_sp000801955	0	0	0	0	0	0	0	0	0	0	0	0	0	0	0	0	0	0	0	0	0	0	0	0	0	0	0	0	0	0	0	0	0	0	0	8495	0	0
s__Ralstonia_sp001078575	0	0	0	0	0	0	0	0	0	4646	0	0	0	0	0	0	0	0	0	0	0	0	0	0	0	20622	0	0	0	0	0	0	0	0	0	29051	0	0
s__Ralstonia_sp003851545	0	0	0	0	0	0	0	0	0	0	0	0	0	0	0	0	0	0	0	0	0	0	0	0	0	0	0	0	0	0	0	0	0	0	0	3536	0	0
s__Ralstonia_sp007997035	0	0	0	0	0	0	0	0	0	6058	0	0	0	0	0	0	0	0	0	0	0	0	0	0	0	61065	0	0	0	0	0	0	0	0	0	53093	0	0
s__Ralstonia_sp900115545	0	0	0	0	0	0	0	0	0	1572	0	0	0	0	0	0	0	0	0	0	0	0	0	0	0	0	0	0	0	0	0	0	0	0	0	11921	0	0
s__SC2-9_sp003008575	0	0	0	0	0	0	0	0	0	0	0	11145	0	0	0	0	0	0	0	0	0	0	0	0	0	0	0	0	0	0	0	0	0	0	0	0	0	0
s__UBA4615_sp903903975	0	0	0	0	0	13044	0	0	0	0	0	0	0	0	0	0	0	0	0	0	0	0	0	0	0	0	0	0	0	0	0	0	0	9828	0	0	0	0
s__Alysiella_crassa	0	0	0	0	0	0	0	0	0	0	0	0	0	0	0	0	0	0	0	0	0	0	0	0	0	0	0	0	0	0	0	0	0	0	12013	0	0	0
s__Eikenella_corrodens	223199	210196	351980	697817	375066	358470	213245	172886	547578	51864	269542	239883	276868	95827	564890	162356	85122	132821	309435	581033	499362	632308	272903	38964	410428	201309	119527	236756	238114	631964	114958	230174	190617	301087	89798	431910	160072	2087143
s__Eikenella_corrodens_B	27748	9192	11912	128465	49230	0	28556	26456	70085	12816	25010	51509	710466	21451	75250	26865	0	11655	32470	115080	47120	26913	21313	35859	41012	0	298482	27103	64747	804826	35045	65459	12225	60049	0	32457	41166	404937
s__Eikenella_exigua	335337	13903	13514	223603	33921	1355	57512	38080	103389	8831	67726	1070601	28275	37389	51302	0	9593	20899	36779	88919	19108	69833	53585	0	25770	0	14504	79910	90105	107167	0	23021	11023	43636	0	91459	28445	321806
s__Eikenella_halliae	112720	33708	25125	309546	126363	0	81359	56820	91511	26233	104298	600638	58655	48916	320112	176763	10603	57372	84682	344971	45219	47422	64342	24440	55852	154308	33609	113649	95918	354284	234817	165414	70146	278664	57163	166772	95051	955761
s__Eikenella_longinqua	18632	0	0	14655	0	0	17835	0	5296	0	5342	0	0	9653	0	0	0	0	0	5421	0	0	0	0	0	0	0	0	0	0	0	0	0	0	0	0	0	13713
s__Eikenella_shayeganii	0	0	0	0	0	0	0	0	0	0	0	0	0	0	0	0	0	0	0	34107	0	0	0	0	0	0	0	0	0	0	0	0	0	0	0	0	0	0
s__Kingella_kingae	0	5201	37938	21481	258159	0	83763	0	0	0	167578	0	69885	37088	310995	29872	23906	0	8929	817699	231379	88742	0	25843	607476	66972	3071	281863	37285	254781	50364	3063	0	0	12814	279086	232497	60356
s__Kingella_negevensis	0	0	0	0	0	0	0	0	0	0	0	0	0	0	0	0	0	0	0	12903	0	0	0	0	13336	0	0	0	0	0	0	0	0	0	0	0	0	0
s__Kingella_A_denitrificans	372259	1052739	710860	3976707	2146897	964631	1350723	1792477	1620337	231450	2649348	1160956	2102116	976259	2317578	319251	74520	1023738	3405379	732171	852973	212639	753583	973745	2442958	2320264	566544	787689	824686	1091786	414169	172044	836632	531449	189363	1598794	1864422	6694410
s__Kingella_B_oralis	265655	30607	1003655	193361	173580	448597	248089	63734	437405	422735	120013	255650	195809	170623	125005	97837	33609	758074	389217	137336	137568	194657	101800	727544	325358	913180	59615	200822	89604	440972	87711	129752	253936	291355	30634	64512	409168	262779
s__Neisseria_animalis	0	0	0	0	5483	0	0	24251	0	0	0	0	0	0	18838	28469	0	0	0	15903	0	5323	0	0	0	0	0	9711	0	0	0	0	0	0	0	11220	0	11611
s__Neisseria_bacilliformis	658844	54213	282149	441161	95958	117070	177057	76561	53465	150958	226822	72795	43415	38592	164256	37491	8322	64104	71855	544632	50821	31515	32372	341324	82224	52156	23006	444414	36383	336729	103558	32429	451913	56847	8890	54896	148928	124457
s__Neisseria_bergeri	4177	0	57758	251626	72944	858079	188458	229135	197565	29537	109865	2090017	2036587	367959	1790437	94228	629379	104029	266389	28706	22810	132164	206310	548230	703485	0	16804	383298	62342	156443	0	125115	633061	109651	21023	64412	282403	1378688
s__Neisseria_brasiliensis	0	0	0	0	0	0	0	0	46757	0	0	0	0	0	0	0	0	0	0	0	12005	0	0	0	0	0	0	0	0	0	0	0	0	0	0	0	0	0
s__Neisseria_cerebrosa	4201337	2320806	855205	6463136	1002823	0	2044878	5081189	139648472	403663	1504052	3607289	2965691	3170789	5255929	5831522	1027337	263089	1616829	538815	2003663	166865	4022225	23551691	3885338	0	4426688	438246	427615	3140491	291270	339472	26345826	2157250	924625	3690899	1711794	1278322
s__Neisseria_chenwenguii	0	0	0	0	0	0	0	0	0	0	0	0	0	0	0	0	0	0	10923	0	0	0	0	0	0	0	0	26803	0	0	0	0	0	0	0	0	0	0
s__Neisseria_cinerea	122347	546203	99400	767656	1165985	923218	4625802	3352187	2058318	1190975	799516	304798	5908542	491728	451723	335957	1185729	3053055	1457508	4410821	379718	1434578	1396715	7687444	198329	338455	1092495	196952	514430	11924745	102591	1178076	25025280	856090	713205	4086337	429808	5885385
s__Neisseria_denitrificans	0	0	0	10640	15509	0	14528	0	0	0	5062	66871	0	0	0	0	0	60487	0	0	0	0	0	0	23464	0	0	0	0	0	0	0	0	0	0	0	0	17016
s__Neisseria_dentiae	0	0	0	0	0	0	0	0	5927	0	0	0	0	0	0	0	0	0	0	12203	0	0	0	0	0	0	0	0	0	0	0	0	0	0	0	0	0	0
s__Neisseria_dumasiana	0	0	0	0	0	0	0	0	39748	0	0	0	0	0	77154	0	0	0	0	0	0	0	0	0	0	0	0	0	0	0	0	0	0	0	0	0	0	0
s__Neisseria_elongata	1467727	1656244	3967416	3744243	1334750	1128972	2293849	1185819	3375416	158513	1111089	2647234	1827172	628229	2995342	1292242	360082	1287675	1833473	5085008	15160879	403468	1630539	900565	4323529	5041421	1200808	5509868	2427558	5943571	242507	173510	1981408	2052336	203680	2877080	816745	4346452
s__Neisseria_flavescens	0	297850	357319	45873	641565	0	272007	127609	1107958	99523	55521	283630	199099	179092	255796	1537139	148597	108163	221884	234362	545574	958270	348291	0	3154345	1033930	82721	137197	628631	278449	0	30227	74555	1217934	40044	318918	153160	2821551
s__Neisseria_flavescens_A	27347	2010920	552000	658630	370519	420784	450231	78265	3256997	824989	906898	70787	217208	106216	975342	811529	118618	2644027	729589	5827300	3987497	9863377	725085	123136	309874	7953138	0	2270249	825521	142732	0	16014	296300	935680	957234	682402	1175670	5061765
s__Neisseria_flavescens_B	84546	5139731	14289891	2895407	26594525	2952967	55835905	759120	5017857	688140	5511751	3691276	2038266	1751234	13278806	2605640	1883615	6688932	1695251	71856758	78807638	2177471	1477656	222449	5225857	11912507	357311	13579967	846670	644525	605300	1608607	885404	9966142	1105849	7507431	4698247	10004071
s__Neisseria_flavescens_C	128573	1778111	6219466	2327688	991033	3335427	2468975	80670	2843597	4667651	639339	7036721	2207417	767615	1640448	1410914	154465	4066302	1371973	8313903	5107190	3304093	1173685	1690169	1319663	422175	403100	906310	1479297	1253713	8607312	4273756	871114	551792	1802511	2576558	6081295	4553407
s__Neisseria_gonorrhoeae	0	0	42643	80906	273517	0	31862	0	99521	0	294139	793366	70788	207917	100335	45410	19505	0	0	227185	47020	55626	89576	14224	27776	375904	80021	222794	73968	111787	0	43139	139321	803753	0	498256	55288	101677
s__Neisseria_iguanae	0	232654	20321	0	0	0	0	0	27834	0	0	0	0	0	0	0	0	0	0	0	0	0	0	0	28277	0	0	0	0	0	0	0	0	0	0	0	0	0
s__Neisseria_lactamica	221016	129557	94495	176800	240824	0	253347	204992	1558435	189064	1063983	616676	758555	381617	993996	0	90424	269515	293958	6919693	360198	185501	185886	922430	231006	130395	28007	111349	0	129884	0	91583	2116457	1159909	160843	142409	686204	277253
s__Neisseria_lactamica_A	0	0	0	0	0	0	0	42690	0	0	34413	0	296710	0	0	0	0	94850	0	0	0	0	0	0	0	0	884565	0	0	0	0	0	727618	0	0	0	0	0
s__Neisseria_lactamica_B	213308	1670584	250712	4116719	395750	723185	642857	123640	2283325	523543	1546454	12785714	2467247	1373795	639170	774883	742509	219410	1857310	1547561	143037	361674	2242780	195428	3338481	229555	1138553	654798	295384	6774168	40251	135560	559697	1671806	439045	1284806	489568	278977
s__Neisseria_macacae	5796744	139584	222480	6765860	283558	4167775	946239	1189715	4820517	122336	1146374	1883280	2420569	1335802	2519635	7927255	694258	623307	1123706	331511	122252	987299	6740688	1008730	1669568	0	1601376	1946366	276091	3720118	158605	85477	1693588	7917198	315301	3044050	2314672	499780
s__Neisseria_meningitidis	997045	1055244	1327982	1649360	4199743	831316	847135	1477455	3559502	281007	774925	1890948	2248662	465831	701926	96533	41811	619593	897622	2528027	11076640	530567	1245817	2061630	760816	157618	492164	206005	436878	3101091	55470	466861	5555444	1407196	414453	1579258	1316648	4159764
s__Neisseria_mucosa	33551220	2887100	29810757	16981934	54257448	11380874	8167348	19554289	58845025	7809590	14795471	3178170	3679251	11685879	27098414	57721047	8468903	1755390	2871485	19100770	842591	4040856	5363877	3897558	13864006	1714284	3505786	1396774	3567500	4911316	7120397	5310307	9779902	17068509	4930781	37376498	4214802	4762250
s__Neisseria_mucosa_A	2661411	2418431	3224392	4938820	1209249	1632523	2604014	16559061	18007691	552119	8177701	6684846	42509442	984528	2839371	3841568	655135	546837	5932749	1067932	1378625	851251	2020856	772079	2525740	1871405	1334923	994437	296044	6782631	277035	1094529	2413773	5527309	407845	3315938	4999925	4720313
s__Neisseria_musculi	0	0	0	0	0	0	0	0	0	0	0	0	0	0	0	0	0	0	0	0	0	0	13974	0	0	0	0	6381	0	20124	0	0	0	0	0	0	0	10710
s__Neisseria_perflava	136153	5715331	1768793	1095545	2331603	1384211	254262	179593	7834932	1599029	613428	1212443	1101690	174309	500956	1797599	0	1287550	116020	510692	6942515	867785	956928	1011626	1278528	1022304	1052070	3050994	469801	483028	2518500	392361	490037	990798	715893	227720	2449337	2791480
s__Neisseria_polysaccharea	0	0	0	0	0	1168411	95787	90090	447335	78798	210434	264553	490598	0	112305	133320	0	123899	110869	200318	5802	2076157	38103	0	0	0	37810	0	0	38446	0	0	1193369	295480	193443	0	293722	31129
s__Neisseria_potus	191207	0	0	0	39124	0	12124	0	38747	0	10904	0	45922	0	83266	14736	0	0	0	343428	0	316926	0	0	9335	0	0	24803	0	0	0	0	0	0	0	0	12320	18717
s__Neisseria_sicca	12396944	2170641	256883	3108754	1042510	1105395	702128	629316	2237771	0	299757	5136638	2030207	557491	1237289	4898265	277274	505808	317028	793392	198767	268373	7118261	570565	2352020	0	1104461	1004326	208248	522253	244995	54049	964877	2922893	139254	1831857	877042	916134
s__Neisseria_sicca_A	3435477	876919	1970155	5786420	203912	916771	545534	724912	3818318	83704	1138317	11651830	3489057	2101056	758493	3945589	423201	178373	1914735	613291	493231	209629	3026011	400562	2803040	487487	1047926	290684	374312	5082595	264457	370053	1499517	802584	260770	1703039	1913402	2348393
s__Neisseria_sicca_B	43339543	10643804	333507	11592284	957384	14641157	1196040	2750491	4465326	59273	2240412	7674367	4281624	2270312	5105156	10916045	892610	5820771	3246272	1208890	548095	3555805	6942315	1334518	20840461	312124	4811503	3433870	475154	10989241	2151734	18097959	1835538	7617399	395579	7213698	4501750	5371808
s__Neisseria_sicca_C	8608773	1995376	1827168	4617599	143021	816808	936574	1000979	3174572	48260	1530579	2017371	4955094	192167	1515765	3402013	636071	72645	976666	704423	355517	952704	1228719	1128202	3311914	205274	2930310	760141	431693	5280753	361568	814001	3748592	2980542	442242	4229392	1749148	2341738
s__Neisseria_sicca_D	30198034	2100511	18598109	6395285	1127085	858939	2224032	3494221	22169880	583572	2199605	4340781	4758122	1414119	2369775	4485254	1080000	746699	3148718	1098561	1829187	394312	2645228	1082851	6699447	11544372	4656576	508786	565754	8660561	550424	4543384	1086586	2178538	510745	3987390	12287731	2084720
s__Neisseria_sicca_E	566387	632593	247888	756327	117671	0	193017	523016	626829	77997	254323	3620634	1560305	664171	0	1968024	24807	0	566096	50711	29712	0	1278367	122622	2414658	845484	47112	21703	84492	723110	43956	0	48100	2082087	40444	471294	224334	121085
s__Neisseria_sp000090875	4859240	53813	254524	3291589	3886073	2160251	993449	1104423	4687631	562583	610285	771637	3142736	179254	1579122	102153	712011	1957265	367384	374746	365225	266966	507763	3086949	3113510	1733995	2345513	3390756	3319796	3253526	5879381	1002352	727115	7144277	931152	568669	2109534	505975
s__Neisseria_sp000186165	923650	126104472	17410306	32659843	6566903	22262846	16983056	8929035	22249179	23726472	4948179	79855939	15372470	41981658	7477479	11889317	891504	12160748	3463439	19348764	27170405	117968354	20757203	23068590	20387114	7307016	5913216	102247326	5397749	36378237	56194457	36181829	6461453	2570011	17155964	94062706	26581610	22352187
s__Neisseria_sp000227275	26966322	5900917	1477295	8211573	786776	2645563	828156	2091401	5757378	863883	2139473	15671297	3009762	3731141	4719170	7987907	883485	1551422	1827738	583951	460473	1386270	12612201	3576706	10200234	212796	8343416	3523412	417087	5755447	906883	1393831	1388269	50760663	502590	4125787	5693425	1944162
s__Neisseria_sp000952795	3832771	1989948	3706053	6203593	2243904	0	92581	921027	2766359	67784	599210	264397	592056	1501646	2228398	1384568	209782	687269	862254	704752	85936	404689	459755	1895837	2402847	431408	3915217	896601	336230	3705523	0	404487	3329868	46345662	457705	3683135	3187184	230228
s__Neisseria_sp001308015	0	0	0	0	0	0	0	0	0	0	0	0	0	0	0	0	0	0	0	0	0	0	0	0	0	0	16804	0	0	0	0	0	0	0	0	0	0	0
s__Neisseria_sp001809325	6725554	491937	209486	14691396	262499	1104619	451856	512490	1292550	76895	937735	12177580	432470	2331730	1127723	2217791	89824	142218	5748451	689778	310426	151114	7786269	419169	8823209	0	2062124	1609124	327330	17440338	174104	39235	559104	2124081	664000	1647984	918333	1310330
s__Neisseria_sp001815675	10499076	666369	445894	2994918	438911	588934	622035	1093129	2672528	4137546	733374	3158214	784636	781710	1163000	2717509	291084	311101	1112223	136340	274869	1426901	2418873	478842	2708681	197679	3425829	975971	155100	3968803	186117	88780	717554	1747323	296249	1498230	578580	2720651
s__Neisseria_sp002237445	110417	60214	144819	250688	237524	325863	1252476	10001	101025	0	1053771	173064	99564	213634	225402	80896	40711	237957	37481	3472476	609933	123692	47754	12921	215929	647666	49513	3605866	36082	72487	18624	18917	4700	30425	19221	102383	445906	693655
s__Neisseria_sp002327085	0	33808	0	0	0	0	0	0	0	0	0	0	0	0	0	0	0	0	0	0	0	0	0	0	0	0	0	0	0	0	0	0	0	0	0	0	0	0
s__Neisseria_sp011038745	0	0	0	0	329517	0	0	0	14217	0	0	0	0	0	137744	0	0	0	0	1142086	0	0	0	0	0	0	0	0	0	0	0	0	0	0	0	6341	0	0
s__Neisseria_subflava	410087	8173306	17656594	9397701	29470115	2962542	9418899	2496368	14744021	2308157	10439426	15432753	4282818	3247423	20887167	6119220	1731811	6778034	13548491	50436346	57626786	5305638	4650858	1318900	21453377	14674362	529717	5443279	3176836	7870673	7218966	1396552	1242105	5976439	1059455	7870160	6902890	34973760
s__Neisseria_subflava_A	900929	13602138	8249457	11436840	12966695	8982540	5986541	19017262	8847335	18848291	9602829	12306115	5776801	3526763	16680019	4483164	9248390	81066817	2689975	87034787	39737052	34900893	13155934	1860059	12171791	16649128	2452128	40902913	3720402	7215946	16796068	6247221	1410184	7447924	15045618	25891325	15807329	12636673
s__Neisseria_subflava_B	318035	3436863	849765	1326163	1117334	1422076	232034	272645	1508846	611118	826054	1416203	504647	57336	396606	1089557	108792	1124658	64639	0	7195061	7238217	187947	0	360336	0	0	953298	1298833	625764	0	1244662	491379	546972	283841	881178	711143	4142141
s__Neisseria_subflava_C	2633529	96773582	13964723	8663576	6406065	7697669	10710855	4441232	19157947	13189458	5415350	11235569	7659819	2113364	10257095	20879430	1103245	6699870	5336071	62758397	112043317	42928813	12776889	2875928	50316279	2514954	905690	11057611	13828990	10061955	12014752	9508050	3863488	8364386	8921268	33526351	16065849	22613845
s__Neisseria_suis	0	0	0	0	0	0	0	0	0	0	0	18977	23562	0	0	0	0	0	0	0	0	0	0	0	0	0	0	0	0	0	0	0	0	0	0	0	0	0
s__Neisseria_weaveri	0	0	0	0	0	0	0	0	0	0	0	0	0	0	25351	0	0	0	0	0	0	0	0	21135	0	0	0	0	0	0	0	0	0	0	0	0	0	0
s__Neisseria_zoodegmatis	0	0	0	0	0	0	0	0	0	0	0	0	0	0	0	0	0	0	0	0	0	16008	0	0	0	0	0	0	0	0	0	0	0	0	0	0	0	0
s__QFNR01_sp003248485	0	0	0	0	0	0	0	0	0	0	0	0	19752	0	34369	0	0	0	0	0	0	0	0	0	0	0	0	0	0	0	0	0	0	0	0	0	0	0
s__Simonsiella_muelleri	0	48912	0	0	0	0	898978	0	143797	0	0	0	12433	0	0	0	0	0	6073	7662	0	0	0	0	6919	79985	0	4221	0	0	0	0	0	32327	2817541	0	0	0
s__Azonexus_sp002345845	0	0	0	0	0	0	0	0	0	0	0	0	0	0	0	0	0	0	0	0	0	0	0	0	0	0	0	0	0	10012	0	0	0	0	0	0	0	0
s__Oryzomicrobium_terrae	0	0	0	0	0	0	0	0	0	0	0	0	0	0	0	0	0	0	0	0	0	0	0	0	0	0	0	0	0	0	0	0	0	0	0	36464	0	0
s__Cardiobacterium_hominis	395200	172100	658782	484523	1104499	2388440	639727	158346	986093	111228	516250	1044553	469264	631196	836841	361140	164675	1100267	281170	1593187	760912	143135	228876	250139	573013	2887556	297525	625252	617662	798425	244960	158810	260797	514070	46951	701857	612556	5347780
s__Cardiobacterium_valvarum	58902	4231	29129	265364	82850	97130	34768	44193	132628	3374	21508	9499	103634	53327	89078	7318	8822	94348	225011	141455	41517	27913	65649	13422	53646	79585	49613	40205	67553	12015	48361	9979	48200	19216	2232	65815	0	248248
s__Aeromonas_caviae	0	0	0	0	0	0	0	0	0	0	0	4307	0	0	0	0	0	0	0	0	0	0	0	0	0	0	0	0	0	29736	0	0	0	0	0	0	0	0
s__Pararheinheimera_mesophila	0	0	0	0	0	0	11823	0	0	0	0	0	0	0	0	0	0	0	0	0	0	0	0	0	0	0	0	0	0	5276	0	0	0	0	0	0	0	0
s__Pararheinheimera_tangshanensis	0	0	0	0	0	0	0	0	0	0	0	0	0	0	0	0	0	0	0	0	0	0	0	0	0	0	0	0	0	6768	0	0	0	0	0	0	0	0
s__Enterobacter_hormaechei_A	0	0	0	0	0	0	0	0	25631	0	0	0	0	0	14128	0	0	0	0	0	0	0	0	0	0	0	0	0	0	29836	0	0	0	0	0	0	0	0
s__Klebsiella_pneumoniae	2815	0	0	12648	0	0	16833	0	0	1972	0	0	0	17341	0	0	25207	0	0	0	0	9785	0	0	0	0	0	0	0	0	0	0	0	0	0	0	0	0
s__Klebsiella_A_grimontii	0	0	0	0	0	0	0	0	3664	0	0	0	0	0	0	0	0	0	0	0	0	0	0	0	0	0	0	0	0	0	0	0	0	0	0	0	0	0
s__Kluyvera_cryocrescens	0	0	0	0	0	0	0	0	3124	0	0	0	0	0	0	0	0	0	0	0	0	0	0	0	0	0	0	0	0	0	0	0	0	0	0	0	0	0
s__Leclercia_adecarboxylata_C	0	0	0	0	0	0	0	0	0	0	0	0	0	0	0	0	0	0	0	0	0	0	0	0	0	0	0	0	0	0	8481	0	0	0	0	0	0	0
s__Pantoea_ananatis	0	0	0	0	0	0	0	0	0	2964	0	0	0	0	0	0	0	0	0	0	0	0	0	0	0	0	0	0	0	0	0	0	0	0	0	0	0	0
s__Salmonella_enterica	0	0	14014	4949	0	0	9118	0	797	2253	4432	0	4783	0	25551	0	2131	10148	11825	9892	23010	0	5328	0	5996	0	0	9801	2856	0	9913	41437	0	0	28231	5229	15124	0
s__Actinobacillus_ureae	0	0	0	0	0	0	28255	0	0	0	0	0	55547	0	0	0	0	0	0	0	0	0	0	0	0	0	0	0	0	0	0	0	0	0	0	0	0	0
s__Actinobacillus_B_seminis	0	0	0	0	0	0	0	0	0	0	0	0	0	0	0	0	0	0	0	0	0	0	0	0	0	0	0	50106	0	0	0	0	0	0	0	0	0	0
s__Aggregatibacter_actinomycetemcomitans	0	0	0	0	0	0	0	0	0	0	0	0	0	11026	90280	0	0	0	0	0	0	0	34483	0	0	0	0	0	0	0	0	0	0	0	14216	0	0	0
s__Aggregatibacter_aphrophilus	117908	138396	332726	317703	1290429	1100040	1516085	348990	256123	123742	205979	222237	173873	307426	2004228	474595	50813	576043	155086	101827	95140	104797	221447	0	951972	151756	24306	207433	78077	229488	121835	64859	71248	486567	234614	182158	33353	3628363
s__Aggregatibacter_kilianii	75230	0	31732	121272	91055	228279	78052	212770	120062	28435	31812	146379	166168	83298	885693	38493	0	180688	54016	11703	19708	24612	202597	0	92753	0	22606	0	44501	36044	0	82274	377103	279792	66072	80340	0	5901343
s__Aggregatibacter_kilianii_A	0	0	0	0	0	0	175487	0	4976	0	0	0	0	0	0	0	0	0	6494	0	0	0	0	0	0	0	0	4911	0	0	0	0	0	0	0	43576	0	0
s__Aggregatibacter_segnis	582222	264872	790087	1087606	1055088	411436	784826	470205	748808	159170	545818	526720	507667	599471	13787013	1396518	128998	1051910	690965	0	57024	429238	767094	180844	2913278	427466	81921	170205	356260	42351	282706	142375	207960	885523	619157	376385	93248	1035344
s__Aggregatibacter_segnis_A	641165	447860	1263546	1969000	1338966	446812	863397	1959595	702249	414979	704738	687697	538039	602798	3703103	1392661	72019	581892	692683	40109	80534	645411	709716	226916	6229346	367286	455910	719064	390058	89007	190532	313432	436750	1195527	798140	539318	159891	2664407
s__Aggregatibacter_sp000466335	2185623	1731946	3435174	5160510	3025472	3149629	2859056	2931713	1670254	1285083	2205214	2349922	1253808	1061862	6211021	3368414	385130	3067228	1591727	66114	202642	947119	1969056	541525	7125045	508471	728726	714760	782049	214253	400505	753734	801798	4405808	1595158	1464761	331286	3023073
s__Cricetibacter_osteomyelitidis	0	0	0	0	0	0	0	0	0	0	0	0	0	0	27154	0	0	0	0	0	0	0	0	0	0	0	0	0	0	0	0	0	0	0	0	0	0	0
s__Gallibacterium_anatis	0	0	0	0	0	0	0	0	0	0	0	0	0	0	1964	0	0	0	0	0	0	0	0	0	0	0	0	0	0	0	0	0	0	0	0	0	0	0
s__Haemophilus_haemolyticus	319874	750765	3130673	3891593	2089772	0	13009396	1848457	1561499	986332	3358395	9226620	7187322	1785586	3063576	515887	289083	3984543	2067109	3328513	614145	1626174	17907554	345898	4980490	9851832	1124913	1789215	3242668	1281939	206824	414912	3166332	1639032	16589977	978431	8117875	3395010
s__Haemophilus_haemolyticus_G	0	0	0	0	0	0	0	0	0	0	0	0	0	0	0	0	0	0	0	0	0	0	0	0	0	0	0	0	0	0	0	0	286233	0	0	0	0	0
s__Haemophilus_haemolyticus_I	531446	0	526023	422194	89454	0	2544899	0	693030	183144	674837	959386	1022287	282725	77254	0	0	544076	486597	0	167965	820100	6391676	0	318029	0	13904	100876	0	248849	0	175339	675543	0	1697385	97169	385536	651025
s__Haemophilus_haemolyticus_J	0	0	0	0	0	0	0	0	0	0	0	0	0	0	0	0	0	690977	0	0	0	0	0	0	0	0	0	0	0	0	0	0	0	0	0	0	0	0
s__Haemophilus_influenzae	0	0	259771	0	0	0	0	0	1150712	0	0	0	627192	0	0	0	0	116026	83480	0	0	0	554770	0	0	0	0	0	143143	360120	0	0	0	0	0	103619	0	0
s__Haemophilus_influenzae_D	0	0	0	0	0	0	588202	0	669518	0	145146	0	679014	0	45391	0	0	0	27359	0	0	56927	715009	0	110867	0	0	0	0	0	0	0	169955	0	0	63010	273470	714335
s__Haemophilus_influenzae_E	0	0	0	0	0	0	0	0	0	0	0	0	0	0	0	0	0	0	0	0	0	0	0	0	0	0	0	0	0	573868	0	0	0	0	0	0	0	0
s__Haemophilus_influenzae_F	0	0	0	0	0	0	0	0	0	0	0	0	0	0	0	0	0	0	0	0	0	0	0	0	0	0	0	0	0	0	0	0	0	0	0	1937981	0	0
s__Haemophilus_quentini	0	0	0	0	0	0	1091254	0	0	291287	0	0	114988	223568	0	0	0	0	182758	0	0	0	0	0	77612	0	0	0	0	0	411827	0	0	0	0	0	0	0
s__Haemophilus_sp001276515	0	0	0	0	0	0	643696	0	102922	133204	50019	112719	213765	41499	0	0	43211	534428	149442	0	0	116077	2156436	0	163820	0	0	238489	322555	0	0	0	0	0	310267	110890	47175	448715
s__Haemophilus_sp002998595	3264777	366055	1208140	1894986	1580071	1883341	36035745	4027570	131023	3619574	5028788	1611532	9359783	1228981	1351631	16887932	936158	8495140	4249841	712519	926527	4520974	2388099	6884830	4321576	10379203	190419	822431	534188	910194	417325	525628	5471713	6091273	1458343	626851	6139013	6470941
s__Haemophilus_A_parahaemolyticus	96266	1069508	15679829	3023725	5836242	726601	46004196	248364	17198267	0	6831671	206261	32089740	2364782	1048837	12306642	572269	7476089	1156774	1507151	2552114	256875	5789362	0	9424860	2912096	2020377	27003	11261004	179300	443135	702098	34251280	124391	430144	64913	102268	1128739
s__Haemophilus_A_paraphrohaemolyticus	0	20905	1452455	97368	823949	0	5770412	149085	1632301	0	219910	11145	1855900	189852	81362	678677	461695	5577551	3433533	4084365	502180	7293	370771	0	526298	1678610	133158	24203	426191	1079146	21828	21119	1919197	0	392704	20235	0	1416161
s__Haemophilus_A_sputorum	167668	2966504	156633	1331739	547235	3488794	7733778	109912	1235177	7339229	140729	50103	4909005	1860247	7367869	80294	1242120	6241820	5862296	2523768	2317255	2130619	239291	253034	5106822	7888919	274607	6028548	931993	919014	2645491	730725	6027119	356634	3294823	631389	0	7118756
s__Haemophilus_D_parainfluenzae	1371972	11223752	18758156	17291753	5902156	13225023	9449121	10733253	6057793	20460712	8064249	10134648	5186081	7402157	16822877	12268968	835721	12866539	5883139	15240731	24667093	5882106	8754385	14409127	4364872	7617258	2545679	16805861	6402094	3484912	14085301	12242645	8825455	18607580	8089758	12452164	10343812	4803998
s__Haemophilus_D_parainfluenzae_A	69720	1123376	551132	2999078	2876553	550616	1076644	505995	479276	1478550	191894	582801	1032555	1059707	2181066	331950	268332	4428623	488806	796005	1349659	523557	165545	760149	236819	2430876	430037	6684266	820979	1068179	1596688	1131074	779565	1380328	3995565	2188153	3352396	520811
s__Haemophilus_D_parainfluenzae_J	40270	189140	2017478	408742	1145809	505388	539954	240811	183483	158187	127735	1872880	276489	233018	1106831	191951	124541	531427	166666	538275	1519257	1348341	120959	147222	1133864	1415880	118545	1395659	166233	342878	1115276	97488	145192	528462	634848	185376	470246	155494
s__Haemophilus_D_parainfluenzae_K	2715441	9536100	10284008	11767861	4595458	6068007	2769036	5010359	3600700	3847780	5731249	18369938	2569126	6127210	7313329	2100472	826577	6159702	1987552	2227034	8146447	5168999	17805807	7144847	4758786	5973324	1223280	17536086	1811649	5065024	9059300	3597618	3675505	5435020	7736944	4530465	10928112	3502571
s__Haemophilus_D_parainfluenzae_L	561532	1782988	5106168	1711762	2110766	791075	1760908	2525850	716746	955473	4649745	8717984	1603961	2182178	547884	1642241	379197	2267718	1038073	2709390	4859640	3418501	6470862	2295545	2515317	1491277	570058	3498567	1823772	1366954	1803720	3240084	1353101	2012746	4822196	1700123	1554145	733775
s__Haemophilus_D_parainfluenzae_M	1031147	2036861	7830168	6741747	2327928	1660454	4427475	2378561	639083	2012738	816061	8143096	2764350	4081189	2996181	4471083	877726	8320495	3861464	1656077	5204574	3139522	4259776	1031326	896441	3432605	579853	6407531	4804712	1691878	6663373	1924541	1837363	1063594	5589397	7940039	884887	9975428
s__Haemophilus_D_parainfluenzae_N	385143	2183921	931491	556162	672015	200371	767942	381388	317182	1754656	353488	957371	499559	697630	798168	311099	199416	907137	296047	1716884	7445502	905121	254092	693909	258565	256882	79620	10892349	602339	329198	150868	584038	402331	841061	990214	1395098	740845	1362866
s__Haemophilus_D_pittmaniae	0	14403	21322	70667	56234	0	18837	55417	0	59874	18107	61751	33088	51723	31763	0	0	33057	0	29106	35015	21210	0	0	47630	51055	32608	128123	17039	16620	69588	14713	47298	83068	33537	24342	0	0
s__Haemophilus_D_sp001679485	561432	3045011	8386641	4831663	5900345	2900634	3525677	1723259	674045	2709887	830885	3522473	3256528	2380028	3833049	1170732	690763	8527663	1668949	9107111	11253187	6995446	1701994	1247737	1299472	6442199	1225883	13051595	1748789	3179563	3358882	2146677	2200528	1757561	8071486	6747782	1955857	1434747
s__Haemophilus_D_sp001815355	437075	2492632	6879719	5959755	3215745	4013208	1138121	2374043	1531464	1095402	1763769	9233559	1486496	4209172	4168096	1998509	1064101	4439087	1488833	3973644	10181693	2774223	15260085	1316727	2157473	2899469	1585319	4858024	1556041	1274099	2431756	2483965	1668365	3782033	3806117	3924978	6862724	701787
s__Haemophilus_D_sp900755445	0	339555	2496704	0	385723	563383	383270	108854	0	187101	155332	707471	337139	363831	824534	0	114709	1052806	501612	1029471	2574048	396399	211509	0	0	600468	149336	1035038	580736	2002766	183535	213276	805902	280619	734493	254620	0	392660
s__Haemophilus_D_sp900756155	524049	1413110	2189120	3418297	1117921	0	1215612	1729476	778420	578003	1606131	7173321	953161	1531796	1134777	376712	261946	3109315	873845	1760242	636008	761778	8441703	725658	1024759	5453019	620571	5288813	865377	1017838	1176428	851230	1374861	693774	1871838	572659	2793585	860234
s__Haemophilus_D_sp900756875	112650	1280141	3136592	752338	2104142	194160	728285	610941	105428	189377	109048	924472	224103	426369	2467691	130365	924622	2097758	195330	1633644	7708823	2525248	203663	301684	176682	2816619	328337	3793249	481458	131186	0	371049	271946	396736	916865	464021	233529	585133
s__Haemophilus_D_sp900764435	147745	2262261	1323670	3049383	403588	1893233	252683	732947	894416	992301	414667	855251	976394	1948729	2017704	644695	0	1385603	279883	1148777	165816	485015	633454	2914137	630757	0	279977	11011672	591502	603898	1814989	407608	912453	2798222	4199428	2264506	2440008	1694617
s__Mannheimia_granulomatis	0	0	0	0	0	0	0	0	0	0	0	0	0	0	0	0	0	0	0	0	0	0	0	0	0	0	0	0	0	0	0	0	24852	0	0	0	0	0
s__Mesocricetibacter_intestinalis	0	47511	18819	0	0	0	0	0	0	0	0	0	0	0	0	0	0	0	0	0	0	0	0	0	0	0	0	0	0	0	0	0	0	0	0	0	0	99792
s__Necropsobacter_massiliensis	0	0	0	0	0	0	0	0	0	0	0	0	0	0	15531	0	0	0	0	0	0	0	0	0	0	0	0	0	0	0	0	0	0	0	0	0	0	0
s__Pasteurella_dagmatis	0	0	48249	0	0	0	0	0	0	0	0	0	0	0	0	0	0	0	0	0	0	0	0	0	0	0	0	0	0	0	0	0	0	0	0	0	0	0
s__Rodentibacter_mrazii	0	0	0	0	0	0	0	0	0	0	0	0	0	0	0	0	0	0	0	0	0	0	0	0	78113	0	0	0	0	0	0	0	0	0	0	0	0	0
s__Rodentibacter_sp901420285	38266	101608	564587	129689	57535	76059	102662	249616	67382	381757	53520	11647	109796	64353	238529	9603	166897	107793	406292	15603	15406	153599	33277	44674	128679	48952	140278	7871	55626	9632	27034	29527	154003	14312	52057	62008	0	40637
s__Shewanella_xiamenensis	0	0	0	0	0	0	0	0	12015	0	0	0	2988	0	0	0	0	0	0	0	0	0	0	0	0	0	0	0	0	53865	0	0	0	0	0	0	22135	0
s__Legionella_pneumophila	0	0	0	0	0	0	0	0	0	0	0	0	0	0	0	0	65517	0	0	0	0	0	0	0	0	0	0	0	0	52263	0	0	0	0	0	0	0	0
s__Acinetobacter_baumannii	0	0	0	0	0	0	0	0	0	0	0	0	0	0	0	0	0	0	0	0	0	0	0	0	0	0	0	0	0	0	0	0	0	40633	0	0	0	0
s__Acinetobacter_guillouiae	0	0	0	13350	0	0	0	0	0	0	0	0	5815	2997	0	9272	0	10751	0	0	0	0	6635	0	0	0	0	0	0	3364	0	0	0	0	4215	0	9074	0
s__Acinetobacter_johnsonii	0	0	0	0	0	0	0	95501	41951	0	0	0	23462	0	0	0	0	31851	0	0	0	0	12466	0	0	0	0	0	0	46356	0	0	0	0	0	0	38461	0
s__Acinetobacter_junii	0	0	0	0	0	0	0	0	0	0	0	0	0	0	0	0	0	0	0	0	0	0	0	0	0	0	0	0	0	0	0	0	0	46038	18020	0	0	0
s__Acinetobacter_oleivorans	99973	0	18619	27303	0	349626	0	139664	133535	97120	14506	323812	0	49918	103805	135679	8792	66616	63036	0	0	0	0	0	0	0	0	0	13932	22627	0	0	12025	0	30233	54194	0	0
s__Acinetobacter_soli	0	0	0	0	0	0	0	0	31038	0	0	0	0	0	0	0	0	0	0	0	0	0	0	0	0	0	0	0	0	3354	0	0	0	0	0	0	0	0
s__Moraxella_bovoculi	0	0	0	0	0	0	0	0	0	0	0	0	0	0	0	0	0	0	0	0	0	0	0	0	0	0	0	0	0	0	0	0	0	0	0	0	0	182313
s__Moraxella_catarrhalis	0	24006	0	0	0	0	0	0	0	0	0	0	0	0	0	0	0	0	0	0	0	0	61527	0	0	0	0	0	0	122358	0	0	0	0	0	0	60396	227146
s__Moraxella_nonliquefaciens	0	0	0	0	0	0	0	0	0	0	0	0	0	0	0	0	0	0	0	0	0	0	25837	0	0	0	0	0	0	99120	0	0	0	0	0	38667	25040	0
s__Moraxella_A_cinereus	0	0	0	0	0	0	0	0	0	0	0	18174	0	0	0	0	0	0	0	0	0	0	0	0	0	0	0	0	0	0	0	0	0	8287	0	0	0	0
s__Moraxella_C_lincolnii	0	0	35836	0	0	0	0	0	0	0	0	0	0	0	0	0	0	0	0	0	0	0	0	0	0	0	0	0	0	0	0	0	0	0	0	0	0	0
s__Psychrobacter_sp002810365	0	0	0	0	0	0	0	0	0	0	0	0	0	0	0	0	0	0	0	0	0	0	0	0	0	0	0	0	0	4906	0	0	0	0	0	0	0	0
s__Pseudomonas_aeruginosa	0	0	0	0	0	0	0	0	0	0	0	0	0	221	0	0	0	0	0	0	0	0	0	0	21358	0	321	0	0	0	0	0	0	0	0	0	0	0
s__Pseudomonas_A_sp000765155	0	0	0	6495	0	0	0	0	0	889	0	0	0	0	0	0	0	0	0	0	0	0	0	0	0	0	0	0	0	0	0	0	0	0	0	0	0	0
s__Pseudomonas_B_oryzihabitans	0	0	0	0	0	0	0	0	0	0	0	0	0	0	0	0	0	0	0	0	0	0	0	0	0	0	0	0	0	3454	0	0	0	0	0	0	0	0
s__Pseudomonas_E_alcaligenes	0	0	0	0	0	0	0	0	0	0	0	0	0	0	0	0	0	0	0	0	0	0	0	0	0	0	0	0	0	53965	0	0	0	0	0	0	0	0
s__Pseudomonas_E_ovata	0	0	0	0	0	0	0	0	0	0	0	0	0	0	0	0	0	0	0	0	0	2071	0	0	0	0	0	0	0	0	0	0	0	0	0	0	0	0
s__Pseudomonas_E_putida_E	0	0	0	0	0	0	11823	0	4045	2844	2641	0	0	0	0	0	0	0	0	0	0	0	0	0	0	0	0	0	0	9151	0	0	0	0	0	0	0	0
s__Pseudomonas_E_sp002843585	0	0	0	0	0	0	0	0	0	0	0	0	0	0	0	0	0	0	0	0	0	1221	0	0	0	0	0	0	0	0	0	0	0	0	0	1493	0	0
s__Pseudomonas_F_alcaligenes_A	0	0	0	0	0	0	0	0	0	0	0	0	0	0	0	0	0	0	0	0	0	0	0	0	0	0	0	0	0	2173	0	0	0	0	0	0	0	0
s__Stenotrophomonas_koreensis	0	0	0	0	0	0	0	0	0	0	0	0	0	0	0	0	0	0	0	0	0	0	0	0	0	0	0	0	0	2663	0	0	0	0	0	0	0	0
s__Stenotrophomonas_maltophilia_AJ	0	0	0	0	0	0	0	0	0	8521	0	0	0	0	0	0	0	0	0	0	0	0	0	0	0	37040	0	0	0	0	0	0	0	0	0	65414	0	0
s__Stenotrophomonas_pavanii	0	0	0	0	0	0	0	0	56669	0	0	10141	0	0	0	0	0	0	2836	0	0	0	0	0	0	0	0	0	0	0	0	0	0	0	0	0	0	0
s__Xanthomonas_campestris	3065	0	0	0	2381	0	0	0	0	0	0	2169	0	0	0	0	0	0	0	0	0	0	0	0	0	0	0	0	0	0	0	0	0	0	0	0	0	0
s__Treponema_medium	11420	0	8529	16462	0	112031	94584	31667	22027	0	8583	12651	7109	29771	51403	0	5191	8852	58626	5431	0	13806	10657	0	51140	0	11303	9841	17740	0	36246	8057	26355	17715	16418	0	0	50647
s__Treponema_sp000775995	8324	0	5165	17968	0	78868	51701	37379	15218	0	16906	9820	13636	28167	55310	0	5992	0	55119	24205	0	15707	25636	0	20356	0	11303	7261	25859	3484	41853	13012	29962	11710	11212	0	0	38936
s__Treponema_sp010365865	30252	3041	63864	75184	19812	730370	222324	94298	178600	35945	30011	187272	13135	105463	123237	40297	27307	93745	310722	29907	11905	39419	145203	69715	568753	54859	23706	8841	68957	11013	70490	41638	107158	37131	39944	6982	0	259640
s__Treponema_vincentii	0	0	3844	0	0	107766	46591	9370	11114	0	4332	4197	0	65255	66132	0	0	0	20244	4991	0	5863	8073	0	16746	0	4391	2990	23654	0	0	2943	12726	17214	6968	0	0	14814
s__Treponema_B_denticola	0	0	26827	0	0	317704	317502	58223	30938	0	6673	10643	2396	23456	0	0	0	16780	101063	0	0	0	0	18731	111556	63768	52113	13302	41595	0	0	27925	67240	24320	34938	0	0	235579
s__Treponema_B_denticola_A	0	0	0	0	0	117147	61921	43792	22828	0	0	0	0	0	0	0	0	0	12627	0	0	0	0	0	0	0	14804	0	0	0	0	0	28760	0	12614	0	0	0
s__Treponema_C_lecithinolyticum	0	0	26327	0	0	209254	380351	126762	0	0	3611	125464	4311	134950	0	0	33109	0	142119	0	0	0	0	0	337842	37040	7362	0	60036	0	44557	20418	21344	0	50856	14024	12320	171580
s__Treponema_C_maltophilum	0	0	0	10239	2141	78467	14027	0	7049	0	0	3564	0	13031	5561	0	1740	0	4430	0	0	2551	13874	0	8443	0	4661	0	4831	0	0	3183	0	0	3724	0	0	11611
s__Treponema_D_buccale	12321	0	13714	7428	5633	69837	13727	0	7729	10213	2751	19780	5695	20749	20541	13633	3841	0	53716	3191	0	4202	62633	11118	20957	17619	11003	4401	13831	3304	38148	7577	10121	9087	6167	0	0	19618
s__Treponema_D_paredis	10318	2591	6416	3353	4793	79370	6142	0	21526	0	4422	2751	4662	12430	14028	15538	3681	0	24252	2291	0	7524	31266	0	15141	0	6182	7551	11326	0	25432	0	8367	0	4925	0	9956	9289
s__Treponema_D_pectinovorum	0	0	0	0	0	0	0	0	0	0	0	0	0	0	7836	0	0	0	0	0	0	0	0	0	0	0	0	0	0	0	0	0	0	0	0	0	0	0
s__Treponema_D_socranskii	0	0	2763	6896	3722	0	24347	8628	16520	1902	0	2179	0	9001	6333	0	2621	0	20544	0	0	4502	19202	0	12434	0	4941	2290	11727	0	0	4644	0	0	4105	0	5839	17116
s__Treponema_D_sp014334325	0	0	0	0	0	0	18737	7446	4025	0	0	0	0	6896	10521	0	1740	0	10222	0	0	20210	0	0	7851	0	4421	2060	4470	0	21928	2943	13027	0	2843	0	0	12411
s__Treponema_D_sp014334335	0	0	4505	0	0	0	0	0	0	0	0	0	0	0	0	0	0	0	0	0	0	0	0	0	0	0	5351	0	0	0	0	0	0	0	0	0	0	0
s__Aminobacterium_mobile	0	0	0	0	0	0	0	0	0	0	0	0	0	0	0	0	5041	0	0	0	0	0	0	0	0	8019	0	0	0	0	0	0	0	0	0	0	0	0
s__Fretibacterium_fastidiosum	0	0	0	0	0	0	6793	0	0	0	0	0	0	25561	4960	0	0	0	0	0	0	4352	0	0	0	0	6502	0	0	0	0	0	0	0	0	0	0	0
