sample	genome	taxonomy	coverage	dispersion	fraction	containment	PTR	log2(PTR)	enzyme_consistency	n_anchors	ori_confidence	se	ci_low	ci_high	n_enzymes	n_enzymes_attempted	enzyme_fit_rate	enzymes_used	enzyme_i2	fusion_model	ori	method	n_windows	pass_qc	qc_reason	excluded	note
CRR1310406	GCA_000162895.1	s__Peptidiphaga_gingivicola	NA	NA	NA	0	NA	NA	NA	0	NA	NA	NA	NA	0	1	0	-	NA	fixed	NA	none	0	False	containment 0.00 < 0.5; only 0/1 enzymes produced a fit; no PTR estimate	BcgI:only 0 windows after outlier trimming	no enzyme produced a usable estimate
CRR1310406	GCA_000210715.1	s__Fretibacterium_fastidiosum	NA	NA	NA	0	NA	NA	NA	0	NA	NA	NA	NA	0	1	0	-	NA	fixed	NA	none	0	False	containment 0.00 < 0.5; only 0/1 enzymes produced a fit; no PTR estimate	BcgI:only 0 windows after outlier trimming	no enzyme produced a usable estimate
CRR1310406	GCA_000286355.1	s__Kocuria_atrinae	NA	NA	NA	0	NA	NA	NA	0	NA	NA	NA	NA	0	1	0	-	NA	fixed	NA	none	0	False	containment 0.00 < 0.5; only 0/1 enzymes produced a fit; no PTR estimate	BcgI:only 0 windows after outlier trimming	no enzyme produced a usable estimate
CRR1310406	GCA_000385835.1	s__Streptococcus_mitis_AI	NA	NA	NA	0	NA	NA	NA	0	NA	NA	NA	NA	0	1	0	-	NA	fixed	NA	none	0	False	containment 0.00 < 0.5; only 0/1 enzymes produced a fit; no PTR estimate	BcgI:only 0 windows after outlier trimming	no enzyme produced a usable estimate
CRR1310406	GCA_000413015.1	s__Treponema_D_paredis	NA	NA	NA	0	NA	NA	NA	0	NA	NA	NA	NA	0	1	0	-	NA	fixed	NA	none	0	False	containment 0.00 < 0.5; only 0/1 enzymes produced a fit; no PTR estimate	BcgI:only 0 windows after outlier trimming	no enzyme produced a usable estimate
CRR1310406	GCA_000413335.1	s__Cutibacterium_avidum	489.1762821	166.4840417	0.02517241379	0.02209574824	3.024850929	1.596864045	NA	2587	0.9999091284	0.6983084436	0.2282046457	2.965523445	1	1	1	BcgI	NA	fixed	188986.435	glm	26	False	fraction 0.03 < 0.75; dispersion 166.48 > 5.0; containment 0.02 < 0.5	-	single enzyme: no cross-enzyme consistency check available
CRR1310406	GCA_001062585.1	s__Neisseria_sp000227275	NA	NA	NA	0	NA	NA	NA	0	NA	NA	NA	NA	0	1	0	-	NA	fixed	NA	none	0	False	containment 0.00 < 0.5; only 0/1 enzymes produced a fit; no PTR estimate	BcgI:only 0 windows after outlier trimming	no enzyme produced a usable estimate
CRR1310406	GCA_001063255.1	s__Neisseria_mucosa	NA	NA	NA	0	NA	NA	NA	0	NA	NA	NA	NA	0	1	0	-	NA	fixed	NA	none	0	False	containment 0.00 < 0.5; only 0/1 enzymes produced a fit; no PTR estimate	BcgI:only 0 windows after outlier trimming	no enzyme produced a usable estimate
CRR1310406	GCA_001067315.1	s__Neisseria_subflava	NA	NA	NA	0	NA	NA	NA	0	NA	NA	NA	NA	0	1	0	-	NA	fixed	NA	none	0	False	containment 0.00 < 0.5; only 0/1 enzymes produced a fit; no PTR estimate	BcgI:only 0 windows after outlier trimming	no enzyme produced a usable estimate
CRR1310406	GCA_001067655.1	s__Neisseria_lactamica_B	NA	NA	NA	0	NA	NA	NA	0	NA	NA	NA	NA	0	1	0	-	NA	fixed	NA	none	0	False	containment 0.00 < 0.5; only 0/1 enzymes produced a fit; no PTR estimate	BcgI:only 0 windows after outlier trimming	no enzyme produced a usable estimate
CRR1310406	GCA_001196045.1	s__Staphylococcus_warneri	NA	NA	NA	0.002444987775	NA	NA	NA	0	NA	NA	NA	NA	0	1	0	-	NA	fixed	NA	none	0	False	containment 0.00 < 0.5; only 0/1 enzymes produced a fit; no PTR estimate	BcgI:only 0 windows after outlier trimming	no enzyme produced a usable estimate
CRR1310406	GCA_001275035.1	s__Pararheinheimera_tangshanensis	NA	NA	NA	0	NA	NA	NA	0	NA	NA	NA	NA	0	1	0	-	NA	fixed	NA	none	0	False	containment 0.00 < 0.5; only 0/1 enzymes produced a fit; no PTR estimate	BcgI:only 0 windows after outlier trimming	no enzyme produced a usable estimate
CRR1310406	GCA_001296205.1	s__Streptococcus_intermedius	NA	NA	NA	0	NA	NA	NA	0	NA	NA	NA	NA	0	1	0	-	NA	fixed	NA	none	0	False	containment 0.00 < 0.5; only 0/1 enzymes produced a fit; no PTR estimate	BcgI:only 0 windows after outlier trimming	no enzyme produced a usable estimate
CRR1310406	GCA_001421095.1	s__Bacteroides_D_periocalifornicus	NA	NA	NA	0	NA	NA	NA	0	NA	NA	NA	NA	0	1	0	-	NA	fixed	NA	none	0	False	containment 0.00 < 0.5; only 0/1 enzymes produced a fit; no PTR estimate	BcgI:only 0 windows after outlier trimming	no enzyme produced a usable estimate
CRR1310406	GCA_001477075.1	s__Methylobacterium_organophilum	NA	NA	NA	0.0001588562351	NA	NA	NA	0	NA	NA	NA	NA	0	1	0	-	NA	fixed	NA	none	0	False	containment 0.00 < 0.5; only 0/1 enzymes produced a fit; no PTR estimate	BcgI:only 0 windows after outlier trimming	no enzyme produced a usable estimate
CRR1310406	GCA_001556165.1	s__Sphingomonas_ginsenosidimutans	NA	NA	NA	0	NA	NA	NA	0	NA	NA	NA	NA	0	1	0	-	NA	fixed	NA	none	0	False	containment 0.00 < 0.5; only 0/1 enzymes produced a fit; no PTR estimate	BcgI:only 0 windows after outlier trimming	no enzyme produced a usable estimate
CRR1310406	GCA_001578795.1	s__Streptococcus_gordonii_A	NA	NA	NA	0	NA	NA	NA	0	NA	NA	NA	NA	0	1	0	-	NA	fixed	NA	none	0	False	containment 0.00 < 0.5; only 0/1 enzymes produced a fit; no PTR estimate	BcgI:only 0 windows after outlier trimming	no enzyme produced a usable estimate
CRR1310406	GCA_001578855.1	s__Streptococcus_oralis_R	NA	NA	NA	0	NA	NA	NA	0	NA	NA	NA	NA	0	1	0	-	NA	fixed	NA	none	0	False	containment 0.00 < 0.5; only 0/1 enzymes produced a fit; no PTR estimate	BcgI:only 0 windows after outlier trimming	no enzyme produced a usable estimate
CRR1310406	GCA_001579015.1	s__Streptococcus_oralis_K	NA	NA	NA	0	NA	NA	NA	0	NA	NA	NA	NA	0	1	0	-	NA	fixed	NA	none	0	False	containment 0.00 < 0.5; only 0/1 enzymes produced a fit; no PTR estimate	BcgI:only 0 windows after outlier trimming	no enzyme produced a usable estimate
CRR1310406	GCA_001636165.1	s__Schleiferilactobacillus_harbinensis	NA	NA	NA	0	NA	NA	NA	0	NA	NA	NA	NA	0	1	0	-	NA	fixed	NA	none	0	False	containment 0.00 < 0.5; only 0/1 enzymes produced a fit; no PTR estimate	BcgI:only 0 windows after outlier trimming	no enzyme produced a usable estimate
CRR1310406	GCA_001724095.1	s__Pigmentiphaga_sp001898625	NA	NA	NA	0	NA	NA	NA	0	NA	NA	NA	NA	0	1	0	-	NA	fixed	NA	none	0	False	containment 0.00 < 0.5; only 0/1 enzymes produced a fit; no PTR estimate	BcgI:only 0 windows after outlier trimming	no enzyme produced a usable estimate
CRR1310406	GCA_001725355.1	s__Novosphingobium_sp001725355	NA	NA	NA	0	NA	NA	NA	0	NA	NA	NA	NA	0	1	0	-	NA	fixed	NA	none	0	False	containment 0.00 < 0.5; only 0/1 enzymes produced a fit; no PTR estimate	BcgI:only 0 windows after outlier trimming	no enzyme produced a usable estimate
CRR1310406	GCA_001838375.1	s__Neisseria_mucosa_A	NA	NA	NA	0	NA	NA	NA	0	NA	NA	NA	NA	0	1	0	-	NA	fixed	NA	none	0	False	containment 0.00 < 0.5; only 0/1 enzymes produced a fit; no PTR estimate	BcgI:only 0 windows after outlier trimming	no enzyme produced a usable estimate
CRR1310406	GCA_001899205.1	s__Mesorhizobium_sp001899205	NA	NA	NA	0	NA	NA	NA	0	NA	NA	NA	NA	0	1	0	-	NA	fixed	NA	none	0	False	containment 0.00 < 0.5; only 0/1 enzymes produced a fit; no PTR estimate	BcgI:only 0 windows after outlier trimming	no enzyme produced a usable estimate
CRR1310406	GCA_001899725.1	s__Sphingomonas_leidyi	NA	NA	NA	0	NA	NA	NA	0	NA	NA	NA	NA	0	1	0	-	NA	fixed	NA	none	0	False	containment 0.00 < 0.5; only 0/1 enzymes produced a fit; no PTR estimate	BcgI:only 0 windows after outlier trimming	no enzyme produced a usable estimate
CRR1310406	GCA_001914195.1	s__Streptococcus_mitis_F	NA	NA	NA	0	NA	NA	NA	0	NA	NA	NA	NA	0	1	0	-	NA	fixed	NA	none	0	False	containment 0.00 < 0.5; only 0/1 enzymes produced a fit; no PTR estimate	BcgI:only 0 windows after outlier trimming	no enzyme produced a usable estimate
CRR1310406	GCA_002211645.1	s__Fusobacterium_animalis	NA	NA	NA	0	NA	NA	NA	0	NA	NA	NA	NA	0	1	0	-	NA	fixed	NA	none	0	False	containment 0.00 < 0.5; only 0/1 enzymes produced a fit; no PTR estimate	BcgI:only 0 windows after outlier trimming	no enzyme produced a usable estimate
CRR1310406	GCA_002256345.1	s__Tardiphaga_sp002256345	NA	NA	NA	0	NA	NA	NA	0	NA	NA	NA	NA	0	1	0	-	NA	fixed	NA	none	0	False	containment 0.00 < 0.5; only 0/1 enzymes produced a fit; no PTR estimate	BcgI:only 0 windows after outlier trimming	no enzyme produced a usable estimate
CRR1310406	GCA_002305995.1	s__UBA1367_sp002305995	NA	NA	NA	0	NA	NA	NA	0	NA	NA	NA	NA	0	1	0	-	NA	fixed	NA	none	0	False	containment 0.00 < 0.5; only 0/1 enzymes produced a fit; no PTR estimate	BcgI:only 0 windows after outlier trimming	no enzyme produced a usable estimate
CRR1310406	GCA_002316995.1	s__Proteiniphilum_sp002410345	NA	NA	NA	0	NA	NA	NA	0	NA	NA	NA	NA	0	1	0	-	NA	fixed	NA	none	0	False	containment 0.00 < 0.5; only 0/1 enzymes produced a fit; no PTR estimate	BcgI:only 0 windows after outlier trimming	no enzyme produced a usable estimate
CRR1310406	GCA_002322135.1	s__Moraxella_A_cinereus	NA	NA	NA	0.0009398496241	NA	NA	NA	0	NA	NA	NA	NA	0	1	0	-	NA	fixed	NA	none	0	False	containment 0.00 < 0.5; only 0/1 enzymes produced a fit; no PTR estimate	BcgI:only 1 windows after outlier trimming	no enzyme produced a usable estimate
CRR1310406	GCA_002341725.1	s__Bradyrhizobium_sp002831585	433.2954545	556.4050627	0.01497621179	0.003818215683	1.160553199	0.2148126569	NA	1963	0.9928348619	0.3993186383	-0.5678374924	0.9974628063	1	1	1	BcgI	NA	fixed	328850.5917	glm	22	False	fraction 0.01 < 0.75; dispersion 556.41 > 5.0; containment 0.00 < 0.5	-	single enzyme: no cross-enzyme consistency check available
CRR1310406	GCA_002345845.1	s__Azonexus_sp002345845	NA	NA	NA	0	NA	NA	NA	0	NA	NA	NA	NA	0	1	0	-	NA	fixed	NA	none	0	False	containment 0.00 < 0.5; only 0/1 enzymes produced a fit; no PTR estimate	BcgI:only 0 windows after outlier trimming	no enzyme produced a usable estimate
CRR1310406	GCA_002353675.1	s__Prevotella_sp900318855	NA	NA	NA	0	NA	NA	NA	0	NA	NA	NA	NA	0	1	0	-	NA	fixed	NA	none	0	False	containment 0.00 < 0.5; only 0/1 enzymes produced a fit; no PTR estimate	BcgI:only 0 windows after outlier trimming	no enzyme produced a usable estimate
CRR1310406	GCA_002354335.1	s__Sphingobacterium_sp002354335	NA	NA	NA	0	NA	NA	NA	0	NA	NA	NA	NA	0	1	0	-	NA	fixed	NA	none	0	False	containment 0.00 < 0.5; only 0/1 enzymes produced a fit; no PTR estimate	BcgI:only 0 windows after outlier trimming	no enzyme produced a usable estimate
CRR1310406	GCA_002380835.1	s__Kurthia_gibsonii	NA	NA	NA	0	NA	NA	NA	0	NA	NA	NA	NA	0	1	0	-	NA	fixed	NA	none	0	False	containment 0.00 < 0.5; only 0/1 enzymes produced a fit; no PTR estimate	BcgI:only 0 windows after outlier trimming	no enzyme produced a usable estimate
CRR1310406	GCA_002387245.1	s__Brevundimonas_sp002387245	NA	NA	NA	0	NA	NA	NA	0	NA	NA	NA	NA	0	1	0	-	NA	fixed	NA	none	0	False	containment 0.00 < 0.5; only 0/1 enzymes produced a fit; no PTR estimate	BcgI:only 0 windows after outlier trimming	no enzyme produced a usable estimate
CRR1310406	GCA_002396845.1	s__UBA4877_sp002399345	NA	NA	NA	0	NA	NA	NA	0	NA	NA	NA	NA	0	1	0	-	NA	fixed	NA	none	0	False	containment 0.00 < 0.5; only 0/1 enzymes produced a fit; no PTR estimate	BcgI:only 0 windows after outlier trimming	no enzyme produced a usable estimate
CRR1310406	GCA_002397005.1	s__Caproiciproducens_sp002407645	NA	NA	NA	0	NA	NA	NA	0	NA	NA	NA	NA	0	1	0	-	NA	fixed	NA	none	0	False	containment 0.00 < 0.5; only 0/1 enzymes produced a fit; no PTR estimate	BcgI:only 0 windows after outlier trimming	no enzyme produced a usable estimate
CRR1310406	GCA_002397085.1	s__UBA4871_sp002119605	NA	NA	NA	0	NA	NA	NA	0	NA	NA	NA	NA	0	1	0	-	NA	fixed	NA	none	0	False	containment 0.00 < 0.5; only 0/1 enzymes produced a fit; no PTR estimate	BcgI:only 0 windows after outlier trimming	no enzyme produced a usable estimate
CRR1310406	GCA_002397275.1	s__Syntrophaceticus_sp002397275	NA	NA	NA	0	NA	NA	NA	0	NA	NA	NA	NA	0	1	0	-	NA	fixed	NA	none	0	False	containment 0.00 < 0.5; only 0/1 enzymes produced a fit; no PTR estimate	BcgI:only 0 windows after outlier trimming	no enzyme produced a usable estimate
CRR1310406	GCA_002397665.1	s__Clostridium_E_sp002397665	NA	NA	NA	0	NA	NA	NA	0	NA	NA	NA	NA	0	1	0	-	NA	fixed	NA	none	0	False	containment 0.00 < 0.5; only 0/1 enzymes produced a fit; no PTR estimate	BcgI:only 0 windows after outlier trimming	no enzyme produced a usable estimate
CRR1310406	GCA_002397945.1	s__UBA4923_sp002427535	NA	NA	NA	0	NA	NA	NA	0	NA	NA	NA	NA	0	1	0	-	NA	fixed	NA	none	0	False	containment 0.00 < 0.5; only 0/1 enzymes produced a fit; no PTR estimate	BcgI:only 0 windows after outlier trimming	no enzyme produced a usable estimate
CRR1310406	GCA_002398185.1	s__UBA4844_sp002424365	NA	NA	NA	0	NA	NA	NA	0	NA	NA	NA	NA	0	1	0	-	NA	fixed	NA	none	0	False	containment 0.00 < 0.5; only 0/1 enzymes produced a fit; no PTR estimate	BcgI:only 0 windows after outlier trimming	no enzyme produced a usable estimate
CRR1310406	GCA_002398695.1	s__Olegusella_sp002407925	NA	NA	NA	0	NA	NA	NA	0	NA	NA	NA	NA	0	1	0	-	NA	fixed	NA	none	0	False	containment 0.00 < 0.5; only 0/1 enzymes produced a fit; no PTR estimate	BcgI:only 0 windows after outlier trimming	no enzyme produced a usable estimate
CRR1310406	GCA_002398905.1	s__Caprobacter_sp002407675	NA	NA	NA	0	NA	NA	NA	0	NA	NA	NA	NA	0	1	0	-	NA	fixed	NA	none	0	False	containment 0.00 < 0.5; only 0/1 enzymes produced a fit; no PTR estimate	BcgI:only 0 windows after outlier trimming	no enzyme produced a usable estimate
CRR1310406	GCA_002399315.1	s__UBA4851_sp002408445	NA	NA	NA	0	NA	NA	NA	0	NA	NA	NA	NA	0	1	0	-	NA	fixed	NA	none	0	False	containment 0.00 < 0.5; only 0/1 enzymes produced a fit; no PTR estimate	BcgI:only 0 windows after outlier trimming	no enzyme produced a usable estimate
CRR1310406	GCA_002407685.1	s__Fermentimonas_sp002398875	NA	NA	NA	0	NA	NA	NA	0	NA	NA	NA	NA	0	1	0	-	NA	fixed	NA	none	0	False	containment 0.00 < 0.5; only 0/1 enzymes produced a fit; no PTR estimate	BcgI:only 0 windows after outlier trimming	no enzyme produced a usable estimate
CRR1310406	GCA_002408485.1	s__Proteiniphilum_sp002408485	NA	NA	NA	0	NA	NA	NA	0	NA	NA	NA	NA	0	1	0	-	NA	fixed	NA	none	0	False	containment 0.00 < 0.5; only 0/1 enzymes produced a fit; no PTR estimate	BcgI:only 0 windows after outlier trimming	no enzyme produced a usable estimate
CRR1310406	GCA_002408725.1	s__DTU098_sp002408725	NA	NA	NA	0	NA	NA	NA	0	NA	NA	NA	NA	0	1	0	-	NA	fixed	NA	none	0	False	containment 0.00 < 0.5; only 0/1 enzymes produced a fit; no PTR estimate	BcgI:only 0 windows after outlier trimming	no enzyme produced a usable estimate
CRR1310406	GCA_002409095.1	s__DTU032_sp002427505	NA	NA	NA	0	NA	NA	NA	0	NA	NA	NA	NA	0	1	0	-	NA	fixed	NA	none	0	False	containment 0.00 < 0.5; only 0/1 enzymes produced a fit; no PTR estimate	BcgI:only 0 windows after outlier trimming	no enzyme produced a usable estimate
CRR1310406	GCA_002409445.1	s__UBA10988_sp002409445	NA	NA	NA	0	NA	NA	NA	0	NA	NA	NA	NA	0	1	0	-	NA	fixed	NA	none	0	False	containment 0.00 < 0.5; only 0/1 enzymes produced a fit; no PTR estimate	BcgI:only 0 windows after outlier trimming	no enzyme produced a usable estimate
CRR1310406	GCA_002409905.1	s__Aminobacterium_mobile	NA	NA	NA	0	NA	NA	NA	0	NA	NA	NA	NA	0	1	0	-	NA	fixed	NA	none	0	False	containment 0.00 < 0.5; only 0/1 enzymes produced a fit; no PTR estimate	BcgI:only 0 windows after outlier trimming	no enzyme produced a usable estimate
CRR1310406	GCA_002410045.1	s__T78_sp002409625	NA	NA	NA	0	NA	NA	NA	0	NA	NA	NA	NA	0	1	0	-	NA	fixed	NA	none	0	False	containment 0.00 < 0.5; only 0/1 enzymes produced a fit; no PTR estimate	BcgI:only 0 windows after outlier trimming	no enzyme produced a usable estimate
CRR1310406	GCA_002411015.1	s__UBA5352_sp002411015	NA	NA	NA	0	NA	NA	NA	0	NA	NA	NA	NA	0	1	0	-	NA	fixed	NA	none	0	False	containment 0.00 < 0.5; only 0/1 enzymes produced a fit; no PTR estimate	BcgI:only 0 windows after outlier trimming	no enzyme produced a usable estimate
CRR1310406	GCA_002419745.1	s__Massilia_timonae	NA	NA	NA	0	NA	NA	NA	0	NA	NA	NA	NA	0	1	0	-	NA	fixed	NA	none	0	False	containment 0.00 < 0.5; only 0/1 enzymes produced a fit; no PTR estimate	BcgI:only 0 windows after outlier trimming	no enzyme produced a usable estimate
CRR1310406	GCA_002427175.1	s__UBA4874_sp002398065	NA	NA	NA	0	NA	NA	NA	0	NA	NA	NA	NA	0	1	0	-	NA	fixed	NA	none	0	False	containment 0.00 < 0.5; only 0/1 enzymes produced a fit; no PTR estimate	BcgI:only 0 windows after outlier trimming	no enzyme produced a usable estimate
CRR1310406	GCA_002427475.1	s__DTU032_sp002427475	NA	NA	NA	0	NA	NA	NA	0	NA	NA	NA	NA	0	1	0	-	NA	fixed	NA	none	0	False	containment 0.00 < 0.5; only 0/1 enzymes produced a fit; no PTR estimate	BcgI:only 0 windows after outlier trimming	no enzyme produced a usable estimate
CRR1310406	GCA_002431665.1	s__Petrimonas_sp002356435	NA	NA	NA	0	NA	NA	NA	0	NA	NA	NA	NA	0	1	0	-	NA	fixed	NA	none	0	False	containment 0.00 < 0.5; only 0/1 enzymes produced a fit; no PTR estimate	BcgI:only 0 windows after outlier trimming	no enzyme produced a usable estimate
CRR1310406	GCA_002437285.1	s__Prevotella_sp002437285	NA	NA	NA	0.0004651162791	NA	NA	NA	0	NA	NA	NA	NA	0	1	0	-	NA	fixed	NA	none	0	False	containment 0.00 < 0.5; only 0/1 enzymes produced a fit; no PTR estimate	BcgI:only 0 windows after outlier trimming	no enzyme produced a usable estimate
CRR1310406	GCA_002454415.1	s__Sphingobacterium_sp002454415	NA	NA	NA	0	NA	NA	NA	0	NA	NA	NA	NA	0	1	0	-	NA	fixed	NA	none	0	False	containment 0.00 < 0.5; only 0/1 enzymes produced a fit; no PTR estimate	BcgI:only 0 windows after outlier trimming	no enzyme produced a usable estimate
CRR1310406	GCA_002455995.1	s__Leclercia_adecarboxylata_C	520.9333333	1568.005718	0.02890784475	0.004329004329	9.14846659	3.193529948	NA	314	0.9981831087	2.904357011	-2.498905191	8.885965087	1	1	1	BcgI	NA	fixed	3461931.32	glm	5	False	fraction 0.03 < 0.75; dispersion 1568.01 > 5.0; containment 0.00 < 0.5	-	single enzyme: no cross-enzyme consistency check available
CRR1310406	GCA_002694485.1	s__Brevundimonas_aurantiaca	NA	NA	NA	0.0005464480874	NA	NA	NA	0	NA	NA	NA	NA	0	1	0	-	NA	fixed	NA	none	0	False	containment 0.00 < 0.5; only 0/1 enzymes produced a fit; no PTR estimate	BcgI:only 0 windows after outlier trimming	no enzyme produced a usable estimate
CRR1310406	GCA_002724745.1	s__Herbaspirillum_huttiense	NA	NA	NA	0	NA	NA	NA	0	NA	NA	NA	NA	0	1	0	-	NA	fixed	NA	none	0	False	containment 0.00 < 0.5; only 0/1 enzymes produced a fit; no PTR estimate	BcgI:only 0 windows after outlier trimming	no enzyme produced a usable estimate
CRR1310406	GCA_002727035.1	s__Methylobacterium_fujisawaense	NA	NA	NA	0	NA	NA	NA	0	NA	NA	NA	NA	0	1	0	-	NA	fixed	NA	none	0	False	containment 0.00 < 0.5; only 0/1 enzymes produced a fit; no PTR estimate	BcgI:only 0 windows after outlier trimming	no enzyme produced a usable estimate
CRR1310406	GCA_002890635.1	s__Tannerella_sp002890585	NA	NA	NA	0	NA	NA	NA	0	NA	NA	NA	NA	0	1	0	-	NA	fixed	NA	none	0	False	containment 0.00 < 0.5; only 0/1 enzymes produced a fit; no PTR estimate	BcgI:only 0 windows after outlier trimming	no enzyme produced a usable estimate
CRR1310406	GCA_003241005.1	s__Brachybacterium_muris	NA	NA	NA	0	NA	NA	NA	0	NA	NA	NA	NA	0	1	0	-	NA	fixed	NA	none	0	False	containment 0.00 < 0.5; only 0/1 enzymes produced a fit; no PTR estimate	BcgI:only 0 windows after outlier trimming	no enzyme produced a usable estimate
CRR1310406	GCA_003241315.1	s__Lawsonella_clevelandensis_A	NA	NA	NA	0.006376195537	NA	NA	NA	0	NA	NA	NA	NA	0	1	0	-	NA	fixed	NA	none	0	False	containment 0.01 < 0.5; only 0/1 enzymes produced a fit; no PTR estimate	BcgI:only 2 windows after outlier trimming	no enzyme produced a usable estimate
CRR1310406	GCA_003248485.1	s__QFNR01_sp003248485	NA	NA	NA	0.003215434084	NA	NA	NA	0	NA	NA	NA	NA	0	1	0	-	NA	fixed	NA	none	0	False	containment 0.00 < 0.5; only 0/1 enzymes produced a fit; no PTR estimate	BcgI:only 1 windows after outlier trimming	no enzyme produced a usable estimate
CRR1310406	GCA_003260325.1	s__GN02-872_sp003260325	NA	NA	NA	0.02	NA	NA	NA	0	NA	NA	NA	NA	0	1	0	-	NA	fixed	NA	none	0	False	containment 0.02 < 0.5; only 0/1 enzymes produced a fit; no PTR estimate	BcgI:only 1 windows after outlier trimming	no enzyme produced a usable estimate
CRR1310406	GCA_003260345.1	s__GN02-873_sp003260345	NA	NA	NA	0	NA	NA	NA	0	NA	NA	NA	NA	0	1	0	-	NA	fixed	NA	none	0	False	containment 0.00 < 0.5; only 0/1 enzymes produced a fit; no PTR estimate	BcgI:only 0 windows after outlier trimming	no enzyme produced a usable estimate
CRR1310406	GCA_003260355.1	s__HOT-345_sp003260355	NA	NA	NA	0	NA	NA	NA	0	NA	NA	NA	NA	0	1	0	-	NA	fixed	NA	none	0	False	containment 0.00 < 0.5; only 0/1 enzymes produced a fit; no PTR estimate	BcgI:only 0 windows after outlier trimming	no enzyme produced a usable estimate
CRR1310406	GCA_003469565.1	s__Streptococcus_parasanguinis_C	NA	NA	NA	0.004	NA	NA	NA	0	NA	NA	NA	NA	0	1	0	-	NA	fixed	NA	none	0	False	containment 0.00 < 0.5; only 0/1 enzymes produced a fit; no PTR estimate	BcgI:only 1 windows after outlier trimming	no enzyme produced a usable estimate
CRR1310406	GCA_003476535.1	s__Bradyrhizobium_sp003020075	NA	NA	NA	0	NA	NA	NA	0	NA	NA	NA	NA	0	1	0	-	NA	fixed	NA	none	0	False	containment 0.00 < 0.5; only 0/1 enzymes produced a fit; no PTR estimate	BcgI:only 0 windows after outlier trimming	no enzyme produced a usable estimate
CRR1310406	GCA_003524895.1	s__Muricomes_intestini	NA	NA	NA	0	NA	NA	NA	0	NA	NA	NA	NA	0	1	0	-	NA	fixed	NA	none	0	False	containment 0.00 < 0.5; only 0/1 enzymes produced a fit; no PTR estimate	BcgI:only 0 windows after outlier trimming	no enzyme produced a usable estimate
CRR1310406	GCA_003638725.1	s__Leptotrichia_sp002240055	NA	NA	NA	0	NA	NA	NA	0	NA	NA	NA	NA	0	1	0	-	NA	fixed	NA	none	0	False	containment 0.00 < 0.5; only 0/1 enzymes produced a fit; no PTR estimate	BcgI:only 0 windows after outlier trimming	no enzyme produced a usable estimate
CRR1310406	GCA_003639045.1	s__Pauljensenia_hongkongensis	NA	NA	NA	0	NA	NA	NA	0	NA	NA	NA	NA	0	1	0	-	NA	fixed	NA	none	0	False	containment 0.00 < 0.5; only 0/1 enzymes produced a fit; no PTR estimate	BcgI:only 0 windows after outlier trimming	no enzyme produced a usable estimate
CRR1310406	GCA_003640335.1	s__Porphyromonas_sp003640335	NA	NA	NA	0	NA	NA	NA	0	NA	NA	NA	NA	0	1	0	-	NA	fixed	NA	none	0	False	containment 0.00 < 0.5; only 0/1 enzymes produced a fit; no PTR estimate	BcgI:only 0 windows after outlier trimming	no enzyme produced a usable estimate
CRR1310406	GCA_003862175.1	s__UBA7748_sp003862175	NA	NA	NA	0	NA	NA	NA	0	NA	NA	NA	NA	0	1	0	-	NA	fixed	NA	none	0	False	containment 0.00 < 0.5; only 0/1 enzymes produced a fit; no PTR estimate	BcgI:only 0 windows after outlier trimming	no enzyme produced a usable estimate
CRR1310406	GCA_003862265.1	s__Limosilactobacillus_mucosae	NA	NA	NA	0	NA	NA	NA	0	NA	NA	NA	NA	0	1	0	-	NA	fixed	NA	none	0	False	containment 0.00 < 0.5; only 0/1 enzymes produced a fit; no PTR estimate	BcgI:only 0 windows after outlier trimming	no enzyme produced a usable estimate
CRR1310406	GCA_003963075.1	s__Pelomonas_sp003963075	NA	NA	NA	0	NA	NA	NA	0	NA	NA	NA	NA	0	1	0	-	NA	fixed	NA	none	0	False	containment 0.00 < 0.5; only 0/1 enzymes produced a fit; no PTR estimate	BcgI:only 0 windows after outlier trimming	no enzyme produced a usable estimate
CRR1310406	GCA_003963115.1	s__Aquabacterium_sp003963115	NA	NA	NA	0	NA	NA	NA	0	NA	NA	NA	NA	0	1	0	-	NA	fixed	NA	none	0	False	containment 0.00 < 0.5; only 0/1 enzymes produced a fit; no PTR estimate	BcgI:only 0 windows after outlier trimming	no enzyme produced a usable estimate
CRR1310406	GCA_004297045.1	s__Bosea_sp900156025	NA	NA	NA	0	NA	NA	NA	0	NA	NA	NA	NA	0	1	0	-	NA	fixed	NA	none	0	False	containment 0.00 < 0.5; only 0/1 enzymes produced a fit; no PTR estimate	BcgI:only 0 windows after outlier trimming	no enzyme produced a usable estimate
CRR1310406	GCA_004297605.1	s__Aquabacterium_sp004322345	NA	NA	NA	0	NA	NA	NA	0	NA	NA	NA	NA	0	1	0	-	NA	fixed	NA	none	0	False	containment 0.00 < 0.5; only 0/1 enzymes produced a fit; no PTR estimate	BcgI:only 0 windows after outlier trimming	no enzyme produced a usable estimate
CRR1310406	GCA_004555055.1	s__F0040_sp004555055	NA	NA	NA	0	NA	NA	NA	0	NA	NA	NA	NA	0	1	0	-	NA	fixed	NA	none	0	False	containment 0.00 < 0.5; only 0/1 enzymes produced a fit; no PTR estimate	BcgI:only 0 windows after outlier trimming	no enzyme produced a usable estimate
CRR1310406	GCA_005768775.1	s__Gemella_haemolysans_B	NA	NA	NA	0	NA	NA	NA	0	NA	NA	NA	NA	0	1	0	-	NA	fixed	NA	none	0	False	containment 0.00 < 0.5; only 0/1 enzymes produced a fit; no PTR estimate	BcgI:only 0 windows after outlier trimming	no enzyme produced a usable estimate
CRR1310406	GCA_009830425.1	s__Staphylococcus_A_sciuri	NA	NA	NA	0.002309468822	NA	NA	NA	0	NA	NA	NA	NA	0	1	0	-	NA	fixed	NA	none	0	False	containment 0.00 < 0.5; only 0/1 enzymes produced a fit; no PTR estimate	BcgI:only 1 windows after outlier trimming	no enzyme produced a usable estimate
CRR1310406	GCA_009923995.1	s__Janthinobacterium_sp009923995	NA	NA	NA	0	NA	NA	NA	0	NA	NA	NA	NA	0	1	0	-	NA	fixed	NA	none	0	False	containment 0.00 < 0.5; only 0/1 enzymes produced a fit; no PTR estimate	BcgI:only 0 windows after outlier trimming	no enzyme produced a usable estimate
CRR1310406	GCA_012512005.1	s__T78_sp002411175	NA	NA	NA	0	NA	NA	NA	0	NA	NA	NA	NA	0	1	0	-	NA	fixed	NA	none	0	False	containment 0.00 < 0.5; only 0/1 enzymes produced a fit; no PTR estimate	BcgI:only 0 windows after outlier trimming	no enzyme produced a usable estimate
CRR1310406	GCA_012518595.1	s__UBA4971_sp012518595	NA	NA	NA	0	NA	NA	NA	0	NA	NA	NA	NA	0	1	0	-	NA	fixed	NA	none	0	False	containment 0.00 < 0.5; only 0/1 enzymes produced a fit; no PTR estimate	BcgI:only 0 windows after outlier trimming	no enzyme produced a usable estimate
CRR1310406	GCA_012519495.1	s__JAAYQA01_sp012519495	NA	NA	NA	0	NA	NA	NA	0	NA	NA	NA	NA	0	1	0	-	NA	fixed	NA	none	0	False	containment 0.00 < 0.5; only 0/1 enzymes produced a fit; no PTR estimate	BcgI:only 0 windows after outlier trimming	no enzyme produced a usable estimate
CRR1310406	GCA_012728535.1	s__DTU032_sp012728535	NA	NA	NA	0	NA	NA	NA	0	NA	NA	NA	NA	0	1	0	-	NA	fixed	NA	none	0	False	containment 0.00 < 0.5; only 0/1 enzymes produced a fit; no PTR estimate	BcgI:only 0 windows after outlier trimming	no enzyme produced a usable estimate
CRR1310406	GCA_012799365.1	s__JAAZLJ01_sp012799365	NA	NA	NA	0	NA	NA	NA	0	NA	NA	NA	NA	0	1	0	-	NA	fixed	NA	none	0	False	containment 0.00 < 0.5; only 0/1 enzymes produced a fit; no PTR estimate	BcgI:only 0 windows after outlier trimming	no enzyme produced a usable estimate
CRR1310406	GCA_012840585.1	s__UBA3913_sp002391425	NA	NA	NA	0	NA	NA	NA	0	NA	NA	NA	NA	0	1	0	-	NA	fixed	NA	none	0	False	containment 0.00 < 0.5; only 0/1 enzymes produced a fit; no PTR estimate	BcgI:only 0 windows after outlier trimming	no enzyme produced a usable estimate
CRR1310406	GCA_013152425.1	s__Ralstonia_sp001078575	NA	NA	NA	0.0007125044532	NA	NA	NA	0	NA	NA	NA	NA	0	1	0	-	NA	fixed	NA	none	0	False	containment 0.00 < 0.5; only 0/1 enzymes produced a fit; no PTR estimate	BcgI:only 3 windows after outlier trimming	no enzyme produced a usable estimate
CRR1310406	GCA_013332525.2	s__GN02-873_sp013332525	NA	NA	NA	0	NA	NA	NA	0	NA	NA	NA	NA	0	1	0	-	NA	fixed	NA	none	0	False	containment 0.00 < 0.5; only 0/1 enzymes produced a fit; no PTR estimate	BcgI:only 0 windows after outlier trimming	no enzyme produced a usable estimate
CRR1310406	GCA_013332955.2	s__UBA2866_sp013332955	NA	NA	NA	0	NA	NA	NA	0	NA	NA	NA	NA	0	1	0	-	NA	fixed	NA	none	0	False	containment 0.00 < 0.5; only 0/1 enzymes produced a fit; no PTR estimate	BcgI:only 0 windows after outlier trimming	no enzyme produced a usable estimate
CRR1310406	GCA_013332965.2	s__UBA2866_sp013332965	NA	NA	NA	0	NA	NA	NA	0	NA	NA	NA	NA	0	1	0	-	NA	fixed	NA	none	0	False	containment 0.00 < 0.5; only 0/1 enzymes produced a fit; no PTR estimate	BcgI:only 0 windows after outlier trimming	no enzyme produced a usable estimate
CRR1310406	GCA_013333035.2	s__CAG-793_sp013333035	NA	NA	NA	0	NA	NA	NA	0	NA	NA	NA	NA	0	1	0	-	NA	fixed	NA	none	0	False	containment 0.00 < 0.5; only 0/1 enzymes produced a fit; no PTR estimate	BcgI:only 0 windows after outlier trimming	no enzyme produced a usable estimate
CRR1310406	GCA_013333075.2	s__Prevotella_sp013333285	NA	NA	NA	0	NA	NA	NA	0	NA	NA	NA	NA	0	1	0	-	NA	fixed	NA	none	0	False	containment 0.00 < 0.5; only 0/1 enzymes produced a fit; no PTR estimate	BcgI:only 0 windows after outlier trimming	no enzyme produced a usable estimate
CRR1310406	GCA_013333105.2	s__JABCPO02_sp013333105	NA	NA	NA	0	NA	NA	NA	0	NA	NA	NA	NA	0	1	0	-	NA	fixed	NA	none	0	False	containment 0.00 < 0.5; only 0/1 enzymes produced a fit; no PTR estimate	BcgI:only 0 windows after outlier trimming	no enzyme produced a usable estimate
CRR1310406	GCA_013333135.2	s__UBA2866_sp013333135	NA	NA	NA	0	NA	NA	NA	0	NA	NA	NA	NA	0	1	0	-	NA	fixed	NA	none	0	False	containment 0.00 < 0.5; only 0/1 enzymes produced a fit; no PTR estimate	BcgI:only 0 windows after outlier trimming	no enzyme produced a usable estimate
CRR1310406	GCA_013333165.2	s__JABCPG02_sp013333195	NA	NA	NA	0	NA	NA	NA	0	NA	NA	NA	NA	0	1	0	-	NA	fixed	NA	none	0	False	containment 0.00 < 0.5; only 0/1 enzymes produced a fit; no PTR estimate	BcgI:only 0 windows after outlier trimming	no enzyme produced a usable estimate
CRR1310406	GCA_013333235.2	s__JABCPH02_sp013333235	NA	NA	NA	0	NA	NA	NA	0	NA	NA	NA	NA	0	1	0	-	NA	fixed	NA	none	0	False	containment 0.00 < 0.5; only 0/1 enzymes produced a fit; no PTR estimate	BcgI:only 0 windows after outlier trimming	no enzyme produced a usable estimate
CRR1310406	GCA_013333295.2	s__HOT-345_sp013333295	NA	NA	NA	0	NA	NA	NA	0	NA	NA	NA	NA	0	1	0	-	NA	fixed	NA	none	0	False	containment 0.00 < 0.5; only 0/1 enzymes produced a fit; no PTR estimate	BcgI:only 0 windows after outlier trimming	no enzyme produced a usable estimate
CRR1310406	GCA_013333375.2	s__UBA2866_sp013333375	NA	NA	NA	0	NA	NA	NA	0	NA	NA	NA	NA	0	1	0	-	NA	fixed	NA	none	0	False	containment 0.00 < 0.5; only 0/1 enzymes produced a fit; no PTR estimate	BcgI:only 0 windows after outlier trimming	no enzyme produced a usable estimate
CRR1310406	GCA_013333395.2	s__CAG-793_sp013333395	NA	NA	NA	0	NA	NA	NA	0	NA	NA	NA	NA	0	1	0	-	NA	fixed	NA	none	0	False	containment 0.00 < 0.5; only 0/1 enzymes produced a fit; no PTR estimate	BcgI:only 0 windows after outlier trimming	no enzyme produced a usable estimate
CRR1310406	GCA_013333405.2	s__UMGS1907_sp013333405	NA	NA	NA	0	NA	NA	NA	0	NA	NA	NA	NA	0	1	0	-	NA	fixed	NA	none	0	False	containment 0.00 < 0.5; only 0/1 enzymes produced a fit; no PTR estimate	BcgI:only 0 windows after outlier trimming	no enzyme produced a usable estimate
CRR1310406	GCA_013333425.2	s__Mogibacterium_diversum	NA	NA	NA	0	NA	NA	NA	0	NA	NA	NA	NA	0	1	0	-	NA	fixed	NA	none	0	False	containment 0.00 < 0.5; only 0/1 enzymes produced a fit; no PTR estimate	BcgI:only 0 windows after outlier trimming	no enzyme produced a usable estimate
CRR1310406	GCA_013333485.2	s__Saccharimonas_sp010202265	NA	NA	NA	0	NA	NA	NA	0	NA	NA	NA	NA	0	1	0	-	NA	fixed	NA	none	0	False	containment 0.00 < 0.5; only 0/1 enzymes produced a fit; no PTR estimate	BcgI:only 0 windows after outlier trimming	no enzyme produced a usable estimate
CRR1310406	GCA_013333495.2	s__TM7x_sp013333495	NA	NA	NA	0	NA	NA	NA	0	NA	NA	NA	NA	0	1	0	-	NA	fixed	NA	none	0	False	containment 0.00 < 0.5; only 0/1 enzymes produced a fit; no PTR estimate	BcgI:only 0 windows after outlier trimming	no enzyme produced a usable estimate
CRR1310406	GCA_013333505.2	s__JABCPE02_sp013333255	NA	NA	NA	0	NA	NA	NA	0	NA	NA	NA	NA	0	1	0	-	NA	fixed	NA	none	0	False	containment 0.00 < 0.5; only 0/1 enzymes produced a fit; no PTR estimate	BcgI:only 0 windows after outlier trimming	no enzyme produced a usable estimate
CRR1310406	GCA_013333515.2	s__UBA1103_sp013333515	NA	NA	NA	0	NA	NA	NA	0	NA	NA	NA	NA	0	1	0	-	NA	fixed	NA	none	0	False	containment 0.00 < 0.5; only 0/1 enzymes produced a fit; no PTR estimate	BcgI:only 0 windows after outlier trimming	no enzyme produced a usable estimate
CRR1310406	GCA_013333595.2	s__SDRW01_sp013333595	NA	NA	NA	0	NA	NA	NA	0	NA	NA	NA	NA	0	1	0	-	NA	fixed	NA	none	0	False	containment 0.00 < 0.5; only 0/1 enzymes produced a fit; no PTR estimate	BcgI:only 0 windows after outlier trimming	no enzyme produced a usable estimate
CRR1310406	GCA_013333605.2	s__HOT-345_sp013333605	NA	NA	NA	0	NA	NA	NA	0	NA	NA	NA	NA	0	1	0	-	NA	fixed	NA	none	0	False	containment 0.00 < 0.5; only 0/1 enzymes produced a fit; no PTR estimate	BcgI:only 0 windows after outlier trimming	no enzyme produced a usable estimate
CRR1310406	GCA_013333625.2	s__Saccharimonas_sp013333625	NA	NA	NA	0	NA	NA	NA	0	NA	NA	NA	NA	0	1	0	-	NA	fixed	NA	none	0	False	containment 0.00 < 0.5; only 0/1 enzymes produced a fit; no PTR estimate	BcgI:only 0 windows after outlier trimming	no enzyme produced a usable estimate
CRR1310406	GCA_013333645.2	s__Saccharimonas_sp013333645	NA	NA	NA	0	NA	NA	NA	0	NA	NA	NA	NA	0	1	0	-	NA	fixed	NA	none	0	False	containment 0.00 < 0.5; only 0/1 enzymes produced a fit; no PTR estimate	BcgI:only 0 windows after outlier trimming	no enzyme produced a usable estimate
CRR1310406	GCA_013333675.2	s__Saccharimonas_sp013333675	NA	NA	NA	0	NA	NA	NA	0	NA	NA	NA	NA	0	1	0	-	NA	fixed	NA	none	0	False	containment 0.00 < 0.5; only 0/1 enzymes produced a fit; no PTR estimate	BcgI:only 0 windows after outlier trimming	no enzyme produced a usable estimate
CRR1310406	GCA_013333695.2	s__TM7x_sp013333695	NA	NA	NA	0	NA	NA	NA	0	NA	NA	NA	NA	0	1	0	-	NA	fixed	NA	none	0	False	containment 0.00 < 0.5; only 0/1 enzymes produced a fit; no PTR estimate	BcgI:only 0 windows after outlier trimming	no enzyme produced a usable estimate
CRR1310406	GCA_013333755.2	s__GN02-872_sp002761215	NA	NA	NA	0	NA	NA	NA	0	NA	NA	NA	NA	0	1	0	-	NA	fixed	NA	none	0	False	containment 0.00 < 0.5; only 0/1 enzymes produced a fit; no PTR estimate	BcgI:only 0 windows after outlier trimming	no enzyme produced a usable estimate
CRR1310406	GCA_013333795.2	s__Saccharimonas_sp013333795	NA	NA	NA	0	NA	NA	NA	0	NA	NA	NA	NA	0	1	0	-	NA	fixed	NA	none	0	False	containment 0.00 < 0.5; only 0/1 enzymes produced a fit; no PTR estimate	BcgI:only 0 windows after outlier trimming	no enzyme produced a usable estimate
CRR1310406	GCA_013333815.2	s__SDRW01_sp007845485	NA	NA	NA	0	NA	NA	NA	0	NA	NA	NA	NA	0	1	0	-	NA	fixed	NA	none	0	False	containment 0.00 < 0.5; only 0/1 enzymes produced a fit; no PTR estimate	BcgI:only 0 windows after outlier trimming	no enzyme produced a usable estimate
CRR1310406	GCA_013333835.2	s__Bacteroides_D_sp013333835	NA	NA	NA	0	NA	NA	NA	0	NA	NA	NA	NA	0	1	0	-	NA	fixed	NA	none	0	False	containment 0.00 < 0.5; only 0/1 enzymes produced a fit; no PTR estimate	BcgI:only 0 windows after outlier trimming	no enzyme produced a usable estimate
CRR1310406	GCA_013333845.2	s__Saccharimonas_sp013333845	NA	NA	NA	0	NA	NA	NA	0	NA	NA	NA	NA	0	1	0	-	NA	fixed	NA	none	0	False	containment 0.00 < 0.5; only 0/1 enzymes produced a fit; no PTR estimate	BcgI:only 0 windows after outlier trimming	no enzyme produced a usable estimate
CRR1310406	GCA_013333875.2	s__JABCPE02_sp013333875	NA	NA	NA	0	NA	NA	NA	0	NA	NA	NA	NA	0	1	0	-	NA	fixed	NA	none	0	False	containment 0.00 < 0.5; only 0/1 enzymes produced a fit; no PTR estimate	BcgI:only 0 windows after outlier trimming	no enzyme produced a usable estimate
CRR1310406	GCA_013333895.2	s__Arachnia_sp013333735	NA	NA	NA	0	NA	NA	NA	0	NA	NA	NA	NA	0	1	0	-	NA	fixed	NA	none	0	False	containment 0.00 < 0.5; only 0/1 enzymes produced a fit; no PTR estimate	BcgI:only 0 windows after outlier trimming	no enzyme produced a usable estimate
CRR1310406	GCA_013333935.1	s__Prevotella_sp013333935	NA	NA	NA	0	NA	NA	NA	0	NA	NA	NA	NA	0	1	0	-	NA	fixed	NA	none	0	False	containment 0.00 < 0.5; only 0/1 enzymes produced a fit; no PTR estimate	BcgI:only 0 windows after outlier trimming	no enzyme produced a usable estimate
CRR1310406	GCA_013333945.2	s__Arachnia_sp013333945	NA	NA	NA	0	NA	NA	NA	0	NA	NA	NA	NA	0	1	0	-	NA	fixed	NA	none	0	False	containment 0.00 < 0.5; only 0/1 enzymes produced a fit; no PTR estimate	BcgI:only 0 windows after outlier trimming	no enzyme produced a usable estimate
CRR1310406	GCA_014467095.1	s__Streptococcus_mitis_K	NA	NA	NA	0	NA	NA	NA	0	NA	NA	NA	NA	0	1	0	-	NA	fixed	NA	none	0	False	containment 0.00 < 0.5; only 0/1 enzymes produced a fit; no PTR estimate	BcgI:only 0 windows after outlier trimming	no enzyme produced a usable estimate
CRR1310406	GCA_900066305.1	s__UBA1191_sp900066305	NA	NA	NA	0	NA	NA	NA	0	NA	NA	NA	NA	0	1	0	-	NA	fixed	NA	none	0	False	containment 0.00 < 0.5; only 0/1 enzymes produced a fit; no PTR estimate	BcgI:only 0 windows after outlier trimming	no enzyme produced a usable estimate
CRR1310406	GCA_900167215.1	s__Peptoanaerobacter_yurii	NA	NA	NA	0	NA	NA	NA	0	NA	NA	NA	NA	0	1	0	-	NA	fixed	NA	none	0	False	containment 0.00 < 0.5; only 0/1 enzymes produced a fit; no PTR estimate	BcgI:only 0 windows after outlier trimming	no enzyme produced a usable estimate
CRR1310406	GCA_900299135.1	s__Trueperella_pyogenes	NA	NA	NA	0	NA	NA	NA	0	NA	NA	NA	NA	0	1	0	-	NA	fixed	NA	none	0	False	containment 0.00 < 0.5; only 0/1 enzymes produced a fit; no PTR estimate	BcgI:only 0 windows after outlier trimming	no enzyme produced a usable estimate
CRR1310406	GCA_900453905.1	s__Neisseria_flavescens	NA	NA	NA	0	NA	NA	NA	0	NA	NA	NA	NA	0	1	0	-	NA	fixed	NA	none	0	False	containment 0.00 < 0.5; only 0/1 enzymes produced a fit; no PTR estimate	BcgI:only 0 windows after outlier trimming	no enzyme produced a usable estimate
CRR1310406	GCA_900538345.1	s__Veillonella_tobetsuensis	NA	NA	NA	0	NA	NA	NA	0	NA	NA	NA	NA	0	1	0	-	NA	fixed	NA	none	0	False	containment 0.00 < 0.5; only 0/1 enzymes produced a fit; no PTR estimate	BcgI:only 0 windows after outlier trimming	no enzyme produced a usable estimate
CRR1310406	GCA_900538355.1	s__Veillonella_sp900538355	NA	NA	NA	0	NA	NA	NA	0	NA	NA	NA	NA	0	1	0	-	NA	fixed	NA	none	0	False	containment 0.00 < 0.5; only 0/1 enzymes produced a fit; no PTR estimate	BcgI:only 0 windows after outlier trimming	no enzyme produced a usable estimate
CRR1310406	GCA_900539315.1	s__Granulicatella_sp001058355	NA	NA	NA	0	NA	NA	NA	0	NA	NA	NA	NA	0	1	0	-	NA	fixed	NA	none	0	False	containment 0.00 < 0.5; only 0/1 enzymes produced a fit; no PTR estimate	BcgI:only 0 windows after outlier trimming	no enzyme produced a usable estimate
CRR1310406	GCA_900539505.1	s__Campylobacter_B_sp900539505	NA	NA	NA	0	NA	NA	NA	0	NA	NA	NA	NA	0	1	0	-	NA	fixed	NA	none	0	False	containment 0.00 < 0.5; only 0/1 enzymes produced a fit; no PTR estimate	BcgI:only 0 windows after outlier trimming	no enzyme produced a usable estimate
CRR1310406	GCA_900539555.1	s__Streptococcus_mitis_BB	NA	NA	NA	0	NA	NA	NA	0	NA	NA	NA	NA	0	1	0	-	NA	fixed	NA	none	0	False	containment 0.00 < 0.5; only 0/1 enzymes produced a fit; no PTR estimate	BcgI:only 0 windows after outlier trimming	no enzyme produced a usable estimate
CRR1310406	GCA_900539805.1	s__Phyllobacterium_sp900539805	NA	NA	NA	0.000340773556	NA	NA	NA	0	NA	NA	NA	NA	0	1	0	-	NA	fixed	NA	none	0	False	containment 0.00 < 0.5; only 0/1 enzymes produced a fit; no PTR estimate	BcgI:only 0 windows after outlier trimming	no enzyme produced a usable estimate
CRR1310406	GCA_900540375.1	s__Prevotella_sp900540375	NA	NA	NA	0	NA	NA	NA	0	NA	NA	NA	NA	0	1	0	-	NA	fixed	NA	none	0	False	containment 0.00 < 0.5; only 0/1 enzymes produced a fit; no PTR estimate	BcgI:only 0 windows after outlier trimming	no enzyme produced a usable estimate
CRR1310406	GCA_900540565.1	s__Pauljensenia_sp001838165	NA	NA	NA	0	NA	NA	NA	0	NA	NA	NA	NA	0	1	0	-	NA	fixed	NA	none	0	False	containment 0.00 < 0.5; only 0/1 enzymes produced a fit; no PTR estimate	BcgI:only 0 windows after outlier trimming	no enzyme produced a usable estimate
CRR1310406	GCA_900541895.1	s__Pauljensenia_sp900541895	NA	NA	NA	0	NA	NA	NA	0	NA	NA	NA	NA	0	1	0	-	NA	fixed	NA	none	0	False	containment 0.00 < 0.5; only 0/1 enzymes produced a fit; no PTR estimate	BcgI:only 0 windows after outlier trimming	no enzyme produced a usable estimate
CRR1310406	GCA_900542465.1	s__UBA4285_sp900542465	NA	NA	NA	0	NA	NA	NA	0	NA	NA	NA	NA	0	1	0	-	NA	fixed	NA	none	0	False	containment 0.00 < 0.5; only 0/1 enzymes produced a fit; no PTR estimate	BcgI:only 0 windows after outlier trimming	no enzyme produced a usable estimate
CRR1310406	GCA_900546865.1	s__Rothia_terrae	NA	NA	NA	0	NA	NA	NA	0	NA	NA	NA	NA	0	1	0	-	NA	fixed	NA	none	0	False	containment 0.00 < 0.5; only 0/1 enzymes produced a fit; no PTR estimate	BcgI:only 0 windows after outlier trimming	no enzyme produced a usable estimate
CRR1310406	GCA_900549805.1	s__Veillonella_sp900549805	NA	NA	NA	0	NA	NA	NA	0	NA	NA	NA	NA	0	1	0	-	NA	fixed	NA	none	0	False	containment 0.00 < 0.5; only 0/1 enzymes produced a fit; no PTR estimate	BcgI:only 0 windows after outlier trimming	no enzyme produced a usable estimate
CRR1310406	GCA_900549845.1	s__Veillonella_sp900549845	NA	NA	NA	0	NA	NA	NA	0	NA	NA	NA	NA	0	1	0	-	NA	fixed	NA	none	0	False	containment 0.00 < 0.5; only 0/1 enzymes produced a fit; no PTR estimate	BcgI:only 0 windows after outlier trimming	no enzyme produced a usable estimate
CRR1310406	GCA_900550175.1	s__Veillonella_sp900550175	NA	NA	NA	0	NA	NA	NA	0	NA	NA	NA	NA	0	1	0	-	NA	fixed	NA	none	0	False	containment 0.00 < 0.5; only 0/1 enzymes produced a fit; no PTR estimate	BcgI:only 0 windows after outlier trimming	no enzyme produced a usable estimate
CRR1310406	GCA_900550455.1	s__Veillonella_sp900550455	NA	NA	NA	0	NA	NA	NA	0	NA	NA	NA	NA	0	1	0	-	NA	fixed	NA	none	0	False	containment 0.00 < 0.5; only 0/1 enzymes produced a fit; no PTR estimate	BcgI:only 0 windows after outlier trimming	no enzyme produced a usable estimate
CRR1310406	GCA_900551535.1	s__Granulicatella_sp900551535	NA	NA	NA	0	NA	NA	NA	0	NA	NA	NA	NA	0	1	0	-	NA	fixed	NA	none	0	False	containment 0.00 < 0.5; only 0/1 enzymes produced a fit; no PTR estimate	BcgI:only 0 windows after outlier trimming	no enzyme produced a usable estimate
CRR1310406	GCA_900552445.1	s__Veillonella_sp900552445	NA	NA	NA	0	NA	NA	NA	0	NA	NA	NA	NA	0	1	0	-	NA	fixed	NA	none	0	False	containment 0.00 < 0.5; only 0/1 enzymes produced a fit; no PTR estimate	BcgI:only 0 windows after outlier trimming	no enzyme produced a usable estimate
CRR1310406	GCA_900552715.1	s__Veillonella_sp900552715	NA	NA	NA	0	NA	NA	NA	0	NA	NA	NA	NA	0	1	0	-	NA	fixed	NA	none	0	False	containment 0.00 < 0.5; only 0/1 enzymes produced a fit; no PTR estimate	BcgI:only 0 windows after outlier trimming	no enzyme produced a usable estimate
CRR1310406	GCA_900554555.1	s__Bulleidia_sp900554555	NA	NA	NA	0	NA	NA	NA	0	NA	NA	NA	NA	0	1	0	-	NA	fixed	NA	none	0	False	containment 0.00 < 0.5; only 0/1 enzymes produced a fit; no PTR estimate	BcgI:only 0 windows after outlier trimming	no enzyme produced a usable estimate
CRR1310406	GCA_900554605.1	s__Pauljensenia_sp900554605	NA	NA	NA	0	NA	NA	NA	0	NA	NA	NA	NA	0	1	0	-	NA	fixed	NA	none	0	False	containment 0.00 < 0.5; only 0/1 enzymes produced a fit; no PTR estimate	BcgI:only 0 windows after outlier trimming	no enzyme produced a usable estimate
CRR1310406	GCA_900555155.1	s__Streptococcus_sp900555155	NA	NA	NA	0	NA	NA	NA	0	NA	NA	NA	NA	0	1	0	-	NA	fixed	NA	none	0	False	containment 0.00 < 0.5; only 0/1 enzymes produced a fit; no PTR estimate	BcgI:only 0 windows after outlier trimming	no enzyme produced a usable estimate
CRR1310406	GCA_900555245.1	s__Dialister_sp900555245	NA	NA	NA	0.01005025126	NA	NA	NA	0	NA	NA	NA	NA	0	1	0	-	NA	fixed	NA	none	0	False	containment 0.01 < 0.5; only 0/1 enzymes produced a fit; no PTR estimate	BcgI:only 2 windows after outlier trimming	no enzyme produced a usable estimate
CRR1310406	GCA_900555335.1	s__Lancefieldella_sp900555335	NA	NA	NA	0	NA	NA	NA	0	NA	NA	NA	NA	0	1	0	-	NA	fixed	NA	none	0	False	containment 0.00 < 0.5; only 0/1 enzymes produced a fit; no PTR estimate	BcgI:only 0 windows after outlier trimming	no enzyme produced a usable estimate
CRR1310406	GCA_900555945.1	s__UMGS1907_sp900555945	NA	NA	NA	0	NA	NA	NA	0	NA	NA	NA	NA	0	1	0	-	NA	fixed	NA	none	0	False	containment 0.00 < 0.5; only 0/1 enzymes produced a fit; no PTR estimate	BcgI:only 0 windows after outlier trimming	no enzyme produced a usable estimate
CRR1310406	GCA_900555985.1	s__Gemella_sp900555985	NA	NA	NA	0	NA	NA	NA	0	NA	NA	NA	NA	0	1	0	-	NA	fixed	NA	none	0	False	containment 0.00 < 0.5; only 0/1 enzymes produced a fit; no PTR estimate	BcgI:only 0 windows after outlier trimming	no enzyme produced a usable estimate
CRR1310406	GCA_900556165.1	s__UMGS1907_sp900556165	NA	NA	NA	0	NA	NA	NA	0	NA	NA	NA	NA	0	1	0	-	NA	fixed	NA	none	0	False	containment 0.00 < 0.5; only 0/1 enzymes produced a fit; no PTR estimate	BcgI:only 0 windows after outlier trimming	no enzyme produced a usable estimate
CRR1310406	GCA_900556405.1	s__Pauljensenia_sp900556405	NA	NA	NA	0	NA	NA	NA	0	NA	NA	NA	NA	0	1	0	-	NA	fixed	NA	none	0	False	containment 0.00 < 0.5; only 0/1 enzymes produced a fit; no PTR estimate	BcgI:only 0 windows after outlier trimming	no enzyme produced a usable estimate
CRR1310406	GCA_900556785.1	s__Veillonella_sp900556785	NA	NA	NA	0	NA	NA	NA	0	NA	NA	NA	NA	0	1	0	-	NA	fixed	NA	none	0	False	containment 0.00 < 0.5; only 0/1 enzymes produced a fit; no PTR estimate	BcgI:only 0 windows after outlier trimming	no enzyme produced a usable estimate
CRR1310406	GCA_900557325.1	s__Streptococcus_rubneri	NA	NA	NA	0	NA	NA	NA	0	NA	NA	NA	NA	0	1	0	-	NA	fixed	NA	none	0	False	containment 0.00 < 0.5; only 0/1 enzymes produced a fit; no PTR estimate	BcgI:only 0 windows after outlier trimming	no enzyme produced a usable estimate
CRR1310406	GCA_900755085.1	s__Streptococcus_sp900755085	NA	NA	NA	0	NA	NA	NA	0	NA	NA	NA	NA	0	1	0	-	NA	fixed	NA	none	0	False	containment 0.00 < 0.5; only 0/1 enzymes produced a fit; no PTR estimate	BcgI:only 0 windows after outlier trimming	no enzyme produced a usable estimate
CRR1310406	GCA_900755465.1	s__Rothia_sp902373285	NA	NA	NA	0.002079002079	NA	NA	NA	0	NA	NA	NA	NA	0	1	0	-	NA	fixed	NA	none	0	False	containment 0.00 < 0.5; only 0/1 enzymes produced a fit; no PTR estimate	BcgI:only 3 windows after outlier trimming	no enzyme produced a usable estimate
CRR1310406	GCA_900755475.1	s__Streptococcus_sp900543065	NA	NA	NA	0.002433090024	NA	NA	NA	0	NA	NA	NA	NA	0	1	0	-	NA	fixed	NA	none	0	False	containment 0.00 < 0.5; only 0/1 enzymes produced a fit; no PTR estimate	BcgI:only 1 windows after outlier trimming	no enzyme produced a usable estimate
CRR1310406	GCA_900757715.1	s__Veillonella_sp900757715	NA	NA	NA	0.007281553398	NA	NA	NA	0	NA	NA	NA	NA	0	1	0	-	NA	fixed	NA	none	0	False	containment 0.01 < 0.5; only 0/1 enzymes produced a fit; no PTR estimate	BcgI:only 2 windows after outlier trimming	no enzyme produced a usable estimate
CRR1310406	GCA_900758605.1	s__Bacteroides_sp900552405	515.6826177	212.6303303	0.6969246032	0.0168101681	9.509525197	3.24937331	NA	82	0.9999954716	2.267832597	-1.195496903	7.694243524	1	1	1	BcgI	NA	fixed	3437663.642	glm	20	False	fraction 0.70 < 0.75; dispersion 212.63 > 5.0; containment 0.02 < 0.5	-	single enzyme: no cross-enzyme consistency check available
CRR1310406	GCA_900759325.1	s__Peptostreptococcus_sp900759325	NA	NA	NA	0	NA	NA	NA	0	NA	NA	NA	NA	0	1	0	-	NA	fixed	NA	none	0	False	containment 0.00 < 0.5; only 0/1 enzymes produced a fit; no PTR estimate	BcgI:only 0 windows after outlier trimming	no enzyme produced a usable estimate
CRR1310406	GCA_900765235.1	s__Veillonella_sp900765235	NA	NA	NA	0	NA	NA	NA	0	NA	NA	NA	NA	0	1	0	-	NA	fixed	NA	none	0	False	containment 0.00 < 0.5; only 0/1 enzymes produced a fit; no PTR estimate	BcgI:only 0 windows after outlier trimming	no enzyme produced a usable estimate
CRR1310406	GCA_900766125.1	s__Veillonella_sp900766125	NA	NA	NA	0	NA	NA	NA	0	NA	NA	NA	NA	0	1	0	-	NA	fixed	NA	none	0	False	containment 0.00 < 0.5; only 0/1 enzymes produced a fit; no PTR estimate	BcgI:only 0 windows after outlier trimming	no enzyme produced a usable estimate
CRR1310406	GCA_900766185.1	s__Johnsonella_sp900766185	NA	NA	NA	0	NA	NA	NA	0	NA	NA	NA	NA	0	1	0	-	NA	fixed	NA	none	0	False	containment 0.00 < 0.5; only 0/1 enzymes produced a fit; no PTR estimate	BcgI:only 0 windows after outlier trimming	no enzyme produced a usable estimate
CRR1310406	GCA_900766305.1	s__Gemella_sp900766305	NA	NA	NA	0	NA	NA	NA	0	NA	NA	NA	NA	0	1	0	-	NA	fixed	NA	none	0	False	containment 0.00 < 0.5; only 0/1 enzymes produced a fit; no PTR estimate	BcgI:only 0 windows after outlier trimming	no enzyme produced a usable estimate
CRR1310406	GCA_900766345.1	s__Corynebacterium_sp900539985	NA	NA	NA	0.002798507463	NA	NA	NA	0	NA	NA	NA	NA	0	1	0	-	NA	fixed	NA	none	0	False	containment 0.00 < 0.5; only 0/1 enzymes produced a fit; no PTR estimate	BcgI:only 3 windows after outlier trimming	no enzyme produced a usable estimate
CRR1310406	GCA_900766415.1	s__Veillonella_sp009929605	NA	NA	NA	0.00176056338	NA	NA	NA	0	NA	NA	NA	NA	0	1	0	-	NA	fixed	NA	none	0	False	containment 0.00 < 0.5; only 0/1 enzymes produced a fit; no PTR estimate	BcgI:only 0 windows after outlier trimming	no enzyme produced a usable estimate
CRR1310406	GCA_901420285.1	s__Rodentibacter_sp901420285	NA	NA	NA	0	NA	NA	NA	0	NA	NA	NA	NA	0	1	0	-	NA	fixed	NA	none	0	False	containment 0.00 < 0.5; only 0/1 enzymes produced a fit; no PTR estimate	BcgI:only 0 windows after outlier trimming	no enzyme produced a usable estimate
CRR1310406	GCA_902373375.1	s__Lancefieldella_sp902373375	NA	NA	NA	0	NA	NA	NA	0	NA	NA	NA	NA	0	1	0	-	NA	fixed	NA	none	0	False	containment 0.00 < 0.5; only 0/1 enzymes produced a fit; no PTR estimate	BcgI:only 0 windows after outlier trimming	no enzyme produced a usable estimate
CRR1310406	GCA_902373385.1	s__Methylobacterium_sp002778835	NA	NA	NA	0	NA	NA	NA	0	NA	NA	NA	NA	0	1	0	-	NA	fixed	NA	none	0	False	containment 0.00 < 0.5; only 0/1 enzymes produced a fit; no PTR estimate	BcgI:only 0 windows after outlier trimming	no enzyme produced a usable estimate
CRR1310406	GCA_902373395.1	s__Rothia_mucilaginosa_B	NA	NA	NA	0.001101321586	NA	NA	NA	0	NA	NA	NA	NA	0	1	0	-	NA	fixed	NA	none	0	False	containment 0.00 < 0.5; only 0/1 enzymes produced a fit; no PTR estimate	BcgI:only 0 windows after outlier trimming	no enzyme produced a usable estimate
CRR1310406	GCA_902373435.1	s__Pauljensenia_sp902373435	NA	NA	NA	0	NA	NA	NA	0	NA	NA	NA	NA	0	1	0	-	NA	fixed	NA	none	0	False	containment 0.00 < 0.5; only 0/1 enzymes produced a fit; no PTR estimate	BcgI:only 0 windows after outlier trimming	no enzyme produced a usable estimate
CRR1310406	GCA_902373455.1	s__Streptococcus_sp902373455	NA	NA	NA	0	NA	NA	NA	0	NA	NA	NA	NA	0	1	0	-	NA	fixed	NA	none	0	False	containment 0.00 < 0.5; only 0/1 enzymes produced a fit; no PTR estimate	BcgI:only 0 windows after outlier trimming	no enzyme produced a usable estimate
CRR1310406	GCA_902373545.1	s__Pauljensenia_sp902373545	NA	NA	NA	0	NA	NA	NA	0	NA	NA	NA	NA	0	1	0	-	NA	fixed	NA	none	0	False	containment 0.00 < 0.5; only 0/1 enzymes produced a fit; no PTR estimate	BcgI:only 0 windows after outlier trimming	no enzyme produced a usable estimate
CRR1310406	GCA_902373585.1	s__Veillonella_dispar	NA	NA	NA	0	NA	NA	NA	0	NA	NA	NA	NA	0	1	0	-	NA	fixed	NA	none	0	False	containment 0.00 < 0.5; only 0/1 enzymes produced a fit; no PTR estimate	BcgI:only 0 windows after outlier trimming	no enzyme produced a usable estimate
CRR1310406	GCA_902406185.1	s__Streptococcus_sp900550895	NA	NA	NA	0	NA	NA	NA	0	NA	NA	NA	NA	0	1	0	-	NA	fixed	NA	none	0	False	containment 0.00 < 0.5; only 0/1 enzymes produced a fit; no PTR estimate	BcgI:only 0 windows after outlier trimming	no enzyme produced a usable estimate
CRR1310406	GCA_902406255.1	s__Veillonella_sp900545205	NA	NA	NA	0	NA	NA	NA	0	NA	NA	NA	NA	0	1	0	-	NA	fixed	NA	none	0	False	containment 0.00 < 0.5; only 0/1 enzymes produced a fit; no PTR estimate	BcgI:only 0 windows after outlier trimming	no enzyme produced a usable estimate
CRR1310406	GCA_902406345.1	s__Anaeroglobus_micronuciformis	NA	NA	NA	0	NA	NA	NA	0	NA	NA	NA	NA	0	1	0	-	NA	fixed	NA	none	0	False	containment 0.00 < 0.5; only 0/1 enzymes produced a fit; no PTR estimate	BcgI:only 0 windows after outlier trimming	no enzyme produced a usable estimate
CRR1310406	GCA_902498835.1	s__Chlamydophila_avium	NA	NA	NA	0	NA	NA	NA	0	NA	NA	NA	NA	0	1	0	-	NA	fixed	NA	none	0	False	containment 0.00 < 0.5; only 0/1 enzymes produced a fit; no PTR estimate	BcgI:only 0 windows after outlier trimming	no enzyme produced a usable estimate
CRR1310406	GCA_902756015.1	s__UBA3839_sp900321835	NA	NA	NA	0	NA	NA	NA	0	NA	NA	NA	NA	0	1	0	-	NA	fixed	NA	none	0	False	containment 0.00 < 0.5; only 0/1 enzymes produced a fit; no PTR estimate	BcgI:only 0 windows after outlier trimming	no enzyme produced a usable estimate
CRR1310406	GCA_902759415.1	s__UBA3663_sp900319235	NA	NA	NA	0	NA	NA	NA	0	NA	NA	NA	NA	0	1	0	-	NA	fixed	NA	none	0	False	containment 0.00 < 0.5; only 0/1 enzymes produced a fit; no PTR estimate	BcgI:only 0 windows after outlier trimming	no enzyme produced a usable estimate
CRR1310406	GCA_903823475.1	s__Limnohabitans_sp903880855	NA	NA	NA	0	NA	NA	NA	0	NA	NA	NA	NA	0	1	0	-	NA	fixed	NA	none	0	False	containment 0.00 < 0.5; only 0/1 enzymes produced a fit; no PTR estimate	BcgI:only 0 windows after outlier trimming	no enzyme produced a usable estimate
CRR1310406	GCA_903924425.1	s__UBA4615_sp903903975	NA	NA	NA	0	NA	NA	NA	0	NA	NA	NA	NA	0	1	0	-	NA	fixed	NA	none	0	False	containment 0.00 < 0.5; only 0/1 enzymes produced a fit; no PTR estimate	BcgI:only 0 windows after outlier trimming	no enzyme produced a usable estimate
CRR1310406	GCF_000011305.1	s__Corynebacterium_efficiens	NA	NA	NA	0	NA	NA	NA	0	NA	NA	NA	NA	0	1	0	-	NA	fixed	NA	none	0	False	containment 0.00 < 0.5; only 0/1 enzymes produced a fit; no PTR estimate	BcgI:only 0 windows after outlier trimming	no enzyme produced a usable estimate
CRR1310406	GCF_000015165.1	s__Bradyrhizobium_sp000015165	NA	NA	NA	7.849909726e-05	NA	NA	NA	0	NA	NA	NA	NA	0	1	0	-	NA	fixed	NA	none	0	False	containment 0.00 < 0.5; only 0/1 enzymes produced a fit; no PTR estimate	BcgI:only 1 windows after outlier trimming	no enzyme produced a usable estimate
CRR1310406	GCF_000023845.1	s__Cryptobacterium_curtum	NA	NA	NA	0	NA	NA	NA	0	NA	NA	NA	NA	0	1	0	-	NA	fixed	NA	none	0	False	containment 0.00 < 0.5; only 0/1 enzymes produced a fit; no PTR estimate	BcgI:only 0 windows after outlier trimming	no enzyme produced a usable estimate
CRR1310406	GCF_000023905.1	s__Leptotrichia_buccalis	NA	NA	NA	0	NA	NA	NA	0	NA	NA	NA	NA	0	1	0	-	NA	fixed	NA	none	0	False	containment 0.00 < 0.5; only 0/1 enzymes produced a fit; no PTR estimate	BcgI:only 0 windows after outlier trimming	no enzyme produced a usable estimate
CRR1310406	GCF_000024225.1	s__Lancefieldella_parvula	NA	NA	NA	0	NA	NA	NA	0	NA	NA	NA	NA	0	1	0	-	NA	fixed	NA	none	0	False	containment 0.00 < 0.5; only 0/1 enzymes produced a fit; no PTR estimate	BcgI:only 0 windows after outlier trimming	no enzyme produced a usable estimate
CRR1310406	GCF_000027165.1	s__Streptococcus_mitis_AR	NA	NA	NA	0	NA	NA	NA	0	NA	NA	NA	NA	0	1	0	-	NA	fixed	NA	none	0	False	containment 0.00 < 0.5; only 0/1 enzymes produced a fit; no PTR estimate	BcgI:only 0 windows after outlier trimming	no enzyme produced a usable estimate
CRR1310406	GCF_000090875.1	s__Neisseria_sp000090875	NA	NA	NA	0	NA	NA	NA	0	NA	NA	NA	NA	0	1	0	-	NA	fixed	NA	none	0	False	containment 0.00 < 0.5; only 0/1 enzymes produced a fit; no PTR estimate	BcgI:only 0 windows after outlier trimming	no enzyme produced a usable estimate
CRR1310406	GCF_000143845.1	s__Olsenella_uli	NA	NA	NA	0	NA	NA	NA	0	NA	NA	NA	NA	0	1	0	-	NA	fixed	NA	none	0	False	containment 0.00 < 0.5; only 0/1 enzymes produced a fit; no PTR estimate	BcgI:only 0 windows after outlier trimming	no enzyme produced a usable estimate
CRR1310406	GCF_000146585.1	s__Streptococcus_mitis_AZ	NA	NA	NA	0	NA	NA	NA	0	NA	NA	NA	NA	0	1	0	-	NA	fixed	NA	none	0	False	containment 0.00 < 0.5; only 0/1 enzymes produced a fit; no PTR estimate	BcgI:only 0 windows after outlier trimming	no enzyme produced a usable estimate
CRR1310406	GCF_000147675.1	s__Peptostreptococcus_stomatis	NA	NA	NA	0	NA	NA	NA	0	NA	NA	NA	NA	0	1	0	-	NA	fixed	NA	none	0	False	containment 0.00 < 0.5; only 0/1 enzymes produced a fit; no PTR estimate	BcgI:only 0 windows after outlier trimming	no enzyme produced a usable estimate
CRR1310406	GCF_000148525.1	s__Streptococcus_mitis_H	NA	NA	NA	0	NA	NA	NA	0	NA	NA	NA	NA	0	1	0	-	NA	fixed	NA	none	0	False	containment 0.00 < 0.5; only 0/1 enzymes produced a fit; no PTR estimate	BcgI:only 0 windows after outlier trimming	no enzyme produced a usable estimate
CRR1310406	GCF_000148545.1	s__Streptococcus_mitis_C	NA	NA	NA	0	NA	NA	NA	0	NA	NA	NA	NA	0	1	0	-	NA	fixed	NA	none	0	False	containment 0.00 < 0.5; only 0/1 enzymes produced a fit; no PTR estimate	BcgI:only 0 windows after outlier trimming	no enzyme produced a usable estimate
CRR1310406	GCF_000148975.1	s__Streptococcus_pseudopneumoniae_M	NA	NA	NA	0	NA	NA	NA	0	NA	NA	NA	NA	0	1	0	-	NA	fixed	NA	none	0	False	containment 0.00 < 0.5; only 0/1 enzymes produced a fit; no PTR estimate	BcgI:only 0 windows after outlier trimming	no enzyme produced a usable estimate
CRR1310406	GCF_000154225.1	s__Pauljensenia_odontolytica_A	NA	NA	NA	0	NA	NA	NA	0	NA	NA	NA	NA	0	1	0	-	NA	fixed	NA	none	0	False	containment 0.00 < 0.5; only 0/1 enzymes produced a fit; no PTR estimate	BcgI:only 0 windows after outlier trimming	no enzyme produced a usable estimate
CRR1310406	GCF_000156615.2	s__Corynebacterium_tuberculostearicum	492.6428571	210.38496	0.03514382609	0.01057082452	1.241841826	0.312481429	NA	261	0.9829929656	0.7168759725	-1.092569659	1.717532516	1	1	1	BcgI	NA	fixed	915563.9928	glm	7	False	fraction 0.04 < 0.75; dispersion 210.38 > 5.0; containment 0.01 < 0.5	-	single enzyme: no cross-enzyme consistency check available
CRR1310406	GCF_000158215.3	s__Fusobacterium_periodonticum_D	NA	NA	NA	0	NA	NA	NA	0	NA	NA	NA	NA	0	1	0	-	NA	fixed	NA	none	0	False	containment 0.00 < 0.5; only 0/1 enzymes produced a fit; no PTR estimate	BcgI:only 0 windows after outlier trimming	no enzyme produced a usable estimate
CRR1310406	GCF_000159435.1	s__Limosilactobacillus_vaginalis	NA	NA	NA	0.01016260163	NA	NA	NA	0	NA	NA	NA	NA	0	1	0	-	NA	fixed	NA	none	0	False	containment 0.01 < 0.5; only 0/1 enzymes produced a fit; no PTR estimate	BcgI:only 5 anchors (< 30)	no enzyme produced a usable estimate
CRR1310406	GCF_000159995.1	s__Alloprevotella_tannerae	NA	NA	NA	0	NA	NA	NA	0	NA	NA	NA	NA	0	1	0	-	NA	fixed	NA	none	0	False	containment 0.00 < 0.5; only 0/1 enzymes produced a fit; no PTR estimate	BcgI:only 0 windows after outlier trimming	no enzyme produced a usable estimate
CRR1310406	GCF_000160035.2	s__Catonella_morbi	NA	NA	NA	0	NA	NA	NA	0	NA	NA	NA	NA	0	1	0	-	NA	fixed	NA	none	0	False	containment 0.00 < 0.5; only 0/1 enzymes produced a fit; no PTR estimate	BcgI:only 0 windows after outlier trimming	no enzyme produced a usable estimate
CRR1310406	GCF_000160055.1	s__Dialister_invisus	NA	NA	NA	0	NA	NA	NA	0	NA	NA	NA	NA	0	1	0	-	NA	fixed	NA	none	0	False	containment 0.00 < 0.5; only 0/1 enzymes produced a fit; no PTR estimate	BcgI:only 0 windows after outlier trimming	no enzyme produced a usable estimate
CRR1310406	GCF_000160115.1	s__Shuttleworthia_satelles	NA	NA	NA	0	NA	NA	NA	0	NA	NA	NA	NA	0	1	0	-	NA	fixed	NA	none	0	False	containment 0.00 < 0.5; only 0/1 enzymes produced a fit; no PTR estimate	BcgI:only 0 windows after outlier trimming	no enzyme produced a usable estimate
CRR1310406	GCF_000160135.1	s__Oribacterium_sp000160135	NA	NA	NA	0	NA	NA	NA	0	NA	NA	NA	NA	0	1	0	-	NA	fixed	NA	none	0	False	containment 0.00 < 0.5; only 0/1 enzymes produced a fit; no PTR estimate	BcgI:only 0 windows after outlier trimming	no enzyme produced a usable estimate
CRR1310406	GCF_000160435.1	s__Kingella_B_oralis	NA	NA	NA	0	NA	NA	NA	0	NA	NA	NA	NA	0	1	0	-	NA	fixed	NA	none	0	False	containment 0.00 < 0.5; only 0/1 enzymes produced a fit; no PTR estimate	BcgI:only 0 windows after outlier trimming	no enzyme produced a usable estimate
CRR1310406	GCF_000160635.1	s__Oribacterium_sinus	NA	NA	NA	0	NA	NA	NA	0	NA	NA	NA	NA	0	1	0	-	NA	fixed	NA	none	0	False	containment 0.00 < 0.5; only 0/1 enzymes produced a fit; no PTR estimate	BcgI:only 0 windows after outlier trimming	no enzyme produced a usable estimate
CRR1310406	GCF_000160695.1	s__Centipeda_flueggei	NA	NA	NA	0	NA	NA	NA	0	NA	NA	NA	NA	0	1	0	-	NA	fixed	NA	none	0	False	containment 0.00 < 0.5; only 0/1 enzymes produced a fit; no PTR estimate	BcgI:only 0 windows after outlier trimming	no enzyme produced a usable estimate
CRR1310406	GCF_000161975.1	s__Eubacterium_N_saphenum	NA	NA	NA	0	NA	NA	NA	0	NA	NA	NA	NA	0	1	0	-	NA	fixed	NA	none	0	False	containment 0.00 < 0.5; only 0/1 enzymes produced a fit; no PTR estimate	BcgI:only 0 windows after outlier trimming	no enzyme produced a usable estimate
CRR1310406	GCF_000162455.1	s__Prevotella_buccae	NA	NA	NA	0	NA	NA	NA	0	NA	NA	NA	NA	0	1	0	-	NA	fixed	NA	none	0	False	containment 0.00 < 0.5; only 0/1 enzymes produced a fit; no PTR estimate	BcgI:only 0 windows after outlier trimming	no enzyme produced a usable estimate
CRR1310406	GCF_000162475.2	s__Granulicatella_elegans	NA	NA	NA	0	NA	NA	NA	0	NA	NA	NA	NA	0	1	0	-	NA	fixed	NA	none	0	False	containment 0.00 < 0.5; only 0/1 enzymes produced a fit; no PTR estimate	BcgI:only 0 windows after outlier trimming	no enzyme produced a usable estimate
CRR1310406	GCF_000162935.1	s__Prevotella_veroralis	NA	NA	NA	0	NA	NA	NA	0	NA	NA	NA	NA	0	1	0	-	NA	fixed	NA	none	0	False	containment 0.00 < 0.5; only 0/1 enzymes produced a fit; no PTR estimate	BcgI:only 0 windows after outlier trimming	no enzyme produced a usable estimate
CRR1310406	GCF_000163055.2	s__Prevotella_sp000163055	NA	NA	NA	0	NA	NA	NA	0	NA	NA	NA	NA	0	1	0	-	NA	fixed	NA	none	0	False	containment 0.00 < 0.5; only 0/1 enzymes produced a fit; no PTR estimate	BcgI:only 0 windows after outlier trimming	no enzyme produced a usable estimate
CRR1310406	GCF_000163475.1	s__Pasteurella_dagmatis	NA	NA	NA	0	NA	NA	NA	0	NA	NA	NA	NA	0	1	0	-	NA	fixed	NA	none	0	False	containment 0.00 < 0.5; only 0/1 enzymes produced a fit; no PTR estimate	BcgI:only 0 windows after outlier trimming	no enzyme produced a usable estimate
CRR1310406	GCF_000163695.1	s__F0058_sp000163695	NA	NA	NA	0	NA	NA	NA	0	NA	NA	NA	NA	0	1	0	-	NA	fixed	NA	none	0	False	containment 0.00 < 0.5; only 0/1 enzymes produced a fit; no PTR estimate	BcgI:only 0 windows after outlier trimming	no enzyme produced a usable estimate
CRR1310406	GCF_000163835.1	s__Parascardovia_denticolens	NA	NA	NA	0	NA	NA	NA	0	NA	NA	NA	NA	0	1	0	-	NA	fixed	NA	none	0	False	containment 0.00 < 0.5; only 0/1 enzymes produced a fit; no PTR estimate	BcgI:only 0 windows after outlier trimming	no enzyme produced a usable estimate
CRR1310406	GCF_000163895.2	s__Filifactor_alocis	NA	NA	NA	0	NA	NA	NA	0	NA	NA	NA	NA	0	1	0	-	NA	fixed	NA	none	0	False	containment 0.00 < 0.5; only 0/1 enzymes produced a fit; no PTR estimate	BcgI:only 0 windows after outlier trimming	no enzyme produced a usable estimate
CRR1310406	GCF_000173895.1	s__Neisseria_cinerea	NA	NA	NA	0	NA	NA	NA	0	NA	NA	NA	NA	0	1	0	-	NA	fixed	NA	none	0	False	containment 0.00 < 0.5; only 0/1 enzymes produced a fit; no PTR estimate	BcgI:only 0 windows after outlier trimming	no enzyme produced a usable estimate
CRR1310406	GCF_000173915.1	s__Gemella_haemolysans	NA	NA	NA	0	NA	NA	NA	0	NA	NA	NA	NA	0	1	0	-	NA	fixed	NA	none	0	False	containment 0.00 < 0.5; only 0/1 enzymes produced a fit; no PTR estimate	BcgI:only 0 windows after outlier trimming	no enzyme produced a usable estimate
CRR1310406	GCF_000174655.1	s__Neisseria_sicca	NA	NA	NA	0	NA	NA	NA	0	NA	NA	NA	NA	0	1	0	-	NA	fixed	NA	none	0	False	containment 0.00 < 0.5; only 0/1 enzymes produced a fit; no PTR estimate	BcgI:only 0 windows after outlier trimming	no enzyme produced a usable estimate
CRR1310406	GCF_000174755.1	s__Capnocytophaga_gingivalis	NA	NA	NA	0	NA	NA	NA	0	NA	NA	NA	NA	0	1	0	-	NA	fixed	NA	none	0	False	containment 0.00 < 0.5; only 0/1 enzymes produced a fit; no PTR estimate	BcgI:only 0 windows after outlier trimming	no enzyme produced a usable estimate
CRR1310406	GCF_000175375.1	s__Corynebacterium_matruchotii	NA	NA	NA	0.0004450378282	NA	NA	NA	0	NA	NA	NA	NA	0	1	0	-	NA	fixed	NA	none	0	False	containment 0.00 < 0.5; only 0/1 enzymes produced a fit; no PTR estimate	BcgI:only 1 windows after outlier trimming	no enzyme produced a usable estimate
CRR1310406	GCF_000175635.1	s__Corynebacterium_tuberculostearicum_C	500.25	9.284629484	0.07288298859	0.01265822785	55779.1378	15.76743801	NA	144	1	8.313375978	-0.5264794922	32.06135552	1	1	1	BcgI	NA	fixed	686719.8717	glm	6	False	fraction 0.07 < 0.75; dispersion 9.28 > 5.0; containment 0.01 < 0.5	-	single enzyme: no cross-enzyme consistency check available
CRR1310406	GCF_000175875.1	s__Campylobacter_B_gracilis	NA	NA	NA	0	NA	NA	NA	0	NA	NA	NA	NA	0	1	0	-	NA	fixed	NA	none	0	False	containment 0.00 < 0.5; only 0/1 enzymes produced a fit; no PTR estimate	BcgI:only 0 windows after outlier trimming	no enzyme produced a usable estimate
CRR1310406	GCF_000177055.1	s__Prevotella_timonensis_A	NA	NA	NA	0	NA	NA	NA	0	NA	NA	NA	NA	0	1	0	-	NA	fixed	NA	none	0	False	containment 0.00 < 0.5; only 0/1 enzymes produced a fit; no PTR estimate	BcgI:only 0 windows after outlier trimming	no enzyme produced a usable estimate
CRR1310406	GCF_000177375.1	s__Bulleidia_extructa	NA	NA	NA	0	NA	NA	NA	0	NA	NA	NA	NA	0	1	0	-	NA	fixed	NA	none	0	False	containment 0.00 < 0.5; only 0/1 enzymes produced a fit; no PTR estimate	BcgI:only 0 windows after outlier trimming	no enzyme produced a usable estimate
CRR1310406	GCF_000178895.1	s__Fusobacterium_nucleatum	NA	NA	NA	0	NA	NA	NA	0	NA	NA	NA	NA	0	1	0	-	NA	fixed	NA	none	0	False	containment 0.00 < 0.5; only 0/1 enzymes produced a fit; no PTR estimate	BcgI:only 0 windows after outlier trimming	no enzyme produced a usable estimate
CRR1310406	GCF_000179755.1	s__Veillonella_atypica	NA	NA	NA	0	NA	NA	NA	0	NA	NA	NA	NA	0	1	0	-	NA	fixed	NA	none	0	False	containment 0.00 < 0.5; only 0/1 enzymes produced a fit; no PTR estimate	BcgI:only 0 windows after outlier trimming	no enzyme produced a usable estimate
CRR1310406	GCF_000185145.2	s__Prevotella_oralis	NA	NA	NA	0	NA	NA	NA	0	NA	NA	NA	NA	0	1	0	-	NA	fixed	NA	none	0	False	containment 0.00 < 0.5; only 0/1 enzymes produced a fit; no PTR estimate	BcgI:only 0 windows after outlier trimming	no enzyme produced a usable estimate
CRR1310406	GCF_000185385.1	s__Lachnoanaerobaculum_saburreum	NA	NA	NA	0	NA	NA	NA	0	NA	NA	NA	NA	0	1	0	-	NA	fixed	NA	none	0	False	containment 0.00 < 0.5; only 0/1 enzymes produced a fit; no PTR estimate	BcgI:only 0 windows after outlier trimming	no enzyme produced a usable estimate
CRR1310406	GCF_000185505.1	s__Pseudoramibacter_alactolyticus	NA	NA	NA	0	NA	NA	NA	0	NA	NA	NA	NA	0	1	0	-	NA	fixed	NA	none	0	False	containment 0.00 < 0.5; only 0/1 enzymes produced a fit; no PTR estimate	BcgI:only 0 windows after outlier trimming	no enzyme produced a usable estimate
CRR1310406	GCF_000185645.1	s__Gemella_morbillorum	NA	NA	NA	0	NA	NA	NA	0	NA	NA	NA	NA	0	1	0	-	NA	fixed	NA	none	0	False	containment 0.00 < 0.5; only 0/1 enzymes produced a fit; no PTR estimate	BcgI:only 0 windows after outlier trimming	no enzyme produced a usable estimate
CRR1310406	GCF_000187585.1	s__Streptococcus_peroris	NA	NA	NA	0	NA	NA	NA	0	NA	NA	NA	NA	0	1	0	-	NA	fixed	NA	none	0	False	containment 0.00 < 0.5; only 0/1 enzymes produced a fit; no PTR estimate	BcgI:only 0 windows after outlier trimming	no enzyme produced a usable estimate
CRR1310406	GCF_000187745.1	s__Streptococcus_sp000187745	NA	NA	NA	0	NA	NA	NA	0	NA	NA	NA	NA	0	1	0	-	NA	fixed	NA	none	0	False	containment 0.00 < 0.5; only 0/1 enzymes produced a fit; no PTR estimate	BcgI:only 0 windows after outlier trimming	no enzyme produced a usable estimate
CRR1310406	GCF_000188255.1	s__Actinobacillus_ureae	NA	NA	NA	0	NA	NA	NA	0	NA	NA	NA	NA	0	1	0	-	NA	fixed	NA	none	0	False	containment 0.00 < 0.5; only 0/1 enzymes produced a fit; no PTR estimate	BcgI:only 0 windows after outlier trimming	no enzyme produced a usable estimate
CRR1310406	GCF_000191065.1	s__Prevotella_multiformis	NA	NA	NA	0	NA	NA	NA	0	NA	NA	NA	NA	0	1	0	-	NA	fixed	NA	none	0	False	containment 0.00 < 0.5; only 0/1 enzymes produced a fit; no PTR estimate	BcgI:only 0 windows after outlier trimming	no enzyme produced a usable estimate
CRR1310406	GCF_000191105.1	s__Streptococcus_sanguinis	NA	NA	NA	0	NA	NA	NA	0	NA	NA	NA	NA	0	1	0	-	NA	fixed	NA	none	0	False	containment 0.00 < 0.5; only 0/1 enzymes produced a fit; no PTR estimate	BcgI:only 0 windows after outlier trimming	no enzyme produced a usable estimate
CRR1310406	GCF_000191825.1	s__Treponema_B_denticola	NA	NA	NA	0	NA	NA	NA	0	NA	NA	NA	NA	0	1	0	-	NA	fixed	NA	none	0	False	containment 0.00 < 0.5; only 0/1 enzymes produced a fit; no PTR estimate	BcgI:only 0 windows after outlier trimming	no enzyme produced a usable estimate
CRR1310406	GCF_000192225.1	s__Capnocytophaga_sp000192225	NA	NA	NA	0	NA	NA	NA	0	NA	NA	NA	NA	0	1	0	-	NA	fixed	NA	none	0	False	containment 0.00 < 0.5; only 0/1 enzymes produced a fit; no PTR estimate	BcgI:only 0 windows after outlier trimming	no enzyme produced a usable estimate
CRR1310406	GCF_000193735.1	s__Neisseria_sicca_E	NA	NA	NA	0	NA	NA	NA	0	NA	NA	NA	NA	0	1	0	-	NA	fixed	NA	none	0	False	containment 0.00 < 0.5; only 0/1 enzymes produced a fit; no PTR estimate	BcgI:only 0 windows after outlier trimming	no enzyme produced a usable estimate
CRR1310406	GCF_000193755.1	s__Neisseria_sicca_D	NA	NA	NA	0	NA	NA	NA	0	NA	NA	NA	NA	0	1	0	-	NA	fixed	NA	none	0	False	containment 0.00 < 0.5; only 0/1 enzymes produced a fit; no PTR estimate	BcgI:only 0 windows after outlier trimming	no enzyme produced a usable estimate
CRR1310406	GCF_000193775.1	s__Neisseria_polysaccharea	NA	NA	NA	0	NA	NA	NA	0	NA	NA	NA	NA	0	1	0	-	NA	fixed	NA	none	0	False	containment 0.00 < 0.5; only 0/1 enzymes produced a fit; no PTR estimate	BcgI:only 0 windows after outlier trimming	no enzyme produced a usable estimate
CRR1310406	GCF_000193795.1	s__Neisseria_lactamica_A	NA	NA	NA	0	NA	NA	NA	0	NA	NA	NA	NA	0	1	0	-	NA	fixed	NA	none	0	False	containment 0.00 < 0.5; only 0/1 enzymes produced a fit; no PTR estimate	BcgI:only 0 windows after outlier trimming	no enzyme produced a usable estimate
CRR1310406	GCF_000195595.1	s__Actinomyces_sp000195595	NA	NA	NA	0	NA	NA	NA	0	NA	NA	NA	NA	0	1	0	-	NA	fixed	NA	none	0	False	containment 0.00 < 0.5; only 0/1 enzymes produced a fit; no PTR estimate	BcgI:only 0 windows after outlier trimming	no enzyme produced a usable estimate
CRR1310406	GCF_000208825.1	s__Aeromonas_caviae	NA	NA	NA	0.0007849293564	NA	NA	NA	0	NA	NA	NA	NA	0	1	0	-	NA	fixed	NA	none	0	False	containment 0.00 < 0.5; only 0/1 enzymes produced a fit; no PTR estimate	BcgI:only 3 windows after outlier trimming	no enzyme produced a usable estimate
CRR1310406	GCF_000209465.1	s__Lachnoanaerobaculum_sp000209465	NA	NA	NA	0	NA	NA	NA	0	NA	NA	NA	NA	0	1	0	-	NA	fixed	NA	none	0	False	containment 0.00 < 0.5; only 0/1 enzymes produced a fit; no PTR estimate	BcgI:only 0 windows after outlier trimming	no enzyme produced a usable estimate
CRR1310406	GCF_000210895.1	s__Haemophilus_D_parainfluenzae_A	NA	NA	NA	0	NA	NA	NA	0	NA	NA	NA	NA	0	1	0	-	NA	fixed	NA	none	0	False	containment 0.00 < 0.5; only 0/1 enzymes produced a fit; no PTR estimate	BcgI:only 0 windows after outlier trimming	no enzyme produced a usable estimate
CRR1310406	GCF_000211795.1	s__Sphingomonas_paucimobilis	NA	NA	NA	0.0008880994671	NA	NA	NA	0	NA	NA	NA	NA	0	1	0	-	NA	fixed	NA	none	0	False	containment 0.00 < 0.5; only 0/1 enzymes produced a fit; no PTR estimate	BcgI:only 1 windows after outlier trimming	no enzyme produced a usable estimate
CRR1310406	GCF_000212855.1	s__Streptococcus_sanguinis_A	NA	NA	NA	0	NA	NA	NA	0	NA	NA	NA	NA	0	1	0	-	NA	fixed	NA	none	0	False	containment 0.00 < 0.5; only 0/1 enzymes produced a fit; no PTR estimate	BcgI:only 0 windows after outlier trimming	no enzyme produced a usable estimate
CRR1310406	GCF_000213975.1	s__Centipeda_periodontii	NA	NA	NA	0	NA	NA	NA	0	NA	NA	NA	NA	0	1	0	-	NA	fixed	NA	none	0	False	containment 0.00 < 0.5; only 0/1 enzymes produced a fit; no PTR estimate	BcgI:only 0 windows after outlier trimming	no enzyme produced a usable estimate
CRR1310406	GCF_000214475.1	s__Parvimonas_sp000214475	NA	NA	NA	0	NA	NA	NA	0	NA	NA	NA	NA	0	1	0	-	NA	fixed	NA	none	0	False	containment 0.00 < 0.5; only 0/1 enzymes produced a fit; no PTR estimate	BcgI:only 0 windows after outlier trimming	no enzyme produced a usable estimate
CRR1310406	GCF_000215385.1	s__Streptococcus_infantis_B	NA	NA	NA	0	NA	NA	NA	0	NA	NA	NA	NA	0	1	0	-	NA	fixed	NA	none	0	False	containment 0.00 < 0.5; only 0/1 enzymes produced a fit; no PTR estimate	BcgI:only 0 windows after outlier trimming	no enzyme produced a usable estimate
CRR1310406	GCF_000218235.1	s__Prevotella_multisaccharivorax	NA	NA	NA	0	NA	NA	NA	0	NA	NA	NA	NA	0	1	0	-	NA	fixed	NA	none	0	False	containment 0.00 < 0.5; only 0/1 enzymes produced a fit; no PTR estimate	BcgI:only 0 windows after outlier trimming	no enzyme produced a usable estimate
CRR1310406	GCF_000220045.1	s__Streptococcus_mitis_AP	NA	NA	NA	0	NA	NA	NA	0	NA	NA	NA	NA	0	1	0	-	NA	fixed	NA	none	0	False	containment 0.00 < 0.5; only 0/1 enzymes produced a fit; no PTR estimate	BcgI:only 0 windows after outlier trimming	no enzyme produced a usable estimate
CRR1310406	GCF_000220065.1	s__Streptococcus_sp000220065	NA	NA	NA	0	NA	NA	NA	0	NA	NA	NA	NA	0	1	0	-	NA	fixed	NA	none	0	False	containment 0.00 < 0.5; only 0/1 enzymes produced a fit; no PTR estimate	BcgI:only 0 windows after outlier trimming	no enzyme produced a usable estimate
CRR1310406	GCF_000220215.1	s__Prevotella_seregens	NA	NA	NA	0.0003680529996	NA	NA	NA	0	NA	NA	NA	NA	0	1	0	-	NA	fixed	NA	none	0	False	containment 0.00 < 0.5; only 0/1 enzymes produced a fit; no PTR estimate	BcgI:only 1 windows after outlier trimming	no enzyme produced a usable estimate
CRR1310406	GCF_000220835.1	s__Actinomyces_sp000220835	NA	NA	NA	0	NA	NA	NA	0	NA	NA	NA	NA	0	1	0	-	NA	fixed	NA	none	0	False	containment 0.00 < 0.5; only 0/1 enzymes produced a fit; no PTR estimate	BcgI:only 0 windows after outlier trimming	no enzyme produced a usable estimate
CRR1310406	GCF_000222025.1	s__Haemophilus_haemolyticus_G	NA	NA	NA	0	NA	NA	NA	0	NA	NA	NA	NA	0	1	0	-	NA	fixed	NA	none	0	False	containment 0.00 < 0.5; only 0/1 enzymes produced a fit; no PTR estimate	BcgI:only 0 windows after outlier trimming	no enzyme produced a usable estimate
CRR1310406	GCF_000222705.1	s__Streptococcus_mitis_AY	NA	NA	NA	0	NA	NA	NA	0	NA	NA	NA	NA	0	1	0	-	NA	fixed	NA	none	0	False	containment 0.00 < 0.5; only 0/1 enzymes produced a fit; no PTR estimate	BcgI:only 0 windows after outlier trimming	no enzyme produced a usable estimate
CRR1310406	GCF_000223255.1	s__Streptococcus_infantis_G	NA	NA	NA	0	NA	NA	NA	0	NA	NA	NA	NA	0	1	0	-	NA	fixed	NA	none	0	False	containment 0.00 < 0.5; only 0/1 enzymes produced a fit; no PTR estimate	BcgI:only 0 windows after outlier trimming	no enzyme produced a usable estimate
CRR1310406	GCF_000223275.1	s__Haemophilus_D_pittmaniae	NA	NA	NA	0	NA	NA	NA	0	NA	NA	NA	NA	0	1	0	-	NA	fixed	NA	none	0	False	containment 0.00 < 0.5; only 0/1 enzymes produced a fit; no PTR estimate	BcgI:only 0 windows after outlier trimming	no enzyme produced a usable estimate
CRR1310406	GCF_000223335.1	s__Streptococcus_infantis_H	NA	NA	NA	0	NA	NA	NA	0	NA	NA	NA	NA	0	1	0	-	NA	fixed	NA	none	0	False	containment 0.00 < 0.5; only 0/1 enzymes produced a fit; no PTR estimate	BcgI:only 0 windows after outlier trimming	no enzyme produced a usable estimate
CRR1310406	GCF_000228505.1	s__Streptococcus_sobrinus	NA	NA	NA	0	NA	NA	NA	0	NA	NA	NA	NA	0	1	0	-	NA	fixed	NA	none	0	False	containment 0.00 < 0.5; only 0/1 enzymes produced a fit; no PTR estimate	BcgI:only 0 windows after outlier trimming	no enzyme produced a usable estimate
CRR1310406	GCF_000229485.1	s__Streptococcus_mutans	NA	NA	NA	0	NA	NA	NA	0	NA	NA	NA	NA	0	1	0	-	NA	fixed	NA	none	0	False	containment 0.00 < 0.5; only 0/1 enzymes produced a fit; no PTR estimate	BcgI:only 0 windows after outlier trimming	no enzyme produced a usable estimate
CRR1310406	GCF_000234095.1	s__Centipeda_infelix	NA	NA	NA	0	NA	NA	NA	0	NA	NA	NA	NA	0	1	0	-	NA	fixed	NA	none	0	False	containment 0.00 < 0.5; only 0/1 enzymes produced a fit; no PTR estimate	BcgI:only 0 windows after outlier trimming	no enzyme produced a usable estimate
CRR1310406	GCF_000234135.1	s__Centipeda_noxia	NA	NA	NA	0	NA	NA	NA	0	NA	NA	NA	NA	0	1	0	-	NA	fixed	NA	none	0	False	containment 0.00 < 0.5; only 0/1 enzymes produced a fit; no PTR estimate	BcgI:only 0 windows after outlier trimming	no enzyme produced a usable estimate
CRR1310406	GCF_000235445.1	s__Johnsonella_ignava	NA	NA	NA	0	NA	NA	NA	0	NA	NA	NA	NA	0	1	0	-	NA	fixed	NA	none	0	False	containment 0.00 < 0.5; only 0/1 enzymes produced a fit; no PTR estimate	BcgI:only 0 windows after outlier trimming	no enzyme produced a usable estimate
CRR1310406	GCF_000235485.1	s__Streptococcus_sp000235485	NA	NA	NA	0	NA	NA	NA	0	NA	NA	NA	NA	0	1	0	-	NA	fixed	NA	none	0	False	containment 0.00 < 0.5; only 0/1 enzymes produced a fit; no PTR estimate	BcgI:only 0 windows after outlier trimming	no enzyme produced a usable estimate
CRR1310406	GCF_000235885.1	s__Prevotella_stercorea	0.7479468691	0.2357142857	0.04485700344	0.02572016461	1.915445111	0.9376796845	NA	564	0.6897123441	0.6070669568	-0.2521496871	2.127509056	1	1	1	BcgI	NA	fixed	1743836.958	glm	7	False	coverage 0.75 < 1.0; fraction 0.04 < 0.75; containment 0.03 < 0.5	-	single enzyme: no cross-enzyme consistency check available
CRR1310406	GCF_000238055.2	s__Oribacterium_parvum	NA	NA	NA	0	NA	NA	NA	0	NA	NA	NA	NA	0	1	0	-	NA	fixed	NA	none	0	False	containment 0.00 < 0.5; only 0/1 enzymes produced a fit; no PTR estimate	BcgI:only 0 windows after outlier trimming	no enzyme produced a usable estimate
CRR1310406	GCF_000238075.1	s__Oribacterium_asaccharolyticum	NA	NA	NA	0	NA	NA	NA	0	NA	NA	NA	NA	0	1	0	-	NA	fixed	NA	none	0	False	containment 0.00 < 0.5; only 0/1 enzymes produced a fit; no PTR estimate	BcgI:only 0 windows after outlier trimming	no enzyme produced a usable estimate
CRR1310406	GCF_000239275.1	s__Anaeroglobus_geminatus	NA	NA	NA	0	NA	NA	NA	0	NA	NA	NA	NA	0	1	0	-	NA	fixed	NA	none	0	False	containment 0.00 < 0.5; only 0/1 enzymes produced a fit; no PTR estimate	BcgI:only 0 windows after outlier trimming	no enzyme produced a usable estimate
CRR1310406	GCF_000242235.1	s__Stomatobaculum_longum	NA	NA	NA	0	NA	NA	NA	0	NA	NA	NA	NA	0	1	0	-	NA	fixed	NA	none	0	False	containment 0.00 < 0.5; only 0/1 enzymes produced a fit; no PTR estimate	BcgI:only 0 windows after outlier trimming	no enzyme produced a usable estimate
CRR1310406	GCF_000242315.1	s__Lachnoanaerobaculum_orale	NA	NA	NA	0	NA	NA	NA	0	NA	NA	NA	NA	0	1	0	-	NA	fixed	NA	none	0	False	containment 0.00 < 0.5; only 0/1 enzymes produced a fit; no PTR estimate	BcgI:only 0 windows after outlier trimming	no enzyme produced a usable estimate
CRR1310406	GCF_000242675.1	s__Eubacterium_B_infirmum	NA	NA	NA	0	NA	NA	NA	0	NA	NA	NA	NA	0	1	0	-	NA	fixed	NA	none	0	False	containment 0.00 < 0.5; only 0/1 enzymes produced a fit; no PTR estimate	BcgI:only 0 windows after outlier trimming	no enzyme produced a usable estimate
CRR1310406	GCF_000243035.1	s__Prevotella_micans	NA	NA	NA	0	NA	NA	NA	0	NA	NA	NA	NA	0	1	0	-	NA	fixed	NA	none	0	False	containment 0.00 < 0.5; only 0/1 enzymes produced a fit; no PTR estimate	BcgI:only 0 windows after outlier trimming	no enzyme produced a usable estimate
CRR1310406	GCF_000253155.1	s__Streptococcus_oralis_L	NA	NA	NA	0	NA	NA	NA	0	NA	NA	NA	NA	0	1	0	-	NA	fixed	NA	none	0	False	containment 0.00 < 0.5; only 0/1 enzymes produced a fit; no PTR estimate	BcgI:only 0 windows after outlier trimming	no enzyme produced a usable estimate
CRR1310406	GCF_000257905.1	s__Streptococcus_mitis_L	NA	NA	NA	0	NA	NA	NA	0	NA	NA	NA	NA	0	1	0	-	NA	fixed	NA	none	0	False	containment 0.00 < 0.5; only 0/1 enzymes produced a fit; no PTR estimate	BcgI:only 0 windows after outlier trimming	no enzyme produced a usable estimate
CRR1310406	GCF_000259505.1	s__Streptococcus_sp000259505	NA	NA	NA	0	NA	NA	NA	0	NA	NA	NA	NA	0	1	0	-	NA	fixed	NA	none	0	False	containment 0.00 < 0.5; only 0/1 enzymes produced a fit; no PTR estimate	BcgI:only 0 windows after outlier trimming	no enzyme produced a usable estimate
CRR1310406	GCF_000260655.1	s__Neisseria_sicca_B	NA	NA	NA	0	NA	NA	NA	0	NA	NA	NA	NA	0	1	0	-	NA	fixed	NA	none	0	False	containment 0.00 < 0.5; only 0/1 enzymes produced a fit; no PTR estimate	BcgI:only 0 windows after outlier trimming	no enzyme produced a usable estimate
CRR1310406	GCF_000262285.1	s__Haemophilus_haemolyticus	NA	NA	NA	0	NA	NA	NA	0	NA	NA	NA	NA	0	1	0	-	NA	fixed	NA	none	0	False	containment 0.00 < 0.5; only 0/1 enzymes produced a fit; no PTR estimate	BcgI:only 0 windows after outlier trimming	no enzyme produced a usable estimate
CRR1310406	GCF_000275805.1	s__Scardovia_wiggsiae	NA	NA	NA	0	NA	NA	NA	0	NA	NA	NA	NA	0	1	0	-	NA	fixed	NA	none	0	False	containment 0.00 < 0.5; only 0/1 enzymes produced a fit; no PTR estimate	BcgI:only 0 windows after outlier trimming	no enzyme produced a usable estimate
CRR1310406	GCF_000277585.1	s__Capnocytophaga_ochracea	NA	NA	NA	0	NA	NA	NA	0	NA	NA	NA	NA	0	1	0	-	NA	fixed	NA	none	0	False	containment 0.00 < 0.5; only 0/1 enzymes produced a fit; no PTR estimate	BcgI:only 0 windows after outlier trimming	no enzyme produced a usable estimate
CRR1310406	GCF_000278725.1	s__Pauljensenia_sp000278725	NA	NA	NA	0.0004230118443	NA	NA	NA	0	NA	NA	NA	NA	0	1	0	-	NA	fixed	NA	none	0	False	containment 0.00 < 0.5; only 0/1 enzymes produced a fit; no PTR estimate	BcgI:only 1 windows after outlier trimming	no enzyme produced a usable estimate
CRR1310406	GCF_000279535.1	s__Streptococcus_infantis_I	NA	NA	NA	0	NA	NA	NA	0	NA	NA	NA	NA	0	1	0	-	NA	fixed	NA	none	0	False	containment 0.00 < 0.5; only 0/1 enzymes produced a fit; no PTR estimate	BcgI:only 0 windows after outlier trimming	no enzyme produced a usable estimate
CRR1310406	GCF_000282935.1	s__Pauljensenia_odontolytica_B	NA	NA	NA	0	NA	NA	NA	0	NA	NA	NA	NA	0	1	0	-	NA	fixed	NA	none	0	False	containment 0.00 < 0.5; only 0/1 enzymes produced a fit; no PTR estimate	BcgI:only 0 windows after outlier trimming	no enzyme produced a usable estimate
CRR1310406	GCF_000283035.1	s__Pauljensenia_sp000466265	NA	NA	NA	0	NA	NA	NA	0	NA	NA	NA	NA	0	1	0	-	NA	fixed	NA	none	0	False	containment 0.00 < 0.5; only 0/1 enzymes produced a fit; no PTR estimate	BcgI:only 0 windows after outlier trimming	no enzyme produced a usable estimate
CRR1310406	GCF_000286455.1	s__Centipeda_sp000286455	NA	NA	NA	0	NA	NA	NA	0	NA	NA	NA	NA	0	1	0	-	NA	fixed	NA	none	0	False	containment 0.00 < 0.5; only 0/1 enzymes produced a fit; no PTR estimate	BcgI:only 0 windows after outlier trimming	no enzyme produced a usable estimate
CRR1310406	GCF_000287615.1	s__Haemophilus_A_sputorum	NA	NA	NA	0	NA	NA	NA	0	NA	NA	NA	NA	0	1	0	-	NA	fixed	NA	none	0	False	containment 0.00 < 0.5; only 0/1 enzymes produced a fit; no PTR estimate	BcgI:only 0 windows after outlier trimming	no enzyme produced a usable estimate
CRR1310406	GCF_000287675.1	s__Lachnoanaerobaculum_sp000287675	NA	NA	NA	0	NA	NA	NA	0	NA	NA	NA	NA	0	1	0	-	NA	fixed	NA	none	0	False	containment 0.00 < 0.5; only 0/1 enzymes produced a fit; no PTR estimate	BcgI:only 0 windows after outlier trimming	no enzyme produced a usable estimate
CRR1310406	GCF_000287695.1	s__Peptoanaerobacter_margaretiae	NA	NA	NA	0	NA	NA	NA	0	NA	NA	NA	NA	0	1	0	-	NA	fixed	NA	none	0	False	containment 0.00 < 0.5; only 0/1 enzymes produced a fit; no PTR estimate	BcgI:only 0 windows after outlier trimming	no enzyme produced a usable estimate
CRR1310406	GCF_000287715.1	s__Streptococcus_oralis_Y	NA	NA	NA	0	NA	NA	NA	0	NA	NA	NA	NA	0	1	0	-	NA	fixed	NA	none	0	False	containment 0.00 < 0.5; only 0/1 enzymes produced a fit; no PTR estimate	BcgI:only 0 windows after outlier trimming	no enzyme produced a usable estimate
CRR1310406	GCF_000292345.1	s__Cupriavidus_sp000292345	NA	NA	NA	0	NA	NA	NA	0	NA	NA	NA	NA	0	1	0	-	NA	fixed	NA	none	0	False	containment 0.00 < 0.5; only 0/1 enzymes produced a fit; no PTR estimate	BcgI:only 0 windows after outlier trimming	no enzyme produced a usable estimate
CRR1310406	GCF_000292955.1	s__Selenomonas_sputigena	NA	NA	NA	0	NA	NA	NA	0	NA	NA	NA	NA	0	1	0	-	NA	fixed	NA	none	0	False	containment 0.00 < 0.5; only 0/1 enzymes produced a fit; no PTR estimate	BcgI:only 0 windows after outlier trimming	no enzyme produced a usable estimate
CRR1310406	GCF_000293035.1	s__Peptoanaerobacter_stomatis	NA	NA	NA	0	NA	NA	NA	0	NA	NA	NA	NA	0	1	0	-	NA	fixed	NA	none	0	False	containment 0.00 < 0.5; only 0/1 enzymes produced a fit; no PTR estimate	BcgI:only 0 windows after outlier trimming	no enzyme produced a usable estimate
CRR1310406	GCF_000293155.1	s__Mogibacterium_timidum	NA	NA	NA	0	NA	NA	NA	0	NA	NA	NA	NA	0	1	0	-	NA	fixed	NA	none	0	False	containment 0.00 < 0.5; only 0/1 enzymes produced a fit; no PTR estimate	BcgI:only 0 windows after outlier trimming	no enzyme produced a usable estimate
CRR1310406	GCF_000293175.1	s__Capnocytophaga_granulosa	NA	NA	NA	0	NA	NA	NA	0	NA	NA	NA	NA	0	1	0	-	NA	fixed	NA	none	0	False	containment 0.00 < 0.5; only 0/1 enzymes produced a fit; no PTR estimate	BcgI:only 0 windows after outlier trimming	no enzyme produced a usable estimate
CRR1310406	GCF_000295095.1	s__Actinomyces_timonensis	NA	NA	NA	0	NA	NA	NA	0	NA	NA	NA	NA	0	1	0	-	NA	fixed	NA	none	0	False	containment 0.00 < 0.5; only 0/1 enzymes produced a fit; no PTR estimate	BcgI:only 0 windows after outlier trimming	no enzyme produced a usable estimate
CRR1310406	GCF_000296275.1	s__Actinomyces_massiliensis	NA	NA	NA	0	NA	NA	NA	0	NA	NA	NA	NA	0	1	0	-	NA	fixed	NA	none	0	False	containment 0.00 < 0.5; only 0/1 enzymes produced a fit; no PTR estimate	BcgI:only 0 windows after outlier trimming	no enzyme produced a usable estimate
CRR1310406	GCF_000296505.1	s__Pauljensenia_turicensis	NA	NA	NA	0	NA	NA	NA	0	NA	NA	NA	NA	0	1	0	-	NA	fixed	NA	none	0	False	containment 0.00 < 0.5; only 0/1 enzymes produced a fit; no PTR estimate	BcgI:only 0 windows after outlier trimming	no enzyme produced a usable estimate
CRR1310406	GCF_000296875.1	s__Streptococcus_oralis	NA	NA	NA	0	NA	NA	NA	0	NA	NA	NA	NA	0	1	0	-	NA	fixed	NA	none	0	False	containment 0.00 < 0.5; only 0/1 enzymes produced a fit; no PTR estimate	BcgI:only 0 windows after outlier trimming	no enzyme produced a usable estimate
CRR1310406	GCF_000298295.1	s__Cecembia_lonarensis	NA	NA	NA	0	NA	NA	NA	0	NA	NA	NA	NA	0	1	0	-	NA	fixed	NA	none	0	False	containment 0.00 < 0.5; only 0/1 enzymes produced a fit; no PTR estimate	BcgI:only 0 windows after outlier trimming	no enzyme produced a usable estimate
CRR1310406	GCF_000299315.2	s__Microbacterium_barkeri	NA	NA	NA	0	NA	NA	NA	0	NA	NA	NA	NA	0	1	0	-	NA	fixed	NA	none	0	False	containment 0.00 < 0.5; only 0/1 enzymes produced a fit; no PTR estimate	BcgI:only 0 windows after outlier trimming	no enzyme produced a usable estimate
CRR1310406	GCF_000301735.1	s__Acinetobacter_johnsonii	NA	NA	NA	0.0006784260516	NA	NA	NA	0	NA	NA	NA	NA	0	1	0	-	NA	fixed	NA	none	0	False	containment 0.00 < 0.5; only 0/1 enzymes produced a fit; no PTR estimate	BcgI:only 0 windows after outlier trimming	no enzyme produced a usable estimate
CRR1310406	GCF_000308055.1	s__Pauljensenia_sp000308055	NA	NA	NA	0	NA	NA	NA	0	NA	NA	NA	NA	0	1	0	-	NA	fixed	NA	none	0	False	containment 0.00 < 0.5; only 0/1 enzymes produced a fit; no PTR estimate	BcgI:only 0 windows after outlier trimming	no enzyme produced a usable estimate
CRR1310406	GCF_000312445.1	s__Phocaeicola_abscessus	NA	NA	NA	0	NA	NA	NA	0	NA	NA	NA	NA	0	1	0	-	NA	fixed	NA	none	0	False	containment 0.00 < 0.5; only 0/1 enzymes produced a fit; no PTR estimate	BcgI:only 0 windows after outlier trimming	no enzyme produced a usable estimate
CRR1310406	GCF_000314795.2	s__Streptococcus_sp000314795	NA	NA	NA	0	NA	NA	NA	0	NA	NA	NA	NA	0	1	0	-	NA	fixed	NA	none	0	False	containment 0.00 < 0.5; only 0/1 enzymes produced a fit; no PTR estimate	BcgI:only 0 windows after outlier trimming	no enzyme produced a usable estimate
CRR1310406	GCF_000317125.1	s__Chroococcidiopsis_thermalis	NA	NA	NA	0	NA	NA	NA	0	NA	NA	NA	NA	0	1	0	-	NA	fixed	NA	none	0	False	containment 0.00 < 0.5; only 0/1 enzymes produced a fit; no PTR estimate	BcgI:only 0 windows after outlier trimming	no enzyme produced a usable estimate
CRR1310406	GCF_000318095.2	s__F0040_sp000318095	NA	NA	NA	0	NA	NA	NA	0	NA	NA	NA	NA	0	1	0	-	NA	fixed	NA	none	0	False	containment 0.00 < 0.5; only 0/1 enzymes produced a fit; no PTR estimate	BcgI:only 0 windows after outlier trimming	no enzyme produced a usable estimate
CRR1310406	GCF_000318175.2	s__Centipeda_sp000318175	NA	NA	NA	0	NA	NA	NA	0	NA	NA	NA	NA	0	1	0	-	NA	fixed	NA	none	0	False	containment 0.00 < 0.5; only 0/1 enzymes produced a fit; no PTR estimate	BcgI:only 0 windows after outlier trimming	no enzyme produced a usable estimate
CRR1310406	GCF_000318215.2	s__Porphyromonas_catoniae	NA	NA	NA	0	NA	NA	NA	0	NA	NA	NA	NA	0	1	0	-	NA	fixed	NA	none	0	False	containment 0.00 < 0.5; only 0/1 enzymes produced a fit; no PTR estimate	BcgI:only 0 windows after outlier trimming	no enzyme produced a usable estimate
CRR1310406	GCF_000318275.2	s__Capnocytophaga_sp000318275	NA	NA	NA	0	NA	NA	NA	0	NA	NA	NA	NA	0	1	0	-	NA	fixed	NA	none	0	False	containment 0.00 < 0.5; only 0/1 enzymes produced a fit; no PTR estimate	BcgI:only 0 windows after outlier trimming	no enzyme produced a usable estimate
CRR1310406	GCF_000328265.2	s__Neisseria_meningitidis	NA	NA	NA	0	NA	NA	NA	0	NA	NA	NA	NA	0	1	0	-	NA	fixed	NA	none	0	False	containment 0.00 < 0.5; only 0/1 enzymes produced a fit; no PTR estimate	BcgI:only 0 windows after outlier trimming	no enzyme produced a usable estimate
CRR1310406	GCF_000332975.1	s__Gordonia_aichiensis	NA	NA	NA	0	NA	NA	NA	0	NA	NA	NA	NA	0	1	0	-	NA	fixed	NA	none	0	False	containment 0.00 < 0.5; only 0/1 enzymes produced a fit; no PTR estimate	BcgI:only 0 windows after outlier trimming	no enzyme produced a usable estimate
CRR1310406	GCF_000338475.1	s__Treponema_B_denticola_A	NA	NA	NA	0	NA	NA	NA	0	NA	NA	NA	NA	0	1	0	-	NA	fixed	NA	none	0	False	containment 0.00 < 0.5; only 0/1 enzymes produced a fit; no PTR estimate	BcgI:only 0 windows after outlier trimming	no enzyme produced a usable estimate
CRR1310406	GCF_000344295.2	s__Campylobacter_A_showae_B	NA	NA	NA	0	NA	NA	NA	0	NA	NA	NA	NA	0	1	0	-	NA	fixed	NA	none	0	False	containment 0.00 < 0.5; only 0/1 enzymes produced a fit; no PTR estimate	BcgI:only 0 windows after outlier trimming	no enzyme produced a usable estimate
CRR1310406	GCF_000364865.1	s__Pauljensenia_cardiffensis	NA	NA	NA	0	NA	NA	NA	0	NA	NA	NA	NA	0	1	0	-	NA	fixed	NA	none	0	False	containment 0.00 < 0.5; only 0/1 enzymes produced a fit; no PTR estimate	BcgI:only 0 windows after outlier trimming	no enzyme produced a usable estimate
CRR1310406	GCF_000368705.1	s__Acinetobacter_soli	NA	NA	NA	0	NA	NA	NA	0	NA	NA	NA	NA	0	1	0	-	NA	fixed	NA	none	0	False	containment 0.00 < 0.5; only 0/1 enzymes produced a fit; no PTR estimate	BcgI:only 0 windows after outlier trimming	no enzyme produced a usable estimate
CRR1310406	GCF_000368745.1	s__Acinetobacter_junii	NA	NA	NA	0	NA	NA	NA	0	NA	NA	NA	NA	0	1	0	-	NA	fixed	NA	none	0	False	containment 0.00 < 0.5; only 0/1 enzymes produced a fit; no PTR estimate	BcgI:only 0 windows after outlier trimming	no enzyme produced a usable estimate
CRR1310406	GCF_000373045.1	s__Leptotrichia_shahii	NA	NA	NA	0	NA	NA	NA	0	NA	NA	NA	NA	0	1	0	-	NA	fixed	NA	none	0	False	containment 0.00 < 0.5; only 0/1 enzymes produced a fit; no PTR estimate	BcgI:only 0 windows after outlier trimming	no enzyme produced a usable estimate
CRR1310406	GCF_000381265.1	s__Curvibacter_lanceolatus	NA	NA	NA	0	NA	NA	NA	0	NA	NA	NA	NA	0	1	0	-	NA	fixed	NA	none	0	False	containment 0.00 < 0.5; only 0/1 enzymes produced a fit; no PTR estimate	BcgI:only 0 windows after outlier trimming	no enzyme produced a usable estimate
CRR1310406	GCF_000394615.1	s__Enterococcus_A_gilvus	NA	NA	NA	0	NA	NA	NA	0	NA	NA	NA	NA	0	1	0	-	NA	fixed	NA	none	0	False	containment 0.00 < 0.5; only 0/1 enzymes produced a fit; no PTR estimate	BcgI:only 0 windows after outlier trimming	no enzyme produced a usable estimate
CRR1310406	GCF_000411555.1	s__Lancefieldella_sp000411555	NA	NA	NA	0	NA	NA	NA	0	NA	NA	NA	NA	0	1	0	-	NA	fixed	NA	none	0	False	containment 0.00 < 0.5; only 0/1 enzymes produced a fit; no PTR estimate	BcgI:only 0 windows after outlier trimming	no enzyme produced a usable estimate
CRR1310406	GCF_000412995.1	s__Treponema_vincentii	NA	NA	NA	0	NA	NA	NA	0	NA	NA	NA	NA	0	1	0	-	NA	fixed	NA	none	0	False	containment 0.00 < 0.5; only 0/1 enzymes produced a fit; no PTR estimate	BcgI:only 0 windows after outlier trimming	no enzyme produced a usable estimate
CRR1310406	GCF_000413035.1	s__Treponema_medium	NA	NA	NA	0	NA	NA	NA	0	NA	NA	NA	NA	0	1	0	-	NA	fixed	NA	none	0	False	containment 0.00 < 0.5; only 0/1 enzymes produced a fit; no PTR estimate	BcgI:only 0 windows after outlier trimming	no enzyme produced a usable estimate
CRR1310406	GCF_000413055.1	s__Treponema_C_maltophilum	NA	NA	NA	0	NA	NA	NA	0	NA	NA	NA	NA	0	1	0	-	NA	fixed	NA	none	0	False	containment 0.00 < 0.5; only 0/1 enzymes produced a fit; no PTR estimate	BcgI:only 0 windows after outlier trimming	no enzyme produced a usable estimate
CRR1310406	GCF_000417695.2	s__Chlamydophila_ibidis	NA	NA	NA	0	NA	NA	NA	0	NA	NA	NA	NA	0	1	0	-	NA	fixed	NA	none	0	False	containment 0.00 < 0.5; only 0/1 enzymes produced a fit; no PTR estimate	BcgI:only 0 windows after outlier trimming	no enzyme produced a usable estimate
CRR1310406	GCF_000425005.1	s__Bulleidia_moorei	NA	NA	NA	0.006302521008	NA	NA	NA	0	NA	NA	NA	NA	0	1	0	-	NA	fixed	NA	none	0	False	containment 0.01 < 0.5; only 0/1 enzymes produced a fit; no PTR estimate	BcgI:only 1 windows after outlier trimming	no enzyme produced a usable estimate
CRR1310406	GCF_000426585.1	s__Prevotella_baroniae	NA	NA	NA	0	NA	NA	NA	0	NA	NA	NA	NA	0	1	0	-	NA	fixed	NA	none	0	False	containment 0.00 < 0.5; only 0/1 enzymes produced a fit; no PTR estimate	BcgI:only 0 windows after outlier trimming	no enzyme produced a usable estimate
CRR1310406	GCF_000426665.1	s__Centipeda_artemidis	NA	NA	NA	0	NA	NA	NA	0	NA	NA	NA	NA	0	1	0	-	NA	fixed	NA	none	0	False	containment 0.00 < 0.5; only 0/1 enzymes produced a fit; no PTR estimate	BcgI:only 0 windows after outlier trimming	no enzyme produced a usable estimate
CRR1310406	GCF_000428965.1	s__Leptotrichia_hofstadii	NA	NA	NA	0	NA	NA	NA	0	NA	NA	NA	NA	0	1	0	-	NA	fixed	NA	none	0	False	containment 0.00 < 0.5; only 0/1 enzymes produced a fit; no PTR estimate	BcgI:only 0 windows after outlier trimming	no enzyme produced a usable estimate
CRR1310406	GCF_000429225.1	s__Actinomyces_dentalis	NA	NA	NA	0	NA	NA	NA	0	NA	NA	NA	NA	0	1	0	-	NA	fixed	NA	none	0	False	containment 0.00 < 0.5; only 0/1 enzymes produced a fit; no PTR estimate	BcgI:only 0 windows after outlier trimming	no enzyme produced a usable estimate
CRR1310406	GCF_000429245.1	s__Pauljensenia_georgiae	NA	NA	NA	0	NA	NA	NA	0	NA	NA	NA	NA	0	1	0	-	NA	fixed	NA	none	0	False	containment 0.00 < 0.5; only 0/1 enzymes produced a fit; no PTR estimate	BcgI:only 0 windows after outlier trimming	no enzyme produced a usable estimate
CRR1310406	GCF_000429265.1	s__Actinomyces_gerencseriae	NA	NA	NA	0	NA	NA	NA	0	NA	NA	NA	NA	0	1	0	-	NA	fixed	NA	none	0	False	containment 0.00 < 0.5; only 0/1 enzymes produced a fit; no PTR estimate	BcgI:only 0 windows after outlier trimming	no enzyme produced a usable estimate
CRR1310406	GCF_000430045.1	s__Calidithermus_chliarophilus	NA	NA	NA	0.0003159557662	NA	NA	NA	0	NA	NA	NA	NA	0	1	0	-	NA	fixed	NA	none	0	False	containment 0.00 < 0.5; only 0/1 enzymes produced a fit; no PTR estimate	BcgI:only 1 windows after outlier trimming	no enzyme produced a usable estimate
CRR1310406	GCF_000442155.1	s__Streptococcus_oralis_F	NA	NA	NA	0	NA	NA	NA	0	NA	NA	NA	NA	0	1	0	-	NA	fixed	NA	none	0	False	containment 0.00 < 0.5; only 0/1 enzymes produced a fit; no PTR estimate	BcgI:only 0 windows after outlier trimming	no enzyme produced a usable estimate
CRR1310406	GCF_000448565.1	s__Streptococcus_sp000448565	NA	NA	NA	0	NA	NA	NA	0	NA	NA	NA	NA	0	1	0	-	NA	fixed	NA	none	0	False	containment 0.00 < 0.5; only 0/1 enzymes produced a fit; no PTR estimate	BcgI:only 0 windows after outlier trimming	no enzyme produced a usable estimate
CRR1310406	GCF_000455385.1	s__Pseudomonas_F_alcaligenes_A	NA	NA	NA	0	NA	NA	NA	0	NA	NA	NA	NA	0	1	0	-	NA	fixed	NA	none	0	False	containment 0.00 < 0.5; only 0/1 enzymes produced a fit; no PTR estimate	BcgI:only 0 windows after outlier trimming	no enzyme produced a usable estimate
CRR1310406	GCF_000464455.1	s__Treponema_D_socranskii	NA	NA	NA	0	NA	NA	NA	0	NA	NA	NA	NA	0	1	0	-	NA	fixed	NA	none	0	False	containment 0.00 < 0.5; only 0/1 enzymes produced a fit; no PTR estimate	BcgI:only 0 windows after outlier trimming	no enzyme produced a usable estimate
CRR1310406	GCF_000464495.1	s__Cutibacterium_granulosum	NA	NA	NA	0.0003727171077	NA	NA	NA	0	NA	NA	NA	NA	0	1	0	-	NA	fixed	NA	none	0	False	containment 0.00 < 0.5; only 0/1 enzymes produced a fit; no PTR estimate	BcgI:only 0 windows after outlier trimming	no enzyme produced a usable estimate
CRR1310406	GCF_000466165.1	s__Peptidiphaga_sp000466165	NA	NA	NA	0	NA	NA	NA	0	NA	NA	NA	NA	0	1	0	-	NA	fixed	NA	none	0	False	containment 0.00 < 0.5; only 0/1 enzymes produced a fit; no PTR estimate	BcgI:only 0 windows after outlier trimming	no enzyme produced a usable estimate
CRR1310406	GCF_000466335.1	s__Aggregatibacter_sp000466335	NA	NA	NA	0	NA	NA	NA	0	NA	NA	NA	NA	0	1	0	-	NA	fixed	NA	none	0	False	containment 0.00 < 0.5; only 0/1 enzymes produced a fit; no PTR estimate	BcgI:only 0 windows after outlier trimming	no enzyme produced a usable estimate
CRR1310406	GCF_000466425.1	s__Capnocytophaga_sp000466425	NA	NA	NA	0	NA	NA	NA	0	NA	NA	NA	NA	0	1	0	-	NA	fixed	NA	none	0	False	containment 0.00 < 0.5; only 0/1 enzymes produced a fit; no PTR estimate	BcgI:only 0 windows after outlier trimming	no enzyme produced a usable estimate
CRR1310406	GCF_000466685.1	s__Campylobacter_A_concisus_A	NA	NA	NA	0	NA	NA	NA	0	NA	NA	NA	NA	0	1	0	-	NA	fixed	NA	none	0	False	containment 0.00 < 0.5; only 0/1 enzymes produced a fit; no PTR estimate	BcgI:only 0 windows after outlier trimming	no enzyme produced a usable estimate
CRR1310406	GCF_000467855.2	s__Porphyromonas_sp000467855	NA	NA	NA	0	NA	NA	NA	0	NA	NA	NA	NA	0	1	0	-	NA	fixed	NA	none	0	False	containment 0.00 < 0.5; only 0/1 enzymes produced a fit; no PTR estimate	BcgI:only 0 windows after outlier trimming	no enzyme produced a usable estimate
CRR1310406	GCF_000467875.1	s__Prevotella_disiens	NA	NA	NA	0	NA	NA	NA	0	NA	NA	NA	NA	0	1	0	-	NA	fixed	NA	none	0	False	containment 0.00 < 0.5; only 0/1 enzymes produced a fit; no PTR estimate	BcgI:only 0 windows after outlier trimming	no enzyme produced a usable estimate
CRR1310406	GCF_000467895.1	s__Prevotella_sp000467895	NA	NA	NA	0	NA	NA	NA	0	NA	NA	NA	NA	0	1	0	-	NA	fixed	NA	none	0	False	containment 0.00 < 0.5; only 0/1 enzymes produced a fit; no PTR estimate	BcgI:only 0 windows after outlier trimming	no enzyme produced a usable estimate
CRR1310406	GCF_000468035.1	s__Centipeda_sp000468035	NA	NA	NA	0	NA	NA	NA	0	NA	NA	NA	NA	0	1	0	-	NA	fixed	NA	none	0	False	containment 0.00 < 0.5; only 0/1 enzymes produced a fit; no PTR estimate	BcgI:only 0 windows after outlier trimming	no enzyme produced a usable estimate
CRR1310406	GCF_000468055.1	s__Treponema_C_lecithinolyticum	NA	NA	NA	0	NA	NA	NA	0	NA	NA	NA	NA	0	1	0	-	NA	fixed	NA	none	0	False	containment 0.00 < 0.5; only 0/1 enzymes produced a fit; no PTR estimate	BcgI:only 0 windows after outlier trimming	no enzyme produced a usable estimate
CRR1310406	GCF_000468755.1	s__Olsenella_profusa	NA	NA	NA	0	NA	NA	NA	0	NA	NA	NA	NA	0	1	0	-	NA	fixed	NA	none	0	False	containment 0.00 < 0.5; only 0/1 enzymes produced a fit; no PTR estimate	BcgI:only 0 windows after outlier trimming	no enzyme produced a usable estimate
CRR1310406	GCF_000469385.1	s__Leptotrichia_sp000469385	NA	NA	NA	0	NA	NA	NA	0	NA	NA	NA	NA	0	1	0	-	NA	fixed	NA	none	0	False	containment 0.00 < 0.5; only 0/1 enzymes produced a fit; no PTR estimate	BcgI:only 0 windows after outlier trimming	no enzyme produced a usable estimate
CRR1310406	GCF_000469405.1	s__Leptotrichia_wadei	NA	NA	NA	0	NA	NA	NA	0	NA	NA	NA	NA	0	1	0	-	NA	fixed	NA	none	0	False	containment 0.00 < 0.5; only 0/1 enzymes produced a fit; no PTR estimate	BcgI:only 0 windows after outlier trimming	no enzyme produced a usable estimate
CRR1310406	GCF_000469505.1	s__Leptotrichia_A_sp000469505	NA	NA	NA	0	NA	NA	NA	0	NA	NA	NA	NA	0	1	0	-	NA	fixed	NA	none	0	False	containment 0.00 < 0.5; only 0/1 enzymes produced a fit; no PTR estimate	BcgI:only 0 windows after outlier trimming	no enzyme produced a usable estimate
CRR1310406	GCF_000469525.1	s__Leptotrichia_massiliensis	NA	NA	NA	0	NA	NA	NA	0	NA	NA	NA	NA	0	1	0	-	NA	fixed	NA	none	0	False	containment 0.00 < 0.5; only 0/1 enzymes produced a fit; no PTR estimate	BcgI:only 0 windows after outlier trimming	no enzyme produced a usable estimate
CRR1310406	GCF_000469545.1	s__Mitsuokella_sp000469545	NA	NA	NA	0	NA	NA	NA	0	NA	NA	NA	NA	0	1	0	-	NA	fixed	NA	none	0	False	containment 0.00 < 0.5; only 0/1 enzymes produced a fit; no PTR estimate	BcgI:only 0 windows after outlier trimming	no enzyme produced a usable estimate
CRR1310406	GCF_000477375.1	s__Kingella_kingae	NA	NA	NA	0	NA	NA	NA	0	NA	NA	NA	NA	0	1	0	-	NA	fixed	NA	none	0	False	containment 0.00 < 0.5; only 0/1 enzymes produced a fit; no PTR estimate	BcgI:only 0 windows after outlier trimming	no enzyme produced a usable estimate
CRR1310406	GCF_000479205.1	s__Fusobacterium_vincentii	NA	NA	NA	0	NA	NA	NA	0	NA	NA	NA	NA	0	1	0	-	NA	fixed	NA	none	0	False	containment 0.00 < 0.5; only 0/1 enzymes produced a fit; no PTR estimate	BcgI:only 0 windows after outlier trimming	no enzyme produced a usable estimate
CRR1310406	GCF_000482505.1	s__Leptotrichia_trevisanii	NA	NA	NA	0	NA	NA	NA	0	NA	NA	NA	NA	0	1	0	-	NA	fixed	NA	none	0	False	containment 0.00 < 0.5; only 0/1 enzymes produced a fit; no PTR estimate	BcgI:only 0 windows after outlier trimming	no enzyme produced a usable estimate
CRR1310406	GCF_000485555.1	s__Metamycoplasma_salivarium	NA	NA	NA	0	NA	NA	NA	0	NA	NA	NA	NA	0	1	0	-	NA	fixed	NA	none	0	False	containment 0.00 < 0.5; only 0/1 enzymes produced a fit; no PTR estimate	BcgI:only 0 windows after outlier trimming	no enzyme produced a usable estimate
CRR1310406	GCF_000488855.1	s__Eubacterium_M_brachy	NA	NA	NA	0	NA	NA	NA	0	NA	NA	NA	NA	0	1	0	-	NA	fixed	NA	none	0	False	containment 0.00 < 0.5; only 0/1 enzymes produced a fit; no PTR estimate	BcgI:only 0 windows after outlier trimming	no enzyme produced a usable estimate
CRR1310406	GCF_000496715.1	s__Cupriavidus_metallidurans	NA	NA	NA	0.0002392630697	NA	NA	NA	0	NA	NA	NA	NA	0	1	0	-	NA	fixed	NA	none	0	False	containment 0.00 < 0.5; only 0/1 enzymes produced a fit; no PTR estimate	BcgI:only 0 windows after outlier trimming	no enzyme produced a usable estimate
CRR1310406	GCF_000510425.1	s__Eubacterium_A_nodatum	NA	NA	NA	0	NA	NA	NA	0	NA	NA	NA	NA	0	1	0	-	NA	fixed	NA	none	0	False	containment 0.00 < 0.5; only 0/1 enzymes produced a fit; no PTR estimate	BcgI:only 0 windows after outlier trimming	no enzyme produced a usable estimate
CRR1310406	GCF_000512995.1	s__Lachnoanaerobaculum_sp000296385	NA	NA	NA	0	NA	NA	NA	0	NA	NA	NA	NA	0	1	0	-	NA	fixed	NA	none	0	False	containment 0.00 < 0.5; only 0/1 enzymes produced a fit; no PTR estimate	BcgI:only 0 windows after outlier trimming	no enzyme produced a usable estimate
CRR1310406	GCF_000521305.1	s__Streptococcus_thermophilus	571	124.9241695	0.05142857143	0.03448275862	8.3275411e-05	-13.55174991	NA	175	0.9991675859	4.740511066	-22.84298086	-4.260518947	1	1	1	BcgI	NA	fixed	1245666.633	glm	7	False	fraction 0.05 < 0.75; dispersion 124.92 > 5.0; containment 0.03 < 0.5	-	single enzyme: no cross-enzyme consistency check available
CRR1310406	GCF_000526055.1	s__Eubacterium_B_sulci	NA	NA	NA	0	NA	NA	NA	0	NA	NA	NA	NA	0	1	0	-	NA	fixed	NA	none	0	False	containment 0.00 < 0.5; only 0/1 enzymes produced a fit; no PTR estimate	BcgI:only 0 windows after outlier trimming	no enzyme produced a usable estimate
CRR1310406	GCF_000526095.1	s__Streptococcus_halitosis	NA	NA	NA	0	NA	NA	NA	0	NA	NA	NA	NA	0	1	0	-	NA	fixed	NA	none	0	False	containment 0.00 < 0.5; only 0/1 enzymes produced a fit; no PTR estimate	BcgI:only 0 windows after outlier trimming	no enzyme produced a usable estimate
CRR1310406	GCF_000565035.1	s__Pauljensenia_sp001072465	NA	NA	NA	0	NA	NA	NA	0	NA	NA	NA	NA	0	1	0	-	NA	fixed	NA	none	0	False	containment 0.00 < 0.5; only 0/1 enzymes produced a fit; no PTR estimate	BcgI:only 0 windows after outlier trimming	no enzyme produced a usable estimate
CRR1310406	GCF_000577555.1	s__Corynebacterium_jeddahense	NA	NA	NA	0	NA	NA	NA	0	NA	NA	NA	NA	0	1	0	-	NA	fixed	NA	none	0	False	containment 0.00 < 0.5; only 0/1 enzymes produced a fit; no PTR estimate	BcgI:only 0 windows after outlier trimming	no enzyme produced a usable estimate
CRR1310406	GCF_000599605.1	s__Prevotella_sp000599605	NA	NA	NA	0	NA	NA	NA	0	NA	NA	NA	NA	0	1	0	-	NA	fixed	NA	none	0	False	containment 0.00 < 0.5; only 0/1 enzymes produced a fit; no PTR estimate	BcgI:only 0 windows after outlier trimming	no enzyme produced a usable estimate
CRR1310406	GCF_000607165.1	s__Ralstonia_pickettii_A	NA	NA	NA	0.0003531073446	NA	NA	NA	0	NA	NA	NA	NA	0	1	0	-	NA	fixed	NA	none	0	False	containment 0.00 < 0.5; only 0/1 enzymes produced a fit; no PTR estimate	BcgI:only 0 windows after outlier trimming	no enzyme produced a usable estimate
CRR1310406	GCF_000613445.1	s__Prevotella_shahii	NA	NA	NA	0	NA	NA	NA	0	NA	NA	NA	NA	0	1	0	-	NA	fixed	NA	none	0	False	containment 0.00 < 0.5; only 0/1 enzymes produced a fit; no PTR estimate	BcgI:only 0 windows after outlier trimming	no enzyme produced a usable estimate
CRR1310406	GCF_000613485.1	s__Prevotella_loescheii	NA	NA	NA	0	NA	NA	NA	0	NA	NA	NA	NA	0	1	0	-	NA	fixed	NA	none	0	False	containment 0.00 < 0.5; only 0/1 enzymes produced a fit; no PTR estimate	BcgI:only 0 windows after outlier trimming	no enzyme produced a usable estimate
CRR1310406	GCF_000613625.1	s__Prevotella_marshii	NA	NA	NA	0	NA	NA	NA	0	NA	NA	NA	NA	0	1	0	-	NA	fixed	NA	none	0	False	containment 0.00 < 0.5; only 0/1 enzymes produced a fit; no PTR estimate	BcgI:only 0 windows after outlier trimming	no enzyme produced a usable estimate
CRR1310406	GCF_000613725.1	s__Prevotella_pleuritidis	NA	NA	NA	0	NA	NA	NA	0	NA	NA	NA	NA	0	1	0	-	NA	fixed	NA	none	0	False	containment 0.00 < 0.5; only 0/1 enzymes produced a fit; no PTR estimate	BcgI:only 0 windows after outlier trimming	no enzyme produced a usable estimate
CRR1310406	GCF_000613785.1	s__Prevotella_oulorum	NA	NA	NA	0	NA	NA	NA	0	NA	NA	NA	NA	0	1	0	-	NA	fixed	NA	none	0	False	containment 0.00 < 0.5; only 0/1 enzymes produced a fit; no PTR estimate	BcgI:only 0 windows after outlier trimming	no enzyme produced a usable estimate
CRR1310406	GCF_000613925.1	s__Prevotella_histicola	NA	NA	NA	0	NA	NA	NA	0	NA	NA	NA	NA	0	1	0	-	NA	fixed	NA	none	0	False	containment 0.00 < 0.5; only 0/1 enzymes produced a fit; no PTR estimate	BcgI:only 0 windows after outlier trimming	no enzyme produced a usable estimate
CRR1310406	GCF_000613945.1	s__Prevotella_falsenii	NA	NA	NA	0	NA	NA	NA	0	NA	NA	NA	NA	0	1	0	-	NA	fixed	NA	none	0	False	containment 0.00 < 0.5; only 0/1 enzymes produced a fit; no PTR estimate	BcgI:only 0 windows after outlier trimming	no enzyme produced a usable estimate
CRR1310406	GCF_000613965.1	s__Prevotella_maculosa	NA	NA	NA	0	NA	NA	NA	0	NA	NA	NA	NA	0	1	0	-	NA	fixed	NA	none	0	False	containment 0.00 < 0.5; only 0/1 enzymes produced a fit; no PTR estimate	BcgI:only 0 windows after outlier trimming	no enzyme produced a usable estimate
CRR1310406	GCF_000613985.1	s__Prevotella_nanceiensis	NA	NA	NA	0	NA	NA	NA	0	NA	NA	NA	NA	0	1	0	-	NA	fixed	NA	none	0	False	containment 0.00 < 0.5; only 0/1 enzymes produced a fit; no PTR estimate	BcgI:only 0 windows after outlier trimming	no enzyme produced a usable estimate
CRR1310406	GCF_000614025.1	s__Prevotella_aurantiaca	NA	NA	NA	0	NA	NA	NA	0	NA	NA	NA	NA	0	1	0	-	NA	fixed	NA	none	0	False	containment 0.00 < 0.5; only 0/1 enzymes produced a fit; no PTR estimate	BcgI:only 0 windows after outlier trimming	no enzyme produced a usable estimate
CRR1310406	GCF_000614205.1	s__Prevotella_saccharolytica	NA	NA	NA	0	NA	NA	NA	0	NA	NA	NA	NA	0	1	0	-	NA	fixed	NA	none	0	False	containment 0.00 < 0.5; only 0/1 enzymes produced a fit; no PTR estimate	BcgI:only 0 windows after outlier trimming	no enzyme produced a usable estimate
CRR1310406	GCF_000614245.1	s__Prevotella_fusca	NA	NA	NA	0	NA	NA	NA	0	NA	NA	NA	NA	0	1	0	-	NA	fixed	NA	none	0	False	containment 0.00 < 0.5; only 0/1 enzymes produced a fit; no PTR estimate	BcgI:only 0 windows after outlier trimming	no enzyme produced a usable estimate
CRR1310406	GCF_000620465.1	s__Ralstonia_sp000620465	NA	NA	NA	0.0002320724066	NA	NA	NA	0	NA	NA	NA	NA	0	1	0	-	NA	fixed	NA	none	0	False	containment 0.00 < 0.5; only 0/1 enzymes produced a fit; no PTR estimate	BcgI:only 0 windows after outlier trimming	no enzyme produced a usable estimate
CRR1310406	GCF_000633415.1	s__Leucobacter_sp000633415	NA	NA	NA	0	NA	NA	NA	0	NA	NA	NA	NA	0	1	0	-	NA	fixed	NA	none	0	False	containment 0.00 < 0.5; only 0/1 enzymes produced a fit; no PTR estimate	BcgI:only 0 windows after outlier trimming	no enzyme produced a usable estimate
CRR1310406	GCF_000699745.1	s__Parabacteroides_distasonis	NA	NA	NA	0.01215189873	NA	NA	NA	0	NA	NA	NA	NA	0	1	0	-	NA	fixed	NA	none	0	False	containment 0.01 < 0.5; only 0/1 enzymes produced a fit; no PTR estimate	BcgI:only 1 windows after outlier trimming	no enzyme produced a usable estimate
CRR1310406	GCF_000711965.1	s__Actinomyces_israelii	NA	NA	NA	0	NA	NA	NA	0	NA	NA	NA	NA	0	1	0	-	NA	fixed	NA	none	0	False	containment 0.00 < 0.5; only 0/1 enzymes produced a fit; no PTR estimate	BcgI:only 0 windows after outlier trimming	no enzyme produced a usable estimate
CRR1310406	GCF_000722685.1	s__Streptococcus_mitis_M	NA	NA	NA	0	NA	NA	NA	0	NA	NA	NA	NA	0	1	0	-	NA	fixed	NA	none	0	False	containment 0.00 < 0.5; only 0/1 enzymes produced a fit; no PTR estimate	BcgI:only 0 windows after outlier trimming	no enzyme produced a usable estimate
CRR1310406	GCF_000722705.1	s__Streptococcus_mitis_P	NA	NA	NA	0	NA	NA	NA	0	NA	NA	NA	NA	0	1	0	-	NA	fixed	NA	none	0	False	containment 0.00 < 0.5; only 0/1 enzymes produced a fit; no PTR estimate	BcgI:only 0 windows after outlier trimming	no enzyme produced a usable estimate
CRR1310406	GCF_000722755.1	s__Streptococcus_mitis_BE	NA	NA	NA	0	NA	NA	NA	0	NA	NA	NA	NA	0	1	0	-	NA	fixed	NA	none	0	False	containment 0.00 < 0.5; only 0/1 enzymes produced a fit; no PTR estimate	BcgI:only 0 windows after outlier trimming	no enzyme produced a usable estimate
CRR1310406	GCF_000722775.1	s__Streptococcus_mitis_AV	NA	NA	NA	0	NA	NA	NA	0	NA	NA	NA	NA	0	1	0	-	NA	fixed	NA	none	0	False	containment 0.00 < 0.5; only 0/1 enzymes produced a fit; no PTR estimate	BcgI:only 0 windows after outlier trimming	no enzyme produced a usable estimate
CRR1310406	GCF_000722815.1	s__Streptococcus_chosunense	NA	NA	NA	0.01176470588	NA	NA	NA	0	NA	NA	NA	NA	0	1	0	-	NA	fixed	NA	none	0	False	containment 0.01 < 0.5; only 0/1 enzymes produced a fit; no PTR estimate	BcgI:only 0 windows after outlier trimming	no enzyme produced a usable estimate
CRR1310406	GCF_000722835.1	s__Streptococcus_mitis	NA	NA	NA	0	NA	NA	NA	0	NA	NA	NA	NA	0	1	0	-	NA	fixed	NA	none	0	False	containment 0.00 < 0.5; only 0/1 enzymes produced a fit; no PTR estimate	BcgI:only 0 windows after outlier trimming	no enzyme produced a usable estimate
CRR1310406	GCF_000722845.1	s__Streptococcus_oralis_BC	NA	NA	NA	0	NA	NA	NA	0	NA	NA	NA	NA	0	1	0	-	NA	fixed	NA	none	0	False	containment 0.00 < 0.5; only 0/1 enzymes produced a fit; no PTR estimate	BcgI:only 0 windows after outlier trimming	no enzyme produced a usable estimate
CRR1310406	GCF_000740795.1	s__Haematobacter_massiliensis	NA	NA	NA	0.0002328830927	NA	NA	NA	0	NA	NA	NA	NA	0	1	0	-	NA	fixed	NA	none	0	False	containment 0.00 < 0.5; only 0/1 enzymes produced a fit; no PTR estimate	BcgI:only 1 windows after outlier trimming	no enzyme produced a usable estimate
CRR1310406	GCF_000745955.1	s__Alysiella_crassa	NA	NA	NA	0	NA	NA	NA	0	NA	NA	NA	NA	0	1	0	-	NA	fixed	NA	none	0	False	containment 0.00 < 0.5; only 0/1 enzymes produced a fit; no PTR estimate	BcgI:only 0 windows after outlier trimming	no enzyme produced a usable estimate
CRR1310406	GCF_000751855.1	s__Kingella_negevensis	NA	NA	NA	0	NA	NA	NA	0	NA	NA	NA	NA	0	1	0	-	NA	fixed	NA	none	0	False	containment 0.00 < 0.5; only 0/1 enzymes produced a fit; no PTR estimate	BcgI:only 0 windows after outlier trimming	no enzyme produced a usable estimate
CRR1310406	GCF_000758755.1	s__Pauljensenia_sp000758755	NA	NA	NA	0.0008012820513	NA	NA	NA	0	NA	NA	NA	NA	0	1	0	-	NA	fixed	NA	none	0	False	containment 0.00 < 0.5; only 0/1 enzymes produced a fit; no PTR estimate	BcgI:only 1 windows after outlier trimming	no enzyme produced a usable estimate
CRR1310406	GCF_000758925.1	s__Prevotella_sp000758925	NA	NA	NA	0	NA	NA	NA	0	NA	NA	NA	NA	0	1	0	-	NA	fixed	NA	none	0	False	containment 0.00 < 0.5; only 0/1 enzymes produced a fit; no PTR estimate	BcgI:only 0 windows after outlier trimming	no enzyme produced a usable estimate
CRR1310406	GCF_000758945.1	s__Lancefieldella_sp000564995	NA	NA	NA	0	NA	NA	NA	0	NA	NA	NA	NA	0	1	0	-	NA	fixed	NA	none	0	False	containment 0.00 < 0.5; only 0/1 enzymes produced a fit; no PTR estimate	BcgI:only 0 windows after outlier trimming	no enzyme produced a usable estimate
CRR1310406	GCF_000759045.1	s__Prevotella_bivia	NA	NA	NA	0.001072961373	NA	NA	NA	0	NA	NA	NA	NA	0	1	0	-	NA	fixed	NA	none	0	False	containment 0.00 < 0.5; only 0/1 enzymes produced a fit; no PTR estimate	BcgI:only 1 windows after outlier trimming	no enzyme produced a usable estimate
CRR1310406	GCF_000759305.1	s__Prevotella_melaninogenica	NA	NA	NA	0	NA	NA	NA	0	NA	NA	NA	NA	0	1	0	-	NA	fixed	NA	none	0	False	containment 0.00 < 0.5; only 0/1 enzymes produced a fit; no PTR estimate	BcgI:only 0 windows after outlier trimming	no enzyme produced a usable estimate
CRR1310406	GCF_000759315.1	s__Prevotella_amnii	NA	NA	NA	0	NA	NA	NA	0	NA	NA	NA	NA	0	1	0	-	NA	fixed	NA	none	0	False	containment 0.00 < 0.5; only 0/1 enzymes produced a fit; no PTR estimate	BcgI:only 0 windows after outlier trimming	no enzyme produced a usable estimate
CRR1310406	GCF_000762865.1	s__Prevotella_sp001553265	NA	NA	NA	0	NA	NA	NA	0	NA	NA	NA	NA	0	1	0	-	NA	fixed	NA	none	0	False	containment 0.00 < 0.5; only 0/1 enzymes produced a fit; no PTR estimate	BcgI:only 0 windows after outlier trimming	no enzyme produced a usable estimate
CRR1310406	GCF_000763805.1	s__Paracoccus_sphaerophysae	NA	NA	NA	0	NA	NA	NA	0	NA	NA	NA	NA	0	1	0	-	NA	fixed	NA	none	0	False	containment 0.00 < 0.5; only 0/1 enzymes produced a fit; no PTR estimate	BcgI:only 0 windows after outlier trimming	no enzyme produced a usable estimate
CRR1310406	GCF_000768875.1	s__Porphyromonas_sp000768875	NA	NA	NA	0	NA	NA	NA	0	NA	NA	NA	NA	0	1	0	-	NA	fixed	NA	none	0	False	containment 0.00 < 0.5; only 0/1 enzymes produced a fit; no PTR estimate	BcgI:only 0 windows after outlier trimming	no enzyme produced a usable estimate
CRR1310406	GCF_000768935.1	s__Porphyromonas_sp000769075	NA	NA	NA	0	NA	NA	NA	0	NA	NA	NA	NA	0	1	0	-	NA	fixed	NA	none	0	False	containment 0.00 < 0.5; only 0/1 enzymes produced a fit; no PTR estimate	BcgI:only 0 windows after outlier trimming	no enzyme produced a usable estimate
CRR1310406	GCF_000769015.1	s__Porphyromonas_gulae	NA	NA	NA	0	NA	NA	NA	0	NA	NA	NA	NA	0	1	0	-	NA	fixed	NA	none	0	False	containment 0.00 < 0.5; only 0/1 enzymes produced a fit; no PTR estimate	BcgI:only 0 windows after outlier trimming	no enzyme produced a usable estimate
CRR1310406	GCF_000771955.1	s__Gallibacterium_anatis	NA	NA	NA	0	NA	NA	NA	0	NA	NA	NA	NA	0	1	0	-	NA	fixed	NA	none	0	False	containment 0.00 < 0.5; only 0/1 enzymes produced a fit; no PTR estimate	BcgI:only 0 windows after outlier trimming	no enzyme produced a usable estimate
CRR1310406	GCF_000775995.1	s__Treponema_sp000775995	NA	NA	NA	0	NA	NA	NA	0	NA	NA	NA	NA	0	1	0	-	NA	fixed	NA	none	0	False	containment 0.00 < 0.5; only 0/1 enzymes produced a fit; no PTR estimate	BcgI:only 0 windows after outlier trimming	no enzyme produced a usable estimate
CRR1310406	GCF_000790885.1	s__Pseudomonas_aeruginosa	1.633632732	0.25	0.01625889047	0.005853087504	1.634491583	0.708841948	NA	532	0.6534283474	0.5123306031	-0.2953075822	1.712991478	1	1	1	BcgI	NA	fixed	2704620.985	glm	6	False	fraction 0.02 < 0.75; containment 0.01 < 0.5	-	single enzyme: no cross-enzyme consistency check available
CRR1310406	GCF_000799055.1	s__Ensifer_sp000799055	NA	NA	NA	9.048954846e-05	NA	NA	NA	0	NA	NA	NA	NA	0	1	0	-	NA	fixed	NA	none	0	False	containment 0.00 < 0.5; only 0/1 enzymes produced a fit; no PTR estimate	BcgI:only 1 windows after outlier trimming	no enzyme produced a usable estimate
CRR1310406	GCF_000801955.1	s__Ralstonia_sp000801955	NA	NA	NA	0	NA	NA	NA	0	NA	NA	NA	NA	0	1	0	-	NA	fixed	NA	none	0	False	containment 0.00 < 0.5; only 0/1 enzymes produced a fit; no PTR estimate	BcgI:only 0 windows after outlier trimming	no enzyme produced a usable estimate
CRR1310406	GCF_000803625.1	s__TM7x_sp000803625	NA	NA	NA	0	NA	NA	NA	0	NA	NA	NA	NA	0	1	0	-	NA	fixed	NA	none	0	False	containment 0.00 < 0.5; only 0/1 enzymes produced a fit; no PTR estimate	BcgI:only 0 windows after outlier trimming	no enzyme produced a usable estimate
CRR1310406	GCF_000813705.1	s__Neisseria_cerebrosa	NA	NA	NA	0	NA	NA	NA	0	NA	NA	NA	NA	0	1	0	-	NA	fixed	NA	none	0	False	containment 0.00 < 0.5; only 0/1 enzymes produced a fit; no PTR estimate	BcgI:only 0 windows after outlier trimming	no enzyme produced a usable estimate
CRR1310406	GCF_000814825.1	s__DNF00809_sp000814825	NA	NA	NA	0	NA	NA	NA	0	NA	NA	NA	NA	0	1	0	-	NA	fixed	NA	none	0	False	containment 0.00 < 0.5; only 0/1 enzymes produced a fit; no PTR estimate	BcgI:only 0 windows after outlier trimming	no enzyme produced a usable estimate
CRR1310406	GCF_000818035.1	s__Neisseria_elongata	NA	NA	NA	0	NA	NA	NA	0	NA	NA	NA	NA	0	1	0	-	NA	fixed	NA	none	0	False	containment 0.00 < 0.5; only 0/1 enzymes produced a fit; no PTR estimate	BcgI:only 0 windows after outlier trimming	no enzyme produced a usable estimate
CRR1310406	GCF_000820725.1	s__Pauljensenia_polynesiensis	NA	NA	NA	0	NA	NA	NA	0	NA	NA	NA	NA	0	1	0	-	NA	fixed	NA	none	0	False	containment 0.00 < 0.5; only 0/1 enzymes produced a fit; no PTR estimate	BcgI:only 0 windows after outlier trimming	no enzyme produced a usable estimate
CRR1310406	GCF_000827595.2	s__Necropsobacter_massiliensis	NA	NA	NA	0	NA	NA	NA	0	NA	NA	NA	NA	0	1	0	-	NA	fixed	NA	none	0	False	containment 0.00 < 0.5; only 0/1 enzymes produced a fit; no PTR estimate	BcgI:only 0 windows after outlier trimming	no enzyme produced a usable estimate
CRR1310406	GCF_000935585.1	s__Acidovorax_temperans	NA	NA	NA	0	NA	NA	NA	0	NA	NA	NA	NA	0	1	0	-	NA	fixed	NA	none	0	False	containment 0.00 < 0.5; only 0/1 enzymes produced a fit; no PTR estimate	BcgI:only 0 windows after outlier trimming	no enzyme produced a usable estimate
CRR1310406	GCF_000952155.1	s__Aliterella_atlantica	NA	NA	NA	0	NA	NA	NA	0	NA	NA	NA	NA	0	1	0	-	NA	fixed	NA	none	0	False	containment 0.00 < 0.5; only 0/1 enzymes produced a fit; no PTR estimate	BcgI:only 0 windows after outlier trimming	no enzyme produced a usable estimate
CRR1310406	GCF_000954135.1	s__Ralstonia_mannitolilytica	NA	NA	NA	0	NA	NA	NA	0	NA	NA	NA	NA	0	1	0	-	NA	fixed	NA	none	0	False	containment 0.00 < 0.5; only 0/1 enzymes produced a fit; no PTR estimate	BcgI:only 0 windows after outlier trimming	no enzyme produced a usable estimate
CRR1310406	GCF_000959945.1	s__Streptococcus_oralis_B	NA	NA	NA	0	NA	NA	NA	0	NA	NA	NA	NA	0	1	0	-	NA	fixed	NA	none	0	False	containment 0.00 < 0.5; only 0/1 enzymes produced a fit; no PTR estimate	BcgI:only 0 windows after outlier trimming	no enzyme produced a usable estimate
CRR1310406	GCF_000960085.1	s__Streptococcus_infantis_C	NA	NA	NA	0	NA	NA	NA	0	NA	NA	NA	NA	0	1	0	-	NA	fixed	NA	none	0	False	containment 0.00 < 0.5; only 0/1 enzymes produced a fit; no PTR estimate	BcgI:only 0 windows after outlier trimming	no enzyme produced a usable estimate
CRR1310406	GCF_000963255.1	s__Streptococcus_infantis_F	NA	NA	NA	0	NA	NA	NA	0	NA	NA	NA	NA	0	1	0	-	NA	fixed	NA	none	0	False	containment 0.00 < 0.5; only 0/1 enzymes produced a fit; no PTR estimate	BcgI:only 0 windows after outlier trimming	no enzyme produced a usable estimate
CRR1310406	GCF_000963285.1	s__Streptococcus_parasanguinis	NA	NA	NA	0	NA	NA	NA	0	NA	NA	NA	NA	0	1	0	-	NA	fixed	NA	none	0	False	containment 0.00 < 0.5; only 0/1 enzymes produced a fit; no PTR estimate	BcgI:only 0 windows after outlier trimming	no enzyme produced a usable estimate
CRR1310406	GCF_000967735.1	s__Paracoccus_marcusii	NA	NA	NA	0	NA	NA	NA	0	NA	NA	NA	NA	0	1	0	-	NA	fixed	NA	none	0	False	containment 0.00 < 0.5; only 0/1 enzymes produced a fit; no PTR estimate	BcgI:only 0 windows after outlier trimming	no enzyme produced a usable estimate
CRR1310406	GCF_000971865.1	s__Corynebacterium_argentoratense	NA	NA	NA	0	NA	NA	NA	0	NA	NA	NA	NA	0	1	0	-	NA	fixed	NA	none	0	False	containment 0.00 < 0.5; only 0/1 enzymes produced a fit; no PTR estimate	BcgI:only 0 windows after outlier trimming	no enzyme produced a usable estimate
CRR1310406	GCF_000974605.1	s__Cupriavidus_pauculus	NA	NA	NA	0.00157480315	NA	NA	NA	0	NA	NA	NA	NA	0	1	0	-	NA	fixed	NA	none	0	False	containment 0.00 < 0.5; only 0/1 enzymes produced a fit; no PTR estimate	BcgI:only 1 windows after outlier trimming	no enzyme produced a usable estimate
CRR1310406	GCF_000986865.1	s__Pararheinheimera_mesophila	NA	NA	NA	0	NA	NA	NA	0	NA	NA	NA	NA	0	1	0	-	NA	fixed	NA	none	0	False	containment 0.00 < 0.5; only 0/1 enzymes produced a fit; no PTR estimate	BcgI:only 0 windows after outlier trimming	no enzyme produced a usable estimate
CRR1310406	GCF_001014975.1	s__Novosphingobium_sp002336885	NA	NA	NA	0	NA	NA	NA	0	NA	NA	NA	NA	0	1	0	-	NA	fixed	NA	none	0	False	containment 0.00 < 0.5; only 0/1 enzymes produced a fit; no PTR estimate	BcgI:only 0 windows after outlier trimming	no enzyme produced a usable estimate
CRR1310406	GCF_001042695.1	s__Scardovia_inopinata	NA	NA	NA	0	NA	NA	NA	0	NA	NA	NA	NA	0	1	0	-	NA	fixed	NA	none	0	False	containment 0.00 < 0.5; only 0/1 enzymes produced a fit; no PTR estimate	BcgI:only 0 windows after outlier trimming	no enzyme produced a usable estimate
CRR1310406	GCF_001053035.1	s__Haemophilus_D_parainfluenzae_J	NA	NA	NA	0	NA	NA	NA	0	NA	NA	NA	NA	0	1	0	-	NA	fixed	NA	none	0	False	containment 0.00 < 0.5; only 0/1 enzymes produced a fit; no PTR estimate	BcgI:only 0 windows after outlier trimming	no enzyme produced a usable estimate
CRR1310406	GCF_001058575.1	s__Haemophilus_D_parainfluenzae_N	NA	NA	NA	0	NA	NA	NA	0	NA	NA	NA	NA	0	1	0	-	NA	fixed	NA	none	0	False	containment 0.00 < 0.5; only 0/1 enzymes produced a fit; no PTR estimate	BcgI:only 0 windows after outlier trimming	no enzyme produced a usable estimate
CRR1310406	GCF_001059215.1	s__Alloscardovia_omnicolens	NA	NA	NA	0	NA	NA	NA	0	NA	NA	NA	NA	0	1	0	-	NA	fixed	NA	none	0	False	containment 0.00 < 0.5; only 0/1 enzymes produced a fit; no PTR estimate	BcgI:only 0 windows after outlier trimming	no enzyme produced a usable estimate
CRR1310406	GCF_001059235.1	s__Pauljensenia_sp000411415	NA	NA	NA	0	NA	NA	NA	0	NA	NA	NA	NA	0	1	0	-	NA	fixed	NA	none	0	False	containment 0.00 < 0.5; only 0/1 enzymes produced a fit; no PTR estimate	BcgI:only 0 windows after outlier trimming	no enzyme produced a usable estimate
CRR1310406	GCF_001059565.1	s__Corynebacterium_aurimucosum_E	707.9958333	235.485916	0.1725948072	0.01560062402	6807372158	32.66445084	NA	361	1	1.362476776	29.99404543	35.33485625	1	1	1	BcgI	NA	fixed	573721.6222	glm	8	False	fraction 0.17 < 0.75; dispersion 235.49 > 5.0; containment 0.02 < 0.5	-	single enzyme: no cross-enzyme consistency check available
CRR1310406	GCF_001061215.1	s__Neisseria_sp000186165	NA	NA	NA	0	NA	NA	NA	0	NA	NA	NA	NA	0	1	0	-	NA	fixed	NA	none	0	False	containment 0.00 < 0.5; only 0/1 enzymes produced a fit; no PTR estimate	BcgI:only 0 windows after outlier trimming	no enzyme produced a usable estimate
CRR1310406	GCF_001062425.1	s__Rothia_dentocariosa	NA	NA	NA	0	NA	NA	NA	0	NA	NA	NA	NA	0	1	0	-	NA	fixed	NA	none	0	False	containment 0.00 < 0.5; only 0/1 enzymes produced a fit; no PTR estimate	BcgI:only 0 windows after outlier trimming	no enzyme produced a usable estimate
CRR1310406	GCF_001063545.1	s__Rothia_sp001808955	NA	NA	NA	0.001024590164	NA	NA	NA	0	NA	NA	NA	NA	0	1	0	-	NA	fixed	NA	none	0	False	containment 0.00 < 0.5; only 0/1 enzymes produced a fit; no PTR estimate	BcgI:only 0 windows after outlier trimming	no enzyme produced a usable estimate
CRR1310406	GCF_001063785.1	s__Cardiobacterium_hominis	NA	NA	NA	0	NA	NA	NA	0	NA	NA	NA	NA	0	1	0	-	NA	fixed	NA	none	0	False	containment 0.00 < 0.5; only 0/1 enzymes produced a fit; no PTR estimate	BcgI:only 0 windows after outlier trimming	no enzyme produced a usable estimate
CRR1310406	GCF_001064145.1	s__Pauljensenia_sp001064145	NA	NA	NA	0	NA	NA	NA	0	NA	NA	NA	NA	0	1	0	-	NA	fixed	NA	none	0	False	containment 0.00 < 0.5; only 0/1 enzymes produced a fit; no PTR estimate	BcgI:only 0 windows after outlier trimming	no enzyme produced a usable estimate
CRR1310406	GCF_001064185.1	s__Pauljensenia_sp000185285	NA	NA	NA	0	NA	NA	NA	0	NA	NA	NA	NA	0	1	0	-	NA	fixed	NA	none	0	False	containment 0.00 < 0.5; only 0/1 enzymes produced a fit; no PTR estimate	BcgI:only 0 windows after outlier trimming	no enzyme produced a usable estimate
CRR1310406	GCF_001065135.1	s__Rothia_mucilaginosa_A	NA	NA	NA	0.0007077140835	NA	NA	NA	0	NA	NA	NA	NA	0	1	0	-	NA	fixed	NA	none	0	False	containment 0.00 < 0.5; only 0/1 enzymes produced a fit; no PTR estimate	BcgI:only 1 windows after outlier trimming	no enzyme produced a usable estimate
CRR1310406	GCF_001066565.1	s__Lacticaseibacillus_paracasei	NA	NA	NA	0	NA	NA	NA	0	NA	NA	NA	NA	0	1	0	-	NA	fixed	NA	none	0	False	containment 0.00 < 0.5; only 0/1 enzymes produced a fit; no PTR estimate	BcgI:only 0 windows after outlier trimming	no enzyme produced a usable estimate
CRR1310406	GCF_001067635.1	s__Neisseria_bacilliformis	NA	NA	NA	0	NA	NA	NA	0	NA	NA	NA	NA	0	1	0	-	NA	fixed	NA	none	0	False	containment 0.00 < 0.5; only 0/1 enzymes produced a fit; no PTR estimate	BcgI:only 0 windows after outlier trimming	no enzyme produced a usable estimate
CRR1310406	GCF_001068775.1	s__Streptococcus_pseudopneumoniae_N	NA	NA	NA	0	NA	NA	NA	0	NA	NA	NA	NA	0	1	0	-	NA	fixed	NA	none	0	False	containment 0.00 < 0.5; only 0/1 enzymes produced a fit; no PTR estimate	BcgI:only 0 windows after outlier trimming	no enzyme produced a usable estimate
CRR1310406	GCF_001069025.1	s__Streptococcus_vestibularis	NA	NA	NA	0.003496503497	NA	NA	NA	0	NA	NA	NA	NA	0	1	0	-	NA	fixed	NA	none	0	False	containment 0.00 < 0.5; only 0/1 enzymes produced a fit; no PTR estimate	BcgI:only 0 windows after outlier trimming	no enzyme produced a usable estimate
CRR1310406	GCF_001069775.1	s__Streptococcus_cristatus	NA	NA	NA	0	NA	NA	NA	0	NA	NA	NA	NA	0	1	0	-	NA	fixed	NA	none	0	False	containment 0.00 < 0.5; only 0/1 enzymes produced a fit; no PTR estimate	BcgI:only 0 windows after outlier trimming	no enzyme produced a usable estimate
CRR1310406	GCF_001070115.1	s__Streptococcus_anginosus	NA	NA	NA	0	NA	NA	NA	0	NA	NA	NA	NA	0	1	0	-	NA	fixed	NA	none	0	False	containment 0.00 < 0.5; only 0/1 enzymes produced a fit; no PTR estimate	BcgI:only 0 windows after outlier trimming	no enzyme produced a usable estimate
CRR1310406	GCF_001070405.1	s__Streptococcus_pseudopneumoniae_O	NA	NA	NA	0	NA	NA	NA	0	NA	NA	NA	NA	0	1	0	-	NA	fixed	NA	none	0	False	containment 0.00 < 0.5; only 0/1 enzymes produced a fit; no PTR estimate	BcgI:only 0 windows after outlier trimming	no enzyme produced a usable estimate
CRR1310406	GCF_001070715.1	s__Streptococcus_pseudopneumoniae_H	NA	NA	NA	0	NA	NA	NA	0	NA	NA	NA	NA	0	1	0	-	NA	fixed	NA	none	0	False	containment 0.00 < 0.5; only 0/1 enzymes produced a fit; no PTR estimate	BcgI:only 0 windows after outlier trimming	no enzyme produced a usable estimate
CRR1310406	GCF_001070815.1	s__Streptococcus_pseudopneumoniae_P	NA	NA	NA	0	NA	NA	NA	0	NA	NA	NA	NA	0	1	0	-	NA	fixed	NA	none	0	False	containment 0.00 < 0.5; only 0/1 enzymes produced a fit; no PTR estimate	BcgI:only 0 windows after outlier trimming	no enzyme produced a usable estimate
CRR1310406	GCF_001070855.1	s__Pauljensenia_pyogenes_A	NA	NA	NA	0	NA	NA	NA	0	NA	NA	NA	NA	0	1	0	-	NA	fixed	NA	none	0	False	containment 0.00 < 0.5; only 0/1 enzymes produced a fit; no PTR estimate	BcgI:only 0 windows after outlier trimming	no enzyme produced a usable estimate
CRR1310406	GCF_001071995.1	s__Granulicatella_sp001071995	NA	NA	NA	0	NA	NA	NA	0	NA	NA	NA	NA	0	1	0	-	NA	fixed	NA	none	0	False	containment 0.00 < 0.5; only 0/1 enzymes produced a fit; no PTR estimate	BcgI:only 0 windows after outlier trimming	no enzyme produced a usable estimate
CRR1310406	GCF_001072375.1	s__Streptococcus_pseudopneumoniae_L	NA	NA	NA	0	NA	NA	NA	0	NA	NA	NA	NA	0	1	0	-	NA	fixed	NA	none	0	False	containment 0.00 < 0.5; only 0/1 enzymes produced a fit; no PTR estimate	BcgI:only 0 windows after outlier trimming	no enzyme produced a usable estimate
CRR1310406	GCF_001072385.1	s__Streptococcus_sp004166885	NA	NA	NA	0	NA	NA	NA	0	NA	NA	NA	NA	0	1	0	-	NA	fixed	NA	none	0	False	containment 0.00 < 0.5; only 0/1 enzymes produced a fit; no PTR estimate	BcgI:only 0 windows after outlier trimming	no enzyme produced a usable estimate
CRR1310406	GCF_001073155.1	s__Streptococcus_parasanguinis_D	NA	NA	NA	0	NA	NA	NA	0	NA	NA	NA	NA	0	1	0	-	NA	fixed	NA	none	0	False	containment 0.00 < 0.5; only 0/1 enzymes produced a fit; no PTR estimate	BcgI:only 0 windows after outlier trimming	no enzyme produced a usable estimate
CRR1310406	GCF_001073445.1	s__Granulicatella_adiacens	NA	NA	NA	0	NA	NA	NA	0	NA	NA	NA	NA	0	1	0	-	NA	fixed	NA	none	0	False	containment 0.00 < 0.5; only 0/1 enzymes produced a fit; no PTR estimate	BcgI:only 0 windows after outlier trimming	no enzyme produced a usable estimate
CRR1310406	GCF_001074155.1	s__Streptococcus_pseudopneumoniae_A	NA	NA	NA	0	NA	NA	NA	0	NA	NA	NA	NA	0	1	0	-	NA	fixed	NA	none	0	False	containment 0.00 < 0.5; only 0/1 enzymes produced a fit; no PTR estimate	BcgI:only 0 windows after outlier trimming	no enzyme produced a usable estimate
CRR1310406	GCF_001074505.1	s__Staphylococcus_epidermidis	412.75	689.005772	0.1592375367	0.03389830508	2.727257119	1.447450721	NA	82	0.9997915336	1.627288828	-1.741976776	4.636878217	1	1	1	BcgI	NA	fixed	323803.9933	glm	6	False	fraction 0.16 < 0.75; dispersion 689.01 > 5.0; containment 0.03 < 0.5	-	single enzyme: no cross-enzyme consistency check available
CRR1310406	GCF_001074565.1	s__Streptococcus_pseudopneumoniae_J	NA	NA	NA	0	NA	NA	NA	0	NA	NA	NA	NA	0	1	0	-	NA	fixed	NA	none	0	False	containment 0.00 < 0.5; only 0/1 enzymes produced a fit; no PTR estimate	BcgI:only 0 windows after outlier trimming	no enzyme produced a usable estimate
CRR1310406	GCF_001074635.1	s__Streptococcus_mitis_E	NA	NA	NA	0	NA	NA	NA	0	NA	NA	NA	NA	0	1	0	-	NA	fixed	NA	none	0	False	containment 0.00 < 0.5; only 0/1 enzymes produced a fit; no PTR estimate	BcgI:only 0 windows after outlier trimming	no enzyme produced a usable estimate
CRR1310406	GCF_001074805.1	s__Streptococcus_parasanguinis_A	NA	NA	NA	0	NA	NA	NA	0	NA	NA	NA	NA	0	1	0	-	NA	fixed	NA	none	0	False	containment 0.00 < 0.5; only 0/1 enzymes produced a fit; no PTR estimate	BcgI:only 0 windows after outlier trimming	no enzyme produced a usable estimate
CRR1310406	GCF_001074975.1	s__Streptococcus_pseudopneumoniae_D	NA	NA	NA	0	NA	NA	NA	0	NA	NA	NA	NA	0	1	0	-	NA	fixed	NA	none	0	False	containment 0.00 < 0.5; only 0/1 enzymes produced a fit; no PTR estimate	BcgI:only 0 windows after outlier trimming	no enzyme produced a usable estimate
CRR1310406	GCF_001075645.1	s__Gemella_sp002871655	NA	NA	NA	0	NA	NA	NA	0	NA	NA	NA	NA	0	1	0	-	NA	fixed	NA	none	0	False	containment 0.00 < 0.5; only 0/1 enzymes produced a fit; no PTR estimate	BcgI:only 0 windows after outlier trimming	no enzyme produced a usable estimate
CRR1310406	GCF_001075675.1	s__Streptococcus_oralis_V	NA	NA	NA	0	NA	NA	NA	0	NA	NA	NA	NA	0	1	0	-	NA	fixed	NA	none	0	False	containment 0.00 < 0.5; only 0/1 enzymes produced a fit; no PTR estimate	BcgI:only 0 windows after outlier trimming	no enzyme produced a usable estimate
CRR1310406	GCF_001075875.1	s__Streptococcus_oralis_I	NA	NA	NA	0	NA	NA	NA	0	NA	NA	NA	NA	0	1	0	-	NA	fixed	NA	none	0	False	containment 0.00 < 0.5; only 0/1 enzymes produced a fit; no PTR estimate	BcgI:only 0 windows after outlier trimming	no enzyme produced a usable estimate
CRR1310406	GCF_001076615.1	s__Streptococcus_mitis_N	NA	NA	NA	0	NA	NA	NA	0	NA	NA	NA	NA	0	1	0	-	NA	fixed	NA	none	0	False	containment 0.00 < 0.5; only 0/1 enzymes produced a fit; no PTR estimate	BcgI:only 0 windows after outlier trimming	no enzyme produced a usable estimate
CRR1310406	GCF_001076775.1	s__Streptococcus_pseudopneumoniae_G	NA	NA	NA	0	NA	NA	NA	0	NA	NA	NA	NA	0	1	0	-	NA	fixed	NA	none	0	False	containment 0.00 < 0.5; only 0/1 enzymes produced a fit; no PTR estimate	BcgI:only 0 windows after outlier trimming	no enzyme produced a usable estimate
CRR1310406	GCF_001078705.1	s__Streptococcus_sanguinis_D	NA	NA	NA	0	NA	NA	NA	0	NA	NA	NA	NA	0	1	0	-	NA	fixed	NA	none	0	False	containment 0.00 < 0.5; only 0/1 enzymes produced a fit; no PTR estimate	BcgI:only 0 windows after outlier trimming	no enzyme produced a usable estimate
CRR1310406	GCF_001096185.1	s__Streptococcus_pneumoniae_B	NA	NA	NA	0	NA	NA	NA	0	NA	NA	NA	NA	0	1	0	-	NA	fixed	NA	none	0	False	containment 0.00 < 0.5; only 0/1 enzymes produced a fit; no PTR estimate	BcgI:only 0 windows after outlier trimming	no enzyme produced a usable estimate
CRR1310406	GCF_001113365.1	s__Streptococcus_pneumoniae_C	NA	NA	NA	0	NA	NA	NA	0	NA	NA	NA	NA	0	1	0	-	NA	fixed	NA	none	0	False	containment 0.00 < 0.5; only 0/1 enzymes produced a fit; no PTR estimate	BcgI:only 0 windows after outlier trimming	no enzyme produced a usable estimate
CRR1310406	GCF_001171885.1	s__Streptococcus_pneumoniae_A	NA	NA	NA	0	NA	NA	NA	0	NA	NA	NA	NA	0	1	0	-	NA	fixed	NA	none	0	False	containment 0.00 < 0.5; only 0/1 enzymes produced a fit; no PTR estimate	BcgI:only 0 windows after outlier trimming	no enzyme produced a usable estimate
CRR1310406	GCF_001189515.2	s__Olsenella_sp001189515	NA	NA	NA	0	NA	NA	NA	0	NA	NA	NA	NA	0	1	0	-	NA	fixed	NA	none	0	False	containment 0.00 < 0.5; only 0/1 enzymes produced a fit; no PTR estimate	BcgI:only 0 windows after outlier trimming	no enzyme produced a usable estimate
CRR1310406	GCF_001262035.1	s__Aggregatibacter_aphrophilus	NA	NA	NA	0	NA	NA	NA	0	NA	NA	NA	NA	0	1	0	-	NA	fixed	NA	none	0	False	containment 0.00 < 0.5; only 0/1 enzymes produced a fit; no PTR estimate	BcgI:only 0 windows after outlier trimming	no enzyme produced a usable estimate
CRR1310406	GCF_001262055.1	s__Pauljensenia_meyeri	NA	NA	NA	0	NA	NA	NA	0	NA	NA	NA	NA	0	1	0	-	NA	fixed	NA	none	0	False	containment 0.00 < 0.5; only 0/1 enzymes produced a fit; no PTR estimate	BcgI:only 0 windows after outlier trimming	no enzyme produced a usable estimate
CRR1310406	GCF_001262075.1	s__Ottowia_sp001262075	NA	NA	NA	0	NA	NA	NA	0	NA	NA	NA	NA	0	1	0	-	NA	fixed	NA	none	0	False	containment 0.00 < 0.5; only 0/1 enzymes produced a fit; no PTR estimate	BcgI:only 0 windows after outlier trimming	no enzyme produced a usable estimate
CRR1310406	GCF_001263295.1	s__Agrobacterium_sp900013535	NA	NA	NA	0.0004178854994	NA	NA	NA	0	NA	NA	NA	NA	0	1	0	-	NA	fixed	NA	none	0	False	containment 0.00 < 0.5; only 0/1 enzymes produced a fit; no PTR estimate	BcgI:only 1 windows after outlier trimming	no enzyme produced a usable estimate
CRR1310406	GCF_001274535.1	s__Leptotrichia_A_sp001274535	NA	NA	NA	0	NA	NA	NA	0	NA	NA	NA	NA	0	1	0	-	NA	fixed	NA	none	0	False	containment 0.00 < 0.5; only 0/1 enzymes produced a fit; no PTR estimate	BcgI:only 0 windows after outlier trimming	no enzyme produced a usable estimate
CRR1310406	GCF_001275345.1	s__Kocuria_palustris	NA	NA	NA	0	NA	NA	NA	0	NA	NA	NA	NA	0	1	0	-	NA	fixed	NA	none	0	False	containment 0.00 < 0.5; only 0/1 enzymes produced a fit; no PTR estimate	BcgI:only 0 windows after outlier trimming	no enzyme produced a usable estimate
CRR1310406	GCF_001276515.1	s__Haemophilus_sp001276515	NA	NA	NA	0	NA	NA	NA	0	NA	NA	NA	NA	0	1	0	-	NA	fixed	NA	none	0	False	containment 0.00 < 0.5; only 0/1 enzymes produced a fit; no PTR estimate	BcgI:only 0 windows after outlier trimming	no enzyme produced a usable estimate
CRR1310406	GCF_001278845.1	s__Actinomyces_sp001278845	NA	NA	NA	0	NA	NA	NA	0	NA	NA	NA	NA	0	1	0	-	NA	fixed	NA	none	0	False	containment 0.00 < 0.5; only 0/1 enzymes produced a fit; no PTR estimate	BcgI:only 0 windows after outlier trimming	no enzyme produced a usable estimate
CRR1310406	GCF_001279145.1	s__Haemophilus_D_sp001679485	NA	NA	NA	0	NA	NA	NA	0	NA	NA	NA	NA	0	1	0	-	NA	fixed	NA	none	0	False	containment 0.00 < 0.5; only 0/1 enzymes produced a fit; no PTR estimate	BcgI:only 0 windows after outlier trimming	no enzyme produced a usable estimate
CRR1310406	GCF_001299115.1	s__Achromobacter_xylosoxidans	96.88886786	254.1673663	0.03494407724	0.02547452547	1.325077929	0.4060772083	NA	2047	0.9795632001	1.32719423	-2.195175682	3.007330099	1	1	1	BcgI	NA	fixed	5567650.637	glm	21	False	fraction 0.03 < 0.75; dispersion 254.17 > 5.0; containment 0.03 < 0.5	-	single enzyme: no cross-enzyme consistency check available
CRR1310406	GCF_001304655.1	s__Streptococcus_pseudopneumoniae	NA	NA	NA	0	NA	NA	NA	0	NA	NA	NA	NA	0	1	0	-	NA	fixed	NA	none	0	False	containment 0.00 < 0.5; only 0/1 enzymes produced a fit; no PTR estimate	BcgI:only 0 windows after outlier trimming	no enzyme produced a usable estimate
CRR1310406	GCF_001308015.1	s__Neisseria_sp001308015	NA	NA	NA	0	NA	NA	NA	0	NA	NA	NA	NA	0	1	0	-	NA	fixed	NA	none	0	False	containment 0.00 < 0.5; only 0/1 enzymes produced a fit; no PTR estimate	BcgI:only 0 windows after outlier trimming	no enzyme produced a usable estimate
CRR1310406	GCF_001347015.1	s__Streptococcus_pneumoniae_E	NA	NA	NA	0	NA	NA	NA	0	NA	NA	NA	NA	0	1	0	-	NA	fixed	NA	none	0	False	containment 0.00 < 0.5; only 0/1 enzymes produced a fit; no PTR estimate	BcgI:only 0 windows after outlier trimming	no enzyme produced a usable estimate
CRR1310406	GCF_001362535.1	s__Salmonella_enterica	865.6184211	801.4371765	0.04642666119	0.01618705036	3.059001649	1.613060884	NA	1511	0.9997600077	0.6732273161	0.2935595916	2.932562177	1	1	1	BcgI	NA	fixed	2192337.878	glm	19	False	fraction 0.05 < 0.75; dispersion 801.44 > 5.0; containment 0.02 < 0.5	-	single enzyme: no cross-enzyme consistency check available
CRR1310406	GCF_001421985.1	s__Agrobacterium_sp900473305	NA	NA	NA	0	NA	NA	NA	0	NA	NA	NA	NA	0	1	0	-	NA	fixed	NA	none	0	False	containment 0.00 < 0.5; only 0/1 enzymes produced a fit; no PTR estimate	BcgI:only 0 windows after outlier trimming	no enzyme produced a usable estimate
CRR1310406	GCF_001423155.1	s__Pseudomonas_E_ovata	NA	NA	NA	0.0003012048193	NA	NA	NA	0	NA	NA	NA	NA	0	1	0	-	NA	fixed	NA	none	0	False	containment 0.00 < 0.5; only 0/1 enzymes produced a fit; no PTR estimate	BcgI:only 2 windows after outlier trimming	no enzyme produced a usable estimate
CRR1310406	GCF_001434465.1	s__Limosilactobacillus_oris	NA	NA	NA	0	NA	NA	NA	0	NA	NA	NA	NA	0	1	0	-	NA	fixed	NA	none	0	False	containment 0.00 < 0.5; only 0/1 enzymes produced a fit; no PTR estimate	BcgI:only 0 windows after outlier trimming	no enzyme produced a usable estimate
CRR1310406	GCF_001444445.1	s__Prevotella_enoeca	NA	NA	NA	0	NA	NA	NA	0	NA	NA	NA	NA	0	1	0	-	NA	fixed	NA	none	0	False	containment 0.00 < 0.5; only 0/1 enzymes produced a fit; no PTR estimate	BcgI:only 0 windows after outlier trimming	no enzyme produced a usable estimate
CRR1310406	GCF_001546595.1	s__Prevotella_corporis	NA	NA	NA	0	NA	NA	NA	0	NA	NA	NA	NA	0	1	0	-	NA	fixed	NA	none	0	False	containment 0.00 < 0.5; only 0/1 enzymes produced a fit; no PTR estimate	BcgI:only 0 windows after outlier trimming	no enzyme produced a usable estimate
CRR1310406	GCF_001546835.1	s__Streptococcus_sp000187445	NA	NA	NA	0	NA	NA	NA	0	NA	NA	NA	NA	0	1	0	-	NA	fixed	NA	none	0	False	containment 0.00 < 0.5; only 0/1 enzymes produced a fit; no PTR estimate	BcgI:only 0 windows after outlier trimming	no enzyme produced a usable estimate
CRR1310406	GCF_001553215.1	s__Porphyromonas_pasteri	NA	NA	NA	0	NA	NA	NA	0	NA	NA	NA	NA	0	1	0	-	NA	fixed	NA	none	0	False	containment 0.00 < 0.5; only 0/1 enzymes produced a fit; no PTR estimate	BcgI:only 0 windows after outlier trimming	no enzyme produced a usable estimate
CRR1310406	GCF_001553285.1	s__Varibaculum_cambriense	NA	NA	NA	0	NA	NA	NA	0	NA	NA	NA	NA	0	1	0	-	NA	fixed	NA	none	0	False	containment 0.00 < 0.5; only 0/1 enzymes produced a fit; no PTR estimate	BcgI:only 0 windows after outlier trimming	no enzyme produced a usable estimate
CRR1310406	GCF_001553645.1	s__Leptotrichia_sp001553645	NA	NA	NA	0	NA	NA	NA	0	NA	NA	NA	NA	0	1	0	-	NA	fixed	NA	none	0	False	containment 0.00 < 0.5; only 0/1 enzymes produced a fit; no PTR estimate	BcgI:only 0 windows after outlier trimming	no enzyme produced a usable estimate
CRR1310406	GCF_001553935.1	s__Actinomyces_oris_A	NA	NA	NA	0	NA	NA	NA	0	NA	NA	NA	NA	0	1	0	-	NA	fixed	NA	none	0	False	containment 0.00 < 0.5; only 0/1 enzymes produced a fit; no PTR estimate	BcgI:only 0 windows after outlier trimming	no enzyme produced a usable estimate
CRR1310406	GCF_001556045.1	s__Bradyrhizobium_sp001556045	NA	NA	NA	0	NA	NA	NA	0	NA	NA	NA	NA	0	1	0	-	NA	fixed	NA	none	0	False	containment 0.00 < 0.5; only 0/1 enzymes produced a fit; no PTR estimate	BcgI:only 0 windows after outlier trimming	no enzyme produced a usable estimate
CRR1310406	GCF_001557225.1	s__Streptococcus_sanguinis_C	NA	NA	NA	0	NA	NA	NA	0	NA	NA	NA	NA	0	1	0	-	NA	fixed	NA	none	0	False	containment 0.00 < 0.5; only 0/1 enzymes produced a fit; no PTR estimate	BcgI:only 0 windows after outlier trimming	no enzyme produced a usable estimate
CRR1310406	GCF_001559795.1	s__Streptobacillus_hongkongensis	NA	NA	NA	0	NA	NA	NA	0	NA	NA	NA	NA	0	1	0	-	NA	fixed	NA	none	0	False	containment 0.00 < 0.5; only 0/1 enzymes produced a fit; no PTR estimate	BcgI:only 0 windows after outlier trimming	no enzyme produced a usable estimate
CRR1310406	GCF_001560895.1	s__Streptococcus_mitis_Q	NA	NA	NA	0	NA	NA	NA	0	NA	NA	NA	NA	0	1	0	-	NA	fixed	NA	none	0	False	containment 0.00 < 0.5; only 0/1 enzymes produced a fit; no PTR estimate	BcgI:only 0 windows after outlier trimming	no enzyme produced a usable estimate
CRR1310406	GCF_001578705.1	s__Streptococcus_oralis_J	NA	NA	NA	0	NA	NA	NA	0	NA	NA	NA	NA	0	1	0	-	NA	fixed	NA	none	0	False	containment 0.00 < 0.5; only 0/1 enzymes produced a fit; no PTR estimate	BcgI:only 0 windows after outlier trimming	no enzyme produced a usable estimate
CRR1310406	GCF_001578775.1	s__Streptococcus_cristatus_A	NA	NA	NA	0	NA	NA	NA	0	NA	NA	NA	NA	0	1	0	-	NA	fixed	NA	none	0	False	containment 0.00 < 0.5; only 0/1 enzymes produced a fit; no PTR estimate	BcgI:only 0 windows after outlier trimming	no enzyme produced a usable estimate
CRR1310406	GCF_001578945.1	s__Streptococcus_oralis_Q	NA	NA	NA	0	NA	NA	NA	0	NA	NA	NA	NA	0	1	0	-	NA	fixed	NA	none	0	False	containment 0.00 < 0.5; only 0/1 enzymes produced a fit; no PTR estimate	BcgI:only 0 windows after outlier trimming	no enzyme produced a usable estimate
CRR1310406	GCF_001579035.1	s__Streptococcus_mitis_J	NA	NA	NA	0	NA	NA	NA	0	NA	NA	NA	NA	0	1	0	-	NA	fixed	NA	none	0	False	containment 0.00 < 0.5; only 0/1 enzymes produced a fit; no PTR estimate	BcgI:only 0 windows after outlier trimming	no enzyme produced a usable estimate
CRR1310406	GCF_001579045.1	s__Streptococcus_mitis_D	NA	NA	NA	0	NA	NA	NA	0	NA	NA	NA	NA	0	1	0	-	NA	fixed	NA	none	0	False	containment 0.00 < 0.5; only 0/1 enzymes produced a fit; no PTR estimate	BcgI:only 0 windows after outlier trimming	no enzyme produced a usable estimate
CRR1310406	GCF_001579095.1	s__Streptococcus_oralis_H	NA	NA	NA	0	NA	NA	NA	0	NA	NA	NA	NA	0	1	0	-	NA	fixed	NA	none	0	False	containment 0.00 < 0.5; only 0/1 enzymes produced a fit; no PTR estimate	BcgI:only 0 windows after outlier trimming	no enzyme produced a usable estimate
CRR1310406	GCF_001579175.1	s__Streptococcus_oralis_O	NA	NA	NA	0	NA	NA	NA	0	NA	NA	NA	NA	0	1	0	-	NA	fixed	NA	none	0	False	containment 0.00 < 0.5; only 0/1 enzymes produced a fit; no PTR estimate	BcgI:only 0 windows after outlier trimming	no enzyme produced a usable estimate
CRR1310406	GCF_001579525.1	s__Streptococcus_oralis_M	NA	NA	NA	0	NA	NA	NA	0	NA	NA	NA	NA	0	1	0	-	NA	fixed	NA	none	0	False	containment 0.00 < 0.5; only 0/1 enzymes produced a fit; no PTR estimate	BcgI:only 0 windows after outlier trimming	no enzyme produced a usable estimate
CRR1310406	GCF_001579645.1	s__Streptococcus_infantis_E	NA	NA	NA	0	NA	NA	NA	0	NA	NA	NA	NA	0	1	0	-	NA	fixed	NA	none	0	False	containment 0.00 < 0.5; only 0/1 enzymes produced a fit; no PTR estimate	BcgI:only 0 windows after outlier trimming	no enzyme produced a usable estimate
CRR1310406	GCF_001586195.1	s__Solibacillus_silvestris	NA	NA	NA	0	NA	NA	NA	0	NA	NA	NA	NA	0	1	0	-	NA	fixed	NA	none	0	False	containment 0.00 < 0.5; only 0/1 enzymes produced a fit; no PTR estimate	BcgI:only 0 windows after outlier trimming	no enzyme produced a usable estimate
CRR1310406	GCF_001588645.1	s__Streptococcus_oralis_AB	NA	NA	NA	0	NA	NA	NA	0	NA	NA	NA	NA	0	1	0	-	NA	fixed	NA	none	0	False	containment 0.00 < 0.5; only 0/1 enzymes produced a fit; no PTR estimate	BcgI:only 0 windows after outlier trimming	no enzyme produced a usable estimate
CRR1310406	GCF_001588895.1	s__Streptococcus_sanguinis_H	NA	NA	NA	0	NA	NA	NA	0	NA	NA	NA	NA	0	1	0	-	NA	fixed	NA	none	0	False	containment 0.00 < 0.5; only 0/1 enzymes produced a fit; no PTR estimate	BcgI:only 0 windows after outlier trimming	no enzyme produced a usable estimate
CRR1310406	GCF_001589145.1	s__Streptococcus_gordonii	NA	NA	NA	0	NA	NA	NA	0	NA	NA	NA	NA	0	1	0	-	NA	fixed	NA	none	0	False	containment 0.00 < 0.5; only 0/1 enzymes produced a fit; no PTR estimate	BcgI:only 0 windows after outlier trimming	no enzyme produced a usable estimate
CRR1310406	GCF_001592185.1	s__Neisseria_denitrificans	NA	NA	NA	0	NA	NA	NA	0	NA	NA	NA	NA	0	1	0	-	NA	fixed	NA	none	0	False	containment 0.00 < 0.5; only 0/1 enzymes produced a fit; no PTR estimate	BcgI:only 0 windows after outlier trimming	no enzyme produced a usable estimate
CRR1310406	GCF_001592265.1	s__Hylemonella_delicata	NA	NA	NA	0	NA	NA	NA	0	NA	NA	NA	NA	0	1	0	-	NA	fixed	NA	none	0	False	containment 0.00 < 0.5; only 0/1 enzymes produced a fit; no PTR estimate	BcgI:only 0 windows after outlier trimming	no enzyme produced a usable estimate
CRR1310406	GCF_001597285.1	s__Pseudomonas_E_alcaligenes	NA	NA	NA	0.0002194907814	NA	NA	NA	0	NA	NA	NA	NA	0	1	0	-	NA	fixed	NA	none	0	False	containment 0.00 < 0.5; only 0/1 enzymes produced a fit; no PTR estimate	BcgI:only 0 windows after outlier trimming	no enzyme produced a usable estimate
CRR1310406	GCF_001618085.1	s__Neisseria_flavescens_C	NA	NA	NA	0	NA	NA	NA	0	NA	NA	NA	NA	0	1	0	-	NA	fixed	NA	none	0	False	containment 0.00 < 0.5; only 0/1 enzymes produced a fit; no PTR estimate	BcgI:only 0 windows after outlier trimming	no enzyme produced a usable estimate
CRR1310406	GCF_001619955.1	s__Sphingomonas_hankookensis	NA	NA	NA	0	NA	NA	NA	0	NA	NA	NA	NA	0	1	0	-	NA	fixed	NA	none	0	False	containment 0.00 < 0.5; only 0/1 enzymes produced a fit; no PTR estimate	BcgI:only 0 windows after outlier trimming	no enzyme produced a usable estimate
CRR1310406	GCF_001638925.1	s__Sphingomonas_aquatilis	NA	NA	NA	0	NA	NA	NA	0	NA	NA	NA	NA	0	1	0	-	NA	fixed	NA	none	0	False	containment 0.00 < 0.5; only 0/1 enzymes produced a fit; no PTR estimate	BcgI:only 0 windows after outlier trimming	no enzyme produced a usable estimate
CRR1310406	GCF_001639395.1	s__Streptococcus_oralis_S	NA	NA	NA	0	NA	NA	NA	0	NA	NA	NA	NA	0	1	0	-	NA	fixed	NA	none	0	False	containment 0.00 < 0.5; only 0/1 enzymes produced a fit; no PTR estimate	BcgI:only 0 windows after outlier trimming	no enzyme produced a usable estimate
CRR1310406	GCF_001648355.1	s__Eikenella_longinqua	NA	NA	NA	0	NA	NA	NA	0	NA	NA	NA	NA	0	1	0	-	NA	fixed	NA	none	0	False	containment 0.00 < 0.5; only 0/1 enzymes produced a fit; no PTR estimate	BcgI:only 0 windows after outlier trimming	no enzyme produced a usable estimate
CRR1310406	GCF_001648425.1	s__Eikenella_exigua	NA	NA	NA	0	NA	NA	NA	0	NA	NA	NA	NA	0	1	0	-	NA	fixed	NA	none	0	False	containment 0.00 < 0.5; only 0/1 enzymes produced a fit; no PTR estimate	BcgI:only 0 windows after outlier trimming	no enzyme produced a usable estimate
CRR1310406	GCF_001648475.1	s__Eikenella_halliae	NA	NA	NA	0	NA	NA	NA	0	NA	NA	NA	NA	0	1	0	-	NA	fixed	NA	none	0	False	containment 0.00 < 0.5; only 0/1 enzymes produced a fit; no PTR estimate	BcgI:only 0 windows after outlier trimming	no enzyme produced a usable estimate
CRR1310406	GCF_001650315.1	s__Streptococcus_sp001650315	NA	NA	NA	0	NA	NA	NA	0	NA	NA	NA	NA	0	1	0	-	NA	fixed	NA	none	0	False	containment 0.00 < 0.5; only 0/1 enzymes produced a fit; no PTR estimate	BcgI:only 0 windows after outlier trimming	no enzyme produced a usable estimate
CRR1310406	GCF_001653935.1	s__Ralstonia_insidiosa	NA	NA	NA	0	NA	NA	NA	0	NA	NA	NA	NA	0	1	0	-	NA	fixed	NA	none	0	False	containment 0.00 < 0.5; only 0/1 enzymes produced a fit; no PTR estimate	BcgI:only 0 windows after outlier trimming	no enzyme produced a usable estimate
CRR1310406	GCF_001665295.1	s__Mycobacterium_sp001665295	NA	NA	NA	0.0004388531305	NA	NA	NA	0	NA	NA	NA	NA	0	1	0	-	NA	fixed	NA	none	0	False	containment 0.00 < 0.5; only 0/1 enzymes produced a fit; no PTR estimate	BcgI:only 1 windows after outlier trimming	no enzyme produced a usable estimate
CRR1310406	GCF_001665715.1	s__Gordonia_sputi	NA	NA	NA	0.000121980971	NA	NA	NA	0	NA	NA	NA	NA	0	1	0	-	NA	fixed	NA	none	0	False	containment 0.00 < 0.5; only 0/1 enzymes produced a fit; no PTR estimate	BcgI:only 0 windows after outlier trimming	no enzyme produced a usable estimate
CRR1310406	GCF_001665955.1	s__Corynebacterium_pseudodiphtheriticum	NA	NA	NA	0	NA	NA	NA	0	NA	NA	NA	NA	0	1	0	-	NA	fixed	NA	none	0	False	containment 0.00 < 0.5; only 0/1 enzymes produced a fit; no PTR estimate	BcgI:only 0 windows after outlier trimming	no enzyme produced a usable estimate
CRR1310406	GCF_001679155.1	s__Moraxella_nonliquefaciens	NA	NA	NA	0	NA	NA	NA	0	NA	NA	NA	NA	0	1	0	-	NA	fixed	NA	none	0	False	containment 0.00 < 0.5; only 0/1 enzymes produced a fit; no PTR estimate	BcgI:only 0 windows after outlier trimming	no enzyme produced a usable estimate
CRR1310406	GCF_001679325.1	s__Haemophilus_D_parainfluenzae	NA	NA	NA	0.003322259136	NA	NA	NA	0	NA	NA	NA	NA	0	1	0	-	NA	fixed	NA	none	0	False	containment 0.00 < 0.5; only 0/1 enzymes produced a fit; no PTR estimate	BcgI:only 1 windows after outlier trimming	no enzyme produced a usable estimate
CRR1310406	GCF_001683335.1	s__Centipeda_sp001683335	NA	NA	NA	0	NA	NA	NA	0	NA	NA	NA	NA	0	1	0	-	NA	fixed	NA	none	0	False	containment 0.00 < 0.5; only 0/1 enzymes produced a fit; no PTR estimate	BcgI:only 0 windows after outlier trimming	no enzyme produced a usable estimate
CRR1310406	GCF_001683355.1	s__Prevotella_scopos	NA	NA	NA	0	NA	NA	NA	0	NA	NA	NA	NA	0	1	0	-	NA	fixed	NA	none	0	False	containment 0.00 < 0.5; only 0/1 enzymes produced a fit; no PTR estimate	BcgI:only 0 windows after outlier trimming	no enzyme produced a usable estimate
CRR1310406	GCF_001702075.1	s__Haemophilus_quentini	NA	NA	NA	0	NA	NA	NA	0	NA	NA	NA	NA	0	1	0	-	NA	fixed	NA	none	0	False	containment 0.00 < 0.5; only 0/1 enzymes produced a fit; no PTR estimate	BcgI:only 0 windows after outlier trimming	no enzyme produced a usable estimate
CRR1310406	GCF_001717525.2	s__Tannerella_sp003033925	NA	NA	NA	0	NA	NA	NA	0	NA	NA	NA	NA	0	1	0	-	NA	fixed	NA	none	0	False	containment 0.00 < 0.5; only 0/1 enzymes produced a fit; no PTR estimate	BcgI:only 0 windows after outlier trimming	no enzyme produced a usable estimate
CRR1310406	GCF_001717585.1	s__Centipeda_sp001717585	NA	NA	NA	0	NA	NA	NA	0	NA	NA	NA	NA	0	1	0	-	NA	fixed	NA	none	0	False	containment 0.00 < 0.5; only 0/1 enzymes produced a fit; no PTR estimate	BcgI:only 0 windows after outlier trimming	no enzyme produced a usable estimate
CRR1310406	GCF_001721245.1	s__Sphingobium_yanoikuyae	NA	NA	NA	0	NA	NA	NA	0	NA	NA	NA	NA	0	1	0	-	NA	fixed	NA	none	0	False	containment 0.00 < 0.5; only 0/1 enzymes produced a fit; no PTR estimate	BcgI:only 0 windows after outlier trimming	no enzyme produced a usable estimate
CRR1310406	GCF_001807315.1	s__Corynebacterium_simulans	NA	NA	NA	0.001178781925	NA	NA	NA	0	NA	NA	NA	NA	0	1	0	-	NA	fixed	NA	none	0	False	containment 0.00 < 0.5; only 0/1 enzymes produced a fit; no PTR estimate	BcgI:only 2 windows after outlier trimming	no enzyme produced a usable estimate
CRR1310406	GCF_001807385.1	s__Brachybacterium_paraconglomeratum	NA	NA	NA	0	NA	NA	NA	0	NA	NA	NA	NA	0	1	0	-	NA	fixed	NA	none	0	False	containment 0.00 < 0.5; only 0/1 enzymes produced a fit; no PTR estimate	BcgI:only 0 windows after outlier trimming	no enzyme produced a usable estimate
CRR1310406	GCF_001808255.1	s__Neisseria_subflava_A	NA	NA	NA	0	NA	NA	NA	0	NA	NA	NA	NA	0	1	0	-	NA	fixed	NA	none	0	False	containment 0.00 < 0.5; only 0/1 enzymes produced a fit; no PTR estimate	BcgI:only 0 windows after outlier trimming	no enzyme produced a usable estimate
CRR1310406	GCF_001808705.1	s__Streptococcus_sp001808705	NA	NA	NA	0	NA	NA	NA	0	NA	NA	NA	NA	0	1	0	-	NA	fixed	NA	none	0	False	containment 0.00 < 0.5; only 0/1 enzymes produced a fit; no PTR estimate	BcgI:only 0 windows after outlier trimming	no enzyme produced a usable estimate
CRR1310406	GCF_001808865.1	s__Streptococcus_sp001553685	NA	NA	NA	0	NA	NA	NA	0	NA	NA	NA	NA	0	1	0	-	NA	fixed	NA	none	0	False	containment 0.00 < 0.5; only 0/1 enzymes produced a fit; no PTR estimate	BcgI:only 0 windows after outlier trimming	no enzyme produced a usable estimate
CRR1310406	GCF_001808875.1	s__Neisseria_sicca_A	NA	NA	NA	0	NA	NA	NA	0	NA	NA	NA	NA	0	1	0	-	NA	fixed	NA	none	0	False	containment 0.00 < 0.5; only 0/1 enzymes produced a fit; no PTR estimate	BcgI:only 0 windows after outlier trimming	no enzyme produced a usable estimate
CRR1310406	GCF_001809325.1	s__Neisseria_sp001809325	NA	NA	NA	0	NA	NA	NA	0	NA	NA	NA	NA	0	1	0	-	NA	fixed	NA	none	0	False	containment 0.00 < 0.5; only 0/1 enzymes produced a fit; no PTR estimate	BcgI:only 0 windows after outlier trimming	no enzyme produced a usable estimate
CRR1310406	GCF_001810035.1	s__Neisseria_subflava_C	NA	NA	NA	0	NA	NA	NA	0	NA	NA	NA	NA	0	1	0	-	NA	fixed	NA	none	0	False	containment 0.00 < 0.5; only 0/1 enzymes produced a fit; no PTR estimate	BcgI:only 0 windows after outlier trimming	no enzyme produced a usable estimate
CRR1310406	GCF_001810785.1	s__Streptococcus_sp001810785	NA	NA	NA	0	NA	NA	NA	0	NA	NA	NA	NA	0	1	0	-	NA	fixed	NA	none	0	False	containment 0.00 < 0.5; only 0/1 enzymes produced a fit; no PTR estimate	BcgI:only 0 windows after outlier trimming	no enzyme produced a usable estimate
CRR1310406	GCF_001811505.1	s__Streptococcus_sp001811505	NA	NA	NA	0	NA	NA	NA	0	NA	NA	NA	NA	0	1	0	-	NA	fixed	NA	none	0	False	containment 0.00 < 0.5; only 0/1 enzymes produced a fit; no PTR estimate	BcgI:only 0 windows after outlier trimming	no enzyme produced a usable estimate
CRR1310406	GCF_001812965.1	s__Actinomyces_oris_C	NA	NA	NA	0	NA	NA	NA	0	NA	NA	NA	NA	0	1	0	-	NA	fixed	NA	none	0	False	containment 0.00 < 0.5; only 0/1 enzymes produced a fit; no PTR estimate	BcgI:only 0 windows after outlier trimming	no enzyme produced a usable estimate
CRR1310406	GCF_001812975.1	s__Rothia_mucilaginosa	NA	NA	NA	0	NA	NA	NA	0	NA	NA	NA	NA	0	1	0	-	NA	fixed	NA	none	0	False	containment 0.00 < 0.5; only 0/1 enzymes produced a fit; no PTR estimate	BcgI:only 0 windows after outlier trimming	no enzyme produced a usable estimate
CRR1310406	GCF_001813205.1	s__Lancefieldella_rimae	NA	NA	NA	0	NA	NA	NA	0	NA	NA	NA	NA	0	1	0	-	NA	fixed	NA	none	0	False	containment 0.00 < 0.5; only 0/1 enzymes produced a fit; no PTR estimate	BcgI:only 0 windows after outlier trimming	no enzyme produced a usable estimate
CRR1310406	GCF_001813295.1	s__Streptococcus_parasanguinis_B	NA	NA	NA	0.004716981132	NA	NA	NA	0	NA	NA	NA	NA	0	1	0	-	NA	fixed	NA	none	0	False	containment 0.00 < 0.5; only 0/1 enzymes produced a fit; no PTR estimate	BcgI:only 0 windows after outlier trimming	no enzyme produced a usable estimate
CRR1310406	GCF_001814135.1	s__Neisseria_sp000952795	NA	NA	NA	0	NA	NA	NA	0	NA	NA	NA	NA	0	1	0	-	NA	fixed	NA	none	0	False	containment 0.00 < 0.5; only 0/1 enzymes produced a fit; no PTR estimate	BcgI:only 0 windows after outlier trimming	no enzyme produced a usable estimate
CRR1310406	GCF_001814145.1	s__Prevotella_conceptionensis	NA	NA	NA	0	NA	NA	NA	0	NA	NA	NA	NA	0	1	0	-	NA	fixed	NA	none	0	False	containment 0.00 < 0.5; only 0/1 enzymes produced a fit; no PTR estimate	BcgI:only 0 windows after outlier trimming	no enzyme produced a usable estimate
CRR1310406	GCF_001814295.1	s__Streptococcus_constellatus	NA	NA	NA	0	NA	NA	NA	0	NA	NA	NA	NA	0	1	0	-	NA	fixed	NA	none	0	False	containment 0.00 < 0.5; only 0/1 enzymes produced a fit; no PTR estimate	BcgI:only 0 windows after outlier trimming	no enzyme produced a usable estimate
CRR1310406	GCF_001814405.1	s__Lacticaseibacillus_rhamnosus	NA	NA	NA	0	NA	NA	NA	0	NA	NA	NA	NA	0	1	0	-	NA	fixed	NA	none	0	False	containment 0.00 < 0.5; only 0/1 enzymes produced a fit; no PTR estimate	BcgI:only 0 windows after outlier trimming	no enzyme produced a usable estimate
CRR1310406	GCF_001814685.1	s__Prevotella_oris	NA	NA	NA	0	NA	NA	NA	0	NA	NA	NA	NA	0	1	0	-	NA	fixed	NA	none	0	False	containment 0.00 < 0.5; only 0/1 enzymes produced a fit; no PTR estimate	BcgI:only 0 windows after outlier trimming	no enzyme produced a usable estimate
CRR1310406	GCF_001814775.1	s__Streptococcus_sp001814775	NA	NA	NA	0.005405405405	NA	NA	NA	0	NA	NA	NA	NA	0	1	0	-	NA	fixed	NA	none	0	False	containment 0.01 < 0.5; only 0/1 enzymes produced a fit; no PTR estimate	BcgI:only 0 windows after outlier trimming	no enzyme produced a usable estimate
CRR1310406	GCF_001815355.1	s__Haemophilus_D_sp001815355	NA	NA	NA	0	NA	NA	NA	0	NA	NA	NA	NA	0	1	0	-	NA	fixed	NA	none	0	False	containment 0.00 < 0.5; only 0/1 enzymes produced a fit; no PTR estimate	BcgI:only 0 windows after outlier trimming	no enzyme produced a usable estimate
CRR1310406	GCF_001815675.1	s__Neisseria_sp001815675	NA	NA	NA	0	NA	NA	NA	0	NA	NA	NA	NA	0	1	0	-	NA	fixed	NA	none	0	False	containment 0.00 < 0.5; only 0/1 enzymes produced a fit; no PTR estimate	BcgI:only 0 windows after outlier trimming	no enzyme produced a usable estimate
CRR1310406	GCF_001815715.1	s__Fusobacterium_polymorphum	NA	NA	NA	0	NA	NA	NA	0	NA	NA	NA	NA	0	1	0	-	NA	fixed	NA	none	0	False	containment 0.00 < 0.5; only 0/1 enzymes produced a fit; no PTR estimate	BcgI:only 0 windows after outlier trimming	no enzyme produced a usable estimate
CRR1310406	GCF_001815865.1	s__Abiotrophia_sp001815865	NA	NA	NA	0	NA	NA	NA	0	NA	NA	NA	NA	0	1	0	-	NA	fixed	NA	none	0	False	containment 0.00 < 0.5; only 0/1 enzymes produced a fit; no PTR estimate	BcgI:only 0 windows after outlier trimming	no enzyme produced a usable estimate
CRR1310406	GCF_001836315.1	s__Neisseria_flavescens_A	NA	NA	NA	0	NA	NA	NA	0	NA	NA	NA	NA	0	1	0	-	NA	fixed	NA	none	0	False	containment 0.00 < 0.5; only 0/1 enzymes produced a fit; no PTR estimate	BcgI:only 0 windows after outlier trimming	no enzyme produced a usable estimate
CRR1310406	GCF_001837905.1	s__Streptococcus_sp900766505	NA	NA	NA	0	NA	NA	NA	0	NA	NA	NA	NA	0	1	0	-	NA	fixed	NA	none	0	False	containment 0.00 < 0.5; only 0/1 enzymes produced a fit; no PTR estimate	BcgI:only 0 windows after outlier trimming	no enzyme produced a usable estimate
CRR1310406	GCF_001929365.1	s__Actinomyces_oris	NA	NA	NA	0	NA	NA	NA	0	NA	NA	NA	NA	0	1	0	-	NA	fixed	NA	none	0	False	containment 0.00 < 0.5; only 0/1 enzymes produced a fit; no PTR estimate	BcgI:only 0 windows after outlier trimming	no enzyme produced a usable estimate
CRR1310406	GCF_001937595.1	s__Actinomyces_naeslundii	NA	NA	NA	0	NA	NA	NA	0	NA	NA	NA	NA	0	1	0	-	NA	fixed	NA	none	0	False	containment 0.00 < 0.5; only 0/1 enzymes produced a fit; no PTR estimate	BcgI:only 0 windows after outlier trimming	no enzyme produced a usable estimate
CRR1310406	GCF_001937655.1	s__Actinomyces_oris_B	NA	NA	NA	0	NA	NA	NA	0	NA	NA	NA	NA	0	1	0	-	NA	fixed	NA	none	0	False	containment 0.00 < 0.5; only 0/1 enzymes produced a fit; no PTR estimate	BcgI:only 0 windows after outlier trimming	no enzyme produced a usable estimate
CRR1310406	GCF_001937665.1	s__Actinomyces_oris_D	NA	NA	NA	0	NA	NA	NA	0	NA	NA	NA	NA	0	1	0	-	NA	fixed	NA	none	0	False	containment 0.00 < 0.5; only 0/1 enzymes produced a fit; no PTR estimate	BcgI:only 0 windows after outlier trimming	no enzyme produced a usable estimate
CRR1310406	GCF_001937675.1	s__Actinomyces_oris_E	NA	NA	NA	0	NA	NA	NA	0	NA	NA	NA	NA	0	1	0	-	NA	fixed	NA	none	0	False	containment 0.00 < 0.5; only 0/1 enzymes produced a fit; no PTR estimate	BcgI:only 0 windows after outlier trimming	no enzyme produced a usable estimate
CRR1310406	GCF_001998825.1	s__Rodentibacter_mrazii	NA	NA	NA	0	NA	NA	NA	0	NA	NA	NA	NA	0	1	0	-	NA	fixed	NA	none	0	False	containment 0.00 < 0.5; only 0/1 enzymes produced a fit; no PTR estimate	BcgI:only 0 windows after outlier trimming	no enzyme produced a usable estimate
CRR1310406	GCF_002005545.1	s__Streptococcus_mitis_I	NA	NA	NA	0	NA	NA	NA	0	NA	NA	NA	NA	0	1	0	-	NA	fixed	NA	none	0	False	containment 0.00 < 0.5; only 0/1 enzymes produced a fit; no PTR estimate	BcgI:only 0 windows after outlier trimming	no enzyme produced a usable estimate
CRR1310406	GCF_002014765.1	s__Moraxella_C_lincolnii	NA	NA	NA	0	NA	NA	NA	0	NA	NA	NA	NA	0	1	0	-	NA	fixed	NA	none	0	False	containment 0.00 < 0.5; only 0/1 enzymes produced a fit; no PTR estimate	BcgI:only 0 windows after outlier trimming	no enzyme produced a usable estimate
CRR1310406	GCF_002014795.1	s__Streptococcus_mitis_AQ	NA	NA	NA	0	NA	NA	NA	0	NA	NA	NA	NA	0	1	0	-	NA	fixed	NA	none	0	False	containment 0.00 < 0.5; only 0/1 enzymes produced a fit; no PTR estimate	BcgI:only 0 windows after outlier trimming	no enzyme produced a usable estimate
CRR1310406	GCF_002092855.1	s__Campylobacter_A_concisus_I	NA	NA	NA	0	NA	NA	NA	0	NA	NA	NA	NA	0	1	0	-	NA	fixed	NA	none	0	False	containment 0.00 < 0.5; only 0/1 enzymes produced a fit; no PTR estimate	BcgI:only 0 windows after outlier trimming	no enzyme produced a usable estimate
CRR1310406	GCF_002093515.1	s__Streptococcus_oralis_E	NA	NA	NA	0	NA	NA	NA	0	NA	NA	NA	NA	0	1	0	-	NA	fixed	NA	none	0	False	containment 0.00 < 0.5; only 0/1 enzymes produced a fit; no PTR estimate	BcgI:only 0 windows after outlier trimming	no enzyme produced a usable estimate
CRR1310406	GCF_002093545.1	s__Streptococcus_oralis_C	NA	NA	NA	0	NA	NA	NA	0	NA	NA	NA	NA	0	1	0	-	NA	fixed	NA	none	0	False	containment 0.00 < 0.5; only 0/1 enzymes produced a fit; no PTR estimate	BcgI:only 0 windows after outlier trimming	no enzyme produced a usable estimate
CRR1310406	GCF_002093575.1	s__Streptococcus_oralis_W	NA	NA	NA	0	NA	NA	NA	0	NA	NA	NA	NA	0	1	0	-	NA	fixed	NA	none	0	False	containment 0.00 < 0.5; only 0/1 enzymes produced a fit; no PTR estimate	BcgI:only 0 windows after outlier trimming	no enzyme produced a usable estimate
CRR1310406	GCF_002096335.1	s__Streptococcus_oralis_Z	NA	NA	NA	0	NA	NA	NA	0	NA	NA	NA	NA	0	1	0	-	NA	fixed	NA	none	0	False	containment 0.00 < 0.5; only 0/1 enzymes produced a fit; no PTR estimate	BcgI:only 0 windows after outlier trimming	no enzyme produced a usable estimate
CRR1310406	GCF_002096355.1	s__Streptococcus_oralis_T	NA	NA	NA	0	NA	NA	NA	0	NA	NA	NA	NA	0	1	0	-	NA	fixed	NA	none	0	False	containment 0.00 < 0.5; only 0/1 enzymes produced a fit; no PTR estimate	BcgI:only 0 windows after outlier trimming	no enzyme produced a usable estimate
CRR1310406	GCF_002096435.1	s__Streptococcus_oralis_AA	NA	NA	NA	0	NA	NA	NA	0	NA	NA	NA	NA	0	1	0	-	NA	fixed	NA	none	0	False	containment 0.00 < 0.5; only 0/1 enzymes produced a fit; no PTR estimate	BcgI:only 0 windows after outlier trimming	no enzyme produced a usable estimate
CRR1310406	GCF_002096445.1	s__Streptococcus_oralis_N	NA	NA	NA	0	NA	NA	NA	0	NA	NA	NA	NA	0	1	0	-	NA	fixed	NA	none	0	False	containment 0.00 < 0.5; only 0/1 enzymes produced a fit; no PTR estimate	BcgI:only 0 windows after outlier trimming	no enzyme produced a usable estimate
CRR1310406	GCF_002096595.1	s__Streptococcus_oralis_D	NA	NA	NA	0	NA	NA	NA	0	NA	NA	NA	NA	0	1	0	-	NA	fixed	NA	none	0	False	containment 0.00 < 0.5; only 0/1 enzymes produced a fit; no PTR estimate	BcgI:only 0 windows after outlier trimming	no enzyme produced a usable estimate
CRR1310406	GCF_002096615.1	s__Streptococcus_oralis_U	NA	NA	NA	0	NA	NA	NA	0	NA	NA	NA	NA	0	1	0	-	NA	fixed	NA	none	0	False	containment 0.00 < 0.5; only 0/1 enzymes produced a fit; no PTR estimate	BcgI:only 0 windows after outlier trimming	no enzyme produced a usable estimate
CRR1310406	GCF_002096685.1	s__Streptococcus_oralis_AD	NA	NA	NA	0	NA	NA	NA	0	NA	NA	NA	NA	0	1	0	-	NA	fixed	NA	none	0	False	containment 0.00 < 0.5; only 0/1 enzymes produced a fit; no PTR estimate	BcgI:only 0 windows after outlier trimming	no enzyme produced a usable estimate
CRR1310406	GCF_002096695.1	s__Streptococcus_dentisani	NA	NA	NA	0	NA	NA	NA	0	NA	NA	NA	NA	0	1	0	-	NA	fixed	NA	none	0	False	containment 0.00 < 0.5; only 0/1 enzymes produced a fit; no PTR estimate	BcgI:only 0 windows after outlier trimming	no enzyme produced a usable estimate
CRR1310406	GCF_002096815.1	s__Streptococcus_mitis_AD	NA	NA	NA	0	NA	NA	NA	0	NA	NA	NA	NA	0	1	0	-	NA	fixed	NA	none	0	False	containment 0.00 < 0.5; only 0/1 enzymes produced a fit; no PTR estimate	BcgI:only 0 windows after outlier trimming	no enzyme produced a usable estimate
CRR1310406	GCF_002096835.1	s__Streptococcus_mitis_W	NA	NA	NA	0	NA	NA	NA	0	NA	NA	NA	NA	0	1	0	-	NA	fixed	NA	none	0	False	containment 0.00 < 0.5; only 0/1 enzymes produced a fit; no PTR estimate	BcgI:only 0 windows after outlier trimming	no enzyme produced a usable estimate
CRR1310406	GCF_002096845.1	s__Streptococcus_mitis_A	NA	NA	NA	0	NA	NA	NA	0	NA	NA	NA	NA	0	1	0	-	NA	fixed	NA	none	0	False	containment 0.00 < 0.5; only 0/1 enzymes produced a fit; no PTR estimate	BcgI:only 0 windows after outlier trimming	no enzyme produced a usable estimate
CRR1310406	GCF_002096855.1	s__Streptococcus_mitis_Y	NA	NA	NA	0	NA	NA	NA	0	NA	NA	NA	NA	0	1	0	-	NA	fixed	NA	none	0	False	containment 0.00 < 0.5; only 0/1 enzymes produced a fit; no PTR estimate	BcgI:only 0 windows after outlier trimming	no enzyme produced a usable estimate
CRR1310406	GCF_002096895.1	s__Streptococcus_mitis_AH	NA	NA	NA	0	NA	NA	NA	0	NA	NA	NA	NA	0	1	0	-	NA	fixed	NA	none	0	False	containment 0.00 < 0.5; only 0/1 enzymes produced a fit; no PTR estimate	BcgI:only 0 windows after outlier trimming	no enzyme produced a usable estimate
CRR1310406	GCF_002096925.1	s__Streptococcus_mitis_AF	NA	NA	NA	0	NA	NA	NA	0	NA	NA	NA	NA	0	1	0	-	NA	fixed	NA	none	0	False	containment 0.00 < 0.5; only 0/1 enzymes produced a fit; no PTR estimate	BcgI:only 0 windows after outlier trimming	no enzyme produced a usable estimate
CRR1310406	GCF_002108505.1	s__Neisseria_dumasiana	NA	NA	NA	0	NA	NA	NA	0	NA	NA	NA	NA	0	1	0	-	NA	fixed	NA	none	0	False	containment 0.00 < 0.5; only 0/1 enzymes produced a fit; no PTR estimate	BcgI:only 0 windows after outlier trimming	no enzyme produced a usable estimate
CRR1310406	GCF_002108595.1	s__Neisseria_dentiae	NA	NA	NA	0	NA	NA	NA	0	NA	NA	NA	NA	0	1	0	-	NA	fixed	NA	none	0	False	containment 0.00 < 0.5; only 0/1 enzymes produced a fit; no PTR estimate	BcgI:only 0 windows after outlier trimming	no enzyme produced a usable estimate
CRR1310406	GCF_002127225.1	s__Sphingomonas_sp002127225	NA	NA	NA	0	NA	NA	NA	0	NA	NA	NA	NA	0	1	0	-	NA	fixed	NA	none	0	False	containment 0.00 < 0.5; only 0/1 enzymes produced a fit; no PTR estimate	BcgI:only 0 windows after outlier trimming	no enzyme produced a usable estimate
CRR1310406	GCF_002197385.1	s__Streptococcus_agalactiae	NA	NA	NA	0	NA	NA	NA	0	NA	NA	NA	NA	0	1	0	-	NA	fixed	NA	none	0	False	containment 0.00 < 0.5; only 0/1 enzymes produced a fit; no PTR estimate	BcgI:only 0 windows after outlier trimming	no enzyme produced a usable estimate
CRR1310406	GCF_002204455.1	s__Porphyromonas_gingivalis	NA	NA	NA	0.000593824228	NA	NA	NA	0	NA	NA	NA	NA	0	1	0	-	NA	fixed	NA	none	0	False	containment 0.00 < 0.5; only 0/1 enzymes produced a fit; no PTR estimate	BcgI:only 1 windows after outlier trimming	no enzyme produced a usable estimate
CRR1310406	GCF_002204475.1	s__Prevotella_nigrescens	NA	NA	NA	0	NA	NA	NA	0	NA	NA	NA	NA	0	1	0	-	NA	fixed	NA	none	0	False	containment 0.00 < 0.5; only 0/1 enzymes produced a fit; no PTR estimate	BcgI:only 0 windows after outlier trimming	no enzyme produced a usable estimate
CRR1310406	GCF_002205845.1	s__Pelomonas_puraquae	NA	NA	NA	0	NA	NA	NA	0	NA	NA	NA	NA	0	1	0	-	NA	fixed	NA	none	0	False	containment 0.00 < 0.5; only 0/1 enzymes produced a fit; no PTR estimate	BcgI:only 0 windows after outlier trimming	no enzyme produced a usable estimate
CRR1310406	GCF_002209185.2	s__Corynebacterium_amycolatum_A	NA	NA	NA	0	NA	NA	NA	0	NA	NA	NA	NA	0	1	0	-	NA	fixed	NA	none	0	False	containment 0.00 < 0.5; only 0/1 enzymes produced a fit; no PTR estimate	BcgI:only 0 windows after outlier trimming	no enzyme produced a usable estimate
CRR1310406	GCF_002209445.1	s__Capnocytophaga_endodontalis	NA	NA	NA	0	NA	NA	NA	0	NA	NA	NA	NA	0	1	0	-	NA	fixed	NA	none	0	False	containment 0.00 < 0.5; only 0/1 enzymes produced a fit; no PTR estimate	BcgI:only 0 windows after outlier trimming	no enzyme produced a usable estimate
CRR1310406	GCF_002237445.1	s__Neisseria_sp002237445	NA	NA	NA	0	NA	NA	NA	0	NA	NA	NA	NA	0	1	0	-	NA	fixed	NA	none	0	False	containment 0.00 < 0.5; only 0/1 enzymes produced a fit; no PTR estimate	BcgI:only 0 windows after outlier trimming	no enzyme produced a usable estimate
CRR1310406	GCF_002238135.1	s__Rothia_aeria	NA	NA	NA	0.0006896551724	NA	NA	NA	0	NA	NA	NA	NA	0	1	0	-	NA	fixed	NA	none	0	False	containment 0.00 < 0.5; only 0/1 enzymes produced a fit; no PTR estimate	BcgI:only 0 windows after outlier trimming	no enzyme produced a usable estimate
CRR1310406	GCF_002243385.1	s__Mogibacterium_pumilum	NA	NA	NA	0	NA	NA	NA	0	NA	NA	NA	NA	0	1	0	-	NA	fixed	NA	none	0	False	containment 0.00 < 0.5; only 0/1 enzymes produced a fit; no PTR estimate	BcgI:only 0 windows after outlier trimming	no enzyme produced a usable estimate
CRR1310406	GCF_002259155.1	s__Rhodococcus_B_sp002259415	NA	NA	NA	0	NA	NA	NA	0	NA	NA	NA	NA	0	1	0	-	NA	fixed	NA	none	0	False	containment 0.00 < 0.5; only 0/1 enzymes produced a fit; no PTR estimate	BcgI:only 0 windows after outlier trimming	no enzyme produced a usable estimate
CRR1310406	GCF_002259295.1	s__Rhodococcus_B_fascians	NA	NA	NA	0	NA	NA	NA	0	NA	NA	NA	NA	0	1	0	-	NA	fixed	NA	none	0	False	containment 0.00 < 0.5; only 0/1 enzymes produced a fit; no PTR estimate	BcgI:only 0 windows after outlier trimming	no enzyme produced a usable estimate
CRR1310406	GCF_002289925.1	s__Ligilactobacillus_salivarius	NA	NA	NA	0	NA	NA	NA	0	NA	NA	NA	NA	0	1	0	-	NA	fixed	NA	none	0	False	containment 0.00 < 0.5; only 0/1 enzymes produced a fit; no PTR estimate	BcgI:only 0 windows after outlier trimming	no enzyme produced a usable estimate
CRR1310406	GCF_002302595.1	s__Capnocytophaga_sputigena	NA	NA	NA	0	NA	NA	NA	0	NA	NA	NA	NA	0	1	0	-	NA	fixed	NA	none	0	False	containment 0.00 < 0.5; only 0/1 enzymes produced a fit; no PTR estimate	BcgI:only 0 windows after outlier trimming	no enzyme produced a usable estimate
CRR1310406	GCF_002355895.1	s__Streptococcus_sp002355895	NA	NA	NA	0	NA	NA	NA	0	NA	NA	NA	NA	0	1	0	-	NA	fixed	NA	none	0	False	containment 0.00 < 0.5; only 0/1 enzymes produced a fit; no PTR estimate	BcgI:only 0 windows after outlier trimming	no enzyme produced a usable estimate
CRR1310406	GCF_002443115.1	s__Dermabacter_hominis	NA	NA	NA	0	NA	NA	NA	0	NA	NA	NA	NA	0	1	0	-	NA	fixed	NA	none	0	False	containment 0.00 < 0.5; only 0/1 enzymes produced a fit; no PTR estimate	BcgI:only 0 windows after outlier trimming	no enzyme produced a usable estimate
CRR1310406	GCF_002551535.2	s__Neisseria_brasiliensis	NA	NA	NA	0	NA	NA	NA	0	NA	NA	NA	NA	0	1	0	-	NA	fixed	NA	none	0	False	containment 0.00 < 0.5; only 0/1 enzymes produced a fit; no PTR estimate	BcgI:only 0 windows after outlier trimming	no enzyme produced a usable estimate
CRR1310406	GCF_002763535.1	s__Prevotella_intermedia	NA	NA	NA	0	NA	NA	NA	0	NA	NA	NA	NA	0	1	0	-	NA	fixed	NA	none	0	False	containment 0.00 < 0.5; only 0/1 enzymes produced a fit; no PTR estimate	BcgI:only 0 windows after outlier trimming	no enzyme produced a usable estimate
CRR1310406	GCF_002763595.1	s__Fusobacterium_pseudoperiodonticum	NA	NA	NA	0	NA	NA	NA	0	NA	NA	NA	NA	0	1	0	-	NA	fixed	NA	none	0	False	containment 0.00 < 0.5; only 0/1 enzymes produced a fit; no PTR estimate	BcgI:only 0 windows after outlier trimming	no enzyme produced a usable estimate
CRR1310406	GCF_002803535.1	s__Ochrobactrum_A_pituitosum	NA	NA	NA	0	NA	NA	NA	0	NA	NA	NA	NA	0	1	0	-	NA	fixed	NA	none	0	False	containment 0.00 < 0.5; only 0/1 enzymes produced a fit; no PTR estimate	BcgI:only 0 windows after outlier trimming	no enzyme produced a usable estimate
CRR1310406	GCF_002810365.1	s__Psychrobacter_sp002810365	NA	NA	NA	0	NA	NA	NA	0	NA	NA	NA	NA	0	1	0	-	NA	fixed	NA	none	0	False	containment 0.00 < 0.5; only 0/1 enzymes produced a fit; no PTR estimate	BcgI:only 0 windows after outlier trimming	no enzyme produced a usable estimate
CRR1310406	GCF_002860865.1	s__Streptococcus_mitis_AT	NA	NA	NA	0	NA	NA	NA	0	NA	NA	NA	NA	0	1	0	-	NA	fixed	NA	none	0	False	containment 0.00 < 0.5; only 0/1 enzymes produced a fit; no PTR estimate	BcgI:only 0 windows after outlier trimming	no enzyme produced a usable estimate
CRR1310406	GCF_002860905.1	s__Streptococcus_oralis_BA	NA	NA	NA	0	NA	NA	NA	0	NA	NA	NA	NA	0	1	0	-	NA	fixed	NA	none	0	False	containment 0.00 < 0.5; only 0/1 enzymes produced a fit; no PTR estimate	BcgI:only 0 windows after outlier trimming	no enzyme produced a usable estimate
CRR1310406	GCF_002863305.1	s__Neisseria_perflava	NA	NA	NA	0	NA	NA	NA	0	NA	NA	NA	NA	0	1	0	-	NA	fixed	NA	none	0	False	containment 0.00 < 0.5; only 0/1 enzymes produced a fit; no PTR estimate	BcgI:only 0 windows after outlier trimming	no enzyme produced a usable estimate
CRR1310406	GCF_002869785.1	s__Tsukamurella_tyrosinosolvens	NA	NA	NA	0	NA	NA	NA	0	NA	NA	NA	NA	0	1	0	-	NA	fixed	NA	none	0	False	containment 0.00 < 0.5; only 0/1 enzymes produced a fit; no PTR estimate	BcgI:only 0 windows after outlier trimming	no enzyme produced a usable estimate
CRR1310406	GCF_002871975.1	s__Actinomyces_graevenitzii	NA	NA	NA	0	NA	NA	NA	0	NA	NA	NA	NA	0	1	0	-	NA	fixed	NA	none	0	False	containment 0.00 < 0.5; only 0/1 enzymes produced a fit; no PTR estimate	BcgI:only 0 windows after outlier trimming	no enzyme produced a usable estimate
CRR1310406	GCF_002884635.1	s__Prevotella_buccalis	NA	NA	NA	0	NA	NA	NA	0	NA	NA	NA	NA	0	1	0	-	NA	fixed	NA	none	0	False	containment 0.00 < 0.5; only 0/1 enzymes produced a fit; no PTR estimate	BcgI:only 0 windows after outlier trimming	no enzyme produced a usable estimate
CRR1310406	GCF_002894165.1	s__Prevotella_timonensis	NA	NA	NA	0.001180637544	NA	NA	NA	0	NA	NA	NA	NA	0	1	0	-	NA	fixed	NA	none	0	False	containment 0.00 < 0.5; only 0/1 enzymes produced a fit; no PTR estimate	BcgI:only 1 windows after outlier trimming	no enzyme produced a usable estimate
CRR1310406	GCF_002906715.1	s__Pseudomonas_E_sp002843585	NA	NA	NA	0	NA	NA	NA	0	NA	NA	NA	NA	0	1	0	-	NA	fixed	NA	none	0	False	containment 0.00 < 0.5; only 0/1 enzymes produced a fit; no PTR estimate	BcgI:only 0 windows after outlier trimming	no enzyme produced a usable estimate
CRR1310406	GCF_002907185.1	s__Fructilactobacillus_sanfranciscensis	NA	NA	NA	0	NA	NA	NA	0	NA	NA	NA	NA	0	1	0	-	NA	fixed	NA	none	0	False	containment 0.00 < 0.5; only 0/1 enzymes produced a fit; no PTR estimate	BcgI:only 0 windows after outlier trimming	no enzyme produced a usable estimate
CRR1310406	GCF_002912505.1	s__Campylobacter_A_concisus_T	NA	NA	NA	0	NA	NA	NA	0	NA	NA	NA	NA	0	1	0	-	NA	fixed	NA	none	0	False	containment 0.00 < 0.5; only 0/1 enzymes produced a fit; no PTR estimate	BcgI:only 0 windows after outlier trimming	no enzyme produced a usable estimate
CRR1310406	GCF_002914085.1	s__Campylobacter_A_concisus_R	NA	NA	NA	0	NA	NA	NA	0	NA	NA	NA	NA	0	1	0	-	NA	fixed	NA	none	0	False	containment 0.00 < 0.5; only 0/1 enzymes produced a fit; no PTR estimate	BcgI:only 0 windows after outlier trimming	no enzyme produced a usable estimate
CRR1310406	GCF_002934005.1	s__Cuspidothrix_issatschenkoi	NA	NA	NA	0	NA	NA	NA	0	NA	NA	NA	NA	0	1	0	-	NA	fixed	NA	none	0	False	containment 0.00 < 0.5; only 0/1 enzymes produced a fit; no PTR estimate	BcgI:only 0 windows after outlier trimming	no enzyme produced a usable estimate
CRR1310406	GCF_002948535.1	s__Enterococcus_faecalis	1248.152862	1024.35456	0.6807260221	0.6105960265	4.120499448e+89	297.6944197	NA	713	1	0.5341824983	296.6474412	298.7413981	1	1	1	BcgI	NA	fixed	1019829.152	glm	80	False	fraction 0.68 < 0.75; dispersion 1024.35 > 5.0	-	single enzyme: no cross-enzyme consistency check available
CRR1310406	GCF_002951835.1	s__Simonsiella_muelleri	NA	NA	NA	0	NA	NA	NA	0	NA	NA	NA	NA	0	1	0	-	NA	fixed	NA	none	0	False	containment 0.00 < 0.5; only 0/1 enzymes produced a fit; no PTR estimate	BcgI:only 0 windows after outlier trimming	no enzyme produced a usable estimate
CRR1310406	GCF_002959755.1	s__Veillonella_sp002959755	NA	NA	NA	0	NA	NA	NA	0	NA	NA	NA	NA	0	1	0	-	NA	fixed	NA	none	0	False	containment 0.00 < 0.5; only 0/1 enzymes produced a fit; no PTR estimate	BcgI:only 0 windows after outlier trimming	no enzyme produced a usable estimate
CRR1310406	GCF_002959835.1	s__Veillonella_rogosae	NA	NA	NA	0	NA	NA	NA	0	NA	NA	NA	NA	0	1	0	-	NA	fixed	NA	none	0	False	containment 0.00 < 0.5; only 0/1 enzymes produced a fit; no PTR estimate	BcgI:only 0 windows after outlier trimming	no enzyme produced a usable estimate
CRR1310406	GCF_002959855.1	s__Veillonella_denticariosi	NA	NA	NA	0	NA	NA	NA	0	NA	NA	NA	NA	0	1	0	-	NA	fixed	NA	none	0	False	containment 0.00 < 0.5; only 0/1 enzymes produced a fit; no PTR estimate	BcgI:only 0 windows after outlier trimming	no enzyme produced a usable estimate
CRR1310406	GCF_002959875.1	s__Veillonella_infantium	NA	NA	NA	0	NA	NA	NA	0	NA	NA	NA	NA	0	1	0	-	NA	fixed	NA	none	0	False	containment 0.00 < 0.5; only 0/1 enzymes produced a fit; no PTR estimate	BcgI:only 0 windows after outlier trimming	no enzyme produced a usable estimate
CRR1310406	GCF_002984015.1	s__Haemophilus_influenzae_D	NA	NA	NA	0	NA	NA	NA	0	NA	NA	NA	NA	0	1	0	-	NA	fixed	NA	none	0	False	containment 0.00 < 0.5; only 0/1 enzymes produced a fit; no PTR estimate	BcgI:only 0 windows after outlier trimming	no enzyme produced a usable estimate
CRR1310406	GCF_002984725.1	s__Haemophilus_influenzae_E	NA	NA	NA	0	NA	NA	NA	0	NA	NA	NA	NA	0	1	0	-	NA	fixed	NA	none	0	False	containment 0.00 < 0.5; only 0/1 enzymes produced a fit; no PTR estimate	BcgI:only 0 windows after outlier trimming	no enzyme produced a usable estimate
CRR1310406	GCF_002989575.1	s__Haemophilus_influenzae_F	NA	NA	NA	0	NA	NA	NA	0	NA	NA	NA	NA	0	1	0	-	NA	fixed	NA	none	0	False	containment 0.00 < 0.5; only 0/1 enzymes produced a fit; no PTR estimate	BcgI:only 0 windows after outlier trimming	no enzyme produced a usable estimate
CRR1310406	GCF_002999035.1	s__W11650_sp002999035	NA	NA	NA	0	NA	NA	NA	0	NA	NA	NA	NA	0	1	0	-	NA	fixed	NA	none	0	False	containment 0.00 < 0.5; only 0/1 enzymes produced a fit; no PTR estimate	BcgI:only 0 windows after outlier trimming	no enzyme produced a usable estimate
CRR1310406	GCF_002999135.1	s__Capnocytophaga_sp002999135	NA	NA	NA	0	NA	NA	NA	0	NA	NA	NA	NA	0	1	0	-	NA	fixed	NA	none	0	False	containment 0.00 < 0.5; only 0/1 enzymes produced a fit; no PTR estimate	BcgI:only 0 windows after outlier trimming	no enzyme produced a usable estimate
CRR1310406	GCF_002999235.1	s__Actinomyces_sp002999235	NA	NA	NA	0	NA	NA	NA	0	NA	NA	NA	NA	0	1	0	-	NA	fixed	NA	none	0	False	containment 0.00 < 0.5; only 0/1 enzymes produced a fit; no PTR estimate	BcgI:only 0 windows after outlier trimming	no enzyme produced a usable estimate
CRR1310406	GCF_002999515.1	s__Streptococcus_anginosus_C	NA	NA	NA	0	NA	NA	NA	0	NA	NA	NA	NA	0	1	0	-	NA	fixed	NA	none	0	False	containment 0.00 < 0.5; only 0/1 enzymes produced a fit; no PTR estimate	BcgI:only 0 windows after outlier trimming	no enzyme produced a usable estimate
CRR1310406	GCF_003008575.1	s__SC2-9_sp003008575	NA	NA	NA	0	NA	NA	NA	0	NA	NA	NA	NA	0	1	0	-	NA	fixed	NA	none	0	False	containment 0.00 < 0.5; only 0/1 enzymes produced a fit; no PTR estimate	BcgI:only 0 windows after outlier trimming	no enzyme produced a usable estimate
CRR1310406	GCF_003013245.1	s__Neisseria_iguanae	NA	NA	NA	0	NA	NA	NA	0	NA	NA	NA	NA	0	1	0	-	NA	fixed	NA	none	0	False	containment 0.00 < 0.5; only 0/1 enzymes produced a fit; no PTR estimate	BcgI:only 0 windows after outlier trimming	no enzyme produced a usable estimate
CRR1310406	GCF_003043925.1	s__Prevotella_sp003043925	NA	NA	NA	0	NA	NA	NA	0	NA	NA	NA	NA	0	1	0	-	NA	fixed	NA	none	0	False	containment 0.00 < 0.5; only 0/1 enzymes produced a fit; no PTR estimate	BcgI:only 0 windows after outlier trimming	no enzyme produced a usable estimate
CRR1310406	GCF_003043935.1	s__Prevotella_jejuni	NA	NA	NA	0	NA	NA	NA	0	NA	NA	NA	NA	0	1	0	-	NA	fixed	NA	none	0	False	containment 0.00 < 0.5; only 0/1 enzymes produced a fit; no PTR estimate	BcgI:only 0 windows after outlier trimming	no enzyme produced a usable estimate
CRR1310406	GCF_003043945.1	s__Prevotella_sp003043945	NA	NA	NA	0	NA	NA	NA	0	NA	NA	NA	NA	0	1	0	-	NA	fixed	NA	none	0	False	containment 0.00 < 0.5; only 0/1 enzymes produced a fit; no PTR estimate	BcgI:only 0 windows after outlier trimming	no enzyme produced a usable estimate
CRR1310406	GCF_003043955.1	s__F0428_sp003043955	NA	NA	NA	0	NA	NA	NA	0	NA	NA	NA	NA	0	1	0	-	NA	fixed	NA	none	0	False	containment 0.00 < 0.5; only 0/1 enzymes produced a fit; no PTR estimate	BcgI:only 0 windows after outlier trimming	no enzyme produced a usable estimate
CRR1310406	GCF_003044425.1	s__Neisseria_sicca_C	NA	NA	NA	0	NA	NA	NA	0	NA	NA	NA	NA	0	1	0	-	NA	fixed	NA	none	0	False	containment 0.00 < 0.5; only 0/1 enzymes produced a fit; no PTR estimate	BcgI:only 0 windows after outlier trimming	no enzyme produced a usable estimate
CRR1310406	GCF_003044485.1	s__Neisseria_bergeri	NA	NA	NA	0	NA	NA	NA	0	NA	NA	NA	NA	0	1	0	-	NA	fixed	NA	none	0	False	containment 0.00 < 0.5; only 0/1 enzymes produced a fit; no PTR estimate	BcgI:only 0 windows after outlier trimming	no enzyme produced a usable estimate
CRR1310406	GCF_003044645.1	s__Neisseria_subflava_B	NA	NA	NA	0	NA	NA	NA	0	NA	NA	NA	NA	0	1	0	-	NA	fixed	NA	none	0	False	containment 0.00 < 0.5; only 0/1 enzymes produced a fit; no PTR estimate	BcgI:only 0 windows after outlier trimming	no enzyme produced a usable estimate
CRR1310406	GCF_003044905.1	s__Neisseria_weaveri	NA	NA	NA	0	NA	NA	NA	0	NA	NA	NA	NA	0	1	0	-	NA	fixed	NA	none	0	False	containment 0.00 < 0.5; only 0/1 enzymes produced a fit; no PTR estimate	BcgI:only 0 windows after outlier trimming	no enzyme produced a usable estimate
CRR1310406	GCF_003048595.1	s__Campylobacter_A_concisus_L	NA	NA	NA	0	NA	NA	NA	0	NA	NA	NA	NA	0	1	0	-	NA	fixed	NA	none	0	False	containment 0.00 < 0.5; only 0/1 enzymes produced a fit; no PTR estimate	BcgI:only 0 windows after outlier trimming	no enzyme produced a usable estimate
CRR1310406	GCF_003048835.1	s__Campylobacter_A_concisus_D	NA	NA	NA	0	NA	NA	NA	0	NA	NA	NA	NA	0	1	0	-	NA	fixed	NA	none	0	False	containment 0.00 < 0.5; only 0/1 enzymes produced a fit; no PTR estimate	BcgI:only 0 windows after outlier trimming	no enzyme produced a usable estimate
CRR1310406	GCF_003053105.1	s__Limosilactobacillus_fermentum	NA	NA	NA	0	NA	NA	NA	0	NA	NA	NA	NA	0	1	0	-	NA	fixed	NA	none	0	False	containment 0.00 < 0.5; only 0/1 enzymes produced a fit; no PTR estimate	BcgI:only 0 windows after outlier trimming	no enzyme produced a usable estimate
CRR1310406	GCF_003056725.1	s__Mangrovicoccus_ximenensis	NA	NA	NA	0	NA	NA	NA	0	NA	NA	NA	NA	0	1	0	-	NA	fixed	NA	none	0	False	containment 0.00 < 0.5; only 0/1 enzymes produced a fit; no PTR estimate	BcgI:only 0 windows after outlier trimming	no enzyme produced a usable estimate
CRR1310406	GCF_003096815.1	s__Prevotella_colorans	NA	NA	NA	0	NA	NA	NA	0	NA	NA	NA	NA	0	1	0	-	NA	fixed	NA	none	0	False	containment 0.00 < 0.5; only 0/1 enzymes produced a fit; no PTR estimate	BcgI:only 0 windows after outlier trimming	no enzyme produced a usable estimate
CRR1310406	GCF_003124035.1	s__Kocuria_rosea	NA	NA	NA	0	NA	NA	NA	0	NA	NA	NA	NA	0	1	0	-	NA	fixed	NA	none	0	False	containment 0.00 < 0.5; only 0/1 enzymes produced a fit; no PTR estimate	BcgI:only 0 windows after outlier trimming	no enzyme produced a usable estimate
CRR1310406	GCF_003129965.1	s__Aggregatibacter_kilianii_A	NA	NA	NA	0	NA	NA	NA	0	NA	NA	NA	NA	0	1	0	-	NA	fixed	NA	none	0	False	containment 0.00 < 0.5; only 0/1 enzymes produced a fit; no PTR estimate	BcgI:only 0 windows after outlier trimming	no enzyme produced a usable estimate
CRR1310406	GCF_003130075.1	s__Aggregatibacter_segnis_A	NA	NA	NA	0	NA	NA	NA	0	NA	NA	NA	NA	0	1	0	-	NA	fixed	NA	none	0	False	containment 0.00 < 0.5; only 0/1 enzymes produced a fit; no PTR estimate	BcgI:only 0 windows after outlier trimming	no enzyme produced a usable estimate
CRR1310406	GCF_003182235.1	s__Phyllobacterium_myrsinacearum	NA	NA	NA	0	NA	NA	NA	0	NA	NA	NA	NA	0	1	0	-	NA	fixed	NA	none	0	False	containment 0.00 < 0.5; only 0/1 enzymes produced a fit; no PTR estimate	BcgI:only 0 windows after outlier trimming	no enzyme produced a usable estimate
CRR1310406	GCF_003201255.1	s__Pantoea_ananatis	NA	NA	NA	0.0005929439668	NA	NA	NA	0	NA	NA	NA	NA	0	1	0	-	NA	fixed	NA	none	0	False	containment 0.00 < 0.5; only 0/1 enzymes produced a fit; no PTR estimate	BcgI:only 2 windows after outlier trimming	no enzyme produced a usable estimate
CRR1310406	GCF_003252645.1	s__Aggregatibacter_segnis	NA	NA	NA	0	NA	NA	NA	0	NA	NA	NA	NA	0	1	0	-	NA	fixed	NA	none	0	False	containment 0.00 < 0.5; only 0/1 enzymes produced a fit; no PTR estimate	BcgI:only 0 windows after outlier trimming	no enzyme produced a usable estimate
CRR1310406	GCF_003252725.1	s__Haemophilus_D_parainfluenzae_L	NA	NA	NA	0	NA	NA	NA	0	NA	NA	NA	NA	0	1	0	-	NA	fixed	NA	none	0	False	containment 0.00 < 0.5; only 0/1 enzymes produced a fit; no PTR estimate	BcgI:only 0 windows after outlier trimming	no enzyme produced a usable estimate
CRR1310406	GCF_003252795.1	s__Haemophilus_D_parainfluenzae_K	NA	NA	NA	0	NA	NA	NA	0	NA	NA	NA	NA	0	1	0	-	NA	fixed	NA	none	0	False	containment 0.00 < 0.5; only 0/1 enzymes produced a fit; no PTR estimate	BcgI:only 0 windows after outlier trimming	no enzyme produced a usable estimate
CRR1310406	GCF_003252835.1	s__Aggregatibacter_kilianii	NA	NA	NA	0	NA	NA	NA	0	NA	NA	NA	NA	0	1	0	-	NA	fixed	NA	none	0	False	containment 0.00 < 0.5; only 0/1 enzymes produced a fit; no PTR estimate	BcgI:only 0 windows after outlier trimming	no enzyme produced a usable estimate
CRR1310406	GCF_003263915.2	s__Dolosigranulum_pigrum	NA	NA	NA	0	NA	NA	NA	0	NA	NA	NA	NA	0	1	0	-	NA	fixed	NA	none	0	False	containment 0.00 < 0.5; only 0/1 enzymes produced a fit; no PTR estimate	BcgI:only 0 windows after outlier trimming	no enzyme produced a usable estimate
CRR1310406	GCF_003345135.1	s__Acidovorax_defluvii	NA	NA	NA	0	NA	NA	NA	0	NA	NA	NA	NA	0	1	0	-	NA	fixed	NA	none	0	False	containment 0.00 < 0.5; only 0/1 enzymes produced a fit; no PTR estimate	BcgI:only 0 windows after outlier trimming	no enzyme produced a usable estimate
CRR1310406	GCF_003428885.1	s__Streptococcus_sp003428885	NA	NA	NA	0	NA	NA	NA	0	NA	NA	NA	NA	0	1	0	-	NA	fixed	NA	none	0	False	containment 0.00 < 0.5; only 0/1 enzymes produced a fit; no PTR estimate	BcgI:only 0 windows after outlier trimming	no enzyme produced a usable estimate
CRR1310406	GCF_003433295.1	s__Eubacterium_A_minutum	NA	NA	NA	0	NA	NA	NA	0	NA	NA	NA	NA	0	1	0	-	NA	fixed	NA	none	0	False	containment 0.00 < 0.5; only 0/1 enzymes produced a fit; no PTR estimate	BcgI:only 0 windows after outlier trimming	no enzyme produced a usable estimate
CRR1310406	GCF_003463825.1	s__Veillonella_sp003463825	NA	NA	NA	0	NA	NA	NA	0	NA	NA	NA	NA	0	1	0	-	NA	fixed	NA	none	0	False	containment 0.00 < 0.5; only 0/1 enzymes produced a fit; no PTR estimate	BcgI:only 0 windows after outlier trimming	no enzyme produced a usable estimate
CRR1310406	GCF_003464005.1	s__Veillonella_parvula_A	NA	NA	NA	0	NA	NA	NA	0	NA	NA	NA	NA	0	1	0	-	NA	fixed	NA	none	0	False	containment 0.00 < 0.5; only 0/1 enzymes produced a fit; no PTR estimate	BcgI:only 0 windows after outlier trimming	no enzyme produced a usable estimate
CRR1310406	GCF_003490595.1	s__Haemophilus_haemolyticus_I	NA	NA	NA	0	NA	NA	NA	0	NA	NA	NA	NA	0	1	0	-	NA	fixed	NA	none	0	False	containment 0.00 < 0.5; only 0/1 enzymes produced a fit; no PTR estimate	BcgI:only 0 windows after outlier trimming	no enzyme produced a usable estimate
CRR1310406	GCF_003492425.1	s__Neisseria_lactamica	NA	NA	NA	0	NA	NA	NA	0	NA	NA	NA	NA	0	1	0	-	NA	fixed	NA	none	0	False	containment 0.00 < 0.5; only 0/1 enzymes produced a fit; no PTR estimate	BcgI:only 0 windows after outlier trimming	no enzyme produced a usable estimate
CRR1310406	GCF_003493605.1	s__Haemophilus_haemolyticus_J	NA	NA	NA	0	NA	NA	NA	0	NA	NA	NA	NA	0	1	0	-	NA	fixed	NA	none	0	False	containment 0.00 < 0.5; only 0/1 enzymes produced a fit; no PTR estimate	BcgI:only 0 windows after outlier trimming	no enzyme produced a usable estimate
CRR1310406	GCF_003570845.1	s__Allisonella_pneumosintes	NA	NA	NA	0	NA	NA	NA	0	NA	NA	NA	NA	0	1	0	-	NA	fixed	NA	none	0	False	containment 0.00 < 0.5; only 0/1 enzymes produced a fit; no PTR estimate	BcgI:only 0 windows after outlier trimming	no enzyme produced a usable estimate
CRR1310406	GCF_003603405.1	s__Streptococcus_koreensis	NA	NA	NA	0	NA	NA	NA	0	NA	NA	NA	NA	0	1	0	-	NA	fixed	NA	none	0	False	containment 0.00 < 0.5; only 0/1 enzymes produced a fit; no PTR estimate	BcgI:only 0 windows after outlier trimming	no enzyme produced a usable estimate
CRR1310406	GCF_003609775.1	s__Prevotella_melaninogenica_A	NA	NA	NA	0	NA	NA	NA	0	NA	NA	NA	NA	0	1	0	-	NA	fixed	NA	none	0	False	containment 0.00 < 0.5; only 0/1 enzymes produced a fit; no PTR estimate	BcgI:only 0 windows after outlier trimming	no enzyme produced a usable estimate
CRR1310406	GCF_003627155.1	s__Streptococcus_gwangjuense	NA	NA	NA	0	NA	NA	NA	0	NA	NA	NA	NA	0	1	0	-	NA	fixed	NA	none	0	False	containment 0.00 < 0.5; only 0/1 enzymes produced a fit; no PTR estimate	BcgI:only 0 windows after outlier trimming	no enzyme produced a usable estimate
CRR1310406	GCF_003660455.1	s__Nocardioides_sp003660455	NA	NA	NA	0	NA	NA	NA	0	NA	NA	NA	NA	0	1	0	-	NA	fixed	NA	none	0	False	containment 0.00 < 0.5; only 0/1 enzymes produced a fit; no PTR estimate	BcgI:only 0 windows after outlier trimming	no enzyme produced a usable estimate
CRR1310406	GCF_003710825.1	s__Brevibacillus_D_fluminis	NA	NA	NA	0	NA	NA	NA	0	NA	NA	NA	NA	0	1	0	-	NA	fixed	NA	none	0	False	containment 0.00 < 0.5; only 0/1 enzymes produced a fit; no PTR estimate	BcgI:only 0 windows after outlier trimming	no enzyme produced a usable estimate
CRR1310406	GCF_003710885.1	s__Brevibacillus_agri	NA	NA	NA	0	NA	NA	NA	0	NA	NA	NA	NA	0	1	0	-	NA	fixed	NA	none	0	False	containment 0.00 < 0.5; only 0/1 enzymes produced a fit; no PTR estimate	BcgI:only 0 windows after outlier trimming	no enzyme produced a usable estimate
CRR1310406	GCF_003790445.1	s__Neisseria_chenwenguii	NA	NA	NA	0	NA	NA	NA	0	NA	NA	NA	NA	0	1	0	-	NA	fixed	NA	none	0	False	containment 0.00 < 0.5; only 0/1 enzymes produced a fit; no PTR estimate	BcgI:only 0 windows after outlier trimming	no enzyme produced a usable estimate
CRR1310406	GCF_003797385.1	s__Arachnia_propionica	NA	NA	NA	0	NA	NA	NA	0	NA	NA	NA	NA	0	1	0	-	NA	fixed	NA	none	0	False	containment 0.00 < 0.5; only 0/1 enzymes produced a fit; no PTR estimate	BcgI:only 0 windows after outlier trimming	no enzyme produced a usable estimate
CRR1310406	GCF_003798325.1	s__Propionibacterium_acidifaciens	NA	NA	NA	0	NA	NA	NA	0	NA	NA	NA	NA	0	1	0	-	NA	fixed	NA	none	0	False	containment 0.00 < 0.5; only 0/1 enzymes produced a fit; no PTR estimate	BcgI:only 0 windows after outlier trimming	no enzyme produced a usable estimate
CRR1310406	GCF_003813805.1	s__Neisseria_sp002327085	NA	NA	NA	0	NA	NA	NA	0	NA	NA	NA	NA	0	1	0	-	NA	fixed	NA	none	0	False	containment 0.00 < 0.5; only 0/1 enzymes produced a fit; no PTR estimate	BcgI:only 0 windows after outlier trimming	no enzyme produced a usable estimate
CRR1310406	GCF_003837955.1	s__Campylobacter_D_hepaticus	NA	NA	NA	0	NA	NA	NA	0	NA	NA	NA	NA	0	1	0	-	NA	fixed	NA	none	0	False	containment 0.00 < 0.5; only 0/1 enzymes produced a fit; no PTR estimate	BcgI:only 0 windows after outlier trimming	no enzyme produced a usable estimate
CRR1310406	GCF_003851545.1	s__Ralstonia_sp003851545	NA	NA	NA	0	NA	NA	NA	0	NA	NA	NA	NA	0	1	0	-	NA	fixed	NA	none	0	False	containment 0.00 < 0.5; only 0/1 enzymes produced a fit; no PTR estimate	BcgI:only 0 windows after outlier trimming	no enzyme produced a usable estimate
CRR1310406	GCF_003853905.1	s__Burkholderia_contaminans	NA	NA	NA	0	NA	NA	NA	0	NA	NA	NA	NA	0	1	0	-	NA	fixed	NA	none	0	False	containment 0.00 < 0.5; only 0/1 enzymes produced a fit; no PTR estimate	BcgI:only 0 windows after outlier trimming	no enzyme produced a usable estimate
CRR1310406	GCF_003859795.1	s__F0040_sp003859795	NA	NA	NA	0	NA	NA	NA	0	NA	NA	NA	NA	0	1	0	-	NA	fixed	NA	none	0	False	containment 0.00 < 0.5; only 0/1 enzymes produced a fit; no PTR estimate	BcgI:only 0 windows after outlier trimming	no enzyme produced a usable estimate
CRR1310406	GCF_003859805.1	s__Arachnia_propionica_C	NA	NA	NA	0	NA	NA	NA	0	NA	NA	NA	NA	0	1	0	-	NA	fixed	NA	none	0	False	containment 0.00 < 0.5; only 0/1 enzymes produced a fit; no PTR estimate	BcgI:only 0 windows after outlier trimming	no enzyme produced a usable estimate
CRR1310406	GCF_003862475.1	s__Lachnoanaerobaculum_gingivalis	NA	NA	NA	0	NA	NA	NA	0	NA	NA	NA	NA	0	1	0	-	NA	fixed	NA	none	0	False	containment 0.00 < 0.5; only 0/1 enzymes produced a fit; no PTR estimate	BcgI:only 0 windows after outlier trimming	no enzyme produced a usable estimate
CRR1310406	GCF_003892345.1	s__Lautropia_dentalis	NA	NA	NA	0	NA	NA	NA	0	NA	NA	NA	NA	0	1	0	-	NA	fixed	NA	none	0	False	containment 0.00 < 0.5; only 0/1 enzymes produced a fit; no PTR estimate	BcgI:only 0 windows after outlier trimming	no enzyme produced a usable estimate
CRR1310406	GCF_003932785.1	s__Arachnia_propionica_B	NA	NA	NA	0	NA	NA	NA	0	NA	NA	NA	NA	0	1	0	-	NA	fixed	NA	none	0	False	containment 0.00 < 0.5; only 0/1 enzymes produced a fit; no PTR estimate	BcgI:only 0 windows after outlier trimming	no enzyme produced a usable estimate
CRR1310406	GCF_003932855.1	s__Arachnia_sp003932855	NA	NA	NA	0	NA	NA	NA	0	NA	NA	NA	NA	0	1	0	-	NA	fixed	NA	none	0	False	containment 0.00 < 0.5; only 0/1 enzymes produced a fit; no PTR estimate	BcgI:only 0 windows after outlier trimming	no enzyme produced a usable estimate
CRR1310406	GCF_003942575.1	s__Streptococcus_mitis_S	NA	NA	NA	0	NA	NA	NA	0	NA	NA	NA	NA	0	1	0	-	NA	fixed	NA	none	0	False	containment 0.00 < 0.5; only 0/1 enzymes produced a fit; no PTR estimate	BcgI:only 0 windows after outlier trimming	no enzyme produced a usable estimate
CRR1310406	GCF_003942585.1	s__Streptococcus_oralis_BE	NA	NA	NA	0	NA	NA	NA	0	NA	NA	NA	NA	0	1	0	-	NA	fixed	NA	none	0	False	containment 0.00 < 0.5; only 0/1 enzymes produced a fit; no PTR estimate	BcgI:only 0 windows after outlier trimming	no enzyme produced a usable estimate
CRR1310406	GCF_003942665.1	s__Streptococcus_oralis_BD	NA	NA	NA	0	NA	NA	NA	0	NA	NA	NA	NA	0	1	0	-	NA	fixed	NA	none	0	False	containment 0.00 < 0.5; only 0/1 enzymes produced a fit; no PTR estimate	BcgI:only 0 windows after outlier trimming	no enzyme produced a usable estimate
CRR1310406	GCF_003942775.1	s__Streptococcus_mitis_AK	NA	NA	NA	0	NA	NA	NA	0	NA	NA	NA	NA	0	1	0	-	NA	fixed	NA	none	0	False	containment 0.00 < 0.5; only 0/1 enzymes produced a fit; no PTR estimate	BcgI:only 0 windows after outlier trimming	no enzyme produced a usable estimate
CRR1310406	GCF_003942795.1	s__Streptococcus_mitis_BJ	NA	NA	NA	0	NA	NA	NA	0	NA	NA	NA	NA	0	1	0	-	NA	fixed	NA	none	0	False	containment 0.00 < 0.5; only 0/1 enzymes produced a fit; no PTR estimate	BcgI:only 0 windows after outlier trimming	no enzyme produced a usable estimate
CRR1310406	GCF_003942865.1	s__Streptococcus_mitis_BI	NA	NA	NA	0	NA	NA	NA	0	NA	NA	NA	NA	0	1	0	-	NA	fixed	NA	none	0	False	containment 0.00 < 0.5; only 0/1 enzymes produced a fit; no PTR estimate	BcgI:only 0 windows after outlier trimming	no enzyme produced a usable estimate
CRR1310406	GCF_003942915.1	s__Streptococcus_mitis_AX	NA	NA	NA	0	NA	NA	NA	0	NA	NA	NA	NA	0	1	0	-	NA	fixed	NA	none	0	False	containment 0.00 < 0.5; only 0/1 enzymes produced a fit; no PTR estimate	BcgI:only 0 windows after outlier trimming	no enzyme produced a usable estimate
CRR1310406	GCF_003942945.1	s__Streptococcus_mitis_BD	NA	NA	NA	0	NA	NA	NA	0	NA	NA	NA	NA	0	1	0	-	NA	fixed	NA	none	0	False	containment 0.00 < 0.5; only 0/1 enzymes produced a fit; no PTR estimate	BcgI:only 0 windows after outlier trimming	no enzyme produced a usable estimate
CRR1310406	GCF_003942965.1	s__Streptococcus_mitis_BH	NA	NA	NA	0	NA	NA	NA	0	NA	NA	NA	NA	0	1	0	-	NA	fixed	NA	none	0	False	containment 0.00 < 0.5; only 0/1 enzymes produced a fit; no PTR estimate	BcgI:only 0 windows after outlier trimming	no enzyme produced a usable estimate
CRR1310406	GCF_003942985.1	s__Streptococcus_oralis_G	NA	NA	NA	0	NA	NA	NA	0	NA	NA	NA	NA	0	1	0	-	NA	fixed	NA	none	0	False	containment 0.00 < 0.5; only 0/1 enzymes produced a fit; no PTR estimate	BcgI:only 0 windows after outlier trimming	no enzyme produced a usable estimate
CRR1310406	GCF_003943395.1	s__Streptococcus_oralis_BF	NA	NA	NA	0	NA	NA	NA	0	NA	NA	NA	NA	0	1	0	-	NA	fixed	NA	none	0	False	containment 0.00 < 0.5; only 0/1 enzymes produced a fit; no PTR estimate	BcgI:only 0 windows after outlier trimming	no enzyme produced a usable estimate
CRR1310406	GCF_003943415.1	s__Streptococcus_oralis_BJ	NA	NA	NA	0	NA	NA	NA	0	NA	NA	NA	NA	0	1	0	-	NA	fixed	NA	none	0	False	containment 0.00 < 0.5; only 0/1 enzymes produced a fit; no PTR estimate	BcgI:only 0 windows after outlier trimming	no enzyme produced a usable estimate
CRR1310406	GCF_003943505.1	s__Streptococcus_cristatus_E	NA	NA	NA	0	NA	NA	NA	0	NA	NA	NA	NA	0	1	0	-	NA	fixed	NA	none	0	False	containment 0.00 < 0.5; only 0/1 enzymes produced a fit; no PTR estimate	BcgI:only 0 windows after outlier trimming	no enzyme produced a usable estimate
CRR1310406	GCF_003943515.1	s__Streptococcus_cristatus_D	NA	NA	NA	0	NA	NA	NA	0	NA	NA	NA	NA	0	1	0	-	NA	fixed	NA	none	0	False	containment 0.00 < 0.5; only 0/1 enzymes produced a fit; no PTR estimate	BcgI:only 0 windows after outlier trimming	no enzyme produced a usable estimate
CRR1310406	GCF_003943735.1	s__Streptococcus_sanguinis_E	NA	NA	NA	0	NA	NA	NA	0	NA	NA	NA	NA	0	1	0	-	NA	fixed	NA	none	0	False	containment 0.00 < 0.5; only 0/1 enzymes produced a fit; no PTR estimate	BcgI:only 0 windows after outlier trimming	no enzyme produced a usable estimate
CRR1310406	GCF_003943815.1	s__Streptococcus_cristatus_F	NA	NA	NA	0	NA	NA	NA	0	NA	NA	NA	NA	0	1	0	-	NA	fixed	NA	none	0	False	containment 0.00 < 0.5; only 0/1 enzymes produced a fit; no PTR estimate	BcgI:only 0 windows after outlier trimming	no enzyme produced a usable estimate
CRR1310406	GCF_003943935.1	s__Streptococcus_mitis_BK	NA	NA	NA	0	NA	NA	NA	0	NA	NA	NA	NA	0	1	0	-	NA	fixed	NA	none	0	False	containment 0.00 < 0.5; only 0/1 enzymes produced a fit; no PTR estimate	BcgI:only 0 windows after outlier trimming	no enzyme produced a usable estimate
CRR1310406	GCF_003943955.1	s__Streptococcus_oralis_AC	NA	NA	NA	0	NA	NA	NA	0	NA	NA	NA	NA	0	1	0	-	NA	fixed	NA	none	0	False	containment 0.00 < 0.5; only 0/1 enzymes produced a fit; no PTR estimate	BcgI:only 0 windows after outlier trimming	no enzyme produced a usable estimate
CRR1310406	GCF_003944205.1	s__Streptococcus_oralis_BH	NA	NA	NA	0	NA	NA	NA	0	NA	NA	NA	NA	0	1	0	-	NA	fixed	NA	none	0	False	containment 0.00 < 0.5; only 0/1 enzymes produced a fit; no PTR estimate	BcgI:only 0 windows after outlier trimming	no enzyme produced a usable estimate
CRR1310406	GCF_003944215.1	s__Streptococcus_oralis_BI	NA	NA	NA	0	NA	NA	NA	0	NA	NA	NA	NA	0	1	0	-	NA	fixed	NA	none	0	False	containment 0.00 < 0.5; only 0/1 enzymes produced a fit; no PTR estimate	BcgI:only 0 windows after outlier trimming	no enzyme produced a usable estimate
CRR1310406	GCF_003944225.1	s__Streptococcus_cristatus_C	NA	NA	NA	0	NA	NA	NA	0	NA	NA	NA	NA	0	1	0	-	NA	fixed	NA	none	0	False	containment 0.00 < 0.5; only 0/1 enzymes produced a fit; no PTR estimate	BcgI:only 0 windows after outlier trimming	no enzyme produced a usable estimate
CRR1310406	GCF_003944325.1	s__Streptococcus_mitis_O	NA	NA	NA	0	NA	NA	NA	0	NA	NA	NA	NA	0	1	0	-	NA	fixed	NA	none	0	False	containment 0.00 < 0.5; only 0/1 enzymes produced a fit; no PTR estimate	BcgI:only 0 windows after outlier trimming	no enzyme produced a usable estimate
CRR1310406	GCF_003944465.1	s__Streptococcus_sanguinis_F	NA	NA	NA	0	NA	NA	NA	0	NA	NA	NA	NA	0	1	0	-	NA	fixed	NA	none	0	False	containment 0.00 < 0.5; only 0/1 enzymes produced a fit; no PTR estimate	BcgI:only 0 windows after outlier trimming	no enzyme produced a usable estimate
CRR1310406	GCF_003964245.1	s__Enterobacter_hormaechei_A	1841.230769	624.063758	0.02621641906	0.008448060075	10.38614633	3.376588552	NA	1149	1	1.75732024	-0.06769582847	6.820872933	1	1	1	BcgI	NA	fixed	3040321.508	glm	13	False	fraction 0.03 < 0.75; dispersion 624.06 > 5.0; containment 0.01 < 0.5	-	single enzyme: no cross-enzyme consistency check available
CRR1310406	GCF_003977605.1	s__Prevotella_koreensis	NA	NA	NA	0	NA	NA	NA	0	NA	NA	NA	NA	0	1	0	-	NA	fixed	NA	none	0	False	containment 0.00 < 0.5; only 0/1 enzymes produced a fit; no PTR estimate	BcgI:only 0 windows after outlier trimming	no enzyme produced a usable estimate
CRR1310406	GCF_003990355.1	s__Eikenella_corrodens_B	NA	NA	NA	0	NA	NA	NA	0	NA	NA	NA	NA	0	1	0	-	NA	fixed	NA	none	0	False	containment 0.00 < 0.5; only 0/1 enzymes produced a fit; no PTR estimate	BcgI:only 0 windows after outlier trimming	no enzyme produced a usable estimate
CRR1310406	GCF_003992005.1	s__F0422_sp003992005	NA	NA	NA	0	NA	NA	NA	0	NA	NA	NA	NA	0	1	0	-	NA	fixed	NA	none	0	False	containment 0.00 < 0.5; only 0/1 enzymes produced a fit; no PTR estimate	BcgI:only 0 windows after outlier trimming	no enzyme produced a usable estimate
CRR1310406	GCF_003992055.1	s__F0422_sp003992055	NA	NA	NA	0	NA	NA	NA	0	NA	NA	NA	NA	0	1	0	-	NA	fixed	NA	none	0	False	containment 0.00 < 0.5; only 0/1 enzymes produced a fit; no PTR estimate	BcgI:only 0 windows after outlier trimming	no enzyme produced a usable estimate
CRR1310406	GCF_003992085.1	s__F0422_sp003992015	NA	NA	NA	0	NA	NA	NA	0	NA	NA	NA	NA	0	1	0	-	NA	fixed	NA	none	0	False	containment 0.00 < 0.5; only 0/1 enzymes produced a fit; no PTR estimate	BcgI:only 0 windows after outlier trimming	no enzyme produced a usable estimate
CRR1310406	GCF_003992135.1	s__F0422_sp003992135	NA	NA	NA	0	NA	NA	NA	0	NA	NA	NA	NA	0	1	0	-	NA	fixed	NA	none	0	False	containment 0.00 < 0.5; only 0/1 enzymes produced a fit; no PTR estimate	BcgI:only 0 windows after outlier trimming	no enzyme produced a usable estimate
CRR1310406	GCF_003992235.1	s__F0422_sp001553345	NA	NA	NA	0	NA	NA	NA	0	NA	NA	NA	NA	0	1	0	-	NA	fixed	NA	none	0	False	containment 0.00 < 0.5; only 0/1 enzymes produced a fit; no PTR estimate	BcgI:only 0 windows after outlier trimming	no enzyme produced a usable estimate
CRR1310406	GCF_003992315.1	s__F0422_sp003992315	NA	NA	NA	0	NA	NA	NA	0	NA	NA	NA	NA	0	1	0	-	NA	fixed	NA	none	0	False	containment 0.00 < 0.5; only 0/1 enzymes produced a fit; no PTR estimate	BcgI:only 0 windows after outlier trimming	no enzyme produced a usable estimate
CRR1310406	GCF_004000985.1	s__Paenibacillus_G_validus	NA	NA	NA	0	NA	NA	NA	0	NA	NA	NA	NA	0	1	0	-	NA	fixed	NA	none	0	False	containment 0.00 < 0.5; only 0/1 enzymes produced a fit; no PTR estimate	BcgI:only 0 windows after outlier trimming	no enzyme produced a usable estimate
CRR1310406	GCF_004025845.1	s__Janibacter_hoylei	NA	NA	NA	0.0002399808015	NA	NA	NA	0	NA	NA	NA	NA	0	1	0	-	NA	fixed	NA	none	0	False	containment 0.00 < 0.5; only 0/1 enzymes produced a fit; no PTR estimate	BcgI:only 0 windows after outlier trimming	no enzyme produced a usable estimate
CRR1310406	GCF_004114445.1	s__Bradyrhizobium_guangzhouense	NA	NA	NA	0	NA	NA	NA	0	NA	NA	NA	NA	0	1	0	-	NA	fixed	NA	none	0	False	containment 0.00 < 0.5; only 0/1 enzymes produced a fit; no PTR estimate	BcgI:only 0 windows after outlier trimming	no enzyme produced a usable estimate
CRR1310406	GCF_004127235.1	s__Streptococcus_sp000831085	NA	NA	NA	0.008849557522	NA	NA	NA	0	NA	NA	NA	NA	0	1	0	-	NA	fixed	NA	none	0	False	containment 0.01 < 0.5; only 0/1 enzymes produced a fit; no PTR estimate	BcgI:only 1 windows after outlier trimming	no enzyme produced a usable estimate
CRR1310406	GCF_004134945.1	s__Fusobacterium_C_necrophorum	NA	NA	NA	0.002840909091	NA	NA	NA	0	NA	NA	NA	NA	0	1	0	-	NA	fixed	NA	none	0	False	containment 0.00 < 0.5; only 0/1 enzymes produced a fit; no PTR estimate	BcgI:only 1 windows after outlier trimming	no enzyme produced a usable estimate
CRR1310406	GCF_004136315.1	s__Mesorhizobium_sp004136315	NA	NA	NA	0	NA	NA	NA	0	NA	NA	NA	NA	0	1	0	-	NA	fixed	NA	none	0	False	containment 0.00 < 0.5; only 0/1 enzymes produced a fit; no PTR estimate	BcgI:only 0 windows after outlier trimming	no enzyme produced a usable estimate
CRR1310406	GCF_004136555.1	s__Kocuria_carniphila	NA	NA	NA	0	NA	NA	NA	0	NA	NA	NA	NA	0	1	0	-	NA	fixed	NA	none	0	False	containment 0.00 < 0.5; only 0/1 enzymes produced a fit; no PTR estimate	BcgI:only 0 windows after outlier trimming	no enzyme produced a usable estimate
CRR1310406	GCF_004138405.1	s__UBA2866_sp004138405	NA	NA	NA	0	NA	NA	NA	0	NA	NA	NA	NA	0	1	0	-	NA	fixed	NA	none	0	False	containment 0.00 < 0.5; only 0/1 enzymes produced a fit; no PTR estimate	BcgI:only 0 windows after outlier trimming	no enzyme produced a usable estimate
CRR1310406	GCF_004138455.1	s__UBA1103_sp004138455	NA	NA	NA	0	NA	NA	NA	0	NA	NA	NA	NA	0	1	0	-	NA	fixed	NA	none	0	False	containment 0.00 < 0.5; only 0/1 enzymes produced a fit; no PTR estimate	BcgI:only 0 windows after outlier trimming	no enzyme produced a usable estimate
CRR1310406	GCF_004151355.1	s__Dermacoccus_abyssi	NA	NA	NA	0	NA	NA	NA	0	NA	NA	NA	NA	0	1	0	-	NA	fixed	NA	none	0	False	containment 0.00 < 0.5; only 0/1 enzymes produced a fit; no PTR estimate	BcgI:only 0 windows after outlier trimming	no enzyme produced a usable estimate
CRR1310406	GCF_004151455.1	s__UMGS1907_sp004151455	NA	NA	NA	0	NA	NA	NA	0	NA	NA	NA	NA	0	1	0	-	NA	fixed	NA	none	0	False	containment 0.00 < 0.5; only 0/1 enzymes produced a fit; no PTR estimate	BcgI:only 0 windows after outlier trimming	no enzyme produced a usable estimate
CRR1310406	GCF_004209755.1	s__Pseudoduganella_lutea	NA	NA	NA	0	NA	NA	NA	0	NA	NA	NA	NA	0	1	0	-	NA	fixed	NA	none	0	False	containment 0.00 < 0.5; only 0/1 enzymes produced a fit; no PTR estimate	BcgI:only 0 windows after outlier trimming	no enzyme produced a usable estimate
CRR1310406	GCF_004340985.1	s__Cricetibacter_osteomyelitidis	NA	NA	NA	0	NA	NA	NA	0	NA	NA	NA	NA	0	1	0	-	NA	fixed	NA	none	0	False	containment 0.00 < 0.5; only 0/1 enzymes produced a fit; no PTR estimate	BcgI:only 0 windows after outlier trimming	no enzyme produced a usable estimate
CRR1310406	GCF_004341385.1	s__Neisseria_suis	439	302.3373575	0.03621393581	0.008577194753	3.582628966	1.841018639	NA	344	0.9989370085	0.665200395	0.5372498225	3.144787456	1	1	1	BcgI	NA	fixed	1773194.411	glm	7	False	fraction 0.04 < 0.75; dispersion 302.34 > 5.0; containment 0.01 < 0.5	-	single enzyme: no cross-enzyme consistency check available
CRR1310406	GCF_004349225.1	s__Saccharopolyspora_sp004348435	NA	NA	NA	0	NA	NA	NA	0	NA	NA	NA	NA	0	1	0	-	NA	fixed	NA	none	0	False	containment 0.00 < 0.5; only 0/1 enzymes produced a fit; no PTR estimate	BcgI:only 0 windows after outlier trimming	no enzyme produced a usable estimate
CRR1310406	GCF_004353325.1	s__Streptococcus_sp004353325	NA	NA	NA	0	NA	NA	NA	0	NA	NA	NA	NA	0	1	0	-	NA	fixed	NA	none	0	False	containment 0.00 < 0.5; only 0/1 enzymes produced a fit; no PTR estimate	BcgI:only 0 windows after outlier trimming	no enzyme produced a usable estimate
CRR1310406	GCF_004363295.1	s__Mesocricetibacter_intestinalis	NA	NA	NA	0	NA	NA	NA	0	NA	NA	NA	NA	0	1	0	-	NA	fixed	NA	none	0	False	containment 0.00 < 0.5; only 0/1 enzymes produced a fit; no PTR estimate	BcgI:only 0 windows after outlier trimming	no enzyme produced a usable estimate
CRR1310406	GCF_004365115.1	s__Stenotrophomonas_maltophilia_AJ	NA	NA	NA	0	NA	NA	NA	0	NA	NA	NA	NA	0	1	0	-	NA	fixed	NA	none	0	False	containment 0.00 < 0.5; only 0/1 enzymes produced a fit; no PTR estimate	BcgI:only 0 windows after outlier trimming	no enzyme produced a usable estimate
CRR1310406	GCF_004525795.1	s__Actinomyces_viscosus	NA	NA	NA	0	NA	NA	NA	0	NA	NA	NA	NA	0	1	0	-	NA	fixed	NA	none	0	False	containment 0.00 < 0.5; only 0/1 enzymes produced a fit; no PTR estimate	BcgI:only 0 windows after outlier trimming	no enzyme produced a usable estimate
CRR1310406	GCF_004569405.1	s__Neisseria_musculi	NA	NA	NA	0	NA	NA	NA	0	NA	NA	NA	NA	0	1	0	-	NA	fixed	NA	none	0	False	containment 0.00 < 0.5; only 0/1 enzymes produced a fit; no PTR estimate	BcgI:only 0 windows after outlier trimming	no enzyme produced a usable estimate
CRR1310406	GCF_004803795.1	s__Campylobacter_A_rectus	NA	NA	NA	0	NA	NA	NA	0	NA	NA	NA	NA	0	1	0	-	NA	fixed	NA	none	0	False	containment 0.00 < 0.5; only 0/1 enzymes produced a fit; no PTR estimate	BcgI:only 0 windows after outlier trimming	no enzyme produced a usable estimate
CRR1310406	GCF_004803815.1	s__Campylobacter_A_showae	NA	NA	NA	0	NA	NA	NA	0	NA	NA	NA	NA	0	1	0	-	NA	fixed	NA	none	0	False	containment 0.00 < 0.5; only 0/1 enzymes produced a fit; no PTR estimate	BcgI:only 0 windows after outlier trimming	no enzyme produced a usable estimate
CRR1310406	GCF_005217565.1	s__Puteibacter_caeruleilacunae	NA	NA	NA	0	NA	NA	NA	0	NA	NA	NA	NA	0	1	0	-	NA	fixed	NA	none	0	False	containment 0.00 < 0.5; only 0/1 enzymes produced a fit; no PTR estimate	BcgI:only 0 windows after outlier trimming	no enzyme produced a usable estimate
CRR1310406	GCF_005405725.1	s__Bifidobacterium_moukalabense	NA	NA	NA	0.0003159557662	NA	NA	NA	0	NA	NA	NA	NA	0	1	0	-	NA	fixed	NA	none	0	False	containment 0.00 < 0.5; only 0/1 enzymes produced a fit; no PTR estimate	BcgI:only 0 windows after outlier trimming	no enzyme produced a usable estimate
CRR1310406	GCF_005696695.1	s__Pauljensenia_odontolytica_C	NA	NA	NA	0	NA	NA	NA	0	NA	NA	NA	NA	0	1	0	-	NA	fixed	NA	none	0	False	containment 0.00 < 0.5; only 0/1 enzymes produced a fit; no PTR estimate	BcgI:only 0 windows after outlier trimming	no enzyme produced a usable estimate
CRR1310406	GCF_005697565.1	s__TM7x_sp005697565	NA	NA	NA	0	NA	NA	NA	0	NA	NA	NA	NA	0	1	0	-	NA	fixed	NA	none	0	False	containment 0.00 < 0.5; only 0/1 enzymes produced a fit; no PTR estimate	BcgI:only 0 windows after outlier trimming	no enzyme produced a usable estimate
CRR1310406	GCF_005844455.1	s__Streptococcus_mitis_BF	NA	NA	NA	0	NA	NA	NA	0	NA	NA	NA	NA	0	1	0	-	NA	fixed	NA	none	0	False	containment 0.00 < 0.5; only 0/1 enzymes produced a fit; no PTR estimate	BcgI:only 0 windows after outlier trimming	no enzyme produced a usable estimate
CRR1310406	GCF_005864335.1	s__Lactococcus_A_raffinolactis	NA	NA	NA	0	NA	NA	NA	0	NA	NA	NA	NA	0	1	0	-	NA	fixed	NA	none	0	False	containment 0.00 < 0.5; only 0/1 enzymes produced a fit; no PTR estimate	BcgI:only 0 windows after outlier trimming	no enzyme produced a usable estimate
CRR1310406	GCF_005937465.1	s__Cutibacterium_acnes	513.1870308	225.1909323	0.09273360891	0.09070121951	2623.064335	11.35703748	NA	2586	0.9998358043	0.3190314719	10.73174728	11.98232767	1	1	1	BcgI	NA	fixed	837982.7956	glm	26	False	fraction 0.09 < 0.75; dispersion 225.19 > 5.0; containment 0.09 < 0.5	-	single enzyme: no cross-enzyme consistency check available
CRR1310406	GCF_006175905.1	s__Streptococcus_oralis_BG	NA	NA	NA	0	NA	NA	NA	0	NA	NA	NA	NA	0	1	0	-	NA	fixed	NA	none	0	False	containment 0.00 < 0.5; only 0/1 enzymes produced a fit; no PTR estimate	BcgI:only 0 windows after outlier trimming	no enzyme produced a usable estimate
CRR1310406	GCF_006384255.1	s__Haemophilus_sp002998595	NA	NA	NA	0	NA	NA	NA	0	NA	NA	NA	NA	0	1	0	-	NA	fixed	NA	none	0	False	containment 0.00 < 0.5; only 0/1 enzymes produced a fit; no PTR estimate	BcgI:only 0 windows after outlier trimming	no enzyme produced a usable estimate
CRR1310406	GCF_006385365.1	s__Tannerella_forsythia	NA	NA	NA	0.001175088132	NA	NA	NA	0	NA	NA	NA	NA	0	1	0	-	NA	fixed	NA	none	0	False	containment 0.00 < 0.5; only 0/1 enzymes produced a fit; no PTR estimate	BcgI:only 2 windows after outlier trimming	no enzyme produced a usable estimate
CRR1310406	GCF_006385785.1	s__Streptococcus_pneumoniae_D	NA	NA	NA	0	NA	NA	NA	0	NA	NA	NA	NA	0	1	0	-	NA	fixed	NA	none	0	False	containment 0.00 < 0.5; only 0/1 enzymes produced a fit; no PTR estimate	BcgI:only 0 windows after outlier trimming	no enzyme produced a usable estimate
CRR1310406	GCF_006385805.1	s__Streptococcus_sp001587175	NA	NA	NA	0	NA	NA	NA	0	NA	NA	NA	NA	0	1	0	-	NA	fixed	NA	none	0	False	containment 0.00 < 0.5; only 0/1 enzymes produced a fit; no PTR estimate	BcgI:only 0 windows after outlier trimming	no enzyme produced a usable estimate
CRR1310406	GCF_006546835.1	s__Actinomyces_johnsonii	NA	NA	NA	0	NA	NA	NA	0	NA	NA	NA	NA	0	1	0	-	NA	fixed	NA	none	0	False	containment 0.00 < 0.5; only 0/1 enzymes produced a fit; no PTR estimate	BcgI:only 0 windows after outlier trimming	no enzyme produced a usable estimate
CRR1310406	GCF_006716265.1	s__Rarobacter_faecitabidus	NA	NA	NA	0	NA	NA	NA	0	NA	NA	NA	NA	0	1	0	-	NA	fixed	NA	none	0	False	containment 0.00 < 0.5; only 0/1 enzymes produced a fit; no PTR estimate	BcgI:only 0 windows after outlier trimming	no enzyme produced a usable estimate
CRR1310406	GCF_007113795.1	s__Acinetobacter_baumannii	2.190656773	2.438888889	0.06281125539	0.03083003953	9.596196794	3.262462744	NA	354	0.9753236727	1.610147658	0.1066313236	6.418294164	1	1	1	BcgI	NA	fixed	217146.7619	glm	8	False	fraction 0.06 < 0.75; containment 0.03 < 0.5	-	single enzyme: no cross-enzyme consistency check available
CRR1310406	GCF_007672025.1	s__Corynebacterium_propinquum	NA	NA	NA	0	NA	NA	NA	0	NA	NA	NA	NA	0	1	0	-	NA	fixed	NA	none	0	False	containment 0.00 < 0.5; only 0/1 enzymes produced a fit; no PTR estimate	BcgI:only 0 windows after outlier trimming	no enzyme produced a usable estimate
CRR1310406	GCF_007673265.1	s__Bacillus_A_bombysepticus	NA	NA	NA	0	NA	NA	NA	0	NA	NA	NA	NA	0	1	0	-	NA	fixed	NA	none	0	False	containment 0.00 < 0.5; only 0/1 enzymes produced a fit; no PTR estimate	BcgI:only 0 windows after outlier trimming	no enzyme produced a usable estimate
CRR1310406	GCF_007681555.1	s__Kocuria_salsicia	NA	NA	NA	0	NA	NA	NA	0	NA	NA	NA	NA	0	1	0	-	NA	fixed	NA	none	0	False	containment 0.00 < 0.5; only 0/1 enzymes produced a fit; no PTR estimate	BcgI:only 0 windows after outlier trimming	no enzyme produced a usable estimate
CRR1310406	GCF_007785845.1	s__Lactobacillus_paragasseri	NA	NA	NA	0.002252252252	NA	NA	NA	0	NA	NA	NA	NA	0	1	0	-	NA	fixed	NA	none	0	False	containment 0.00 < 0.5; only 0/1 enzymes produced a fit; no PTR estimate	BcgI:only 1 windows after outlier trimming	no enzyme produced a usable estimate
CRR1310406	GCF_007829675.1	s__Micrococcus_luteus	NA	NA	NA	0	NA	NA	NA	0	NA	NA	NA	NA	0	1	0	-	NA	fixed	NA	none	0	False	containment 0.00 < 0.5; only 0/1 enzymes produced a fit; no PTR estimate	BcgI:only 0 windows after outlier trimming	no enzyme produced a usable estimate
CRR1310406	GCF_007845165.1	s__UBA2866_sp007845165	NA	NA	NA	0	NA	NA	NA	0	NA	NA	NA	NA	0	1	0	-	NA	fixed	NA	none	0	False	containment 0.00 < 0.5; only 0/1 enzymes produced a fit; no PTR estimate	BcgI:only 0 windows after outlier trimming	no enzyme produced a usable estimate
CRR1310406	GCF_007845205.1	s__SDRK01_sp007845205	NA	NA	NA	0	NA	NA	NA	0	NA	NA	NA	NA	0	1	0	-	NA	fixed	NA	none	0	False	containment 0.00 < 0.5; only 0/1 enzymes produced a fit; no PTR estimate	BcgI:only 0 windows after outlier trimming	no enzyme produced a usable estimate
CRR1310406	GCF_007845265.1	s__TM7x_sp007845355	NA	NA	NA	0	NA	NA	NA	0	NA	NA	NA	NA	0	1	0	-	NA	fixed	NA	none	0	False	containment 0.00 < 0.5; only 0/1 enzymes produced a fit; no PTR estimate	BcgI:only 0 windows after outlier trimming	no enzyme produced a usable estimate
CRR1310406	GCF_007855915.1	s__Geobacillus_thermoleovorans	NA	NA	NA	0	NA	NA	NA	0	NA	NA	NA	NA	0	1	0	-	NA	fixed	NA	none	0	False	containment 0.00 < 0.5; only 0/1 enzymes produced a fit; no PTR estimate	BcgI:only 0 windows after outlier trimming	no enzyme produced a usable estimate
CRR1310406	GCF_007990245.1	s__Cellulomonas_composti	NA	NA	NA	0	NA	NA	NA	0	NA	NA	NA	NA	0	1	0	-	NA	fixed	NA	none	0	False	containment 0.00 < 0.5; only 0/1 enzymes produced a fit; no PTR estimate	BcgI:only 0 windows after outlier trimming	no enzyme produced a usable estimate
CRR1310406	GCF_007990445.1	s__Leptotrichia_wadei_A	NA	NA	NA	0	NA	NA	NA	0	NA	NA	NA	NA	0	1	0	-	NA	fixed	NA	none	0	False	containment 0.00 < 0.5; only 0/1 enzymes produced a fit; no PTR estimate	BcgI:only 0 windows after outlier trimming	no enzyme produced a usable estimate
CRR1310406	GCF_007990505.1	s__Pseudoleptotrichia_goodfellowii	NA	NA	NA	0	NA	NA	NA	0	NA	NA	NA	NA	0	1	0	-	NA	fixed	NA	none	0	False	containment 0.00 < 0.5; only 0/1 enzymes produced a fit; no PTR estimate	BcgI:only 0 windows after outlier trimming	no enzyme produced a usable estimate
CRR1310406	GCF_007990635.1	s__Leptotrichia_hongkongensis	NA	NA	NA	0	NA	NA	NA	0	NA	NA	NA	NA	0	1	0	-	NA	fixed	NA	none	0	False	containment 0.00 < 0.5; only 0/1 enzymes produced a fit; no PTR estimate	BcgI:only 0 windows after outlier trimming	no enzyme produced a usable estimate
CRR1310406	GCF_007991595.1	s__Streptococcus_cristatus_B	NA	NA	NA	0	NA	NA	NA	0	NA	NA	NA	NA	0	1	0	-	NA	fixed	NA	none	0	False	containment 0.00 < 0.5; only 0/1 enzymes produced a fit; no PTR estimate	BcgI:only 0 windows after outlier trimming	no enzyme produced a usable estimate
CRR1310406	GCF_007991615.1	s__Novosphingobium_sediminis	NA	NA	NA	0	NA	NA	NA	0	NA	NA	NA	NA	0	1	0	-	NA	fixed	NA	none	0	False	containment 0.00 < 0.5; only 0/1 enzymes produced a fit; no PTR estimate	BcgI:only 0 windows after outlier trimming	no enzyme produced a usable estimate
CRR1310406	GCF_007997035.1	s__Ralstonia_sp007997035	NA	NA	NA	0	NA	NA	NA	0	NA	NA	NA	NA	0	1	0	-	NA	fixed	NA	none	0	False	containment 0.00 < 0.5; only 0/1 enzymes produced a fit; no PTR estimate	BcgI:only 0 windows after outlier trimming	no enzyme produced a usable estimate
CRR1310406	GCF_008016795.1	s__Prevotella_brunnea	NA	NA	NA	0	NA	NA	NA	0	NA	NA	NA	NA	0	1	0	-	NA	fixed	NA	none	0	False	containment 0.00 < 0.5; only 0/1 enzymes produced a fit; no PTR estimate	BcgI:only 0 windows after outlier trimming	no enzyme produced a usable estimate
CRR1310406	GCF_008033175.1	s__Leuconostoc_pseudomesenteroides	NA	NA	NA	0	NA	NA	NA	0	NA	NA	NA	NA	0	1	0	-	NA	fixed	NA	none	0	False	containment 0.00 < 0.5; only 0/1 enzymes produced a fit; no PTR estimate	BcgI:only 0 windows after outlier trimming	no enzyme produced a usable estimate
CRR1310406	GCF_008085035.1	s__Aggregatibacter_actinomycetemcomitans	NA	NA	NA	0	NA	NA	NA	0	NA	NA	NA	NA	0	1	0	-	NA	fixed	NA	none	0	False	containment 0.00 < 0.5; only 0/1 enzymes produced a fit; no PTR estimate	BcgI:only 0 windows after outlier trimming	no enzyme produced a usable estimate
CRR1310406	GCF_008274805.1	s__Oryzomicrobium_terrae	NA	NA	NA	0	NA	NA	NA	0	NA	NA	NA	NA	0	1	0	-	NA	fixed	NA	none	0	False	containment 0.00 < 0.5; only 0/1 enzymes produced a fit; no PTR estimate	BcgI:only 0 windows after outlier trimming	no enzyme produced a usable estimate
CRR1310406	GCF_008326505.1	s__Leuconostoc_citreum	NA	NA	NA	0	NA	NA	NA	0	NA	NA	NA	NA	0	1	0	-	NA	fixed	NA	none	0	False	containment 0.00 < 0.5; only 0/1 enzymes produced a fit; no PTR estimate	BcgI:only 0 windows after outlier trimming	no enzyme produced a usable estimate
CRR1310406	GCF_008369405.1	s__Streptococcus_cristatus_G	NA	NA	NA	0	NA	NA	NA	0	NA	NA	NA	NA	0	1	0	-	NA	fixed	NA	none	0	False	containment 0.00 < 0.5; only 0/1 enzymes produced a fit; no PTR estimate	BcgI:only 0 windows after outlier trimming	no enzyme produced a usable estimate
CRR1310406	GCF_008633215.1	s__Fusobacterium_nucleatum_J	NA	NA	NA	0	NA	NA	NA	0	NA	NA	NA	NA	0	1	0	-	NA	fixed	NA	none	0	False	containment 0.00 < 0.5; only 0/1 enzymes produced a fit; no PTR estimate	BcgI:only 0 windows after outlier trimming	no enzyme produced a usable estimate
CRR1310406	GCF_008806995.1	s__Neisseria_animalis	NA	NA	NA	0	NA	NA	NA	0	NA	NA	NA	NA	0	1	0	-	NA	fixed	NA	none	0	False	containment 0.00 < 0.5; only 0/1 enzymes produced a fit; no PTR estimate	BcgI:only 0 windows after outlier trimming	no enzyme produced a usable estimate
CRR1310406	GCF_009006965.1	s__Acinetobacter_oleivorans	NA	NA	NA	0	NA	NA	NA	0	NA	NA	NA	NA	0	1	0	-	NA	fixed	NA	none	0	False	containment 0.00 < 0.5; only 0/1 enzymes produced a fit; no PTR estimate	BcgI:only 0 windows after outlier trimming	no enzyme produced a usable estimate
CRR1310406	GCF_009378265.1	s__Moraxella_catarrhalis	NA	NA	NA	0	NA	NA	NA	0	NA	NA	NA	NA	0	1	0	-	NA	fixed	NA	none	0	False	containment 0.00 < 0.5; only 0/1 enzymes produced a fit; no PTR estimate	BcgI:only 0 windows after outlier trimming	no enzyme produced a usable estimate
CRR1310406	GCF_009496035.1	s__Streptococcus_mitis_BM	NA	NA	NA	0	NA	NA	NA	0	NA	NA	NA	NA	0	1	0	-	NA	fixed	NA	none	0	False	containment 0.00 < 0.5; only 0/1 enzymes produced a fit; no PTR estimate	BcgI:only 0 windows after outlier trimming	no enzyme produced a usable estimate
CRR1310406	GCF_009496155.1	s__Streptococcus_mitis_BQ	NA	NA	NA	0	NA	NA	NA	0	NA	NA	NA	NA	0	1	0	-	NA	fixed	NA	none	0	False	containment 0.00 < 0.5; only 0/1 enzymes produced a fit; no PTR estimate	BcgI:only 0 windows after outlier trimming	no enzyme produced a usable estimate
CRR1310406	GCF_009496185.1	s__Streptococcus_mitis_BN	NA	NA	NA	0	NA	NA	NA	0	NA	NA	NA	NA	0	1	0	-	NA	fixed	NA	none	0	False	containment 0.00 < 0.5; only 0/1 enzymes produced a fit; no PTR estimate	BcgI:only 0 windows after outlier trimming	no enzyme produced a usable estimate
CRR1310406	GCF_009496285.1	s__Streptococcus_mitis_BP	NA	NA	NA	0	NA	NA	NA	0	NA	NA	NA	NA	0	1	0	-	NA	fixed	NA	none	0	False	containment 0.00 < 0.5; only 0/1 enzymes produced a fit; no PTR estimate	BcgI:only 0 windows after outlier trimming	no enzyme produced a usable estimate
CRR1310406	GCF_009496375.1	s__Streptococcus_mitis_AC	NA	NA	NA	0	NA	NA	NA	0	NA	NA	NA	NA	0	1	0	-	NA	fixed	NA	none	0	False	containment 0.00 < 0.5; only 0/1 enzymes produced a fit; no PTR estimate	BcgI:only 0 windows after outlier trimming	no enzyme produced a usable estimate
CRR1310406	GCF_009626715.1	s__Bordetella_pertussis	NA	NA	NA	0	NA	NA	NA	0	NA	NA	NA	NA	0	1	0	-	NA	fixed	NA	none	0	False	containment 0.00 < 0.5; only 0/1 enzymes produced a fit; no PTR estimate	BcgI:only 0 windows after outlier trimming	no enzyme produced a usable estimate
CRR1310406	GCF_009650815.1	s__Eikenella_corrodens	NA	NA	NA	0	NA	NA	NA	0	NA	NA	NA	NA	0	1	0	-	NA	fixed	NA	none	0	False	containment 0.00 < 0.5; only 0/1 enzymes produced a fit; no PTR estimate	BcgI:only 0 windows after outlier trimming	no enzyme produced a usable estimate
CRR1310406	GCF_009695705.1	s__Pauljensenia_hyovaginalis	NA	NA	NA	0	NA	NA	NA	0	NA	NA	NA	NA	0	1	0	-	NA	fixed	NA	none	0	False	containment 0.00 < 0.5; only 0/1 enzymes produced a fit; no PTR estimate	BcgI:only 0 windows after outlier trimming	no enzyme produced a usable estimate
CRR1310406	GCF_009716875.1	s__Streptococcus_salivarius	NA	NA	NA	0.003496503497	NA	NA	NA	0	NA	NA	NA	NA	0	1	0	-	NA	fixed	NA	none	0	False	containment 0.00 < 0.5; only 0/1 enzymes produced a fit; no PTR estimate	BcgI:only 0 windows after outlier trimming	no enzyme produced a usable estimate
CRR1310406	GCF_009728485.1	s__Prevotella_sp000257925	NA	NA	NA	0	NA	NA	NA	0	NA	NA	NA	NA	0	1	0	-	NA	fixed	NA	none	0	False	containment 0.00 < 0.5; only 0/1 enzymes produced a fit; no PTR estimate	BcgI:only 0 windows after outlier trimming	no enzyme produced a usable estimate
CRR1310406	GCF_009730375.1	s__Capnocytophaga_leadbetteri	NA	NA	NA	0	NA	NA	NA	0	NA	NA	NA	NA	0	1	0	-	NA	fixed	NA	none	0	False	containment 0.00 < 0.5; only 0/1 enzymes produced a fit; no PTR estimate	BcgI:only 0 windows after outlier trimming	no enzyme produced a usable estimate
CRR1310406	GCF_009731465.1	s__Streptococcus_pseudopneumoniae_E	NA	NA	NA	0	NA	NA	NA	0	NA	NA	NA	NA	0	1	0	-	NA	fixed	NA	none	0	False	containment 0.00 < 0.5; only 0/1 enzymes produced a fit; no PTR estimate	BcgI:only 0 windows after outlier trimming	no enzyme produced a usable estimate
CRR1310406	GCF_009734725.1	s__Enterococcus_D_casseliflavus	NA	NA	NA	0	NA	NA	NA	0	NA	NA	NA	NA	0	1	0	-	NA	fixed	NA	none	0	False	containment 0.00 < 0.5; only 0/1 enzymes produced a fit; no PTR estimate	BcgI:only 0 windows after outlier trimming	no enzyme produced a usable estimate
CRR1310406	GCF_009740185.1	s__Pseudomonas_A_sp000765155	NA	NA	NA	0	NA	NA	NA	0	NA	NA	NA	NA	0	1	0	-	NA	fixed	NA	none	0	False	containment 0.00 < 0.5; only 0/1 enzymes produced a fit; no PTR estimate	BcgI:only 0 windows after outlier trimming	no enzyme produced a usable estimate
CRR1310406	GCF_009856825.1	s__Novosphingobium_sp009856825	NA	NA	NA	0	NA	NA	NA	0	NA	NA	NA	NA	0	1	0	-	NA	fixed	NA	none	0	False	containment 0.00 < 0.5; only 0/1 enzymes produced a fit; no PTR estimate	BcgI:only 0 windows after outlier trimming	no enzyme produced a usable estimate
CRR1310406	GCF_009914665.1	s__Bergeyella_A_cardium	NA	NA	NA	0	NA	NA	NA	0	NA	NA	NA	NA	0	1	0	-	NA	fixed	NA	none	0	False	containment 0.00 < 0.5; only 0/1 enzymes produced a fit; no PTR estimate	BcgI:only 0 windows after outlier trimming	no enzyme produced a usable estimate
CRR1310406	GCF_009935825.1	s__Actinomyces_howellii	NA	NA	NA	0	NA	NA	NA	0	NA	NA	NA	NA	0	1	0	-	NA	fixed	NA	none	0	False	containment 0.00 < 0.5; only 0/1 enzymes produced a fit; no PTR estimate	BcgI:only 0 windows after outlier trimming	no enzyme produced a usable estimate
CRR1310406	GCF_010202115.1	s__TM7x_sp010202115	NA	NA	NA	0	NA	NA	NA	0	NA	NA	NA	NA	0	1	0	-	NA	fixed	NA	none	0	False	containment 0.00 < 0.5; only 0/1 enzymes produced a fit; no PTR estimate	BcgI:only 0 windows after outlier trimming	no enzyme produced a usable estimate
CRR1310406	GCF_010202465.1	s__TM7x_sp010202465	NA	NA	NA	0	NA	NA	NA	0	NA	NA	NA	NA	0	1	0	-	NA	fixed	NA	none	0	False	containment 0.00 < 0.5; only 0/1 enzymes produced a fit; no PTR estimate	BcgI:only 0 windows after outlier trimming	no enzyme produced a usable estimate
CRR1310406	GCF_010202645.1	s__TM7x_sp010202645	NA	NA	NA	0	NA	NA	NA	0	NA	NA	NA	NA	0	1	0	-	NA	fixed	NA	none	0	False	containment 0.00 < 0.5; only 0/1 enzymes produced a fit; no PTR estimate	BcgI:only 0 windows after outlier trimming	no enzyme produced a usable estimate
CRR1310406	GCF_010202845.1	s__TM7x_sp010202845	NA	NA	NA	0	NA	NA	NA	0	NA	NA	NA	NA	0	1	0	-	NA	fixed	NA	none	0	False	containment 0.00 < 0.5; only 0/1 enzymes produced a fit; no PTR estimate	BcgI:only 0 windows after outlier trimming	no enzyme produced a usable estimate
CRR1310406	GCF_010365865.1	s__Treponema_sp010365865	NA	NA	NA	0	NA	NA	NA	0	NA	NA	NA	NA	0	1	0	-	NA	fixed	NA	none	0	False	containment 0.00 < 0.5; only 0/1 enzymes produced a fit; no PTR estimate	BcgI:only 0 windows after outlier trimming	no enzyme produced a usable estimate
CRR1310406	GCF_010667605.1	s__Bifidobacterium_dentium	NA	NA	NA	0.0006209251785	NA	NA	NA	0	NA	NA	NA	NA	0	1	0	-	NA	fixed	NA	none	0	False	containment 0.00 < 0.5; only 0/1 enzymes produced a fit; no PTR estimate	BcgI:only 1 windows after outlier trimming	no enzyme produced a usable estimate
CRR1310406	GCF_011029265.1	s__Lactobacillus_crispatus	NA	NA	NA	0	NA	NA	NA	0	NA	NA	NA	NA	0	1	0	-	NA	fixed	NA	none	0	False	containment 0.00 < 0.5; only 0/1 enzymes produced a fit; no PTR estimate	BcgI:only 0 windows after outlier trimming	no enzyme produced a usable estimate
CRR1310406	GCF_011038775.1	s__Neisseria_sp011038745	NA	NA	NA	0	NA	NA	NA	0	NA	NA	NA	NA	0	1	0	-	NA	fixed	NA	none	0	False	containment 0.00 < 0.5; only 0/1 enzymes produced a fit; no PTR estimate	BcgI:only 0 windows after outlier trimming	no enzyme produced a usable estimate
CRR1310406	GCF_011038885.1	s__Pauljensenia_sp011038875	NA	NA	NA	0	NA	NA	NA	0	NA	NA	NA	NA	0	1	0	-	NA	fixed	NA	none	0	False	containment 0.00 < 0.5; only 0/1 enzymes produced a fit; no PTR estimate	BcgI:only 0 windows after outlier trimming	no enzyme produced a usable estimate
CRR1310406	GCF_011751965.1	s__Actinomyces_sp011751985	NA	NA	NA	0.0003512469266	NA	NA	NA	0	NA	NA	NA	NA	0	1	0	-	NA	fixed	NA	none	0	False	containment 0.00 < 0.5; only 0/1 enzymes produced a fit; no PTR estimate	BcgI:only 1 windows after outlier trimming	no enzyme produced a usable estimate
CRR1310406	GCF_011752065.1	s__Actinomyces_sp011752065	NA	NA	NA	0	NA	NA	NA	0	NA	NA	NA	NA	0	1	0	-	NA	fixed	NA	none	0	False	containment 0.00 < 0.5; only 0/1 enzymes produced a fit; no PTR estimate	BcgI:only 0 windows after outlier trimming	no enzyme produced a usable estimate
CRR1310406	GCF_011759595.1	s__Acinetobacter_guillouiae	NA	NA	NA	0	NA	NA	NA	0	NA	NA	NA	NA	0	1	0	-	NA	fixed	NA	none	0	False	containment 0.00 < 0.5; only 0/1 enzymes produced a fit; no PTR estimate	BcgI:only 0 windows after outlier trimming	no enzyme produced a usable estimate
CRR1310406	GCF_012184455.1	s__Caulobacter_vibrioides_E	NA	NA	NA	0	NA	NA	NA	0	NA	NA	NA	NA	0	1	0	-	NA	fixed	NA	none	0	False	containment 0.00 < 0.5; only 0/1 enzymes produced a fit; no PTR estimate	BcgI:only 0 windows after outlier trimming	no enzyme produced a usable estimate
CRR1310406	GCF_012273215.1	s__Gemella_haemolysans_A	NA	NA	NA	0	NA	NA	NA	0	NA	NA	NA	NA	0	1	0	-	NA	fixed	NA	none	0	False	containment 0.00 < 0.5; only 0/1 enzymes produced a fit; no PTR estimate	BcgI:only 0 windows after outlier trimming	no enzyme produced a usable estimate
CRR1310406	GCF_012396635.1	s__Gemella_sanguinis	NA	NA	NA	0	NA	NA	NA	0	NA	NA	NA	NA	0	1	0	-	NA	fixed	NA	none	0	False	containment 0.00 < 0.5; only 0/1 enzymes produced a fit; no PTR estimate	BcgI:only 0 windows after outlier trimming	no enzyme produced a usable estimate
CRR1310406	GCF_012490605.1	s__Shewanella_xiamenensis	NA	NA	NA	0	NA	NA	NA	0	NA	NA	NA	NA	0	1	0	-	NA	fixed	NA	none	0	False	containment 0.00 < 0.5; only 0/1 enzymes produced a fit; no PTR estimate	BcgI:only 0 windows after outlier trimming	no enzyme produced a usable estimate
CRR1310406	GCF_012843315.1	s__Streptococcus_sp012843315	NA	NA	NA	0	NA	NA	NA	0	NA	NA	NA	NA	0	1	0	-	NA	fixed	NA	none	0	False	containment 0.00 < 0.5; only 0/1 enzymes produced a fit; no PTR estimate	BcgI:only 0 windows after outlier trimming	no enzyme produced a usable estimate
CRR1310406	GCF_012978895.1	s__Campylobacter_A_curvus	NA	NA	NA	0	NA	NA	NA	0	NA	NA	NA	NA	0	1	0	-	NA	fixed	NA	none	0	False	containment 0.00 < 0.5; only 0/1 enzymes produced a fit; no PTR estimate	BcgI:only 0 windows after outlier trimming	no enzyme produced a usable estimate
CRR1310406	GCF_013016685.1	s__Neisseria_gonorrhoeae	NA	NA	NA	0	NA	NA	NA	0	NA	NA	NA	NA	0	1	0	-	NA	fixed	NA	none	0	False	containment 0.00 < 0.5; only 0/1 enzymes produced a fit; no PTR estimate	BcgI:only 0 windows after outlier trimming	no enzyme produced a usable estimate
CRR1310406	GCF_013099015.1	s__TM7x_sp013099015	NA	NA	NA	0	NA	NA	NA	0	NA	NA	NA	NA	0	1	0	-	NA	fixed	NA	none	0	False	containment 0.00 < 0.5; only 0/1 enzymes produced a fit; no PTR estimate	BcgI:only 0 windows after outlier trimming	no enzyme produced a usable estimate
CRR1310406	GCF_013099195.1	s__TM7x_sp013099195	NA	NA	NA	0	NA	NA	NA	0	NA	NA	NA	NA	0	1	0	-	NA	fixed	NA	none	0	False	containment 0.00 < 0.5; only 0/1 enzymes produced a fit; no PTR estimate	BcgI:only 0 windows after outlier trimming	no enzyme produced a usable estimate
CRR1310406	GCF_013100805.1	s__TM7x_sp013100805	NA	NA	NA	0	NA	NA	NA	0	NA	NA	NA	NA	0	1	0	-	NA	fixed	NA	none	0	False	containment 0.00 < 0.5; only 0/1 enzymes produced a fit; no PTR estimate	BcgI:only 0 windows after outlier trimming	no enzyme produced a usable estimate
CRR1310406	GCF_013100825.1	s__TM7x_sp013100825	NA	NA	NA	0	NA	NA	NA	0	NA	NA	NA	NA	0	1	0	-	NA	fixed	NA	none	0	False	containment 0.00 < 0.5; only 0/1 enzymes produced a fit; no PTR estimate	BcgI:only 0 windows after outlier trimming	no enzyme produced a usable estimate
CRR1310406	GCF_013267415.1	s__Abiotrophia_defectiva	NA	NA	NA	0	NA	NA	NA	0	NA	NA	NA	NA	0	1	0	-	NA	fixed	NA	none	0	False	containment 0.00 < 0.5; only 0/1 enzymes produced a fit; no PTR estimate	BcgI:only 0 windows after outlier trimming	no enzyme produced a usable estimate
CRR1310406	GCF_013276505.1	s__Streptococcus_sp013276505	NA	NA	NA	0	NA	NA	NA	0	NA	NA	NA	NA	0	1	0	-	NA	fixed	NA	none	0	False	containment 0.00 < 0.5; only 0/1 enzymes produced a fit; no PTR estimate	BcgI:only 0 windows after outlier trimming	no enzyme produced a usable estimate
CRR1310406	GCF_013276755.1	s__Streptococcus_sp013276795	NA	NA	NA	0	NA	NA	NA	0	NA	NA	NA	NA	0	1	0	-	NA	fixed	NA	none	0	False	containment 0.00 < 0.5; only 0/1 enzymes produced a fit; no PTR estimate	BcgI:only 0 windows after outlier trimming	no enzyme produced a usable estimate
CRR1310406	GCF_013276955.1	s__Streptococcus_sp903645285	NA	NA	NA	0	NA	NA	NA	0	NA	NA	NA	NA	0	1	0	-	NA	fixed	NA	none	0	False	containment 0.00 < 0.5; only 0/1 enzymes produced a fit; no PTR estimate	BcgI:only 0 windows after outlier trimming	no enzyme produced a usable estimate
CRR1310406	GCF_013277075.1	s__Streptococcus_pseudopneumoniae_C	NA	NA	NA	0	NA	NA	NA	0	NA	NA	NA	NA	0	1	0	-	NA	fixed	NA	none	0	False	containment 0.00 < 0.5; only 0/1 enzymes produced a fit; no PTR estimate	BcgI:only 0 windows after outlier trimming	no enzyme produced a usable estimate
CRR1310406	GCF_013277115.1	s__Streptococcus_mitis_AW	NA	NA	NA	0	NA	NA	NA	0	NA	NA	NA	NA	0	1	0	-	NA	fixed	NA	none	0	False	containment 0.00 < 0.5; only 0/1 enzymes produced a fit; no PTR estimate	BcgI:only 0 windows after outlier trimming	no enzyme produced a usable estimate
CRR1310406	GCF_013277125.1	s__Streptococcus_sp013277415	NA	NA	NA	0	NA	NA	NA	0	NA	NA	NA	NA	0	1	0	-	NA	fixed	NA	none	0	False	containment 0.00 < 0.5; only 0/1 enzymes produced a fit; no PTR estimate	BcgI:only 0 windows after outlier trimming	no enzyme produced a usable estimate
CRR1310406	GCF_013277195.1	s__Streptococcus_mitis_BA	NA	NA	NA	0	NA	NA	NA	0	NA	NA	NA	NA	0	1	0	-	NA	fixed	NA	none	0	False	containment 0.00 < 0.5; only 0/1 enzymes produced a fit; no PTR estimate	BcgI:only 0 windows after outlier trimming	no enzyme produced a usable estimate
CRR1310406	GCF_013277495.1	s__Streptococcus_sp013277515	NA	NA	NA	0	NA	NA	NA	0	NA	NA	NA	NA	0	1	0	-	NA	fixed	NA	none	0	False	containment 0.00 < 0.5; only 0/1 enzymes produced a fit; no PTR estimate	BcgI:only 0 windows after outlier trimming	no enzyme produced a usable estimate
CRR1310406	GCF_013284375.1	s__Brevibacillus_parabrevis	NA	NA	NA	0	NA	NA	NA	0	NA	NA	NA	NA	0	1	0	-	NA	fixed	NA	none	0	False	containment 0.00 < 0.5; only 0/1 enzymes produced a fit; no PTR estimate	BcgI:only 0 windows after outlier trimming	no enzyme produced a usable estimate
CRR1310406	GCF_013305725.1	s__Streptococcus_mitis_BO	NA	NA	NA	0.01515151515	NA	NA	NA	0	NA	NA	NA	NA	0	1	0	-	NA	fixed	NA	none	0	False	containment 0.02 < 0.5; only 0/1 enzymes produced a fit; no PTR estimate	BcgI:only 1 windows after outlier trimming	no enzyme produced a usable estimate
CRR1310406	GCF_013307375.1	s__Moraxella_bovoculi	NA	NA	NA	0	NA	NA	NA	0	NA	NA	NA	NA	0	1	0	-	NA	fixed	NA	none	0	False	containment 0.00 < 0.5; only 0/1 enzymes produced a fit; no PTR estimate	BcgI:only 0 windows after outlier trimming	no enzyme produced a usable estimate
CRR1310406	GCF_013377255.1	s__Mannheimia_granulomatis	NA	NA	NA	0	NA	NA	NA	0	NA	NA	NA	NA	0	1	0	-	NA	fixed	NA	none	0	False	containment 0.00 < 0.5; only 0/1 enzymes produced a fit; no PTR estimate	BcgI:only 0 windows after outlier trimming	no enzyme produced a usable estimate
CRR1310406	GCF_013378355.1	s__Streptococcus_sanguinis_I	NA	NA	NA	0	NA	NA	NA	0	NA	NA	NA	NA	0	1	0	-	NA	fixed	NA	none	0	False	containment 0.00 < 0.5; only 0/1 enzymes produced a fit; no PTR estimate	BcgI:only 0 windows after outlier trimming	no enzyme produced a usable estimate
CRR1310406	GCF_013386405.1	s__Pseudomonas_E_putida_E	NA	NA	NA	0.0001507613448	NA	NA	NA	0	NA	NA	NA	NA	0	1	0	-	NA	fixed	NA	none	0	False	containment 0.00 < 0.5; only 0/1 enzymes produced a fit; no PTR estimate	BcgI:only 1 windows after outlier trimming	no enzyme produced a usable estimate
CRR1310406	GCF_013390465.1	s__Xanthomonas_campestris	NA	NA	NA	0	NA	NA	NA	0	NA	NA	NA	NA	0	1	0	-	NA	fixed	NA	none	0	False	containment 0.00 < 0.5; only 0/1 enzymes produced a fit; no PTR estimate	BcgI:only 0 windows after outlier trimming	no enzyme produced a usable estimate
CRR1310406	GCF_013393195.1	s__Flavobacterium_collinsii_A	NA	NA	NA	0	NA	NA	NA	0	NA	NA	NA	NA	0	1	0	-	NA	fixed	NA	none	0	False	containment 0.00 < 0.5; only 0/1 enzymes produced a fit; no PTR estimate	BcgI:only 0 windows after outlier trimming	no enzyme produced a usable estimate
CRR1310406	GCF_013394695.1	s__Streptococcus_sp013394695	NA	NA	NA	0	NA	NA	NA	0	NA	NA	NA	NA	0	1	0	-	NA	fixed	NA	none	0	False	containment 0.00 < 0.5; only 0/1 enzymes produced a fit; no PTR estimate	BcgI:only 0 windows after outlier trimming	no enzyme produced a usable estimate
CRR1310406	GCF_013394755.1	s__TM7x_sp005697215	NA	NA	NA	0	NA	NA	NA	0	NA	NA	NA	NA	0	1	0	-	NA	fixed	NA	none	0	False	containment 0.00 < 0.5; only 0/1 enzymes produced a fit; no PTR estimate	BcgI:only 0 windows after outlier trimming	no enzyme produced a usable estimate
CRR1310406	GCF_013394795.1	s__Leptotrichia_sp013394795	NA	NA	NA	0	NA	NA	NA	0	NA	NA	NA	NA	0	1	0	-	NA	fixed	NA	none	0	False	containment 0.00 < 0.5; only 0/1 enzymes produced a fit; no PTR estimate	BcgI:only 0 windows after outlier trimming	no enzyme produced a usable estimate
CRR1310406	GCF_013410305.1	s__Corynebacterium_durum	NA	NA	NA	0.0004353504571	NA	NA	NA	0	NA	NA	NA	NA	0	1	0	-	NA	fixed	NA	none	0	False	containment 0.00 < 0.5; only 0/1 enzymes produced a fit; no PTR estimate	BcgI:only 0 windows after outlier trimming	no enzyme produced a usable estimate
CRR1310406	GCF_013415415.1	s__Actinomyces_bowdenii_B	NA	NA	NA	0	NA	NA	NA	0	NA	NA	NA	NA	0	1	0	-	NA	fixed	NA	none	0	False	containment 0.00 < 0.5; only 0/1 enzymes produced a fit; no PTR estimate	BcgI:only 0 windows after outlier trimming	no enzyme produced a usable estimate
CRR1310406	GCF_013522775.1	s__Pseudomonas_B_oryzihabitans	NA	NA	NA	0.0002047082907	NA	NA	NA	0	NA	NA	NA	NA	0	1	0	-	NA	fixed	NA	none	0	False	containment 0.00 < 0.5; only 0/1 enzymes produced a fit; no PTR estimate	BcgI:only 1 windows after outlier trimming	no enzyme produced a usable estimate
CRR1310406	GCF_014054965.1	s__Eikenella_shayeganii	NA	NA	NA	0	NA	NA	NA	0	NA	NA	NA	NA	0	1	0	-	NA	fixed	NA	none	0	False	containment 0.00 < 0.5; only 0/1 enzymes produced a fit; no PTR estimate	BcgI:only 0 windows after outlier trimming	no enzyme produced a usable estimate
CRR1310406	GCF_014141695.1	s__Ralstonia_pickettii	301.7666667	123.1467385	0.01955940424	0.005808550186	2.381515424	1.251879893	NA	498	0.9992996659	2.475315125	-3.599648604	6.103408389	1	1	1	BcgI	NA	fixed	94159.41667	glm	5	False	fraction 0.02 < 0.75; dispersion 123.15 > 5.0; containment 0.01 < 0.5	-	single enzyme: no cross-enzyme consistency check available
CRR1310406	GCF_014142545.1	s__Ralstonia_pickettii_B	493.1666667	630.4694079	0.01915139338	0.004915730337	3.15359472	1.656997266	NA	666	0.998871946	1.024925936	-0.3518206555	3.665815188	1	1	1	BcgI	NA	fixed	2115083.052	glm	6	False	fraction 0.02 < 0.75; dispersion 630.47 > 5.0; containment 0.00 < 0.5	-	single enzyme: no cross-enzyme consistency check available
CRR1310406	GCF_014145815.1	s__Stenotrophomonas_koreensis	NA	NA	NA	0.0002875215641	NA	NA	NA	0	NA	NA	NA	NA	0	1	0	-	NA	fixed	NA	none	0	False	containment 0.00 < 0.5; only 0/1 enzymes produced a fit; no PTR estimate	BcgI:only 0 windows after outlier trimming	no enzyme produced a usable estimate
CRR1310406	GCF_014194675.1	s__Comamonas_aquatica	NA	NA	NA	0	NA	NA	NA	0	NA	NA	NA	NA	0	1	0	-	NA	fixed	NA	none	0	False	containment 0.00 < 0.5; only 0/1 enzymes produced a fit; no PTR estimate	BcgI:only 0 windows after outlier trimming	no enzyme produced a usable estimate
CRR1310406	GCF_014195585.1	s__Alloprevotella_rava	NA	NA	NA	0	NA	NA	NA	0	NA	NA	NA	NA	0	1	0	-	NA	fixed	NA	none	0	False	containment 0.00 < 0.5; only 0/1 enzymes produced a fit; no PTR estimate	BcgI:only 0 windows after outlier trimming	no enzyme produced a usable estimate
CRR1310406	GCF_014199985.1	s__Methylobacterium_rhodesianum	NA	NA	NA	0	NA	NA	NA	0	NA	NA	NA	NA	0	1	0	-	NA	fixed	NA	none	0	False	containment 0.00 < 0.5; only 0/1 enzymes produced a fit; no PTR estimate	BcgI:only 0 windows after outlier trimming	no enzyme produced a usable estimate
CRR1310406	GCF_014217915.1	s__Janibacter_indicus	NA	NA	NA	0	NA	NA	NA	0	NA	NA	NA	NA	0	1	0	-	NA	fixed	NA	none	0	False	containment 0.00 < 0.5; only 0/1 enzymes produced a fit; no PTR estimate	BcgI:only 0 windows after outlier trimming	no enzyme produced a usable estimate
CRR1310406	GCF_014253065.1	s__Campylobacter_A_sp014253065	NA	NA	NA	0	NA	NA	NA	0	NA	NA	NA	NA	0	1	0	-	NA	fixed	NA	none	0	False	containment 0.00 < 0.5; only 0/1 enzymes produced a fit; no PTR estimate	BcgI:only 0 windows after outlier trimming	no enzyme produced a usable estimate
CRR1310406	GCF_014334325.1	s__Treponema_D_sp014334325	NA	NA	NA	0	NA	NA	NA	0	NA	NA	NA	NA	0	1	0	-	NA	fixed	NA	none	0	False	containment 0.00 < 0.5; only 0/1 enzymes produced a fit; no PTR estimate	BcgI:only 0 windows after outlier trimming	no enzyme produced a usable estimate
CRR1310406	GCF_014334335.1	s__Treponema_D_sp014334335	NA	NA	NA	0	NA	NA	NA	0	NA	NA	NA	NA	0	1	0	-	NA	fixed	NA	none	0	False	containment 0.00 < 0.5; only 0/1 enzymes produced a fit; no PTR estimate	BcgI:only 0 windows after outlier trimming	no enzyme produced a usable estimate
CRR1310406	GCF_014385435.1	s__F0040_sp003639005	NA	NA	NA	0	NA	NA	NA	0	NA	NA	NA	NA	0	1	0	-	NA	fixed	NA	none	0	False	containment 0.00 < 0.5; only 0/1 enzymes produced a fit; no PTR estimate	BcgI:only 0 windows after outlier trimming	no enzyme produced a usable estimate
CRR1310406	GCF_014489875.1	s__Stenotrophomonas_pavanii	NA	NA	NA	0	NA	NA	NA	0	NA	NA	NA	NA	0	1	0	-	NA	fixed	NA	none	0	False	containment 0.00 < 0.5; only 0/1 enzymes produced a fit; no PTR estimate	BcgI:only 0 windows after outlier trimming	no enzyme produced a usable estimate
CRR1310406	GCF_014596365.1	s__Neisseria_flavescens_B	NA	NA	NA	0	NA	NA	NA	0	NA	NA	NA	NA	0	1	0	-	NA	fixed	NA	none	0	False	containment 0.00 < 0.5; only 0/1 enzymes produced a fit; no PTR estimate	BcgI:only 0 windows after outlier trimming	no enzyme produced a usable estimate
CRR1310406	GCF_900014995.1	s__Pseudoclavibacter_helvolus	NA	NA	NA	0	NA	NA	NA	0	NA	NA	NA	NA	0	1	0	-	NA	fixed	NA	none	0	False	containment 0.00 < 0.5; only 0/1 enzymes produced a fit; no PTR estimate	BcgI:only 0 windows after outlier trimming	no enzyme produced a usable estimate
CRR1310406	GCF_900052935.1	s__Legionella_pneumophila	NA	NA	NA	0	NA	NA	NA	0	NA	NA	NA	NA	0	1	0	-	NA	fixed	NA	none	0	False	containment 0.00 < 0.5; only 0/1 enzymes produced a fit; no PTR estimate	BcgI:only 0 windows after outlier trimming	no enzyme produced a usable estimate
CRR1310406	GCF_900061175.1	s__Streptococcus_pneumoniae	NA	NA	NA	0	NA	NA	NA	0	NA	NA	NA	NA	0	1	0	-	NA	fixed	NA	none	0	False	containment 0.00 < 0.5; only 0/1 enzymes produced a fit; no PTR estimate	BcgI:only 0 windows after outlier trimming	no enzyme produced a usable estimate
CRR1310406	GCF_900095705.1	s__Fusobacterium_massiliense	NA	NA	NA	0	NA	NA	NA	0	NA	NA	NA	NA	0	1	0	-	NA	fixed	NA	none	0	False	containment 0.00 < 0.5; only 0/1 enzymes produced a fit; no PTR estimate	BcgI:only 0 windows after outlier trimming	no enzyme produced a usable estimate
CRR1310406	GCF_900101615.1	s__Belnapia_rosea	NA	NA	NA	0	NA	NA	NA	0	NA	NA	NA	NA	0	1	0	-	NA	fixed	NA	none	0	False	containment 0.00 < 0.5; only 0/1 enzymes produced a fit; no PTR estimate	BcgI:only 0 windows after outlier trimming	no enzyme produced a usable estimate
CRR1310406	GCF_900104285.1	s__Streptococcus_sp900104285	NA	NA	NA	0	NA	NA	NA	0	NA	NA	NA	NA	0	1	0	-	NA	fixed	NA	none	0	False	containment 0.00 < 0.5; only 0/1 enzymes produced a fit; no PTR estimate	BcgI:only 0 windows after outlier trimming	no enzyme produced a usable estimate
CRR1310406	GCF_900107735.1	s__Bowdeniella_nasicola_A	NA	NA	NA	0	NA	NA	NA	0	NA	NA	NA	NA	0	1	0	-	NA	fixed	NA	none	0	False	containment 0.00 < 0.5; only 0/1 enzymes produced a fit; no PTR estimate	BcgI:only 0 windows after outlier trimming	no enzyme produced a usable estimate
CRR1310406	GCF_900111135.1	s__Granulicatella_balaenopterae	NA	NA	NA	0	NA	NA	NA	0	NA	NA	NA	NA	0	1	0	-	NA	fixed	NA	none	0	False	containment 0.00 < 0.5; only 0/1 enzymes produced a fit; no PTR estimate	BcgI:only 0 windows after outlier trimming	no enzyme produced a usable estimate
CRR1310406	GCF_900112185.1	s__Bosea_sp900112185	NA	NA	NA	0	NA	NA	NA	0	NA	NA	NA	NA	0	1	0	-	NA	fixed	NA	none	0	False	containment 0.00 < 0.5; only 0/1 enzymes produced a fit; no PTR estimate	BcgI:only 0 windows after outlier trimming	no enzyme produced a usable estimate
CRR1310406	GCF_900113305.1	s__Prevotella_sp900113305	NA	NA	NA	0	NA	NA	NA	0	NA	NA	NA	NA	0	1	0	-	NA	fixed	NA	none	0	False	containment 0.00 < 0.5; only 0/1 enzymes produced a fit; no PTR estimate	BcgI:only 0 windows after outlier trimming	no enzyme produced a usable estimate
CRR1310406	GCF_900115315.1	s__Capnocytophaga_haemolytica	NA	NA	NA	0	NA	NA	NA	0	NA	NA	NA	NA	0	1	0	-	NA	fixed	NA	none	0	False	containment 0.00 < 0.5; only 0/1 enzymes produced a fit; no PTR estimate	BcgI:only 0 windows after outlier trimming	no enzyme produced a usable estimate
CRR1310406	GCF_900115545.1	s__Ralstonia_sp900115545	NA	NA	NA	0	NA	NA	NA	0	NA	NA	NA	NA	0	1	0	-	NA	fixed	NA	none	0	False	containment 0.00 < 0.5; only 0/1 enzymes produced a fit; no PTR estimate	BcgI:only 0 windows after outlier trimming	no enzyme produced a usable estimate
CRR1310406	GCF_900115665.1	s__Pseudarcicella_hirudinis	NA	NA	NA	0	NA	NA	NA	0	NA	NA	NA	NA	0	1	0	-	NA	fixed	NA	none	0	False	containment 0.00 < 0.5; only 0/1 enzymes produced a fit; no PTR estimate	BcgI:only 0 windows after outlier trimming	no enzyme produced a usable estimate
CRR1310406	GCF_900118505.1	s__Chlamydophila_abortus	NA	NA	NA	0	NA	NA	NA	0	NA	NA	NA	NA	0	1	0	-	NA	fixed	NA	none	0	False	containment 0.00 < 0.5; only 0/1 enzymes produced a fit; no PTR estimate	BcgI:only 0 windows after outlier trimming	no enzyme produced a usable estimate
CRR1310406	GCF_900120245.1	s__Pauljensenia_marseillensis	NA	NA	NA	0	NA	NA	NA	0	NA	NA	NA	NA	0	1	0	-	NA	fixed	NA	none	0	False	containment 0.00 < 0.5; only 0/1 enzymes produced a fit; no PTR estimate	BcgI:only 0 windows after outlier trimming	no enzyme produced a usable estimate
CRR1310406	GCF_900128465.1	s__Pauljensenia_bouchesdurhonensis	NA	NA	NA	0	NA	NA	NA	0	NA	NA	NA	NA	0	1	0	-	NA	fixed	NA	none	0	False	containment 0.00 < 0.5; only 0/1 enzymes produced a fit; no PTR estimate	BcgI:only 0 windows after outlier trimming	no enzyme produced a usable estimate
CRR1310406	GCF_900155595.1	s__Pauljensenia_mediterranea	NA	NA	NA	0	NA	NA	NA	0	NA	NA	NA	NA	0	1	0	-	NA	fixed	NA	none	0	False	containment 0.00 < 0.5; only 0/1 enzymes produced a fit; no PTR estimate	BcgI:only 0 windows after outlier trimming	no enzyme produced a usable estimate
CRR1310406	GCF_900156035.1	s__Corynebacterium_afermentans	NA	NA	NA	0.0003946329913	NA	NA	NA	0	NA	NA	NA	NA	0	1	0	-	NA	fixed	NA	none	0	False	containment 0.00 < 0.5; only 0/1 enzymes produced a fit; no PTR estimate	BcgI:only 0 windows after outlier trimming	no enzyme produced a usable estimate
CRR1310406	GCF_900156605.1	s__Insolitispirillum_peregrinum	NA	NA	NA	0	NA	NA	NA	0	NA	NA	NA	NA	0	1	0	-	NA	fixed	NA	none	0	False	containment 0.00 < 0.5; only 0/1 enzymes produced a fit; no PTR estimate	BcgI:only 0 windows after outlier trimming	no enzyme produced a usable estimate
CRR1310406	GCF_900186465.1	s__Centipeda_felix	NA	NA	NA	0	NA	NA	NA	0	NA	NA	NA	NA	0	1	0	-	NA	fixed	NA	none	0	False	containment 0.00 < 0.5; only 0/1 enzymes produced a fit; no PTR estimate	BcgI:only 0 windows after outlier trimming	no enzyme produced a usable estimate
CRR1310406	GCF_900186885.1	s__Veillonella_parvula	NA	NA	NA	0	NA	NA	NA	0	NA	NA	NA	NA	0	1	0	-	NA	fixed	NA	none	0	False	containment 0.00 < 0.5; only 0/1 enzymes produced a fit; no PTR estimate	BcgI:only 0 windows after outlier trimming	no enzyme produced a usable estimate
CRR1310406	GCF_900187285.1	s__Veillonella_rodentium	NA	NA	NA	0	NA	NA	NA	0	NA	NA	NA	NA	0	1	0	-	NA	fixed	NA	none	0	False	containment 0.00 < 0.5; only 0/1 enzymes produced a fit; no PTR estimate	BcgI:only 0 windows after outlier trimming	no enzyme produced a usable estimate
CRR1310406	GCF_900199505.1	s__KH17_sp900199505	NA	NA	NA	0	NA	NA	NA	0	NA	NA	NA	NA	0	1	0	-	NA	fixed	NA	none	0	False	containment 0.00 < 0.5; only 0/1 enzymes produced a fit; no PTR estimate	BcgI:only 0 windows after outlier trimming	no enzyme produced a usable estimate
CRR1310406	GCF_900289195.1	s__Propionibacterium_sp900289195	NA	NA	NA	0	NA	NA	NA	0	NA	NA	NA	NA	0	1	0	-	NA	fixed	NA	none	0	False	containment 0.00 < 0.5; only 0/1 enzymes produced a fit; no PTR estimate	BcgI:only 0 windows after outlier trimming	no enzyme produced a usable estimate
CRR1310406	GCF_900290285.1	s__Centipeda_massiliensis	NA	NA	NA	0	NA	NA	NA	0	NA	NA	NA	NA	0	1	0	-	NA	fixed	NA	none	0	False	containment 0.00 < 0.5; only 0/1 enzymes produced a fit; no PTR estimate	BcgI:only 0 windows after outlier trimming	no enzyme produced a usable estimate
CRR1310406	GCF_900407485.1	s__Haemophilus_influenzae	NA	NA	NA	0	NA	NA	NA	0	NA	NA	NA	NA	0	1	0	-	NA	fixed	NA	none	0	False	containment 0.00 < 0.5; only 0/1 enzymes produced a fit; no PTR estimate	BcgI:only 0 windows after outlier trimming	no enzyme produced a usable estimate
CRR1310406	GCF_900445025.1	s__Pauljensenia_odontolytica	NA	NA	NA	0	NA	NA	NA	0	NA	NA	NA	NA	0	1	0	-	NA	fixed	NA	none	0	False	containment 0.00 < 0.5; only 0/1 enzymes produced a fit; no PTR estimate	BcgI:only 0 windows after outlier trimming	no enzyme produced a usable estimate
CRR1310406	GCF_900450505.1	s__Slackia_exigua	NA	NA	NA	0	NA	NA	NA	0	NA	NA	NA	NA	0	1	0	-	NA	fixed	NA	none	0	False	containment 0.00 < 0.5; only 0/1 enzymes produced a fit; no PTR estimate	BcgI:only 0 windows after outlier trimming	no enzyme produced a usable estimate
CRR1310406	GCF_900450875.1	s__Haemophilus_A_parahaemolyticus	NA	NA	NA	0	NA	NA	NA	0	NA	NA	NA	NA	0	1	0	-	NA	fixed	NA	none	0	False	containment 0.00 < 0.5; only 0/1 enzymes produced a fit; no PTR estimate	BcgI:only 0 windows after outlier trimming	no enzyme produced a usable estimate
CRR1310406	GCF_900450995.1	s__Haemophilus_D_parainfluenzae_M	NA	NA	NA	0	NA	NA	NA	0	NA	NA	NA	NA	0	1	0	-	NA	fixed	NA	none	0	False	containment 0.00 < 0.5; only 0/1 enzymes produced a fit; no PTR estimate	BcgI:only 0 windows after outlier trimming	no enzyme produced a usable estimate
CRR1310406	GCF_900451065.1	s__Haemophilus_A_paraphrohaemolyticus	NA	NA	NA	0	NA	NA	NA	0	NA	NA	NA	NA	0	1	0	-	NA	fixed	NA	none	0	False	containment 0.00 < 0.5; only 0/1 enzymes produced a fit; no PTR estimate	BcgI:only 0 windows after outlier trimming	no enzyme produced a usable estimate
CRR1310406	GCF_900451175.1	s__Neisseria_potus	NA	NA	NA	0	NA	NA	NA	0	NA	NA	NA	NA	0	1	0	-	NA	fixed	NA	none	0	False	containment 0.00 < 0.5; only 0/1 enzymes produced a fit; no PTR estimate	BcgI:only 0 windows after outlier trimming	no enzyme produced a usable estimate
CRR1310406	GCF_900451365.1	s__Kingella_A_denitrificans	NA	NA	NA	0	NA	NA	NA	0	NA	NA	NA	NA	0	1	0	-	NA	fixed	NA	none	0	False	containment 0.00 < 0.5; only 0/1 enzymes produced a fit; no PTR estimate	BcgI:only 0 windows after outlier trimming	no enzyme produced a usable estimate
CRR1310406	GCF_900452275.1	s__Kluyvera_cryocrescens	NA	NA	NA	0.001792650134	NA	NA	NA	0	NA	NA	NA	NA	0	1	0	-	NA	fixed	NA	none	0	False	containment 0.00 < 0.5; only 0/1 enzymes produced a fit; no PTR estimate	BcgI:only 3 windows after outlier trimming	no enzyme produced a usable estimate
CRR1310406	GCF_900454205.1	s__Neisseria_zoodegmatis	NA	NA	NA	0	NA	NA	NA	0	NA	NA	NA	NA	0	1	0	-	NA	fixed	NA	none	0	False	containment 0.00 < 0.5; only 0/1 enzymes produced a fit; no PTR estimate	BcgI:only 0 windows after outlier trimming	no enzyme produced a usable estimate
CRR1310406	GCF_900454815.1	s__Porphyromonas_endodontalis	NA	NA	NA	0	NA	NA	NA	0	NA	NA	NA	NA	0	1	0	-	NA	fixed	NA	none	0	False	containment 0.00 < 0.5; only 0/1 enzymes produced a fit; no PTR estimate	BcgI:only 0 windows after outlier trimming	no enzyme produced a usable estimate
CRR1310406	GCF_900454835.1	s__Prevotella_denticola	NA	NA	NA	0	NA	NA	NA	0	NA	NA	NA	NA	0	1	0	-	NA	fixed	NA	none	0	False	containment 0.00 < 0.5; only 0/1 enzymes produced a fit; no PTR estimate	BcgI:only 0 windows after outlier trimming	no enzyme produced a usable estimate
CRR1310406	GCF_900454935.1	s__Prevotella_pallens	NA	NA	NA	0	NA	NA	NA	0	NA	NA	NA	NA	0	1	0	-	NA	fixed	NA	none	0	False	containment 0.00 < 0.5; only 0/1 enzymes produced a fit; no PTR estimate	BcgI:only 0 windows after outlier trimming	no enzyme produced a usable estimate
CRR1310406	GCF_900459415.1	s__Streptococcus_infantis	NA	NA	NA	0	NA	NA	NA	0	NA	NA	NA	NA	0	1	0	-	NA	fixed	NA	none	0	False	containment 0.00 < 0.5; only 0/1 enzymes produced a fit; no PTR estimate	BcgI:only 0 windows after outlier trimming	no enzyme produced a usable estimate
CRR1310406	GCF_900460625.1	s__Actinobacillus_B_seminis	NA	NA	NA	0	NA	NA	NA	0	NA	NA	NA	NA	0	1	0	-	NA	fixed	NA	none	0	False	containment 0.00 < 0.5; only 0/1 enzymes produced a fit; no PTR estimate	BcgI:only 0 windows after outlier trimming	no enzyme produced a usable estimate
CRR1310406	GCF_900460955.1	s__Cardiobacterium_valvarum	NA	NA	NA	0	NA	NA	NA	0	NA	NA	NA	NA	0	1	0	-	NA	fixed	NA	none	0	False	containment 0.00 < 0.5; only 0/1 enzymes produced a fit; no PTR estimate	BcgI:only 0 windows after outlier trimming	no enzyme produced a usable estimate
CRR1310406	GCF_900469495.1	s__Agrobacterium_pusense	NA	NA	NA	0.004128137384	NA	NA	NA	0	NA	NA	NA	NA	0	1	0	-	NA	fixed	NA	none	0	False	containment 0.00 < 0.5; only 0/1 enzymes produced a fit; no PTR estimate	BcgI:only 4 windows after outlier trimming	no enzyme produced a usable estimate
CRR1310406	GCF_900469525.1	s__Allorhizobium_rosettiformans	NA	NA	NA	0	NA	NA	NA	0	NA	NA	NA	NA	0	1	0	-	NA	fixed	NA	none	0	False	containment 0.00 < 0.5; only 0/1 enzymes produced a fit; no PTR estimate	BcgI:only 0 windows after outlier trimming	no enzyme produced a usable estimate
CRR1310406	GCF_900470035.1	s__Bosea_vestrisii	NA	NA	NA	0	NA	NA	NA	0	NA	NA	NA	NA	0	1	0	-	NA	fixed	NA	none	0	False	containment 0.00 < 0.5; only 0/1 enzymes produced a fit; no PTR estimate	BcgI:only 0 windows after outlier trimming	no enzyme produced a usable estimate
CRR1310406	GCF_900476055.1	s__Streptococcus_australis	NA	NA	NA	0	NA	NA	NA	0	NA	NA	NA	NA	0	1	0	-	NA	fixed	NA	none	0	False	containment 0.00 < 0.5; only 0/1 enzymes produced a fit; no PTR estimate	BcgI:only 0 windows after outlier trimming	no enzyme produced a usable estimate
CRR1310406	GCF_900498865.1	s__Klebsiella_pneumoniae	2543.858067	1772.225663	0.0427118281	0.01223958333	9.381996826e+18	63.02460072	NA	1564	1	0.861448939	61.33619183	64.71300962	1	1	1	BcgI	NA	fixed	1779920.917	glm	16	False	fraction 0.04 < 0.75; dispersion 1772.23 > 5.0; containment 0.01 < 0.5	-	single enzyme: no cross-enzyme consistency check available
CRR1310406	GCF_900499005.1	s__Pauljensenia_culturomici	NA	NA	NA	0	NA	NA	NA	0	NA	NA	NA	NA	0	1	0	-	NA	fixed	NA	none	0	False	containment 0.00 < 0.5; only 0/1 enzymes produced a fit; no PTR estimate	BcgI:only 0 windows after outlier trimming	no enzyme produced a usable estimate
CRR1310406	GCF_900536635.1	s__Propionibacterium_australiense	NA	NA	NA	0	NA	NA	NA	0	NA	NA	NA	NA	0	1	0	-	NA	fixed	NA	none	0	False	containment 0.00 < 0.5; only 0/1 enzymes produced a fit; no PTR estimate	BcgI:only 0 windows after outlier trimming	no enzyme produced a usable estimate
CRR1310406	GCF_900555265.1	s__TM7x_sp900555265	NA	NA	NA	0	NA	NA	NA	0	NA	NA	NA	NA	0	1	0	-	NA	fixed	NA	none	0	False	containment 0.00 < 0.5; only 0/1 enzymes produced a fit; no PTR estimate	BcgI:only 0 windows after outlier trimming	no enzyme produced a usable estimate
CRR1310406	GCF_900555425.1	s__TM7x_sp900555425	NA	NA	NA	0	NA	NA	NA	0	NA	NA	NA	NA	0	1	0	-	NA	fixed	NA	none	0	False	containment 0.00 < 0.5; only 0/1 enzymes produced a fit; no PTR estimate	BcgI:only 0 windows after outlier trimming	no enzyme produced a usable estimate
CRR1310406	GCF_900555675.1	s__TM7x_sp900555675	NA	NA	NA	0	NA	NA	NA	0	NA	NA	NA	NA	0	1	0	-	NA	fixed	NA	none	0	False	containment 0.00 < 0.5; only 0/1 enzymes produced a fit; no PTR estimate	BcgI:only 0 windows after outlier trimming	no enzyme produced a usable estimate
CRR1310406	GCF_900555885.1	s__TM7x_sp900555885	NA	NA	NA	0	NA	NA	NA	0	NA	NA	NA	NA	0	1	0	-	NA	fixed	NA	none	0	False	containment 0.00 < 0.5; only 0/1 enzymes produced a fit; no PTR estimate	BcgI:only 0 windows after outlier trimming	no enzyme produced a usable estimate
CRR1310406	GCF_900556355.1	s__TM7x_sp900556355	NA	NA	NA	0	NA	NA	NA	0	NA	NA	NA	NA	0	1	0	-	NA	fixed	NA	none	0	False	containment 0.00 < 0.5; only 0/1 enzymes produced a fit; no PTR estimate	BcgI:only 0 windows after outlier trimming	no enzyme produced a usable estimate
CRR1310406	GCF_900556885.1	s__TM7x_sp900556885	NA	NA	NA	0	NA	NA	NA	0	NA	NA	NA	NA	0	1	0	-	NA	fixed	NA	none	0	False	containment 0.00 < 0.5; only 0/1 enzymes produced a fit; no PTR estimate	BcgI:only 0 windows after outlier trimming	no enzyme produced a usable estimate
CRR1310406	GCF_900557595.1	s__TM7x_sp900557595	NA	NA	NA	0	NA	NA	NA	0	NA	NA	NA	NA	0	1	0	-	NA	fixed	NA	none	0	False	containment 0.00 < 0.5; only 0/1 enzymes produced a fit; no PTR estimate	BcgI:only 0 windows after outlier trimming	no enzyme produced a usable estimate
CRR1310406	GCF_900566195.1	s__Treponema_D_pectinovorum	NA	NA	NA	0	NA	NA	NA	0	NA	NA	NA	NA	0	1	0	-	NA	fixed	NA	none	0	False	containment 0.00 < 0.5; only 0/1 enzymes produced a fit; no PTR estimate	BcgI:only 0 windows after outlier trimming	no enzyme produced a usable estimate
CRR1310406	GCF_900573955.1	s__Campylobacter_A_showae_D	NA	NA	NA	0	NA	NA	NA	0	NA	NA	NA	NA	0	1	0	-	NA	fixed	NA	none	0	False	containment 0.00 < 0.5; only 0/1 enzymes produced a fit; no PTR estimate	BcgI:only 0 windows after outlier trimming	no enzyme produced a usable estimate
CRR1310406	GCF_900573975.1	s__Campylobacter_A_showae_A	NA	NA	NA	0	NA	NA	NA	0	NA	NA	NA	NA	0	1	0	-	NA	fixed	NA	none	0	False	containment 0.00 < 0.5; only 0/1 enzymes produced a fit; no PTR estimate	BcgI:only 0 windows after outlier trimming	no enzyme produced a usable estimate
CRR1310406	GCF_900573985.1	s__Campylobacter_A_showae_E	NA	NA	NA	0	NA	NA	NA	0	NA	NA	NA	NA	0	1	0	-	NA	fixed	NA	none	0	False	containment 0.00 < 0.5; only 0/1 enzymes produced a fit; no PTR estimate	BcgI:only 0 windows after outlier trimming	no enzyme produced a usable estimate
CRR1310406	GCF_900605015.1	s__Olsenella_B_sp900605015	NA	NA	NA	0.0005430355688	NA	NA	NA	0	NA	NA	NA	NA	0	1	0	-	NA	fixed	NA	none	0	False	containment 0.00 < 0.5; only 0/1 enzymes produced a fit; no PTR estimate	BcgI:only 1 windows after outlier trimming	no enzyme produced a usable estimate
CRR1310406	GCF_900607225.1	s__Arachnia_sp900607225	NA	NA	NA	0	NA	NA	NA	0	NA	NA	NA	NA	0	1	0	-	NA	fixed	NA	none	0	False	containment 0.00 < 0.5; only 0/1 enzymes produced a fit; no PTR estimate	BcgI:only 0 windows after outlier trimming	no enzyme produced a usable estimate
CRR1310406	GCF_900634705.1	s__Frankia_coriariae	NA	NA	NA	0	NA	NA	NA	0	NA	NA	NA	NA	0	1	0	-	NA	fixed	NA	none	0	False	containment 0.00 < 0.5; only 0/1 enzymes produced a fit; no PTR estimate	BcgI:only 0 windows after outlier trimming	no enzyme produced a usable estimate
CRR1310406	GCF_900635155.1	s__Streptococcus_sanguinis_G	NA	NA	NA	0	NA	NA	NA	0	NA	NA	NA	NA	0	1	0	-	NA	fixed	NA	none	0	False	containment 0.00 < 0.5; only 0/1 enzymes produced a fit; no PTR estimate	BcgI:only 0 windows after outlier trimming	no enzyme produced a usable estimate
CRR1310406	GCF_900637555.1	s__Lautropia_mirabilis	NA	NA	NA	0	NA	NA	NA	0	NA	NA	NA	NA	0	1	0	-	NA	fixed	NA	none	0	False	containment 0.00 < 0.5; only 0/1 enzymes produced a fit; no PTR estimate	BcgI:only 0 windows after outlier trimming	no enzyme produced a usable estimate
CRR1310406	GCF_900683665.1	s__Bacteroides_heparinolyticus	NA	NA	NA	0.0004580852038	NA	NA	NA	0	NA	NA	NA	NA	0	1	0	-	NA	fixed	NA	none	0	False	containment 0.00 < 0.5; only 0/1 enzymes produced a fit; no PTR estimate	BcgI:only 0 windows after outlier trimming	no enzyme produced a usable estimate
CRR1310406	GCF_900755445.1	s__Haemophilus_D_sp900755445	NA	NA	NA	0	NA	NA	NA	0	NA	NA	NA	NA	0	1	0	-	NA	fixed	NA	none	0	False	containment 0.00 < 0.5; only 0/1 enzymes produced a fit; no PTR estimate	BcgI:only 0 windows after outlier trimming	no enzyme produced a usable estimate
CRR1310406	GCF_900755485.1	s__F0422_sp900544365	NA	NA	NA	0	NA	NA	NA	0	NA	NA	NA	NA	0	1	0	-	NA	fixed	NA	none	0	False	containment 0.00 < 0.5; only 0/1 enzymes produced a fit; no PTR estimate	BcgI:only 0 windows after outlier trimming	no enzyme produced a usable estimate
CRR1310406	GCF_900756155.1	s__Haemophilus_D_sp900756155	NA	NA	NA	0	NA	NA	NA	0	NA	NA	NA	NA	0	1	0	-	NA	fixed	NA	none	0	False	containment 0.00 < 0.5; only 0/1 enzymes produced a fit; no PTR estimate	BcgI:only 0 windows after outlier trimming	no enzyme produced a usable estimate
CRR1310406	GCF_900756875.1	s__Haemophilus_D_sp900756875	NA	NA	NA	0	NA	NA	NA	0	NA	NA	NA	NA	0	1	0	-	NA	fixed	NA	none	0	False	containment 0.00 < 0.5; only 0/1 enzymes produced a fit; no PTR estimate	BcgI:only 0 windows after outlier trimming	no enzyme produced a usable estimate
CRR1310406	GCF_900759775.1	s__F0422_sp003999875	2030.515152	2360.87801	0.8344155844	0.126394052	3.407203389e+103	343.9271818	NA	37	0.9999785785	1.2747147	341.4287869	346.4255767	1	1	1	BcgI	NA	fixed	875497.2	glm	11	False	dispersion 2360.88 > 5.0; containment 0.13 < 0.5	-	single enzyme: no cross-enzyme consistency check available
CRR1310406	GCF_900764435.1	s__Haemophilus_D_sp900764435	NA	NA	NA	0	NA	NA	NA	0	NA	NA	NA	NA	0	1	0	-	NA	fixed	NA	none	0	False	containment 0.00 < 0.5; only 0/1 enzymes produced a fit; no PTR estimate	BcgI:only 0 windows after outlier trimming	no enzyme produced a usable estimate
CRR1310406	GCF_900765055.1	s__Limosilactobacillus_vaginalis_A	NA	NA	NA	0	NA	NA	NA	0	NA	NA	NA	NA	0	1	0	-	NA	fixed	NA	none	0	False	containment 0.00 < 0.5; only 0/1 enzymes produced a fit; no PTR estimate	BcgI:only 0 windows after outlier trimming	no enzyme produced a usable estimate
CRR1310406	GCF_900766245.1	s__F0422_sp900766245	NA	NA	NA	0	NA	NA	NA	0	NA	NA	NA	NA	0	1	0	-	NA	fixed	NA	none	0	False	containment 0.00 < 0.5; only 0/1 enzymes produced a fit; no PTR estimate	BcgI:only 0 windows after outlier trimming	no enzyme produced a usable estimate
CRR1310406	GCF_900768625.1	s__Prevotellamassilia_sp900768625	NA	NA	NA	0.0004415011038	NA	NA	NA	0	NA	NA	NA	NA	0	1	0	-	NA	fixed	NA	none	0	False	containment 0.00 < 0.5; only 0/1 enzymes produced a fit; no PTR estimate	BcgI:only 0 windows after outlier trimming	no enzyme produced a usable estimate
CRR1310406	GCF_900993765.1	s__Streptococcus_pyogenes	NA	NA	NA	0	NA	NA	NA	0	NA	NA	NA	NA	0	1	0	-	NA	fixed	NA	none	0	False	containment 0.00 < 0.5; only 0/1 enzymes produced a fit; no PTR estimate	BcgI:only 0 windows after outlier trimming	no enzyme produced a usable estimate
CRR1310406	GCF_901542415.1	s__Streptococcus_mitis_BL	NA	NA	NA	0	NA	NA	NA	0	NA	NA	NA	NA	0	1	0	-	NA	fixed	NA	none	0	False	containment 0.00 < 0.5; only 0/1 enzymes produced a fit; no PTR estimate	BcgI:only 0 windows after outlier trimming	no enzyme produced a usable estimate
CRR1310406	GCF_901543175.1	s__Streptococcus_australis_A	NA	NA	NA	0	NA	NA	NA	0	NA	NA	NA	NA	0	1	0	-	NA	fixed	NA	none	0	False	containment 0.00 < 0.5; only 0/1 enzymes produced a fit; no PTR estimate	BcgI:only 0 windows after outlier trimming	no enzyme produced a usable estimate
CRR1310406	GCF_901543815.1	s__Streptococcus_mitis_BC	NA	NA	NA	0	NA	NA	NA	0	NA	NA	NA	NA	0	1	0	-	NA	fixed	NA	none	0	False	containment 0.00 < 0.5; only 0/1 enzymes produced a fit; no PTR estimate	BcgI:only 0 windows after outlier trimming	no enzyme produced a usable estimate
CRR1310406	GCF_902159415.1	s__Streptococcus_mitis_BG	NA	NA	NA	0	NA	NA	NA	0	NA	NA	NA	NA	0	1	0	-	NA	fixed	NA	none	0	False	containment 0.00 < 0.5; only 0/1 enzymes produced a fit; no PTR estimate	BcgI:only 0 windows after outlier trimming	no enzyme produced a usable estimate
CRR1310406	GCF_902165435.1	s__Klebsiella_A_grimontii	1319.636364	1337.294482	0.04406709726	0.005493133583	3.195342757	1.675970694	NA	662	0.9999986185	1.294004722	-0.8602319562	4.212173344	1	1	1	BcgI	NA	fixed	3003285.875	glm	11	False	fraction 0.04 < 0.75; dispersion 1337.29 > 5.0; containment 0.01 < 0.5	-	single enzyme: no cross-enzyme consistency check available
CRR1310406	GCF_902363285.1	s__Actinomyces_sp900323545	NA	NA	NA	0	NA	NA	NA	0	NA	NA	NA	NA	0	1	0	-	NA	fixed	NA	none	0	False	containment 0.00 < 0.5; only 0/1 enzymes produced a fit; no PTR estimate	BcgI:only 0 windows after outlier trimming	no enzyme produced a usable estimate
CRR1310406	GCF_902363395.1	s__Streptococcus_sp902363395	NA	NA	NA	0	NA	NA	NA	0	NA	NA	NA	NA	0	1	0	-	NA	fixed	NA	none	0	False	containment 0.00 < 0.5; only 0/1 enzymes produced a fit; no PTR estimate	BcgI:only 0 windows after outlier trimming	no enzyme produced a usable estimate
CRR1310406	GCF_902364435.1	s__Veillonella_dispar_A	NA	NA	NA	0	NA	NA	NA	0	NA	NA	NA	NA	0	1	0	-	NA	fixed	NA	none	0	False	containment 0.00 < 0.5; only 0/1 enzymes produced a fit; no PTR estimate	BcgI:only 0 windows after outlier trimming	no enzyme produced a usable estimate
CRR1310406	GCF_902373675.1	s__Parvimonas_micra	NA	NA	NA	0	NA	NA	NA	0	NA	NA	NA	NA	0	1	0	-	NA	fixed	NA	none	0	False	containment 0.00 < 0.5; only 0/1 enzymes produced a fit; no PTR estimate	BcgI:only 0 windows after outlier trimming	no enzyme produced a usable estimate
CRR1310406	GCF_902374235.1	s__Prevotella_salivae	NA	NA	NA	0	NA	NA	NA	0	NA	NA	NA	NA	0	1	0	-	NA	fixed	NA	none	0	False	containment 0.00 < 0.5; only 0/1 enzymes produced a fit; no PTR estimate	BcgI:only 0 windows after outlier trimming	no enzyme produced a usable estimate
CRR1310406	GCF_902374455.1	s__Neisseria_macacae	NA	NA	NA	0.002590673575	NA	NA	NA	0	NA	NA	NA	NA	0	1	0	-	NA	fixed	NA	none	0	False	containment 0.00 < 0.5; only 0/1 enzymes produced a fit; no PTR estimate	BcgI:only 0 windows after outlier trimming	no enzyme produced a usable estimate
CRR1310406	GCF_902375005.1	s__Streptococcus_sp000411475	NA	NA	NA	0	NA	NA	NA	0	NA	NA	NA	NA	0	1	0	-	NA	fixed	NA	none	0	False	containment 0.00 < 0.5; only 0/1 enzymes produced a fit; no PTR estimate	BcgI:only 0 windows after outlier trimming	no enzyme produced a usable estimate
CRR1310406	GCF_902376125.1	s__Streptococcus_timonensis	NA	NA	NA	0	NA	NA	NA	0	NA	NA	NA	NA	0	1	0	-	NA	fixed	NA	none	0	False	containment 0.00 < 0.5; only 0/1 enzymes produced a fit; no PTR estimate	BcgI:only 0 windows after outlier trimming	no enzyme produced a usable estimate
CRR1310406	GCF_902376145.1	s__F0040_sp900095835	NA	NA	NA	0	NA	NA	NA	0	NA	NA	NA	NA	0	1	0	-	NA	fixed	NA	none	0	False	containment 0.00 < 0.5; only 0/1 enzymes produced a fit; no PTR estimate	BcgI:only 0 windows after outlier trimming	no enzyme produced a usable estimate
CRR1310406	GCF_902387945.1	s__Lachnoanaerobaculum_umeaense	NA	NA	NA	0	NA	NA	NA	0	NA	NA	NA	NA	0	1	0	-	NA	fixed	NA	none	0	False	containment 0.00 < 0.5; only 0/1 enzymes produced a fit; no PTR estimate	BcgI:only 0 windows after outlier trimming	no enzyme produced a usable estimate
CRR1310406	GCF_902460355.1	s__Streptococcus_sp902460355	NA	NA	NA	0	NA	NA	NA	0	NA	NA	NA	NA	0	1	0	-	NA	fixed	NA	none	0	False	containment 0.00 < 0.5; only 0/1 enzymes produced a fit; no PTR estimate	BcgI:only 0 windows after outlier trimming	no enzyme produced a usable estimate
CRR1310406	GCF_902460385.1	s__Streptococcus_sinensis	NA	NA	NA	0	NA	NA	NA	0	NA	NA	NA	NA	0	1	0	-	NA	fixed	NA	none	0	False	containment 0.00 < 0.5; only 0/1 enzymes produced a fit; no PTR estimate	BcgI:only 0 windows after outlier trimming	no enzyme produced a usable estimate
CRR1310406	GCF_902460535.1	s__Campylobacter_A_concisus_J	NA	NA	NA	0	NA	NA	NA	0	NA	NA	NA	NA	0	1	0	-	NA	fixed	NA	none	0	False	containment 0.00 < 0.5; only 0/1 enzymes produced a fit; no PTR estimate	BcgI:only 0 windows after outlier trimming	no enzyme produced a usable estimate
CRR1310406	GCF_902460615.1	s__Campylobacter_A_concisus_C	NA	NA	NA	0	NA	NA	NA	0	NA	NA	NA	NA	0	1	0	-	NA	fixed	NA	none	0	False	containment 0.00 < 0.5; only 0/1 enzymes produced a fit; no PTR estimate	BcgI:only 0 windows after outlier trimming	no enzyme produced a usable estimate
CRR1310406	GCF_902460705.1	s__Campylobacter_A_concisus_Z	NA	NA	NA	0	NA	NA	NA	0	NA	NA	NA	NA	0	1	0	-	NA	fixed	NA	none	0	False	containment 0.00 < 0.5; only 0/1 enzymes produced a fit; no PTR estimate	BcgI:only 0 windows after outlier trimming	no enzyme produced a usable estimate
CRR1310406	GCF_902460815.1	s__Campylobacter_A_concisus_F	NA	NA	NA	0	NA	NA	NA	0	NA	NA	NA	NA	0	1	0	-	NA	fixed	NA	none	0	False	containment 0.00 < 0.5; only 0/1 enzymes produced a fit; no PTR estimate	BcgI:only 0 windows after outlier trimming	no enzyme produced a usable estimate
CRR1310406	GCF_902859015.1	s__Streptococcus_sp001556435	NA	NA	NA	0	NA	NA	NA	0	NA	NA	NA	NA	0	1	0	-	NA	fixed	NA	none	0	False	containment 0.00 < 0.5; only 0/1 enzymes produced a fit; no PTR estimate	BcgI:only 0 windows after outlier trimming	no enzyme produced a usable estimate
CRR1310406	GCF_902983995.1	s__Treponema_D_buccale	NA	NA	NA	0	NA	NA	NA	0	NA	NA	NA	NA	0	1	0	-	NA	fixed	NA	none	0	False	containment 0.00 < 0.5; only 0/1 enzymes produced a fit; no PTR estimate	BcgI:only 0 windows after outlier trimming	no enzyme produced a usable estimate
CRR1310406	GCF_903645325.1	s__Microbacterium_sp903645325	NA	NA	NA	0	NA	NA	NA	0	NA	NA	NA	NA	0	1	0	-	NA	fixed	NA	none	0	False	containment 0.00 < 0.5; only 0/1 enzymes produced a fit; no PTR estimate	BcgI:only 0 windows after outlier trimming	no enzyme produced a usable estimate
