sample	y_true	y_pred	prob_unclean	repeat	arm
SF001	unclean	unclean	0.7738	0	A_species_abundance
SF002	clean	clean	0.2816	0	A_species_abundance
SF003	unclean	unclean	0.547	0	A_species_abundance
SF004	clean	clean	0.3088	0	A_species_abundance
SF005	clean	clean	0.3666	0	A_species_abundance
SF006	unclean	unclean	0.728	0	A_species_abundance
SF007	unclean	unclean	0.7636	0	A_species_abundance
SF008	clean	clean	0.37	0	A_species_abundance
SF009	unclean	clean	0.3976	0	A_species_abundance
SF010	unclean	unclean	0.7436	0	A_species_abundance
SF011	clean	clean	0.343	0	A_species_abundance
SF012	clean	unclean	0.6796	0	A_species_abundance
SF013	unclean	clean	0.2438	0	A_species_abundance
SF014	clean	clean	0.4654	0	A_species_abundance
SF015	clean	clean	0.298	0	A_species_abundance
SF016	unclean	unclean	0.5928	0	A_species_abundance
SF017	unclean	clean	0.4456	0	A_species_abundance
SF018	unclean	unclean	0.8618	0	A_species_abundance
SF019	clean	clean	0.305	0	A_species_abundance
SF020	clean	clean	0.329	0	A_species_abundance
SF021	unclean	clean	0.2718	0	A_species_abundance
SF022	unclean	clean	0.3568	0	A_species_abundance
SF023	clean	clean	0.292	0	A_species_abundance
SF024	unclean	clean	0.2608	0	A_species_abundance
SF025	clean	clean	0.2186	0	A_species_abundance
SF026	clean	clean	0.2344	0	A_species_abundance
SF027	clean	unclean	0.627	0	A_species_abundance
SF028	unclean	unclean	0.6208	0	A_species_abundance
SF029	clean	clean	0.1634	0	A_species_abundance
SF030	clean	unclean	0.6642	0	A_species_abundance
SF031	clean	clean	0.4604	0	A_species_abundance
SF032	clean	clean	0.321	0	A_species_abundance
SF033	clean	clean	0.4878	0	A_species_abundance
SF034	clean	clean	0.2916	0	A_species_abundance
SF035	clean	clean	0.3166	0	A_species_abundance
SF036	unclean	unclean	0.5844	0	A_species_abundance
SF037	clean	clean	0.4202	0	A_species_abundance
SF038	clean	clean	0.3618	0	A_species_abundance
SF039	unclean	unclean	0.6782	0	A_species_abundance
SF040	clean	clean	0.3624	0	A_species_abundance
SF041	unclean	clean	0.305	0	A_species_abundance
SF042	clean	clean	0.2952	0	A_species_abundance
SF043	clean	clean	0.3558	0	A_species_abundance
SF044	clean	clean	0.305	0	A_species_abundance
SF045	unclean	clean	0.2688	0	A_species_abundance
SF046	clean	unclean	0.5276	0	A_species_abundance
SF047	clean	unclean	0.6182	0	A_species_abundance
SF048	unclean	clean	0.2442	0	A_species_abundance
SF049	clean	clean	0.3638	0	A_species_abundance
SF050	clean	clean	0.3392	0	A_species_abundance
SF051	clean	clean	0.2824	0	A_species_abundance
SF052	clean	clean	0.312	0	A_species_abundance
SF053	clean	clean	0.4134	0	A_species_abundance
SF054	unclean	unclean	0.556	0	A_species_abundance
SF055	unclean	clean	0.2662	0	A_species_abundance
SF056	clean	unclean	0.5124	0	A_species_abundance
SF057	unclean	clean	0.2556	0	A_species_abundance
SF058	clean	clean	0.4276	0	A_species_abundance
SF059	unclean	clean	0.4924	0	A_species_abundance
SF060	unclean	clean	0.3954	0	A_species_abundance
SF061	clean	clean	0.3564	0	A_species_abundance
SF062	unclean	clean	0.1594	0	A_species_abundance
SF063	clean	clean	0.4684	0	A_species_abundance
SF064	clean	clean	0.1768	0	A_species_abundance
SF065	clean	clean	0.3988	0	A_species_abundance
SF066	clean	clean	0.3522	0	A_species_abundance
SF067	clean	clean	0.4902	0	A_species_abundance
SF068	unclean	clean	0.245	0	A_species_abundance
SF069	clean	clean	0.4312	0	A_species_abundance
SF070	unclean	unclean	0.7148	0	A_species_abundance
SF071	clean	clean	0.4288	0	A_species_abundance
SF072	unclean	clean	0.1566	0	A_species_abundance
SF073	clean	clean	0.247	0	A_species_abundance
SF074	clean	clean	0.221	0	A_species_abundance
SF075	clean	clean	0.3962	0	A_species_abundance
SF076	clean	clean	0.3586	0	A_species_abundance
SF077	clean	clean	0.35	0	A_species_abundance
SF078	unclean	clean	0.4104	0	A_species_abundance
SF079	unclean	unclean	0.5526	0	A_species_abundance
SF080	unclean	clean	0.4908	0	A_species_abundance
SF081	unclean	clean	0.3534	0	A_species_abundance
SF082	unclean	clean	0.4636	0	A_species_abundance
SF083	unclean	clean	0.4188	0	A_species_abundance
SF084	clean	clean	0.4552	0	A_species_abundance
SF085	clean	clean	0.3176	0	A_species_abundance
SF086	clean	unclean	0.5178	0	A_species_abundance
SF087	unclean	unclean	0.7956	0	A_species_abundance
SF088	clean	clean	0.3076	0	A_species_abundance
SF089	unclean	unclean	0.8168	0	A_species_abundance
SF090	unclean	clean	0.3532	0	A_species_abundance
SF091	unclean	unclean	0.5506	0	A_species_abundance
SF092	unclean	unclean	0.6274	0	A_species_abundance
SF093	unclean	clean	0.4664	0	A_species_abundance
SF094	clean	clean	0.4058	0	A_species_abundance
SF095	unclean	clean	0.2634	0	A_species_abundance
SF096	clean	clean	0.2524	0	A_species_abundance
SF097	unclean	clean	0.411	0	A_species_abundance
SF001	unclean	unclean	0.7192	1	A_species_abundance
SF002	clean	clean	0.2672	1	A_species_abundance
SF003	unclean	unclean	0.5126	1	A_species_abundance
SF004	clean	clean	0.2826	1	A_species_abundance
SF005	clean	clean	0.3444	1	A_species_abundance
SF006	unclean	unclean	0.8128	1	A_species_abundance
SF007	unclean	unclean	0.741	1	A_species_abundance
SF008	clean	clean	0.3786	1	A_species_abundance
SF009	unclean	clean	0.4552	1	A_species_abundance
SF010	unclean	unclean	0.7708	1	A_species_abundance
SF011	clean	clean	0.3524	1	A_species_abundance
SF012	clean	unclean	0.7188	1	A_species_abundance
SF013	unclean	clean	0.2714	1	A_species_abundance
SF014	clean	clean	0.4402	1	A_species_abundance
SF015	clean	clean	0.2678	1	A_species_abundance
SF016	unclean	clean	0.4936	1	A_species_abundance
SF017	unclean	clean	0.412	1	A_species_abundance
SF018	unclean	unclean	0.823	1	A_species_abundance
SF019	clean	clean	0.2982	1	A_species_abundance
SF020	clean	clean	0.3336	1	A_species_abundance
SF021	unclean	clean	0.2474	1	A_species_abundance
SF022	unclean	clean	0.3574	1	A_species_abundance
SF023	clean	clean	0.1994	1	A_species_abundance
SF024	unclean	clean	0.3042	1	A_species_abundance
SF025	clean	clean	0.26	1	A_species_abundance
SF026	clean	clean	0.2822	1	A_species_abundance
SF027	clean	unclean	0.6198	1	A_species_abundance
SF028	unclean	unclean	0.6064	1	A_species_abundance
SF029	clean	clean	0.2032	1	A_species_abundance
SF030	clean	unclean	0.7332	1	A_species_abundance
SF031	clean	clean	0.4896	1	A_species_abundance
SF032	clean	clean	0.368	1	A_species_abundance
SF033	clean	clean	0.4792	1	A_species_abundance
SF034	clean	clean	0.3006	1	A_species_abundance
SF035	clean	clean	0.2462	1	A_species_abundance
SF036	unclean	unclean	0.6034	1	A_species_abundance
SF037	clean	clean	0.4344	1	A_species_abundance
SF038	clean	clean	0.2604	1	A_species_abundance
SF039	unclean	unclean	0.7342	1	A_species_abundance
SF040	clean	clean	0.382	1	A_species_abundance
SF041	unclean	clean	0.213	1	A_species_abundance
SF042	clean	clean	0.2366	1	A_species_abundance
SF043	clean	clean	0.2668	1	A_species_abundance
SF044	clean	clean	0.2508	1	A_species_abundance
SF045	unclean	clean	0.233	1	A_species_abundance
SF046	clean	clean	0.3994	1	A_species_abundance
SF047	clean	unclean	0.5354	1	A_species_abundance
SF048	unclean	clean	0.2738	1	A_species_abundance
SF049	clean	clean	0.3382	1	A_species_abundance
SF050	clean	clean	0.3446	1	A_species_abundance
SF051	clean	clean	0.3052	1	A_species_abundance
SF052	clean	clean	0.3146	1	A_species_abundance
SF053	clean	clean	0.3824	1	A_species_abundance
SF054	unclean	unclean	0.59	1	A_species_abundance
SF055	unclean	clean	0.23	1	A_species_abundance
SF056	clean	unclean	0.5042	1	A_species_abundance
SF057	unclean	clean	0.2778	1	A_species_abundance
SF058	clean	clean	0.4268	1	A_species_abundance
SF059	unclean	clean	0.4696	1	A_species_abundance
SF060	unclean	clean	0.3888	1	A_species_abundance
SF061	clean	clean	0.3692	1	A_species_abundance
SF062	unclean	clean	0.2012	1	A_species_abundance
SF063	clean	clean	0.4352	1	A_species_abundance
SF064	clean	clean	0.2052	1	A_species_abundance
SF065	clean	clean	0.3574	1	A_species_abundance
SF066	clean	clean	0.3104	1	A_species_abundance
SF067	clean	clean	0.482	1	A_species_abundance
SF068	unclean	clean	0.2956	1	A_species_abundance
SF069	clean	clean	0.397	1	A_species_abundance
SF070	unclean	unclean	0.7776	1	A_species_abundance
SF071	clean	clean	0.4402	1	A_species_abundance
SF072	unclean	clean	0.2328	1	A_species_abundance
SF073	clean	clean	0.2658	1	A_species_abundance
SF074	clean	clean	0.2142	1	A_species_abundance
SF075	clean	clean	0.4132	1	A_species_abundance
SF076	clean	clean	0.3634	1	A_species_abundance
SF077	clean	clean	0.336	1	A_species_abundance
SF078	unclean	clean	0.4372	1	A_species_abundance
SF079	unclean	unclean	0.5134	1	A_species_abundance
SF080	unclean	unclean	0.5366	1	A_species_abundance
SF081	unclean	clean	0.38	1	A_species_abundance
SF082	unclean	clean	0.3972	1	A_species_abundance
SF083	unclean	clean	0.4344	1	A_species_abundance
SF084	clean	clean	0.4912	1	A_species_abundance
SF085	clean	clean	0.3464	1	A_species_abundance
SF086	clean	unclean	0.5106	1	A_species_abundance
SF087	unclean	unclean	0.79	1	A_species_abundance
SF088	clean	clean	0.2926	1	A_species_abundance
SF089	unclean	unclean	0.818	1	A_species_abundance
SF090	unclean	clean	0.3854	1	A_species_abundance
SF091	unclean	unclean	0.6126	1	A_species_abundance
SF092	unclean	unclean	0.5978	1	A_species_abundance
SF093	unclean	clean	0.4224	1	A_species_abundance
SF094	clean	clean	0.3576	1	A_species_abundance
SF095	unclean	clean	0.2628	1	A_species_abundance
SF096	clean	clean	0.2132	1	A_species_abundance
SF097	unclean	clean	0.3908	1	A_species_abundance
SF001	unclean	unclean	0.7564	2	A_species_abundance
SF002	clean	clean	0.2286	2	A_species_abundance
SF003	unclean	unclean	0.558	2	A_species_abundance
SF004	clean	clean	0.3072	2	A_species_abundance
SF005	clean	clean	0.3472	2	A_species_abundance
SF006	unclean	unclean	0.7512	2	A_species_abundance
SF007	unclean	unclean	0.713	2	A_species_abundance
SF008	clean	clean	0.3674	2	A_species_abundance
SF009	unclean	clean	0.4044	2	A_species_abundance
SF010	unclean	unclean	0.775	2	A_species_abundance
SF011	clean	clean	0.3526	2	A_species_abundance
SF012	clean	unclean	0.7136	2	A_species_abundance
SF013	unclean	clean	0.2418	2	A_species_abundance
SF014	clean	clean	0.4272	2	A_species_abundance
SF015	clean	clean	0.2938	2	A_species_abundance
SF016	unclean	unclean	0.5242	2	A_species_abundance
SF017	unclean	clean	0.4392	2	A_species_abundance
SF018	unclean	unclean	0.7868	2	A_species_abundance
SF019	clean	clean	0.3276	2	A_species_abundance
SF020	clean	clean	0.324	2	A_species_abundance
SF021	unclean	clean	0.2748	2	A_species_abundance
SF022	unclean	clean	0.335	2	A_species_abundance
SF023	clean	clean	0.304	2	A_species_abundance
SF024	unclean	clean	0.2904	2	A_species_abundance
SF025	clean	clean	0.284	2	A_species_abundance
SF026	clean	clean	0.2254	2	A_species_abundance
SF027	clean	unclean	0.5584	2	A_species_abundance
SF028	unclean	unclean	0.5868	2	A_species_abundance
SF029	clean	clean	0.226	2	A_species_abundance
SF030	clean	unclean	0.676	2	A_species_abundance
SF031	clean	clean	0.488	2	A_species_abundance
SF032	clean	clean	0.3574	2	A_species_abundance
SF033	clean	unclean	0.5324	2	A_species_abundance
SF034	clean	clean	0.3724	2	A_species_abundance
SF035	clean	clean	0.2884	2	A_species_abundance
SF036	unclean	unclean	0.5874	2	A_species_abundance
SF037	clean	clean	0.4634	2	A_species_abundance
SF038	clean	clean	0.3112	2	A_species_abundance
SF039	unclean	unclean	0.7064	2	A_species_abundance
SF040	clean	clean	0.3382	2	A_species_abundance
SF041	unclean	clean	0.29	2	A_species_abundance
SF042	clean	clean	0.227	2	A_species_abundance
SF043	clean	clean	0.297	2	A_species_abundance
SF044	clean	clean	0.3026	2	A_species_abundance
SF045	unclean	clean	0.2786	2	A_species_abundance
SF046	clean	clean	0.4682	2	A_species_abundance
SF047	clean	unclean	0.6756	2	A_species_abundance
SF048	unclean	clean	0.2812	2	A_species_abundance
SF049	clean	clean	0.3202	2	A_species_abundance
SF050	clean	clean	0.3104	2	A_species_abundance
SF051	clean	clean	0.2118	2	A_species_abundance
SF052	clean	clean	0.2728	2	A_species_abundance
SF053	clean	clean	0.381	2	A_species_abundance
SF054	unclean	unclean	0.575	2	A_species_abundance
SF055	unclean	clean	0.2154	2	A_species_abundance
SF056	clean	clean	0.4916	2	A_species_abundance
SF057	unclean	clean	0.3076	2	A_species_abundance
SF058	clean	clean	0.4378	2	A_species_abundance
SF059	unclean	clean	0.4274	2	A_species_abundance
SF060	unclean	clean	0.3872	2	A_species_abundance
SF061	clean	clean	0.3898	2	A_species_abundance
SF062	unclean	clean	0.1754	2	A_species_abundance
SF063	clean	clean	0.4416	2	A_species_abundance
SF064	clean	clean	0.2308	2	A_species_abundance
SF065	clean	clean	0.3662	2	A_species_abundance
SF066	clean	clean	0.336	2	A_species_abundance
SF067	clean	unclean	0.527	2	A_species_abundance
SF068	unclean	clean	0.2558	2	A_species_abundance
SF069	clean	clean	0.3754	2	A_species_abundance
SF070	unclean	unclean	0.7408	2	A_species_abundance
SF071	clean	clean	0.4402	2	A_species_abundance
SF072	unclean	clean	0.218	2	A_species_abundance
SF073	clean	clean	0.3026	2	A_species_abundance
SF074	clean	clean	0.2096	2	A_species_abundance
SF075	clean	clean	0.3604	2	A_species_abundance
SF076	clean	clean	0.4362	2	A_species_abundance
SF077	clean	clean	0.387	2	A_species_abundance
SF078	unclean	clean	0.358	2	A_species_abundance
SF079	unclean	unclean	0.5816	2	A_species_abundance
SF080	unclean	clean	0.4794	2	A_species_abundance
SF081	unclean	clean	0.346	2	A_species_abundance
SF082	unclean	clean	0.4282	2	A_species_abundance
SF083	unclean	clean	0.494	2	A_species_abundance
SF084	clean	clean	0.3872	2	A_species_abundance
SF085	clean	clean	0.3596	2	A_species_abundance
SF086	clean	unclean	0.5582	2	A_species_abundance
SF087	unclean	unclean	0.8142	2	A_species_abundance
SF088	clean	clean	0.2546	2	A_species_abundance
SF089	unclean	unclean	0.8222	2	A_species_abundance
SF090	unclean	clean	0.4166	2	A_species_abundance
SF091	unclean	unclean	0.5836	2	A_species_abundance
SF092	unclean	unclean	0.6342	2	A_species_abundance
SF093	unclean	clean	0.453	2	A_species_abundance
SF094	clean	clean	0.425	2	A_species_abundance
SF095	unclean	clean	0.288	2	A_species_abundance
SF096	clean	clean	0.2262	2	A_species_abundance
SF097	unclean	clean	0.4338	2	A_species_abundance
SF001	unclean	unclean	0.7512	3	A_species_abundance
SF002	clean	clean	0.281	3	A_species_abundance
SF003	unclean	unclean	0.5866	3	A_species_abundance
SF004	clean	clean	0.2708	3	A_species_abundance
SF005	clean	clean	0.3388	3	A_species_abundance
SF006	unclean	unclean	0.7546	3	A_species_abundance
SF007	unclean	unclean	0.7546	3	A_species_abundance
SF008	clean	clean	0.3714	3	A_species_abundance
SF009	unclean	clean	0.44	3	A_species_abundance
SF010	unclean	unclean	0.7452	3	A_species_abundance
SF011	clean	clean	0.3374	3	A_species_abundance
SF012	clean	unclean	0.6652	3	A_species_abundance
SF013	unclean	clean	0.2422	3	A_species_abundance
SF014	clean	clean	0.4818	3	A_species_abundance
SF015	clean	clean	0.3136	3	A_species_abundance
SF016	unclean	unclean	0.5306	3	A_species_abundance
SF017	unclean	clean	0.427	3	A_species_abundance
SF018	unclean	unclean	0.837	3	A_species_abundance
SF019	clean	clean	0.3106	3	A_species_abundance
SF020	clean	clean	0.3034	3	A_species_abundance
SF021	unclean	clean	0.2972	3	A_species_abundance
SF022	unclean	clean	0.3236	3	A_species_abundance
SF023	clean	clean	0.2656	3	A_species_abundance
SF024	unclean	clean	0.2808	3	A_species_abundance
SF025	clean	clean	0.2806	3	A_species_abundance
SF026	clean	clean	0.2584	3	A_species_abundance
SF027	clean	unclean	0.6068	3	A_species_abundance
SF028	unclean	unclean	0.6274	3	A_species_abundance
SF029	clean	clean	0.1936	3	A_species_abundance
SF030	clean	unclean	0.6522	3	A_species_abundance
SF031	clean	clean	0.4904	3	A_species_abundance
SF032	clean	clean	0.3462	3	A_species_abundance
SF033	clean	clean	0.4432	3	A_species_abundance
SF034	clean	clean	0.2414	3	A_species_abundance
SF035	clean	clean	0.2768	3	A_species_abundance
SF036	unclean	unclean	0.5708	3	A_species_abundance
SF037	clean	clean	0.4326	3	A_species_abundance
SF038	clean	clean	0.2228	3	A_species_abundance
SF039	unclean	unclean	0.7014	3	A_species_abundance
SF040	clean	clean	0.3314	3	A_species_abundance
SF041	unclean	clean	0.2738	3	A_species_abundance
SF042	clean	clean	0.2456	3	A_species_abundance
SF043	clean	clean	0.3316	3	A_species_abundance
SF044	clean	clean	0.2694	3	A_species_abundance
SF045	unclean	clean	0.2708	3	A_species_abundance
SF046	clean	clean	0.4874	3	A_species_abundance
SF047	clean	unclean	0.5834	3	A_species_abundance
SF048	unclean	clean	0.2504	3	A_species_abundance
SF049	clean	clean	0.305	3	A_species_abundance
SF050	clean	clean	0.3222	3	A_species_abundance
SF051	clean	clean	0.2648	3	A_species_abundance
SF052	clean	clean	0.298	3	A_species_abundance
SF053	clean	clean	0.3938	3	A_species_abundance
SF054	unclean	unclean	0.6196	3	A_species_abundance
SF055	unclean	clean	0.1852	3	A_species_abundance
SF056	clean	clean	0.4964	3	A_species_abundance
SF057	unclean	clean	0.3298	3	A_species_abundance
SF058	clean	clean	0.45	3	A_species_abundance
SF059	unclean	clean	0.4532	3	A_species_abundance
SF060	unclean	clean	0.3652	3	A_species_abundance
SF061	clean	clean	0.3522	3	A_species_abundance
SF062	unclean	clean	0.2014	3	A_species_abundance
SF063	clean	clean	0.3688	3	A_species_abundance
SF064	clean	clean	0.2442	3	A_species_abundance
SF065	clean	clean	0.3094	3	A_species_abundance
SF066	clean	clean	0.3998	3	A_species_abundance
SF067	clean	unclean	0.5244	3	A_species_abundance
SF068	unclean	clean	0.237	3	A_species_abundance
SF069	clean	clean	0.3966	3	A_species_abundance
SF070	unclean	unclean	0.7662	3	A_species_abundance
SF071	clean	clean	0.3942	3	A_species_abundance
SF072	unclean	clean	0.266	3	A_species_abundance
SF073	clean	clean	0.2816	3	A_species_abundance
SF074	clean	clean	0.1906	3	A_species_abundance
SF075	clean	clean	0.3338	3	A_species_abundance
SF076	clean	clean	0.4184	3	A_species_abundance
SF077	clean	clean	0.2906	3	A_species_abundance
SF078	unclean	clean	0.4266	3	A_species_abundance
SF079	unclean	unclean	0.5556	3	A_species_abundance
SF080	unclean	unclean	0.5504	3	A_species_abundance
SF081	unclean	clean	0.3472	3	A_species_abundance
SF082	unclean	clean	0.4234	3	A_species_abundance
SF083	unclean	clean	0.4908	3	A_species_abundance
SF084	clean	clean	0.4256	3	A_species_abundance
SF085	clean	clean	0.3588	3	A_species_abundance
SF086	clean	unclean	0.5318	3	A_species_abundance
SF087	unclean	unclean	0.766	3	A_species_abundance
SF088	clean	clean	0.3304	3	A_species_abundance
SF089	unclean	unclean	0.8222	3	A_species_abundance
SF090	unclean	clean	0.3428	3	A_species_abundance
SF091	unclean	unclean	0.6552	3	A_species_abundance
SF092	unclean	unclean	0.6428	3	A_species_abundance
SF093	unclean	clean	0.4968	3	A_species_abundance
SF094	clean	clean	0.3806	3	A_species_abundance
SF095	unclean	clean	0.3028	3	A_species_abundance
SF096	clean	clean	0.167	3	A_species_abundance
SF097	unclean	clean	0.465	3	A_species_abundance
SF001	unclean	unclean	0.7992	4	A_species_abundance
SF002	clean	clean	0.256	4	A_species_abundance
SF003	unclean	unclean	0.5278	4	A_species_abundance
SF004	clean	clean	0.2716	4	A_species_abundance
SF005	clean	clean	0.353	4	A_species_abundance
SF006	unclean	unclean	0.756	4	A_species_abundance
SF007	unclean	unclean	0.7388	4	A_species_abundance
SF008	clean	clean	0.3272	4	A_species_abundance
SF009	unclean	clean	0.431	4	A_species_abundance
SF010	unclean	unclean	0.7678	4	A_species_abundance
SF011	clean	clean	0.3734	4	A_species_abundance
SF012	clean	unclean	0.6948	4	A_species_abundance
SF013	unclean	clean	0.2652	4	A_species_abundance
SF014	clean	clean	0.3742	4	A_species_abundance
SF015	clean	clean	0.3086	4	A_species_abundance
SF016	unclean	clean	0.4936	4	A_species_abundance
SF017	unclean	clean	0.3822	4	A_species_abundance
SF018	unclean	unclean	0.8264	4	A_species_abundance
SF019	clean	clean	0.3286	4	A_species_abundance
SF020	clean	clean	0.312	4	A_species_abundance
SF021	unclean	clean	0.2738	4	A_species_abundance
SF022	unclean	clean	0.3308	4	A_species_abundance
SF023	clean	clean	0.2672	4	A_species_abundance
SF024	unclean	clean	0.302	4	A_species_abundance
SF025	clean	clean	0.2484	4	A_species_abundance
SF026	clean	clean	0.2058	4	A_species_abundance
SF027	clean	unclean	0.5908	4	A_species_abundance
SF028	unclean	unclean	0.6264	4	A_species_abundance
SF029	clean	clean	0.1922	4	A_species_abundance
SF030	clean	unclean	0.6484	4	A_species_abundance
SF031	clean	unclean	0.513	4	A_species_abundance
SF032	clean	clean	0.3488	4	A_species_abundance
SF033	clean	unclean	0.5094	4	A_species_abundance
SF034	clean	clean	0.3728	4	A_species_abundance
SF035	clean	clean	0.3054	4	A_species_abundance
SF036	unclean	unclean	0.6096	4	A_species_abundance
SF037	clean	clean	0.3564	4	A_species_abundance
SF038	clean	clean	0.3734	4	A_species_abundance
SF039	unclean	unclean	0.7116	4	A_species_abundance
SF040	clean	clean	0.3884	4	A_species_abundance
SF041	unclean	clean	0.2704	4	A_species_abundance
SF042	clean	clean	0.2452	4	A_species_abundance
SF043	clean	clean	0.3	4	A_species_abundance
SF044	clean	clean	0.2624	4	A_species_abundance
SF045	unclean	clean	0.2548	4	A_species_abundance
SF046	clean	clean	0.495	4	A_species_abundance
SF047	clean	unclean	0.6472	4	A_species_abundance
SF048	unclean	clean	0.3072	4	A_species_abundance
SF049	clean	clean	0.2866	4	A_species_abundance
SF050	clean	clean	0.3042	4	A_species_abundance
SF051	clean	clean	0.3818	4	A_species_abundance
SF052	clean	clean	0.3726	4	A_species_abundance
SF053	clean	clean	0.4314	4	A_species_abundance
SF054	unclean	unclean	0.582	4	A_species_abundance
SF055	unclean	clean	0.2242	4	A_species_abundance
SF056	clean	unclean	0.5496	4	A_species_abundance
SF057	unclean	clean	0.3122	4	A_species_abundance
SF058	clean	clean	0.4034	4	A_species_abundance
SF059	unclean	clean	0.4788	4	A_species_abundance
SF060	unclean	clean	0.3984	4	A_species_abundance
SF061	clean	clean	0.3676	4	A_species_abundance
SF062	unclean	clean	0.1834	4	A_species_abundance
SF063	clean	clean	0.4444	4	A_species_abundance
SF064	clean	clean	0.2	4	A_species_abundance
SF065	clean	clean	0.2584	4	A_species_abundance
SF066	clean	clean	0.3988	4	A_species_abundance
SF067	clean	unclean	0.5358	4	A_species_abundance
SF068	unclean	clean	0.249	4	A_species_abundance
SF069	clean	clean	0.3504	4	A_species_abundance
SF070	unclean	unclean	0.7452	4	A_species_abundance
SF071	clean	clean	0.3864	4	A_species_abundance
SF072	unclean	clean	0.1992	4	A_species_abundance
SF073	clean	clean	0.2682	4	A_species_abundance
SF074	clean	clean	0.193	4	A_species_abundance
SF075	clean	clean	0.382	4	A_species_abundance
SF076	clean	clean	0.444	4	A_species_abundance
SF077	clean	clean	0.3294	4	A_species_abundance
SF078	unclean	clean	0.4354	4	A_species_abundance
SF079	unclean	unclean	0.586	4	A_species_abundance
SF080	unclean	unclean	0.518	4	A_species_abundance
SF081	unclean	clean	0.3594	4	A_species_abundance
SF082	unclean	clean	0.4386	4	A_species_abundance
SF083	unclean	clean	0.4638	4	A_species_abundance
SF084	clean	clean	0.4924	4	A_species_abundance
SF085	clean	clean	0.2662	4	A_species_abundance
SF086	clean	unclean	0.576	4	A_species_abundance
SF087	unclean	unclean	0.759	4	A_species_abundance
SF088	clean	clean	0.3288	4	A_species_abundance
SF089	unclean	unclean	0.761	4	A_species_abundance
SF090	unclean	clean	0.3812	4	A_species_abundance
SF091	unclean	unclean	0.6056	4	A_species_abundance
SF092	unclean	unclean	0.6796	4	A_species_abundance
SF093	unclean	clean	0.4604	4	A_species_abundance
SF094	clean	clean	0.4486	4	A_species_abundance
SF095	unclean	clean	0.2238	4	A_species_abundance
SF096	clean	clean	0.1772	4	A_species_abundance
SF097	unclean	clean	0.4582	4	A_species_abundance
SF001	unclean	unclean	0.7938	5	A_species_abundance
SF002	clean	clean	0.254	5	A_species_abundance
SF003	unclean	unclean	0.5202	5	A_species_abundance
SF004	clean	clean	0.215	5	A_species_abundance
SF005	clean	clean	0.2934	5	A_species_abundance
SF006	unclean	unclean	0.7114	5	A_species_abundance
SF007	unclean	unclean	0.7826	5	A_species_abundance
SF008	clean	clean	0.3272	5	A_species_abundance
SF009	unclean	clean	0.4402	5	A_species_abundance
SF010	unclean	unclean	0.801	5	A_species_abundance
SF011	clean	clean	0.3638	5	A_species_abundance
SF012	clean	unclean	0.6918	5	A_species_abundance
SF013	unclean	clean	0.2368	5	A_species_abundance
SF014	clean	clean	0.4164	5	A_species_abundance
SF015	clean	clean	0.2554	5	A_species_abundance
SF016	unclean	unclean	0.527	5	A_species_abundance
SF017	unclean	clean	0.378	5	A_species_abundance
SF018	unclean	unclean	0.8346	5	A_species_abundance
SF019	clean	clean	0.2604	5	A_species_abundance
SF020	clean	clean	0.21	5	A_species_abundance
SF021	unclean	clean	0.2856	5	A_species_abundance
SF022	unclean	clean	0.3658	5	A_species_abundance
SF023	clean	clean	0.2394	5	A_species_abundance
SF024	unclean	clean	0.3256	5	A_species_abundance
SF025	clean	clean	0.2878	5	A_species_abundance
SF026	clean	clean	0.296	5	A_species_abundance
SF027	clean	unclean	0.63	5	A_species_abundance
SF028	unclean	unclean	0.5534	5	A_species_abundance
SF029	clean	clean	0.1972	5	A_species_abundance
SF030	clean	unclean	0.6888	5	A_species_abundance
SF031	clean	clean	0.494	5	A_species_abundance
SF032	clean	clean	0.3626	5	A_species_abundance
SF033	clean	clean	0.465	5	A_species_abundance
SF034	clean	clean	0.2742	5	A_species_abundance
SF035	clean	clean	0.2478	5	A_species_abundance
SF036	unclean	unclean	0.508	5	A_species_abundance
SF037	clean	clean	0.3788	5	A_species_abundance
SF038	clean	clean	0.2976	5	A_species_abundance
SF039	unclean	unclean	0.7812	5	A_species_abundance
SF040	clean	clean	0.3486	5	A_species_abundance
SF041	unclean	clean	0.2668	5	A_species_abundance
SF042	clean	clean	0.2826	5	A_species_abundance
SF043	clean	clean	0.3298	5	A_species_abundance
SF044	clean	clean	0.2618	5	A_species_abundance
SF045	unclean	clean	0.2398	5	A_species_abundance
SF046	clean	unclean	0.5178	5	A_species_abundance
SF047	clean	unclean	0.6402	5	A_species_abundance
SF048	unclean	clean	0.2384	5	A_species_abundance
SF049	clean	clean	0.2176	5	A_species_abundance
SF050	clean	clean	0.3316	5	A_species_abundance
SF051	clean	clean	0.3272	5	A_species_abundance
SF052	clean	clean	0.3252	5	A_species_abundance
SF053	clean	clean	0.3944	5	A_species_abundance
SF054	unclean	unclean	0.569	5	A_species_abundance
SF055	unclean	clean	0.2044	5	A_species_abundance
SF056	clean	clean	0.4764	5	A_species_abundance
SF057	unclean	clean	0.3244	5	A_species_abundance
SF058	clean	clean	0.4572	5	A_species_abundance
SF059	unclean	clean	0.466	5	A_species_abundance
SF060	unclean	clean	0.4018	5	A_species_abundance
SF061	clean	clean	0.3354	5	A_species_abundance
SF062	unclean	clean	0.1774	5	A_species_abundance
SF063	clean	clean	0.4324	5	A_species_abundance
SF064	clean	clean	0.253	5	A_species_abundance
SF065	clean	clean	0.3858	5	A_species_abundance
SF066	clean	clean	0.3702	5	A_species_abundance
SF067	clean	unclean	0.518	5	A_species_abundance
SF068	unclean	clean	0.2484	5	A_species_abundance
SF069	clean	clean	0.33	5	A_species_abundance
SF070	unclean	unclean	0.7894	5	A_species_abundance
SF071	clean	clean	0.3912	5	A_species_abundance
SF072	unclean	clean	0.21	5	A_species_abundance
SF073	clean	clean	0.2634	5	A_species_abundance
SF074	clean	clean	0.162	5	A_species_abundance
SF075	clean	clean	0.3514	5	A_species_abundance
SF076	clean	clean	0.4276	5	A_species_abundance
SF077	clean	clean	0.2896	5	A_species_abundance
SF078	unclean	clean	0.4106	5	A_species_abundance
SF079	unclean	unclean	0.5328	5	A_species_abundance
SF080	unclean	unclean	0.5428	5	A_species_abundance
SF081	unclean	clean	0.3766	5	A_species_abundance
SF082	unclean	clean	0.4508	5	A_species_abundance
SF083	unclean	clean	0.435	5	A_species_abundance
SF084	clean	clean	0.4802	5	A_species_abundance
SF085	clean	clean	0.3298	5	A_species_abundance
SF086	clean	unclean	0.5136	5	A_species_abundance
SF087	unclean	unclean	0.7936	5	A_species_abundance
SF088	clean	clean	0.265	5	A_species_abundance
SF089	unclean	unclean	0.8236	5	A_species_abundance
SF090	unclean	clean	0.4014	5	A_species_abundance
SF091	unclean	unclean	0.5526	5	A_species_abundance
SF092	unclean	unclean	0.6554	5	A_species_abundance
SF093	unclean	clean	0.4408	5	A_species_abundance
SF094	clean	clean	0.3378	5	A_species_abundance
SF095	unclean	clean	0.2818	5	A_species_abundance
SF096	clean	clean	0.1948	5	A_species_abundance
SF097	unclean	unclean	0.534	5	A_species_abundance
SF001	unclean	unclean	0.7742	6	A_species_abundance
SF002	clean	clean	0.242	6	A_species_abundance
SF003	unclean	unclean	0.5566	6	A_species_abundance
SF004	clean	clean	0.2538	6	A_species_abundance
SF005	clean	clean	0.2852	6	A_species_abundance
SF006	unclean	unclean	0.7458	6	A_species_abundance
SF007	unclean	unclean	0.7308	6	A_species_abundance
SF008	clean	clean	0.363	6	A_species_abundance
SF009	unclean	clean	0.4204	6	A_species_abundance
SF010	unclean	unclean	0.7936	6	A_species_abundance
SF011	clean	clean	0.403	6	A_species_abundance
SF012	clean	unclean	0.6812	6	A_species_abundance
SF013	unclean	clean	0.2176	6	A_species_abundance
SF014	clean	clean	0.4324	6	A_species_abundance
SF015	clean	clean	0.333	6	A_species_abundance
SF016	unclean	unclean	0.51	6	A_species_abundance
SF017	unclean	clean	0.4116	6	A_species_abundance
SF018	unclean	unclean	0.798	6	A_species_abundance
SF019	clean	clean	0.3106	6	A_species_abundance
SF020	clean	clean	0.2826	6	A_species_abundance
SF021	unclean	clean	0.1936	6	A_species_abundance
SF022	unclean	clean	0.266	6	A_species_abundance
SF023	clean	clean	0.2146	6	A_species_abundance
SF024	unclean	clean	0.3054	6	A_species_abundance
SF025	clean	clean	0.21	6	A_species_abundance
SF026	clean	clean	0.2826	6	A_species_abundance
SF027	clean	unclean	0.6092	6	A_species_abundance
SF028	unclean	unclean	0.5558	6	A_species_abundance
SF029	clean	clean	0.2006	6	A_species_abundance
SF030	clean	unclean	0.6656	6	A_species_abundance
SF031	clean	clean	0.4832	6	A_species_abundance
SF032	clean	clean	0.363	6	A_species_abundance
SF033	clean	clean	0.457	6	A_species_abundance
SF034	clean	clean	0.2712	6	A_species_abundance
SF035	clean	clean	0.254	6	A_species_abundance
SF036	unclean	unclean	0.5362	6	A_species_abundance
SF037	clean	clean	0.3552	6	A_species_abundance
SF038	clean	clean	0.3094	6	A_species_abundance
SF039	unclean	unclean	0.7424	6	A_species_abundance
SF040	clean	clean	0.3844	6	A_species_abundance
SF041	unclean	clean	0.2794	6	A_species_abundance
SF042	clean	clean	0.2062	6	A_species_abundance
SF043	clean	clean	0.3034	6	A_species_abundance
SF044	clean	clean	0.2864	6	A_species_abundance
SF045	unclean	clean	0.2034	6	A_species_abundance
SF046	clean	clean	0.4458	6	A_species_abundance
SF047	clean	unclean	0.6936	6	A_species_abundance
SF048	unclean	clean	0.2418	6	A_species_abundance
SF049	clean	clean	0.254	6	A_species_abundance
SF050	clean	clean	0.279	6	A_species_abundance
SF051	clean	clean	0.3178	6	A_species_abundance
SF052	clean	clean	0.2432	6	A_species_abundance
SF053	clean	clean	0.366	6	A_species_abundance
SF054	unclean	unclean	0.5942	6	A_species_abundance
SF055	unclean	clean	0.2424	6	A_species_abundance
SF056	clean	clean	0.4776	6	A_species_abundance
SF057	unclean	clean	0.2646	6	A_species_abundance
SF058	clean	clean	0.3714	6	A_species_abundance
SF059	unclean	clean	0.4764	6	A_species_abundance
SF060	unclean	clean	0.4128	6	A_species_abundance
SF061	clean	clean	0.3852	6	A_species_abundance
SF062	unclean	clean	0.2166	6	A_species_abundance
SF063	clean	clean	0.3982	6	A_species_abundance
SF064	clean	clean	0.1978	6	A_species_abundance
SF065	clean	clean	0.386	6	A_species_abundance
SF066	clean	clean	0.378	6	A_species_abundance
SF067	clean	clean	0.4886	6	A_species_abundance
SF068	unclean	clean	0.2618	6	A_species_abundance
SF069	clean	clean	0.4012	6	A_species_abundance
SF070	unclean	unclean	0.745	6	A_species_abundance
SF071	clean	clean	0.458	6	A_species_abundance
SF072	unclean	clean	0.2528	6	A_species_abundance
SF073	clean	clean	0.27	6	A_species_abundance
SF074	clean	clean	0.1666	6	A_species_abundance
SF075	clean	clean	0.3726	6	A_species_abundance
SF076	clean	clean	0.431	6	A_species_abundance
SF077	clean	clean	0.3686	6	A_species_abundance
SF078	unclean	clean	0.4316	6	A_species_abundance
SF079	unclean	unclean	0.5096	6	A_species_abundance
SF080	unclean	clean	0.4696	6	A_species_abundance
SF081	unclean	clean	0.3372	6	A_species_abundance
SF082	unclean	clean	0.406	6	A_species_abundance
SF083	unclean	unclean	0.5088	6	A_species_abundance
SF084	clean	clean	0.4278	6	A_species_abundance
SF085	clean	clean	0.347	6	A_species_abundance
SF086	clean	unclean	0.5224	6	A_species_abundance
SF087	unclean	unclean	0.8358	6	A_species_abundance
SF088	clean	clean	0.297	6	A_species_abundance
SF089	unclean	unclean	0.799	6	A_species_abundance
SF090	unclean	clean	0.3708	6	A_species_abundance
SF091	unclean	unclean	0.6208	6	A_species_abundance
SF092	unclean	unclean	0.654	6	A_species_abundance
SF093	unclean	clean	0.4526	6	A_species_abundance
SF094	clean	clean	0.4264	6	A_species_abundance
SF095	unclean	clean	0.313	6	A_species_abundance
SF096	clean	clean	0.1502	6	A_species_abundance
SF097	unclean	clean	0.4388	6	A_species_abundance
SF001	unclean	unclean	0.7568	7	A_species_abundance
SF002	clean	clean	0.2336	7	A_species_abundance
SF003	unclean	unclean	0.596	7	A_species_abundance
SF004	clean	clean	0.2754	7	A_species_abundance
SF005	clean	clean	0.3808	7	A_species_abundance
SF006	unclean	unclean	0.7532	7	A_species_abundance
SF007	unclean	unclean	0.7308	7	A_species_abundance
SF008	clean	clean	0.3526	7	A_species_abundance
SF009	unclean	clean	0.4152	7	A_species_abundance
SF010	unclean	unclean	0.7882	7	A_species_abundance
SF011	clean	clean	0.3642	7	A_species_abundance
SF012	clean	unclean	0.5508	7	A_species_abundance
SF013	unclean	clean	0.2258	7	A_species_abundance
SF014	clean	clean	0.4374	7	A_species_abundance
SF015	clean	clean	0.3238	7	A_species_abundance
SF016	unclean	unclean	0.523	7	A_species_abundance
SF017	unclean	clean	0.4408	7	A_species_abundance
SF018	unclean	unclean	0.8196	7	A_species_abundance
SF019	clean	clean	0.3154	7	A_species_abundance
SF020	clean	clean	0.2772	7	A_species_abundance
SF021	unclean	clean	0.3356	7	A_species_abundance
SF022	unclean	clean	0.3118	7	A_species_abundance
SF023	clean	clean	0.2584	7	A_species_abundance
SF024	unclean	clean	0.3316	7	A_species_abundance
SF025	clean	clean	0.2224	7	A_species_abundance
SF026	clean	clean	0.2496	7	A_species_abundance
SF027	clean	unclean	0.6014	7	A_species_abundance
SF028	unclean	unclean	0.6516	7	A_species_abundance
SF029	clean	clean	0.2184	7	A_species_abundance
SF030	clean	unclean	0.7724	7	A_species_abundance
SF031	clean	unclean	0.5346	7	A_species_abundance
SF032	clean	clean	0.2952	7	A_species_abundance
SF033	clean	clean	0.4308	7	A_species_abundance
SF034	clean	clean	0.3034	7	A_species_abundance
SF035	clean	clean	0.2336	7	A_species_abundance
SF036	unclean	unclean	0.5612	7	A_species_abundance
SF037	clean	clean	0.4152	7	A_species_abundance
SF038	clean	clean	0.2902	7	A_species_abundance
SF039	unclean	unclean	0.7462	7	A_species_abundance
SF040	clean	clean	0.307	7	A_species_abundance
SF041	unclean	clean	0.339	7	A_species_abundance
SF042	clean	clean	0.2058	7	A_species_abundance
SF043	clean	clean	0.2822	7	A_species_abundance
SF044	clean	clean	0.2376	7	A_species_abundance
SF045	unclean	clean	0.2872	7	A_species_abundance
SF046	clean	unclean	0.5228	7	A_species_abundance
SF047	clean	unclean	0.7168	7	A_species_abundance
SF048	unclean	clean	0.2714	7	A_species_abundance
SF049	clean	clean	0.3108	7	A_species_abundance
SF050	clean	clean	0.3062	7	A_species_abundance
SF051	clean	clean	0.2988	7	A_species_abundance
SF052	clean	clean	0.2738	7	A_species_abundance
SF053	clean	clean	0.4138	7	A_species_abundance
SF054	unclean	unclean	0.5718	7	A_species_abundance
SF055	unclean	clean	0.2572	7	A_species_abundance
SF056	clean	unclean	0.5384	7	A_species_abundance
SF057	unclean	clean	0.2816	7	A_species_abundance
SF058	clean	clean	0.3974	7	A_species_abundance
SF059	unclean	clean	0.4782	7	A_species_abundance
SF060	unclean	clean	0.4492	7	A_species_abundance
SF061	clean	clean	0.3308	7	A_species_abundance
SF062	unclean	clean	0.2424	7	A_species_abundance
SF063	clean	clean	0.4768	7	A_species_abundance
SF064	clean	clean	0.1762	7	A_species_abundance
SF065	clean	clean	0.3806	7	A_species_abundance
SF066	clean	clean	0.3862	7	A_species_abundance
SF067	clean	clean	0.496	7	A_species_abundance
SF068	unclean	clean	0.2526	7	A_species_abundance
SF069	clean	clean	0.3922	7	A_species_abundance
SF070	unclean	unclean	0.7384	7	A_species_abundance
SF071	clean	clean	0.3678	7	A_species_abundance
SF072	unclean	clean	0.2676	7	A_species_abundance
SF073	clean	clean	0.2952	7	A_species_abundance
SF074	clean	clean	0.21	7	A_species_abundance
SF075	clean	clean	0.3562	7	A_species_abundance
SF076	clean	clean	0.401	7	A_species_abundance
SF077	clean	clean	0.3468	7	A_species_abundance
SF078	unclean	clean	0.4594	7	A_species_abundance
SF079	unclean	unclean	0.5846	7	A_species_abundance
SF080	unclean	unclean	0.5236	7	A_species_abundance
SF081	unclean	clean	0.3362	7	A_species_abundance
SF082	unclean	clean	0.4282	7	A_species_abundance
SF083	unclean	clean	0.4704	7	A_species_abundance
SF084	clean	clean	0.4496	7	A_species_abundance
SF085	clean	clean	0.2604	7	A_species_abundance
SF086	clean	unclean	0.5348	7	A_species_abundance
SF087	unclean	unclean	0.8096	7	A_species_abundance
SF088	clean	clean	0.2356	7	A_species_abundance
SF089	unclean	unclean	0.8122	7	A_species_abundance
SF090	unclean	clean	0.4174	7	A_species_abundance
SF091	unclean	unclean	0.6006	7	A_species_abundance
SF092	unclean	unclean	0.6698	7	A_species_abundance
SF093	unclean	clean	0.4972	7	A_species_abundance
SF094	clean	clean	0.4014	7	A_species_abundance
SF095	unclean	clean	0.2878	7	A_species_abundance
SF096	clean	clean	0.2296	7	A_species_abundance
SF097	unclean	clean	0.4842	7	A_species_abundance
SF001	unclean	unclean	0.7492	8	A_species_abundance
SF002	clean	clean	0.2246	8	A_species_abundance
SF003	unclean	unclean	0.5394	8	A_species_abundance
SF004	clean	clean	0.238	8	A_species_abundance
SF005	clean	clean	0.3122	8	A_species_abundance
SF006	unclean	unclean	0.7638	8	A_species_abundance
SF007	unclean	unclean	0.7476	8	A_species_abundance
SF008	clean	clean	0.3392	8	A_species_abundance
SF009	unclean	clean	0.4726	8	A_species_abundance
SF010	unclean	unclean	0.809	8	A_species_abundance
SF011	clean	clean	0.3876	8	A_species_abundance
SF012	clean	unclean	0.7182	8	A_species_abundance
SF013	unclean	clean	0.2452	8	A_species_abundance
SF014	clean	clean	0.435	8	A_species_abundance
SF015	clean	clean	0.2972	8	A_species_abundance
SF016	unclean	clean	0.4802	8	A_species_abundance
SF017	unclean	clean	0.4432	8	A_species_abundance
SF018	unclean	unclean	0.816	8	A_species_abundance
SF019	clean	clean	0.3678	8	A_species_abundance
SF020	clean	clean	0.2802	8	A_species_abundance
SF021	unclean	clean	0.1852	8	A_species_abundance
SF022	unclean	clean	0.2722	8	A_species_abundance
SF023	clean	clean	0.2892	8	A_species_abundance
SF024	unclean	clean	0.3038	8	A_species_abundance
SF025	clean	clean	0.2506	8	A_species_abundance
SF026	clean	clean	0.2414	8	A_species_abundance
SF027	clean	unclean	0.6898	8	A_species_abundance
SF028	unclean	unclean	0.6334	8	A_species_abundance
SF029	clean	clean	0.2052	8	A_species_abundance
SF030	clean	unclean	0.6472	8	A_species_abundance
SF031	clean	unclean	0.505	8	A_species_abundance
SF032	clean	clean	0.3878	8	A_species_abundance
SF033	clean	clean	0.4594	8	A_species_abundance
SF034	clean	clean	0.272	8	A_species_abundance
SF035	clean	clean	0.2758	8	A_species_abundance
SF036	unclean	unclean	0.5168	8	A_species_abundance
SF037	clean	clean	0.3884	8	A_species_abundance
SF038	clean	clean	0.3324	8	A_species_abundance
SF039	unclean	unclean	0.7406	8	A_species_abundance
SF040	clean	clean	0.364	8	A_species_abundance
SF041	unclean	clean	0.3016	8	A_species_abundance
SF042	clean	clean	0.2036	8	A_species_abundance
SF043	clean	clean	0.3076	8	A_species_abundance
SF044	clean	clean	0.2656	8	A_species_abundance
SF045	unclean	clean	0.2288	8	A_species_abundance
SF046	clean	unclean	0.5114	8	A_species_abundance
SF047	clean	unclean	0.639	8	A_species_abundance
SF048	unclean	clean	0.2686	8	A_species_abundance
SF049	clean	clean	0.3404	8	A_species_abundance
SF050	clean	clean	0.3298	8	A_species_abundance
SF051	clean	clean	0.2714	8	A_species_abundance
SF052	clean	clean	0.3256	8	A_species_abundance
SF053	clean	clean	0.4102	8	A_species_abundance
SF054	unclean	unclean	0.6206	8	A_species_abundance
SF055	unclean	clean	0.2322	8	A_species_abundance
SF056	clean	clean	0.5	8	A_species_abundance
SF057	unclean	clean	0.3106	8	A_species_abundance
SF058	clean	clean	0.3652	8	A_species_abundance
SF059	unclean	clean	0.4442	8	A_species_abundance
SF060	unclean	clean	0.4322	8	A_species_abundance
SF061	clean	clean	0.3416	8	A_species_abundance
SF062	unclean	clean	0.1858	8	A_species_abundance
SF063	clean	clean	0.414	8	A_species_abundance
SF064	clean	clean	0.2208	8	A_species_abundance
SF065	clean	clean	0.3992	8	A_species_abundance
SF066	clean	clean	0.3852	8	A_species_abundance
SF067	clean	clean	0.495	8	A_species_abundance
SF068	unclean	clean	0.2824	8	A_species_abundance
SF069	clean	clean	0.3758	8	A_species_abundance
SF070	unclean	unclean	0.7842	8	A_species_abundance
SF071	clean	clean	0.432	8	A_species_abundance
SF072	unclean	clean	0.2498	8	A_species_abundance
SF073	clean	clean	0.296	8	A_species_abundance
SF074	clean	clean	0.1922	8	A_species_abundance
SF075	clean	clean	0.319	8	A_species_abundance
SF076	clean	clean	0.4342	8	A_species_abundance
SF077	clean	clean	0.361	8	A_species_abundance
SF078	unclean	clean	0.4574	8	A_species_abundance
SF079	unclean	unclean	0.5498	8	A_species_abundance
SF080	unclean	unclean	0.509	8	A_species_abundance
SF081	unclean	clean	0.3352	8	A_species_abundance
SF082	unclean	clean	0.4716	8	A_species_abundance
SF083	unclean	clean	0.4396	8	A_species_abundance
SF084	clean	clean	0.4598	8	A_species_abundance
SF085	clean	clean	0.3504	8	A_species_abundance
SF086	clean	unclean	0.5052	8	A_species_abundance
SF087	unclean	unclean	0.7768	8	A_species_abundance
SF088	clean	clean	0.2856	8	A_species_abundance
SF089	unclean	unclean	0.8224	8	A_species_abundance
SF090	unclean	clean	0.3824	8	A_species_abundance
SF091	unclean	unclean	0.593	8	A_species_abundance
SF092	unclean	unclean	0.6616	8	A_species_abundance
SF093	unclean	clean	0.4306	8	A_species_abundance
SF094	clean	clean	0.3582	8	A_species_abundance
SF095	unclean	clean	0.3056	8	A_species_abundance
SF096	clean	clean	0.2204	8	A_species_abundance
SF097	unclean	clean	0.4326	8	A_species_abundance
SF001	unclean	unclean	0.7804	9	A_species_abundance
SF002	clean	clean	0.2794	9	A_species_abundance
SF003	unclean	unclean	0.5158	9	A_species_abundance
SF004	clean	clean	0.2712	9	A_species_abundance
SF005	clean	clean	0.3386	9	A_species_abundance
SF006	unclean	unclean	0.7324	9	A_species_abundance
SF007	unclean	unclean	0.7504	9	A_species_abundance
SF008	clean	clean	0.4258	9	A_species_abundance
SF009	unclean	unclean	0.5034	9	A_species_abundance
SF010	unclean	unclean	0.823	9	A_species_abundance
SF011	clean	clean	0.3248	9	A_species_abundance
SF012	clean	unclean	0.6654	9	A_species_abundance
SF013	unclean	clean	0.2496	9	A_species_abundance
SF014	clean	clean	0.4544	9	A_species_abundance
SF015	clean	clean	0.317	9	A_species_abundance
SF016	unclean	unclean	0.51	9	A_species_abundance
SF017	unclean	clean	0.4064	9	A_species_abundance
SF018	unclean	unclean	0.7746	9	A_species_abundance
SF019	clean	clean	0.2562	9	A_species_abundance
SF020	clean	clean	0.2692	9	A_species_abundance
SF021	unclean	clean	0.272	9	A_species_abundance
SF022	unclean	clean	0.4022	9	A_species_abundance
SF023	clean	clean	0.2708	9	A_species_abundance
SF024	unclean	clean	0.243	9	A_species_abundance
SF025	clean	clean	0.27	9	A_species_abundance
SF026	clean	clean	0.2778	9	A_species_abundance
SF027	clean	unclean	0.6218	9	A_species_abundance
SF028	unclean	unclean	0.6314	9	A_species_abundance
SF029	clean	clean	0.232	9	A_species_abundance
SF030	clean	unclean	0.7524	9	A_species_abundance
SF031	clean	unclean	0.5066	9	A_species_abundance
SF032	clean	clean	0.3352	9	A_species_abundance
SF033	clean	clean	0.4624	9	A_species_abundance
SF034	clean	clean	0.3052	9	A_species_abundance
SF035	clean	clean	0.2532	9	A_species_abundance
SF036	unclean	unclean	0.5664	9	A_species_abundance
SF037	clean	clean	0.397	9	A_species_abundance
SF038	clean	clean	0.2976	9	A_species_abundance
SF039	unclean	unclean	0.6852	9	A_species_abundance
SF040	clean	clean	0.3956	9	A_species_abundance
SF041	unclean	clean	0.232	9	A_species_abundance
SF042	clean	clean	0.2634	9	A_species_abundance
SF043	clean	clean	0.2876	9	A_species_abundance
SF044	clean	clean	0.317	9	A_species_abundance
SF045	unclean	clean	0.2932	9	A_species_abundance
SF046	clean	clean	0.4176	9	A_species_abundance
SF047	clean	unclean	0.6352	9	A_species_abundance
SF048	unclean	clean	0.2872	9	A_species_abundance
SF049	clean	clean	0.3352	9	A_species_abundance
SF050	clean	clean	0.2802	9	A_species_abundance
SF051	clean	clean	0.3004	9	A_species_abundance
SF052	clean	clean	0.234	9	A_species_abundance
SF053	clean	clean	0.3418	9	A_species_abundance
SF054	unclean	unclean	0.6264	9	A_species_abundance
SF055	unclean	clean	0.2502	9	A_species_abundance
SF056	clean	unclean	0.5348	9	A_species_abundance
SF057	unclean	clean	0.287	9	A_species_abundance
SF058	clean	clean	0.444	9	A_species_abundance
SF059	unclean	clean	0.4736	9	A_species_abundance
SF060	unclean	clean	0.419	9	A_species_abundance
SF061	clean	clean	0.305	9	A_species_abundance
SF062	unclean	clean	0.2186	9	A_species_abundance
SF063	clean	clean	0.4228	9	A_species_abundance
SF064	clean	clean	0.1986	9	A_species_abundance
SF065	clean	clean	0.371	9	A_species_abundance
SF066	clean	clean	0.3102	9	A_species_abundance
SF067	clean	unclean	0.5268	9	A_species_abundance
SF068	unclean	clean	0.2784	9	A_species_abundance
SF069	clean	clean	0.3778	9	A_species_abundance
SF070	unclean	unclean	0.761	9	A_species_abundance
SF071	clean	clean	0.3782	9	A_species_abundance
SF072	unclean	clean	0.2184	9	A_species_abundance
SF073	clean	clean	0.2626	9	A_species_abundance
SF074	clean	clean	0.2192	9	A_species_abundance
SF075	clean	clean	0.3682	9	A_species_abundance
SF076	clean	clean	0.4472	9	A_species_abundance
SF077	clean	clean	0.3478	9	A_species_abundance
SF078	unclean	clean	0.4272	9	A_species_abundance
SF079	unclean	unclean	0.5428	9	A_species_abundance
SF080	unclean	clean	0.445	9	A_species_abundance
SF081	unclean	clean	0.3708	9	A_species_abundance
SF082	unclean	clean	0.3998	9	A_species_abundance
SF083	unclean	clean	0.431	9	A_species_abundance
SF084	clean	clean	0.3762	9	A_species_abundance
SF085	clean	clean	0.3268	9	A_species_abundance
SF086	clean	unclean	0.5196	9	A_species_abundance
SF087	unclean	unclean	0.8078	9	A_species_abundance
SF088	clean	clean	0.3302	9	A_species_abundance
SF089	unclean	unclean	0.802	9	A_species_abundance
SF090	unclean	clean	0.3564	9	A_species_abundance
SF091	unclean	unclean	0.643	9	A_species_abundance
SF092	unclean	unclean	0.5918	9	A_species_abundance
SF093	unclean	clean	0.387	9	A_species_abundance
SF094	clean	clean	0.4284	9	A_species_abundance
SF095	unclean	clean	0.2486	9	A_species_abundance
SF096	clean	clean	0.2666	9	A_species_abundance
SF097	unclean	clean	0.426	9	A_species_abundance
SF001	unclean	unclean	0.8262	10	A_species_abundance
SF002	clean	clean	0.1922	10	A_species_abundance
SF003	unclean	unclean	0.5196	10	A_species_abundance
SF004	clean	clean	0.2414	10	A_species_abundance
SF005	clean	clean	0.328	10	A_species_abundance
SF006	unclean	unclean	0.717	10	A_species_abundance
SF007	unclean	unclean	0.7542	10	A_species_abundance
SF008	clean	clean	0.353	10	A_species_abundance
SF009	unclean	unclean	0.5018	10	A_species_abundance
SF010	unclean	unclean	0.7546	10	A_species_abundance
SF011	clean	clean	0.3748	10	A_species_abundance
SF012	clean	unclean	0.6868	10	A_species_abundance
SF013	unclean	clean	0.2106	10	A_species_abundance
SF014	clean	clean	0.4714	10	A_species_abundance
SF015	clean	clean	0.3416	10	A_species_abundance
SF016	unclean	clean	0.4606	10	A_species_abundance
SF017	unclean	clean	0.377	10	A_species_abundance
SF018	unclean	unclean	0.83	10	A_species_abundance
SF019	clean	clean	0.3086	10	A_species_abundance
SF020	clean	clean	0.2722	10	A_species_abundance
SF021	unclean	clean	0.3152	10	A_species_abundance
SF022	unclean	clean	0.3508	10	A_species_abundance
SF023	clean	clean	0.2736	10	A_species_abundance
SF024	unclean	clean	0.3196	10	A_species_abundance
SF025	clean	clean	0.1924	10	A_species_abundance
SF026	clean	clean	0.265	10	A_species_abundance
SF027	clean	unclean	0.6112	10	A_species_abundance
SF028	unclean	unclean	0.5822	10	A_species_abundance
SF029	clean	clean	0.2066	10	A_species_abundance
SF030	clean	unclean	0.6784	10	A_species_abundance
SF031	clean	unclean	0.5266	10	A_species_abundance
SF032	clean	clean	0.3502	10	A_species_abundance
SF033	clean	clean	0.4532	10	A_species_abundance
SF034	clean	clean	0.2892	10	A_species_abundance
SF035	clean	clean	0.1978	10	A_species_abundance
SF036	unclean	unclean	0.6408	10	A_species_abundance
SF037	clean	clean	0.3714	10	A_species_abundance
SF038	clean	clean	0.3112	10	A_species_abundance
SF039	unclean	unclean	0.7586	10	A_species_abundance
SF040	clean	clean	0.2786	10	A_species_abundance
SF041	unclean	clean	0.2742	10	A_species_abundance
SF042	clean	clean	0.2476	10	A_species_abundance
SF043	clean	clean	0.329	10	A_species_abundance
SF044	clean	clean	0.2836	10	A_species_abundance
SF045	unclean	clean	0.2332	10	A_species_abundance
SF046	clean	clean	0.4872	10	A_species_abundance
SF047	clean	unclean	0.6092	10	A_species_abundance
SF048	unclean	clean	0.3112	10	A_species_abundance
SF049	clean	clean	0.2998	10	A_species_abundance
SF050	clean	clean	0.306	10	A_species_abundance
SF051	clean	clean	0.2948	10	A_species_abundance
SF052	clean	clean	0.332	10	A_species_abundance
SF053	clean	clean	0.377	10	A_species_abundance
SF054	unclean	unclean	0.5612	10	A_species_abundance
SF055	unclean	clean	0.1854	10	A_species_abundance
SF056	clean	clean	0.485	10	A_species_abundance
SF057	unclean	clean	0.3322	10	A_species_abundance
SF058	clean	clean	0.4328	10	A_species_abundance
SF059	unclean	clean	0.4328	10	A_species_abundance
SF060	unclean	clean	0.379	10	A_species_abundance
SF061	clean	clean	0.3418	10	A_species_abundance
SF062	unclean	clean	0.1474	10	A_species_abundance
SF063	clean	clean	0.4504	10	A_species_abundance
SF064	clean	clean	0.2166	10	A_species_abundance
SF065	clean	clean	0.324	10	A_species_abundance
SF066	clean	clean	0.3886	10	A_species_abundance
SF067	clean	unclean	0.5018	10	A_species_abundance
SF068	unclean	clean	0.3002	10	A_species_abundance
SF069	clean	clean	0.3242	10	A_species_abundance
SF070	unclean	unclean	0.7418	10	A_species_abundance
SF071	clean	clean	0.395	10	A_species_abundance
SF072	unclean	clean	0.2348	10	A_species_abundance
SF073	clean	clean	0.2726	10	A_species_abundance
SF074	clean	clean	0.1928	10	A_species_abundance
SF075	clean	clean	0.3592	10	A_species_abundance
SF076	clean	clean	0.416	10	A_species_abundance
SF077	clean	clean	0.3122	10	A_species_abundance
SF078	unclean	clean	0.404	10	A_species_abundance
SF079	unclean	clean	0.49	10	A_species_abundance
SF080	unclean	unclean	0.5208	10	A_species_abundance
SF081	unclean	clean	0.3396	10	A_species_abundance
SF082	unclean	clean	0.403	10	A_species_abundance
SF083	unclean	clean	0.405	10	A_species_abundance
SF084	clean	clean	0.4868	10	A_species_abundance
SF085	clean	clean	0.2952	10	A_species_abundance
SF086	clean	unclean	0.529	10	A_species_abundance
SF087	unclean	unclean	0.8296	10	A_species_abundance
SF088	clean	clean	0.2778	10	A_species_abundance
SF089	unclean	unclean	0.7836	10	A_species_abundance
SF090	unclean	clean	0.3864	10	A_species_abundance
SF091	unclean	unclean	0.5586	10	A_species_abundance
SF092	unclean	unclean	0.61	10	A_species_abundance
SF093	unclean	clean	0.396	10	A_species_abundance
SF094	clean	clean	0.389	10	A_species_abundance
SF095	unclean	clean	0.2724	10	A_species_abundance
SF096	clean	clean	0.2202	10	A_species_abundance
SF097	unclean	clean	0.4906	10	A_species_abundance
SF001	unclean	unclean	0.8014	11	A_species_abundance
SF002	clean	clean	0.2774	11	A_species_abundance
SF003	unclean	unclean	0.612	11	A_species_abundance
SF004	clean	clean	0.2832	11	A_species_abundance
SF005	clean	clean	0.2746	11	A_species_abundance
SF006	unclean	unclean	0.7192	11	A_species_abundance
SF007	unclean	unclean	0.7302	11	A_species_abundance
SF008	clean	clean	0.3644	11	A_species_abundance
SF009	unclean	clean	0.4132	11	A_species_abundance
SF010	unclean	unclean	0.785	11	A_species_abundance
SF011	clean	clean	0.3514	11	A_species_abundance
SF012	clean	unclean	0.666	11	A_species_abundance
SF013	unclean	clean	0.2374	11	A_species_abundance
SF014	clean	clean	0.4964	11	A_species_abundance
SF015	clean	clean	0.2962	11	A_species_abundance
SF016	unclean	clean	0.4808	11	A_species_abundance
SF017	unclean	clean	0.383	11	A_species_abundance
SF018	unclean	unclean	0.7846	11	A_species_abundance
SF019	clean	clean	0.3038	11	A_species_abundance
SF020	clean	clean	0.3632	11	A_species_abundance
SF021	unclean	clean	0.2766	11	A_species_abundance
SF022	unclean	clean	0.2946	11	A_species_abundance
SF023	clean	clean	0.293	11	A_species_abundance
SF024	unclean	clean	0.2914	11	A_species_abundance
SF025	clean	clean	0.247	11	A_species_abundance
SF026	clean	clean	0.263	11	A_species_abundance
SF027	clean	unclean	0.5946	11	A_species_abundance
SF028	unclean	unclean	0.6084	11	A_species_abundance
SF029	clean	clean	0.1796	11	A_species_abundance
SF030	clean	unclean	0.7028	11	A_species_abundance
SF031	clean	clean	0.4658	11	A_species_abundance
SF032	clean	clean	0.3032	11	A_species_abundance
SF033	clean	clean	0.4814	11	A_species_abundance
SF034	clean	clean	0.2964	11	A_species_abundance
SF035	clean	clean	0.2812	11	A_species_abundance
SF036	unclean	unclean	0.55	11	A_species_abundance
SF037	clean	clean	0.3678	11	A_species_abundance
SF038	clean	clean	0.329	11	A_species_abundance
SF039	unclean	unclean	0.7288	11	A_species_abundance
SF040	clean	clean	0.3454	11	A_species_abundance
SF041	unclean	clean	0.2768	11	A_species_abundance
SF042	clean	clean	0.2244	11	A_species_abundance
SF043	clean	clean	0.3036	11	A_species_abundance
SF044	clean	clean	0.3014	11	A_species_abundance
SF045	unclean	clean	0.2608	11	A_species_abundance
SF046	clean	clean	0.46	11	A_species_abundance
SF047	clean	unclean	0.6214	11	A_species_abundance
SF048	unclean	clean	0.2362	11	A_species_abundance
SF049	clean	clean	0.3532	11	A_species_abundance
SF050	clean	clean	0.3236	11	A_species_abundance
SF051	clean	clean	0.2656	11	A_species_abundance
SF052	clean	clean	0.3096	11	A_species_abundance
SF053	clean	clean	0.3954	11	A_species_abundance
SF054	unclean	unclean	0.5752	11	A_species_abundance
SF055	unclean	clean	0.2202	11	A_species_abundance
SF056	clean	clean	0.4852	11	A_species_abundance
SF057	unclean	clean	0.3168	11	A_species_abundance
SF058	clean	clean	0.3688	11	A_species_abundance
SF059	unclean	clean	0.4732	11	A_species_abundance
SF060	unclean	clean	0.3952	11	A_species_abundance
SF061	clean	clean	0.3342	11	A_species_abundance
SF062	unclean	clean	0.1396	11	A_species_abundance
SF063	clean	clean	0.4338	11	A_species_abundance
SF064	clean	clean	0.2182	11	A_species_abundance
SF065	clean	clean	0.4026	11	A_species_abundance
SF066	clean	clean	0.3504	11	A_species_abundance
SF067	clean	clean	0.4968	11	A_species_abundance
SF068	unclean	clean	0.29	11	A_species_abundance
SF069	clean	clean	0.4022	11	A_species_abundance
SF070	unclean	unclean	0.7416	11	A_species_abundance
SF071	clean	clean	0.4318	11	A_species_abundance
SF072	unclean	clean	0.2562	11	A_species_abundance
SF073	clean	clean	0.2434	11	A_species_abundance
SF074	clean	clean	0.2046	11	A_species_abundance
SF075	clean	clean	0.3754	11	A_species_abundance
SF076	clean	clean	0.443	11	A_species_abundance
SF077	clean	clean	0.4058	11	A_species_abundance
SF078	unclean	clean	0.3922	11	A_species_abundance
SF079	unclean	unclean	0.5406	11	A_species_abundance
SF080	unclean	unclean	0.5008	11	A_species_abundance
SF081	unclean	clean	0.3366	11	A_species_abundance
SF082	unclean	clean	0.371	11	A_species_abundance
SF083	unclean	unclean	0.5302	11	A_species_abundance
SF084	clean	clean	0.4854	11	A_species_abundance
SF085	clean	clean	0.3554	11	A_species_abundance
SF086	clean	unclean	0.544	11	A_species_abundance
SF087	unclean	unclean	0.793	11	A_species_abundance
SF088	clean	clean	0.2722	11	A_species_abundance
SF089	unclean	unclean	0.8024	11	A_species_abundance
SF090	unclean	clean	0.4004	11	A_species_abundance
SF091	unclean	unclean	0.5872	11	A_species_abundance
SF092	unclean	unclean	0.6484	11	A_species_abundance
SF093	unclean	clean	0.449	11	A_species_abundance
SF094	clean	clean	0.368	11	A_species_abundance
SF095	unclean	clean	0.279	11	A_species_abundance
SF096	clean	clean	0.171	11	A_species_abundance
SF097	unclean	clean	0.46	11	A_species_abundance
SF001	unclean	unclean	0.7592	12	A_species_abundance
SF002	clean	clean	0.1916	12	A_species_abundance
SF003	unclean	unclean	0.617	12	A_species_abundance
SF004	clean	clean	0.2816	12	A_species_abundance
SF005	clean	clean	0.2972	12	A_species_abundance
SF006	unclean	unclean	0.718	12	A_species_abundance
SF007	unclean	unclean	0.7236	12	A_species_abundance
SF008	clean	clean	0.3608	12	A_species_abundance
SF009	unclean	clean	0.4084	12	A_species_abundance
SF010	unclean	unclean	0.8164	12	A_species_abundance
SF011	clean	clean	0.3554	12	A_species_abundance
SF012	clean	unclean	0.6544	12	A_species_abundance
SF013	unclean	clean	0.2256	12	A_species_abundance
SF014	clean	clean	0.4186	12	A_species_abundance
SF015	clean	clean	0.3034	12	A_species_abundance
SF016	unclean	unclean	0.5178	12	A_species_abundance
SF017	unclean	clean	0.3668	12	A_species_abundance
SF018	unclean	unclean	0.8132	12	A_species_abundance
SF019	clean	clean	0.3078	12	A_species_abundance
SF020	clean	clean	0.3294	12	A_species_abundance
SF021	unclean	clean	0.1902	12	A_species_abundance
SF022	unclean	clean	0.2646	12	A_species_abundance
SF023	clean	clean	0.2778	12	A_species_abundance
SF024	unclean	clean	0.325	12	A_species_abundance
SF025	clean	clean	0.2726	12	A_species_abundance
SF026	clean	clean	0.2344	12	A_species_abundance
SF027	clean	unclean	0.5746	12	A_species_abundance
SF028	unclean	unclean	0.613	12	A_species_abundance
SF029	clean	clean	0.2388	12	A_species_abundance
SF030	clean	unclean	0.6194	12	A_species_abundance
SF031	clean	unclean	0.5162	12	A_species_abundance
SF032	clean	clean	0.3546	12	A_species_abundance
SF033	clean	clean	0.4694	12	A_species_abundance
SF034	clean	clean	0.2634	12	A_species_abundance
SF035	clean	clean	0.283	12	A_species_abundance
SF036	unclean	unclean	0.6272	12	A_species_abundance
SF037	clean	clean	0.4066	12	A_species_abundance
SF038	clean	clean	0.3334	12	A_species_abundance
SF039	unclean	unclean	0.777	12	A_species_abundance
SF040	clean	clean	0.3626	12	A_species_abundance
SF041	unclean	clean	0.3092	12	A_species_abundance
SF042	clean	clean	0.2494	12	A_species_abundance
SF043	clean	clean	0.276	12	A_species_abundance
SF044	clean	clean	0.2824	12	A_species_abundance
SF045	unclean	clean	0.2268	12	A_species_abundance
SF046	clean	unclean	0.5178	12	A_species_abundance
SF047	clean	unclean	0.6484	12	A_species_abundance
SF048	unclean	clean	0.2544	12	A_species_abundance
SF049	clean	clean	0.3522	12	A_species_abundance
SF050	clean	clean	0.344	12	A_species_abundance
SF051	clean	clean	0.2522	12	A_species_abundance
SF052	clean	clean	0.297	12	A_species_abundance
SF053	clean	clean	0.3242	12	A_species_abundance
SF054	unclean	unclean	0.5662	12	A_species_abundance
SF055	unclean	clean	0.2318	12	A_species_abundance
SF056	clean	unclean	0.5446	12	A_species_abundance
SF057	unclean	clean	0.2316	12	A_species_abundance
SF058	clean	clean	0.4154	12	A_species_abundance
SF059	unclean	unclean	0.5012	12	A_species_abundance
SF060	unclean	clean	0.366	12	A_species_abundance
SF061	clean	clean	0.365	12	A_species_abundance
SF062	unclean	clean	0.1654	12	A_species_abundance
SF063	clean	clean	0.404	12	A_species_abundance
SF064	clean	clean	0.2016	12	A_species_abundance
SF065	clean	clean	0.3806	12	A_species_abundance
SF066	clean	clean	0.361	12	A_species_abundance
SF067	clean	unclean	0.5338	12	A_species_abundance
SF068	unclean	clean	0.2722	12	A_species_abundance
SF069	clean	clean	0.3736	12	A_species_abundance
SF070	unclean	unclean	0.776	12	A_species_abundance
SF071	clean	clean	0.4196	12	A_species_abundance
SF072	unclean	clean	0.192	12	A_species_abundance
SF073	clean	clean	0.2638	12	A_species_abundance
SF074	clean	clean	0.168	12	A_species_abundance
SF075	clean	clean	0.3594	12	A_species_abundance
SF076	clean	clean	0.418	12	A_species_abundance
SF077	clean	clean	0.3368	12	A_species_abundance
SF078	unclean	clean	0.4086	12	A_species_abundance
SF079	unclean	unclean	0.5458	12	A_species_abundance
SF080	unclean	unclean	0.508	12	A_species_abundance
SF081	unclean	clean	0.3804	12	A_species_abundance
SF082	unclean	clean	0.4218	12	A_species_abundance
SF083	unclean	clean	0.4398	12	A_species_abundance
SF084	clean	clean	0.4788	12	A_species_abundance
SF085	clean	clean	0.3364	12	A_species_abundance
SF086	clean	clean	0.4804	12	A_species_abundance
SF087	unclean	unclean	0.8136	12	A_species_abundance
SF088	clean	clean	0.276	12	A_species_abundance
SF089	unclean	unclean	0.8098	12	A_species_abundance
SF090	unclean	clean	0.4084	12	A_species_abundance
SF091	unclean	unclean	0.6222	12	A_species_abundance
SF092	unclean	unclean	0.7208	12	A_species_abundance
SF093	unclean	clean	0.412	12	A_species_abundance
SF094	clean	clean	0.3848	12	A_species_abundance
SF095	unclean	clean	0.2928	12	A_species_abundance
SF096	clean	clean	0.2332	12	A_species_abundance
SF097	unclean	unclean	0.511	12	A_species_abundance
SF001	unclean	unclean	0.798	13	A_species_abundance
SF002	clean	clean	0.2894	13	A_species_abundance
SF003	unclean	unclean	0.5496	13	A_species_abundance
SF004	clean	clean	0.2606	13	A_species_abundance
SF005	clean	clean	0.3774	13	A_species_abundance
SF006	unclean	unclean	0.7502	13	A_species_abundance
SF007	unclean	unclean	0.7488	13	A_species_abundance
SF008	clean	clean	0.3322	13	A_species_abundance
SF009	unclean	clean	0.4466	13	A_species_abundance
SF010	unclean	unclean	0.8012	13	A_species_abundance
SF011	clean	clean	0.3334	13	A_species_abundance
SF012	clean	unclean	0.666	13	A_species_abundance
SF013	unclean	clean	0.2398	13	A_species_abundance
SF014	clean	clean	0.4536	13	A_species_abundance
SF015	clean	clean	0.2756	13	A_species_abundance
SF016	unclean	clean	0.498	13	A_species_abundance
SF017	unclean	clean	0.4316	13	A_species_abundance
SF018	unclean	unclean	0.819	13	A_species_abundance
SF019	clean	clean	0.338	13	A_species_abundance
SF020	clean	clean	0.228	13	A_species_abundance
SF021	unclean	clean	0.2806	13	A_species_abundance
SF022	unclean	clean	0.3486	13	A_species_abundance
SF023	clean	clean	0.2888	13	A_species_abundance
SF024	unclean	clean	0.2922	13	A_species_abundance
SF025	clean	clean	0.2686	13	A_species_abundance
SF026	clean	clean	0.242	13	A_species_abundance
SF027	clean	unclean	0.6172	13	A_species_abundance
SF028	unclean	unclean	0.6036	13	A_species_abundance
SF029	clean	clean	0.2218	13	A_species_abundance
SF030	clean	unclean	0.6694	13	A_species_abundance
SF031	clean	unclean	0.5078	13	A_species_abundance
SF032	clean	clean	0.3462	13	A_species_abundance
SF033	clean	clean	0.472	13	A_species_abundance
SF034	clean	clean	0.2654	13	A_species_abundance
SF035	clean	clean	0.2642	13	A_species_abundance
SF036	unclean	unclean	0.6036	13	A_species_abundance
SF037	clean	clean	0.414	13	A_species_abundance
SF038	clean	clean	0.3312	13	A_species_abundance
SF039	unclean	unclean	0.7328	13	A_species_abundance
SF040	clean	clean	0.3728	13	A_species_abundance
SF041	unclean	clean	0.2966	13	A_species_abundance
SF042	clean	clean	0.2128	13	A_species_abundance
SF043	clean	clean	0.3036	13	A_species_abundance
SF044	clean	clean	0.2302	13	A_species_abundance
SF045	unclean	clean	0.3156	13	A_species_abundance
SF046	clean	clean	0.4564	13	A_species_abundance
SF047	clean	unclean	0.6722	13	A_species_abundance
SF048	unclean	clean	0.2472	13	A_species_abundance
SF049	clean	clean	0.2846	13	A_species_abundance
SF050	clean	clean	0.3202	13	A_species_abundance
SF051	clean	clean	0.3242	13	A_species_abundance
SF052	clean	clean	0.3374	13	A_species_abundance
SF053	clean	clean	0.3732	13	A_species_abundance
SF054	unclean	unclean	0.572	13	A_species_abundance
SF055	unclean	clean	0.18	13	A_species_abundance
SF056	clean	clean	0.4554	13	A_species_abundance
SF057	unclean	clean	0.2882	13	A_species_abundance
SF058	clean	clean	0.4002	13	A_species_abundance
SF059	unclean	clean	0.4538	13	A_species_abundance
SF060	unclean	clean	0.39	13	A_species_abundance
SF061	clean	clean	0.347	13	A_species_abundance
SF062	unclean	clean	0.1748	13	A_species_abundance
SF063	clean	clean	0.44	13	A_species_abundance
SF064	clean	clean	0.2204	13	A_species_abundance
SF065	clean	clean	0.3712	13	A_species_abundance
SF066	clean	clean	0.3174	13	A_species_abundance
SF067	clean	unclean	0.5242	13	A_species_abundance
SF068	unclean	clean	0.2924	13	A_species_abundance
SF069	clean	clean	0.323	13	A_species_abundance
SF070	unclean	unclean	0.7698	13	A_species_abundance
SF071	clean	clean	0.3784	13	A_species_abundance
SF072	unclean	clean	0.2716	13	A_species_abundance
SF073	clean	clean	0.2698	13	A_species_abundance
SF074	clean	clean	0.161	13	A_species_abundance
SF075	clean	clean	0.3822	13	A_species_abundance
SF076	clean	clean	0.4368	13	A_species_abundance
SF077	clean	clean	0.3538	13	A_species_abundance
SF078	unclean	clean	0.3988	13	A_species_abundance
SF079	unclean	unclean	0.5596	13	A_species_abundance
SF080	unclean	unclean	0.508	13	A_species_abundance
SF081	unclean	clean	0.3874	13	A_species_abundance
SF082	unclean	clean	0.4334	13	A_species_abundance
SF083	unclean	clean	0.4586	13	A_species_abundance
SF084	clean	clean	0.4554	13	A_species_abundance
SF085	clean	clean	0.327	13	A_species_abundance
SF086	clean	unclean	0.5668	13	A_species_abundance
SF087	unclean	unclean	0.8064	13	A_species_abundance
SF088	clean	clean	0.237	13	A_species_abundance
SF089	unclean	unclean	0.7994	13	A_species_abundance
SF090	unclean	clean	0.3718	13	A_species_abundance
SF091	unclean	unclean	0.6252	13	A_species_abundance
SF092	unclean	unclean	0.644	13	A_species_abundance
SF093	unclean	clean	0.4898	13	A_species_abundance
SF094	clean	clean	0.3674	13	A_species_abundance
SF095	unclean	clean	0.2768	13	A_species_abundance
SF096	clean	clean	0.2522	13	A_species_abundance
SF097	unclean	clean	0.4702	13	A_species_abundance
SF001	unclean	unclean	0.7814	14	A_species_abundance
SF002	clean	clean	0.2288	14	A_species_abundance
SF003	unclean	unclean	0.5658	14	A_species_abundance
SF004	clean	clean	0.2776	14	A_species_abundance
SF005	clean	clean	0.3402	14	A_species_abundance
SF006	unclean	unclean	0.7488	14	A_species_abundance
SF007	unclean	unclean	0.745	14	A_species_abundance
SF008	clean	clean	0.3586	14	A_species_abundance
SF009	unclean	clean	0.4536	14	A_species_abundance
SF010	unclean	unclean	0.81	14	A_species_abundance
SF011	clean	clean	0.3576	14	A_species_abundance
SF012	clean	unclean	0.674	14	A_species_abundance
SF013	unclean	clean	0.2338	14	A_species_abundance
SF014	clean	clean	0.4164	14	A_species_abundance
SF015	clean	clean	0.3088	14	A_species_abundance
SF016	unclean	clean	0.4538	14	A_species_abundance
SF017	unclean	clean	0.3976	14	A_species_abundance
SF018	unclean	unclean	0.8388	14	A_species_abundance
SF019	clean	clean	0.2986	14	A_species_abundance
SF020	clean	clean	0.2994	14	A_species_abundance
SF021	unclean	clean	0.2644	14	A_species_abundance
SF022	unclean	clean	0.3742	14	A_species_abundance
SF023	clean	clean	0.2296	14	A_species_abundance
SF024	unclean	clean	0.3066	14	A_species_abundance
SF025	clean	clean	0.2442	14	A_species_abundance
SF026	clean	clean	0.254	14	A_species_abundance
SF027	clean	unclean	0.5534	14	A_species_abundance
SF028	unclean	unclean	0.526	14	A_species_abundance
SF029	clean	clean	0.2234	14	A_species_abundance
SF030	clean	unclean	0.721	14	A_species_abundance
SF031	clean	unclean	0.525	14	A_species_abundance
SF032	clean	clean	0.317	14	A_species_abundance
SF033	clean	clean	0.453	14	A_species_abundance
SF034	clean	clean	0.271	14	A_species_abundance
SF035	clean	clean	0.317	14	A_species_abundance
SF036	unclean	unclean	0.5566	14	A_species_abundance
SF037	clean	clean	0.4142	14	A_species_abundance
SF038	clean	clean	0.3294	14	A_species_abundance
SF039	unclean	unclean	0.7148	14	A_species_abundance
SF040	clean	clean	0.2754	14	A_species_abundance
SF041	unclean	clean	0.2708	14	A_species_abundance
SF042	clean	clean	0.2588	14	A_species_abundance
SF043	clean	clean	0.2922	14	A_species_abundance
SF044	clean	clean	0.2922	14	A_species_abundance
SF045	unclean	clean	0.2424	14	A_species_abundance
SF046	clean	clean	0.4758	14	A_species_abundance
SF047	clean	unclean	0.6782	14	A_species_abundance
SF048	unclean	clean	0.2996	14	A_species_abundance
SF049	clean	clean	0.313	14	A_species_abundance
SF050	clean	clean	0.3082	14	A_species_abundance
SF051	clean	clean	0.3122	14	A_species_abundance
SF052	clean	clean	0.3294	14	A_species_abundance
SF053	clean	clean	0.4048	14	A_species_abundance
SF054	unclean	unclean	0.5762	14	A_species_abundance
SF055	unclean	clean	0.2634	14	A_species_abundance
SF056	clean	unclean	0.5008	14	A_species_abundance
SF057	unclean	clean	0.3232	14	A_species_abundance
SF058	clean	clean	0.3492	14	A_species_abundance
SF059	unclean	clean	0.3984	14	A_species_abundance
SF060	unclean	clean	0.386	14	A_species_abundance
SF061	clean	clean	0.3874	14	A_species_abundance
SF062	unclean	clean	0.1966	14	A_species_abundance
SF063	clean	clean	0.4374	14	A_species_abundance
SF064	clean	clean	0.2036	14	A_species_abundance
SF065	clean	clean	0.3456	14	A_species_abundance
SF066	clean	clean	0.3252	14	A_species_abundance
SF067	clean	unclean	0.5412	14	A_species_abundance
SF068	unclean	clean	0.256	14	A_species_abundance
SF069	clean	clean	0.3764	14	A_species_abundance
SF070	unclean	unclean	0.7734	14	A_species_abundance
SF071	clean	clean	0.3826	14	A_species_abundance
SF072	unclean	clean	0.2416	14	A_species_abundance
SF073	clean	clean	0.2512	14	A_species_abundance
SF074	clean	clean	0.1842	14	A_species_abundance
SF075	clean	clean	0.3608	14	A_species_abundance
SF076	clean	clean	0.4236	14	A_species_abundance
SF077	clean	clean	0.3298	14	A_species_abundance
SF078	unclean	clean	0.409	14	A_species_abundance
SF079	unclean	unclean	0.5784	14	A_species_abundance
SF080	unclean	unclean	0.5486	14	A_species_abundance
SF081	unclean	clean	0.38	14	A_species_abundance
SF082	unclean	clean	0.3914	14	A_species_abundance
SF083	unclean	clean	0.401	14	A_species_abundance
SF084	clean	clean	0.4708	14	A_species_abundance
SF085	clean	clean	0.33	14	A_species_abundance
SF086	clean	unclean	0.571	14	A_species_abundance
SF087	unclean	unclean	0.8132	14	A_species_abundance
SF088	clean	clean	0.2956	14	A_species_abundance
SF089	unclean	unclean	0.8352	14	A_species_abundance
SF090	unclean	clean	0.3924	14	A_species_abundance
SF091	unclean	unclean	0.6192	14	A_species_abundance
SF092	unclean	unclean	0.6308	14	A_species_abundance
SF093	unclean	clean	0.426	14	A_species_abundance
SF094	clean	clean	0.405	14	A_species_abundance
SF095	unclean	clean	0.269	14	A_species_abundance
SF096	clean	clean	0.2234	14	A_species_abundance
SF097	unclean	clean	0.4948	14	A_species_abundance
SF001	unclean	unclean	0.7902	15	A_species_abundance
SF002	clean	clean	0.3112	15	A_species_abundance
SF003	unclean	unclean	0.5824	15	A_species_abundance
SF004	clean	clean	0.2818	15	A_species_abundance
SF005	clean	clean	0.2574	15	A_species_abundance
SF006	unclean	unclean	0.7518	15	A_species_abundance
SF007	unclean	unclean	0.7274	15	A_species_abundance
SF008	clean	clean	0.3766	15	A_species_abundance
SF009	unclean	clean	0.4174	15	A_species_abundance
SF010	unclean	unclean	0.7794	15	A_species_abundance
SF011	clean	clean	0.3468	15	A_species_abundance
SF012	clean	unclean	0.6696	15	A_species_abundance
SF013	unclean	clean	0.2516	15	A_species_abundance
SF014	clean	unclean	0.505	15	A_species_abundance
SF015	clean	clean	0.3452	15	A_species_abundance
SF016	unclean	unclean	0.5636	15	A_species_abundance
SF017	unclean	clean	0.4138	15	A_species_abundance
SF018	unclean	unclean	0.8262	15	A_species_abundance
SF019	clean	clean	0.3166	15	A_species_abundance
SF020	clean	clean	0.3128	15	A_species_abundance
SF021	unclean	clean	0.236	15	A_species_abundance
SF022	unclean	clean	0.4028	15	A_species_abundance
SF023	clean	clean	0.3274	15	A_species_abundance
SF024	unclean	clean	0.3128	15	A_species_abundance
SF025	clean	clean	0.2394	15	A_species_abundance
SF026	clean	clean	0.2166	15	A_species_abundance
SF027	clean	unclean	0.6456	15	A_species_abundance
SF028	unclean	unclean	0.5974	15	A_species_abundance
SF029	clean	clean	0.2188	15	A_species_abundance
SF030	clean	unclean	0.6686	15	A_species_abundance
SF031	clean	unclean	0.5178	15	A_species_abundance
SF032	clean	clean	0.394	15	A_species_abundance
SF033	clean	clean	0.4574	15	A_species_abundance
SF034	clean	clean	0.2638	15	A_species_abundance
SF035	clean	clean	0.241	15	A_species_abundance
SF036	unclean	unclean	0.5478	15	A_species_abundance
SF037	clean	clean	0.4224	15	A_species_abundance
SF038	clean	clean	0.2784	15	A_species_abundance
SF039	unclean	unclean	0.7222	15	A_species_abundance
SF040	clean	clean	0.3652	15	A_species_abundance
SF041	unclean	clean	0.252	15	A_species_abundance
SF042	clean	clean	0.2508	15	A_species_abundance
SF043	clean	clean	0.2828	15	A_species_abundance
SF044	clean	clean	0.2944	15	A_species_abundance
SF045	unclean	clean	0.2768	15	A_species_abundance
SF046	clean	clean	0.4924	15	A_species_abundance
SF047	clean	unclean	0.6086	15	A_species_abundance
SF048	unclean	clean	0.2708	15	A_species_abundance
SF049	clean	clean	0.3158	15	A_species_abundance
SF050	clean	clean	0.297	15	A_species_abundance
SF051	clean	clean	0.3138	15	A_species_abundance
SF052	clean	clean	0.2614	15	A_species_abundance
SF053	clean	clean	0.3624	15	A_species_abundance
SF054	unclean	unclean	0.5978	15	A_species_abundance
SF055	unclean	clean	0.2004	15	A_species_abundance
SF056	clean	unclean	0.55	15	A_species_abundance
SF057	unclean	clean	0.3012	15	A_species_abundance
SF058	clean	clean	0.4158	15	A_species_abundance
SF059	unclean	clean	0.4896	15	A_species_abundance
SF060	unclean	clean	0.3652	15	A_species_abundance
SF061	clean	clean	0.3484	15	A_species_abundance
SF062	unclean	clean	0.1744	15	A_species_abundance
SF063	clean	clean	0.4564	15	A_species_abundance
SF064	clean	clean	0.2376	15	A_species_abundance
SF065	clean	clean	0.3618	15	A_species_abundance
SF066	clean	clean	0.2612	15	A_species_abundance
SF067	clean	unclean	0.5038	15	A_species_abundance
SF068	unclean	clean	0.2284	15	A_species_abundance
SF069	clean	clean	0.3934	15	A_species_abundance
SF070	unclean	unclean	0.787	15	A_species_abundance
SF071	clean	clean	0.4558	15	A_species_abundance
SF072	unclean	clean	0.2912	15	A_species_abundance
SF073	clean	clean	0.2406	15	A_species_abundance
SF074	clean	clean	0.2036	15	A_species_abundance
SF075	clean	clean	0.3932	15	A_species_abundance
SF076	clean	clean	0.4064	15	A_species_abundance
SF077	clean	clean	0.3612	15	A_species_abundance
SF078	unclean	clean	0.4426	15	A_species_abundance
SF079	unclean	unclean	0.5568	15	A_species_abundance
SF080	unclean	unclean	0.5306	15	A_species_abundance
SF081	unclean	clean	0.3588	15	A_species_abundance
SF082	unclean	clean	0.4248	15	A_species_abundance
SF083	unclean	clean	0.4882	15	A_species_abundance
SF084	clean	clean	0.4408	15	A_species_abundance
SF085	clean	clean	0.2974	15	A_species_abundance
SF086	clean	unclean	0.5748	15	A_species_abundance
SF087	unclean	unclean	0.8198	15	A_species_abundance
SF088	clean	clean	0.2424	15	A_species_abundance
SF089	unclean	unclean	0.8102	15	A_species_abundance
SF090	unclean	clean	0.3696	15	A_species_abundance
SF091	unclean	unclean	0.6454	15	A_species_abundance
SF092	unclean	unclean	0.6982	15	A_species_abundance
SF093	unclean	clean	0.4044	15	A_species_abundance
SF094	clean	clean	0.243	15	A_species_abundance
SF095	unclean	clean	0.282	15	A_species_abundance
SF096	clean	clean	0.2504	15	A_species_abundance
SF097	unclean	clean	0.4178	15	A_species_abundance
SF001	unclean	unclean	0.7814	16	A_species_abundance
SF002	clean	clean	0.2836	16	A_species_abundance
SF003	unclean	unclean	0.5306	16	A_species_abundance
SF004	clean	clean	0.2866	16	A_species_abundance
SF005	clean	clean	0.3246	16	A_species_abundance
SF006	unclean	unclean	0.7326	16	A_species_abundance
SF007	unclean	unclean	0.8018	16	A_species_abundance
SF008	clean	clean	0.3676	16	A_species_abundance
SF009	unclean	clean	0.451	16	A_species_abundance
SF010	unclean	unclean	0.7982	16	A_species_abundance
SF011	clean	clean	0.3352	16	A_species_abundance
SF012	clean	unclean	0.6828	16	A_species_abundance
SF013	unclean	clean	0.2636	16	A_species_abundance
SF014	clean	clean	0.4044	16	A_species_abundance
SF015	clean	clean	0.2898	16	A_species_abundance
SF016	unclean	unclean	0.5338	16	A_species_abundance
SF017	unclean	clean	0.429	16	A_species_abundance
SF018	unclean	unclean	0.8428	16	A_species_abundance
SF019	clean	clean	0.311	16	A_species_abundance
SF020	clean	clean	0.2952	16	A_species_abundance
SF021	unclean	clean	0.1848	16	A_species_abundance
SF022	unclean	clean	0.2644	16	A_species_abundance
SF023	clean	clean	0.1864	16	A_species_abundance
SF024	unclean	clean	0.2936	16	A_species_abundance
SF025	clean	clean	0.265	16	A_species_abundance
SF026	clean	clean	0.1884	16	A_species_abundance
SF027	clean	unclean	0.5866	16	A_species_abundance
SF028	unclean	unclean	0.5736	16	A_species_abundance
SF029	clean	clean	0.2026	16	A_species_abundance
SF030	clean	unclean	0.7302	16	A_species_abundance
SF031	clean	unclean	0.528	16	A_species_abundance
SF032	clean	clean	0.3512	16	A_species_abundance
SF033	clean	unclean	0.5078	16	A_species_abundance
SF034	clean	clean	0.26	16	A_species_abundance
SF035	clean	clean	0.3102	16	A_species_abundance
SF036	unclean	unclean	0.547	16	A_species_abundance
SF037	clean	clean	0.4122	16	A_species_abundance
SF038	clean	clean	0.3472	16	A_species_abundance
SF039	unclean	unclean	0.7482	16	A_species_abundance
SF040	clean	clean	0.3646	16	A_species_abundance
SF041	unclean	clean	0.28	16	A_species_abundance
SF042	clean	clean	0.2496	16	A_species_abundance
SF043	clean	clean	0.3016	16	A_species_abundance
SF044	clean	clean	0.2996	16	A_species_abundance
SF045	unclean	clean	0.1902	16	A_species_abundance
SF046	clean	clean	0.4426	16	A_species_abundance
SF047	clean	unclean	0.6946	16	A_species_abundance
SF048	unclean	clean	0.1238	16	A_species_abundance
SF049	clean	clean	0.3272	16	A_species_abundance
SF050	clean	clean	0.337	16	A_species_abundance
SF051	clean	clean	0.3052	16	A_species_abundance
SF052	clean	clean	0.304	16	A_species_abundance
SF053	clean	clean	0.4124	16	A_species_abundance
SF054	unclean	unclean	0.6056	16	A_species_abundance
SF055	unclean	clean	0.2176	16	A_species_abundance
SF056	clean	unclean	0.5408	16	A_species_abundance
SF057	unclean	clean	0.2284	16	A_species_abundance
SF058	clean	clean	0.4238	16	A_species_abundance
SF059	unclean	clean	0.446	16	A_species_abundance
SF060	unclean	clean	0.3768	16	A_species_abundance
SF061	clean	clean	0.3336	16	A_species_abundance
SF062	unclean	clean	0.1978	16	A_species_abundance
SF063	clean	clean	0.4382	16	A_species_abundance
SF064	clean	clean	0.2382	16	A_species_abundance
SF065	clean	clean	0.366	16	A_species_abundance
SF066	clean	clean	0.31	16	A_species_abundance
SF067	clean	unclean	0.5206	16	A_species_abundance
SF068	unclean	clean	0.2412	16	A_species_abundance
SF069	clean	clean	0.3818	16	A_species_abundance
SF070	unclean	unclean	0.775	16	A_species_abundance
SF071	clean	clean	0.3542	16	A_species_abundance
SF072	unclean	clean	0.3018	16	A_species_abundance
SF073	clean	clean	0.2622	16	A_species_abundance
SF074	clean	clean	0.19	16	A_species_abundance
SF075	clean	clean	0.4002	16	A_species_abundance
SF076	clean	clean	0.3994	16	A_species_abundance
SF077	clean	clean	0.3282	16	A_species_abundance
SF078	unclean	clean	0.4106	16	A_species_abundance
SF079	unclean	unclean	0.5328	16	A_species_abundance
SF080	unclean	clean	0.4678	16	A_species_abundance
SF081	unclean	clean	0.3498	16	A_species_abundance
SF082	unclean	clean	0.3826	16	A_species_abundance
SF083	unclean	clean	0.423	16	A_species_abundance
SF084	clean	clean	0.4504	16	A_species_abundance
SF085	clean	clean	0.2818	16	A_species_abundance
SF086	clean	unclean	0.5502	16	A_species_abundance
SF087	unclean	unclean	0.8078	16	A_species_abundance
SF088	clean	clean	0.2908	16	A_species_abundance
SF089	unclean	unclean	0.7964	16	A_species_abundance
SF090	unclean	clean	0.3946	16	A_species_abundance
SF091	unclean	unclean	0.641	16	A_species_abundance
SF092	unclean	unclean	0.7054	16	A_species_abundance
SF093	unclean	clean	0.3952	16	A_species_abundance
SF094	clean	clean	0.3886	16	A_species_abundance
SF095	unclean	clean	0.2834	16	A_species_abundance
SF096	clean	clean	0.2172	16	A_species_abundance
SF097	unclean	clean	0.4216	16	A_species_abundance
SF001	unclean	unclean	0.7814	17	A_species_abundance
SF002	clean	clean	0.2778	17	A_species_abundance
SF003	unclean	unclean	0.619	17	A_species_abundance
SF004	clean	clean	0.3456	17	A_species_abundance
SF005	clean	clean	0.4182	17	A_species_abundance
SF006	unclean	unclean	0.732	17	A_species_abundance
SF007	unclean	unclean	0.7378	17	A_species_abundance
SF008	clean	clean	0.3772	17	A_species_abundance
SF009	unclean	clean	0.4564	17	A_species_abundance
SF010	unclean	unclean	0.8324	17	A_species_abundance
SF011	clean	clean	0.3698	17	A_species_abundance
SF012	clean	unclean	0.652	17	A_species_abundance
SF013	unclean	clean	0.2326	17	A_species_abundance
SF014	clean	clean	0.4958	17	A_species_abundance
SF015	clean	clean	0.2526	17	A_species_abundance
SF016	unclean	unclean	0.5866	17	A_species_abundance
SF017	unclean	clean	0.4328	17	A_species_abundance
SF018	unclean	unclean	0.8148	17	A_species_abundance
SF019	clean	clean	0.2934	17	A_species_abundance
SF020	clean	clean	0.2118	17	A_species_abundance
SF021	unclean	clean	0.2888	17	A_species_abundance
SF022	unclean	clean	0.385	17	A_species_abundance
SF023	clean	clean	0.2944	17	A_species_abundance
SF024	unclean	clean	0.2794	17	A_species_abundance
SF025	clean	clean	0.2586	17	A_species_abundance
SF026	clean	clean	0.2826	17	A_species_abundance
SF027	clean	unclean	0.596	17	A_species_abundance
SF028	unclean	unclean	0.639	17	A_species_abundance
SF029	clean	clean	0.2254	17	A_species_abundance
SF030	clean	unclean	0.695	17	A_species_abundance
SF031	clean	unclean	0.52	17	A_species_abundance
SF032	clean	clean	0.3796	17	A_species_abundance
SF033	clean	clean	0.4714	17	A_species_abundance
SF034	clean	clean	0.3082	17	A_species_abundance
SF035	clean	clean	0.33	17	A_species_abundance
SF036	unclean	unclean	0.6456	17	A_species_abundance
SF037	clean	clean	0.3984	17	A_species_abundance
SF038	clean	clean	0.3016	17	A_species_abundance
SF039	unclean	unclean	0.7428	17	A_species_abundance
SF040	clean	clean	0.3622	17	A_species_abundance
SF041	unclean	clean	0.2858	17	A_species_abundance
SF042	clean	clean	0.1996	17	A_species_abundance
SF043	clean	clean	0.3456	17	A_species_abundance
SF044	clean	clean	0.2372	17	A_species_abundance
SF045	unclean	clean	0.2774	17	A_species_abundance
SF046	clean	clean	0.4946	17	A_species_abundance
SF047	clean	unclean	0.5362	17	A_species_abundance
SF048	unclean	clean	0.2692	17	A_species_abundance
SF049	clean	clean	0.2466	17	A_species_abundance
SF050	clean	clean	0.3072	17	A_species_abundance
SF051	clean	clean	0.2632	17	A_species_abundance
SF052	clean	clean	0.2982	17	A_species_abundance
SF053	clean	clean	0.3942	17	A_species_abundance
SF054	unclean	unclean	0.5456	17	A_species_abundance
SF055	unclean	clean	0.2408	17	A_species_abundance
SF056	clean	unclean	0.5186	17	A_species_abundance
SF057	unclean	clean	0.2716	17	A_species_abundance
SF058	clean	clean	0.4332	17	A_species_abundance
SF059	unclean	unclean	0.5094	17	A_species_abundance
SF060	unclean	clean	0.3694	17	A_species_abundance
SF061	clean	clean	0.346	17	A_species_abundance
SF062	unclean	clean	0.2232	17	A_species_abundance
SF063	clean	clean	0.4006	17	A_species_abundance
SF064	clean	clean	0.2102	17	A_species_abundance
SF065	clean	clean	0.3668	17	A_species_abundance
SF066	clean	clean	0.3912	17	A_species_abundance
SF067	clean	unclean	0.5204	17	A_species_abundance
SF068	unclean	clean	0.2702	17	A_species_abundance
SF069	clean	clean	0.3588	17	A_species_abundance
SF070	unclean	unclean	0.759	17	A_species_abundance
SF071	clean	clean	0.422	17	A_species_abundance
SF072	unclean	clean	0.2334	17	A_species_abundance
SF073	clean	clean	0.2826	17	A_species_abundance
SF074	clean	clean	0.1982	17	A_species_abundance
SF075	clean	clean	0.3664	17	A_species_abundance
SF076	clean	clean	0.4546	17	A_species_abundance
SF077	clean	clean	0.3034	17	A_species_abundance
SF078	unclean	clean	0.4388	17	A_species_abundance
SF079	unclean	unclean	0.502	17	A_species_abundance
SF080	unclean	clean	0.4878	17	A_species_abundance
SF081	unclean	clean	0.3556	17	A_species_abundance
SF082	unclean	clean	0.4672	17	A_species_abundance
SF083	unclean	clean	0.4856	17	A_species_abundance
SF084	clean	clean	0.4182	17	A_species_abundance
SF085	clean	clean	0.2998	17	A_species_abundance
SF086	clean	unclean	0.531	17	A_species_abundance
SF087	unclean	unclean	0.6952	17	A_species_abundance
SF088	clean	clean	0.2934	17	A_species_abundance
SF089	unclean	unclean	0.72	17	A_species_abundance
SF090	unclean	clean	0.3242	17	A_species_abundance
SF091	unclean	unclean	0.5228	17	A_species_abundance
SF092	unclean	unclean	0.6792	17	A_species_abundance
SF093	unclean	clean	0.4746	17	A_species_abundance
SF094	clean	clean	0.322	17	A_species_abundance
SF095	unclean	clean	0.2696	17	A_species_abundance
SF096	clean	clean	0.2106	17	A_species_abundance
SF097	unclean	clean	0.4492	17	A_species_abundance
SF001	unclean	unclean	0.789	18	A_species_abundance
SF002	clean	clean	0.2514	18	A_species_abundance
SF003	unclean	unclean	0.5548	18	A_species_abundance
SF004	clean	clean	0.3198	18	A_species_abundance
SF005	clean	clean	0.3388	18	A_species_abundance
SF006	unclean	unclean	0.725	18	A_species_abundance
SF007	unclean	unclean	0.7362	18	A_species_abundance
SF008	clean	clean	0.3266	18	A_species_abundance
SF009	unclean	clean	0.4236	18	A_species_abundance
SF010	unclean	unclean	0.826	18	A_species_abundance
SF011	clean	clean	0.3108	18	A_species_abundance
SF012	clean	unclean	0.6604	18	A_species_abundance
SF013	unclean	clean	0.252	18	A_species_abundance
SF014	clean	clean	0.4352	18	A_species_abundance
SF015	clean	clean	0.256	18	A_species_abundance
SF016	unclean	unclean	0.5448	18	A_species_abundance
SF017	unclean	clean	0.4382	18	A_species_abundance
SF018	unclean	unclean	0.8346	18	A_species_abundance
SF019	clean	clean	0.2692	18	A_species_abundance
SF020	clean	clean	0.2954	18	A_species_abundance
SF021	unclean	clean	0.264	18	A_species_abundance
SF022	unclean	clean	0.416	18	A_species_abundance
SF023	clean	clean	0.2868	18	A_species_abundance
SF024	unclean	clean	0.3232	18	A_species_abundance
SF025	clean	clean	0.2332	18	A_species_abundance
SF026	clean	clean	0.2444	18	A_species_abundance
SF027	clean	unclean	0.5748	18	A_species_abundance
SF028	unclean	unclean	0.6578	18	A_species_abundance
SF029	clean	clean	0.2336	18	A_species_abundance
SF030	clean	unclean	0.6924	18	A_species_abundance
SF031	clean	unclean	0.5094	18	A_species_abundance
SF032	clean	clean	0.2804	18	A_species_abundance
SF033	clean	clean	0.4544	18	A_species_abundance
SF034	clean	clean	0.2878	18	A_species_abundance
SF035	clean	clean	0.2856	18	A_species_abundance
SF036	unclean	unclean	0.5656	18	A_species_abundance
SF037	clean	clean	0.365	18	A_species_abundance
SF038	clean	clean	0.3152	18	A_species_abundance
SF039	unclean	unclean	0.711	18	A_species_abundance
SF040	clean	clean	0.304	18	A_species_abundance
SF041	unclean	clean	0.3252	18	A_species_abundance
SF042	clean	clean	0.2568	18	A_species_abundance
SF043	clean	clean	0.2198	18	A_species_abundance
SF044	clean	clean	0.2676	18	A_species_abundance
SF045	unclean	clean	0.2542	18	A_species_abundance
SF046	clean	clean	0.4724	18	A_species_abundance
SF047	clean	unclean	0.6202	18	A_species_abundance
SF048	unclean	clean	0.2246	18	A_species_abundance
SF049	clean	clean	0.334	18	A_species_abundance
SF050	clean	clean	0.2522	18	A_species_abundance
SF051	clean	clean	0.3558	18	A_species_abundance
SF052	clean	clean	0.3316	18	A_species_abundance
SF053	clean	clean	0.3996	18	A_species_abundance
SF054	unclean	unclean	0.6288	18	A_species_abundance
SF055	unclean	clean	0.237	18	A_species_abundance
SF056	clean	unclean	0.5454	18	A_species_abundance
SF057	unclean	clean	0.3142	18	A_species_abundance
SF058	clean	clean	0.4038	18	A_species_abundance
SF059	unclean	clean	0.4388	18	A_species_abundance
SF060	unclean	clean	0.4132	18	A_species_abundance
SF061	clean	clean	0.356	18	A_species_abundance
SF062	unclean	clean	0.1574	18	A_species_abundance
SF063	clean	clean	0.3726	18	A_species_abundance
SF064	clean	clean	0.1924	18	A_species_abundance
SF065	clean	clean	0.3542	18	A_species_abundance
SF066	clean	clean	0.3348	18	A_species_abundance
SF067	clean	unclean	0.5108	18	A_species_abundance
SF068	unclean	clean	0.2754	18	A_species_abundance
SF069	clean	clean	0.4086	18	A_species_abundance
SF070	unclean	unclean	0.7384	18	A_species_abundance
SF071	clean	clean	0.392	18	A_species_abundance
SF072	unclean	clean	0.2746	18	A_species_abundance
SF073	clean	clean	0.2938	18	A_species_abundance
SF074	clean	clean	0.1778	18	A_species_abundance
SF075	clean	clean	0.391	18	A_species_abundance
SF076	clean	clean	0.3978	18	A_species_abundance
SF077	clean	clean	0.3612	18	A_species_abundance
SF078	unclean	clean	0.4086	18	A_species_abundance
SF079	unclean	unclean	0.5458	18	A_species_abundance
SF080	unclean	unclean	0.5108	18	A_species_abundance
SF081	unclean	clean	0.383	18	A_species_abundance
SF082	unclean	clean	0.4244	18	A_species_abundance
SF083	unclean	clean	0.4688	18	A_species_abundance
SF084	clean	clean	0.4238	18	A_species_abundance
SF085	clean	clean	0.312	18	A_species_abundance
SF086	clean	unclean	0.5278	18	A_species_abundance
SF087	unclean	unclean	0.8352	18	A_species_abundance
SF088	clean	clean	0.2636	18	A_species_abundance
SF089	unclean	unclean	0.8108	18	A_species_abundance
SF090	unclean	clean	0.4272	18	A_species_abundance
SF091	unclean	unclean	0.6148	18	A_species_abundance
SF092	unclean	unclean	0.6694	18	A_species_abundance
SF093	unclean	clean	0.4686	18	A_species_abundance
SF094	clean	clean	0.4128	18	A_species_abundance
SF095	unclean	clean	0.2762	18	A_species_abundance
SF096	clean	clean	0.2426	18	A_species_abundance
SF097	unclean	clean	0.4708	18	A_species_abundance
SF001	unclean	unclean	0.7848	19	A_species_abundance
SF002	clean	clean	0.2674	19	A_species_abundance
SF003	unclean	unclean	0.5372	19	A_species_abundance
SF004	clean	clean	0.2452	19	A_species_abundance
SF005	clean	clean	0.3608	19	A_species_abundance
SF006	unclean	unclean	0.7486	19	A_species_abundance
SF007	unclean	unclean	0.7442	19	A_species_abundance
SF008	clean	clean	0.3514	19	A_species_abundance
SF009	unclean	unclean	0.5148	19	A_species_abundance
SF010	unclean	unclean	0.7826	19	A_species_abundance
SF011	clean	clean	0.3456	19	A_species_abundance
SF012	clean	unclean	0.6908	19	A_species_abundance
SF013	unclean	clean	0.2654	19	A_species_abundance
SF014	clean	clean	0.4344	19	A_species_abundance
SF015	clean	clean	0.2834	19	A_species_abundance
SF016	unclean	clean	0.4834	19	A_species_abundance
SF017	unclean	clean	0.3514	19	A_species_abundance
SF018	unclean	unclean	0.8064	19	A_species_abundance
SF019	clean	clean	0.2902	19	A_species_abundance
SF020	clean	clean	0.26	19	A_species_abundance
SF021	unclean	clean	0.2356	19	A_species_abundance
SF022	unclean	clean	0.3512	19	A_species_abundance
SF023	clean	clean	0.2848	19	A_species_abundance
SF024	unclean	clean	0.3086	19	A_species_abundance
SF025	clean	clean	0.2654	19	A_species_abundance
SF026	clean	clean	0.2094	19	A_species_abundance
SF027	clean	unclean	0.6474	19	A_species_abundance
SF028	unclean	unclean	0.563	19	A_species_abundance
SF029	clean	clean	0.2374	19	A_species_abundance
SF030	clean	unclean	0.7058	19	A_species_abundance
SF031	clean	unclean	0.5362	19	A_species_abundance
SF032	clean	clean	0.3736	19	A_species_abundance
SF033	clean	clean	0.4908	19	A_species_abundance
SF034	clean	clean	0.2306	19	A_species_abundance
SF035	clean	clean	0.289	19	A_species_abundance
SF036	unclean	unclean	0.553	19	A_species_abundance
SF037	clean	clean	0.3962	19	A_species_abundance
SF038	clean	clean	0.3424	19	A_species_abundance
SF039	unclean	unclean	0.744	19	A_species_abundance
SF040	clean	clean	0.321	19	A_species_abundance
SF041	unclean	clean	0.26	19	A_species_abundance
SF042	clean	clean	0.26	19	A_species_abundance
SF043	clean	clean	0.3178	19	A_species_abundance
SF044	clean	clean	0.3168	19	A_species_abundance
SF045	unclean	clean	0.2386	19	A_species_abundance
SF046	clean	clean	0.483	19	A_species_abundance
SF047	clean	unclean	0.6224	19	A_species_abundance
SF048	unclean	clean	0.2304	19	A_species_abundance
SF049	clean	clean	0.3504	19	A_species_abundance
SF050	clean	clean	0.305	19	A_species_abundance
SF051	clean	clean	0.3162	19	A_species_abundance
SF052	clean	clean	0.2856	19	A_species_abundance
SF053	clean	clean	0.3636	19	A_species_abundance
SF054	unclean	unclean	0.6454	19	A_species_abundance
SF055	unclean	clean	0.2614	19	A_species_abundance
SF056	clean	clean	0.4942	19	A_species_abundance
SF057	unclean	clean	0.3076	19	A_species_abundance
SF058	clean	clean	0.4198	19	A_species_abundance
SF059	unclean	clean	0.4448	19	A_species_abundance
SF060	unclean	clean	0.418	19	A_species_abundance
SF061	clean	clean	0.3314	19	A_species_abundance
SF062	unclean	clean	0.177	19	A_species_abundance
SF063	clean	clean	0.4326	19	A_species_abundance
SF064	clean	clean	0.2152	19	A_species_abundance
SF065	clean	clean	0.413	19	A_species_abundance
SF066	clean	clean	0.325	19	A_species_abundance
SF067	clean	unclean	0.5418	19	A_species_abundance
SF068	unclean	clean	0.293	19	A_species_abundance
SF069	clean	clean	0.4012	19	A_species_abundance
SF070	unclean	unclean	0.7704	19	A_species_abundance
SF071	clean	clean	0.3888	19	A_species_abundance
SF072	unclean	clean	0.2382	19	A_species_abundance
SF073	clean	clean	0.2844	19	A_species_abundance
SF074	clean	clean	0.153	19	A_species_abundance
SF075	clean	clean	0.36	19	A_species_abundance
SF076	clean	clean	0.4146	19	A_species_abundance
SF077	clean	clean	0.3688	19	A_species_abundance
SF078	unclean	clean	0.3956	19	A_species_abundance
SF079	unclean	unclean	0.5006	19	A_species_abundance
SF080	unclean	clean	0.483	19	A_species_abundance
SF081	unclean	clean	0.3676	19	A_species_abundance
SF082	unclean	clean	0.422	19	A_species_abundance
SF083	unclean	clean	0.4304	19	A_species_abundance
SF084	clean	clean	0.4256	19	A_species_abundance
SF085	clean	clean	0.366	19	A_species_abundance
SF086	clean	unclean	0.5078	19	A_species_abundance
SF087	unclean	unclean	0.7748	19	A_species_abundance
SF088	clean	clean	0.2546	19	A_species_abundance
SF089	unclean	unclean	0.7966	19	A_species_abundance
SF090	unclean	clean	0.411	19	A_species_abundance
SF091	unclean	unclean	0.6478	19	A_species_abundance
SF092	unclean	unclean	0.7256	19	A_species_abundance
SF093	unclean	clean	0.4478	19	A_species_abundance
SF094	clean	clean	0.3764	19	A_species_abundance
SF095	unclean	clean	0.2558	19	A_species_abundance
SF096	clean	clean	0.2498	19	A_species_abundance
SF097	unclean	clean	0.4802	19	A_species_abundance
SF001	unclean	unclean	0.7882	20	A_species_abundance
SF002	clean	clean	0.2674	20	A_species_abundance
SF003	unclean	unclean	0.5426	20	A_species_abundance
SF004	clean	clean	0.2796	20	A_species_abundance
SF005	clean	clean	0.3334	20	A_species_abundance
SF006	unclean	unclean	0.742	20	A_species_abundance
SF007	unclean	unclean	0.7528	20	A_species_abundance
SF008	clean	clean	0.3392	20	A_species_abundance
SF009	unclean	clean	0.4486	20	A_species_abundance
SF010	unclean	unclean	0.8324	20	A_species_abundance
SF011	clean	clean	0.3662	20	A_species_abundance
SF012	clean	unclean	0.6274	20	A_species_abundance
SF013	unclean	clean	0.224	20	A_species_abundance
SF014	clean	clean	0.4104	20	A_species_abundance
SF015	clean	clean	0.3294	20	A_species_abundance
SF016	unclean	clean	0.4794	20	A_species_abundance
SF017	unclean	clean	0.4364	20	A_species_abundance
SF018	unclean	unclean	0.8022	20	A_species_abundance
SF019	clean	clean	0.2664	20	A_species_abundance
SF020	clean	clean	0.2388	20	A_species_abundance
SF021	unclean	clean	0.2868	20	A_species_abundance
SF022	unclean	clean	0.317	20	A_species_abundance
SF023	clean	clean	0.2742	20	A_species_abundance
SF024	unclean	clean	0.2924	20	A_species_abundance
SF025	clean	clean	0.26	20	A_species_abundance
SF026	clean	clean	0.242	20	A_species_abundance
SF027	clean	unclean	0.6198	20	A_species_abundance
SF028	unclean	unclean	0.6372	20	A_species_abundance
SF029	clean	clean	0.2378	20	A_species_abundance
SF030	clean	unclean	0.658	20	A_species_abundance
SF031	clean	unclean	0.552	20	A_species_abundance
SF032	clean	clean	0.318	20	A_species_abundance
SF033	clean	clean	0.4646	20	A_species_abundance
SF034	clean	clean	0.305	20	A_species_abundance
SF035	clean	clean	0.24	20	A_species_abundance
SF036	unclean	unclean	0.5638	20	A_species_abundance
SF037	clean	clean	0.3968	20	A_species_abundance
SF038	clean	clean	0.3276	20	A_species_abundance
SF039	unclean	unclean	0.7202	20	A_species_abundance
SF040	clean	clean	0.3926	20	A_species_abundance
SF041	unclean	clean	0.2906	20	A_species_abundance
SF042	clean	clean	0.2244	20	A_species_abundance
SF043	clean	clean	0.275	20	A_species_abundance
SF044	clean	clean	0.31	20	A_species_abundance
SF045	unclean	clean	0.2354	20	A_species_abundance
SF046	clean	clean	0.4804	20	A_species_abundance
SF047	clean	unclean	0.5878	20	A_species_abundance
SF048	unclean	clean	0.287	20	A_species_abundance
SF049	clean	clean	0.3708	20	A_species_abundance
SF050	clean	clean	0.3234	20	A_species_abundance
SF051	clean	clean	0.2764	20	A_species_abundance
SF052	clean	clean	0.3326	20	A_species_abundance
SF053	clean	clean	0.3748	20	A_species_abundance
SF054	unclean	unclean	0.5968	20	A_species_abundance
SF055	unclean	clean	0.2272	20	A_species_abundance
SF056	clean	unclean	0.532	20	A_species_abundance
SF057	unclean	clean	0.3422	20	A_species_abundance
SF058	clean	clean	0.355	20	A_species_abundance
SF059	unclean	clean	0.4544	20	A_species_abundance
SF060	unclean	clean	0.4128	20	A_species_abundance
SF061	clean	clean	0.3836	20	A_species_abundance
SF062	unclean	clean	0.1864	20	A_species_abundance
SF063	clean	clean	0.4084	20	A_species_abundance
SF064	clean	clean	0.2462	20	A_species_abundance
SF065	clean	clean	0.3892	20	A_species_abundance
SF066	clean	clean	0.314	20	A_species_abundance
SF067	clean	clean	0.5	20	A_species_abundance
SF068	unclean	clean	0.2908	20	A_species_abundance
SF069	clean	clean	0.36	20	A_species_abundance
SF070	unclean	unclean	0.741	20	A_species_abundance
SF071	clean	clean	0.4364	20	A_species_abundance
SF072	unclean	clean	0.239	20	A_species_abundance
SF073	clean	clean	0.264	20	A_species_abundance
SF074	clean	clean	0.1882	20	A_species_abundance
SF075	clean	clean	0.3304	20	A_species_abundance
SF076	clean	clean	0.424	20	A_species_abundance
SF077	clean	clean	0.3584	20	A_species_abundance
SF078	unclean	clean	0.4544	20	A_species_abundance
SF079	unclean	unclean	0.5114	20	A_species_abundance
SF080	unclean	clean	0.4944	20	A_species_abundance
SF081	unclean	clean	0.373	20	A_species_abundance
SF082	unclean	clean	0.4448	20	A_species_abundance
SF083	unclean	clean	0.474	20	A_species_abundance
SF084	clean	clean	0.4792	20	A_species_abundance
SF085	clean	clean	0.3716	20	A_species_abundance
SF086	clean	unclean	0.5512	20	A_species_abundance
SF087	unclean	unclean	0.8448	20	A_species_abundance
SF088	clean	clean	0.2804	20	A_species_abundance
SF089	unclean	unclean	0.8318	20	A_species_abundance
SF090	unclean	clean	0.3438	20	A_species_abundance
SF091	unclean	unclean	0.6266	20	A_species_abundance
SF092	unclean	unclean	0.6782	20	A_species_abundance
SF093	unclean	clean	0.3646	20	A_species_abundance
SF094	clean	clean	0.3292	20	A_species_abundance
SF095	unclean	clean	0.2842	20	A_species_abundance
SF096	clean	clean	0.2124	20	A_species_abundance
SF097	unclean	unclean	0.502	20	A_species_abundance
SF001	unclean	unclean	0.7628	21	A_species_abundance
SF002	clean	clean	0.28	21	A_species_abundance
SF003	unclean	unclean	0.6256	21	A_species_abundance
SF004	clean	clean	0.2766	21	A_species_abundance
SF005	clean	clean	0.4006	21	A_species_abundance
SF006	unclean	unclean	0.7796	21	A_species_abundance
SF007	unclean	unclean	0.7588	21	A_species_abundance
SF008	clean	clean	0.3816	21	A_species_abundance
SF009	unclean	clean	0.4392	21	A_species_abundance
SF010	unclean	unclean	0.8038	21	A_species_abundance
SF011	clean	clean	0.3674	21	A_species_abundance
SF012	clean	unclean	0.6636	21	A_species_abundance
SF013	unclean	clean	0.2962	21	A_species_abundance
SF014	clean	clean	0.424	21	A_species_abundance
SF015	clean	clean	0.3784	21	A_species_abundance
SF016	unclean	unclean	0.5252	21	A_species_abundance
SF017	unclean	clean	0.4066	21	A_species_abundance
SF018	unclean	unclean	0.789	21	A_species_abundance
SF019	clean	clean	0.3584	21	A_species_abundance
SF020	clean	clean	0.2992	21	A_species_abundance
SF021	unclean	clean	0.3028	21	A_species_abundance
SF022	unclean	clean	0.3768	21	A_species_abundance
SF023	clean	clean	0.2932	21	A_species_abundance
SF024	unclean	clean	0.3522	21	A_species_abundance
SF025	clean	clean	0.2884	21	A_species_abundance
SF026	clean	clean	0.2378	21	A_species_abundance
SF027	clean	unclean	0.5946	21	A_species_abundance
SF028	unclean	unclean	0.664	21	A_species_abundance
SF029	clean	clean	0.2208	21	A_species_abundance
SF030	clean	unclean	0.6082	21	A_species_abundance
SF031	clean	unclean	0.5196	21	A_species_abundance
SF032	clean	clean	0.355	21	A_species_abundance
SF033	clean	unclean	0.5194	21	A_species_abundance
SF034	clean	clean	0.2734	21	A_species_abundance
SF035	clean	clean	0.2724	21	A_species_abundance
SF036	unclean	unclean	0.5958	21	A_species_abundance
SF037	clean	clean	0.3758	21	A_species_abundance
SF038	clean	clean	0.3606	21	A_species_abundance
SF039	unclean	unclean	0.7072	21	A_species_abundance
SF040	clean	clean	0.2658	21	A_species_abundance
SF041	unclean	clean	0.2704	21	A_species_abundance
SF042	clean	clean	0.252	21	A_species_abundance
SF043	clean	clean	0.2624	21	A_species_abundance
SF044	clean	clean	0.2838	21	A_species_abundance
SF045	unclean	clean	0.2714	21	A_species_abundance
SF046	clean	clean	0.456	21	A_species_abundance
SF047	clean	unclean	0.664	21	A_species_abundance
SF048	unclean	clean	0.2496	21	A_species_abundance
SF049	clean	clean	0.298	21	A_species_abundance
SF050	clean	clean	0.3484	21	A_species_abundance
SF051	clean	clean	0.2982	21	A_species_abundance
SF052	clean	clean	0.2932	21	A_species_abundance
SF053	clean	clean	0.442	21	A_species_abundance
SF054	unclean	unclean	0.6044	21	A_species_abundance
SF055	unclean	clean	0.2412	21	A_species_abundance
SF056	clean	unclean	0.516	21	A_species_abundance
SF057	unclean	clean	0.2928	21	A_species_abundance
SF058	clean	clean	0.4028	21	A_species_abundance
SF059	unclean	clean	0.4732	21	A_species_abundance
SF060	unclean	clean	0.4802	21	A_species_abundance
SF061	clean	clean	0.3778	21	A_species_abundance
SF062	unclean	clean	0.1652	21	A_species_abundance
SF063	clean	clean	0.4138	21	A_species_abundance
SF064	clean	clean	0.2062	21	A_species_abundance
SF065	clean	clean	0.3566	21	A_species_abundance
SF066	clean	clean	0.3156	21	A_species_abundance
SF067	clean	clean	0.493	21	A_species_abundance
SF068	unclean	clean	0.2554	21	A_species_abundance
SF069	clean	clean	0.4012	21	A_species_abundance
SF070	unclean	unclean	0.7484	21	A_species_abundance
SF071	clean	clean	0.4362	21	A_species_abundance
SF072	unclean	clean	0.2264	21	A_species_abundance
SF073	clean	clean	0.2326	21	A_species_abundance
SF074	clean	clean	0.1794	21	A_species_abundance
SF075	clean	clean	0.3442	21	A_species_abundance
SF076	clean	clean	0.4116	21	A_species_abundance
SF077	clean	clean	0.358	21	A_species_abundance
SF078	unclean	clean	0.3952	21	A_species_abundance
SF079	unclean	unclean	0.5332	21	A_species_abundance
SF080	unclean	clean	0.442	21	A_species_abundance
SF081	unclean	clean	0.3992	21	A_species_abundance
SF082	unclean	clean	0.4286	21	A_species_abundance
SF083	unclean	clean	0.4712	21	A_species_abundance
SF084	clean	clean	0.445	21	A_species_abundance
SF085	clean	clean	0.3126	21	A_species_abundance
SF086	clean	unclean	0.5634	21	A_species_abundance
SF087	unclean	unclean	0.8124	21	A_species_abundance
SF088	clean	clean	0.2644	21	A_species_abundance
SF089	unclean	unclean	0.827	21	A_species_abundance
SF090	unclean	clean	0.349	21	A_species_abundance
SF091	unclean	unclean	0.6364	21	A_species_abundance
SF092	unclean	unclean	0.6624	21	A_species_abundance
SF093	unclean	clean	0.43	21	A_species_abundance
SF094	clean	clean	0.3954	21	A_species_abundance
SF095	unclean	clean	0.2784	21	A_species_abundance
SF096	clean	clean	0.1884	21	A_species_abundance
SF097	unclean	clean	0.4582	21	A_species_abundance
SF001	unclean	unclean	0.7232	22	A_species_abundance
SF002	clean	clean	0.2664	22	A_species_abundance
SF003	unclean	unclean	0.5278	22	A_species_abundance
SF004	clean	clean	0.2304	22	A_species_abundance
SF005	clean	clean	0.354	22	A_species_abundance
SF006	unclean	unclean	0.7778	22	A_species_abundance
SF007	unclean	unclean	0.7824	22	A_species_abundance
SF008	clean	clean	0.3902	22	A_species_abundance
SF009	unclean	clean	0.4102	22	A_species_abundance
SF010	unclean	unclean	0.8008	22	A_species_abundance
SF011	clean	clean	0.3204	22	A_species_abundance
SF012	clean	unclean	0.6336	22	A_species_abundance
SF013	unclean	clean	0.2556	22	A_species_abundance
SF014	clean	clean	0.4966	22	A_species_abundance
SF015	clean	clean	0.2752	22	A_species_abundance
SF016	unclean	clean	0.4972	22	A_species_abundance
SF017	unclean	clean	0.4344	22	A_species_abundance
SF018	unclean	unclean	0.814	22	A_species_abundance
SF019	clean	clean	0.3038	22	A_species_abundance
SF020	clean	clean	0.2992	22	A_species_abundance
SF021	unclean	clean	0.2734	22	A_species_abundance
SF022	unclean	clean	0.3384	22	A_species_abundance
SF023	clean	clean	0.236	22	A_species_abundance
SF024	unclean	clean	0.286	22	A_species_abundance
SF025	clean	clean	0.2388	22	A_species_abundance
SF026	clean	clean	0.2256	22	A_species_abundance
SF027	clean	unclean	0.591	22	A_species_abundance
SF028	unclean	unclean	0.6162	22	A_species_abundance
SF029	clean	clean	0.234	22	A_species_abundance
SF030	clean	unclean	0.7112	22	A_species_abundance
SF031	clean	unclean	0.5128	22	A_species_abundance
SF032	clean	clean	0.3384	22	A_species_abundance
SF033	clean	clean	0.4572	22	A_species_abundance
SF034	clean	clean	0.2922	22	A_species_abundance
SF035	clean	clean	0.267	22	A_species_abundance
SF036	unclean	unclean	0.5684	22	A_species_abundance
SF037	clean	clean	0.3704	22	A_species_abundance
SF038	clean	clean	0.315	22	A_species_abundance
SF039	unclean	unclean	0.7088	22	A_species_abundance
SF040	clean	clean	0.2944	22	A_species_abundance
SF041	unclean	clean	0.2706	22	A_species_abundance
SF042	clean	clean	0.2602	22	A_species_abundance
SF043	clean	clean	0.3244	22	A_species_abundance
SF044	clean	clean	0.2852	22	A_species_abundance
SF045	unclean	clean	0.2886	22	A_species_abundance
SF046	clean	clean	0.4552	22	A_species_abundance
SF047	clean	unclean	0.652	22	A_species_abundance
SF048	unclean	clean	0.226	22	A_species_abundance
SF049	clean	clean	0.3178	22	A_species_abundance
SF050	clean	clean	0.3402	22	A_species_abundance
SF051	clean	clean	0.2956	22	A_species_abundance
SF052	clean	clean	0.357	22	A_species_abundance
SF053	clean	clean	0.3814	22	A_species_abundance
SF054	unclean	unclean	0.5806	22	A_species_abundance
SF055	unclean	clean	0.2652	22	A_species_abundance
SF056	clean	unclean	0.5376	22	A_species_abundance
SF057	unclean	clean	0.3016	22	A_species_abundance
SF058	clean	clean	0.4482	22	A_species_abundance
SF059	unclean	clean	0.4578	22	A_species_abundance
SF060	unclean	clean	0.3486	22	A_species_abundance
SF061	clean	clean	0.3336	22	A_species_abundance
SF062	unclean	clean	0.2092	22	A_species_abundance
SF063	clean	clean	0.4362	22	A_species_abundance
SF064	clean	clean	0.2374	22	A_species_abundance
SF065	clean	clean	0.3744	22	A_species_abundance
SF066	clean	clean	0.3134	22	A_species_abundance
SF067	clean	unclean	0.5528	22	A_species_abundance
SF068	unclean	clean	0.307	22	A_species_abundance
SF069	clean	clean	0.3802	22	A_species_abundance
SF070	unclean	unclean	0.8132	22	A_species_abundance
SF071	clean	clean	0.386	22	A_species_abundance
SF072	unclean	clean	0.2588	22	A_species_abundance
SF073	clean	clean	0.2742	22	A_species_abundance
SF074	clean	clean	0.187	22	A_species_abundance
SF075	clean	clean	0.3618	22	A_species_abundance
SF076	clean	clean	0.3608	22	A_species_abundance
SF077	clean	clean	0.3526	22	A_species_abundance
SF078	unclean	clean	0.4754	22	A_species_abundance
SF079	unclean	unclean	0.5176	22	A_species_abundance
SF080	unclean	clean	0.4974	22	A_species_abundance
SF081	unclean	clean	0.3816	22	A_species_abundance
SF082	unclean	clean	0.4826	22	A_species_abundance
SF083	unclean	clean	0.4968	22	A_species_abundance
SF084	clean	clean	0.4056	22	A_species_abundance
SF085	clean	clean	0.3896	22	A_species_abundance
SF086	clean	unclean	0.5682	22	A_species_abundance
SF087	unclean	unclean	0.7892	22	A_species_abundance
SF088	clean	clean	0.3268	22	A_species_abundance
SF089	unclean	unclean	0.8028	22	A_species_abundance
SF090	unclean	clean	0.3554	22	A_species_abundance
SF091	unclean	unclean	0.5746	22	A_species_abundance
SF092	unclean	unclean	0.6634	22	A_species_abundance
SF093	unclean	clean	0.4392	22	A_species_abundance
SF094	clean	clean	0.3708	22	A_species_abundance
SF095	unclean	clean	0.259	22	A_species_abundance
SF096	clean	clean	0.2632	22	A_species_abundance
SF097	unclean	clean	0.4578	22	A_species_abundance
SF001	unclean	unclean	0.7654	23	A_species_abundance
SF002	clean	clean	0.2664	23	A_species_abundance
SF003	unclean	unclean	0.5742	23	A_species_abundance
SF004	clean	clean	0.2534	23	A_species_abundance
SF005	clean	clean	0.332	23	A_species_abundance
SF006	unclean	unclean	0.714	23	A_species_abundance
SF007	unclean	unclean	0.7424	23	A_species_abundance
SF008	clean	clean	0.3994	23	A_species_abundance
SF009	unclean	clean	0.4322	23	A_species_abundance
SF010	unclean	unclean	0.7922	23	A_species_abundance
SF011	clean	clean	0.3504	23	A_species_abundance
SF012	clean	unclean	0.638	23	A_species_abundance
SF013	unclean	clean	0.2172	23	A_species_abundance
SF014	clean	clean	0.424	23	A_species_abundance
SF015	clean	clean	0.3018	23	A_species_abundance
SF016	unclean	clean	0.4886	23	A_species_abundance
SF017	unclean	clean	0.4174	23	A_species_abundance
SF018	unclean	unclean	0.8298	23	A_species_abundance
SF019	clean	clean	0.3166	23	A_species_abundance
SF020	clean	clean	0.3318	23	A_species_abundance
SF021	unclean	clean	0.2988	23	A_species_abundance
SF022	unclean	clean	0.3922	23	A_species_abundance
SF023	clean	clean	0.1668	23	A_species_abundance
SF024	unclean	clean	0.3138	23	A_species_abundance
SF025	clean	clean	0.2818	23	A_species_abundance
SF026	clean	clean	0.245	23	A_species_abundance
SF027	clean	unclean	0.6444	23	A_species_abundance
SF028	unclean	unclean	0.6554	23	A_species_abundance
SF029	clean	clean	0.2596	23	A_species_abundance
SF030	clean	unclean	0.6428	23	A_species_abundance
SF031	clean	unclean	0.505	23	A_species_abundance
SF032	clean	clean	0.299	23	A_species_abundance
SF033	clean	clean	0.4846	23	A_species_abundance
SF034	clean	clean	0.2928	23	A_species_abundance
SF035	clean	clean	0.2556	23	A_species_abundance
SF036	unclean	unclean	0.5706	23	A_species_abundance
SF037	clean	clean	0.4164	23	A_species_abundance
SF038	clean	clean	0.3064	23	A_species_abundance
SF039	unclean	unclean	0.763	23	A_species_abundance
SF040	clean	clean	0.3288	23	A_species_abundance
SF041	unclean	clean	0.223	23	A_species_abundance
SF042	clean	clean	0.246	23	A_species_abundance
SF043	clean	clean	0.3444	23	A_species_abundance
SF044	clean	clean	0.2902	23	A_species_abundance
SF045	unclean	clean	0.2328	23	A_species_abundance
SF046	clean	clean	0.4442	23	A_species_abundance
SF047	clean	unclean	0.6538	23	A_species_abundance
SF048	unclean	clean	0.2574	23	A_species_abundance
SF049	clean	clean	0.2916	23	A_species_abundance
SF050	clean	clean	0.3132	23	A_species_abundance
SF051	clean	clean	0.2804	23	A_species_abundance
SF052	clean	clean	0.3548	23	A_species_abundance
SF053	clean	clean	0.3744	23	A_species_abundance
SF054	unclean	unclean	0.615	23	A_species_abundance
SF055	unclean	clean	0.2312	23	A_species_abundance
SF056	clean	clean	0.4882	23	A_species_abundance
SF057	unclean	clean	0.3018	23	A_species_abundance
SF058	clean	clean	0.4054	23	A_species_abundance
SF059	unclean	clean	0.4204	23	A_species_abundance
SF060	unclean	clean	0.4016	23	A_species_abundance
SF061	clean	clean	0.3924	23	A_species_abundance
SF062	unclean	clean	0.1636	23	A_species_abundance
SF063	clean	clean	0.3898	23	A_species_abundance
SF064	clean	clean	0.2316	23	A_species_abundance
SF065	clean	clean	0.3758	23	A_species_abundance
SF066	clean	clean	0.3294	23	A_species_abundance
SF067	clean	unclean	0.5188	23	A_species_abundance
SF068	unclean	clean	0.2514	23	A_species_abundance
SF069	clean	clean	0.4038	23	A_species_abundance
SF070	unclean	unclean	0.7676	23	A_species_abundance
SF071	clean	clean	0.4262	23	A_species_abundance
SF072	unclean	clean	0.2584	23	A_species_abundance
SF073	clean	clean	0.2798	23	A_species_abundance
SF074	clean	clean	0.1848	23	A_species_abundance
SF075	clean	clean	0.3866	23	A_species_abundance
SF076	clean	clean	0.421	23	A_species_abundance
SF077	clean	clean	0.2798	23	A_species_abundance
SF078	unclean	clean	0.3634	23	A_species_abundance
SF079	unclean	unclean	0.5148	23	A_species_abundance
SF080	unclean	unclean	0.5176	23	A_species_abundance
SF081	unclean	clean	0.39	23	A_species_abundance
SF082	unclean	clean	0.4022	23	A_species_abundance
SF083	unclean	clean	0.471	23	A_species_abundance
SF084	clean	clean	0.4698	23	A_species_abundance
SF085	clean	clean	0.3808	23	A_species_abundance
SF086	clean	unclean	0.537	23	A_species_abundance
SF087	unclean	unclean	0.789	23	A_species_abundance
SF088	clean	clean	0.2666	23	A_species_abundance
SF089	unclean	unclean	0.8264	23	A_species_abundance
SF090	unclean	clean	0.3326	23	A_species_abundance
SF091	unclean	unclean	0.6174	23	A_species_abundance
SF092	unclean	unclean	0.6244	23	A_species_abundance
SF093	unclean	clean	0.3598	23	A_species_abundance
SF094	clean	clean	0.3262	23	A_species_abundance
SF095	unclean	clean	0.2638	23	A_species_abundance
SF096	clean	clean	0.2156	23	A_species_abundance
SF097	unclean	clean	0.401	23	A_species_abundance
SF001	unclean	unclean	0.744	24	A_species_abundance
SF002	clean	clean	0.2856	24	A_species_abundance
SF003	unclean	clean	0.492	24	A_species_abundance
SF004	clean	clean	0.3388	24	A_species_abundance
SF005	clean	clean	0.3034	24	A_species_abundance
SF006	unclean	unclean	0.737	24	A_species_abundance
SF007	unclean	unclean	0.7064	24	A_species_abundance
SF008	clean	clean	0.3666	24	A_species_abundance
SF009	unclean	clean	0.454	24	A_species_abundance
SF010	unclean	unclean	0.7394	24	A_species_abundance
SF011	clean	clean	0.3998	24	A_species_abundance
SF012	clean	unclean	0.697	24	A_species_abundance
SF013	unclean	clean	0.2328	24	A_species_abundance
SF014	clean	unclean	0.5034	24	A_species_abundance
SF015	clean	clean	0.2998	24	A_species_abundance
SF016	unclean	unclean	0.5544	24	A_species_abundance
SF017	unclean	clean	0.3436	24	A_species_abundance
SF018	unclean	unclean	0.8352	24	A_species_abundance
SF019	clean	clean	0.3226	24	A_species_abundance
SF020	clean	clean	0.3134	24	A_species_abundance
SF021	unclean	clean	0.2454	24	A_species_abundance
SF022	unclean	clean	0.3666	24	A_species_abundance
SF023	clean	clean	0.2862	24	A_species_abundance
SF024	unclean	clean	0.332	24	A_species_abundance
SF025	clean	clean	0.2794	24	A_species_abundance
SF026	clean	clean	0.2496	24	A_species_abundance
SF027	clean	unclean	0.581	24	A_species_abundance
SF028	unclean	unclean	0.654	24	A_species_abundance
SF029	clean	clean	0.2506	24	A_species_abundance
SF030	clean	unclean	0.706	24	A_species_abundance
SF031	clean	clean	0.4436	24	A_species_abundance
SF032	clean	clean	0.3826	24	A_species_abundance
SF033	clean	clean	0.4906	24	A_species_abundance
SF034	clean	clean	0.2908	24	A_species_abundance
SF035	clean	clean	0.2532	24	A_species_abundance
SF036	unclean	clean	0.4818	24	A_species_abundance
SF037	clean	clean	0.4836	24	A_species_abundance
SF038	clean	clean	0.369	24	A_species_abundance
SF039	unclean	unclean	0.7108	24	A_species_abundance
SF040	clean	clean	0.2884	24	A_species_abundance
SF041	unclean	clean	0.2366	24	A_species_abundance
SF042	clean	clean	0.2562	24	A_species_abundance
SF043	clean	clean	0.3028	24	A_species_abundance
SF044	clean	clean	0.3696	24	A_species_abundance
SF045	unclean	clean	0.2386	24	A_species_abundance
SF046	clean	clean	0.4556	24	A_species_abundance
SF047	clean	unclean	0.5898	24	A_species_abundance
SF048	unclean	clean	0.276	24	A_species_abundance
SF049	clean	clean	0.2606	24	A_species_abundance
SF050	clean	clean	0.3136	24	A_species_abundance
SF051	clean	clean	0.288	24	A_species_abundance
SF052	clean	clean	0.3276	24	A_species_abundance
SF053	clean	clean	0.3826	24	A_species_abundance
SF054	unclean	unclean	0.635	24	A_species_abundance
SF055	unclean	clean	0.2462	24	A_species_abundance
SF056	clean	unclean	0.5096	24	A_species_abundance
SF057	unclean	clean	0.2766	24	A_species_abundance
SF058	clean	clean	0.4248	24	A_species_abundance
SF059	unclean	clean	0.4176	24	A_species_abundance
SF060	unclean	clean	0.3412	24	A_species_abundance
SF061	clean	clean	0.3318	24	A_species_abundance
SF062	unclean	clean	0.151	24	A_species_abundance
SF063	clean	clean	0.4514	24	A_species_abundance
SF064	clean	clean	0.2116	24	A_species_abundance
SF065	clean	clean	0.3714	24	A_species_abundance
SF066	clean	clean	0.3582	24	A_species_abundance
SF067	clean	clean	0.4516	24	A_species_abundance
SF068	unclean	clean	0.2578	24	A_species_abundance
SF069	clean	clean	0.4032	24	A_species_abundance
SF070	unclean	unclean	0.758	24	A_species_abundance
SF071	clean	clean	0.4408	24	A_species_abundance
SF072	unclean	clean	0.2542	24	A_species_abundance
SF073	clean	clean	0.2778	24	A_species_abundance
SF074	clean	clean	0.176	24	A_species_abundance
SF075	clean	clean	0.3672	24	A_species_abundance
SF076	clean	clean	0.4272	24	A_species_abundance
SF077	clean	clean	0.3998	24	A_species_abundance
SF078	unclean	clean	0.397	24	A_species_abundance
SF079	unclean	unclean	0.5508	24	A_species_abundance
SF080	unclean	clean	0.4744	24	A_species_abundance
SF081	unclean	clean	0.3472	24	A_species_abundance
SF082	unclean	clean	0.4564	24	A_species_abundance
SF083	unclean	clean	0.492	24	A_species_abundance
SF084	clean	unclean	0.5142	24	A_species_abundance
SF085	clean	clean	0.3976	24	A_species_abundance
SF086	clean	unclean	0.5788	24	A_species_abundance
SF087	unclean	unclean	0.7806	24	A_species_abundance
SF088	clean	clean	0.3102	24	A_species_abundance
SF089	unclean	unclean	0.8164	24	A_species_abundance
SF090	unclean	clean	0.4148	24	A_species_abundance
SF091	unclean	unclean	0.615	24	A_species_abundance
SF092	unclean	unclean	0.7274	24	A_species_abundance
SF093	unclean	clean	0.4254	24	A_species_abundance
SF094	clean	clean	0.3692	24	A_species_abundance
SF095	unclean	clean	0.2516	24	A_species_abundance
SF096	clean	clean	0.1432	24	A_species_abundance
SF097	unclean	clean	0.459	24	A_species_abundance
SF001	unclean	unclean	0.783	25	A_species_abundance
SF002	clean	clean	0.2656	25	A_species_abundance
SF003	unclean	unclean	0.6652	25	A_species_abundance
SF004	clean	clean	0.2504	25	A_species_abundance
SF005	clean	clean	0.3192	25	A_species_abundance
SF006	unclean	unclean	0.7298	25	A_species_abundance
SF007	unclean	unclean	0.7294	25	A_species_abundance
SF008	clean	clean	0.3896	25	A_species_abundance
SF009	unclean	unclean	0.5354	25	A_species_abundance
SF010	unclean	unclean	0.774	25	A_species_abundance
SF011	clean	clean	0.2964	25	A_species_abundance
SF012	clean	unclean	0.6734	25	A_species_abundance
SF013	unclean	clean	0.229	25	A_species_abundance
SF014	clean	clean	0.493	25	A_species_abundance
SF015	clean	clean	0.3028	25	A_species_abundance
SF016	unclean	clean	0.4824	25	A_species_abundance
SF017	unclean	clean	0.3948	25	A_species_abundance
SF018	unclean	unclean	0.8434	25	A_species_abundance
SF019	clean	clean	0.3278	25	A_species_abundance
SF020	clean	clean	0.2764	25	A_species_abundance
SF021	unclean	clean	0.2652	25	A_species_abundance
SF022	unclean	clean	0.3938	25	A_species_abundance
SF023	clean	clean	0.2108	25	A_species_abundance
SF024	unclean	clean	0.2862	25	A_species_abundance
SF025	clean	clean	0.2544	25	A_species_abundance
SF026	clean	clean	0.2432	25	A_species_abundance
SF027	clean	unclean	0.6434	25	A_species_abundance
SF028	unclean	unclean	0.623	25	A_species_abundance
SF029	clean	clean	0.2066	25	A_species_abundance
SF030	clean	unclean	0.663	25	A_species_abundance
SF031	clean	clean	0.4682	25	A_species_abundance
SF032	clean	clean	0.363	25	A_species_abundance
SF033	clean	clean	0.4808	25	A_species_abundance
SF034	clean	clean	0.2768	25	A_species_abundance
SF035	clean	clean	0.2676	25	A_species_abundance
SF036	unclean	unclean	0.5602	25	A_species_abundance
SF037	clean	clean	0.3856	25	A_species_abundance
SF038	clean	clean	0.293	25	A_species_abundance
SF039	unclean	unclean	0.717	25	A_species_abundance
SF040	clean	clean	0.3278	25	A_species_abundance
SF041	unclean	clean	0.2952	25	A_species_abundance
SF042	clean	clean	0.2136	25	A_species_abundance
SF043	clean	clean	0.3534	25	A_species_abundance
SF044	clean	clean	0.2326	25	A_species_abundance
SF045	unclean	clean	0.2772	25	A_species_abundance
SF046	clean	clean	0.477	25	A_species_abundance
SF047	clean	unclean	0.6074	25	A_species_abundance
SF048	unclean	clean	0.2506	25	A_species_abundance
SF049	clean	clean	0.3252	25	A_species_abundance
SF050	clean	clean	0.2916	25	A_species_abundance
SF051	clean	clean	0.296	25	A_species_abundance
SF052	clean	clean	0.3424	25	A_species_abundance
SF053	clean	clean	0.365	25	A_species_abundance
SF054	unclean	unclean	0.5528	25	A_species_abundance
SF055	unclean	clean	0.2478	25	A_species_abundance
SF056	clean	unclean	0.5198	25	A_species_abundance
SF057	unclean	clean	0.2802	25	A_species_abundance
SF058	clean	clean	0.476	25	A_species_abundance
SF059	unclean	clean	0.446	25	A_species_abundance
SF060	unclean	clean	0.3462	25	A_species_abundance
SF061	clean	clean	0.3466	25	A_species_abundance
SF062	unclean	clean	0.201	25	A_species_abundance
SF063	clean	clean	0.4064	25	A_species_abundance
SF064	clean	clean	0.2066	25	A_species_abundance
SF065	clean	clean	0.3646	25	A_species_abundance
SF066	clean	clean	0.3978	25	A_species_abundance
SF067	clean	clean	0.4908	25	A_species_abundance
SF068	unclean	clean	0.2804	25	A_species_abundance
SF069	clean	clean	0.4152	25	A_species_abundance
SF070	unclean	unclean	0.7252	25	A_species_abundance
SF071	clean	clean	0.424	25	A_species_abundance
SF072	unclean	clean	0.2432	25	A_species_abundance
SF073	clean	clean	0.2674	25	A_species_abundance
SF074	clean	clean	0.1834	25	A_species_abundance
SF075	clean	clean	0.4034	25	A_species_abundance
SF076	clean	clean	0.4474	25	A_species_abundance
SF077	clean	clean	0.3826	25	A_species_abundance
SF078	unclean	clean	0.406	25	A_species_abundance
SF079	unclean	unclean	0.5572	25	A_species_abundance
SF080	unclean	unclean	0.5498	25	A_species_abundance
SF081	unclean	clean	0.364	25	A_species_abundance
SF082	unclean	clean	0.4078	25	A_species_abundance
SF083	unclean	unclean	0.5114	25	A_species_abundance
SF084	clean	clean	0.4484	25	A_species_abundance
SF085	clean	clean	0.2916	25	A_species_abundance
SF086	clean	unclean	0.5464	25	A_species_abundance
SF087	unclean	unclean	0.8472	25	A_species_abundance
SF088	clean	clean	0.3216	25	A_species_abundance
SF089	unclean	unclean	0.8118	25	A_species_abundance
SF090	unclean	clean	0.4164	25	A_species_abundance
SF091	unclean	unclean	0.625	25	A_species_abundance
SF092	unclean	unclean	0.6356	25	A_species_abundance
SF093	unclean	clean	0.4292	25	A_species_abundance
SF094	clean	clean	0.4006	25	A_species_abundance
SF095	unclean	clean	0.2818	25	A_species_abundance
SF096	clean	clean	0.213	25	A_species_abundance
SF097	unclean	clean	0.4452	25	A_species_abundance
SF001	unclean	unclean	0.7806	26	A_species_abundance
SF002	clean	clean	0.2662	26	A_species_abundance
SF003	unclean	unclean	0.5318	26	A_species_abundance
SF004	clean	clean	0.1928	26	A_species_abundance
SF005	clean	clean	0.4114	26	A_species_abundance
SF006	unclean	unclean	0.7912	26	A_species_abundance
SF007	unclean	unclean	0.7392	26	A_species_abundance
SF008	clean	clean	0.3868	26	A_species_abundance
SF009	unclean	clean	0.38	26	A_species_abundance
SF010	unclean	unclean	0.798	26	A_species_abundance
SF011	clean	clean	0.3516	26	A_species_abundance
SF012	clean	unclean	0.6666	26	A_species_abundance
SF013	unclean	clean	0.233	26	A_species_abundance
SF014	clean	clean	0.3928	26	A_species_abundance
SF015	clean	clean	0.2598	26	A_species_abundance
SF016	unclean	unclean	0.5006	26	A_species_abundance
SF017	unclean	clean	0.421	26	A_species_abundance
SF018	unclean	unclean	0.8256	26	A_species_abundance
SF019	clean	clean	0.3264	26	A_species_abundance
SF020	clean	clean	0.3242	26	A_species_abundance
SF021	unclean	clean	0.261	26	A_species_abundance
SF022	unclean	clean	0.3466	26	A_species_abundance
SF023	clean	clean	0.3032	26	A_species_abundance
SF024	unclean	clean	0.292	26	A_species_abundance
SF025	clean	clean	0.257	26	A_species_abundance
SF026	clean	clean	0.2306	26	A_species_abundance
SF027	clean	unclean	0.677	26	A_species_abundance
SF028	unclean	unclean	0.5522	26	A_species_abundance
SF029	clean	clean	0.2428	26	A_species_abundance
SF030	clean	unclean	0.6654	26	A_species_abundance
SF031	clean	unclean	0.584	26	A_species_abundance
SF032	clean	clean	0.3982	26	A_species_abundance
SF033	clean	clean	0.4588	26	A_species_abundance
SF034	clean	clean	0.2636	26	A_species_abundance
SF035	clean	clean	0.3694	26	A_species_abundance
SF036	unclean	unclean	0.5598	26	A_species_abundance
SF037	clean	clean	0.441	26	A_species_abundance
SF038	clean	clean	0.2536	26	A_species_abundance
SF039	unclean	unclean	0.6314	26	A_species_abundance
SF040	clean	clean	0.33	26	A_species_abundance
SF041	unclean	clean	0.2792	26	A_species_abundance
SF042	clean	clean	0.26	26	A_species_abundance
SF043	clean	clean	0.3308	26	A_species_abundance
SF044	clean	clean	0.3054	26	A_species_abundance
SF045	unclean	clean	0.246	26	A_species_abundance
SF046	clean	unclean	0.527	26	A_species_abundance
SF047	clean	unclean	0.6276	26	A_species_abundance
SF048	unclean	clean	0.2444	26	A_species_abundance
SF049	clean	clean	0.3242	26	A_species_abundance
SF050	clean	clean	0.2914	26	A_species_abundance
SF051	clean	clean	0.3158	26	A_species_abundance
SF052	clean	clean	0.3428	26	A_species_abundance
SF053	clean	clean	0.3516	26	A_species_abundance
SF054	unclean	unclean	0.5802	26	A_species_abundance
SF055	unclean	clean	0.2334	26	A_species_abundance
SF056	clean	unclean	0.5154	26	A_species_abundance
SF057	unclean	clean	0.2822	26	A_species_abundance
SF058	clean	clean	0.4006	26	A_species_abundance
SF059	unclean	clean	0.4634	26	A_species_abundance
SF060	unclean	clean	0.3348	26	A_species_abundance
SF061	clean	clean	0.3696	26	A_species_abundance
SF062	unclean	clean	0.179	26	A_species_abundance
SF063	clean	clean	0.3922	26	A_species_abundance
SF064	clean	clean	0.2216	26	A_species_abundance
SF065	clean	clean	0.3664	26	A_species_abundance
SF066	clean	clean	0.2686	26	A_species_abundance
SF067	clean	unclean	0.5626	26	A_species_abundance
SF068	unclean	clean	0.2208	26	A_species_abundance
SF069	clean	clean	0.4078	26	A_species_abundance
SF070	unclean	unclean	0.73	26	A_species_abundance
SF071	clean	clean	0.443	26	A_species_abundance
SF072	unclean	clean	0.1884	26	A_species_abundance
SF073	clean	clean	0.2746	26	A_species_abundance
SF074	clean	clean	0.2218	26	A_species_abundance
SF075	clean	clean	0.3334	26	A_species_abundance
SF076	clean	clean	0.4092	26	A_species_abundance
SF077	clean	clean	0.3416	26	A_species_abundance
SF078	unclean	clean	0.459	26	A_species_abundance
SF079	unclean	clean	0.4562	26	A_species_abundance
SF080	unclean	clean	0.4998	26	A_species_abundance
SF081	unclean	clean	0.3844	26	A_species_abundance
SF082	unclean	clean	0.4702	26	A_species_abundance
SF083	unclean	unclean	0.5068	26	A_species_abundance
SF084	clean	clean	0.401	26	A_species_abundance
SF085	clean	clean	0.336	26	A_species_abundance
SF086	clean	unclean	0.506	26	A_species_abundance
SF087	unclean	unclean	0.7582	26	A_species_abundance
SF088	clean	clean	0.258	26	A_species_abundance
SF089	unclean	unclean	0.763	26	A_species_abundance
SF090	unclean	clean	0.3694	26	A_species_abundance
SF091	unclean	unclean	0.5768	26	A_species_abundance
SF092	unclean	unclean	0.6934	26	A_species_abundance
SF093	unclean	clean	0.455	26	A_species_abundance
SF094	clean	clean	0.3114	26	A_species_abundance
SF095	unclean	clean	0.2748	26	A_species_abundance
SF096	clean	clean	0.2516	26	A_species_abundance
SF097	unclean	clean	0.4056	26	A_species_abundance
SF001	unclean	unclean	0.7234	27	A_species_abundance
SF002	clean	clean	0.2174	27	A_species_abundance
SF003	unclean	unclean	0.5438	27	A_species_abundance
SF004	clean	clean	0.3388	27	A_species_abundance
SF005	clean	clean	0.3356	27	A_species_abundance
SF006	unclean	unclean	0.7668	27	A_species_abundance
SF007	unclean	unclean	0.7298	27	A_species_abundance
SF008	clean	clean	0.3468	27	A_species_abundance
SF009	unclean	clean	0.4202	27	A_species_abundance
SF010	unclean	unclean	0.8068	27	A_species_abundance
SF011	clean	clean	0.3568	27	A_species_abundance
SF012	clean	unclean	0.6548	27	A_species_abundance
SF013	unclean	clean	0.2388	27	A_species_abundance
SF014	clean	clean	0.406	27	A_species_abundance
SF015	clean	clean	0.3242	27	A_species_abundance
SF016	unclean	unclean	0.5292	27	A_species_abundance
SF017	unclean	clean	0.3396	27	A_species_abundance
SF018	unclean	unclean	0.8102	27	A_species_abundance
SF019	clean	clean	0.2746	27	A_species_abundance
SF020	clean	clean	0.2936	27	A_species_abundance
SF021	unclean	clean	0.2574	27	A_species_abundance
SF022	unclean	clean	0.3904	27	A_species_abundance
SF023	clean	clean	0.2766	27	A_species_abundance
SF024	unclean	clean	0.3194	27	A_species_abundance
SF025	clean	clean	0.2752	27	A_species_abundance
SF026	clean	clean	0.2526	27	A_species_abundance
SF027	clean	unclean	0.594	27	A_species_abundance
SF028	unclean	unclean	0.6166	27	A_species_abundance
SF029	clean	clean	0.172	27	A_species_abundance
SF030	clean	unclean	0.7848	27	A_species_abundance
SF031	clean	clean	0.476	27	A_species_abundance
SF032	clean	clean	0.3602	27	A_species_abundance
SF033	clean	clean	0.4958	27	A_species_abundance
SF034	clean	clean	0.3282	27	A_species_abundance
SF035	clean	clean	0.2528	27	A_species_abundance
SF036	unclean	unclean	0.5056	27	A_species_abundance
SF037	clean	clean	0.3866	27	A_species_abundance
SF038	clean	clean	0.317	27	A_species_abundance
SF039	unclean	unclean	0.7566	27	A_species_abundance
SF040	clean	clean	0.37	27	A_species_abundance
SF041	unclean	clean	0.2734	27	A_species_abundance
SF042	clean	clean	0.2272	27	A_species_abundance
SF043	clean	clean	0.2694	27	A_species_abundance
SF044	clean	clean	0.269	27	A_species_abundance
SF045	unclean	clean	0.2366	27	A_species_abundance
SF046	clean	clean	0.492	27	A_species_abundance
SF047	clean	unclean	0.7166	27	A_species_abundance
SF048	unclean	clean	0.2882	27	A_species_abundance
SF049	clean	clean	0.288	27	A_species_abundance
SF050	clean	clean	0.3056	27	A_species_abundance
SF051	clean	clean	0.304	27	A_species_abundance
SF052	clean	clean	0.3006	27	A_species_abundance
SF053	clean	clean	0.4018	27	A_species_abundance
SF054	unclean	unclean	0.5594	27	A_species_abundance
SF055	unclean	clean	0.232	27	A_species_abundance
SF056	clean	unclean	0.5042	27	A_species_abundance
SF057	unclean	clean	0.3288	27	A_species_abundance
SF058	clean	clean	0.4104	27	A_species_abundance
SF059	unclean	clean	0.4524	27	A_species_abundance
SF060	unclean	clean	0.4328	27	A_species_abundance
SF061	clean	clean	0.3792	27	A_species_abundance
SF062	unclean	clean	0.173	27	A_species_abundance
SF063	clean	clean	0.4406	27	A_species_abundance
SF064	clean	clean	0.1532	27	A_species_abundance
SF065	clean	clean	0.397	27	A_species_abundance
SF066	clean	clean	0.3844	27	A_species_abundance
SF067	clean	unclean	0.5016	27	A_species_abundance
SF068	unclean	clean	0.2788	27	A_species_abundance
SF069	clean	clean	0.3454	27	A_species_abundance
SF070	unclean	unclean	0.7702	27	A_species_abundance
SF071	clean	clean	0.4174	27	A_species_abundance
SF072	unclean	clean	0.2616	27	A_species_abundance
SF073	clean	clean	0.269	27	A_species_abundance
SF074	clean	clean	0.1694	27	A_species_abundance
SF075	clean	clean	0.4166	27	A_species_abundance
SF076	clean	clean	0.388	27	A_species_abundance
SF077	clean	clean	0.3124	27	A_species_abundance
SF078	unclean	clean	0.3844	27	A_species_abundance
SF079	unclean	unclean	0.515	27	A_species_abundance
SF080	unclean	unclean	0.5026	27	A_species_abundance
SF081	unclean	clean	0.3646	27	A_species_abundance
SF082	unclean	clean	0.487	27	A_species_abundance
SF083	unclean	clean	0.4408	27	A_species_abundance
SF084	clean	clean	0.462	27	A_species_abundance
SF085	clean	clean	0.3046	27	A_species_abundance
SF086	clean	unclean	0.59	27	A_species_abundance
SF087	unclean	unclean	0.7984	27	A_species_abundance
SF088	clean	clean	0.232	27	A_species_abundance
SF089	unclean	unclean	0.8136	27	A_species_abundance
SF090	unclean	clean	0.384	27	A_species_abundance
SF091	unclean	unclean	0.6182	27	A_species_abundance
SF092	unclean	unclean	0.6518	27	A_species_abundance
SF093	unclean	clean	0.4716	27	A_species_abundance
SF094	clean	clean	0.313	27	A_species_abundance
SF095	unclean	clean	0.271	27	A_species_abundance
SF096	clean	clean	0.2408	27	A_species_abundance
SF097	unclean	clean	0.4292	27	A_species_abundance
SF001	unclean	unclean	0.7592	28	A_species_abundance
SF002	clean	clean	0.242	28	A_species_abundance
SF003	unclean	unclean	0.5484	28	A_species_abundance
SF004	clean	clean	0.298	28	A_species_abundance
SF005	clean	clean	0.3462	28	A_species_abundance
SF006	unclean	unclean	0.802	28	A_species_abundance
SF007	unclean	unclean	0.7628	28	A_species_abundance
SF008	clean	clean	0.369	28	A_species_abundance
SF009	unclean	unclean	0.5034	28	A_species_abundance
SF010	unclean	unclean	0.834	28	A_species_abundance
SF011	clean	clean	0.3512	28	A_species_abundance
SF012	clean	unclean	0.6106	28	A_species_abundance
SF013	unclean	clean	0.2432	28	A_species_abundance
SF014	clean	clean	0.4372	28	A_species_abundance
SF015	clean	clean	0.3118	28	A_species_abundance
SF016	unclean	clean	0.468	28	A_species_abundance
SF017	unclean	clean	0.3642	28	A_species_abundance
SF018	unclean	unclean	0.8418	28	A_species_abundance
SF019	clean	clean	0.2786	28	A_species_abundance
SF020	clean	clean	0.2432	28	A_species_abundance
SF021	unclean	clean	0.2774	28	A_species_abundance
SF022	unclean	clean	0.3708	28	A_species_abundance
SF023	clean	clean	0.2278	28	A_species_abundance
SF024	unclean	clean	0.3256	28	A_species_abundance
SF025	clean	clean	0.2658	28	A_species_abundance
SF026	clean	clean	0.2008	28	A_species_abundance
SF027	clean	unclean	0.6142	28	A_species_abundance
SF028	unclean	unclean	0.5876	28	A_species_abundance
SF029	clean	clean	0.2082	28	A_species_abundance
SF030	clean	unclean	0.697	28	A_species_abundance
SF031	clean	clean	0.4578	28	A_species_abundance
SF032	clean	clean	0.3446	28	A_species_abundance
SF033	clean	unclean	0.506	28	A_species_abundance
SF034	clean	clean	0.2866	28	A_species_abundance
SF035	clean	clean	0.2596	28	A_species_abundance
SF036	unclean	unclean	0.5592	28	A_species_abundance
SF037	clean	clean	0.3928	28	A_species_abundance
SF038	clean	clean	0.3386	28	A_species_abundance
SF039	unclean	unclean	0.722	28	A_species_abundance
SF040	clean	clean	0.4006	28	A_species_abundance
SF041	unclean	clean	0.2836	28	A_species_abundance
SF042	clean	clean	0.1884	28	A_species_abundance
SF043	clean	clean	0.3162	28	A_species_abundance
SF044	clean	clean	0.229	28	A_species_abundance
SF045	unclean	clean	0.2412	28	A_species_abundance
SF046	clean	unclean	0.5008	28	A_species_abundance
SF047	clean	unclean	0.5866	28	A_species_abundance
SF048	unclean	clean	0.2702	28	A_species_abundance
SF049	clean	clean	0.3346	28	A_species_abundance
SF050	clean	clean	0.3462	28	A_species_abundance
SF051	clean	clean	0.2282	28	A_species_abundance
SF052	clean	clean	0.3504	28	A_species_abundance
SF053	clean	clean	0.3544	28	A_species_abundance
SF054	unclean	unclean	0.6062	28	A_species_abundance
SF055	unclean	clean	0.228	28	A_species_abundance
SF056	clean	unclean	0.5298	28	A_species_abundance
SF057	unclean	clean	0.308	28	A_species_abundance
SF058	clean	clean	0.4524	28	A_species_abundance
SF059	unclean	clean	0.4522	28	A_species_abundance
SF060	unclean	clean	0.3772	28	A_species_abundance
SF061	clean	clean	0.3508	28	A_species_abundance
SF062	unclean	clean	0.1934	28	A_species_abundance
SF063	clean	clean	0.393	28	A_species_abundance
SF064	clean	clean	0.1978	28	A_species_abundance
SF065	clean	clean	0.3544	28	A_species_abundance
SF066	clean	clean	0.3934	28	A_species_abundance
SF067	clean	clean	0.476	28	A_species_abundance
SF068	unclean	clean	0.2816	28	A_species_abundance
SF069	clean	clean	0.347	28	A_species_abundance
SF070	unclean	unclean	0.7564	28	A_species_abundance
SF071	clean	clean	0.4576	28	A_species_abundance
SF072	unclean	clean	0.2624	28	A_species_abundance
SF073	clean	clean	0.208	28	A_species_abundance
SF074	clean	clean	0.1646	28	A_species_abundance
SF075	clean	clean	0.3598	28	A_species_abundance
SF076	clean	clean	0.4136	28	A_species_abundance
SF077	clean	clean	0.3634	28	A_species_abundance
SF078	unclean	clean	0.3984	28	A_species_abundance
SF079	unclean	unclean	0.5238	28	A_species_abundance
SF080	unclean	unclean	0.5168	28	A_species_abundance
SF081	unclean	clean	0.3838	28	A_species_abundance
SF082	unclean	clean	0.4368	28	A_species_abundance
SF083	unclean	clean	0.4548	28	A_species_abundance
SF084	clean	clean	0.4066	28	A_species_abundance
SF085	clean	clean	0.2886	28	A_species_abundance
SF086	clean	unclean	0.5162	28	A_species_abundance
SF087	unclean	unclean	0.8016	28	A_species_abundance
SF088	clean	clean	0.288	28	A_species_abundance
SF089	unclean	unclean	0.8028	28	A_species_abundance
SF090	unclean	clean	0.4778	28	A_species_abundance
SF091	unclean	unclean	0.546	28	A_species_abundance
SF092	unclean	unclean	0.6716	28	A_species_abundance
SF093	unclean	clean	0.451	28	A_species_abundance
SF094	clean	clean	0.3914	28	A_species_abundance
SF095	unclean	clean	0.2856	28	A_species_abundance
SF096	clean	clean	0.2246	28	A_species_abundance
SF097	unclean	clean	0.4796	28	A_species_abundance
SF001	unclean	unclean	0.7662	29	A_species_abundance
SF002	clean	clean	0.2104	29	A_species_abundance
SF003	unclean	unclean	0.5082	29	A_species_abundance
SF004	clean	clean	0.3096	29	A_species_abundance
SF005	clean	clean	0.3146	29	A_species_abundance
SF006	unclean	unclean	0.7614	29	A_species_abundance
SF007	unclean	unclean	0.7878	29	A_species_abundance
SF008	clean	clean	0.3074	29	A_species_abundance
SF009	unclean	clean	0.4086	29	A_species_abundance
SF010	unclean	unclean	0.8068	29	A_species_abundance
SF011	clean	clean	0.3912	29	A_species_abundance
SF012	clean	unclean	0.6592	29	A_species_abundance
SF013	unclean	clean	0.2622	29	A_species_abundance
SF014	clean	unclean	0.5112	29	A_species_abundance
SF015	clean	clean	0.3686	29	A_species_abundance
SF016	unclean	clean	0.4838	29	A_species_abundance
SF017	unclean	clean	0.3754	29	A_species_abundance
SF018	unclean	unclean	0.8384	29	A_species_abundance
SF019	clean	clean	0.277	29	A_species_abundance
SF020	clean	clean	0.315	29	A_species_abundance
SF021	unclean	clean	0.2878	29	A_species_abundance
SF022	unclean	clean	0.3656	29	A_species_abundance
SF023	clean	clean	0.224	29	A_species_abundance
SF024	unclean	clean	0.3086	29	A_species_abundance
SF025	clean	clean	0.191	29	A_species_abundance
SF026	clean	clean	0.2362	29	A_species_abundance
SF027	clean	unclean	0.6286	29	A_species_abundance
SF028	unclean	unclean	0.6754	29	A_species_abundance
SF029	clean	clean	0.2452	29	A_species_abundance
SF030	clean	unclean	0.6846	29	A_species_abundance
SF031	clean	clean	0.4954	29	A_species_abundance
SF032	clean	clean	0.32	29	A_species_abundance
SF033	clean	clean	0.414	29	A_species_abundance
SF034	clean	clean	0.3174	29	A_species_abundance
SF035	clean	clean	0.2498	29	A_species_abundance
SF036	unclean	unclean	0.6146	29	A_species_abundance
SF037	clean	clean	0.3534	29	A_species_abundance
SF038	clean	clean	0.3	29	A_species_abundance
SF039	unclean	unclean	0.7594	29	A_species_abundance
SF040	clean	clean	0.3236	29	A_species_abundance
SF041	unclean	clean	0.3066	29	A_species_abundance
SF042	clean	clean	0.213	29	A_species_abundance
SF043	clean	clean	0.3374	29	A_species_abundance
SF044	clean	clean	0.3124	29	A_species_abundance
SF045	unclean	clean	0.2756	29	A_species_abundance
SF046	clean	clean	0.4684	29	A_species_abundance
SF047	clean	unclean	0.6362	29	A_species_abundance
SF048	unclean	clean	0.2314	29	A_species_abundance
SF049	clean	clean	0.2908	29	A_species_abundance
SF050	clean	clean	0.3264	29	A_species_abundance
SF051	clean	clean	0.2966	29	A_species_abundance
SF052	clean	clean	0.3018	29	A_species_abundance
SF053	clean	clean	0.3788	29	A_species_abundance
SF054	unclean	unclean	0.615	29	A_species_abundance
SF055	unclean	clean	0.2332	29	A_species_abundance
SF056	clean	unclean	0.516	29	A_species_abundance
SF057	unclean	clean	0.287	29	A_species_abundance
SF058	clean	clean	0.3632	29	A_species_abundance
SF059	unclean	clean	0.4396	29	A_species_abundance
SF060	unclean	clean	0.3886	29	A_species_abundance
SF061	clean	clean	0.3362	29	A_species_abundance
SF062	unclean	clean	0.1722	29	A_species_abundance
SF063	clean	clean	0.4378	29	A_species_abundance
SF064	clean	clean	0.2336	29	A_species_abundance
SF065	clean	clean	0.396	29	A_species_abundance
SF066	clean	clean	0.363	29	A_species_abundance
SF067	clean	unclean	0.5144	29	A_species_abundance
SF068	unclean	clean	0.3248	29	A_species_abundance
SF069	clean	clean	0.3728	29	A_species_abundance
SF070	unclean	unclean	0.718	29	A_species_abundance
SF071	clean	clean	0.3784	29	A_species_abundance
SF072	unclean	clean	0.222	29	A_species_abundance
SF073	clean	clean	0.2614	29	A_species_abundance
SF074	clean	clean	0.1836	29	A_species_abundance
SF075	clean	clean	0.3866	29	A_species_abundance
SF076	clean	clean	0.4542	29	A_species_abundance
SF077	clean	clean	0.342	29	A_species_abundance
SF078	unclean	clean	0.4136	29	A_species_abundance
SF079	unclean	unclean	0.5428	29	A_species_abundance
SF080	unclean	unclean	0.5314	29	A_species_abundance
SF081	unclean	clean	0.3374	29	A_species_abundance
SF082	unclean	clean	0.3722	29	A_species_abundance
SF083	unclean	clean	0.457	29	A_species_abundance
SF084	clean	clean	0.3876	29	A_species_abundance
SF085	clean	clean	0.2576	29	A_species_abundance
SF086	clean	unclean	0.5808	29	A_species_abundance
SF087	unclean	unclean	0.8148	29	A_species_abundance
SF088	clean	clean	0.3036	29	A_species_abundance
SF089	unclean	unclean	0.7588	29	A_species_abundance
SF090	unclean	clean	0.385	29	A_species_abundance
SF091	unclean	unclean	0.5934	29	A_species_abundance
SF092	unclean	unclean	0.599	29	A_species_abundance
SF093	unclean	clean	0.4792	29	A_species_abundance
SF094	clean	clean	0.3458	29	A_species_abundance
SF095	unclean	clean	0.2638	29	A_species_abundance
SF096	clean	clean	0.1974	29	A_species_abundance
SF097	unclean	clean	0.4644	29	A_species_abundance
SF001	unclean	unclean	0.7788	30	A_species_abundance
SF002	clean	clean	0.2622	30	A_species_abundance
SF003	unclean	unclean	0.5574	30	A_species_abundance
SF004	clean	clean	0.297	30	A_species_abundance
SF005	clean	clean	0.3198	30	A_species_abundance
SF006	unclean	unclean	0.7474	30	A_species_abundance
SF007	unclean	unclean	0.7332	30	A_species_abundance
SF008	clean	clean	0.4044	30	A_species_abundance
SF009	unclean	clean	0.381	30	A_species_abundance
SF010	unclean	unclean	0.7802	30	A_species_abundance
SF011	clean	clean	0.3266	30	A_species_abundance
SF012	clean	unclean	0.7124	30	A_species_abundance
SF013	unclean	clean	0.2454	30	A_species_abundance
SF014	clean	clean	0.41	30	A_species_abundance
SF015	clean	clean	0.2544	30	A_species_abundance
SF016	unclean	clean	0.4374	30	A_species_abundance
SF017	unclean	clean	0.454	30	A_species_abundance
SF018	unclean	unclean	0.8174	30	A_species_abundance
SF019	clean	clean	0.3322	30	A_species_abundance
SF020	clean	clean	0.2632	30	A_species_abundance
SF021	unclean	clean	0.289	30	A_species_abundance
SF022	unclean	clean	0.291	30	A_species_abundance
SF023	clean	clean	0.264	30	A_species_abundance
SF024	unclean	clean	0.2604	30	A_species_abundance
SF025	clean	clean	0.2652	30	A_species_abundance
SF026	clean	clean	0.2466	30	A_species_abundance
SF027	clean	unclean	0.6298	30	A_species_abundance
SF028	unclean	unclean	0.6156	30	A_species_abundance
SF029	clean	clean	0.23	30	A_species_abundance
SF030	clean	unclean	0.765	30	A_species_abundance
SF031	clean	unclean	0.5046	30	A_species_abundance
SF032	clean	clean	0.3456	30	A_species_abundance
SF033	clean	clean	0.4656	30	A_species_abundance
SF034	clean	clean	0.2368	30	A_species_abundance
SF035	clean	clean	0.2764	30	A_species_abundance
SF036	unclean	unclean	0.5604	30	A_species_abundance
SF037	clean	clean	0.4126	30	A_species_abundance
SF038	clean	clean	0.331	30	A_species_abundance
SF039	unclean	unclean	0.7132	30	A_species_abundance
SF040	clean	clean	0.3138	30	A_species_abundance
SF041	unclean	clean	0.271	30	A_species_abundance
SF042	clean	clean	0.2504	30	A_species_abundance
SF043	clean	clean	0.3226	30	A_species_abundance
SF044	clean	clean	0.2252	30	A_species_abundance
SF045	unclean	clean	0.2358	30	A_species_abundance
SF046	clean	clean	0.4976	30	A_species_abundance
SF047	clean	unclean	0.6468	30	A_species_abundance
SF048	unclean	clean	0.2292	30	A_species_abundance
SF049	clean	clean	0.3188	30	A_species_abundance
SF050	clean	clean	0.311	30	A_species_abundance
SF051	clean	clean	0.2084	30	A_species_abundance
SF052	clean	clean	0.3226	30	A_species_abundance
SF053	clean	clean	0.3154	30	A_species_abundance
SF054	unclean	unclean	0.6112	30	A_species_abundance
SF055	unclean	clean	0.2344	30	A_species_abundance
SF056	clean	unclean	0.5122	30	A_species_abundance
SF057	unclean	clean	0.315	30	A_species_abundance
SF058	clean	clean	0.3752	30	A_species_abundance
SF059	unclean	clean	0.4318	30	A_species_abundance
SF060	unclean	clean	0.3774	30	A_species_abundance
SF061	clean	clean	0.3404	30	A_species_abundance
SF062	unclean	clean	0.1874	30	A_species_abundance
SF063	clean	clean	0.3586	30	A_species_abundance
SF064	clean	clean	0.254	30	A_species_abundance
SF065	clean	clean	0.3712	30	A_species_abundance
SF066	clean	clean	0.2984	30	A_species_abundance
SF067	clean	unclean	0.5762	30	A_species_abundance
SF068	unclean	clean	0.2828	30	A_species_abundance
SF069	clean	clean	0.3724	30	A_species_abundance
SF070	unclean	unclean	0.7564	30	A_species_abundance
SF071	clean	clean	0.426	30	A_species_abundance
SF072	unclean	clean	0.2114	30	A_species_abundance
SF073	clean	clean	0.2156	30	A_species_abundance
SF074	clean	clean	0.1802	30	A_species_abundance
SF075	clean	clean	0.3518	30	A_species_abundance
SF076	clean	clean	0.3836	30	A_species_abundance
SF077	clean	clean	0.3046	30	A_species_abundance
SF078	unclean	clean	0.4266	30	A_species_abundance
SF079	unclean	unclean	0.5876	30	A_species_abundance
SF080	unclean	unclean	0.5186	30	A_species_abundance
SF081	unclean	clean	0.3494	30	A_species_abundance
SF082	unclean	clean	0.4154	30	A_species_abundance
SF083	unclean	clean	0.4864	30	A_species_abundance
SF084	clean	unclean	0.53	30	A_species_abundance
SF085	clean	clean	0.2968	30	A_species_abundance
SF086	clean	unclean	0.5262	30	A_species_abundance
SF087	unclean	unclean	0.7456	30	A_species_abundance
SF088	clean	clean	0.305	30	A_species_abundance
SF089	unclean	unclean	0.7532	30	A_species_abundance
SF090	unclean	clean	0.3486	30	A_species_abundance
SF091	unclean	unclean	0.5918	30	A_species_abundance
SF092	unclean	unclean	0.6806	30	A_species_abundance
SF093	unclean	clean	0.4646	30	A_species_abundance
SF094	clean	clean	0.3902	30	A_species_abundance
SF095	unclean	clean	0.2676	30	A_species_abundance
SF096	clean	clean	0.2372	30	A_species_abundance
SF097	unclean	clean	0.4924	30	A_species_abundance
SF001	unclean	unclean	0.7682	31	A_species_abundance
SF002	clean	clean	0.2738	31	A_species_abundance
SF003	unclean	unclean	0.5682	31	A_species_abundance
SF004	clean	clean	0.2646	31	A_species_abundance
SF005	clean	clean	0.3586	31	A_species_abundance
SF006	unclean	unclean	0.7698	31	A_species_abundance
SF007	unclean	unclean	0.7576	31	A_species_abundance
SF008	clean	clean	0.3464	31	A_species_abundance
SF009	unclean	clean	0.4354	31	A_species_abundance
SF010	unclean	unclean	0.7792	31	A_species_abundance
SF011	clean	clean	0.3634	31	A_species_abundance
SF012	clean	unclean	0.6626	31	A_species_abundance
SF013	unclean	clean	0.295	31	A_species_abundance
SF014	clean	clean	0.4662	31	A_species_abundance
SF015	clean	clean	0.3134	31	A_species_abundance
SF016	unclean	unclean	0.534	31	A_species_abundance
SF017	unclean	clean	0.4338	31	A_species_abundance
SF018	unclean	unclean	0.837	31	A_species_abundance
SF019	clean	clean	0.344	31	A_species_abundance
SF020	clean	clean	0.2162	31	A_species_abundance
SF021	unclean	clean	0.3218	31	A_species_abundance
SF022	unclean	clean	0.3294	31	A_species_abundance
SF023	clean	clean	0.1468	31	A_species_abundance
SF024	unclean	clean	0.3068	31	A_species_abundance
SF025	clean	clean	0.2504	31	A_species_abundance
SF026	clean	clean	0.2364	31	A_species_abundance
SF027	clean	unclean	0.626	31	A_species_abundance
SF028	unclean	unclean	0.6324	31	A_species_abundance
SF029	clean	clean	0.2268	31	A_species_abundance
SF030	clean	unclean	0.659	31	A_species_abundance
SF031	clean	unclean	0.5132	31	A_species_abundance
SF032	clean	clean	0.3718	31	A_species_abundance
SF033	clean	unclean	0.508	31	A_species_abundance
SF034	clean	clean	0.2558	31	A_species_abundance
SF035	clean	clean	0.2762	31	A_species_abundance
SF036	unclean	unclean	0.5858	31	A_species_abundance
SF037	clean	clean	0.348	31	A_species_abundance
SF038	clean	clean	0.337	31	A_species_abundance
SF039	unclean	unclean	0.7492	31	A_species_abundance
SF040	clean	clean	0.3816	31	A_species_abundance
SF041	unclean	clean	0.2624	31	A_species_abundance
SF042	clean	clean	0.2344	31	A_species_abundance
SF043	clean	clean	0.3196	31	A_species_abundance
SF044	clean	clean	0.221	31	A_species_abundance
SF045	unclean	clean	0.2904	31	A_species_abundance
SF046	clean	unclean	0.5422	31	A_species_abundance
SF047	clean	unclean	0.633	31	A_species_abundance
SF048	unclean	clean	0.2024	31	A_species_abundance
SF049	clean	clean	0.3766	31	A_species_abundance
SF050	clean	clean	0.3368	31	A_species_abundance
SF051	clean	clean	0.285	31	A_species_abundance
SF052	clean	clean	0.329	31	A_species_abundance
SF053	clean	clean	0.3452	31	A_species_abundance
SF054	unclean	unclean	0.5736	31	A_species_abundance
SF055	unclean	clean	0.2408	31	A_species_abundance
SF056	clean	clean	0.4976	31	A_species_abundance
SF057	unclean	clean	0.2598	31	A_species_abundance
SF058	clean	clean	0.3692	31	A_species_abundance
SF059	unclean	clean	0.4554	31	A_species_abundance
SF060	unclean	clean	0.4208	31	A_species_abundance
SF061	clean	clean	0.3748	31	A_species_abundance
SF062	unclean	clean	0.1772	31	A_species_abundance
SF063	clean	clean	0.4172	31	A_species_abundance
SF064	clean	clean	0.2224	31	A_species_abundance
SF065	clean	clean	0.3994	31	A_species_abundance
SF066	clean	clean	0.3456	31	A_species_abundance
SF067	clean	clean	0.4982	31	A_species_abundance
SF068	unclean	clean	0.2402	31	A_species_abundance
SF069	clean	clean	0.358	31	A_species_abundance
SF070	unclean	unclean	0.7586	31	A_species_abundance
SF071	clean	clean	0.3764	31	A_species_abundance
SF072	unclean	clean	0.2554	31	A_species_abundance
SF073	clean	clean	0.238	31	A_species_abundance
SF074	clean	clean	0.1896	31	A_species_abundance
SF075	clean	clean	0.407	31	A_species_abundance
SF076	clean	clean	0.4186	31	A_species_abundance
SF077	clean	clean	0.3592	31	A_species_abundance
SF078	unclean	clean	0.4228	31	A_species_abundance
SF079	unclean	unclean	0.5596	31	A_species_abundance
SF080	unclean	unclean	0.5018	31	A_species_abundance
SF081	unclean	clean	0.3694	31	A_species_abundance
SF082	unclean	clean	0.4646	31	A_species_abundance
SF083	unclean	clean	0.4186	31	A_species_abundance
SF084	clean	clean	0.4304	31	A_species_abundance
SF085	clean	clean	0.3624	31	A_species_abundance
SF086	clean	unclean	0.5534	31	A_species_abundance
SF087	unclean	unclean	0.7948	31	A_species_abundance
SF088	clean	clean	0.2948	31	A_species_abundance
SF089	unclean	unclean	0.8418	31	A_species_abundance
SF090	unclean	clean	0.4056	31	A_species_abundance
SF091	unclean	unclean	0.5992	31	A_species_abundance
SF092	unclean	unclean	0.7078	31	A_species_abundance
SF093	unclean	clean	0.439	31	A_species_abundance
SF094	clean	clean	0.3382	31	A_species_abundance
SF095	unclean	clean	0.2952	31	A_species_abundance
SF096	clean	clean	0.2064	31	A_species_abundance
SF097	unclean	clean	0.467	31	A_species_abundance
SF001	unclean	unclean	0.797	32	A_species_abundance
SF002	clean	clean	0.2756	32	A_species_abundance
SF003	unclean	unclean	0.5594	32	A_species_abundance
SF004	clean	clean	0.2284	32	A_species_abundance
SF005	clean	clean	0.3456	32	A_species_abundance
SF006	unclean	unclean	0.722	32	A_species_abundance
SF007	unclean	unclean	0.7742	32	A_species_abundance
SF008	clean	clean	0.3218	32	A_species_abundance
SF009	unclean	clean	0.4412	32	A_species_abundance
SF010	unclean	unclean	0.795	32	A_species_abundance
SF011	clean	clean	0.3106	32	A_species_abundance
SF012	clean	unclean	0.6484	32	A_species_abundance
SF013	unclean	clean	0.2632	32	A_species_abundance
SF014	clean	clean	0.4018	32	A_species_abundance
SF015	clean	clean	0.2826	32	A_species_abundance
SF016	unclean	clean	0.4846	32	A_species_abundance
SF017	unclean	clean	0.4282	32	A_species_abundance
SF018	unclean	unclean	0.8448	32	A_species_abundance
SF019	clean	clean	0.2996	32	A_species_abundance
SF020	clean	clean	0.2252	32	A_species_abundance
SF021	unclean	clean	0.2854	32	A_species_abundance
SF022	unclean	clean	0.3396	32	A_species_abundance
SF023	clean	clean	0.2556	32	A_species_abundance
SF024	unclean	clean	0.297	32	A_species_abundance
SF025	clean	clean	0.1652	32	A_species_abundance
SF026	clean	clean	0.2858	32	A_species_abundance
SF027	clean	unclean	0.6252	32	A_species_abundance
SF028	unclean	unclean	0.5602	32	A_species_abundance
SF029	clean	clean	0.1762	32	A_species_abundance
SF030	clean	unclean	0.6672	32	A_species_abundance
SF031	clean	unclean	0.5376	32	A_species_abundance
SF032	clean	clean	0.3712	32	A_species_abundance
SF033	clean	clean	0.4692	32	A_species_abundance
SF034	clean	clean	0.2724	32	A_species_abundance
SF035	clean	clean	0.2752	32	A_species_abundance
SF036	unclean	unclean	0.5682	32	A_species_abundance
SF037	clean	clean	0.3958	32	A_species_abundance
SF038	clean	clean	0.349	32	A_species_abundance
SF039	unclean	unclean	0.7226	32	A_species_abundance
SF040	clean	clean	0.3172	32	A_species_abundance
SF041	unclean	clean	0.293	32	A_species_abundance
SF042	clean	clean	0.2382	32	A_species_abundance
SF043	clean	clean	0.3446	32	A_species_abundance
SF044	clean	clean	0.3216	32	A_species_abundance
SF045	unclean	clean	0.2394	32	A_species_abundance
SF046	clean	clean	0.4748	32	A_species_abundance
SF047	clean	unclean	0.6284	32	A_species_abundance
SF048	unclean	clean	0.2474	32	A_species_abundance
SF049	clean	clean	0.3134	32	A_species_abundance
SF050	clean	clean	0.3438	32	A_species_abundance
SF051	clean	clean	0.3022	32	A_species_abundance
SF052	clean	clean	0.2648	32	A_species_abundance
SF053	clean	clean	0.3748	32	A_species_abundance
SF054	unclean	unclean	0.5828	32	A_species_abundance
SF055	unclean	clean	0.197	32	A_species_abundance
SF056	clean	clean	0.4948	32	A_species_abundance
SF057	unclean	clean	0.2682	32	A_species_abundance
SF058	clean	clean	0.406	32	A_species_abundance
SF059	unclean	clean	0.4718	32	A_species_abundance
SF060	unclean	clean	0.3692	32	A_species_abundance
SF061	clean	clean	0.302	32	A_species_abundance
SF062	unclean	clean	0.2012	32	A_species_abundance
SF063	clean	clean	0.4106	32	A_species_abundance
SF064	clean	clean	0.2038	32	A_species_abundance
SF065	clean	clean	0.3742	32	A_species_abundance
SF066	clean	clean	0.3686	32	A_species_abundance
SF067	clean	clean	0.4928	32	A_species_abundance
SF068	unclean	clean	0.2694	32	A_species_abundance
SF069	clean	clean	0.4224	32	A_species_abundance
SF070	unclean	unclean	0.7852	32	A_species_abundance
SF071	clean	clean	0.4174	32	A_species_abundance
SF072	unclean	clean	0.2218	32	A_species_abundance
SF073	clean	clean	0.3096	32	A_species_abundance
SF074	clean	clean	0.1872	32	A_species_abundance
SF075	clean	clean	0.3554	32	A_species_abundance
SF076	clean	clean	0.415	32	A_species_abundance
SF077	clean	clean	0.4122	32	A_species_abundance
SF078	unclean	clean	0.423	32	A_species_abundance
SF079	unclean	unclean	0.5528	32	A_species_abundance
SF080	unclean	clean	0.4916	32	A_species_abundance
SF081	unclean	clean	0.3698	32	A_species_abundance
SF082	unclean	clean	0.489	32	A_species_abundance
SF083	unclean	clean	0.4372	32	A_species_abundance
SF084	clean	clean	0.4584	32	A_species_abundance
SF085	clean	clean	0.3056	32	A_species_abundance
SF086	clean	unclean	0.5466	32	A_species_abundance
SF087	unclean	unclean	0.7986	32	A_species_abundance
SF088	clean	clean	0.2768	32	A_species_abundance
SF089	unclean	unclean	0.8358	32	A_species_abundance
SF090	unclean	clean	0.4102	32	A_species_abundance
SF091	unclean	unclean	0.5766	32	A_species_abundance
SF092	unclean	unclean	0.689	32	A_species_abundance
SF093	unclean	clean	0.4468	32	A_species_abundance
SF094	clean	clean	0.4064	32	A_species_abundance
SF095	unclean	clean	0.2744	32	A_species_abundance
SF096	clean	clean	0.2154	32	A_species_abundance
SF097	unclean	clean	0.4808	32	A_species_abundance
SF001	unclean	unclean	0.7792	33	A_species_abundance
SF002	clean	clean	0.2466	33	A_species_abundance
SF003	unclean	unclean	0.6158	33	A_species_abundance
SF004	clean	clean	0.2144	33	A_species_abundance
SF005	clean	clean	0.3086	33	A_species_abundance
SF006	unclean	unclean	0.7326	33	A_species_abundance
SF007	unclean	unclean	0.758	33	A_species_abundance
SF008	clean	clean	0.3892	33	A_species_abundance
SF009	unclean	clean	0.4286	33	A_species_abundance
SF010	unclean	unclean	0.796	33	A_species_abundance
SF011	clean	clean	0.375	33	A_species_abundance
SF012	clean	unclean	0.6222	33	A_species_abundance
SF013	unclean	clean	0.2084	33	A_species_abundance
SF014	clean	clean	0.4198	33	A_species_abundance
SF015	clean	clean	0.3196	33	A_species_abundance
SF016	unclean	unclean	0.519	33	A_species_abundance
SF017	unclean	clean	0.4094	33	A_species_abundance
SF018	unclean	unclean	0.7458	33	A_species_abundance
SF019	clean	clean	0.293	33	A_species_abundance
SF020	clean	clean	0.272	33	A_species_abundance
SF021	unclean	clean	0.3182	33	A_species_abundance
SF022	unclean	clean	0.3938	33	A_species_abundance
SF023	clean	clean	0.2606	33	A_species_abundance
SF024	unclean	clean	0.2624	33	A_species_abundance
SF025	clean	clean	0.1888	33	A_species_abundance
SF026	clean	clean	0.2804	33	A_species_abundance
SF027	clean	unclean	0.578	33	A_species_abundance
SF028	unclean	unclean	0.6276	33	A_species_abundance
SF029	clean	clean	0.2096	33	A_species_abundance
SF030	clean	unclean	0.7288	33	A_species_abundance
SF031	clean	unclean	0.5466	33	A_species_abundance
SF032	clean	clean	0.3392	33	A_species_abundance
SF033	clean	clean	0.4656	33	A_species_abundance
SF034	clean	clean	0.2516	33	A_species_abundance
SF035	clean	clean	0.317	33	A_species_abundance
SF036	unclean	unclean	0.542	33	A_species_abundance
SF037	clean	clean	0.4348	33	A_species_abundance
SF038	clean	clean	0.3178	33	A_species_abundance
SF039	unclean	unclean	0.665	33	A_species_abundance
SF040	clean	clean	0.326	33	A_species_abundance
SF041	unclean	clean	0.2926	33	A_species_abundance
SF042	clean	clean	0.241	33	A_species_abundance
SF043	clean	clean	0.3172	33	A_species_abundance
SF044	clean	clean	0.2836	33	A_species_abundance
SF045	unclean	clean	0.2752	33	A_species_abundance
SF046	clean	unclean	0.5192	33	A_species_abundance
SF047	clean	unclean	0.6616	33	A_species_abundance
SF048	unclean	clean	0.2864	33	A_species_abundance
SF049	clean	clean	0.3326	33	A_species_abundance
SF050	clean	clean	0.3294	33	A_species_abundance
SF051	clean	clean	0.284	33	A_species_abundance
SF052	clean	clean	0.3044	33	A_species_abundance
SF053	clean	clean	0.4	33	A_species_abundance
SF054	unclean	unclean	0.5598	33	A_species_abundance
SF055	unclean	clean	0.2208	33	A_species_abundance
SF056	clean	clean	0.4856	33	A_species_abundance
SF057	unclean	clean	0.2338	33	A_species_abundance
SF058	clean	clean	0.36	33	A_species_abundance
SF059	unclean	clean	0.458	33	A_species_abundance
SF060	unclean	clean	0.4242	33	A_species_abundance
SF061	clean	clean	0.4014	33	A_species_abundance
SF062	unclean	clean	0.1594	33	A_species_abundance
SF063	clean	clean	0.438	33	A_species_abundance
SF064	clean	clean	0.1608	33	A_species_abundance
SF065	clean	clean	0.3532	33	A_species_abundance
SF066	clean	clean	0.3162	33	A_species_abundance
SF067	clean	unclean	0.5168	33	A_species_abundance
SF068	unclean	clean	0.2652	33	A_species_abundance
SF069	clean	clean	0.4052	33	A_species_abundance
SF070	unclean	unclean	0.7766	33	A_species_abundance
SF071	clean	clean	0.3442	33	A_species_abundance
SF072	unclean	clean	0.2098	33	A_species_abundance
SF073	clean	clean	0.3192	33	A_species_abundance
SF074	clean	clean	0.2126	33	A_species_abundance
SF075	clean	clean	0.3786	33	A_species_abundance
SF076	clean	clean	0.4216	33	A_species_abundance
SF077	clean	clean	0.3624	33	A_species_abundance
SF078	unclean	clean	0.4194	33	A_species_abundance
SF079	unclean	unclean	0.5214	33	A_species_abundance
SF080	unclean	unclean	0.5524	33	A_species_abundance
SF081	unclean	clean	0.3442	33	A_species_abundance
SF082	unclean	clean	0.4164	33	A_species_abundance
SF083	unclean	clean	0.4964	33	A_species_abundance
SF084	clean	clean	0.4084	33	A_species_abundance
SF085	clean	clean	0.3802	33	A_species_abundance
SF086	clean	unclean	0.536	33	A_species_abundance
SF087	unclean	unclean	0.7978	33	A_species_abundance
SF088	clean	clean	0.256	33	A_species_abundance
SF089	unclean	unclean	0.8464	33	A_species_abundance
SF090	unclean	clean	0.4652	33	A_species_abundance
SF091	unclean	unclean	0.5554	33	A_species_abundance
SF092	unclean	unclean	0.6294	33	A_species_abundance
SF093	unclean	clean	0.4324	33	A_species_abundance
SF094	clean	clean	0.4434	33	A_species_abundance
SF095	unclean	clean	0.2792	33	A_species_abundance
SF096	clean	clean	0.1568	33	A_species_abundance
SF097	unclean	clean	0.4028	33	A_species_abundance
SF001	unclean	unclean	0.7746	34	A_species_abundance
SF002	clean	clean	0.2044	34	A_species_abundance
SF003	unclean	unclean	0.5382	34	A_species_abundance
SF004	clean	clean	0.2826	34	A_species_abundance
SF005	clean	clean	0.2858	34	A_species_abundance
SF006	unclean	unclean	0.7418	34	A_species_abundance
SF007	unclean	unclean	0.7528	34	A_species_abundance
SF008	clean	clean	0.3708	34	A_species_abundance
SF009	unclean	clean	0.4274	34	A_species_abundance
SF010	unclean	unclean	0.8014	34	A_species_abundance
SF011	clean	clean	0.3086	34	A_species_abundance
SF012	clean	unclean	0.7462	34	A_species_abundance
SF013	unclean	clean	0.2366	34	A_species_abundance
SF014	clean	clean	0.452	34	A_species_abundance
SF015	clean	clean	0.2802	34	A_species_abundance
SF016	unclean	unclean	0.5388	34	A_species_abundance
SF017	unclean	clean	0.4122	34	A_species_abundance
SF018	unclean	unclean	0.8202	34	A_species_abundance
SF019	clean	clean	0.3208	34	A_species_abundance
SF020	clean	clean	0.287	34	A_species_abundance
SF021	unclean	clean	0.2956	34	A_species_abundance
SF022	unclean	clean	0.3394	34	A_species_abundance
SF023	clean	clean	0.2612	34	A_species_abundance
SF024	unclean	clean	0.343	34	A_species_abundance
SF025	clean	clean	0.2742	34	A_species_abundance
SF026	clean	clean	0.2488	34	A_species_abundance
SF027	clean	unclean	0.7244	34	A_species_abundance
SF028	unclean	unclean	0.602	34	A_species_abundance
SF029	clean	clean	0.2306	34	A_species_abundance
SF030	clean	unclean	0.6792	34	A_species_abundance
SF031	clean	unclean	0.5358	34	A_species_abundance
SF032	clean	clean	0.317	34	A_species_abundance
SF033	clean	clean	0.4756	34	A_species_abundance
SF034	clean	clean	0.2846	34	A_species_abundance
SF035	clean	clean	0.313	34	A_species_abundance
SF036	unclean	unclean	0.5672	34	A_species_abundance
SF037	clean	clean	0.448	34	A_species_abundance
SF038	clean	clean	0.3506	34	A_species_abundance
SF039	unclean	unclean	0.723	34	A_species_abundance
SF040	clean	clean	0.36	34	A_species_abundance
SF041	unclean	clean	0.27	34	A_species_abundance
SF042	clean	clean	0.2376	34	A_species_abundance
SF043	clean	clean	0.2778	34	A_species_abundance
SF044	clean	clean	0.2636	34	A_species_abundance
SF045	unclean	clean	0.257	34	A_species_abundance
SF046	clean	unclean	0.517	34	A_species_abundance
SF047	clean	unclean	0.6852	34	A_species_abundance
SF048	unclean	clean	0.2682	34	A_species_abundance
SF049	clean	clean	0.299	34	A_species_abundance
SF050	clean	clean	0.3224	34	A_species_abundance
SF051	clean	clean	0.1892	34	A_species_abundance
SF052	clean	clean	0.253	34	A_species_abundance
SF053	clean	clean	0.396	34	A_species_abundance
SF054	unclean	unclean	0.6322	34	A_species_abundance
SF055	unclean	clean	0.2552	34	A_species_abundance
SF056	clean	clean	0.4958	34	A_species_abundance
SF057	unclean	clean	0.2902	34	A_species_abundance
SF058	clean	clean	0.4256	34	A_species_abundance
SF059	unclean	clean	0.4942	34	A_species_abundance
SF060	unclean	clean	0.4098	34	A_species_abundance
SF061	clean	clean	0.324	34	A_species_abundance
SF062	unclean	clean	0.1914	34	A_species_abundance
SF063	clean	clean	0.4306	34	A_species_abundance
SF064	clean	clean	0.1998	34	A_species_abundance
SF065	clean	clean	0.3748	34	A_species_abundance
SF066	clean	clean	0.4242	34	A_species_abundance
SF067	clean	unclean	0.5064	34	A_species_abundance
SF068	unclean	clean	0.2848	34	A_species_abundance
SF069	clean	clean	0.3862	34	A_species_abundance
SF070	unclean	unclean	0.7862	34	A_species_abundance
SF071	clean	clean	0.4446	34	A_species_abundance
SF072	unclean	clean	0.2196	34	A_species_abundance
SF073	clean	clean	0.2402	34	A_species_abundance
SF074	clean	clean	0.1976	34	A_species_abundance
SF075	clean	clean	0.3572	34	A_species_abundance
SF076	clean	clean	0.4014	34	A_species_abundance
SF077	clean	clean	0.3756	34	A_species_abundance
SF078	unclean	clean	0.4236	34	A_species_abundance
SF079	unclean	unclean	0.514	34	A_species_abundance
SF080	unclean	unclean	0.535	34	A_species_abundance
SF081	unclean	clean	0.392	34	A_species_abundance
SF082	unclean	clean	0.4444	34	A_species_abundance
SF083	unclean	clean	0.4832	34	A_species_abundance
SF084	clean	clean	0.4714	34	A_species_abundance
SF085	clean	clean	0.3236	34	A_species_abundance
SF086	clean	unclean	0.5284	34	A_species_abundance
SF087	unclean	unclean	0.7898	34	A_species_abundance
SF088	clean	clean	0.2704	34	A_species_abundance
SF089	unclean	unclean	0.8082	34	A_species_abundance
SF090	unclean	clean	0.3592	34	A_species_abundance
SF091	unclean	unclean	0.5764	34	A_species_abundance
SF092	unclean	unclean	0.6684	34	A_species_abundance
SF093	unclean	clean	0.4582	34	A_species_abundance
SF094	clean	clean	0.4108	34	A_species_abundance
SF095	unclean	clean	0.2424	34	A_species_abundance
SF096	clean	clean	0.262	34	A_species_abundance
SF097	unclean	unclean	0.543	34	A_species_abundance
SF001	unclean	unclean	0.793	35	A_species_abundance
SF002	clean	clean	0.2614	35	A_species_abundance
SF003	unclean	unclean	0.6448	35	A_species_abundance
SF004	clean	clean	0.2982	35	A_species_abundance
SF005	clean	clean	0.2882	35	A_species_abundance
SF006	unclean	unclean	0.757	35	A_species_abundance
SF007	unclean	unclean	0.7748	35	A_species_abundance
SF008	clean	clean	0.3672	35	A_species_abundance
SF009	unclean	clean	0.4666	35	A_species_abundance
SF010	unclean	unclean	0.7658	35	A_species_abundance
SF011	clean	clean	0.3398	35	A_species_abundance
SF012	clean	unclean	0.6322	35	A_species_abundance
SF013	unclean	clean	0.261	35	A_species_abundance
SF014	clean	clean	0.4604	35	A_species_abundance
SF015	clean	clean	0.2514	35	A_species_abundance
SF016	unclean	unclean	0.5314	35	A_species_abundance
SF017	unclean	clean	0.424	35	A_species_abundance
SF018	unclean	unclean	0.8206	35	A_species_abundance
SF019	clean	clean	0.331	35	A_species_abundance
SF020	clean	clean	0.3332	35	A_species_abundance
SF021	unclean	clean	0.257	35	A_species_abundance
SF022	unclean	clean	0.3542	35	A_species_abundance
SF023	clean	clean	0.2662	35	A_species_abundance
SF024	unclean	clean	0.2694	35	A_species_abundance
SF025	clean	clean	0.263	35	A_species_abundance
SF026	clean	clean	0.2572	35	A_species_abundance
SF027	clean	unclean	0.6078	35	A_species_abundance
SF028	unclean	unclean	0.6568	35	A_species_abundance
SF029	clean	clean	0.2686	35	A_species_abundance
SF030	clean	unclean	0.597	35	A_species_abundance
SF031	clean	unclean	0.5152	35	A_species_abundance
SF032	clean	clean	0.3582	35	A_species_abundance
SF033	clean	unclean	0.501	35	A_species_abundance
SF034	clean	clean	0.335	35	A_species_abundance
SF035	clean	clean	0.266	35	A_species_abundance
SF036	unclean	unclean	0.5724	35	A_species_abundance
SF037	clean	clean	0.377	35	A_species_abundance
SF038	clean	clean	0.2946	35	A_species_abundance
SF039	unclean	unclean	0.7302	35	A_species_abundance
SF040	clean	clean	0.3716	35	A_species_abundance
SF041	unclean	clean	0.2876	35	A_species_abundance
SF042	clean	clean	0.2122	35	A_species_abundance
SF043	clean	clean	0.3274	35	A_species_abundance
SF044	clean	clean	0.2738	35	A_species_abundance
SF045	unclean	clean	0.2354	35	A_species_abundance
SF046	clean	clean	0.4766	35	A_species_abundance
SF047	clean	unclean	0.6284	35	A_species_abundance
SF048	unclean	clean	0.2616	35	A_species_abundance
SF049	clean	clean	0.3756	35	A_species_abundance
SF050	clean	clean	0.2872	35	A_species_abundance
SF051	clean	clean	0.3032	35	A_species_abundance
SF052	clean	clean	0.3578	35	A_species_abundance
SF053	clean	clean	0.3832	35	A_species_abundance
SF054	unclean	unclean	0.5764	35	A_species_abundance
SF055	unclean	clean	0.1862	35	A_species_abundance
SF056	clean	unclean	0.5168	35	A_species_abundance
SF057	unclean	clean	0.3158	35	A_species_abundance
SF058	clean	clean	0.3778	35	A_species_abundance
SF059	unclean	unclean	0.5058	35	A_species_abundance
SF060	unclean	clean	0.393	35	A_species_abundance
SF061	clean	clean	0.3606	35	A_species_abundance
SF062	unclean	clean	0.1896	35	A_species_abundance
SF063	clean	clean	0.3986	35	A_species_abundance
SF064	clean	clean	0.198	35	A_species_abundance
SF065	clean	clean	0.3334	35	A_species_abundance
SF066	clean	clean	0.3468	35	A_species_abundance
SF067	clean	unclean	0.509	35	A_species_abundance
SF068	unclean	clean	0.2694	35	A_species_abundance
SF069	clean	clean	0.366	35	A_species_abundance
SF070	unclean	unclean	0.766	35	A_species_abundance
SF071	clean	clean	0.4154	35	A_species_abundance
SF072	unclean	clean	0.2434	35	A_species_abundance
SF073	clean	clean	0.263	35	A_species_abundance
SF074	clean	clean	0.168	35	A_species_abundance
SF075	clean	clean	0.3546	35	A_species_abundance
SF076	clean	clean	0.4356	35	A_species_abundance
SF077	clean	clean	0.348	35	A_species_abundance
SF078	unclean	clean	0.3852	35	A_species_abundance
SF079	unclean	unclean	0.5256	35	A_species_abundance
SF080	unclean	unclean	0.5014	35	A_species_abundance
SF081	unclean	clean	0.3476	35	A_species_abundance
SF082	unclean	clean	0.4234	35	A_species_abundance
SF083	unclean	clean	0.4622	35	A_species_abundance
SF084	clean	clean	0.453	35	A_species_abundance
SF085	clean	clean	0.2678	35	A_species_abundance
SF086	clean	clean	0.5	35	A_species_abundance
SF087	unclean	unclean	0.8018	35	A_species_abundance
SF088	clean	clean	0.2396	35	A_species_abundance
SF089	unclean	unclean	0.808	35	A_species_abundance
SF090	unclean	clean	0.4088	35	A_species_abundance
SF091	unclean	unclean	0.593	35	A_species_abundance
SF092	unclean	unclean	0.6878	35	A_species_abundance
SF093	unclean	clean	0.458	35	A_species_abundance
SF094	clean	clean	0.4084	35	A_species_abundance
SF095	unclean	clean	0.2942	35	A_species_abundance
SF096	clean	clean	0.1836	35	A_species_abundance
SF097	unclean	clean	0.4866	35	A_species_abundance
SF001	unclean	unclean	0.7724	36	A_species_abundance
SF002	clean	clean	0.2486	36	A_species_abundance
SF003	unclean	unclean	0.5372	36	A_species_abundance
SF004	clean	clean	0.3354	36	A_species_abundance
SF005	clean	clean	0.4132	36	A_species_abundance
SF006	unclean	unclean	0.758	36	A_species_abundance
SF007	unclean	unclean	0.6888	36	A_species_abundance
SF008	clean	clean	0.3496	36	A_species_abundance
SF009	unclean	clean	0.4002	36	A_species_abundance
SF010	unclean	unclean	0.795	36	A_species_abundance
SF011	clean	clean	0.3744	36	A_species_abundance
SF012	clean	unclean	0.647	36	A_species_abundance
SF013	unclean	clean	0.2126	36	A_species_abundance
SF014	clean	clean	0.4728	36	A_species_abundance
SF015	clean	clean	0.3184	36	A_species_abundance
SF016	unclean	unclean	0.5184	36	A_species_abundance
SF017	unclean	clean	0.4236	36	A_species_abundance
SF018	unclean	unclean	0.851	36	A_species_abundance
SF019	clean	clean	0.3552	36	A_species_abundance
SF020	clean	clean	0.317	36	A_species_abundance
SF021	unclean	clean	0.2568	36	A_species_abundance
SF022	unclean	clean	0.3316	36	A_species_abundance
SF023	clean	clean	0.2406	36	A_species_abundance
SF024	unclean	clean	0.2866	36	A_species_abundance
SF025	clean	clean	0.2218	36	A_species_abundance
SF026	clean	clean	0.2492	36	A_species_abundance
SF027	clean	unclean	0.5874	36	A_species_abundance
SF028	unclean	unclean	0.629	36	A_species_abundance
SF029	clean	clean	0.2282	36	A_species_abundance
SF030	clean	unclean	0.6916	36	A_species_abundance
SF031	clean	unclean	0.506	36	A_species_abundance
SF032	clean	clean	0.3308	36	A_species_abundance
SF033	clean	clean	0.4936	36	A_species_abundance
SF034	clean	clean	0.2732	36	A_species_abundance
SF035	clean	clean	0.231	36	A_species_abundance
SF036	unclean	unclean	0.5652	36	A_species_abundance
SF037	clean	clean	0.392	36	A_species_abundance
SF038	clean	clean	0.355	36	A_species_abundance
SF039	unclean	unclean	0.7778	36	A_species_abundance
SF040	clean	clean	0.299	36	A_species_abundance
SF041	unclean	clean	0.2752	36	A_species_abundance
SF042	clean	clean	0.2654	36	A_species_abundance
SF043	clean	clean	0.2962	36	A_species_abundance
SF044	clean	clean	0.2858	36	A_species_abundance
SF045	unclean	clean	0.2676	36	A_species_abundance
SF046	clean	unclean	0.526	36	A_species_abundance
SF047	clean	unclean	0.6244	36	A_species_abundance
SF048	unclean	clean	0.2272	36	A_species_abundance
SF049	clean	clean	0.27	36	A_species_abundance
SF050	clean	clean	0.3246	36	A_species_abundance
SF051	clean	clean	0.3492	36	A_species_abundance
SF052	clean	clean	0.3346	36	A_species_abundance
SF053	clean	clean	0.4056	36	A_species_abundance
SF054	unclean	unclean	0.6012	36	A_species_abundance
SF055	unclean	clean	0.2634	36	A_species_abundance
SF056	clean	clean	0.4992	36	A_species_abundance
SF057	unclean	clean	0.2944	36	A_species_abundance
SF058	clean	clean	0.4452	36	A_species_abundance
SF059	unclean	clean	0.4926	36	A_species_abundance
SF060	unclean	clean	0.3582	36	A_species_abundance
SF061	clean	clean	0.3556	36	A_species_abundance
SF062	unclean	clean	0.17	36	A_species_abundance
SF063	clean	clean	0.4102	36	A_species_abundance
SF064	clean	clean	0.2256	36	A_species_abundance
SF065	clean	clean	0.3896	36	A_species_abundance
SF066	clean	clean	0.3548	36	A_species_abundance
SF067	clean	unclean	0.5374	36	A_species_abundance
SF068	unclean	clean	0.2722	36	A_species_abundance
SF069	clean	clean	0.3616	36	A_species_abundance
SF070	unclean	unclean	0.7636	36	A_species_abundance
SF071	clean	clean	0.3884	36	A_species_abundance
SF072	unclean	clean	0.2738	36	A_species_abundance
SF073	clean	clean	0.2582	36	A_species_abundance
SF074	clean	clean	0.2046	36	A_species_abundance
SF075	clean	clean	0.4098	36	A_species_abundance
SF076	clean	clean	0.3984	36	A_species_abundance
SF077	clean	clean	0.3782	36	A_species_abundance
SF078	unclean	clean	0.4182	36	A_species_abundance
SF079	unclean	unclean	0.512	36	A_species_abundance
SF080	unclean	unclean	0.551	36	A_species_abundance
SF081	unclean	clean	0.3534	36	A_species_abundance
SF082	unclean	clean	0.4196	36	A_species_abundance
SF083	unclean	clean	0.4774	36	A_species_abundance
SF084	clean	clean	0.452	36	A_species_abundance
SF085	clean	clean	0.3034	36	A_species_abundance
SF086	clean	clean	0.4638	36	A_species_abundance
SF087	unclean	unclean	0.7808	36	A_species_abundance
SF088	clean	clean	0.2466	36	A_species_abundance
SF089	unclean	unclean	0.788	36	A_species_abundance
SF090	unclean	clean	0.3886	36	A_species_abundance
SF091	unclean	unclean	0.622	36	A_species_abundance
SF092	unclean	unclean	0.6132	36	A_species_abundance
SF093	unclean	clean	0.4244	36	A_species_abundance
SF094	clean	clean	0.3992	36	A_species_abundance
SF095	unclean	clean	0.2824	36	A_species_abundance
SF096	clean	clean	0.236	36	A_species_abundance
SF097	unclean	clean	0.4776	36	A_species_abundance
SF001	unclean	unclean	0.7738	37	A_species_abundance
SF002	clean	clean	0.2644	37	A_species_abundance
SF003	unclean	unclean	0.5368	37	A_species_abundance
SF004	clean	clean	0.2298	37	A_species_abundance
SF005	clean	clean	0.309	37	A_species_abundance
SF006	unclean	unclean	0.7274	37	A_species_abundance
SF007	unclean	unclean	0.6838	37	A_species_abundance
SF008	clean	clean	0.4112	37	A_species_abundance
SF009	unclean	clean	0.4282	37	A_species_abundance
SF010	unclean	unclean	0.7716	37	A_species_abundance
SF011	clean	clean	0.3666	37	A_species_abundance
SF012	clean	unclean	0.65	37	A_species_abundance
SF013	unclean	clean	0.1952	37	A_species_abundance
SF014	clean	clean	0.4882	37	A_species_abundance
SF015	clean	clean	0.3186	37	A_species_abundance
SF016	unclean	unclean	0.5362	37	A_species_abundance
SF017	unclean	clean	0.408	37	A_species_abundance
SF018	unclean	unclean	0.8352	37	A_species_abundance
SF019	clean	clean	0.2362	37	A_species_abundance
SF020	clean	clean	0.3024	37	A_species_abundance
SF021	unclean	clean	0.2462	37	A_species_abundance
SF022	unclean	clean	0.3524	37	A_species_abundance
SF023	clean	clean	0.3056	37	A_species_abundance
SF024	unclean	clean	0.2668	37	A_species_abundance
SF025	clean	clean	0.2574	37	A_species_abundance
SF026	clean	clean	0.2468	37	A_species_abundance
SF027	clean	unclean	0.6224	37	A_species_abundance
SF028	unclean	unclean	0.6162	37	A_species_abundance
SF029	clean	clean	0.1954	37	A_species_abundance
SF030	clean	unclean	0.6918	37	A_species_abundance
SF031	clean	unclean	0.545	37	A_species_abundance
SF032	clean	clean	0.3754	37	A_species_abundance
SF033	clean	clean	0.463	37	A_species_abundance
SF034	clean	clean	0.27	37	A_species_abundance
SF035	clean	clean	0.307	37	A_species_abundance
SF036	unclean	unclean	0.5552	37	A_species_abundance
SF037	clean	clean	0.3724	37	A_species_abundance
SF038	clean	clean	0.3288	37	A_species_abundance
SF039	unclean	unclean	0.6986	37	A_species_abundance
SF040	clean	clean	0.3738	37	A_species_abundance
SF041	unclean	clean	0.238	37	A_species_abundance
SF042	clean	clean	0.244	37	A_species_abundance
SF043	clean	clean	0.3176	37	A_species_abundance
SF044	clean	clean	0.3074	37	A_species_abundance
SF045	unclean	clean	0.2736	37	A_species_abundance
SF046	clean	unclean	0.5114	37	A_species_abundance
SF047	clean	unclean	0.663	37	A_species_abundance
SF048	unclean	clean	0.2896	37	A_species_abundance
SF049	clean	clean	0.3386	37	A_species_abundance
SF050	clean	clean	0.2404	37	A_species_abundance
SF051	clean	clean	0.2462	37	A_species_abundance
SF052	clean	clean	0.313	37	A_species_abundance
SF053	clean	clean	0.3874	37	A_species_abundance
SF054	unclean	unclean	0.566	37	A_species_abundance
SF055	unclean	clean	0.2282	37	A_species_abundance
SF056	clean	unclean	0.5198	37	A_species_abundance
SF057	unclean	clean	0.3596	37	A_species_abundance
SF058	clean	clean	0.4168	37	A_species_abundance
SF059	unclean	clean	0.4268	37	A_species_abundance
SF060	unclean	clean	0.4018	37	A_species_abundance
SF061	clean	clean	0.374	37	A_species_abundance
SF062	unclean	clean	0.199	37	A_species_abundance
SF063	clean	clean	0.4354	37	A_species_abundance
SF064	clean	clean	0.2326	37	A_species_abundance
SF065	clean	clean	0.3742	37	A_species_abundance
SF066	clean	clean	0.3646	37	A_species_abundance
SF067	clean	unclean	0.528	37	A_species_abundance
SF068	unclean	clean	0.2596	37	A_species_abundance
SF069	clean	clean	0.4042	37	A_species_abundance
SF070	unclean	unclean	0.7384	37	A_species_abundance
SF071	clean	clean	0.4232	37	A_species_abundance
SF072	unclean	clean	0.2116	37	A_species_abundance
SF073	clean	clean	0.2858	37	A_species_abundance
SF074	clean	clean	0.1796	37	A_species_abundance
SF075	clean	clean	0.402	37	A_species_abundance
SF076	clean	clean	0.4532	37	A_species_abundance
SF077	clean	clean	0.3552	37	A_species_abundance
SF078	unclean	clean	0.4106	37	A_species_abundance
SF079	unclean	unclean	0.5366	37	A_species_abundance
SF080	unclean	unclean	0.5002	37	A_species_abundance
SF081	unclean	clean	0.3378	37	A_species_abundance
SF082	unclean	clean	0.4044	37	A_species_abundance
SF083	unclean	clean	0.431	37	A_species_abundance
SF084	clean	unclean	0.5024	37	A_species_abundance
SF085	clean	clean	0.3236	37	A_species_abundance
SF086	clean	unclean	0.5526	37	A_species_abundance
SF087	unclean	unclean	0.8088	37	A_species_abundance
SF088	clean	clean	0.2656	37	A_species_abundance
SF089	unclean	unclean	0.8332	37	A_species_abundance
SF090	unclean	clean	0.3224	37	A_species_abundance
SF091	unclean	unclean	0.6474	37	A_species_abundance
SF092	unclean	unclean	0.703	37	A_species_abundance
SF093	unclean	clean	0.4312	37	A_species_abundance
SF094	clean	clean	0.3756	37	A_species_abundance
SF095	unclean	clean	0.274	37	A_species_abundance
SF096	clean	clean	0.2032	37	A_species_abundance
SF097	unclean	clean	0.4822	37	A_species_abundance
SF001	unclean	unclean	0.7924	38	A_species_abundance
SF002	clean	clean	0.2378	38	A_species_abundance
SF003	unclean	unclean	0.5598	38	A_species_abundance
SF004	clean	clean	0.311	38	A_species_abundance
SF005	clean	clean	0.3634	38	A_species_abundance
SF006	unclean	unclean	0.7544	38	A_species_abundance
SF007	unclean	unclean	0.7598	38	A_species_abundance
SF008	clean	clean	0.3384	38	A_species_abundance
SF009	unclean	clean	0.4278	38	A_species_abundance
SF010	unclean	unclean	0.8088	38	A_species_abundance
SF011	clean	clean	0.3746	38	A_species_abundance
SF012	clean	unclean	0.6298	38	A_species_abundance
SF013	unclean	clean	0.242	38	A_species_abundance
SF014	clean	unclean	0.5012	38	A_species_abundance
SF015	clean	clean	0.3388	38	A_species_abundance
SF016	unclean	unclean	0.524	38	A_species_abundance
SF017	unclean	clean	0.4088	38	A_species_abundance
SF018	unclean	unclean	0.835	38	A_species_abundance
SF019	clean	clean	0.2852	38	A_species_abundance
SF020	clean	clean	0.3114	38	A_species_abundance
SF021	unclean	clean	0.2878	38	A_species_abundance
SF022	unclean	clean	0.35	38	A_species_abundance
SF023	clean	clean	0.2014	38	A_species_abundance
SF024	unclean	clean	0.3	38	A_species_abundance
SF025	clean	clean	0.2786	38	A_species_abundance
SF026	clean	clean	0.2502	38	A_species_abundance
SF027	clean	unclean	0.601	38	A_species_abundance
SF028	unclean	unclean	0.6068	38	A_species_abundance
SF029	clean	clean	0.2356	38	A_species_abundance
SF030	clean	unclean	0.6886	38	A_species_abundance
SF031	clean	unclean	0.547	38	A_species_abundance
SF032	clean	clean	0.3654	38	A_species_abundance
SF033	clean	unclean	0.5046	38	A_species_abundance
SF034	clean	clean	0.2688	38	A_species_abundance
SF035	clean	clean	0.282	38	A_species_abundance
SF036	unclean	unclean	0.533	38	A_species_abundance
SF037	clean	clean	0.434	38	A_species_abundance
SF038	clean	clean	0.3178	38	A_species_abundance
SF039	unclean	unclean	0.7256	38	A_species_abundance
SF040	clean	clean	0.2836	38	A_species_abundance
SF041	unclean	clean	0.2658	38	A_species_abundance
SF042	clean	clean	0.2334	38	A_species_abundance
SF043	clean	clean	0.2838	38	A_species_abundance
SF044	clean	clean	0.2782	38	A_species_abundance
SF045	unclean	clean	0.301	38	A_species_abundance
SF046	clean	clean	0.485	38	A_species_abundance
SF047	clean	unclean	0.6522	38	A_species_abundance
SF048	unclean	clean	0.2676	38	A_species_abundance
SF049	clean	clean	0.3672	38	A_species_abundance
SF050	clean	clean	0.3398	38	A_species_abundance
SF051	clean	clean	0.295	38	A_species_abundance
SF052	clean	clean	0.3012	38	A_species_abundance
SF053	clean	clean	0.4334	38	A_species_abundance
SF054	unclean	unclean	0.5578	38	A_species_abundance
SF055	unclean	clean	0.225	38	A_species_abundance
SF056	clean	clean	0.469	38	A_species_abundance
SF057	unclean	clean	0.2424	38	A_species_abundance
SF058	clean	clean	0.4028	38	A_species_abundance
SF059	unclean	clean	0.4738	38	A_species_abundance
SF060	unclean	clean	0.3646	38	A_species_abundance
SF061	clean	clean	0.3738	38	A_species_abundance
SF062	unclean	clean	0.1902	38	A_species_abundance
SF063	clean	clean	0.4128	38	A_species_abundance
SF064	clean	clean	0.2222	38	A_species_abundance
SF065	clean	clean	0.3494	38	A_species_abundance
SF066	clean	clean	0.3808	38	A_species_abundance
SF067	clean	unclean	0.5142	38	A_species_abundance
SF068	unclean	clean	0.2884	38	A_species_abundance
SF069	clean	clean	0.3424	38	A_species_abundance
SF070	unclean	unclean	0.7712	38	A_species_abundance
SF071	clean	clean	0.3892	38	A_species_abundance
SF072	unclean	clean	0.241	38	A_species_abundance
SF073	clean	clean	0.2698	38	A_species_abundance
SF074	clean	clean	0.2312	38	A_species_abundance
SF075	clean	clean	0.3674	38	A_species_abundance
SF076	clean	clean	0.417	38	A_species_abundance
SF077	clean	clean	0.306	38	A_species_abundance
SF078	unclean	clean	0.4444	38	A_species_abundance
SF079	unclean	unclean	0.5404	38	A_species_abundance
SF080	unclean	unclean	0.5336	38	A_species_abundance
SF081	unclean	clean	0.3644	38	A_species_abundance
SF082	unclean	clean	0.4278	38	A_species_abundance
SF083	unclean	unclean	0.5214	38	A_species_abundance
SF084	clean	clean	0.3998	38	A_species_abundance
SF085	clean	clean	0.2836	38	A_species_abundance
SF086	clean	clean	0.4826	38	A_species_abundance
SF087	unclean	unclean	0.7552	38	A_species_abundance
SF088	clean	clean	0.2652	38	A_species_abundance
SF089	unclean	unclean	0.7562	38	A_species_abundance
SF090	unclean	clean	0.399	38	A_species_abundance
SF091	unclean	unclean	0.629	38	A_species_abundance
SF092	unclean	unclean	0.675	38	A_species_abundance
SF093	unclean	clean	0.4238	38	A_species_abundance
SF094	clean	clean	0.4196	38	A_species_abundance
SF095	unclean	clean	0.329	38	A_species_abundance
SF096	clean	clean	0.1904	38	A_species_abundance
SF097	unclean	clean	0.4616	38	A_species_abundance
SF001	unclean	unclean	0.7756	39	A_species_abundance
SF002	clean	clean	0.2676	39	A_species_abundance
SF003	unclean	unclean	0.5554	39	A_species_abundance
SF004	clean	clean	0.2552	39	A_species_abundance
SF005	clean	clean	0.3508	39	A_species_abundance
SF006	unclean	unclean	0.7378	39	A_species_abundance
SF007	unclean	unclean	0.7514	39	A_species_abundance
SF008	clean	clean	0.4064	39	A_species_abundance
SF009	unclean	clean	0.3926	39	A_species_abundance
SF010	unclean	unclean	0.8078	39	A_species_abundance
SF011	clean	clean	0.369	39	A_species_abundance
SF012	clean	unclean	0.6514	39	A_species_abundance
SF013	unclean	clean	0.22	39	A_species_abundance
SF014	clean	clean	0.423	39	A_species_abundance
SF015	clean	clean	0.3044	39	A_species_abundance
SF016	unclean	clean	0.4838	39	A_species_abundance
SF017	unclean	clean	0.3702	39	A_species_abundance
SF018	unclean	unclean	0.8434	39	A_species_abundance
SF019	clean	clean	0.318	39	A_species_abundance
SF020	clean	clean	0.213	39	A_species_abundance
SF021	unclean	clean	0.263	39	A_species_abundance
SF022	unclean	clean	0.3696	39	A_species_abundance
SF023	clean	clean	0.2726	39	A_species_abundance
SF024	unclean	clean	0.3184	39	A_species_abundance
SF025	clean	clean	0.2618	39	A_species_abundance
SF026	clean	clean	0.258	39	A_species_abundance
SF027	clean	unclean	0.688	39	A_species_abundance
SF028	unclean	unclean	0.6316	39	A_species_abundance
SF029	clean	clean	0.2446	39	A_species_abundance
SF030	clean	unclean	0.7268	39	A_species_abundance
SF031	clean	unclean	0.5374	39	A_species_abundance
SF032	clean	clean	0.3026	39	A_species_abundance
SF033	clean	clean	0.4356	39	A_species_abundance
SF034	clean	clean	0.2716	39	A_species_abundance
SF035	clean	clean	0.2532	39	A_species_abundance
SF036	unclean	unclean	0.602	39	A_species_abundance
SF037	clean	clean	0.4146	39	A_species_abundance
SF038	clean	clean	0.3444	39	A_species_abundance
SF039	unclean	unclean	0.7272	39	A_species_abundance
SF040	clean	clean	0.3264	39	A_species_abundance
SF041	unclean	clean	0.2646	39	A_species_abundance
SF042	clean	clean	0.2264	39	A_species_abundance
SF043	clean	clean	0.3158	39	A_species_abundance
SF044	clean	clean	0.2118	39	A_species_abundance
SF045	unclean	clean	0.237	39	A_species_abundance
SF046	clean	unclean	0.511	39	A_species_abundance
SF047	clean	unclean	0.7096	39	A_species_abundance
SF048	unclean	clean	0.2578	39	A_species_abundance
SF049	clean	clean	0.3194	39	A_species_abundance
SF050	clean	clean	0.3296	39	A_species_abundance
SF051	clean	clean	0.2054	39	A_species_abundance
SF052	clean	clean	0.3304	39	A_species_abundance
SF053	clean	clean	0.3566	39	A_species_abundance
SF054	unclean	unclean	0.5346	39	A_species_abundance
SF055	unclean	clean	0.2326	39	A_species_abundance
SF056	clean	unclean	0.529	39	A_species_abundance
SF057	unclean	clean	0.3062	39	A_species_abundance
SF058	clean	clean	0.4042	39	A_species_abundance
SF059	unclean	clean	0.4616	39	A_species_abundance
SF060	unclean	clean	0.3788	39	A_species_abundance
SF061	clean	clean	0.3636	39	A_species_abundance
SF062	unclean	clean	0.1654	39	A_species_abundance
SF063	clean	clean	0.4512	39	A_species_abundance
SF064	clean	clean	0.2222	39	A_species_abundance
SF065	clean	clean	0.3202	39	A_species_abundance
SF066	clean	clean	0.385	39	A_species_abundance
SF067	clean	clean	0.4946	39	A_species_abundance
SF068	unclean	clean	0.286	39	A_species_abundance
SF069	clean	clean	0.387	39	A_species_abundance
SF070	unclean	unclean	0.773	39	A_species_abundance
SF071	clean	clean	0.4298	39	A_species_abundance
SF072	unclean	clean	0.2314	39	A_species_abundance
SF073	clean	clean	0.2556	39	A_species_abundance
SF074	clean	clean	0.252	39	A_species_abundance
SF075	clean	clean	0.3656	39	A_species_abundance
SF076	clean	clean	0.4106	39	A_species_abundance
SF077	clean	clean	0.3216	39	A_species_abundance
SF078	unclean	clean	0.4054	39	A_species_abundance
SF079	unclean	unclean	0.558	39	A_species_abundance
SF080	unclean	unclean	0.5192	39	A_species_abundance
SF081	unclean	clean	0.3494	39	A_species_abundance
SF082	unclean	clean	0.4428	39	A_species_abundance
SF083	unclean	clean	0.4944	39	A_species_abundance
SF084	clean	clean	0.4162	39	A_species_abundance
SF085	clean	clean	0.3828	39	A_species_abundance
SF086	clean	unclean	0.5382	39	A_species_abundance
SF087	unclean	unclean	0.7946	39	A_species_abundance
SF088	clean	clean	0.2816	39	A_species_abundance
SF089	unclean	unclean	0.8088	39	A_species_abundance
SF090	unclean	clean	0.4242	39	A_species_abundance
SF091	unclean	unclean	0.5952	39	A_species_abundance
SF092	unclean	unclean	0.7364	39	A_species_abundance
SF093	unclean	clean	0.4454	39	A_species_abundance
SF094	clean	clean	0.3936	39	A_species_abundance
SF095	unclean	clean	0.2026	39	A_species_abundance
SF096	clean	clean	0.1912	39	A_species_abundance
SF097	unclean	clean	0.4742	39	A_species_abundance
SF001	unclean	unclean	0.7896	40	A_species_abundance
SF002	clean	clean	0.2706	40	A_species_abundance
SF003	unclean	unclean	0.5734	40	A_species_abundance
SF004	clean	clean	0.2596	40	A_species_abundance
SF005	clean	clean	0.3598	40	A_species_abundance
SF006	unclean	unclean	0.7048	40	A_species_abundance
SF007	unclean	unclean	0.8024	40	A_species_abundance
SF008	clean	clean	0.3762	40	A_species_abundance
SF009	unclean	clean	0.4334	40	A_species_abundance
SF010	unclean	unclean	0.7792	40	A_species_abundance
SF011	clean	clean	0.3424	40	A_species_abundance
SF012	clean	unclean	0.6398	40	A_species_abundance
SF013	unclean	clean	0.2506	40	A_species_abundance
SF014	clean	clean	0.4414	40	A_species_abundance
SF015	clean	clean	0.277	40	A_species_abundance
SF016	unclean	clean	0.487	40	A_species_abundance
SF017	unclean	clean	0.432	40	A_species_abundance
SF018	unclean	unclean	0.8074	40	A_species_abundance
SF019	clean	clean	0.265	40	A_species_abundance
SF020	clean	clean	0.3274	40	A_species_abundance
SF021	unclean	clean	0.2914	40	A_species_abundance
SF022	unclean	clean	0.3874	40	A_species_abundance
SF023	clean	clean	0.2518	40	A_species_abundance
SF024	unclean	clean	0.3506	40	A_species_abundance
SF025	clean	clean	0.3216	40	A_species_abundance
SF026	clean	clean	0.2486	40	A_species_abundance
SF027	clean	unclean	0.5928	40	A_species_abundance
SF028	unclean	unclean	0.6496	40	A_species_abundance
SF029	clean	clean	0.214	40	A_species_abundance
SF030	clean	unclean	0.6418	40	A_species_abundance
SF031	clean	unclean	0.5416	40	A_species_abundance
SF032	clean	clean	0.3122	40	A_species_abundance
SF033	clean	clean	0.4626	40	A_species_abundance
SF034	clean	clean	0.3176	40	A_species_abundance
SF035	clean	clean	0.2626	40	A_species_abundance
SF036	unclean	unclean	0.6086	40	A_species_abundance
SF037	clean	clean	0.3562	40	A_species_abundance
SF038	clean	clean	0.3292	40	A_species_abundance
SF039	unclean	unclean	0.7384	40	A_species_abundance
SF040	clean	clean	0.32	40	A_species_abundance
SF041	unclean	clean	0.308	40	A_species_abundance
SF042	clean	clean	0.1972	40	A_species_abundance
SF043	clean	clean	0.306	40	A_species_abundance
SF044	clean	clean	0.2504	40	A_species_abundance
SF045	unclean	clean	0.2348	40	A_species_abundance
SF046	clean	unclean	0.505	40	A_species_abundance
SF047	clean	unclean	0.6482	40	A_species_abundance
SF048	unclean	clean	0.213	40	A_species_abundance
SF049	clean	clean	0.2988	40	A_species_abundance
SF050	clean	clean	0.2918	40	A_species_abundance
SF051	clean	clean	0.3412	40	A_species_abundance
SF052	clean	clean	0.3262	40	A_species_abundance
SF053	clean	clean	0.3772	40	A_species_abundance
SF054	unclean	unclean	0.5942	40	A_species_abundance
SF055	unclean	clean	0.2386	40	A_species_abundance
SF056	clean	unclean	0.5174	40	A_species_abundance
SF057	unclean	clean	0.3104	40	A_species_abundance
SF058	clean	clean	0.408	40	A_species_abundance
SF059	unclean	clean	0.4332	40	A_species_abundance
SF060	unclean	clean	0.4202	40	A_species_abundance
SF061	clean	clean	0.3468	40	A_species_abundance
SF062	unclean	clean	0.1918	40	A_species_abundance
SF063	clean	clean	0.4062	40	A_species_abundance
SF064	clean	clean	0.1826	40	A_species_abundance
SF065	clean	clean	0.3866	40	A_species_abundance
SF066	clean	clean	0.3044	40	A_species_abundance
SF067	clean	unclean	0.5182	40	A_species_abundance
SF068	unclean	clean	0.244	40	A_species_abundance
SF069	clean	clean	0.3916	40	A_species_abundance
SF070	unclean	unclean	0.7674	40	A_species_abundance
SF071	clean	clean	0.4252	40	A_species_abundance
SF072	unclean	clean	0.2334	40	A_species_abundance
SF073	clean	clean	0.292	40	A_species_abundance
SF074	clean	clean	0.178	40	A_species_abundance
SF075	clean	clean	0.3726	40	A_species_abundance
SF076	clean	clean	0.3804	40	A_species_abundance
SF077	clean	clean	0.3162	40	A_species_abundance
SF078	unclean	clean	0.4082	40	A_species_abundance
SF079	unclean	unclean	0.548	40	A_species_abundance
SF080	unclean	unclean	0.5164	40	A_species_abundance
SF081	unclean	clean	0.3502	40	A_species_abundance
SF082	unclean	clean	0.4428	40	A_species_abundance
SF083	unclean	clean	0.4412	40	A_species_abundance
SF084	clean	clean	0.4114	40	A_species_abundance
SF085	clean	clean	0.3248	40	A_species_abundance
SF086	clean	unclean	0.513	40	A_species_abundance
SF087	unclean	unclean	0.791	40	A_species_abundance
SF088	clean	clean	0.2652	40	A_species_abundance
SF089	unclean	unclean	0.8352	40	A_species_abundance
SF090	unclean	clean	0.3832	40	A_species_abundance
SF091	unclean	unclean	0.59	40	A_species_abundance
SF092	unclean	unclean	0.638	40	A_species_abundance
SF093	unclean	clean	0.4472	40	A_species_abundance
SF094	clean	clean	0.4346	40	A_species_abundance
SF095	unclean	clean	0.2636	40	A_species_abundance
SF096	clean	clean	0.22	40	A_species_abundance
SF097	unclean	clean	0.4768	40	A_species_abundance
SF001	unclean	unclean	0.7884	41	A_species_abundance
SF002	clean	clean	0.2656	41	A_species_abundance
SF003	unclean	unclean	0.5444	41	A_species_abundance
SF004	clean	clean	0.2954	41	A_species_abundance
SF005	clean	clean	0.3978	41	A_species_abundance
SF006	unclean	unclean	0.7458	41	A_species_abundance
SF007	unclean	unclean	0.7422	41	A_species_abundance
SF008	clean	clean	0.3412	41	A_species_abundance
SF009	unclean	clean	0.447	41	A_species_abundance
SF010	unclean	unclean	0.7844	41	A_species_abundance
SF011	clean	clean	0.387	41	A_species_abundance
SF012	clean	unclean	0.671	41	A_species_abundance
SF013	unclean	clean	0.2682	41	A_species_abundance
SF014	clean	clean	0.4228	41	A_species_abundance
SF015	clean	clean	0.3276	41	A_species_abundance
SF016	unclean	clean	0.463	41	A_species_abundance
SF017	unclean	clean	0.4188	41	A_species_abundance
SF018	unclean	unclean	0.8138	41	A_species_abundance
SF019	clean	clean	0.3534	41	A_species_abundance
SF020	clean	clean	0.3354	41	A_species_abundance
SF021	unclean	clean	0.284	41	A_species_abundance
SF022	unclean	clean	0.3504	41	A_species_abundance
SF023	clean	clean	0.3022	41	A_species_abundance
SF024	unclean	clean	0.2992	41	A_species_abundance
SF025	clean	clean	0.2438	41	A_species_abundance
SF026	clean	clean	0.1886	41	A_species_abundance
SF027	clean	unclean	0.6126	41	A_species_abundance
SF028	unclean	unclean	0.6056	41	A_species_abundance
SF029	clean	clean	0.202	41	A_species_abundance
SF030	clean	unclean	0.682	41	A_species_abundance
SF031	clean	clean	0.4814	41	A_species_abundance
SF032	clean	clean	0.3756	41	A_species_abundance
SF033	clean	unclean	0.51	41	A_species_abundance
SF034	clean	clean	0.3412	41	A_species_abundance
SF035	clean	clean	0.281	41	A_species_abundance
SF036	unclean	unclean	0.5734	41	A_species_abundance
SF037	clean	clean	0.422	41	A_species_abundance
SF038	clean	clean	0.2852	41	A_species_abundance
SF039	unclean	unclean	0.7724	41	A_species_abundance
SF040	clean	clean	0.3452	41	A_species_abundance
SF041	unclean	clean	0.2794	41	A_species_abundance
SF042	clean	clean	0.2474	41	A_species_abundance
SF043	clean	clean	0.2804	41	A_species_abundance
SF044	clean	clean	0.3058	41	A_species_abundance
SF045	unclean	clean	0.2706	41	A_species_abundance
SF046	clean	clean	0.4638	41	A_species_abundance
SF047	clean	unclean	0.6624	41	A_species_abundance
SF048	unclean	clean	0.2944	41	A_species_abundance
SF049	clean	clean	0.3036	41	A_species_abundance
SF050	clean	clean	0.3214	41	A_species_abundance
SF051	clean	clean	0.3348	41	A_species_abundance
SF052	clean	clean	0.2954	41	A_species_abundance
SF053	clean	clean	0.396	41	A_species_abundance
SF054	unclean	unclean	0.5582	41	A_species_abundance
SF055	unclean	clean	0.2272	41	A_species_abundance
SF056	clean	unclean	0.531	41	A_species_abundance
SF057	unclean	clean	0.2996	41	A_species_abundance
SF058	clean	clean	0.3976	41	A_species_abundance
SF059	unclean	clean	0.4668	41	A_species_abundance
SF060	unclean	clean	0.3768	41	A_species_abundance
SF061	clean	clean	0.335	41	A_species_abundance
SF062	unclean	clean	0.1994	41	A_species_abundance
SF063	clean	clean	0.4318	41	A_species_abundance
SF064	clean	clean	0.1692	41	A_species_abundance
SF065	clean	clean	0.3656	41	A_species_abundance
SF066	clean	clean	0.336	41	A_species_abundance
SF067	clean	unclean	0.5456	41	A_species_abundance
SF068	unclean	clean	0.2814	41	A_species_abundance
SF069	clean	clean	0.35	41	A_species_abundance
SF070	unclean	unclean	0.7498	41	A_species_abundance
SF071	clean	clean	0.3804	41	A_species_abundance
SF072	unclean	clean	0.2574	41	A_species_abundance
SF073	clean	clean	0.2552	41	A_species_abundance
SF074	clean	clean	0.1606	41	A_species_abundance
SF075	clean	clean	0.3538	41	A_species_abundance
SF076	clean	clean	0.432	41	A_species_abundance
SF077	clean	clean	0.3482	41	A_species_abundance
SF078	unclean	clean	0.4214	41	A_species_abundance
SF079	unclean	clean	0.4918	41	A_species_abundance
SF080	unclean	clean	0.484	41	A_species_abundance
SF081	unclean	clean	0.3692	41	A_species_abundance
SF082	unclean	clean	0.4644	41	A_species_abundance
SF083	unclean	clean	0.4328	41	A_species_abundance
SF084	clean	clean	0.4216	41	A_species_abundance
SF085	clean	clean	0.346	41	A_species_abundance
SF086	clean	unclean	0.5334	41	A_species_abundance
SF087	unclean	unclean	0.83	41	A_species_abundance
SF088	clean	clean	0.2616	41	A_species_abundance
SF089	unclean	unclean	0.8236	41	A_species_abundance
SF090	unclean	clean	0.3922	41	A_species_abundance
SF091	unclean	unclean	0.5368	41	A_species_abundance
SF092	unclean	unclean	0.7006	41	A_species_abundance
SF093	unclean	clean	0.4048	41	A_species_abundance
SF094	clean	clean	0.3724	41	A_species_abundance
SF095	unclean	clean	0.2604	41	A_species_abundance
SF096	clean	clean	0.2254	41	A_species_abundance
SF097	unclean	clean	0.4602	41	A_species_abundance
SF001	unclean	unclean	0.7508	42	A_species_abundance
SF002	clean	clean	0.2318	42	A_species_abundance
SF003	unclean	unclean	0.5312	42	A_species_abundance
SF004	clean	clean	0.2082	42	A_species_abundance
SF005	clean	clean	0.3328	42	A_species_abundance
SF006	unclean	unclean	0.7584	42	A_species_abundance
SF007	unclean	unclean	0.7806	42	A_species_abundance
SF008	clean	clean	0.3578	42	A_species_abundance
SF009	unclean	clean	0.4396	42	A_species_abundance
SF010	unclean	unclean	0.7682	42	A_species_abundance
SF011	clean	clean	0.3616	42	A_species_abundance
SF012	clean	unclean	0.6436	42	A_species_abundance
SF013	unclean	clean	0.1896	42	A_species_abundance
SF014	clean	clean	0.4308	42	A_species_abundance
SF015	clean	clean	0.3486	42	A_species_abundance
SF016	unclean	clean	0.4686	42	A_species_abundance
SF017	unclean	clean	0.407	42	A_species_abundance
SF018	unclean	unclean	0.8392	42	A_species_abundance
SF019	clean	clean	0.2368	42	A_species_abundance
SF020	clean	clean	0.2986	42	A_species_abundance
SF021	unclean	clean	0.2262	42	A_species_abundance
SF022	unclean	clean	0.3048	42	A_species_abundance
SF023	clean	clean	0.2338	42	A_species_abundance
SF024	unclean	clean	0.3042	42	A_species_abundance
SF025	clean	clean	0.2422	42	A_species_abundance
SF026	clean	clean	0.2516	42	A_species_abundance
SF027	clean	unclean	0.628	42	A_species_abundance
SF028	unclean	unclean	0.5916	42	A_species_abundance
SF029	clean	clean	0.2324	42	A_species_abundance
SF030	clean	unclean	0.6822	42	A_species_abundance
SF031	clean	unclean	0.5102	42	A_species_abundance
SF032	clean	clean	0.3356	42	A_species_abundance
SF033	clean	clean	0.462	42	A_species_abundance
SF034	clean	clean	0.2978	42	A_species_abundance
SF035	clean	clean	0.2596	42	A_species_abundance
SF036	unclean	unclean	0.5772	42	A_species_abundance
SF037	clean	clean	0.3906	42	A_species_abundance
SF038	clean	clean	0.2914	42	A_species_abundance
SF039	unclean	unclean	0.7418	42	A_species_abundance
SF040	clean	clean	0.366	42	A_species_abundance
SF041	unclean	clean	0.2774	42	A_species_abundance
SF042	clean	clean	0.3092	42	A_species_abundance
SF043	clean	clean	0.2394	42	A_species_abundance
SF044	clean	clean	0.2362	42	A_species_abundance
SF045	unclean	clean	0.261	42	A_species_abundance
SF046	clean	unclean	0.513	42	A_species_abundance
SF047	clean	unclean	0.6664	42	A_species_abundance
SF048	unclean	clean	0.2976	42	A_species_abundance
SF049	clean	clean	0.309	42	A_species_abundance
SF050	clean	clean	0.3372	42	A_species_abundance
SF051	clean	clean	0.2964	42	A_species_abundance
SF052	clean	clean	0.376	42	A_species_abundance
SF053	clean	clean	0.3932	42	A_species_abundance
SF054	unclean	unclean	0.5684	42	A_species_abundance
SF055	unclean	clean	0.23	42	A_species_abundance
SF056	clean	clean	0.4838	42	A_species_abundance
SF057	unclean	clean	0.2524	42	A_species_abundance
SF058	clean	clean	0.413	42	A_species_abundance
SF059	unclean	clean	0.4194	42	A_species_abundance
SF060	unclean	clean	0.3796	42	A_species_abundance
SF061	clean	clean	0.3604	42	A_species_abundance
SF062	unclean	clean	0.1594	42	A_species_abundance
SF063	clean	clean	0.4458	42	A_species_abundance
SF064	clean	clean	0.2208	42	A_species_abundance
SF065	clean	clean	0.4312	42	A_species_abundance
SF066	clean	clean	0.332	42	A_species_abundance
SF067	clean	unclean	0.5546	42	A_species_abundance
SF068	unclean	clean	0.291	42	A_species_abundance
SF069	clean	clean	0.3958	42	A_species_abundance
SF070	unclean	unclean	0.7546	42	A_species_abundance
SF071	clean	clean	0.365	42	A_species_abundance
SF072	unclean	clean	0.1776	42	A_species_abundance
SF073	clean	clean	0.2846	42	A_species_abundance
SF074	clean	clean	0.1734	42	A_species_abundance
SF075	clean	clean	0.3408	42	A_species_abundance
SF076	clean	clean	0.3826	42	A_species_abundance
SF077	clean	clean	0.3616	42	A_species_abundance
SF078	unclean	clean	0.4268	42	A_species_abundance
SF079	unclean	unclean	0.5422	42	A_species_abundance
SF080	unclean	unclean	0.5236	42	A_species_abundance
SF081	unclean	clean	0.351	42	A_species_abundance
SF082	unclean	unclean	0.5002	42	A_species_abundance
SF083	unclean	unclean	0.5012	42	A_species_abundance
SF084	clean	clean	0.4198	42	A_species_abundance
SF085	clean	clean	0.273	42	A_species_abundance
SF086	clean	unclean	0.5478	42	A_species_abundance
SF087	unclean	unclean	0.8162	42	A_species_abundance
SF088	clean	clean	0.2874	42	A_species_abundance
SF089	unclean	unclean	0.8148	42	A_species_abundance
SF090	unclean	clean	0.4002	42	A_species_abundance
SF091	unclean	unclean	0.5884	42	A_species_abundance
SF092	unclean	unclean	0.6632	42	A_species_abundance
SF093	unclean	clean	0.4278	42	A_species_abundance
SF094	clean	clean	0.3826	42	A_species_abundance
SF095	unclean	clean	0.2888	42	A_species_abundance
SF096	clean	clean	0.2976	42	A_species_abundance
SF097	unclean	clean	0.4664	42	A_species_abundance
SF001	unclean	unclean	0.8204	43	A_species_abundance
SF002	clean	clean	0.2414	43	A_species_abundance
SF003	unclean	unclean	0.6008	43	A_species_abundance
SF004	clean	clean	0.2538	43	A_species_abundance
SF005	clean	clean	0.3944	43	A_species_abundance
SF006	unclean	unclean	0.7392	43	A_species_abundance
SF007	unclean	unclean	0.712	43	A_species_abundance
SF008	clean	clean	0.3704	43	A_species_abundance
SF009	unclean	clean	0.4352	43	A_species_abundance
SF010	unclean	unclean	0.821	43	A_species_abundance
SF011	clean	clean	0.3502	43	A_species_abundance
SF012	clean	unclean	0.6456	43	A_species_abundance
SF013	unclean	clean	0.2726	43	A_species_abundance
SF014	clean	unclean	0.511	43	A_species_abundance
SF015	clean	clean	0.3858	43	A_species_abundance
SF016	unclean	unclean	0.5186	43	A_species_abundance
SF017	unclean	clean	0.3898	43	A_species_abundance
SF018	unclean	unclean	0.852	43	A_species_abundance
SF019	clean	clean	0.316	43	A_species_abundance
SF020	clean	clean	0.3126	43	A_species_abundance
SF021	unclean	clean	0.269	43	A_species_abundance
SF022	unclean	clean	0.3512	43	A_species_abundance
SF023	clean	clean	0.259	43	A_species_abundance
SF024	unclean	clean	0.3278	43	A_species_abundance
SF025	clean	clean	0.2444	43	A_species_abundance
SF026	clean	clean	0.2644	43	A_species_abundance
SF027	clean	unclean	0.5268	43	A_species_abundance
SF028	unclean	unclean	0.6154	43	A_species_abundance
SF029	clean	clean	0.2352	43	A_species_abundance
SF030	clean	unclean	0.671	43	A_species_abundance
SF031	clean	clean	0.4998	43	A_species_abundance
SF032	clean	clean	0.2994	43	A_species_abundance
SF033	clean	clean	0.4458	43	A_species_abundance
SF034	clean	clean	0.2766	43	A_species_abundance
SF035	clean	clean	0.266	43	A_species_abundance
SF036	unclean	unclean	0.6174	43	A_species_abundance
SF037	clean	clean	0.4514	43	A_species_abundance
SF038	clean	clean	0.3574	43	A_species_abundance
SF039	unclean	unclean	0.705	43	A_species_abundance
SF040	clean	clean	0.3854	43	A_species_abundance
SF041	unclean	clean	0.2854	43	A_species_abundance
SF042	clean	clean	0.1816	43	A_species_abundance
SF043	clean	clean	0.3022	43	A_species_abundance
SF044	clean	clean	0.2656	43	A_species_abundance
SF045	unclean	clean	0.2714	43	A_species_abundance
SF046	clean	unclean	0.5176	43	A_species_abundance
SF047	clean	unclean	0.6502	43	A_species_abundance
SF048	unclean	clean	0.2634	43	A_species_abundance
SF049	clean	clean	0.3298	43	A_species_abundance
SF050	clean	clean	0.3034	43	A_species_abundance
SF051	clean	clean	0.3228	43	A_species_abundance
SF052	clean	clean	0.2938	43	A_species_abundance
SF053	clean	clean	0.3954	43	A_species_abundance
SF054	unclean	unclean	0.6096	43	A_species_abundance
SF055	unclean	clean	0.232	43	A_species_abundance
SF056	clean	unclean	0.5198	43	A_species_abundance
SF057	unclean	clean	0.2748	43	A_species_abundance
SF058	clean	clean	0.3714	43	A_species_abundance
SF059	unclean	clean	0.4578	43	A_species_abundance
SF060	unclean	clean	0.3828	43	A_species_abundance
SF061	clean	clean	0.3932	43	A_species_abundance
SF062	unclean	clean	0.162	43	A_species_abundance
SF063	clean	clean	0.4776	43	A_species_abundance
SF064	clean	clean	0.224	43	A_species_abundance
SF065	clean	clean	0.3402	43	A_species_abundance
SF066	clean	clean	0.37	43	A_species_abundance
SF067	clean	unclean	0.5042	43	A_species_abundance
SF068	unclean	clean	0.2396	43	A_species_abundance
SF069	clean	clean	0.3576	43	A_species_abundance
SF070	unclean	unclean	0.7812	43	A_species_abundance
SF071	clean	clean	0.4476	43	A_species_abundance
SF072	unclean	clean	0.244	43	A_species_abundance
SF073	clean	clean	0.2756	43	A_species_abundance
SF074	clean	clean	0.1834	43	A_species_abundance
SF075	clean	clean	0.3544	43	A_species_abundance
SF076	clean	clean	0.4292	43	A_species_abundance
SF077	clean	clean	0.3688	43	A_species_abundance
SF078	unclean	clean	0.4216	43	A_species_abundance
SF079	unclean	unclean	0.568	43	A_species_abundance
SF080	unclean	unclean	0.5026	43	A_species_abundance
SF081	unclean	clean	0.3382	43	A_species_abundance
SF082	unclean	clean	0.4308	43	A_species_abundance
SF083	unclean	clean	0.4664	43	A_species_abundance
SF084	clean	clean	0.4514	43	A_species_abundance
SF085	clean	clean	0.3306	43	A_species_abundance
SF086	clean	unclean	0.5542	43	A_species_abundance
SF087	unclean	unclean	0.8058	43	A_species_abundance
SF088	clean	clean	0.2864	43	A_species_abundance
SF089	unclean	unclean	0.7964	43	A_species_abundance
SF090	unclean	clean	0.3936	43	A_species_abundance
SF091	unclean	unclean	0.5806	43	A_species_abundance
SF092	unclean	unclean	0.6484	43	A_species_abundance
SF093	unclean	clean	0.469	43	A_species_abundance
SF094	clean	clean	0.3884	43	A_species_abundance
SF095	unclean	clean	0.2792	43	A_species_abundance
SF096	clean	clean	0.2276	43	A_species_abundance
SF097	unclean	clean	0.4386	43	A_species_abundance
SF001	unclean	unclean	0.8242	44	A_species_abundance
SF002	clean	clean	0.2498	44	A_species_abundance
SF003	unclean	unclean	0.5732	44	A_species_abundance
SF004	clean	clean	0.2584	44	A_species_abundance
SF005	clean	clean	0.3894	44	A_species_abundance
SF006	unclean	unclean	0.7536	44	A_species_abundance
SF007	unclean	unclean	0.7196	44	A_species_abundance
SF008	clean	clean	0.3746	44	A_species_abundance
SF009	unclean	clean	0.3724	44	A_species_abundance
SF010	unclean	unclean	0.8422	44	A_species_abundance
SF011	clean	clean	0.3526	44	A_species_abundance
SF012	clean	unclean	0.6634	44	A_species_abundance
SF013	unclean	clean	0.2248	44	A_species_abundance
SF014	clean	clean	0.4252	44	A_species_abundance
SF015	clean	clean	0.3048	44	A_species_abundance
SF016	unclean	clean	0.4884	44	A_species_abundance
SF017	unclean	clean	0.4058	44	A_species_abundance
SF018	unclean	unclean	0.7528	44	A_species_abundance
SF019	clean	clean	0.349	44	A_species_abundance
SF020	clean	clean	0.2866	44	A_species_abundance
SF021	unclean	clean	0.321	44	A_species_abundance
SF022	unclean	clean	0.2796	44	A_species_abundance
SF023	clean	clean	0.2842	44	A_species_abundance
SF024	unclean	clean	0.2354	44	A_species_abundance
SF025	clean	clean	0.2664	44	A_species_abundance
SF026	clean	clean	0.2418	44	A_species_abundance
SF027	clean	unclean	0.7104	44	A_species_abundance
SF028	unclean	unclean	0.6304	44	A_species_abundance
SF029	clean	clean	0.2446	44	A_species_abundance
SF030	clean	unclean	0.7114	44	A_species_abundance
SF031	clean	unclean	0.5446	44	A_species_abundance
SF032	clean	clean	0.3238	44	A_species_abundance
SF033	clean	clean	0.4648	44	A_species_abundance
SF034	clean	clean	0.2912	44	A_species_abundance
SF035	clean	clean	0.2854	44	A_species_abundance
SF036	unclean	unclean	0.589	44	A_species_abundance
SF037	clean	clean	0.3898	44	A_species_abundance
SF038	clean	clean	0.3226	44	A_species_abundance
SF039	unclean	unclean	0.6806	44	A_species_abundance
SF040	clean	clean	0.3936	44	A_species_abundance
SF041	unclean	clean	0.2986	44	A_species_abundance
SF042	clean	clean	0.238	44	A_species_abundance
SF043	clean	clean	0.322	44	A_species_abundance
SF044	clean	clean	0.2306	44	A_species_abundance
SF045	unclean	clean	0.2216	44	A_species_abundance
SF046	clean	clean	0.4924	44	A_species_abundance
SF047	clean	unclean	0.7204	44	A_species_abundance
SF048	unclean	clean	0.1996	44	A_species_abundance
SF049	clean	clean	0.4136	44	A_species_abundance
SF050	clean	clean	0.2834	44	A_species_abundance
SF051	clean	clean	0.256	44	A_species_abundance
SF052	clean	clean	0.3152	44	A_species_abundance
SF053	clean	clean	0.3882	44	A_species_abundance
SF054	unclean	unclean	0.6398	44	A_species_abundance
SF055	unclean	clean	0.2386	44	A_species_abundance
SF056	clean	unclean	0.506	44	A_species_abundance
SF057	unclean	clean	0.2806	44	A_species_abundance
SF058	clean	clean	0.4436	44	A_species_abundance
SF059	unclean	clean	0.4332	44	A_species_abundance
SF060	unclean	clean	0.3962	44	A_species_abundance
SF061	clean	clean	0.404	44	A_species_abundance
SF062	unclean	clean	0.1962	44	A_species_abundance
SF063	clean	clean	0.478	44	A_species_abundance
SF064	clean	clean	0.2228	44	A_species_abundance
SF065	clean	clean	0.3978	44	A_species_abundance
SF066	clean	clean	0.3248	44	A_species_abundance
SF067	clean	unclean	0.5036	44	A_species_abundance
SF068	unclean	clean	0.277	44	A_species_abundance
SF069	clean	clean	0.3832	44	A_species_abundance
SF070	unclean	unclean	0.7584	44	A_species_abundance
SF071	clean	clean	0.4816	44	A_species_abundance
SF072	unclean	clean	0.198	44	A_species_abundance
SF073	clean	clean	0.2798	44	A_species_abundance
SF074	clean	clean	0.164	44	A_species_abundance
SF075	clean	clean	0.3494	44	A_species_abundance
SF076	clean	clean	0.4288	44	A_species_abundance
SF077	clean	clean	0.3308	44	A_species_abundance
SF078	unclean	clean	0.3742	44	A_species_abundance
SF079	unclean	unclean	0.5012	44	A_species_abundance
SF080	unclean	clean	0.4848	44	A_species_abundance
SF081	unclean	clean	0.3958	44	A_species_abundance
SF082	unclean	clean	0.4554	44	A_species_abundance
SF083	unclean	clean	0.4634	44	A_species_abundance
SF084	clean	clean	0.4108	44	A_species_abundance
SF085	clean	clean	0.3676	44	A_species_abundance
SF086	clean	unclean	0.5412	44	A_species_abundance
SF087	unclean	unclean	0.7512	44	A_species_abundance
SF088	clean	clean	0.247	44	A_species_abundance
SF089	unclean	unclean	0.8394	44	A_species_abundance
SF090	unclean	clean	0.4028	44	A_species_abundance
SF091	unclean	unclean	0.599	44	A_species_abundance
SF092	unclean	unclean	0.6614	44	A_species_abundance
SF093	unclean	clean	0.4184	44	A_species_abundance
SF094	clean	clean	0.3366	44	A_species_abundance
SF095	unclean	clean	0.2608	44	A_species_abundance
SF096	clean	clean	0.1834	44	A_species_abundance
SF097	unclean	clean	0.4102	44	A_species_abundance
SF001	unclean	unclean	0.8122	45	A_species_abundance
SF002	clean	clean	0.303	45	A_species_abundance
SF003	unclean	unclean	0.5544	45	A_species_abundance
SF004	clean	clean	0.3004	45	A_species_abundance
SF005	clean	clean	0.298	45	A_species_abundance
SF006	unclean	unclean	0.7318	45	A_species_abundance
SF007	unclean	unclean	0.7278	45	A_species_abundance
SF008	clean	clean	0.3432	45	A_species_abundance
SF009	unclean	clean	0.4336	45	A_species_abundance
SF010	unclean	unclean	0.8404	45	A_species_abundance
SF011	clean	clean	0.3608	45	A_species_abundance
SF012	clean	unclean	0.6864	45	A_species_abundance
SF013	unclean	clean	0.264	45	A_species_abundance
SF014	clean	clean	0.4378	45	A_species_abundance
SF015	clean	clean	0.384	45	A_species_abundance
SF016	unclean	clean	0.4982	45	A_species_abundance
SF017	unclean	clean	0.4422	45	A_species_abundance
SF018	unclean	unclean	0.7962	45	A_species_abundance
SF019	clean	clean	0.3692	45	A_species_abundance
SF020	clean	clean	0.3212	45	A_species_abundance
SF021	unclean	clean	0.2102	45	A_species_abundance
SF022	unclean	clean	0.2724	45	A_species_abundance
SF023	clean	clean	0.2772	45	A_species_abundance
SF024	unclean	clean	0.2684	45	A_species_abundance
SF025	clean	clean	0.2416	45	A_species_abundance
SF026	clean	clean	0.2812	45	A_species_abundance
SF027	clean	unclean	0.5998	45	A_species_abundance
SF028	unclean	unclean	0.6548	45	A_species_abundance
SF029	clean	clean	0.2574	45	A_species_abundance
SF030	clean	unclean	0.711	45	A_species_abundance
SF031	clean	unclean	0.5656	45	A_species_abundance
SF032	clean	clean	0.3532	45	A_species_abundance
SF033	clean	clean	0.4538	45	A_species_abundance
SF034	clean	clean	0.3126	45	A_species_abundance
SF035	clean	clean	0.2346	45	A_species_abundance
SF036	unclean	unclean	0.544	45	A_species_abundance
SF037	clean	clean	0.388	45	A_species_abundance
SF038	clean	clean	0.3582	45	A_species_abundance
SF039	unclean	unclean	0.7262	45	A_species_abundance
SF040	clean	clean	0.348	45	A_species_abundance
SF041	unclean	clean	0.2658	45	A_species_abundance
SF042	clean	clean	0.2594	45	A_species_abundance
SF043	clean	clean	0.316	45	A_species_abundance
SF044	clean	clean	0.1714	45	A_species_abundance
SF045	unclean	clean	0.2524	45	A_species_abundance
SF046	clean	clean	0.4754	45	A_species_abundance
SF047	clean	unclean	0.663	45	A_species_abundance
SF048	unclean	clean	0.2744	45	A_species_abundance
SF049	clean	clean	0.4078	45	A_species_abundance
SF050	clean	clean	0.338	45	A_species_abundance
SF051	clean	clean	0.2806	45	A_species_abundance
SF052	clean	clean	0.3226	45	A_species_abundance
SF053	clean	clean	0.407	45	A_species_abundance
SF054	unclean	unclean	0.5854	45	A_species_abundance
SF055	unclean	clean	0.2378	45	A_species_abundance
SF056	clean	unclean	0.5024	45	A_species_abundance
SF057	unclean	clean	0.2806	45	A_species_abundance
SF058	clean	clean	0.4216	45	A_species_abundance
SF059	unclean	unclean	0.5042	45	A_species_abundance
SF060	unclean	clean	0.388	45	A_species_abundance
SF061	clean	clean	0.3666	45	A_species_abundance
SF062	unclean	clean	0.1992	45	A_species_abundance
SF063	clean	clean	0.4594	45	A_species_abundance
SF064	clean	clean	0.1856	45	A_species_abundance
SF065	clean	clean	0.3336	45	A_species_abundance
SF066	clean	clean	0.389	45	A_species_abundance
SF067	clean	unclean	0.5032	45	A_species_abundance
SF068	unclean	clean	0.2782	45	A_species_abundance
SF069	clean	clean	0.369	45	A_species_abundance
SF070	unclean	unclean	0.8022	45	A_species_abundance
SF071	clean	clean	0.4796	45	A_species_abundance
SF072	unclean	clean	0.2184	45	A_species_abundance
SF073	clean	clean	0.2666	45	A_species_abundance
SF074	clean	clean	0.189	45	A_species_abundance
SF075	clean	clean	0.3558	45	A_species_abundance
SF076	clean	clean	0.399	45	A_species_abundance
SF077	clean	clean	0.3708	45	A_species_abundance
SF078	unclean	clean	0.4482	45	A_species_abundance
SF079	unclean	unclean	0.551	45	A_species_abundance
SF080	unclean	unclean	0.518	45	A_species_abundance
SF081	unclean	clean	0.3878	45	A_species_abundance
SF082	unclean	clean	0.4346	45	A_species_abundance
SF083	unclean	clean	0.4756	45	A_species_abundance
SF084	clean	clean	0.4548	45	A_species_abundance
SF085	clean	clean	0.3738	45	A_species_abundance
SF086	clean	unclean	0.5578	45	A_species_abundance
SF087	unclean	unclean	0.814	45	A_species_abundance
SF088	clean	clean	0.228	45	A_species_abundance
SF089	unclean	unclean	0.8142	45	A_species_abundance
SF090	unclean	clean	0.4078	45	A_species_abundance
SF091	unclean	unclean	0.5944	45	A_species_abundance
SF092	unclean	unclean	0.6372	45	A_species_abundance
SF093	unclean	unclean	0.5444	45	A_species_abundance
SF094	clean	clean	0.4408	45	A_species_abundance
SF095	unclean	clean	0.2282	45	A_species_abundance
SF096	clean	clean	0.247	45	A_species_abundance
SF097	unclean	clean	0.4596	45	A_species_abundance
SF001	unclean	unclean	0.7312	46	A_species_abundance
SF002	clean	clean	0.2474	46	A_species_abundance
SF003	unclean	unclean	0.609	46	A_species_abundance
SF004	clean	clean	0.2606	46	A_species_abundance
SF005	clean	clean	0.3114	46	A_species_abundance
SF006	unclean	unclean	0.751	46	A_species_abundance
SF007	unclean	unclean	0.732	46	A_species_abundance
SF008	clean	clean	0.3708	46	A_species_abundance
SF009	unclean	clean	0.4356	46	A_species_abundance
SF010	unclean	unclean	0.7986	46	A_species_abundance
SF011	clean	clean	0.37	46	A_species_abundance
SF012	clean	unclean	0.6252	46	A_species_abundance
SF013	unclean	clean	0.254	46	A_species_abundance
SF014	clean	clean	0.446	46	A_species_abundance
SF015	clean	clean	0.2938	46	A_species_abundance
SF016	unclean	unclean	0.5232	46	A_species_abundance
SF017	unclean	clean	0.415	46	A_species_abundance
SF018	unclean	unclean	0.7776	46	A_species_abundance
SF019	clean	clean	0.3106	46	A_species_abundance
SF020	clean	clean	0.2992	46	A_species_abundance
SF021	unclean	clean	0.2664	46	A_species_abundance
SF022	unclean	clean	0.3638	46	A_species_abundance
SF023	clean	clean	0.261	46	A_species_abundance
SF024	unclean	clean	0.3046	46	A_species_abundance
SF025	clean	clean	0.2554	46	A_species_abundance
SF026	clean	clean	0.1994	46	A_species_abundance
SF027	clean	unclean	0.7	46	A_species_abundance
SF028	unclean	unclean	0.5692	46	A_species_abundance
SF029	clean	clean	0.2304	46	A_species_abundance
SF030	clean	unclean	0.6648	46	A_species_abundance
SF031	clean	unclean	0.504	46	A_species_abundance
SF032	clean	clean	0.3268	46	A_species_abundance
SF033	clean	unclean	0.5088	46	A_species_abundance
SF034	clean	clean	0.2506	46	A_species_abundance
SF035	clean	clean	0.263	46	A_species_abundance
SF036	unclean	unclean	0.571	46	A_species_abundance
SF037	clean	clean	0.371	46	A_species_abundance
SF038	clean	clean	0.3362	46	A_species_abundance
SF039	unclean	unclean	0.7212	46	A_species_abundance
SF040	clean	clean	0.361	46	A_species_abundance
SF041	unclean	clean	0.294	46	A_species_abundance
SF042	clean	clean	0.1752	46	A_species_abundance
SF043	clean	clean	0.3234	46	A_species_abundance
SF044	clean	clean	0.2674	46	A_species_abundance
SF045	unclean	clean	0.2572	46	A_species_abundance
SF046	clean	unclean	0.5294	46	A_species_abundance
SF047	clean	unclean	0.7172	46	A_species_abundance
SF048	unclean	clean	0.272	46	A_species_abundance
SF049	clean	clean	0.2792	46	A_species_abundance
SF050	clean	clean	0.3138	46	A_species_abundance
SF051	clean	clean	0.3588	46	A_species_abundance
SF052	clean	clean	0.3414	46	A_species_abundance
SF053	clean	clean	0.4112	46	A_species_abundance
SF054	unclean	unclean	0.586	46	A_species_abundance
SF055	unclean	clean	0.254	46	A_species_abundance
SF056	clean	clean	0.4876	46	A_species_abundance
SF057	unclean	clean	0.3298	46	A_species_abundance
SF058	clean	clean	0.419	46	A_species_abundance
SF059	unclean	clean	0.4738	46	A_species_abundance
SF060	unclean	clean	0.4	46	A_species_abundance
SF061	clean	clean	0.3736	46	A_species_abundance
SF062	unclean	clean	0.1956	46	A_species_abundance
SF063	clean	clean	0.4376	46	A_species_abundance
SF064	clean	clean	0.1914	46	A_species_abundance
SF065	clean	clean	0.3798	46	A_species_abundance
SF066	clean	clean	0.3732	46	A_species_abundance
SF067	clean	clean	0.477	46	A_species_abundance
SF068	unclean	clean	0.2754	46	A_species_abundance
SF069	clean	clean	0.3612	46	A_species_abundance
SF070	unclean	unclean	0.7446	46	A_species_abundance
SF071	clean	clean	0.401	46	A_species_abundance
SF072	unclean	clean	0.2626	46	A_species_abundance
SF073	clean	clean	0.279	46	A_species_abundance
SF074	clean	clean	0.1924	46	A_species_abundance
SF075	clean	clean	0.3702	46	A_species_abundance
SF076	clean	clean	0.3718	46	A_species_abundance
SF077	clean	clean	0.33	46	A_species_abundance
SF078	unclean	clean	0.431	46	A_species_abundance
SF079	unclean	unclean	0.5724	46	A_species_abundance
SF080	unclean	unclean	0.5384	46	A_species_abundance
SF081	unclean	clean	0.3342	46	A_species_abundance
SF082	unclean	clean	0.4348	46	A_species_abundance
SF083	unclean	clean	0.46	46	A_species_abundance
SF084	clean	clean	0.491	46	A_species_abundance
SF085	clean	clean	0.3358	46	A_species_abundance
SF086	clean	unclean	0.5666	46	A_species_abundance
SF087	unclean	unclean	0.8014	46	A_species_abundance
SF088	clean	clean	0.277	46	A_species_abundance
SF089	unclean	unclean	0.8108	46	A_species_abundance
SF090	unclean	clean	0.3412	46	A_species_abundance
SF091	unclean	unclean	0.6014	46	A_species_abundance
SF092	unclean	unclean	0.6418	46	A_species_abundance
SF093	unclean	clean	0.352	46	A_species_abundance
SF094	clean	clean	0.3604	46	A_species_abundance
SF095	unclean	clean	0.2562	46	A_species_abundance
SF096	clean	clean	0.2142	46	A_species_abundance
SF097	unclean	clean	0.4748	46	A_species_abundance
SF001	unclean	unclean	0.8074	47	A_species_abundance
SF002	clean	clean	0.2214	47	A_species_abundance
SF003	unclean	unclean	0.5452	47	A_species_abundance
SF004	clean	clean	0.2698	47	A_species_abundance
SF005	clean	clean	0.3882	47	A_species_abundance
SF006	unclean	unclean	0.7586	47	A_species_abundance
SF007	unclean	unclean	0.7224	47	A_species_abundance
SF008	clean	clean	0.4104	47	A_species_abundance
SF009	unclean	clean	0.429	47	A_species_abundance
SF010	unclean	unclean	0.7946	47	A_species_abundance
SF011	clean	clean	0.3446	47	A_species_abundance
SF012	clean	unclean	0.697	47	A_species_abundance
SF013	unclean	clean	0.2398	47	A_species_abundance
SF014	clean	clean	0.4324	47	A_species_abundance
SF015	clean	clean	0.3008	47	A_species_abundance
SF016	unclean	clean	0.492	47	A_species_abundance
SF017	unclean	clean	0.4256	47	A_species_abundance
SF018	unclean	unclean	0.7876	47	A_species_abundance
SF019	clean	clean	0.2734	47	A_species_abundance
SF020	clean	clean	0.2816	47	A_species_abundance
SF021	unclean	clean	0.2782	47	A_species_abundance
SF022	unclean	clean	0.4202	47	A_species_abundance
SF023	clean	clean	0.1898	47	A_species_abundance
SF024	unclean	clean	0.287	47	A_species_abundance
SF025	clean	clean	0.2498	47	A_species_abundance
SF026	clean	clean	0.2308	47	A_species_abundance
SF027	clean	unclean	0.5874	47	A_species_abundance
SF028	unclean	unclean	0.6184	47	A_species_abundance
SF029	clean	clean	0.2208	47	A_species_abundance
SF030	clean	unclean	0.684	47	A_species_abundance
SF031	clean	clean	0.4792	47	A_species_abundance
SF032	clean	clean	0.3452	47	A_species_abundance
SF033	clean	clean	0.4496	47	A_species_abundance
SF034	clean	clean	0.2944	47	A_species_abundance
SF035	clean	clean	0.2636	47	A_species_abundance
SF036	unclean	unclean	0.611	47	A_species_abundance
SF037	clean	clean	0.4234	47	A_species_abundance
SF038	clean	clean	0.337	47	A_species_abundance
SF039	unclean	unclean	0.7204	47	A_species_abundance
SF040	clean	clean	0.3266	47	A_species_abundance
SF041	unclean	clean	0.273	47	A_species_abundance
SF042	clean	clean	0.1946	47	A_species_abundance
SF043	clean	clean	0.256	47	A_species_abundance
SF044	clean	clean	0.2894	47	A_species_abundance
SF045	unclean	clean	0.2952	47	A_species_abundance
SF046	clean	unclean	0.5034	47	A_species_abundance
SF047	clean	unclean	0.631	47	A_species_abundance
SF048	unclean	clean	0.2634	47	A_species_abundance
SF049	clean	clean	0.3784	47	A_species_abundance
SF050	clean	clean	0.3218	47	A_species_abundance
SF051	clean	clean	0.3258	47	A_species_abundance
SF052	clean	clean	0.3014	47	A_species_abundance
SF053	clean	clean	0.3506	47	A_species_abundance
SF054	unclean	unclean	0.639	47	A_species_abundance
SF055	unclean	clean	0.2802	47	A_species_abundance
SF056	clean	clean	0.4222	47	A_species_abundance
SF057	unclean	clean	0.2988	47	A_species_abundance
SF058	clean	clean	0.4032	47	A_species_abundance
SF059	unclean	clean	0.4514	47	A_species_abundance
SF060	unclean	clean	0.3894	47	A_species_abundance
SF061	clean	clean	0.315	47	A_species_abundance
SF062	unclean	clean	0.228	47	A_species_abundance
SF063	clean	clean	0.4796	47	A_species_abundance
SF064	clean	clean	0.2282	47	A_species_abundance
SF065	clean	clean	0.3736	47	A_species_abundance
SF066	clean	clean	0.3556	47	A_species_abundance
SF067	clean	clean	0.4908	47	A_species_abundance
SF068	unclean	clean	0.3	47	A_species_abundance
SF069	clean	clean	0.424	47	A_species_abundance
SF070	unclean	unclean	0.8002	47	A_species_abundance
SF071	clean	clean	0.4308	47	A_species_abundance
SF072	unclean	clean	0.216	47	A_species_abundance
SF073	clean	clean	0.26	47	A_species_abundance
SF074	clean	clean	0.183	47	A_species_abundance
SF075	clean	clean	0.3548	47	A_species_abundance
SF076	clean	clean	0.4332	47	A_species_abundance
SF077	clean	clean	0.3204	47	A_species_abundance
SF078	unclean	clean	0.3666	47	A_species_abundance
SF079	unclean	unclean	0.555	47	A_species_abundance
SF080	unclean	unclean	0.5024	47	A_species_abundance
SF081	unclean	clean	0.3094	47	A_species_abundance
SF082	unclean	clean	0.4846	47	A_species_abundance
SF083	unclean	clean	0.4026	47	A_species_abundance
SF084	clean	clean	0.4438	47	A_species_abundance
SF085	clean	clean	0.3118	47	A_species_abundance
SF086	clean	clean	0.489	47	A_species_abundance
SF087	unclean	unclean	0.7996	47	A_species_abundance
SF088	clean	clean	0.2554	47	A_species_abundance
SF089	unclean	unclean	0.84	47	A_species_abundance
SF090	unclean	clean	0.3596	47	A_species_abundance
SF091	unclean	unclean	0.6368	47	A_species_abundance
SF092	unclean	unclean	0.6598	47	A_species_abundance
SF093	unclean	clean	0.4648	47	A_species_abundance
SF094	clean	clean	0.3696	47	A_species_abundance
SF095	unclean	clean	0.2642	47	A_species_abundance
SF096	clean	clean	0.2072	47	A_species_abundance
SF097	unclean	clean	0.4088	47	A_species_abundance
SF001	unclean	unclean	0.733	48	A_species_abundance
SF002	clean	clean	0.2676	48	A_species_abundance
SF003	unclean	unclean	0.548	48	A_species_abundance
SF004	clean	clean	0.28	48	A_species_abundance
SF005	clean	clean	0.3952	48	A_species_abundance
SF006	unclean	unclean	0.7052	48	A_species_abundance
SF007	unclean	unclean	0.7748	48	A_species_abundance
SF008	clean	clean	0.3566	48	A_species_abundance
SF009	unclean	clean	0.4056	48	A_species_abundance
SF010	unclean	unclean	0.7868	48	A_species_abundance
SF011	clean	clean	0.3638	48	A_species_abundance
SF012	clean	unclean	0.7018	48	A_species_abundance
SF013	unclean	clean	0.2306	48	A_species_abundance
SF014	clean	clean	0.4822	48	A_species_abundance
SF015	clean	clean	0.3018	48	A_species_abundance
SF016	unclean	clean	0.4858	48	A_species_abundance
SF017	unclean	clean	0.459	48	A_species_abundance
SF018	unclean	unclean	0.823	48	A_species_abundance
SF019	clean	clean	0.2964	48	A_species_abundance
SF020	clean	clean	0.272	48	A_species_abundance
SF021	unclean	clean	0.3058	48	A_species_abundance
SF022	unclean	clean	0.3204	48	A_species_abundance
SF023	clean	clean	0.248	48	A_species_abundance
SF024	unclean	clean	0.2518	48	A_species_abundance
SF025	clean	clean	0.1784	48	A_species_abundance
SF026	clean	clean	0.2302	48	A_species_abundance
SF027	clean	unclean	0.6428	48	A_species_abundance
SF028	unclean	unclean	0.6148	48	A_species_abundance
SF029	clean	clean	0.24	48	A_species_abundance
SF030	clean	unclean	0.6668	48	A_species_abundance
SF031	clean	unclean	0.565	48	A_species_abundance
SF032	clean	clean	0.3158	48	A_species_abundance
SF033	clean	clean	0.4108	48	A_species_abundance
SF034	clean	clean	0.2978	48	A_species_abundance
SF035	clean	clean	0.2904	48	A_species_abundance
SF036	unclean	unclean	0.548	48	A_species_abundance
SF037	clean	clean	0.3942	48	A_species_abundance
SF038	clean	clean	0.388	48	A_species_abundance
SF039	unclean	unclean	0.7486	48	A_species_abundance
SF040	clean	clean	0.3988	48	A_species_abundance
SF041	unclean	clean	0.3106	48	A_species_abundance
SF042	clean	clean	0.195	48	A_species_abundance
SF043	clean	clean	0.3194	48	A_species_abundance
SF044	clean	clean	0.305	48	A_species_abundance
SF045	unclean	clean	0.2724	48	A_species_abundance
SF046	clean	clean	0.4616	48	A_species_abundance
SF047	clean	unclean	0.647	48	A_species_abundance
SF048	unclean	clean	0.2272	48	A_species_abundance
SF049	clean	clean	0.305	48	A_species_abundance
SF050	clean	clean	0.3314	48	A_species_abundance
SF051	clean	clean	0.2254	48	A_species_abundance
SF052	clean	clean	0.3116	48	A_species_abundance
SF053	clean	clean	0.384	48	A_species_abundance
SF054	unclean	unclean	0.5522	48	A_species_abundance
SF055	unclean	clean	0.2164	48	A_species_abundance
SF056	clean	unclean	0.5378	48	A_species_abundance
SF057	unclean	clean	0.2938	48	A_species_abundance
SF058	clean	clean	0.3954	48	A_species_abundance
SF059	unclean	clean	0.448	48	A_species_abundance
SF060	unclean	clean	0.3828	48	A_species_abundance
SF061	clean	clean	0.3922	48	A_species_abundance
SF062	unclean	clean	0.1914	48	A_species_abundance
SF063	clean	clean	0.384	48	A_species_abundance
SF064	clean	clean	0.2274	48	A_species_abundance
SF065	clean	clean	0.3306	48	A_species_abundance
SF066	clean	clean	0.3468	48	A_species_abundance
SF067	clean	clean	0.4884	48	A_species_abundance
SF068	unclean	clean	0.28	48	A_species_abundance
SF069	clean	clean	0.4018	48	A_species_abundance
SF070	unclean	unclean	0.7316	48	A_species_abundance
SF071	clean	clean	0.4144	48	A_species_abundance
SF072	unclean	clean	0.2634	48	A_species_abundance
SF073	clean	clean	0.2824	48	A_species_abundance
SF074	clean	clean	0.1982	48	A_species_abundance
SF075	clean	clean	0.3658	48	A_species_abundance
SF076	clean	clean	0.4072	48	A_species_abundance
SF077	clean	clean	0.356	48	A_species_abundance
SF078	unclean	clean	0.411	48	A_species_abundance
SF079	unclean	unclean	0.511	48	A_species_abundance
SF080	unclean	unclean	0.5162	48	A_species_abundance
SF081	unclean	clean	0.4404	48	A_species_abundance
SF082	unclean	clean	0.4326	48	A_species_abundance
SF083	unclean	clean	0.4666	48	A_species_abundance
SF084	clean	clean	0.4742	48	A_species_abundance
SF085	clean	clean	0.259	48	A_species_abundance
SF086	clean	unclean	0.518	48	A_species_abundance
SF087	unclean	unclean	0.7834	48	A_species_abundance
SF088	clean	clean	0.2944	48	A_species_abundance
SF089	unclean	unclean	0.8118	48	A_species_abundance
SF090	unclean	clean	0.369	48	A_species_abundance
SF091	unclean	unclean	0.6726	48	A_species_abundance
SF092	unclean	unclean	0.691	48	A_species_abundance
SF093	unclean	clean	0.3334	48	A_species_abundance
SF094	clean	clean	0.3862	48	A_species_abundance
SF095	unclean	clean	0.2708	48	A_species_abundance
SF096	clean	clean	0.2254	48	A_species_abundance
SF097	unclean	clean	0.44	48	A_species_abundance
SF001	unclean	unclean	0.7284	49	A_species_abundance
SF002	clean	clean	0.2696	49	A_species_abundance
SF003	unclean	unclean	0.6098	49	A_species_abundance
SF004	clean	clean	0.2832	49	A_species_abundance
SF005	clean	clean	0.3488	49	A_species_abundance
SF006	unclean	unclean	0.7512	49	A_species_abundance
SF007	unclean	unclean	0.7156	49	A_species_abundance
SF008	clean	clean	0.3724	49	A_species_abundance
SF009	unclean	clean	0.3786	49	A_species_abundance
SF010	unclean	unclean	0.7934	49	A_species_abundance
SF011	clean	clean	0.358	49	A_species_abundance
SF012	clean	unclean	0.659	49	A_species_abundance
SF013	unclean	clean	0.2412	49	A_species_abundance
SF014	clean	clean	0.3842	49	A_species_abundance
SF015	clean	clean	0.3434	49	A_species_abundance
SF016	unclean	clean	0.4736	49	A_species_abundance
SF017	unclean	clean	0.3324	49	A_species_abundance
SF018	unclean	unclean	0.8626	49	A_species_abundance
SF019	clean	clean	0.3286	49	A_species_abundance
SF020	clean	clean	0.2908	49	A_species_abundance
SF021	unclean	clean	0.213	49	A_species_abundance
SF022	unclean	clean	0.3806	49	A_species_abundance
SF023	clean	clean	0.285	49	A_species_abundance
SF024	unclean	clean	0.2842	49	A_species_abundance
SF025	clean	clean	0.2888	49	A_species_abundance
SF026	clean	clean	0.2634	49	A_species_abundance
SF027	clean	unclean	0.592	49	A_species_abundance
SF028	unclean	unclean	0.6178	49	A_species_abundance
SF029	clean	clean	0.244	49	A_species_abundance
SF030	clean	unclean	0.7426	49	A_species_abundance
SF031	clean	unclean	0.5564	49	A_species_abundance
SF032	clean	clean	0.3716	49	A_species_abundance
SF033	clean	clean	0.4478	49	A_species_abundance
SF034	clean	clean	0.2882	49	A_species_abundance
SF035	clean	clean	0.2546	49	A_species_abundance
SF036	unclean	unclean	0.5646	49	A_species_abundance
SF037	clean	clean	0.4492	49	A_species_abundance
SF038	clean	clean	0.3036	49	A_species_abundance
SF039	unclean	unclean	0.7396	49	A_species_abundance
SF040	clean	clean	0.3602	49	A_species_abundance
SF041	unclean	clean	0.2722	49	A_species_abundance
SF042	clean	clean	0.2402	49	A_species_abundance
SF043	clean	clean	0.3038	49	A_species_abundance
SF044	clean	clean	0.2948	49	A_species_abundance
SF045	unclean	clean	0.2162	49	A_species_abundance
SF046	clean	unclean	0.53	49	A_species_abundance
SF047	clean	unclean	0.5938	49	A_species_abundance
SF048	unclean	clean	0.18	49	A_species_abundance
SF049	clean	clean	0.2904	49	A_species_abundance
SF050	clean	clean	0.3418	49	A_species_abundance
SF051	clean	clean	0.3608	49	A_species_abundance
SF052	clean	clean	0.356	49	A_species_abundance
SF053	clean	clean	0.4202	49	A_species_abundance
SF054	unclean	unclean	0.5616	49	A_species_abundance
SF055	unclean	clean	0.2424	49	A_species_abundance
SF056	clean	unclean	0.5312	49	A_species_abundance
SF057	unclean	clean	0.2166	49	A_species_abundance
SF058	clean	clean	0.373	49	A_species_abundance
SF059	unclean	clean	0.4394	49	A_species_abundance
SF060	unclean	clean	0.3702	49	A_species_abundance
SF061	clean	clean	0.3668	49	A_species_abundance
SF062	unclean	clean	0.2238	49	A_species_abundance
SF063	clean	clean	0.48	49	A_species_abundance
SF064	clean	clean	0.2332	49	A_species_abundance
SF065	clean	clean	0.375	49	A_species_abundance
SF066	clean	clean	0.381	49	A_species_abundance
SF067	clean	unclean	0.5436	49	A_species_abundance
SF068	unclean	clean	0.2818	49	A_species_abundance
SF069	clean	clean	0.3736	49	A_species_abundance
SF070	unclean	unclean	0.7122	49	A_species_abundance
SF071	clean	clean	0.3332	49	A_species_abundance
SF072	unclean	clean	0.2622	49	A_species_abundance
SF073	clean	clean	0.2618	49	A_species_abundance
SF074	clean	clean	0.2042	49	A_species_abundance
SF075	clean	clean	0.3634	49	A_species_abundance
SF076	clean	clean	0.3836	49	A_species_abundance
SF077	clean	clean	0.3694	49	A_species_abundance
SF078	unclean	clean	0.3806	49	A_species_abundance
SF079	unclean	unclean	0.5534	49	A_species_abundance
SF080	unclean	clean	0.4826	49	A_species_abundance
SF081	unclean	clean	0.344	49	A_species_abundance
SF082	unclean	clean	0.453	49	A_species_abundance
SF083	unclean	clean	0.4462	49	A_species_abundance
SF084	clean	clean	0.4286	49	A_species_abundance
SF085	clean	clean	0.294	49	A_species_abundance
SF086	clean	unclean	0.5706	49	A_species_abundance
SF087	unclean	unclean	0.7806	49	A_species_abundance
SF088	clean	clean	0.2396	49	A_species_abundance
SF089	unclean	unclean	0.799	49	A_species_abundance
SF090	unclean	clean	0.4252	49	A_species_abundance
SF091	unclean	unclean	0.5502	49	A_species_abundance
SF092	unclean	unclean	0.6516	49	A_species_abundance
SF093	unclean	clean	0.4358	49	A_species_abundance
SF094	clean	clean	0.3846	49	A_species_abundance
SF095	unclean	clean	0.2554	49	A_species_abundance
SF096	clean	clean	0.2144	49	A_species_abundance
SF097	unclean	clean	0.4642	49	A_species_abundance
SF001	unclean	unclean	0.7952	50	A_species_abundance
SF002	clean	clean	0.2354	50	A_species_abundance
SF003	unclean	unclean	0.5156	50	A_species_abundance
SF004	clean	clean	0.299	50	A_species_abundance
SF005	clean	clean	0.3326	50	A_species_abundance
SF006	unclean	unclean	0.747	50	A_species_abundance
SF007	unclean	unclean	0.7288	50	A_species_abundance
SF008	clean	clean	0.367	50	A_species_abundance
SF009	unclean	clean	0.4008	50	A_species_abundance
SF010	unclean	unclean	0.74	50	A_species_abundance
SF011	clean	clean	0.375	50	A_species_abundance
SF012	clean	unclean	0.6968	50	A_species_abundance
SF013	unclean	clean	0.25	50	A_species_abundance
SF014	clean	clean	0.4142	50	A_species_abundance
SF015	clean	clean	0.3332	50	A_species_abundance
SF016	unclean	unclean	0.5416	50	A_species_abundance
SF017	unclean	clean	0.4356	50	A_species_abundance
SF018	unclean	unclean	0.8082	50	A_species_abundance
SF019	clean	clean	0.3542	50	A_species_abundance
SF020	clean	clean	0.29	50	A_species_abundance
SF021	unclean	clean	0.2606	50	A_species_abundance
SF022	unclean	clean	0.3684	50	A_species_abundance
SF023	clean	clean	0.2928	50	A_species_abundance
SF024	unclean	clean	0.282	50	A_species_abundance
SF025	clean	clean	0.2532	50	A_species_abundance
SF026	clean	clean	0.1974	50	A_species_abundance
SF027	clean	unclean	0.644	50	A_species_abundance
SF028	unclean	unclean	0.6374	50	A_species_abundance
SF029	clean	clean	0.1976	50	A_species_abundance
SF030	clean	unclean	0.6504	50	A_species_abundance
SF031	clean	clean	0.499	50	A_species_abundance
SF032	clean	clean	0.3668	50	A_species_abundance
SF033	clean	unclean	0.509	50	A_species_abundance
SF034	clean	clean	0.2842	50	A_species_abundance
SF035	clean	clean	0.3006	50	A_species_abundance
SF036	unclean	unclean	0.587	50	A_species_abundance
SF037	clean	clean	0.3964	50	A_species_abundance
SF038	clean	clean	0.2836	50	A_species_abundance
SF039	unclean	unclean	0.6732	50	A_species_abundance
SF040	clean	clean	0.2636	50	A_species_abundance
SF041	unclean	clean	0.282	50	A_species_abundance
SF042	clean	clean	0.241	50	A_species_abundance
SF043	clean	clean	0.287	50	A_species_abundance
SF044	clean	clean	0.324	50	A_species_abundance
SF045	unclean	clean	0.2788	50	A_species_abundance
SF046	clean	clean	0.4794	50	A_species_abundance
SF047	clean	unclean	0.658	50	A_species_abundance
SF048	unclean	clean	0.2346	50	A_species_abundance
SF049	clean	clean	0.3626	50	A_species_abundance
SF050	clean	clean	0.297	50	A_species_abundance
SF051	clean	clean	0.3282	50	A_species_abundance
SF052	clean	clean	0.2518	50	A_species_abundance
SF053	clean	clean	0.3596	50	A_species_abundance
SF054	unclean	unclean	0.5892	50	A_species_abundance
SF055	unclean	clean	0.2106	50	A_species_abundance
SF056	clean	unclean	0.5384	50	A_species_abundance
SF057	unclean	clean	0.2926	50	A_species_abundance
SF058	clean	clean	0.3386	50	A_species_abundance
SF059	unclean	clean	0.435	50	A_species_abundance
SF060	unclean	clean	0.3646	50	A_species_abundance
SF061	clean	clean	0.379	50	A_species_abundance
SF062	unclean	clean	0.1908	50	A_species_abundance
SF063	clean	clean	0.4536	50	A_species_abundance
SF064	clean	clean	0.181	50	A_species_abundance
SF065	clean	clean	0.3534	50	A_species_abundance
SF066	clean	clean	0.3192	50	A_species_abundance
SF067	clean	unclean	0.5634	50	A_species_abundance
SF068	unclean	clean	0.2454	50	A_species_abundance
SF069	clean	clean	0.4178	50	A_species_abundance
SF070	unclean	unclean	0.684	50	A_species_abundance
SF071	clean	clean	0.4246	50	A_species_abundance
SF072	unclean	clean	0.218	50	A_species_abundance
SF073	clean	clean	0.2956	50	A_species_abundance
SF074	clean	clean	0.1604	50	A_species_abundance
SF075	clean	clean	0.4056	50	A_species_abundance
SF076	clean	clean	0.4284	50	A_species_abundance
SF077	clean	clean	0.3548	50	A_species_abundance
SF078	unclean	clean	0.4494	50	A_species_abundance
SF079	unclean	unclean	0.5386	50	A_species_abundance
SF080	unclean	unclean	0.51	50	A_species_abundance
SF081	unclean	clean	0.3352	50	A_species_abundance
SF082	unclean	clean	0.4498	50	A_species_abundance
SF083	unclean	clean	0.474	50	A_species_abundance
SF084	clean	unclean	0.505	50	A_species_abundance
SF085	clean	clean	0.364	50	A_species_abundance
SF086	clean	unclean	0.5694	50	A_species_abundance
SF087	unclean	unclean	0.793	50	A_species_abundance
SF088	clean	clean	0.2852	50	A_species_abundance
SF089	unclean	unclean	0.784	50	A_species_abundance
SF090	unclean	clean	0.382	50	A_species_abundance
SF091	unclean	unclean	0.6122	50	A_species_abundance
SF092	unclean	unclean	0.6578	50	A_species_abundance
SF093	unclean	clean	0.4258	50	A_species_abundance
SF094	clean	clean	0.3502	50	A_species_abundance
SF095	unclean	clean	0.276	50	A_species_abundance
SF096	clean	clean	0.233	50	A_species_abundance
SF097	unclean	clean	0.4744	50	A_species_abundance
SF001	unclean	unclean	0.7742	51	A_species_abundance
SF002	clean	clean	0.2764	51	A_species_abundance
SF003	unclean	unclean	0.5438	51	A_species_abundance
SF004	clean	clean	0.2714	51	A_species_abundance
SF005	clean	clean	0.3528	51	A_species_abundance
SF006	unclean	unclean	0.7402	51	A_species_abundance
SF007	unclean	unclean	0.7722	51	A_species_abundance
SF008	clean	clean	0.3266	51	A_species_abundance
SF009	unclean	clean	0.4584	51	A_species_abundance
SF010	unclean	unclean	0.7986	51	A_species_abundance
SF011	clean	clean	0.4128	51	A_species_abundance
SF012	clean	unclean	0.6104	51	A_species_abundance
SF013	unclean	clean	0.2296	51	A_species_abundance
SF014	clean	clean	0.4676	51	A_species_abundance
SF015	clean	clean	0.2842	51	A_species_abundance
SF016	unclean	clean	0.483	51	A_species_abundance
SF017	unclean	clean	0.4462	51	A_species_abundance
SF018	unclean	unclean	0.7752	51	A_species_abundance
SF019	clean	clean	0.3264	51	A_species_abundance
SF020	clean	clean	0.2842	51	A_species_abundance
SF021	unclean	clean	0.2692	51	A_species_abundance
SF022	unclean	clean	0.3998	51	A_species_abundance
SF023	clean	clean	0.2464	51	A_species_abundance
SF024	unclean	clean	0.3128	51	A_species_abundance
SF025	clean	clean	0.2484	51	A_species_abundance
SF026	clean	clean	0.189	51	A_species_abundance
SF027	clean	unclean	0.6106	51	A_species_abundance
SF028	unclean	unclean	0.6118	51	A_species_abundance
SF029	clean	clean	0.2186	51	A_species_abundance
SF030	clean	unclean	0.684	51	A_species_abundance
SF031	clean	unclean	0.5174	51	A_species_abundance
SF032	clean	clean	0.3184	51	A_species_abundance
SF033	clean	clean	0.4814	51	A_species_abundance
SF034	clean	clean	0.2676	51	A_species_abundance
SF035	clean	clean	0.2484	51	A_species_abundance
SF036	unclean	unclean	0.56	51	A_species_abundance
SF037	clean	clean	0.414	51	A_species_abundance
SF038	clean	clean	0.336	51	A_species_abundance
SF039	unclean	unclean	0.721	51	A_species_abundance
SF040	clean	clean	0.3372	51	A_species_abundance
SF041	unclean	clean	0.2804	51	A_species_abundance
SF042	clean	clean	0.2278	51	A_species_abundance
SF043	clean	clean	0.3184	51	A_species_abundance
SF044	clean	clean	0.2424	51	A_species_abundance
SF045	unclean	clean	0.2638	51	A_species_abundance
SF046	clean	unclean	0.5014	51	A_species_abundance
SF047	clean	unclean	0.6694	51	A_species_abundance
SF048	unclean	clean	0.228	51	A_species_abundance
SF049	clean	clean	0.3018	51	A_species_abundance
SF050	clean	clean	0.3558	51	A_species_abundance
SF051	clean	clean	0.3252	51	A_species_abundance
SF052	clean	clean	0.318	51	A_species_abundance
SF053	clean	clean	0.41	51	A_species_abundance
SF054	unclean	unclean	0.595	51	A_species_abundance
SF055	unclean	clean	0.2676	51	A_species_abundance
SF056	clean	clean	0.4712	51	A_species_abundance
SF057	unclean	clean	0.3274	51	A_species_abundance
SF058	clean	clean	0.3862	51	A_species_abundance
SF059	unclean	clean	0.4866	51	A_species_abundance
SF060	unclean	clean	0.3898	51	A_species_abundance
SF061	clean	clean	0.357	51	A_species_abundance
SF062	unclean	clean	0.1696	51	A_species_abundance
SF063	clean	clean	0.4486	51	A_species_abundance
SF064	clean	clean	0.1956	51	A_species_abundance
SF065	clean	clean	0.4192	51	A_species_abundance
SF066	clean	clean	0.346	51	A_species_abundance
SF067	clean	unclean	0.5248	51	A_species_abundance
SF068	unclean	clean	0.2588	51	A_species_abundance
SF069	clean	clean	0.3534	51	A_species_abundance
SF070	unclean	unclean	0.7774	51	A_species_abundance
SF071	clean	clean	0.3808	51	A_species_abundance
SF072	unclean	clean	0.2814	51	A_species_abundance
SF073	clean	clean	0.2934	51	A_species_abundance
SF074	clean	clean	0.1924	51	A_species_abundance
SF075	clean	clean	0.4138	51	A_species_abundance
SF076	clean	clean	0.4296	51	A_species_abundance
SF077	clean	clean	0.2958	51	A_species_abundance
SF078	unclean	clean	0.3946	51	A_species_abundance
SF079	unclean	unclean	0.5626	51	A_species_abundance
SF080	unclean	unclean	0.5082	51	A_species_abundance
SF081	unclean	clean	0.368	51	A_species_abundance
SF082	unclean	clean	0.443	51	A_species_abundance
SF083	unclean	unclean	0.533	51	A_species_abundance
SF084	clean	clean	0.4042	51	A_species_abundance
SF085	clean	clean	0.332	51	A_species_abundance
SF086	clean	clean	0.4958	51	A_species_abundance
SF087	unclean	unclean	0.7188	51	A_species_abundance
SF088	clean	clean	0.2888	51	A_species_abundance
SF089	unclean	unclean	0.7388	51	A_species_abundance
SF090	unclean	clean	0.3664	51	A_species_abundance
SF091	unclean	unclean	0.5688	51	A_species_abundance
SF092	unclean	unclean	0.6756	51	A_species_abundance
SF093	unclean	clean	0.3892	51	A_species_abundance
SF094	clean	clean	0.416	51	A_species_abundance
SF095	unclean	clean	0.258	51	A_species_abundance
SF096	clean	clean	0.2482	51	A_species_abundance
SF097	unclean	clean	0.4506	51	A_species_abundance
SF001	unclean	unclean	0.7942	52	A_species_abundance
SF002	clean	clean	0.2958	52	A_species_abundance
SF003	unclean	unclean	0.5354	52	A_species_abundance
SF004	clean	clean	0.3528	52	A_species_abundance
SF005	clean	clean	0.349	52	A_species_abundance
SF006	unclean	unclean	0.7316	52	A_species_abundance
SF007	unclean	unclean	0.76	52	A_species_abundance
SF008	clean	clean	0.3888	52	A_species_abundance
SF009	unclean	clean	0.3956	52	A_species_abundance
SF010	unclean	unclean	0.7388	52	A_species_abundance
SF011	clean	clean	0.4102	52	A_species_abundance
SF012	clean	unclean	0.6392	52	A_species_abundance
SF013	unclean	clean	0.2102	52	A_species_abundance
SF014	clean	clean	0.4284	52	A_species_abundance
SF015	clean	clean	0.2912	52	A_species_abundance
SF016	unclean	clean	0.4716	52	A_species_abundance
SF017	unclean	clean	0.4396	52	A_species_abundance
SF018	unclean	unclean	0.8158	52	A_species_abundance
SF019	clean	clean	0.3184	52	A_species_abundance
SF020	clean	clean	0.2996	52	A_species_abundance
SF021	unclean	clean	0.252	52	A_species_abundance
SF022	unclean	clean	0.4086	52	A_species_abundance
SF023	clean	clean	0.321	52	A_species_abundance
SF024	unclean	clean	0.255	52	A_species_abundance
SF025	clean	clean	0.2536	52	A_species_abundance
SF026	clean	clean	0.2592	52	A_species_abundance
SF027	clean	unclean	0.6554	52	A_species_abundance
SF028	unclean	unclean	0.6082	52	A_species_abundance
SF029	clean	clean	0.2118	52	A_species_abundance
SF030	clean	unclean	0.6884	52	A_species_abundance
SF031	clean	clean	0.4982	52	A_species_abundance
SF032	clean	clean	0.3478	52	A_species_abundance
SF033	clean	clean	0.4626	52	A_species_abundance
SF034	clean	clean	0.2662	52	A_species_abundance
SF035	clean	clean	0.2342	52	A_species_abundance
SF036	unclean	unclean	0.6	52	A_species_abundance
SF037	clean	clean	0.3916	52	A_species_abundance
SF038	clean	clean	0.3154	52	A_species_abundance
SF039	unclean	unclean	0.6872	52	A_species_abundance
SF040	clean	clean	0.3718	52	A_species_abundance
SF041	unclean	clean	0.2424	52	A_species_abundance
SF042	clean	clean	0.2606	52	A_species_abundance
SF043	clean	clean	0.2786	52	A_species_abundance
SF044	clean	clean	0.2874	52	A_species_abundance
SF045	unclean	clean	0.2982	52	A_species_abundance
SF046	clean	clean	0.4824	52	A_species_abundance
SF047	clean	unclean	0.668	52	A_species_abundance
SF048	unclean	clean	0.2456	52	A_species_abundance
SF049	clean	clean	0.2514	52	A_species_abundance
SF050	clean	clean	0.2616	52	A_species_abundance
SF051	clean	clean	0.2264	52	A_species_abundance
SF052	clean	clean	0.3318	52	A_species_abundance
SF053	clean	clean	0.345	52	A_species_abundance
SF054	unclean	unclean	0.634	52	A_species_abundance
SF055	unclean	clean	0.2282	52	A_species_abundance
SF056	clean	unclean	0.5078	52	A_species_abundance
SF057	unclean	clean	0.3078	52	A_species_abundance
SF058	clean	clean	0.4624	52	A_species_abundance
SF059	unclean	clean	0.403	52	A_species_abundance
SF060	unclean	clean	0.3994	52	A_species_abundance
SF061	clean	clean	0.3274	52	A_species_abundance
SF062	unclean	clean	0.1844	52	A_species_abundance
SF063	clean	clean	0.4176	52	A_species_abundance
SF064	clean	clean	0.2292	52	A_species_abundance
SF065	clean	clean	0.4054	52	A_species_abundance
SF066	clean	clean	0.3916	52	A_species_abundance
SF067	clean	unclean	0.5138	52	A_species_abundance
SF068	unclean	clean	0.2628	52	A_species_abundance
SF069	clean	clean	0.3604	52	A_species_abundance
SF070	unclean	unclean	0.8046	52	A_species_abundance
SF071	clean	clean	0.4722	52	A_species_abundance
SF072	unclean	clean	0.2492	52	A_species_abundance
SF073	clean	clean	0.28	52	A_species_abundance
SF074	clean	clean	0.1498	52	A_species_abundance
SF075	clean	clean	0.3022	52	A_species_abundance
SF076	clean	clean	0.4394	52	A_species_abundance
SF077	clean	clean	0.3464	52	A_species_abundance
SF078	unclean	clean	0.4148	52	A_species_abundance
SF079	unclean	clean	0.4624	52	A_species_abundance
SF080	unclean	clean	0.4946	52	A_species_abundance
SF081	unclean	clean	0.376	52	A_species_abundance
SF082	unclean	clean	0.3758	52	A_species_abundance
SF083	unclean	clean	0.411	52	A_species_abundance
SF084	clean	clean	0.458	52	A_species_abundance
SF085	clean	clean	0.3158	52	A_species_abundance
SF086	clean	unclean	0.5418	52	A_species_abundance
SF087	unclean	unclean	0.7814	52	A_species_abundance
SF088	clean	clean	0.3212	52	A_species_abundance
SF089	unclean	unclean	0.8246	52	A_species_abundance
SF090	unclean	clean	0.4256	52	A_species_abundance
SF091	unclean	unclean	0.6264	52	A_species_abundance
SF092	unclean	unclean	0.6934	52	A_species_abundance
SF093	unclean	clean	0.4308	52	A_species_abundance
SF094	clean	clean	0.3638	52	A_species_abundance
SF095	unclean	clean	0.2254	52	A_species_abundance
SF096	clean	clean	0.1902	52	A_species_abundance
SF097	unclean	clean	0.4384	52	A_species_abundance
SF001	unclean	unclean	0.7826	53	A_species_abundance
SF002	clean	clean	0.2952	53	A_species_abundance
SF003	unclean	unclean	0.6258	53	A_species_abundance
SF004	clean	clean	0.2836	53	A_species_abundance
SF005	clean	clean	0.3618	53	A_species_abundance
SF006	unclean	unclean	0.7578	53	A_species_abundance
SF007	unclean	unclean	0.7108	53	A_species_abundance
SF008	clean	clean	0.358	53	A_species_abundance
SF009	unclean	clean	0.4116	53	A_species_abundance
SF010	unclean	unclean	0.7728	53	A_species_abundance
SF011	clean	clean	0.3638	53	A_species_abundance
SF012	clean	unclean	0.6028	53	A_species_abundance
SF013	unclean	clean	0.2464	53	A_species_abundance
SF014	clean	clean	0.3828	53	A_species_abundance
SF015	clean	clean	0.29	53	A_species_abundance
SF016	unclean	unclean	0.549	53	A_species_abundance
SF017	unclean	clean	0.4048	53	A_species_abundance
SF018	unclean	unclean	0.8208	53	A_species_abundance
SF019	clean	clean	0.2844	53	A_species_abundance
SF020	clean	clean	0.3114	53	A_species_abundance
SF021	unclean	clean	0.2804	53	A_species_abundance
SF022	unclean	clean	0.394	53	A_species_abundance
SF023	clean	clean	0.2736	53	A_species_abundance
SF024	unclean	clean	0.2986	53	A_species_abundance
SF025	clean	clean	0.266	53	A_species_abundance
SF026	clean	clean	0.191	53	A_species_abundance
SF027	clean	unclean	0.6016	53	A_species_abundance
SF028	unclean	unclean	0.638	53	A_species_abundance
SF029	clean	clean	0.2296	53	A_species_abundance
SF030	clean	unclean	0.6864	53	A_species_abundance
SF031	clean	unclean	0.5064	53	A_species_abundance
SF032	clean	clean	0.3786	53	A_species_abundance
SF033	clean	unclean	0.5368	53	A_species_abundance
SF034	clean	clean	0.2966	53	A_species_abundance
SF035	clean	clean	0.2226	53	A_species_abundance
SF036	unclean	unclean	0.6314	53	A_species_abundance
SF037	clean	clean	0.3634	53	A_species_abundance
SF038	clean	clean	0.3244	53	A_species_abundance
SF039	unclean	unclean	0.7112	53	A_species_abundance
SF040	clean	clean	0.34	53	A_species_abundance
SF041	unclean	clean	0.284	53	A_species_abundance
SF042	clean	clean	0.2192	53	A_species_abundance
SF043	clean	clean	0.3126	53	A_species_abundance
SF044	clean	clean	0.2664	53	A_species_abundance
SF045	unclean	clean	0.2654	53	A_species_abundance
SF046	clean	unclean	0.5216	53	A_species_abundance
SF047	clean	unclean	0.6114	53	A_species_abundance
SF048	unclean	clean	0.2628	53	A_species_abundance
SF049	clean	clean	0.3062	53	A_species_abundance
SF050	clean	clean	0.2804	53	A_species_abundance
SF051	clean	clean	0.2526	53	A_species_abundance
SF052	clean	clean	0.346	53	A_species_abundance
SF053	clean	clean	0.3102	53	A_species_abundance
SF054	unclean	unclean	0.642	53	A_species_abundance
SF055	unclean	clean	0.2584	53	A_species_abundance
SF056	clean	unclean	0.5188	53	A_species_abundance
SF057	unclean	clean	0.3004	53	A_species_abundance
SF058	clean	clean	0.3906	53	A_species_abundance
SF059	unclean	clean	0.4536	53	A_species_abundance
SF060	unclean	clean	0.3928	53	A_species_abundance
SF061	clean	clean	0.3514	53	A_species_abundance
SF062	unclean	clean	0.1976	53	A_species_abundance
SF063	clean	clean	0.4254	53	A_species_abundance
SF064	clean	clean	0.198	53	A_species_abundance
SF065	clean	clean	0.3754	53	A_species_abundance
SF066	clean	clean	0.3434	53	A_species_abundance
SF067	clean	unclean	0.5396	53	A_species_abundance
SF068	unclean	clean	0.2364	53	A_species_abundance
SF069	clean	clean	0.391	53	A_species_abundance
SF070	unclean	unclean	0.7364	53	A_species_abundance
SF071	clean	clean	0.419	53	A_species_abundance
SF072	unclean	clean	0.224	53	A_species_abundance
SF073	clean	clean	0.2154	53	A_species_abundance
SF074	clean	clean	0.1954	53	A_species_abundance
SF075	clean	clean	0.3932	53	A_species_abundance
SF076	clean	clean	0.4242	53	A_species_abundance
SF077	clean	clean	0.3516	53	A_species_abundance
SF078	unclean	clean	0.4606	53	A_species_abundance
SF079	unclean	unclean	0.5778	53	A_species_abundance
SF080	unclean	clean	0.4848	53	A_species_abundance
SF081	unclean	clean	0.3632	53	A_species_abundance
SF082	unclean	clean	0.3808	53	A_species_abundance
SF083	unclean	clean	0.4826	53	A_species_abundance
SF084	clean	clean	0.4634	53	A_species_abundance
SF085	clean	clean	0.2916	53	A_species_abundance
SF086	clean	unclean	0.527	53	A_species_abundance
SF087	unclean	unclean	0.8348	53	A_species_abundance
SF088	clean	clean	0.2584	53	A_species_abundance
SF089	unclean	unclean	0.7862	53	A_species_abundance
SF090	unclean	clean	0.416	53	A_species_abundance
SF091	unclean	unclean	0.6162	53	A_species_abundance
SF092	unclean	unclean	0.625	53	A_species_abundance
SF093	unclean	clean	0.3648	53	A_species_abundance
SF094	clean	clean	0.4418	53	A_species_abundance
SF095	unclean	clean	0.2556	53	A_species_abundance
SF096	clean	clean	0.2032	53	A_species_abundance
SF097	unclean	clean	0.4706	53	A_species_abundance
SF001	unclean	unclean	0.795	54	A_species_abundance
SF002	clean	clean	0.232	54	A_species_abundance
SF003	unclean	unclean	0.556	54	A_species_abundance
SF004	clean	clean	0.2682	54	A_species_abundance
SF005	clean	clean	0.3544	54	A_species_abundance
SF006	unclean	unclean	0.7584	54	A_species_abundance
SF007	unclean	unclean	0.7326	54	A_species_abundance
SF008	clean	clean	0.3418	54	A_species_abundance
SF009	unclean	clean	0.4176	54	A_species_abundance
SF010	unclean	unclean	0.7612	54	A_species_abundance
SF011	clean	clean	0.3496	54	A_species_abundance
SF012	clean	unclean	0.73	54	A_species_abundance
SF013	unclean	clean	0.2534	54	A_species_abundance
SF014	clean	clean	0.4816	54	A_species_abundance
SF015	clean	clean	0.329	54	A_species_abundance
SF016	unclean	clean	0.4972	54	A_species_abundance
SF017	unclean	clean	0.3812	54	A_species_abundance
SF018	unclean	unclean	0.8158	54	A_species_abundance
SF019	clean	clean	0.3066	54	A_species_abundance
SF020	clean	clean	0.2562	54	A_species_abundance
SF021	unclean	clean	0.2216	54	A_species_abundance
SF022	unclean	clean	0.2872	54	A_species_abundance
SF023	clean	clean	0.251	54	A_species_abundance
SF024	unclean	clean	0.3	54	A_species_abundance
SF025	clean	clean	0.2726	54	A_species_abundance
SF026	clean	clean	0.2826	54	A_species_abundance
SF027	clean	unclean	0.6614	54	A_species_abundance
SF028	unclean	unclean	0.6094	54	A_species_abundance
SF029	clean	clean	0.2254	54	A_species_abundance
SF030	clean	unclean	0.6484	54	A_species_abundance
SF031	clean	unclean	0.5242	54	A_species_abundance
SF032	clean	clean	0.3052	54	A_species_abundance
SF033	clean	clean	0.4818	54	A_species_abundance
SF034	clean	clean	0.2912	54	A_species_abundance
SF035	clean	clean	0.2476	54	A_species_abundance
SF036	unclean	unclean	0.562	54	A_species_abundance
SF037	clean	clean	0.3876	54	A_species_abundance
SF038	clean	clean	0.3262	54	A_species_abundance
SF039	unclean	unclean	0.718	54	A_species_abundance
SF040	clean	clean	0.2794	54	A_species_abundance
SF041	unclean	clean	0.2966	54	A_species_abundance
SF042	clean	clean	0.1916	54	A_species_abundance
SF043	clean	clean	0.2746	54	A_species_abundance
SF044	clean	clean	0.2764	54	A_species_abundance
SF045	unclean	clean	0.271	54	A_species_abundance
SF046	clean	clean	0.4954	54	A_species_abundance
SF047	clean	unclean	0.6436	54	A_species_abundance
SF048	unclean	clean	0.2606	54	A_species_abundance
SF049	clean	clean	0.334	54	A_species_abundance
SF050	clean	clean	0.3248	54	A_species_abundance
SF051	clean	clean	0.312	54	A_species_abundance
SF052	clean	clean	0.3098	54	A_species_abundance
SF053	clean	clean	0.3424	54	A_species_abundance
SF054	unclean	unclean	0.6352	54	A_species_abundance
SF055	unclean	clean	0.2634	54	A_species_abundance
SF056	clean	unclean	0.5248	54	A_species_abundance
SF057	unclean	clean	0.3048	54	A_species_abundance
SF058	clean	clean	0.419	54	A_species_abundance
SF059	unclean	clean	0.4172	54	A_species_abundance
SF060	unclean	clean	0.3562	54	A_species_abundance
SF061	clean	clean	0.325	54	A_species_abundance
SF062	unclean	clean	0.2062	54	A_species_abundance
SF063	clean	clean	0.4416	54	A_species_abundance
SF064	clean	clean	0.216	54	A_species_abundance
SF065	clean	clean	0.4088	54	A_species_abundance
SF066	clean	clean	0.3554	54	A_species_abundance
SF067	clean	unclean	0.5132	54	A_species_abundance
SF068	unclean	clean	0.2238	54	A_species_abundance
SF069	clean	clean	0.3858	54	A_species_abundance
SF070	unclean	unclean	0.7926	54	A_species_abundance
SF071	clean	clean	0.3882	54	A_species_abundance
SF072	unclean	clean	0.2924	54	A_species_abundance
SF073	clean	clean	0.2408	54	A_species_abundance
SF074	clean	clean	0.1804	54	A_species_abundance
SF075	clean	clean	0.4018	54	A_species_abundance
SF076	clean	clean	0.4376	54	A_species_abundance
SF077	clean	clean	0.3514	54	A_species_abundance
SF078	unclean	clean	0.4236	54	A_species_abundance
SF079	unclean	clean	0.4896	54	A_species_abundance
SF080	unclean	unclean	0.5032	54	A_species_abundance
SF081	unclean	clean	0.3854	54	A_species_abundance
SF082	unclean	clean	0.4346	54	A_species_abundance
SF083	unclean	unclean	0.5072	54	A_species_abundance
SF084	clean	clean	0.4368	54	A_species_abundance
SF085	clean	clean	0.3402	54	A_species_abundance
SF086	clean	unclean	0.5216	54	A_species_abundance
SF087	unclean	unclean	0.8264	54	A_species_abundance
SF088	clean	clean	0.213	54	A_species_abundance
SF089	unclean	unclean	0.8232	54	A_species_abundance
SF090	unclean	clean	0.4202	54	A_species_abundance
SF091	unclean	unclean	0.6022	54	A_species_abundance
SF092	unclean	unclean	0.7	54	A_species_abundance
SF093	unclean	clean	0.4308	54	A_species_abundance
SF094	clean	clean	0.4022	54	A_species_abundance
SF095	unclean	clean	0.2626	54	A_species_abundance
SF096	clean	clean	0.239	54	A_species_abundance
SF097	unclean	clean	0.4694	54	A_species_abundance
SF001	unclean	unclean	0.7722	55	A_species_abundance
SF002	clean	clean	0.2508	55	A_species_abundance
SF003	unclean	unclean	0.5414	55	A_species_abundance
SF004	clean	clean	0.3486	55	A_species_abundance
SF005	clean	clean	0.3284	55	A_species_abundance
SF006	unclean	unclean	0.7088	55	A_species_abundance
SF007	unclean	unclean	0.797	55	A_species_abundance
SF008	clean	clean	0.3776	55	A_species_abundance
SF009	unclean	unclean	0.5044	55	A_species_abundance
SF010	unclean	unclean	0.778	55	A_species_abundance
SF011	clean	clean	0.3868	55	A_species_abundance
SF012	clean	unclean	0.6816	55	A_species_abundance
SF013	unclean	clean	0.2538	55	A_species_abundance
SF014	clean	clean	0.4136	55	A_species_abundance
SF015	clean	clean	0.3462	55	A_species_abundance
SF016	unclean	unclean	0.5172	55	A_species_abundance
SF017	unclean	clean	0.3952	55	A_species_abundance
SF018	unclean	unclean	0.8388	55	A_species_abundance
SF019	clean	clean	0.3822	55	A_species_abundance
SF020	clean	clean	0.2804	55	A_species_abundance
SF021	unclean	clean	0.2442	55	A_species_abundance
SF022	unclean	clean	0.3704	55	A_species_abundance
SF023	clean	clean	0.1312	55	A_species_abundance
SF024	unclean	clean	0.2562	55	A_species_abundance
SF025	clean	clean	0.2488	55	A_species_abundance
SF026	clean	clean	0.2454	55	A_species_abundance
SF027	clean	unclean	0.586	55	A_species_abundance
SF028	unclean	unclean	0.5904	55	A_species_abundance
SF029	clean	clean	0.208	55	A_species_abundance
SF030	clean	unclean	0.6896	55	A_species_abundance
SF031	clean	unclean	0.505	55	A_species_abundance
SF032	clean	clean	0.3686	55	A_species_abundance
SF033	clean	clean	0.4876	55	A_species_abundance
SF034	clean	clean	0.2392	55	A_species_abundance
SF035	clean	clean	0.2744	55	A_species_abundance
SF036	unclean	unclean	0.5082	55	A_species_abundance
SF037	clean	clean	0.4024	55	A_species_abundance
SF038	clean	clean	0.3676	55	A_species_abundance
SF039	unclean	unclean	0.6864	55	A_species_abundance
SF040	clean	clean	0.328	55	A_species_abundance
SF041	unclean	clean	0.2168	55	A_species_abundance
SF042	clean	clean	0.1978	55	A_species_abundance
SF043	clean	clean	0.3064	55	A_species_abundance
SF044	clean	clean	0.236	55	A_species_abundance
SF045	unclean	clean	0.2776	55	A_species_abundance
SF046	clean	unclean	0.528	55	A_species_abundance
SF047	clean	unclean	0.5988	55	A_species_abundance
SF048	unclean	clean	0.3166	55	A_species_abundance
SF049	clean	clean	0.247	55	A_species_abundance
SF050	clean	clean	0.3406	55	A_species_abundance
SF051	clean	clean	0.3432	55	A_species_abundance
SF052	clean	clean	0.3036	55	A_species_abundance
SF053	clean	clean	0.4084	55	A_species_abundance
SF054	unclean	unclean	0.569	55	A_species_abundance
SF055	unclean	clean	0.227	55	A_species_abundance
SF056	clean	clean	0.4884	55	A_species_abundance
SF057	unclean	clean	0.2846	55	A_species_abundance
SF058	clean	clean	0.416	55	A_species_abundance
SF059	unclean	clean	0.454	55	A_species_abundance
SF060	unclean	clean	0.3802	55	A_species_abundance
SF061	clean	clean	0.364	55	A_species_abundance
SF062	unclean	clean	0.1434	55	A_species_abundance
SF063	clean	clean	0.418	55	A_species_abundance
SF064	clean	clean	0.204	55	A_species_abundance
SF065	clean	clean	0.3058	55	A_species_abundance
SF066	clean	clean	0.396	55	A_species_abundance
SF067	clean	clean	0.4778	55	A_species_abundance
SF068	unclean	clean	0.285	55	A_species_abundance
SF069	clean	clean	0.4408	55	A_species_abundance
SF070	unclean	unclean	0.7822	55	A_species_abundance
SF071	clean	clean	0.4172	55	A_species_abundance
SF072	unclean	clean	0.1998	55	A_species_abundance
SF073	clean	clean	0.3168	55	A_species_abundance
SF074	clean	clean	0.2002	55	A_species_abundance
SF075	clean	clean	0.3524	55	A_species_abundance
SF076	clean	clean	0.414	55	A_species_abundance
SF077	clean	clean	0.3362	55	A_species_abundance
SF078	unclean	clean	0.4044	55	A_species_abundance
SF079	unclean	unclean	0.5376	55	A_species_abundance
SF080	unclean	unclean	0.5162	55	A_species_abundance
SF081	unclean	clean	0.376	55	A_species_abundance
SF082	unclean	clean	0.406	55	A_species_abundance
SF083	unclean	clean	0.4218	55	A_species_abundance
SF084	clean	clean	0.484	55	A_species_abundance
SF085	clean	clean	0.323	55	A_species_abundance
SF086	clean	unclean	0.559	55	A_species_abundance
SF087	unclean	unclean	0.7358	55	A_species_abundance
SF088	clean	clean	0.2746	55	A_species_abundance
SF089	unclean	unclean	0.7532	55	A_species_abundance
SF090	unclean	clean	0.3832	55	A_species_abundance
SF091	unclean	unclean	0.5774	55	A_species_abundance
SF092	unclean	unclean	0.633	55	A_species_abundance
SF093	unclean	clean	0.4582	55	A_species_abundance
SF094	clean	clean	0.3444	55	A_species_abundance
SF095	unclean	clean	0.276	55	A_species_abundance
SF096	clean	clean	0.2042	55	A_species_abundance
SF097	unclean	clean	0.4108	55	A_species_abundance
SF001	unclean	unclean	0.7796	56	A_species_abundance
SF002	clean	clean	0.2752	56	A_species_abundance
SF003	unclean	unclean	0.5252	56	A_species_abundance
SF004	clean	clean	0.2842	56	A_species_abundance
SF005	clean	clean	0.3322	56	A_species_abundance
SF006	unclean	unclean	0.7602	56	A_species_abundance
SF007	unclean	unclean	0.7196	56	A_species_abundance
SF008	clean	clean	0.3474	56	A_species_abundance
SF009	unclean	clean	0.4848	56	A_species_abundance
SF010	unclean	unclean	0.8178	56	A_species_abundance
SF011	clean	clean	0.3836	56	A_species_abundance
SF012	clean	unclean	0.6632	56	A_species_abundance
SF013	unclean	clean	0.2488	56	A_species_abundance
SF014	clean	clean	0.4796	56	A_species_abundance
SF015	clean	clean	0.2664	56	A_species_abundance
SF016	unclean	clean	0.4962	56	A_species_abundance
SF017	unclean	clean	0.4238	56	A_species_abundance
SF018	unclean	unclean	0.746	56	A_species_abundance
SF019	clean	clean	0.3158	56	A_species_abundance
SF020	clean	clean	0.286	56	A_species_abundance
SF021	unclean	clean	0.2628	56	A_species_abundance
SF022	unclean	clean	0.3746	56	A_species_abundance
SF023	clean	clean	0.2762	56	A_species_abundance
SF024	unclean	clean	0.297	56	A_species_abundance
SF025	clean	clean	0.2598	56	A_species_abundance
SF026	clean	clean	0.2426	56	A_species_abundance
SF027	clean	unclean	0.592	56	A_species_abundance
SF028	unclean	unclean	0.6528	56	A_species_abundance
SF029	clean	clean	0.2164	56	A_species_abundance
SF030	clean	unclean	0.6264	56	A_species_abundance
SF031	clean	unclean	0.5386	56	A_species_abundance
SF032	clean	clean	0.3604	56	A_species_abundance
SF033	clean	clean	0.4632	56	A_species_abundance
SF034	clean	clean	0.2904	56	A_species_abundance
SF035	clean	clean	0.2888	56	A_species_abundance
SF036	unclean	unclean	0.6164	56	A_species_abundance
SF037	clean	clean	0.392	56	A_species_abundance
SF038	clean	clean	0.3048	56	A_species_abundance
SF039	unclean	unclean	0.7074	56	A_species_abundance
SF040	clean	clean	0.3138	56	A_species_abundance
SF041	unclean	clean	0.2838	56	A_species_abundance
SF042	clean	clean	0.2288	56	A_species_abundance
SF043	clean	clean	0.2576	56	A_species_abundance
SF044	clean	clean	0.2068	56	A_species_abundance
SF045	unclean	clean	0.296	56	A_species_abundance
SF046	clean	clean	0.4596	56	A_species_abundance
SF047	clean	unclean	0.6442	56	A_species_abundance
SF048	unclean	clean	0.251	56	A_species_abundance
SF049	clean	clean	0.3132	56	A_species_abundance
SF050	clean	clean	0.3466	56	A_species_abundance
SF051	clean	clean	0.2588	56	A_species_abundance
SF052	clean	clean	0.3166	56	A_species_abundance
SF053	clean	clean	0.3712	56	A_species_abundance
SF054	unclean	unclean	0.6198	56	A_species_abundance
SF055	unclean	clean	0.235	56	A_species_abundance
SF056	clean	unclean	0.557	56	A_species_abundance
SF057	unclean	clean	0.2954	56	A_species_abundance
SF058	clean	clean	0.3692	56	A_species_abundance
SF059	unclean	clean	0.468	56	A_species_abundance
SF060	unclean	clean	0.3994	56	A_species_abundance
SF061	clean	clean	0.3564	56	A_species_abundance
SF062	unclean	clean	0.1962	56	A_species_abundance
SF063	clean	clean	0.4866	56	A_species_abundance
SF064	clean	clean	0.1906	56	A_species_abundance
SF065	clean	clean	0.305	56	A_species_abundance
SF066	clean	clean	0.3416	56	A_species_abundance
SF067	clean	clean	0.4958	56	A_species_abundance
SF068	unclean	clean	0.285	56	A_species_abundance
SF069	clean	clean	0.363	56	A_species_abundance
SF070	unclean	unclean	0.7154	56	A_species_abundance
SF071	clean	clean	0.3736	56	A_species_abundance
SF072	unclean	clean	0.207	56	A_species_abundance
SF073	clean	clean	0.2542	56	A_species_abundance
SF074	clean	clean	0.1856	56	A_species_abundance
SF075	clean	clean	0.3634	56	A_species_abundance
SF076	clean	clean	0.4606	56	A_species_abundance
SF077	clean	clean	0.3276	56	A_species_abundance
SF078	unclean	clean	0.4094	56	A_species_abundance
SF079	unclean	unclean	0.548	56	A_species_abundance
SF080	unclean	unclean	0.562	56	A_species_abundance
SF081	unclean	clean	0.3124	56	A_species_abundance
SF082	unclean	unclean	0.5018	56	A_species_abundance
SF083	unclean	clean	0.4626	56	A_species_abundance
SF084	clean	clean	0.4482	56	A_species_abundance
SF085	clean	clean	0.2658	56	A_species_abundance
SF086	clean	unclean	0.5468	56	A_species_abundance
SF087	unclean	unclean	0.8306	56	A_species_abundance
SF088	clean	clean	0.2642	56	A_species_abundance
SF089	unclean	unclean	0.8262	56	A_species_abundance
SF090	unclean	clean	0.42	56	A_species_abundance
SF091	unclean	unclean	0.5682	56	A_species_abundance
SF092	unclean	unclean	0.6622	56	A_species_abundance
SF093	unclean	clean	0.47	56	A_species_abundance
SF094	clean	clean	0.4054	56	A_species_abundance
SF095	unclean	clean	0.2652	56	A_species_abundance
SF096	clean	clean	0.2076	56	A_species_abundance
SF097	unclean	clean	0.437	56	A_species_abundance
SF001	unclean	unclean	0.767	57	A_species_abundance
SF002	clean	clean	0.215	57	A_species_abundance
SF003	unclean	unclean	0.5722	57	A_species_abundance
SF004	clean	clean	0.2888	57	A_species_abundance
SF005	clean	clean	0.314	57	A_species_abundance
SF006	unclean	unclean	0.7724	57	A_species_abundance
SF007	unclean	unclean	0.6978	57	A_species_abundance
SF008	clean	clean	0.3528	57	A_species_abundance
SF009	unclean	clean	0.4122	57	A_species_abundance
SF010	unclean	unclean	0.7864	57	A_species_abundance
SF011	clean	clean	0.3364	57	A_species_abundance
SF012	clean	unclean	0.6062	57	A_species_abundance
SF013	unclean	clean	0.2248	57	A_species_abundance
SF014	clean	clean	0.441	57	A_species_abundance
SF015	clean	clean	0.3018	57	A_species_abundance
SF016	unclean	clean	0.4898	57	A_species_abundance
SF017	unclean	clean	0.409	57	A_species_abundance
SF018	unclean	unclean	0.828	57	A_species_abundance
SF019	clean	clean	0.3316	57	A_species_abundance
SF020	clean	clean	0.3306	57	A_species_abundance
SF021	unclean	clean	0.2932	57	A_species_abundance
SF022	unclean	clean	0.3606	57	A_species_abundance
SF023	clean	clean	0.1956	57	A_species_abundance
SF024	unclean	clean	0.2682	57	A_species_abundance
SF025	clean	clean	0.2422	57	A_species_abundance
SF026	clean	clean	0.2168	57	A_species_abundance
SF027	clean	unclean	0.7094	57	A_species_abundance
SF028	unclean	unclean	0.6384	57	A_species_abundance
SF029	clean	clean	0.1948	57	A_species_abundance
SF030	clean	unclean	0.6848	57	A_species_abundance
SF031	clean	unclean	0.5494	57	A_species_abundance
SF032	clean	clean	0.3616	57	A_species_abundance
SF033	clean	clean	0.4664	57	A_species_abundance
SF034	clean	clean	0.2764	57	A_species_abundance
SF035	clean	clean	0.28	57	A_species_abundance
SF036	unclean	unclean	0.5298	57	A_species_abundance
SF037	clean	clean	0.3866	57	A_species_abundance
SF038	clean	clean	0.3114	57	A_species_abundance
SF039	unclean	unclean	0.707	57	A_species_abundance
SF040	clean	clean	0.3422	57	A_species_abundance
SF041	unclean	clean	0.2806	57	A_species_abundance
SF042	clean	clean	0.3036	57	A_species_abundance
SF043	clean	clean	0.32	57	A_species_abundance
SF044	clean	clean	0.2624	57	A_species_abundance
SF045	unclean	clean	0.27	57	A_species_abundance
SF046	clean	clean	0.4952	57	A_species_abundance
SF047	clean	unclean	0.7286	57	A_species_abundance
SF048	unclean	clean	0.2742	57	A_species_abundance
SF049	clean	clean	0.2924	57	A_species_abundance
SF050	clean	clean	0.3318	57	A_species_abundance
SF051	clean	clean	0.3248	57	A_species_abundance
SF052	clean	clean	0.3896	57	A_species_abundance
SF053	clean	clean	0.3626	57	A_species_abundance
SF054	unclean	unclean	0.6028	57	A_species_abundance
SF055	unclean	clean	0.2644	57	A_species_abundance
SF056	clean	unclean	0.5014	57	A_species_abundance
SF057	unclean	clean	0.3086	57	A_species_abundance
SF058	clean	clean	0.4284	57	A_species_abundance
SF059	unclean	clean	0.4386	57	A_species_abundance
SF060	unclean	clean	0.3854	57	A_species_abundance
SF061	clean	clean	0.3532	57	A_species_abundance
SF062	unclean	clean	0.1466	57	A_species_abundance
SF063	clean	clean	0.44	57	A_species_abundance
SF064	clean	clean	0.1774	57	A_species_abundance
SF065	clean	clean	0.347	57	A_species_abundance
SF066	clean	clean	0.3834	57	A_species_abundance
SF067	clean	unclean	0.5558	57	A_species_abundance
SF068	unclean	clean	0.3194	57	A_species_abundance
SF069	clean	clean	0.4134	57	A_species_abundance
SF070	unclean	unclean	0.7832	57	A_species_abundance
SF071	clean	clean	0.3562	57	A_species_abundance
SF072	unclean	clean	0.2472	57	A_species_abundance
SF073	clean	clean	0.3002	57	A_species_abundance
SF074	clean	clean	0.196	57	A_species_abundance
SF075	clean	clean	0.3932	57	A_species_abundance
SF076	clean	clean	0.4146	57	A_species_abundance
SF077	clean	clean	0.3578	57	A_species_abundance
SF078	unclean	clean	0.4332	57	A_species_abundance
SF079	unclean	unclean	0.5856	57	A_species_abundance
SF080	unclean	unclean	0.521	57	A_species_abundance
SF081	unclean	clean	0.3408	57	A_species_abundance
SF082	unclean	clean	0.4044	57	A_species_abundance
SF083	unclean	clean	0.4618	57	A_species_abundance
SF084	clean	clean	0.48	57	A_species_abundance
SF085	clean	clean	0.3546	57	A_species_abundance
SF086	clean	clean	0.4776	57	A_species_abundance
SF087	unclean	unclean	0.8196	57	A_species_abundance
SF088	clean	clean	0.2618	57	A_species_abundance
SF089	unclean	unclean	0.7982	57	A_species_abundance
SF090	unclean	clean	0.3614	57	A_species_abundance
SF091	unclean	unclean	0.6368	57	A_species_abundance
SF092	unclean	unclean	0.6724	57	A_species_abundance
SF093	unclean	clean	0.4558	57	A_species_abundance
SF094	clean	clean	0.3626	57	A_species_abundance
SF095	unclean	clean	0.201	57	A_species_abundance
SF096	clean	clean	0.2462	57	A_species_abundance
SF097	unclean	clean	0.4784	57	A_species_abundance
SF001	unclean	unclean	0.7832	58	A_species_abundance
SF002	clean	clean	0.267	58	A_species_abundance
SF003	unclean	unclean	0.551	58	A_species_abundance
SF004	clean	clean	0.2704	58	A_species_abundance
SF005	clean	clean	0.3638	58	A_species_abundance
SF006	unclean	unclean	0.7454	58	A_species_abundance
SF007	unclean	unclean	0.746	58	A_species_abundance
SF008	clean	clean	0.3544	58	A_species_abundance
SF009	unclean	clean	0.4136	58	A_species_abundance
SF010	unclean	unclean	0.7806	58	A_species_abundance
SF011	clean	clean	0.352	58	A_species_abundance
SF012	clean	unclean	0.6588	58	A_species_abundance
SF013	unclean	clean	0.2706	58	A_species_abundance
SF014	clean	clean	0.4702	58	A_species_abundance
SF015	clean	clean	0.298	58	A_species_abundance
SF016	unclean	unclean	0.5078	58	A_species_abundance
SF017	unclean	clean	0.3262	58	A_species_abundance
SF018	unclean	unclean	0.8284	58	A_species_abundance
SF019	clean	clean	0.2672	58	A_species_abundance
SF020	clean	clean	0.3054	58	A_species_abundance
SF021	unclean	clean	0.162	58	A_species_abundance
SF022	unclean	clean	0.2472	58	A_species_abundance
SF023	clean	clean	0.2264	58	A_species_abundance
SF024	unclean	clean	0.3438	58	A_species_abundance
SF025	clean	clean	0.2726	58	A_species_abundance
SF026	clean	clean	0.225	58	A_species_abundance
SF027	clean	unclean	0.6316	58	A_species_abundance
SF028	unclean	unclean	0.6164	58	A_species_abundance
SF029	clean	clean	0.192	58	A_species_abundance
SF030	clean	unclean	0.676	58	A_species_abundance
SF031	clean	unclean	0.501	58	A_species_abundance
SF032	clean	clean	0.323	58	A_species_abundance
SF033	clean	clean	0.4666	58	A_species_abundance
SF034	clean	clean	0.302	58	A_species_abundance
SF035	clean	clean	0.2722	58	A_species_abundance
SF036	unclean	unclean	0.5708	58	A_species_abundance
SF037	clean	clean	0.3506	58	A_species_abundance
SF038	clean	clean	0.2646	58	A_species_abundance
SF039	unclean	unclean	0.7136	58	A_species_abundance
SF040	clean	clean	0.3082	58	A_species_abundance
SF041	unclean	clean	0.296	58	A_species_abundance
SF042	clean	clean	0.2498	58	A_species_abundance
SF043	clean	clean	0.285	58	A_species_abundance
SF044	clean	clean	0.2916	58	A_species_abundance
SF045	unclean	clean	0.2548	58	A_species_abundance
SF046	clean	clean	0.479	58	A_species_abundance
SF047	clean	unclean	0.6292	58	A_species_abundance
SF048	unclean	clean	0.2254	58	A_species_abundance
SF049	clean	clean	0.355	58	A_species_abundance
SF050	clean	clean	0.31	58	A_species_abundance
SF051	clean	clean	0.26	58	A_species_abundance
SF052	clean	clean	0.3344	58	A_species_abundance
SF053	clean	clean	0.3918	58	A_species_abundance
SF054	unclean	unclean	0.6288	58	A_species_abundance
SF055	unclean	clean	0.2416	58	A_species_abundance
SF056	clean	clean	0.4798	58	A_species_abundance
SF057	unclean	clean	0.2646	58	A_species_abundance
SF058	clean	clean	0.3914	58	A_species_abundance
SF059	unclean	clean	0.4462	58	A_species_abundance
SF060	unclean	clean	0.3372	58	A_species_abundance
SF061	clean	clean	0.349	58	A_species_abundance
SF062	unclean	clean	0.2056	58	A_species_abundance
SF063	clean	clean	0.4724	58	A_species_abundance
SF064	clean	clean	0.2022	58	A_species_abundance
SF065	clean	clean	0.2882	58	A_species_abundance
SF066	clean	clean	0.342	58	A_species_abundance
SF067	clean	unclean	0.5316	58	A_species_abundance
SF068	unclean	clean	0.2398	58	A_species_abundance
SF069	clean	clean	0.4066	58	A_species_abundance
SF070	unclean	unclean	0.7846	58	A_species_abundance
SF071	clean	clean	0.391	58	A_species_abundance
SF072	unclean	clean	0.22	58	A_species_abundance
SF073	clean	clean	0.2608	58	A_species_abundance
SF074	clean	clean	0.1484	58	A_species_abundance
SF075	clean	clean	0.3838	58	A_species_abundance
SF076	clean	clean	0.42	58	A_species_abundance
SF077	clean	clean	0.3498	58	A_species_abundance
SF078	unclean	clean	0.3536	58	A_species_abundance
SF079	unclean	unclean	0.6024	58	A_species_abundance
SF080	unclean	unclean	0.5608	58	A_species_abundance
SF081	unclean	clean	0.3342	58	A_species_abundance
SF082	unclean	clean	0.357	58	A_species_abundance
SF083	unclean	clean	0.4472	58	A_species_abundance
SF084	clean	clean	0.4574	58	A_species_abundance
SF085	clean	clean	0.3148	58	A_species_abundance
SF086	clean	unclean	0.5792	58	A_species_abundance
SF087	unclean	unclean	0.8276	58	A_species_abundance
SF088	clean	clean	0.2798	58	A_species_abundance
SF089	unclean	unclean	0.807	58	A_species_abundance
SF090	unclean	clean	0.3546	58	A_species_abundance
SF091	unclean	unclean	0.6746	58	A_species_abundance
SF092	unclean	unclean	0.6634	58	A_species_abundance
SF093	unclean	clean	0.483	58	A_species_abundance
SF094	clean	clean	0.3512	58	A_species_abundance
SF095	unclean	clean	0.2764	58	A_species_abundance
SF096	clean	clean	0.2316	58	A_species_abundance
SF097	unclean	unclean	0.5006	58	A_species_abundance
SF001	unclean	unclean	0.7984	59	A_species_abundance
SF002	clean	clean	0.263	59	A_species_abundance
SF003	unclean	unclean	0.5212	59	A_species_abundance
SF004	clean	clean	0.2464	59	A_species_abundance
SF005	clean	clean	0.3294	59	A_species_abundance
SF006	unclean	unclean	0.7252	59	A_species_abundance
SF007	unclean	unclean	0.7204	59	A_species_abundance
SF008	clean	clean	0.3532	59	A_species_abundance
SF009	unclean	clean	0.422	59	A_species_abundance
SF010	unclean	unclean	0.7698	59	A_species_abundance
SF011	clean	clean	0.3606	59	A_species_abundance
SF012	clean	unclean	0.7148	59	A_species_abundance
SF013	unclean	clean	0.2402	59	A_species_abundance
SF014	clean	clean	0.4458	59	A_species_abundance
SF015	clean	clean	0.298	59	A_species_abundance
SF016	unclean	unclean	0.5138	59	A_species_abundance
SF017	unclean	clean	0.3944	59	A_species_abundance
SF018	unclean	unclean	0.826	59	A_species_abundance
SF019	clean	clean	0.2764	59	A_species_abundance
SF020	clean	clean	0.198	59	A_species_abundance
SF021	unclean	clean	0.2946	59	A_species_abundance
SF022	unclean	clean	0.3762	59	A_species_abundance
SF023	clean	clean	0.2354	59	A_species_abundance
SF024	unclean	clean	0.2868	59	A_species_abundance
SF025	clean	clean	0.2734	59	A_species_abundance
SF026	clean	clean	0.293	59	A_species_abundance
SF027	clean	unclean	0.6234	59	A_species_abundance
SF028	unclean	unclean	0.6064	59	A_species_abundance
SF029	clean	clean	0.2326	59	A_species_abundance
SF030	clean	unclean	0.7362	59	A_species_abundance
SF031	clean	clean	0.468	59	A_species_abundance
SF032	clean	clean	0.3998	59	A_species_abundance
SF033	clean	clean	0.4826	59	A_species_abundance
SF034	clean	clean	0.3068	59	A_species_abundance
SF035	clean	clean	0.2544	59	A_species_abundance
SF036	unclean	unclean	0.5778	59	A_species_abundance
SF037	clean	clean	0.3676	59	A_species_abundance
SF038	clean	clean	0.3104	59	A_species_abundance
SF039	unclean	unclean	0.7382	59	A_species_abundance
SF040	clean	clean	0.336	59	A_species_abundance
SF041	unclean	clean	0.2958	59	A_species_abundance
SF042	clean	clean	0.2458	59	A_species_abundance
SF043	clean	clean	0.3452	59	A_species_abundance
SF044	clean	clean	0.3068	59	A_species_abundance
SF045	unclean	clean	0.2486	59	A_species_abundance
SF046	clean	clean	0.4172	59	A_species_abundance
SF047	clean	unclean	0.646	59	A_species_abundance
SF048	unclean	clean	0.278	59	A_species_abundance
SF049	clean	clean	0.3554	59	A_species_abundance
SF050	clean	clean	0.3526	59	A_species_abundance
SF051	clean	clean	0.2348	59	A_species_abundance
SF052	clean	clean	0.3196	59	A_species_abundance
SF053	clean	clean	0.3784	59	A_species_abundance
SF054	unclean	unclean	0.5602	59	A_species_abundance
SF055	unclean	clean	0.2524	59	A_species_abundance
SF056	clean	unclean	0.5058	59	A_species_abundance
SF057	unclean	clean	0.2562	59	A_species_abundance
SF058	clean	clean	0.432	59	A_species_abundance
SF059	unclean	clean	0.4628	59	A_species_abundance
SF060	unclean	clean	0.4614	59	A_species_abundance
SF061	clean	clean	0.3554	59	A_species_abundance
SF062	unclean	clean	0.142	59	A_species_abundance
SF063	clean	clean	0.4662	59	A_species_abundance
SF064	clean	clean	0.2172	59	A_species_abundance
SF065	clean	clean	0.409	59	A_species_abundance
SF066	clean	clean	0.3216	59	A_species_abundance
SF067	clean	unclean	0.515	59	A_species_abundance
SF068	unclean	clean	0.2646	59	A_species_abundance
SF069	clean	clean	0.3328	59	A_species_abundance
SF070	unclean	unclean	0.7592	59	A_species_abundance
SF071	clean	clean	0.4384	59	A_species_abundance
SF072	unclean	clean	0.1758	59	A_species_abundance
SF073	clean	clean	0.2696	59	A_species_abundance
SF074	clean	clean	0.1608	59	A_species_abundance
SF075	clean	clean	0.411	59	A_species_abundance
SF076	clean	clean	0.411	59	A_species_abundance
SF077	clean	clean	0.3468	59	A_species_abundance
SF078	unclean	clean	0.4526	59	A_species_abundance
SF079	unclean	unclean	0.5474	59	A_species_abundance
SF080	unclean	clean	0.4918	59	A_species_abundance
SF081	unclean	clean	0.3484	59	A_species_abundance
SF082	unclean	clean	0.3962	59	A_species_abundance
SF083	unclean	unclean	0.506	59	A_species_abundance
SF084	clean	clean	0.4514	59	A_species_abundance
SF085	clean	clean	0.3802	59	A_species_abundance
SF086	clean	unclean	0.5332	59	A_species_abundance
SF087	unclean	unclean	0.8246	59	A_species_abundance
SF088	clean	clean	0.276	59	A_species_abundance
SF089	unclean	unclean	0.8266	59	A_species_abundance
SF090	unclean	clean	0.4408	59	A_species_abundance
SF091	unclean	unclean	0.61	59	A_species_abundance
SF092	unclean	unclean	0.6238	59	A_species_abundance
SF093	unclean	clean	0.4462	59	A_species_abundance
SF094	clean	clean	0.3466	59	A_species_abundance
SF095	unclean	clean	0.2698	59	A_species_abundance
SF096	clean	clean	0.1708	59	A_species_abundance
SF097	unclean	clean	0.4422	59	A_species_abundance
SF001	unclean	unclean	0.7524	60	A_species_abundance
SF002	clean	clean	0.27	60	A_species_abundance
SF003	unclean	unclean	0.5562	60	A_species_abundance
SF004	clean	clean	0.2682	60	A_species_abundance
SF005	clean	clean	0.2452	60	A_species_abundance
SF006	unclean	unclean	0.7442	60	A_species_abundance
SF007	unclean	unclean	0.7254	60	A_species_abundance
SF008	clean	clean	0.3404	60	A_species_abundance
SF009	unclean	clean	0.47	60	A_species_abundance
SF010	unclean	unclean	0.7624	60	A_species_abundance
SF011	clean	clean	0.3808	60	A_species_abundance
SF012	clean	unclean	0.7358	60	A_species_abundance
SF013	unclean	clean	0.238	60	A_species_abundance
SF014	clean	clean	0.462	60	A_species_abundance
SF015	clean	clean	0.3116	60	A_species_abundance
SF016	unclean	clean	0.4934	60	A_species_abundance
SF017	unclean	clean	0.3454	60	A_species_abundance
SF018	unclean	unclean	0.8118	60	A_species_abundance
SF019	clean	clean	0.3166	60	A_species_abundance
SF020	clean	clean	0.2502	60	A_species_abundance
SF021	unclean	clean	0.218	60	A_species_abundance
SF022	unclean	clean	0.3528	60	A_species_abundance
SF023	clean	clean	0.2678	60	A_species_abundance
SF024	unclean	clean	0.3064	60	A_species_abundance
SF025	clean	clean	0.2374	60	A_species_abundance
SF026	clean	clean	0.2586	60	A_species_abundance
SF027	clean	unclean	0.6	60	A_species_abundance
SF028	unclean	unclean	0.5916	60	A_species_abundance
SF029	clean	clean	0.2252	60	A_species_abundance
SF030	clean	unclean	0.7538	60	A_species_abundance
SF031	clean	unclean	0.537	60	A_species_abundance
SF032	clean	clean	0.3566	60	A_species_abundance
SF033	clean	clean	0.4648	60	A_species_abundance
SF034	clean	clean	0.271	60	A_species_abundance
SF035	clean	clean	0.2982	60	A_species_abundance
SF036	unclean	unclean	0.5672	60	A_species_abundance
SF037	clean	clean	0.3838	60	A_species_abundance
SF038	clean	clean	0.2798	60	A_species_abundance
SF039	unclean	unclean	0.7228	60	A_species_abundance
SF040	clean	clean	0.3474	60	A_species_abundance
SF041	unclean	clean	0.2918	60	A_species_abundance
SF042	clean	clean	0.2624	60	A_species_abundance
SF043	clean	clean	0.3078	60	A_species_abundance
SF044	clean	clean	0.3038	60	A_species_abundance
SF045	unclean	clean	0.2992	60	A_species_abundance
SF046	clean	clean	0.4956	60	A_species_abundance
SF047	clean	unclean	0.6434	60	A_species_abundance
SF048	unclean	clean	0.2332	60	A_species_abundance
SF049	clean	clean	0.3352	60	A_species_abundance
SF050	clean	clean	0.3134	60	A_species_abundance
SF051	clean	clean	0.304	60	A_species_abundance
SF052	clean	clean	0.3144	60	A_species_abundance
SF053	clean	clean	0.377	60	A_species_abundance
SF054	unclean	unclean	0.5938	60	A_species_abundance
SF055	unclean	clean	0.2214	60	A_species_abundance
SF056	clean	clean	0.442	60	A_species_abundance
SF057	unclean	clean	0.3328	60	A_species_abundance
SF058	clean	clean	0.4558	60	A_species_abundance
SF059	unclean	clean	0.4852	60	A_species_abundance
SF060	unclean	clean	0.381	60	A_species_abundance
SF061	clean	clean	0.3924	60	A_species_abundance
SF062	unclean	clean	0.162	60	A_species_abundance
SF063	clean	clean	0.448	60	A_species_abundance
SF064	clean	clean	0.1728	60	A_species_abundance
SF065	clean	clean	0.3358	60	A_species_abundance
SF066	clean	clean	0.3732	60	A_species_abundance
SF067	clean	clean	0.4786	60	A_species_abundance
SF068	unclean	clean	0.2564	60	A_species_abundance
SF069	clean	clean	0.3776	60	A_species_abundance
SF070	unclean	unclean	0.7358	60	A_species_abundance
SF071	clean	clean	0.3734	60	A_species_abundance
SF072	unclean	clean	0.2298	60	A_species_abundance
SF073	clean	clean	0.2754	60	A_species_abundance
SF074	clean	clean	0.164	60	A_species_abundance
SF075	clean	clean	0.3896	60	A_species_abundance
SF076	clean	clean	0.4284	60	A_species_abundance
SF077	clean	clean	0.3282	60	A_species_abundance
SF078	unclean	clean	0.3902	60	A_species_abundance
SF079	unclean	unclean	0.5548	60	A_species_abundance
SF080	unclean	unclean	0.5032	60	A_species_abundance
SF081	unclean	clean	0.3738	60	A_species_abundance
SF082	unclean	clean	0.4198	60	A_species_abundance
SF083	unclean	clean	0.4796	60	A_species_abundance
SF084	clean	clean	0.4784	60	A_species_abundance
SF085	clean	clean	0.3276	60	A_species_abundance
SF086	clean	unclean	0.5032	60	A_species_abundance
SF087	unclean	unclean	0.7864	60	A_species_abundance
SF088	clean	clean	0.2794	60	A_species_abundance
SF089	unclean	unclean	0.8222	60	A_species_abundance
SF090	unclean	clean	0.362	60	A_species_abundance
SF091	unclean	unclean	0.6048	60	A_species_abundance
SF092	unclean	unclean	0.7478	60	A_species_abundance
SF093	unclean	clean	0.4868	60	A_species_abundance
SF094	clean	clean	0.3776	60	A_species_abundance
SF095	unclean	clean	0.3124	60	A_species_abundance
SF096	clean	clean	0.2446	60	A_species_abundance
SF097	unclean	clean	0.472	60	A_species_abundance
SF001	unclean	unclean	0.7396	61	A_species_abundance
SF002	clean	clean	0.2018	61	A_species_abundance
SF003	unclean	unclean	0.5528	61	A_species_abundance
SF004	clean	clean	0.2674	61	A_species_abundance
SF005	clean	clean	0.363	61	A_species_abundance
SF006	unclean	unclean	0.7434	61	A_species_abundance
SF007	unclean	unclean	0.7146	61	A_species_abundance
SF008	clean	clean	0.3626	61	A_species_abundance
SF009	unclean	clean	0.4752	61	A_species_abundance
SF010	unclean	unclean	0.7864	61	A_species_abundance
SF011	clean	clean	0.3628	61	A_species_abundance
SF012	clean	unclean	0.7154	61	A_species_abundance
SF013	unclean	clean	0.1734	61	A_species_abundance
SF014	clean	clean	0.4318	61	A_species_abundance
SF015	clean	clean	0.335	61	A_species_abundance
SF016	unclean	clean	0.4752	61	A_species_abundance
SF017	unclean	clean	0.3678	61	A_species_abundance
SF018	unclean	unclean	0.789	61	A_species_abundance
SF019	clean	clean	0.2878	61	A_species_abundance
SF020	clean	clean	0.2962	61	A_species_abundance
SF021	unclean	clean	0.3	61	A_species_abundance
SF022	unclean	clean	0.3412	61	A_species_abundance
SF023	clean	clean	0.2582	61	A_species_abundance
SF024	unclean	clean	0.2574	61	A_species_abundance
SF025	clean	clean	0.2866	61	A_species_abundance
SF026	clean	clean	0.2366	61	A_species_abundance
SF027	clean	unclean	0.6424	61	A_species_abundance
SF028	unclean	unclean	0.6016	61	A_species_abundance
SF029	clean	clean	0.2424	61	A_species_abundance
SF030	clean	unclean	0.668	61	A_species_abundance
SF031	clean	clean	0.4962	61	A_species_abundance
SF032	clean	clean	0.374	61	A_species_abundance
SF033	clean	clean	0.4384	61	A_species_abundance
SF034	clean	clean	0.288	61	A_species_abundance
SF035	clean	clean	0.1828	61	A_species_abundance
SF036	unclean	unclean	0.6018	61	A_species_abundance
SF037	clean	clean	0.3762	61	A_species_abundance
SF038	clean	clean	0.366	61	A_species_abundance
SF039	unclean	unclean	0.713	61	A_species_abundance
SF040	clean	clean	0.3966	61	A_species_abundance
SF041	unclean	clean	0.278	61	A_species_abundance
SF042	clean	clean	0.2356	61	A_species_abundance
SF043	clean	clean	0.3372	61	A_species_abundance
SF044	clean	clean	0.2922	61	A_species_abundance
SF045	unclean	clean	0.233	61	A_species_abundance
SF046	clean	clean	0.4458	61	A_species_abundance
SF047	clean	unclean	0.5812	61	A_species_abundance
SF048	unclean	clean	0.2632	61	A_species_abundance
SF049	clean	clean	0.2518	61	A_species_abundance
SF050	clean	clean	0.3498	61	A_species_abundance
SF051	clean	clean	0.3474	61	A_species_abundance
SF052	clean	clean	0.3524	61	A_species_abundance
SF053	clean	clean	0.3788	61	A_species_abundance
SF054	unclean	unclean	0.5584	61	A_species_abundance
SF055	unclean	clean	0.223	61	A_species_abundance
SF056	clean	unclean	0.5192	61	A_species_abundance
SF057	unclean	clean	0.266	61	A_species_abundance
SF058	clean	clean	0.4314	61	A_species_abundance
SF059	unclean	clean	0.4248	61	A_species_abundance
SF060	unclean	clean	0.3878	61	A_species_abundance
SF061	clean	clean	0.4152	61	A_species_abundance
SF062	unclean	clean	0.2044	61	A_species_abundance
SF063	clean	clean	0.488	61	A_species_abundance
SF064	clean	clean	0.2156	61	A_species_abundance
SF065	clean	clean	0.356	61	A_species_abundance
SF066	clean	clean	0.3698	61	A_species_abundance
SF067	clean	clean	0.4546	61	A_species_abundance
SF068	unclean	clean	0.2512	61	A_species_abundance
SF069	clean	clean	0.3214	61	A_species_abundance
SF070	unclean	unclean	0.7938	61	A_species_abundance
SF071	clean	clean	0.4044	61	A_species_abundance
SF072	unclean	clean	0.2348	61	A_species_abundance
SF073	clean	clean	0.2944	61	A_species_abundance
SF074	clean	clean	0.2304	61	A_species_abundance
SF075	clean	clean	0.4102	61	A_species_abundance
SF076	clean	clean	0.4302	61	A_species_abundance
SF077	clean	clean	0.372	61	A_species_abundance
SF078	unclean	clean	0.393	61	A_species_abundance
SF079	unclean	clean	0.4924	61	A_species_abundance
SF080	unclean	unclean	0.5422	61	A_species_abundance
SF081	unclean	clean	0.4386	61	A_species_abundance
SF082	unclean	clean	0.4188	61	A_species_abundance
SF083	unclean	clean	0.4518	61	A_species_abundance
SF084	clean	clean	0.4128	61	A_species_abundance
SF085	clean	clean	0.2828	61	A_species_abundance
SF086	clean	unclean	0.5742	61	A_species_abundance
SF087	unclean	unclean	0.815	61	A_species_abundance
SF088	clean	clean	0.275	61	A_species_abundance
SF089	unclean	unclean	0.797	61	A_species_abundance
SF090	unclean	clean	0.3292	61	A_species_abundance
SF091	unclean	unclean	0.5992	61	A_species_abundance
SF092	unclean	unclean	0.7148	61	A_species_abundance
SF093	unclean	clean	0.4268	61	A_species_abundance
SF094	clean	clean	0.3974	61	A_species_abundance
SF095	unclean	clean	0.2212	61	A_species_abundance
SF096	clean	clean	0.2744	61	A_species_abundance
SF097	unclean	clean	0.4686	61	A_species_abundance
SF001	unclean	unclean	0.797	62	A_species_abundance
SF002	clean	clean	0.2368	62	A_species_abundance
SF003	unclean	unclean	0.516	62	A_species_abundance
SF004	clean	clean	0.2908	62	A_species_abundance
SF005	clean	clean	0.2998	62	A_species_abundance
SF006	unclean	unclean	0.722	62	A_species_abundance
SF007	unclean	unclean	0.7568	62	A_species_abundance
SF008	clean	clean	0.3564	62	A_species_abundance
SF009	unclean	clean	0.431	62	A_species_abundance
SF010	unclean	unclean	0.7392	62	A_species_abundance
SF011	clean	clean	0.3466	62	A_species_abundance
SF012	clean	unclean	0.6998	62	A_species_abundance
SF013	unclean	clean	0.2578	62	A_species_abundance
SF014	clean	clean	0.4466	62	A_species_abundance
SF015	clean	clean	0.3102	62	A_species_abundance
SF016	unclean	clean	0.4734	62	A_species_abundance
SF017	unclean	clean	0.373	62	A_species_abundance
SF018	unclean	unclean	0.7656	62	A_species_abundance
SF019	clean	clean	0.319	62	A_species_abundance
SF020	clean	clean	0.3254	62	A_species_abundance
SF021	unclean	clean	0.2666	62	A_species_abundance
SF022	unclean	clean	0.3606	62	A_species_abundance
SF023	clean	clean	0.2592	62	A_species_abundance
SF024	unclean	clean	0.2618	62	A_species_abundance
SF025	clean	clean	0.2902	62	A_species_abundance
SF026	clean	clean	0.2522	62	A_species_abundance
SF027	clean	unclean	0.6128	62	A_species_abundance
SF028	unclean	unclean	0.59	62	A_species_abundance
SF029	clean	clean	0.2192	62	A_species_abundance
SF030	clean	unclean	0.6754	62	A_species_abundance
SF031	clean	unclean	0.504	62	A_species_abundance
SF032	clean	clean	0.3534	62	A_species_abundance
SF033	clean	clean	0.438	62	A_species_abundance
SF034	clean	clean	0.2624	62	A_species_abundance
SF035	clean	clean	0.2906	62	A_species_abundance
SF036	unclean	unclean	0.5634	62	A_species_abundance
SF037	clean	clean	0.4016	62	A_species_abundance
SF038	clean	clean	0.3618	62	A_species_abundance
SF039	unclean	unclean	0.6792	62	A_species_abundance
SF040	clean	clean	0.325	62	A_species_abundance
SF041	unclean	clean	0.2498	62	A_species_abundance
SF042	clean	clean	0.2608	62	A_species_abundance
SF043	clean	clean	0.2742	62	A_species_abundance
SF044	clean	clean	0.3274	62	A_species_abundance
SF045	unclean	clean	0.2518	62	A_species_abundance
SF046	clean	clean	0.4352	62	A_species_abundance
SF047	clean	unclean	0.6686	62	A_species_abundance
SF048	unclean	clean	0.219	62	A_species_abundance
SF049	clean	clean	0.3238	62	A_species_abundance
SF050	clean	clean	0.3524	62	A_species_abundance
SF051	clean	clean	0.287	62	A_species_abundance
SF052	clean	clean	0.3258	62	A_species_abundance
SF053	clean	clean	0.356	62	A_species_abundance
SF054	unclean	unclean	0.5748	62	A_species_abundance
SF055	unclean	clean	0.2504	62	A_species_abundance
SF056	clean	unclean	0.5214	62	A_species_abundance
SF057	unclean	clean	0.3176	62	A_species_abundance
SF058	clean	clean	0.3612	62	A_species_abundance
SF059	unclean	unclean	0.5178	62	A_species_abundance
SF060	unclean	clean	0.4076	62	A_species_abundance
SF061	clean	clean	0.352	62	A_species_abundance
SF062	unclean	clean	0.2	62	A_species_abundance
SF063	clean	clean	0.39	62	A_species_abundance
SF064	clean	clean	0.2064	62	A_species_abundance
SF065	clean	clean	0.31	62	A_species_abundance
SF066	clean	clean	0.3324	62	A_species_abundance
SF067	clean	unclean	0.5214	62	A_species_abundance
SF068	unclean	clean	0.3134	62	A_species_abundance
SF069	clean	clean	0.335	62	A_species_abundance
SF070	unclean	unclean	0.7312	62	A_species_abundance
SF071	clean	clean	0.4044	62	A_species_abundance
SF072	unclean	clean	0.2886	62	A_species_abundance
SF073	clean	clean	0.248	62	A_species_abundance
SF074	clean	clean	0.2248	62	A_species_abundance
SF075	clean	clean	0.3802	62	A_species_abundance
SF076	clean	clean	0.3754	62	A_species_abundance
SF077	clean	clean	0.3406	62	A_species_abundance
SF078	unclean	clean	0.4342	62	A_species_abundance
SF079	unclean	unclean	0.5342	62	A_species_abundance
SF080	unclean	clean	0.4704	62	A_species_abundance
SF081	unclean	clean	0.373	62	A_species_abundance
SF082	unclean	clean	0.4044	62	A_species_abundance
SF083	unclean	clean	0.4956	62	A_species_abundance
SF084	clean	clean	0.45	62	A_species_abundance
SF085	clean	clean	0.301	62	A_species_abundance
SF086	clean	unclean	0.5536	62	A_species_abundance
SF087	unclean	unclean	0.8064	62	A_species_abundance
SF088	clean	clean	0.2454	62	A_species_abundance
SF089	unclean	unclean	0.8324	62	A_species_abundance
SF090	unclean	clean	0.3886	62	A_species_abundance
SF091	unclean	unclean	0.5992	62	A_species_abundance
SF092	unclean	unclean	0.7048	62	A_species_abundance
SF093	unclean	clean	0.4854	62	A_species_abundance
SF094	clean	clean	0.4224	62	A_species_abundance
SF095	unclean	clean	0.2976	62	A_species_abundance
SF096	clean	clean	0.1626	62	A_species_abundance
SF097	unclean	unclean	0.506	62	A_species_abundance
SF001	unclean	unclean	0.8296	63	A_species_abundance
SF002	clean	clean	0.2466	63	A_species_abundance
SF003	unclean	unclean	0.6006	63	A_species_abundance
SF004	clean	clean	0.308	63	A_species_abundance
SF005	clean	clean	0.3622	63	A_species_abundance
SF006	unclean	unclean	0.7444	63	A_species_abundance
SF007	unclean	unclean	0.734	63	A_species_abundance
SF008	clean	clean	0.3544	63	A_species_abundance
SF009	unclean	clean	0.4696	63	A_species_abundance
SF010	unclean	unclean	0.766	63	A_species_abundance
SF011	clean	clean	0.3056	63	A_species_abundance
SF012	clean	unclean	0.703	63	A_species_abundance
SF013	unclean	clean	0.2292	63	A_species_abundance
SF014	clean	clean	0.4856	63	A_species_abundance
SF015	clean	clean	0.2648	63	A_species_abundance
SF016	unclean	unclean	0.528	63	A_species_abundance
SF017	unclean	clean	0.4248	63	A_species_abundance
SF018	unclean	unclean	0.8202	63	A_species_abundance
SF019	clean	clean	0.2948	63	A_species_abundance
SF020	clean	clean	0.234	63	A_species_abundance
SF021	unclean	clean	0.2636	63	A_species_abundance
SF022	unclean	clean	0.3276	63	A_species_abundance
SF023	clean	clean	0.2822	63	A_species_abundance
SF024	unclean	clean	0.2604	63	A_species_abundance
SF025	clean	clean	0.2458	63	A_species_abundance
SF026	clean	clean	0.167	63	A_species_abundance
SF027	clean	unclean	0.6312	63	A_species_abundance
SF028	unclean	unclean	0.6248	63	A_species_abundance
SF029	clean	clean	0.2224	63	A_species_abundance
SF030	clean	unclean	0.6266	63	A_species_abundance
SF031	clean	unclean	0.5272	63	A_species_abundance
SF032	clean	clean	0.3478	63	A_species_abundance
SF033	clean	clean	0.4318	63	A_species_abundance
SF034	clean	clean	0.2994	63	A_species_abundance
SF035	clean	clean	0.2916	63	A_species_abundance
SF036	unclean	unclean	0.5606	63	A_species_abundance
SF037	clean	clean	0.392	63	A_species_abundance
SF038	clean	clean	0.3222	63	A_species_abundance
SF039	unclean	unclean	0.7334	63	A_species_abundance
SF040	clean	clean	0.3534	63	A_species_abundance
SF041	unclean	clean	0.2816	63	A_species_abundance
SF042	clean	clean	0.2694	63	A_species_abundance
SF043	clean	clean	0.276	63	A_species_abundance
SF044	clean	clean	0.2498	63	A_species_abundance
SF045	unclean	clean	0.27	63	A_species_abundance
SF046	clean	clean	0.4958	63	A_species_abundance
SF047	clean	unclean	0.5558	63	A_species_abundance
SF048	unclean	clean	0.266	63	A_species_abundance
SF049	clean	clean	0.2656	63	A_species_abundance
SF050	clean	clean	0.3168	63	A_species_abundance
SF051	clean	clean	0.312	63	A_species_abundance
SF052	clean	clean	0.308	63	A_species_abundance
SF053	clean	clean	0.3782	63	A_species_abundance
SF054	unclean	unclean	0.5682	63	A_species_abundance
SF055	unclean	clean	0.1744	63	A_species_abundance
SF056	clean	unclean	0.516	63	A_species_abundance
SF057	unclean	clean	0.2958	63	A_species_abundance
SF058	clean	clean	0.3428	63	A_species_abundance
SF059	unclean	clean	0.4366	63	A_species_abundance
SF060	unclean	clean	0.4224	63	A_species_abundance
SF061	clean	clean	0.357	63	A_species_abundance
SF062	unclean	clean	0.1246	63	A_species_abundance
SF063	clean	clean	0.4218	63	A_species_abundance
SF064	clean	clean	0.1608	63	A_species_abundance
SF065	clean	clean	0.305	63	A_species_abundance
SF066	clean	clean	0.2928	63	A_species_abundance
SF067	clean	clean	0.4718	63	A_species_abundance
SF068	unclean	clean	0.2658	63	A_species_abundance
SF069	clean	clean	0.3432	63	A_species_abundance
SF070	unclean	unclean	0.7572	63	A_species_abundance
SF071	clean	clean	0.4082	63	A_species_abundance
SF072	unclean	clean	0.2294	63	A_species_abundance
SF073	clean	clean	0.2596	63	A_species_abundance
SF074	clean	clean	0.162	63	A_species_abundance
SF075	clean	clean	0.3996	63	A_species_abundance
SF076	clean	clean	0.4344	63	A_species_abundance
SF077	clean	clean	0.3418	63	A_species_abundance
SF078	unclean	clean	0.389	63	A_species_abundance
SF079	unclean	unclean	0.5138	63	A_species_abundance
SF080	unclean	unclean	0.5034	63	A_species_abundance
SF081	unclean	clean	0.3786	63	A_species_abundance
SF082	unclean	clean	0.4318	63	A_species_abundance
SF083	unclean	clean	0.4804	63	A_species_abundance
SF084	clean	clean	0.4944	63	A_species_abundance
SF085	clean	clean	0.2868	63	A_species_abundance
SF086	clean	unclean	0.5668	63	A_species_abundance
SF087	unclean	unclean	0.7514	63	A_species_abundance
SF088	clean	clean	0.2854	63	A_species_abundance
SF089	unclean	unclean	0.8236	63	A_species_abundance
SF090	unclean	clean	0.3622	63	A_species_abundance
SF091	unclean	unclean	0.5838	63	A_species_abundance
SF092	unclean	unclean	0.6054	63	A_species_abundance
SF093	unclean	clean	0.47	63	A_species_abundance
SF094	clean	clean	0.4226	63	A_species_abundance
SF095	unclean	clean	0.2062	63	A_species_abundance
SF096	clean	clean	0.2066	63	A_species_abundance
SF097	unclean	clean	0.4164	63	A_species_abundance
SF001	unclean	unclean	0.8436	64	A_species_abundance
SF002	clean	clean	0.3128	64	A_species_abundance
SF003	unclean	unclean	0.5196	64	A_species_abundance
SF004	clean	clean	0.2596	64	A_species_abundance
SF005	clean	clean	0.3156	64	A_species_abundance
SF006	unclean	unclean	0.7146	64	A_species_abundance
SF007	unclean	unclean	0.7612	64	A_species_abundance
SF008	clean	clean	0.33	64	A_species_abundance
SF009	unclean	clean	0.4042	64	A_species_abundance
SF010	unclean	unclean	0.7426	64	A_species_abundance
SF011	clean	clean	0.3232	64	A_species_abundance
SF012	clean	unclean	0.7082	64	A_species_abundance
SF013	unclean	clean	0.2686	64	A_species_abundance
SF014	clean	clean	0.4304	64	A_species_abundance
SF015	clean	clean	0.337	64	A_species_abundance
SF016	unclean	clean	0.4782	64	A_species_abundance
SF017	unclean	clean	0.3958	64	A_species_abundance
SF018	unclean	unclean	0.8354	64	A_species_abundance
SF019	clean	clean	0.2822	64	A_species_abundance
SF020	clean	clean	0.2464	64	A_species_abundance
SF021	unclean	clean	0.2452	64	A_species_abundance
SF022	unclean	clean	0.3728	64	A_species_abundance
SF023	clean	clean	0.26	64	A_species_abundance
SF024	unclean	clean	0.3202	64	A_species_abundance
SF025	clean	clean	0.2164	64	A_species_abundance
SF026	clean	clean	0.2314	64	A_species_abundance
SF027	clean	unclean	0.5732	64	A_species_abundance
SF028	unclean	unclean	0.5558	64	A_species_abundance
SF029	clean	clean	0.221	64	A_species_abundance
SF030	clean	unclean	0.7282	64	A_species_abundance
SF031	clean	clean	0.4884	64	A_species_abundance
SF032	clean	clean	0.3278	64	A_species_abundance
SF033	clean	clean	0.489	64	A_species_abundance
SF034	clean	clean	0.2902	64	A_species_abundance
SF035	clean	clean	0.2808	64	A_species_abundance
SF036	unclean	unclean	0.5962	64	A_species_abundance
SF037	clean	clean	0.4162	64	A_species_abundance
SF038	clean	clean	0.2824	64	A_species_abundance
SF039	unclean	unclean	0.7262	64	A_species_abundance
SF040	clean	clean	0.2852	64	A_species_abundance
SF041	unclean	clean	0.273	64	A_species_abundance
SF042	clean	clean	0.246	64	A_species_abundance
SF043	clean	clean	0.2786	64	A_species_abundance
SF044	clean	clean	0.3068	64	A_species_abundance
SF045	unclean	clean	0.2482	64	A_species_abundance
SF046	clean	clean	0.4398	64	A_species_abundance
SF047	clean	unclean	0.6422	64	A_species_abundance
SF048	unclean	clean	0.2778	64	A_species_abundance
SF049	clean	clean	0.3628	64	A_species_abundance
SF050	clean	clean	0.2918	64	A_species_abundance
SF051	clean	clean	0.3008	64	A_species_abundance
SF052	clean	clean	0.2848	64	A_species_abundance
SF053	clean	clean	0.3508	64	A_species_abundance
SF054	unclean	unclean	0.5772	64	A_species_abundance
SF055	unclean	clean	0.2328	64	A_species_abundance
SF056	clean	clean	0.4872	64	A_species_abundance
SF057	unclean	clean	0.2924	64	A_species_abundance
SF058	clean	clean	0.4414	64	A_species_abundance
SF059	unclean	clean	0.4666	64	A_species_abundance
SF060	unclean	clean	0.3696	64	A_species_abundance
SF061	clean	clean	0.4314	64	A_species_abundance
SF062	unclean	clean	0.1408	64	A_species_abundance
SF063	clean	clean	0.4766	64	A_species_abundance
SF064	clean	clean	0.18	64	A_species_abundance
SF065	clean	clean	0.401	64	A_species_abundance
SF066	clean	clean	0.3586	64	A_species_abundance
SF067	clean	clean	0.4838	64	A_species_abundance
SF068	unclean	clean	0.2542	64	A_species_abundance
SF069	clean	clean	0.4166	64	A_species_abundance
SF070	unclean	unclean	0.7638	64	A_species_abundance
SF071	clean	clean	0.3768	64	A_species_abundance
SF072	unclean	clean	0.2462	64	A_species_abundance
SF073	clean	clean	0.35	64	A_species_abundance
SF074	clean	clean	0.1642	64	A_species_abundance
SF075	clean	clean	0.3596	64	A_species_abundance
SF076	clean	clean	0.3722	64	A_species_abundance
SF077	clean	clean	0.369	64	A_species_abundance
SF078	unclean	clean	0.419	64	A_species_abundance
SF079	unclean	unclean	0.5364	64	A_species_abundance
SF080	unclean	unclean	0.5356	64	A_species_abundance
SF081	unclean	clean	0.4218	64	A_species_abundance
SF082	unclean	clean	0.445	64	A_species_abundance
SF083	unclean	clean	0.4816	64	A_species_abundance
SF084	clean	clean	0.4578	64	A_species_abundance
SF085	clean	clean	0.3378	64	A_species_abundance
SF086	clean	unclean	0.515	64	A_species_abundance
SF087	unclean	unclean	0.797	64	A_species_abundance
SF088	clean	clean	0.2696	64	A_species_abundance
SF089	unclean	unclean	0.8196	64	A_species_abundance
SF090	unclean	clean	0.379	64	A_species_abundance
SF091	unclean	unclean	0.6344	64	A_species_abundance
SF092	unclean	unclean	0.6992	64	A_species_abundance
SF093	unclean	clean	0.4276	64	A_species_abundance
SF094	clean	clean	0.394	64	A_species_abundance
SF095	unclean	clean	0.2966	64	A_species_abundance
SF096	clean	clean	0.1808	64	A_species_abundance
SF097	unclean	clean	0.4484	64	A_species_abundance
SF001	unclean	unclean	0.7502	65	A_species_abundance
SF002	clean	clean	0.2602	65	A_species_abundance
SF003	unclean	unclean	0.5476	65	A_species_abundance
SF004	clean	clean	0.3452	65	A_species_abundance
SF005	clean	clean	0.334	65	A_species_abundance
SF006	unclean	unclean	0.745	65	A_species_abundance
SF007	unclean	unclean	0.7448	65	A_species_abundance
SF008	clean	clean	0.3786	65	A_species_abundance
SF009	unclean	clean	0.4236	65	A_species_abundance
SF010	unclean	unclean	0.7618	65	A_species_abundance
SF011	clean	clean	0.387	65	A_species_abundance
SF012	clean	unclean	0.6602	65	A_species_abundance
SF013	unclean	clean	0.2584	65	A_species_abundance
SF014	clean	clean	0.4468	65	A_species_abundance
SF015	clean	clean	0.2766	65	A_species_abundance
SF016	unclean	unclean	0.5448	65	A_species_abundance
SF017	unclean	clean	0.4466	65	A_species_abundance
SF018	unclean	unclean	0.8278	65	A_species_abundance
SF019	clean	clean	0.2936	65	A_species_abundance
SF020	clean	clean	0.2652	65	A_species_abundance
SF021	unclean	clean	0.2422	65	A_species_abundance
SF022	unclean	clean	0.346	65	A_species_abundance
SF023	clean	clean	0.3074	65	A_species_abundance
SF024	unclean	clean	0.313	65	A_species_abundance
SF025	clean	clean	0.2776	65	A_species_abundance
SF026	clean	clean	0.2498	65	A_species_abundance
SF027	clean	unclean	0.6398	65	A_species_abundance
SF028	unclean	unclean	0.6424	65	A_species_abundance
SF029	clean	clean	0.2122	65	A_species_abundance
SF030	clean	unclean	0.6886	65	A_species_abundance
SF031	clean	unclean	0.5318	65	A_species_abundance
SF032	clean	clean	0.3506	65	A_species_abundance
SF033	clean	unclean	0.5038	65	A_species_abundance
SF034	clean	clean	0.2768	65	A_species_abundance
SF035	clean	clean	0.2652	65	A_species_abundance
SF036	unclean	unclean	0.5024	65	A_species_abundance
SF037	clean	clean	0.3754	65	A_species_abundance
SF038	clean	clean	0.3002	65	A_species_abundance
SF039	unclean	unclean	0.7332	65	A_species_abundance
SF040	clean	clean	0.3088	65	A_species_abundance
SF041	unclean	clean	0.2236	65	A_species_abundance
SF042	clean	clean	0.2544	65	A_species_abundance
SF043	clean	clean	0.3146	65	A_species_abundance
SF044	clean	clean	0.28	65	A_species_abundance
SF045	unclean	clean	0.2848	65	A_species_abundance
SF046	clean	clean	0.4208	65	A_species_abundance
SF047	clean	unclean	0.6884	65	A_species_abundance
SF048	unclean	clean	0.2772	65	A_species_abundance
SF049	clean	clean	0.322	65	A_species_abundance
SF050	clean	clean	0.316	65	A_species_abundance
SF051	clean	clean	0.2996	65	A_species_abundance
SF052	clean	clean	0.2366	65	A_species_abundance
SF053	clean	clean	0.3556	65	A_species_abundance
SF054	unclean	unclean	0.596	65	A_species_abundance
SF055	unclean	clean	0.2582	65	A_species_abundance
SF056	clean	unclean	0.5324	65	A_species_abundance
SF057	unclean	clean	0.2872	65	A_species_abundance
SF058	clean	clean	0.4236	65	A_species_abundance
SF059	unclean	clean	0.3972	65	A_species_abundance
SF060	unclean	clean	0.4184	65	A_species_abundance
SF061	clean	clean	0.3868	65	A_species_abundance
SF062	unclean	clean	0.1514	65	A_species_abundance
SF063	clean	clean	0.3846	65	A_species_abundance
SF064	clean	clean	0.223	65	A_species_abundance
SF065	clean	clean	0.4244	65	A_species_abundance
SF066	clean	clean	0.3432	65	A_species_abundance
SF067	clean	unclean	0.5536	65	A_species_abundance
SF068	unclean	clean	0.2902	65	A_species_abundance
SF069	clean	clean	0.368	65	A_species_abundance
SF070	unclean	unclean	0.736	65	A_species_abundance
SF071	clean	clean	0.342	65	A_species_abundance
SF072	unclean	clean	0.2538	65	A_species_abundance
SF073	clean	clean	0.2814	65	A_species_abundance
SF074	clean	clean	0.1866	65	A_species_abundance
SF075	clean	clean	0.344	65	A_species_abundance
SF076	clean	clean	0.4294	65	A_species_abundance
SF077	clean	clean	0.3492	65	A_species_abundance
SF078	unclean	clean	0.4652	65	A_species_abundance
SF079	unclean	clean	0.4708	65	A_species_abundance
SF080	unclean	clean	0.495	65	A_species_abundance
SF081	unclean	clean	0.3924	65	A_species_abundance
SF082	unclean	clean	0.4744	65	A_species_abundance
SF083	unclean	clean	0.4638	65	A_species_abundance
SF084	clean	clean	0.437	65	A_species_abundance
SF085	clean	clean	0.2922	65	A_species_abundance
SF086	clean	unclean	0.562	65	A_species_abundance
SF087	unclean	unclean	0.7916	65	A_species_abundance
SF088	clean	clean	0.2364	65	A_species_abundance
SF089	unclean	unclean	0.8222	65	A_species_abundance
SF090	unclean	clean	0.3908	65	A_species_abundance
SF091	unclean	unclean	0.654	65	A_species_abundance
SF092	unclean	unclean	0.611	65	A_species_abundance
SF093	unclean	clean	0.4728	65	A_species_abundance
SF094	clean	clean	0.311	65	A_species_abundance
SF095	unclean	clean	0.2606	65	A_species_abundance
SF096	clean	clean	0.2718	65	A_species_abundance
SF097	unclean	clean	0.4558	65	A_species_abundance
SF001	unclean	unclean	0.7774	66	A_species_abundance
SF002	clean	clean	0.1944	66	A_species_abundance
SF003	unclean	unclean	0.6508	66	A_species_abundance
SF004	clean	clean	0.3018	66	A_species_abundance
SF005	clean	clean	0.3282	66	A_species_abundance
SF006	unclean	unclean	0.7652	66	A_species_abundance
SF007	unclean	unclean	0.7386	66	A_species_abundance
SF008	clean	clean	0.3648	66	A_species_abundance
SF009	unclean	clean	0.4142	66	A_species_abundance
SF010	unclean	unclean	0.7858	66	A_species_abundance
SF011	clean	clean	0.364	66	A_species_abundance
SF012	clean	unclean	0.6416	66	A_species_abundance
SF013	unclean	clean	0.226	66	A_species_abundance
SF014	clean	clean	0.4824	66	A_species_abundance
SF015	clean	clean	0.32	66	A_species_abundance
SF016	unclean	unclean	0.5112	66	A_species_abundance
SF017	unclean	clean	0.3326	66	A_species_abundance
SF018	unclean	unclean	0.846	66	A_species_abundance
SF019	clean	clean	0.313	66	A_species_abundance
SF020	clean	clean	0.3104	66	A_species_abundance
SF021	unclean	clean	0.2532	66	A_species_abundance
SF022	unclean	clean	0.3608	66	A_species_abundance
SF023	clean	clean	0.2028	66	A_species_abundance
SF024	unclean	clean	0.3126	66	A_species_abundance
SF025	clean	clean	0.2414	66	A_species_abundance
SF026	clean	clean	0.2294	66	A_species_abundance
SF027	clean	unclean	0.6292	66	A_species_abundance
SF028	unclean	unclean	0.6	66	A_species_abundance
SF029	clean	clean	0.2342	66	A_species_abundance
SF030	clean	unclean	0.6444	66	A_species_abundance
SF031	clean	unclean	0.5098	66	A_species_abundance
SF032	clean	clean	0.3502	66	A_species_abundance
SF033	clean	clean	0.4604	66	A_species_abundance
SF034	clean	clean	0.2524	66	A_species_abundance
SF035	clean	clean	0.2758	66	A_species_abundance
SF036	unclean	unclean	0.5454	66	A_species_abundance
SF037	clean	clean	0.387	66	A_species_abundance
SF038	clean	clean	0.373	66	A_species_abundance
SF039	unclean	unclean	0.7166	66	A_species_abundance
SF040	clean	clean	0.3682	66	A_species_abundance
SF041	unclean	clean	0.2736	66	A_species_abundance
SF042	clean	clean	0.2818	66	A_species_abundance
SF043	clean	clean	0.3122	66	A_species_abundance
SF044	clean	clean	0.2536	66	A_species_abundance
SF045	unclean	clean	0.27	66	A_species_abundance
SF046	clean	unclean	0.5134	66	A_species_abundance
SF047	clean	unclean	0.6398	66	A_species_abundance
SF048	unclean	clean	0.2858	66	A_species_abundance
SF049	clean	clean	0.3272	66	A_species_abundance
SF050	clean	clean	0.3244	66	A_species_abundance
SF051	clean	clean	0.3126	66	A_species_abundance
SF052	clean	clean	0.2906	66	A_species_abundance
SF053	clean	clean	0.403	66	A_species_abundance
SF054	unclean	unclean	0.615	66	A_species_abundance
SF055	unclean	clean	0.2488	66	A_species_abundance
SF056	clean	unclean	0.5638	66	A_species_abundance
SF057	unclean	clean	0.2786	66	A_species_abundance
SF058	clean	clean	0.4048	66	A_species_abundance
SF059	unclean	clean	0.4948	66	A_species_abundance
SF060	unclean	clean	0.3898	66	A_species_abundance
SF061	clean	clean	0.3538	66	A_species_abundance
SF062	unclean	clean	0.1924	66	A_species_abundance
SF063	clean	clean	0.428	66	A_species_abundance
SF064	clean	clean	0.175	66	A_species_abundance
SF065	clean	clean	0.3742	66	A_species_abundance
SF066	clean	clean	0.3582	66	A_species_abundance
SF067	clean	unclean	0.5006	66	A_species_abundance
SF068	unclean	clean	0.2786	66	A_species_abundance
SF069	clean	clean	0.3902	66	A_species_abundance
SF070	unclean	unclean	0.7848	66	A_species_abundance
SF071	clean	clean	0.4104	66	A_species_abundance
SF072	unclean	clean	0.22	66	A_species_abundance
SF073	clean	clean	0.2814	66	A_species_abundance
SF074	clean	clean	0.173	66	A_species_abundance
SF075	clean	clean	0.3526	66	A_species_abundance
SF076	clean	clean	0.3806	66	A_species_abundance
SF077	clean	clean	0.3474	66	A_species_abundance
SF078	unclean	clean	0.4194	66	A_species_abundance
SF079	unclean	unclean	0.5044	66	A_species_abundance
SF080	unclean	unclean	0.5202	66	A_species_abundance
SF081	unclean	clean	0.3498	66	A_species_abundance
SF082	unclean	clean	0.485	66	A_species_abundance
SF083	unclean	unclean	0.537	66	A_species_abundance
SF084	clean	clean	0.4566	66	A_species_abundance
SF085	clean	clean	0.3216	66	A_species_abundance
SF086	clean	unclean	0.5058	66	A_species_abundance
SF087	unclean	unclean	0.81	66	A_species_abundance
SF088	clean	clean	0.2778	66	A_species_abundance
SF089	unclean	unclean	0.7722	66	A_species_abundance
SF090	unclean	clean	0.383	66	A_species_abundance
SF091	unclean	unclean	0.5776	66	A_species_abundance
SF092	unclean	unclean	0.669	66	A_species_abundance
SF093	unclean	clean	0.4308	66	A_species_abundance
SF094	clean	clean	0.348	66	A_species_abundance
SF095	unclean	clean	0.2704	66	A_species_abundance
SF096	clean	clean	0.2318	66	A_species_abundance
SF097	unclean	clean	0.4478	66	A_species_abundance
SF001	unclean	unclean	0.7704	67	A_species_abundance
SF002	clean	clean	0.2446	67	A_species_abundance
SF003	unclean	clean	0.4958	67	A_species_abundance
SF004	clean	clean	0.27	67	A_species_abundance
SF005	clean	clean	0.3536	67	A_species_abundance
SF006	unclean	unclean	0.7446	67	A_species_abundance
SF007	unclean	unclean	0.6868	67	A_species_abundance
SF008	clean	clean	0.3634	67	A_species_abundance
SF009	unclean	clean	0.423	67	A_species_abundance
SF010	unclean	unclean	0.7638	67	A_species_abundance
SF011	clean	clean	0.3628	67	A_species_abundance
SF012	clean	unclean	0.6672	67	A_species_abundance
SF013	unclean	clean	0.1976	67	A_species_abundance
SF014	clean	clean	0.4432	67	A_species_abundance
SF015	clean	clean	0.307	67	A_species_abundance
SF016	unclean	unclean	0.521	67	A_species_abundance
SF017	unclean	clean	0.4078	67	A_species_abundance
SF018	unclean	unclean	0.8624	67	A_species_abundance
SF019	clean	clean	0.2706	67	A_species_abundance
SF020	clean	clean	0.3122	67	A_species_abundance
SF021	unclean	clean	0.2528	67	A_species_abundance
SF022	unclean	clean	0.3374	67	A_species_abundance
SF023	clean	clean	0.3008	67	A_species_abundance
SF024	unclean	clean	0.2326	67	A_species_abundance
SF025	clean	clean	0.2362	67	A_species_abundance
SF026	clean	clean	0.2928	67	A_species_abundance
SF027	clean	unclean	0.6372	67	A_species_abundance
SF028	unclean	unclean	0.6264	67	A_species_abundance
SF029	clean	clean	0.2276	67	A_species_abundance
SF030	clean	unclean	0.7484	67	A_species_abundance
SF031	clean	clean	0.4952	67	A_species_abundance
SF032	clean	clean	0.4016	67	A_species_abundance
SF033	clean	clean	0.46	67	A_species_abundance
SF034	clean	clean	0.2924	67	A_species_abundance
SF035	clean	clean	0.2684	67	A_species_abundance
SF036	unclean	unclean	0.5806	67	A_species_abundance
SF037	clean	clean	0.4792	67	A_species_abundance
SF038	clean	clean	0.3952	67	A_species_abundance
SF039	unclean	unclean	0.7056	67	A_species_abundance
SF040	clean	clean	0.409	67	A_species_abundance
SF041	unclean	clean	0.2864	67	A_species_abundance
SF042	clean	clean	0.2548	67	A_species_abundance
SF043	clean	clean	0.3142	67	A_species_abundance
SF044	clean	clean	0.2354	67	A_species_abundance
SF045	unclean	clean	0.2368	67	A_species_abundance
SF046	clean	unclean	0.521	67	A_species_abundance
SF047	clean	unclean	0.6194	67	A_species_abundance
SF048	unclean	clean	0.2894	67	A_species_abundance
SF049	clean	clean	0.3024	67	A_species_abundance
SF050	clean	clean	0.2886	67	A_species_abundance
SF051	clean	clean	0.2516	67	A_species_abundance
SF052	clean	clean	0.242	67	A_species_abundance
SF053	clean	clean	0.4206	67	A_species_abundance
SF054	unclean	unclean	0.5806	67	A_species_abundance
SF055	unclean	clean	0.249	67	A_species_abundance
SF056	clean	clean	0.4492	67	A_species_abundance
SF057	unclean	clean	0.3236	67	A_species_abundance
SF058	clean	clean	0.4018	67	A_species_abundance
SF059	unclean	clean	0.4172	67	A_species_abundance
SF060	unclean	clean	0.3876	67	A_species_abundance
SF061	clean	clean	0.3332	67	A_species_abundance
SF062	unclean	clean	0.1942	67	A_species_abundance
SF063	clean	clean	0.429	67	A_species_abundance
SF064	clean	clean	0.2196	67	A_species_abundance
SF065	clean	clean	0.3834	67	A_species_abundance
SF066	clean	clean	0.3462	67	A_species_abundance
SF067	clean	unclean	0.521	67	A_species_abundance
SF068	unclean	clean	0.2788	67	A_species_abundance
SF069	clean	clean	0.3996	67	A_species_abundance
SF070	unclean	unclean	0.766	67	A_species_abundance
SF071	clean	clean	0.4	67	A_species_abundance
SF072	unclean	clean	0.2552	67	A_species_abundance
SF073	clean	clean	0.2228	67	A_species_abundance
SF074	clean	clean	0.198	67	A_species_abundance
SF075	clean	clean	0.3466	67	A_species_abundance
SF076	clean	clean	0.4108	67	A_species_abundance
SF077	clean	clean	0.3714	67	A_species_abundance
SF078	unclean	clean	0.4142	67	A_species_abundance
SF079	unclean	clean	0.4962	67	A_species_abundance
SF080	unclean	unclean	0.5016	67	A_species_abundance
SF081	unclean	clean	0.358	67	A_species_abundance
SF082	unclean	clean	0.424	67	A_species_abundance
SF083	unclean	clean	0.4934	67	A_species_abundance
SF084	clean	clean	0.4606	67	A_species_abundance
SF085	clean	clean	0.3318	67	A_species_abundance
SF086	clean	unclean	0.5616	67	A_species_abundance
SF087	unclean	unclean	0.7838	67	A_species_abundance
SF088	clean	clean	0.2392	67	A_species_abundance
SF089	unclean	unclean	0.8336	67	A_species_abundance
SF090	unclean	clean	0.3348	67	A_species_abundance
SF091	unclean	unclean	0.6302	67	A_species_abundance
SF092	unclean	unclean	0.5926	67	A_species_abundance
SF093	unclean	clean	0.3886	67	A_species_abundance
SF094	clean	clean	0.4232	67	A_species_abundance
SF095	unclean	clean	0.2608	67	A_species_abundance
SF096	clean	clean	0.2212	67	A_species_abundance
SF097	unclean	clean	0.478	67	A_species_abundance
SF001	unclean	unclean	0.7964	68	A_species_abundance
SF002	clean	clean	0.2582	68	A_species_abundance
SF003	unclean	unclean	0.6082	68	A_species_abundance
SF004	clean	clean	0.2448	68	A_species_abundance
SF005	clean	clean	0.3092	68	A_species_abundance
SF006	unclean	unclean	0.7674	68	A_species_abundance
SF007	unclean	unclean	0.7102	68	A_species_abundance
SF008	clean	clean	0.3602	68	A_species_abundance
SF009	unclean	clean	0.439	68	A_species_abundance
SF010	unclean	unclean	0.7386	68	A_species_abundance
SF011	clean	clean	0.3628	68	A_species_abundance
SF012	clean	unclean	0.663	68	A_species_abundance
SF013	unclean	clean	0.224	68	A_species_abundance
SF014	clean	clean	0.4718	68	A_species_abundance
SF015	clean	clean	0.3362	68	A_species_abundance
SF016	unclean	unclean	0.5452	68	A_species_abundance
SF017	unclean	clean	0.4244	68	A_species_abundance
SF018	unclean	unclean	0.8364	68	A_species_abundance
SF019	clean	clean	0.3368	68	A_species_abundance
SF020	clean	clean	0.2198	68	A_species_abundance
SF021	unclean	clean	0.2688	68	A_species_abundance
SF022	unclean	clean	0.4018	68	A_species_abundance
SF023	clean	clean	0.269	68	A_species_abundance
SF024	unclean	clean	0.297	68	A_species_abundance
SF025	clean	clean	0.1814	68	A_species_abundance
SF026	clean	clean	0.258	68	A_species_abundance
SF027	clean	unclean	0.5756	68	A_species_abundance
SF028	unclean	unclean	0.6768	68	A_species_abundance
SF029	clean	clean	0.208	68	A_species_abundance
SF030	clean	unclean	0.6414	68	A_species_abundance
SF031	clean	unclean	0.5412	68	A_species_abundance
SF032	clean	clean	0.3694	68	A_species_abundance
SF033	clean	clean	0.478	68	A_species_abundance
SF034	clean	clean	0.3258	68	A_species_abundance
SF035	clean	clean	0.3026	68	A_species_abundance
SF036	unclean	unclean	0.5704	68	A_species_abundance
SF037	clean	clean	0.4504	68	A_species_abundance
SF038	clean	clean	0.3542	68	A_species_abundance
SF039	unclean	unclean	0.7218	68	A_species_abundance
SF040	clean	clean	0.2882	68	A_species_abundance
SF041	unclean	clean	0.284	68	A_species_abundance
SF042	clean	clean	0.2006	68	A_species_abundance
SF043	clean	clean	0.3152	68	A_species_abundance
SF044	clean	clean	0.3134	68	A_species_abundance
SF045	unclean	clean	0.2326	68	A_species_abundance
SF046	clean	clean	0.459	68	A_species_abundance
SF047	clean	unclean	0.6174	68	A_species_abundance
SF048	unclean	clean	0.2652	68	A_species_abundance
SF049	clean	clean	0.2874	68	A_species_abundance
SF050	clean	clean	0.3102	68	A_species_abundance
SF051	clean	clean	0.2994	68	A_species_abundance
SF052	clean	clean	0.3146	68	A_species_abundance
SF053	clean	clean	0.3566	68	A_species_abundance
SF054	unclean	unclean	0.5754	68	A_species_abundance
SF055	unclean	clean	0.244	68	A_species_abundance
SF056	clean	unclean	0.5094	68	A_species_abundance
SF057	unclean	clean	0.2958	68	A_species_abundance
SF058	clean	clean	0.378	68	A_species_abundance
SF059	unclean	clean	0.4834	68	A_species_abundance
SF060	unclean	clean	0.3868	68	A_species_abundance
SF061	clean	clean	0.3834	68	A_species_abundance
SF062	unclean	clean	0.1908	68	A_species_abundance
SF063	clean	clean	0.4174	68	A_species_abundance
SF064	clean	clean	0.2148	68	A_species_abundance
SF065	clean	clean	0.4018	68	A_species_abundance
SF066	clean	clean	0.3208	68	A_species_abundance
SF067	clean	clean	0.468	68	A_species_abundance
SF068	unclean	clean	0.2858	68	A_species_abundance
SF069	clean	clean	0.3272	68	A_species_abundance
SF070	unclean	unclean	0.7396	68	A_species_abundance
SF071	clean	clean	0.4214	68	A_species_abundance
SF072	unclean	clean	0.241	68	A_species_abundance
SF073	clean	clean	0.2934	68	A_species_abundance
SF074	clean	clean	0.1834	68	A_species_abundance
SF075	clean	clean	0.32	68	A_species_abundance
SF076	clean	clean	0.4128	68	A_species_abundance
SF077	clean	clean	0.3288	68	A_species_abundance
SF078	unclean	clean	0.4264	68	A_species_abundance
SF079	unclean	unclean	0.5498	68	A_species_abundance
SF080	unclean	clean	0.485	68	A_species_abundance
SF081	unclean	clean	0.3592	68	A_species_abundance
SF082	unclean	clean	0.4456	68	A_species_abundance
SF083	unclean	clean	0.469	68	A_species_abundance
SF084	clean	clean	0.441	68	A_species_abundance
SF085	clean	clean	0.3212	68	A_species_abundance
SF086	clean	unclean	0.5354	68	A_species_abundance
SF087	unclean	unclean	0.8092	68	A_species_abundance
SF088	clean	clean	0.273	68	A_species_abundance
SF089	unclean	unclean	0.7812	68	A_species_abundance
SF090	unclean	clean	0.4318	68	A_species_abundance
SF091	unclean	unclean	0.6	68	A_species_abundance
SF092	unclean	unclean	0.7082	68	A_species_abundance
SF093	unclean	clean	0.4742	68	A_species_abundance
SF094	clean	clean	0.3472	68	A_species_abundance
SF095	unclean	clean	0.261	68	A_species_abundance
SF096	clean	clean	0.1938	68	A_species_abundance
SF097	unclean	clean	0.4894	68	A_species_abundance
SF001	unclean	unclean	0.7378	69	A_species_abundance
SF002	clean	clean	0.3188	69	A_species_abundance
SF003	unclean	unclean	0.618	69	A_species_abundance
SF004	clean	clean	0.2952	69	A_species_abundance
SF005	clean	clean	0.3826	69	A_species_abundance
SF006	unclean	unclean	0.767	69	A_species_abundance
SF007	unclean	unclean	0.6826	69	A_species_abundance
SF008	clean	clean	0.3204	69	A_species_abundance
SF009	unclean	clean	0.4018	69	A_species_abundance
SF010	unclean	unclean	0.8214	69	A_species_abundance
SF011	clean	clean	0.3874	69	A_species_abundance
SF012	clean	unclean	0.7122	69	A_species_abundance
SF013	unclean	clean	0.2448	69	A_species_abundance
SF014	clean	clean	0.4704	69	A_species_abundance
SF015	clean	clean	0.308	69	A_species_abundance
SF016	unclean	clean	0.4782	69	A_species_abundance
SF017	unclean	clean	0.4218	69	A_species_abundance
SF018	unclean	unclean	0.8338	69	A_species_abundance
SF019	clean	clean	0.366	69	A_species_abundance
SF020	clean	clean	0.236	69	A_species_abundance
SF021	unclean	clean	0.3192	69	A_species_abundance
SF022	unclean	clean	0.3706	69	A_species_abundance
SF023	clean	clean	0.236	69	A_species_abundance
SF024	unclean	clean	0.293	69	A_species_abundance
SF025	clean	clean	0.2826	69	A_species_abundance
SF026	clean	clean	0.262	69	A_species_abundance
SF027	clean	unclean	0.591	69	A_species_abundance
SF028	unclean	unclean	0.6162	69	A_species_abundance
SF029	clean	clean	0.2114	69	A_species_abundance
SF030	clean	unclean	0.632	69	A_species_abundance
SF031	clean	unclean	0.554	69	A_species_abundance
SF032	clean	clean	0.3834	69	A_species_abundance
SF033	clean	clean	0.4954	69	A_species_abundance
SF034	clean	clean	0.2858	69	A_species_abundance
SF035	clean	clean	0.3062	69	A_species_abundance
SF036	unclean	unclean	0.585	69	A_species_abundance
SF037	clean	clean	0.3418	69	A_species_abundance
SF038	clean	clean	0.3092	69	A_species_abundance
SF039	unclean	unclean	0.7522	69	A_species_abundance
SF040	clean	clean	0.2702	69	A_species_abundance
SF041	unclean	clean	0.2708	69	A_species_abundance
SF042	clean	clean	0.2212	69	A_species_abundance
SF043	clean	clean	0.318	69	A_species_abundance
SF044	clean	clean	0.299	69	A_species_abundance
SF045	unclean	clean	0.276	69	A_species_abundance
SF046	clean	clean	0.4484	69	A_species_abundance
SF047	clean	unclean	0.597	69	A_species_abundance
SF048	unclean	clean	0.2406	69	A_species_abundance
SF049	clean	clean	0.3478	69	A_species_abundance
SF050	clean	clean	0.2854	69	A_species_abundance
SF051	clean	clean	0.3106	69	A_species_abundance
SF052	clean	clean	0.292	69	A_species_abundance
SF053	clean	clean	0.4108	69	A_species_abundance
SF054	unclean	unclean	0.562	69	A_species_abundance
SF055	unclean	clean	0.2028	69	A_species_abundance
SF056	clean	clean	0.499	69	A_species_abundance
SF057	unclean	clean	0.3152	69	A_species_abundance
SF058	clean	clean	0.4274	69	A_species_abundance
SF059	unclean	clean	0.4468	69	A_species_abundance
SF060	unclean	clean	0.3954	69	A_species_abundance
SF061	clean	clean	0.3244	69	A_species_abundance
SF062	unclean	clean	0.196	69	A_species_abundance
SF063	clean	clean	0.4518	69	A_species_abundance
SF064	clean	clean	0.219	69	A_species_abundance
SF065	clean	clean	0.3842	69	A_species_abundance
SF066	clean	clean	0.395	69	A_species_abundance
SF067	clean	clean	0.484	69	A_species_abundance
SF068	unclean	clean	0.2732	69	A_species_abundance
SF069	clean	clean	0.366	69	A_species_abundance
SF070	unclean	unclean	0.7958	69	A_species_abundance
SF071	clean	clean	0.4494	69	A_species_abundance
SF072	unclean	clean	0.2314	69	A_species_abundance
SF073	clean	clean	0.2524	69	A_species_abundance
SF074	clean	clean	0.175	69	A_species_abundance
SF075	clean	clean	0.401	69	A_species_abundance
SF076	clean	clean	0.4128	69	A_species_abundance
SF077	clean	clean	0.2792	69	A_species_abundance
SF078	unclean	clean	0.3636	69	A_species_abundance
SF079	unclean	unclean	0.525	69	A_species_abundance
SF080	unclean	unclean	0.5222	69	A_species_abundance
SF081	unclean	clean	0.38	69	A_species_abundance
SF082	unclean	clean	0.404	69	A_species_abundance
SF083	unclean	clean	0.4472	69	A_species_abundance
SF084	clean	clean	0.4828	69	A_species_abundance
SF085	clean	clean	0.2888	69	A_species_abundance
SF086	clean	unclean	0.5248	69	A_species_abundance
SF087	unclean	unclean	0.7344	69	A_species_abundance
SF088	clean	clean	0.2766	69	A_species_abundance
SF089	unclean	unclean	0.762	69	A_species_abundance
SF090	unclean	clean	0.363	69	A_species_abundance
SF091	unclean	unclean	0.5758	69	A_species_abundance
SF092	unclean	unclean	0.658	69	A_species_abundance
SF093	unclean	clean	0.4902	69	A_species_abundance
SF094	clean	clean	0.4116	69	A_species_abundance
SF095	unclean	clean	0.284	69	A_species_abundance
SF096	clean	clean	0.2076	69	A_species_abundance
SF097	unclean	clean	0.4532	69	A_species_abundance
SF001	unclean	unclean	0.7332	70	A_species_abundance
SF002	clean	clean	0.243	70	A_species_abundance
SF003	unclean	unclean	0.5578	70	A_species_abundance
SF004	clean	clean	0.2854	70	A_species_abundance
SF005	clean	clean	0.3378	70	A_species_abundance
SF006	unclean	unclean	0.7354	70	A_species_abundance
SF007	unclean	unclean	0.7052	70	A_species_abundance
SF008	clean	clean	0.4032	70	A_species_abundance
SF009	unclean	clean	0.413	70	A_species_abundance
SF010	unclean	unclean	0.7564	70	A_species_abundance
SF011	clean	clean	0.331	70	A_species_abundance
SF012	clean	unclean	0.6606	70	A_species_abundance
SF013	unclean	clean	0.2476	70	A_species_abundance
SF014	clean	clean	0.4596	70	A_species_abundance
SF015	clean	clean	0.3188	70	A_species_abundance
SF016	unclean	clean	0.4886	70	A_species_abundance
SF017	unclean	clean	0.4374	70	A_species_abundance
SF018	unclean	unclean	0.7818	70	A_species_abundance
SF019	clean	clean	0.3162	70	A_species_abundance
SF020	clean	clean	0.2918	70	A_species_abundance
SF021	unclean	clean	0.2632	70	A_species_abundance
SF022	unclean	clean	0.336	70	A_species_abundance
SF023	clean	clean	0.2952	70	A_species_abundance
SF024	unclean	clean	0.3248	70	A_species_abundance
SF025	clean	clean	0.2742	70	A_species_abundance
SF026	clean	clean	0.2624	70	A_species_abundance
SF027	clean	unclean	0.6384	70	A_species_abundance
SF028	unclean	unclean	0.622	70	A_species_abundance
SF029	clean	clean	0.2188	70	A_species_abundance
SF030	clean	unclean	0.758	70	A_species_abundance
SF031	clean	unclean	0.5292	70	A_species_abundance
SF032	clean	clean	0.3404	70	A_species_abundance
SF033	clean	clean	0.4984	70	A_species_abundance
SF034	clean	clean	0.2922	70	A_species_abundance
SF035	clean	clean	0.2614	70	A_species_abundance
SF036	unclean	unclean	0.5262	70	A_species_abundance
SF037	clean	clean	0.3838	70	A_species_abundance
SF038	clean	clean	0.3328	70	A_species_abundance
SF039	unclean	unclean	0.7362	70	A_species_abundance
SF040	clean	clean	0.4046	70	A_species_abundance
SF041	unclean	clean	0.2736	70	A_species_abundance
SF042	clean	clean	0.1836	70	A_species_abundance
SF043	clean	clean	0.26	70	A_species_abundance
SF044	clean	clean	0.3198	70	A_species_abundance
SF045	unclean	clean	0.2368	70	A_species_abundance
SF046	clean	clean	0.4588	70	A_species_abundance
SF047	clean	unclean	0.6578	70	A_species_abundance
SF048	unclean	clean	0.258	70	A_species_abundance
SF049	clean	clean	0.2916	70	A_species_abundance
SF050	clean	clean	0.3046	70	A_species_abundance
SF051	clean	clean	0.2946	70	A_species_abundance
SF052	clean	clean	0.3612	70	A_species_abundance
SF053	clean	clean	0.3742	70	A_species_abundance
SF054	unclean	unclean	0.608	70	A_species_abundance
SF055	unclean	clean	0.2372	70	A_species_abundance
SF056	clean	unclean	0.5434	70	A_species_abundance
SF057	unclean	clean	0.3056	70	A_species_abundance
SF058	clean	clean	0.425	70	A_species_abundance
SF059	unclean	clean	0.4488	70	A_species_abundance
SF060	unclean	clean	0.3992	70	A_species_abundance
SF061	clean	clean	0.3428	70	A_species_abundance
SF062	unclean	clean	0.2008	70	A_species_abundance
SF063	clean	clean	0.4292	70	A_species_abundance
SF064	clean	clean	0.187	70	A_species_abundance
SF065	clean	clean	0.383	70	A_species_abundance
SF066	clean	clean	0.3556	70	A_species_abundance
SF067	clean	unclean	0.5378	70	A_species_abundance
SF068	unclean	clean	0.2782	70	A_species_abundance
SF069	clean	clean	0.3652	70	A_species_abundance
SF070	unclean	unclean	0.7292	70	A_species_abundance
SF071	clean	clean	0.436	70	A_species_abundance
SF072	unclean	clean	0.2308	70	A_species_abundance
SF073	clean	clean	0.2488	70	A_species_abundance
SF074	clean	clean	0.1454	70	A_species_abundance
SF075	clean	clean	0.383	70	A_species_abundance
SF076	clean	clean	0.3992	70	A_species_abundance
SF077	clean	clean	0.3432	70	A_species_abundance
SF078	unclean	clean	0.4618	70	A_species_abundance
SF079	unclean	unclean	0.5832	70	A_species_abundance
SF080	unclean	unclean	0.5324	70	A_species_abundance
SF081	unclean	clean	0.3756	70	A_species_abundance
SF082	unclean	clean	0.392	70	A_species_abundance
SF083	unclean	clean	0.4846	70	A_species_abundance
SF084	clean	clean	0.4596	70	A_species_abundance
SF085	clean	clean	0.2538	70	A_species_abundance
SF086	clean	unclean	0.5518	70	A_species_abundance
SF087	unclean	unclean	0.8114	70	A_species_abundance
SF088	clean	clean	0.268	70	A_species_abundance
SF089	unclean	unclean	0.8462	70	A_species_abundance
SF090	unclean	clean	0.4124	70	A_species_abundance
SF091	unclean	unclean	0.5766	70	A_species_abundance
SF092	unclean	unclean	0.6164	70	A_species_abundance
SF093	unclean	clean	0.4052	70	A_species_abundance
SF094	clean	clean	0.3834	70	A_species_abundance
SF095	unclean	clean	0.2776	70	A_species_abundance
SF096	clean	clean	0.2402	70	A_species_abundance
SF097	unclean	clean	0.4606	70	A_species_abundance
SF001	unclean	unclean	0.7466	71	A_species_abundance
SF002	clean	clean	0.2772	71	A_species_abundance
SF003	unclean	unclean	0.6264	71	A_species_abundance
SF004	clean	clean	0.2772	71	A_species_abundance
SF005	clean	clean	0.3148	71	A_species_abundance
SF006	unclean	unclean	0.747	71	A_species_abundance
SF007	unclean	unclean	0.7288	71	A_species_abundance
SF008	clean	clean	0.3536	71	A_species_abundance
SF009	unclean	clean	0.424	71	A_species_abundance
SF010	unclean	unclean	0.7824	71	A_species_abundance
SF011	clean	clean	0.382	71	A_species_abundance
SF012	clean	unclean	0.6922	71	A_species_abundance
SF013	unclean	clean	0.2198	71	A_species_abundance
SF014	clean	clean	0.4252	71	A_species_abundance
SF015	clean	clean	0.3212	71	A_species_abundance
SF016	unclean	unclean	0.5214	71	A_species_abundance
SF017	unclean	clean	0.4396	71	A_species_abundance
SF018	unclean	unclean	0.8184	71	A_species_abundance
SF019	clean	clean	0.3124	71	A_species_abundance
SF020	clean	clean	0.2956	71	A_species_abundance
SF021	unclean	clean	0.2814	71	A_species_abundance
SF022	unclean	clean	0.3406	71	A_species_abundance
SF023	clean	clean	0.2856	71	A_species_abundance
SF024	unclean	clean	0.2996	71	A_species_abundance
SF025	clean	clean	0.2648	71	A_species_abundance
SF026	clean	clean	0.2494	71	A_species_abundance
SF027	clean	unclean	0.6422	71	A_species_abundance
SF028	unclean	unclean	0.63	71	A_species_abundance
SF029	clean	clean	0.2326	71	A_species_abundance
SF030	clean	unclean	0.6264	71	A_species_abundance
SF031	clean	clean	0.492	71	A_species_abundance
SF032	clean	clean	0.3612	71	A_species_abundance
SF033	clean	clean	0.4706	71	A_species_abundance
SF034	clean	clean	0.2778	71	A_species_abundance
SF035	clean	clean	0.2474	71	A_species_abundance
SF036	unclean	unclean	0.6202	71	A_species_abundance
SF037	clean	clean	0.368	71	A_species_abundance
SF038	clean	clean	0.2866	71	A_species_abundance
SF039	unclean	unclean	0.7298	71	A_species_abundance
SF040	clean	clean	0.3196	71	A_species_abundance
SF041	unclean	clean	0.2466	71	A_species_abundance
SF042	clean	clean	0.2504	71	A_species_abundance
SF043	clean	clean	0.266	71	A_species_abundance
SF044	clean	clean	0.302	71	A_species_abundance
SF045	unclean	clean	0.2522	71	A_species_abundance
SF046	clean	clean	0.4946	71	A_species_abundance
SF047	clean	unclean	0.652	71	A_species_abundance
SF048	unclean	clean	0.2792	71	A_species_abundance
SF049	clean	clean	0.3574	71	A_species_abundance
SF050	clean	clean	0.309	71	A_species_abundance
SF051	clean	clean	0.2656	71	A_species_abundance
SF052	clean	clean	0.2988	71	A_species_abundance
SF053	clean	clean	0.3772	71	A_species_abundance
SF054	unclean	unclean	0.5408	71	A_species_abundance
SF055	unclean	clean	0.2268	71	A_species_abundance
SF056	clean	unclean	0.5484	71	A_species_abundance
SF057	unclean	clean	0.3214	71	A_species_abundance
SF058	clean	clean	0.4212	71	A_species_abundance
SF059	unclean	clean	0.4298	71	A_species_abundance
SF060	unclean	clean	0.4004	71	A_species_abundance
SF061	clean	clean	0.3648	71	A_species_abundance
SF062	unclean	clean	0.1426	71	A_species_abundance
SF063	clean	clean	0.4314	71	A_species_abundance
SF064	clean	clean	0.2266	71	A_species_abundance
SF065	clean	clean	0.4118	71	A_species_abundance
SF066	clean	clean	0.3698	71	A_species_abundance
SF067	clean	unclean	0.5116	71	A_species_abundance
SF068	unclean	clean	0.2778	71	A_species_abundance
SF069	clean	clean	0.394	71	A_species_abundance
SF070	unclean	unclean	0.7652	71	A_species_abundance
SF071	clean	clean	0.476	71	A_species_abundance
SF072	unclean	clean	0.2704	71	A_species_abundance
SF073	clean	clean	0.2544	71	A_species_abundance
SF074	clean	clean	0.154	71	A_species_abundance
SF075	clean	clean	0.414	71	A_species_abundance
SF076	clean	clean	0.4002	71	A_species_abundance
SF077	clean	clean	0.3798	71	A_species_abundance
SF078	unclean	clean	0.4118	71	A_species_abundance
SF079	unclean	unclean	0.5112	71	A_species_abundance
SF080	unclean	unclean	0.5078	71	A_species_abundance
SF081	unclean	clean	0.383	71	A_species_abundance
SF082	unclean	clean	0.4624	71	A_species_abundance
SF083	unclean	clean	0.4696	71	A_species_abundance
SF084	clean	clean	0.4494	71	A_species_abundance
SF085	clean	clean	0.2696	71	A_species_abundance
SF086	clean	unclean	0.5474	71	A_species_abundance
SF087	unclean	unclean	0.794	71	A_species_abundance
SF088	clean	clean	0.2612	71	A_species_abundance
SF089	unclean	unclean	0.8212	71	A_species_abundance
SF090	unclean	clean	0.4062	71	A_species_abundance
SF091	unclean	unclean	0.5772	71	A_species_abundance
SF092	unclean	unclean	0.635	71	A_species_abundance
SF093	unclean	clean	0.444	71	A_species_abundance
SF094	clean	clean	0.423	71	A_species_abundance
SF095	unclean	clean	0.2738	71	A_species_abundance
SF096	clean	clean	0.244	71	A_species_abundance
SF097	unclean	clean	0.497	71	A_species_abundance
SF001	unclean	unclean	0.7904	72	A_species_abundance
SF002	clean	clean	0.2496	72	A_species_abundance
SF003	unclean	unclean	0.5326	72	A_species_abundance
SF004	clean	clean	0.2882	72	A_species_abundance
SF005	clean	clean	0.3582	72	A_species_abundance
SF006	unclean	unclean	0.752	72	A_species_abundance
SF007	unclean	unclean	0.737	72	A_species_abundance
SF008	clean	clean	0.3488	72	A_species_abundance
SF009	unclean	clean	0.4128	72	A_species_abundance
SF010	unclean	unclean	0.719	72	A_species_abundance
SF011	clean	clean	0.368	72	A_species_abundance
SF012	clean	unclean	0.603	72	A_species_abundance
SF013	unclean	clean	0.2406	72	A_species_abundance
SF014	clean	clean	0.425	72	A_species_abundance
SF015	clean	clean	0.2552	72	A_species_abundance
SF016	unclean	clean	0.4982	72	A_species_abundance
SF017	unclean	clean	0.4154	72	A_species_abundance
SF018	unclean	unclean	0.771	72	A_species_abundance
SF019	clean	clean	0.2376	72	A_species_abundance
SF020	clean	clean	0.3112	72	A_species_abundance
SF021	unclean	clean	0.2652	72	A_species_abundance
SF022	unclean	clean	0.3454	72	A_species_abundance
SF023	clean	clean	0.2232	72	A_species_abundance
SF024	unclean	clean	0.2786	72	A_species_abundance
SF025	clean	clean	0.3014	72	A_species_abundance
SF026	clean	clean	0.2824	72	A_species_abundance
SF027	clean	unclean	0.6322	72	A_species_abundance
SF028	unclean	unclean	0.6228	72	A_species_abundance
SF029	clean	clean	0.2362	72	A_species_abundance
SF030	clean	unclean	0.7076	72	A_species_abundance
SF031	clean	unclean	0.5086	72	A_species_abundance
SF032	clean	clean	0.3742	72	A_species_abundance
SF033	clean	clean	0.4372	72	A_species_abundance
SF034	clean	clean	0.273	72	A_species_abundance
SF035	clean	clean	0.299	72	A_species_abundance
SF036	unclean	unclean	0.55	72	A_species_abundance
SF037	clean	clean	0.3654	72	A_species_abundance
SF038	clean	clean	0.3154	72	A_species_abundance
SF039	unclean	unclean	0.7312	72	A_species_abundance
SF040	clean	clean	0.339	72	A_species_abundance
SF041	unclean	clean	0.2732	72	A_species_abundance
SF042	clean	clean	0.2976	72	A_species_abundance
SF043	clean	clean	0.3364	72	A_species_abundance
SF044	clean	clean	0.2588	72	A_species_abundance
SF045	unclean	clean	0.2606	72	A_species_abundance
SF046	clean	clean	0.4554	72	A_species_abundance
SF047	clean	unclean	0.6566	72	A_species_abundance
SF048	unclean	clean	0.2446	72	A_species_abundance
SF049	clean	clean	0.3448	72	A_species_abundance
SF050	clean	clean	0.3302	72	A_species_abundance
SF051	clean	clean	0.3142	72	A_species_abundance
SF052	clean	clean	0.3332	72	A_species_abundance
SF053	clean	clean	0.41	72	A_species_abundance
SF054	unclean	unclean	0.5512	72	A_species_abundance
SF055	unclean	clean	0.2796	72	A_species_abundance
SF056	clean	unclean	0.5076	72	A_species_abundance
SF057	unclean	clean	0.296	72	A_species_abundance
SF058	clean	clean	0.4078	72	A_species_abundance
SF059	unclean	clean	0.4494	72	A_species_abundance
SF060	unclean	clean	0.3906	72	A_species_abundance
SF061	clean	clean	0.375	72	A_species_abundance
SF062	unclean	clean	0.1466	72	A_species_abundance
SF063	clean	clean	0.4152	72	A_species_abundance
SF064	clean	clean	0.2334	72	A_species_abundance
SF065	clean	clean	0.4368	72	A_species_abundance
SF066	clean	clean	0.3422	72	A_species_abundance
SF067	clean	clean	0.4936	72	A_species_abundance
SF068	unclean	clean	0.255	72	A_species_abundance
SF069	clean	clean	0.3608	72	A_species_abundance
SF070	unclean	unclean	0.7434	72	A_species_abundance
SF071	clean	clean	0.4408	72	A_species_abundance
SF072	unclean	clean	0.2032	72	A_species_abundance
SF073	clean	clean	0.2904	72	A_species_abundance
SF074	clean	clean	0.1604	72	A_species_abundance
SF075	clean	clean	0.4066	72	A_species_abundance
SF076	clean	clean	0.369	72	A_species_abundance
SF077	clean	clean	0.3318	72	A_species_abundance
SF078	unclean	clean	0.4328	72	A_species_abundance
SF079	unclean	unclean	0.5786	72	A_species_abundance
SF080	unclean	unclean	0.5778	72	A_species_abundance
SF081	unclean	clean	0.3576	72	A_species_abundance
SF082	unclean	clean	0.4636	72	A_species_abundance
SF083	unclean	clean	0.4502	72	A_species_abundance
SF084	clean	clean	0.454	72	A_species_abundance
SF085	clean	clean	0.3286	72	A_species_abundance
SF086	clean	unclean	0.548	72	A_species_abundance
SF087	unclean	unclean	0.79	72	A_species_abundance
SF088	clean	clean	0.299	72	A_species_abundance
SF089	unclean	unclean	0.7714	72	A_species_abundance
SF090	unclean	clean	0.3994	72	A_species_abundance
SF091	unclean	unclean	0.5786	72	A_species_abundance
SF092	unclean	unclean	0.6708	72	A_species_abundance
SF093	unclean	clean	0.4682	72	A_species_abundance
SF094	clean	clean	0.3192	72	A_species_abundance
SF095	unclean	clean	0.2634	72	A_species_abundance
SF096	clean	clean	0.2642	72	A_species_abundance
SF097	unclean	clean	0.4434	72	A_species_abundance
SF001	unclean	unclean	0.799	73	A_species_abundance
SF002	clean	clean	0.2692	73	A_species_abundance
SF003	unclean	unclean	0.5542	73	A_species_abundance
SF004	clean	clean	0.2302	73	A_species_abundance
SF005	clean	clean	0.3566	73	A_species_abundance
SF006	unclean	unclean	0.7146	73	A_species_abundance
SF007	unclean	unclean	0.7492	73	A_species_abundance
SF008	clean	clean	0.3922	73	A_species_abundance
SF009	unclean	clean	0.4166	73	A_species_abundance
SF010	unclean	unclean	0.7814	73	A_species_abundance
SF011	clean	clean	0.3454	73	A_species_abundance
SF012	clean	unclean	0.7048	73	A_species_abundance
SF013	unclean	clean	0.213	73	A_species_abundance
SF014	clean	clean	0.4934	73	A_species_abundance
SF015	clean	clean	0.2568	73	A_species_abundance
SF016	unclean	unclean	0.5836	73	A_species_abundance
SF017	unclean	clean	0.4326	73	A_species_abundance
SF018	unclean	unclean	0.7816	73	A_species_abundance
SF019	clean	clean	0.2686	73	A_species_abundance
SF020	clean	clean	0.3032	73	A_species_abundance
SF021	unclean	clean	0.2582	73	A_species_abundance
SF022	unclean	clean	0.3122	73	A_species_abundance
SF023	clean	clean	0.223	73	A_species_abundance
SF024	unclean	clean	0.3168	73	A_species_abundance
SF025	clean	clean	0.2494	73	A_species_abundance
SF026	clean	clean	0.2704	73	A_species_abundance
SF027	clean	unclean	0.641	73	A_species_abundance
SF028	unclean	unclean	0.6464	73	A_species_abundance
SF029	clean	clean	0.2086	73	A_species_abundance
SF030	clean	unclean	0.7406	73	A_species_abundance
SF031	clean	unclean	0.517	73	A_species_abundance
SF032	clean	clean	0.3466	73	A_species_abundance
SF033	clean	clean	0.4906	73	A_species_abundance
SF034	clean	clean	0.2892	73	A_species_abundance
SF035	clean	clean	0.1942	73	A_species_abundance
SF036	unclean	unclean	0.512	73	A_species_abundance
SF037	clean	clean	0.4424	73	A_species_abundance
SF038	clean	clean	0.388	73	A_species_abundance
SF039	unclean	unclean	0.6896	73	A_species_abundance
SF040	clean	clean	0.423	73	A_species_abundance
SF041	unclean	clean	0.2514	73	A_species_abundance
SF042	clean	clean	0.2148	73	A_species_abundance
SF043	clean	clean	0.2624	73	A_species_abundance
SF044	clean	clean	0.282	73	A_species_abundance
SF045	unclean	clean	0.2704	73	A_species_abundance
SF046	clean	unclean	0.5266	73	A_species_abundance
SF047	clean	unclean	0.6428	73	A_species_abundance
SF048	unclean	clean	0.2366	73	A_species_abundance
SF049	clean	clean	0.361	73	A_species_abundance
SF050	clean	clean	0.3382	73	A_species_abundance
SF051	clean	clean	0.3304	73	A_species_abundance
SF052	clean	clean	0.2838	73	A_species_abundance
SF053	clean	clean	0.3848	73	A_species_abundance
SF054	unclean	unclean	0.5654	73	A_species_abundance
SF055	unclean	clean	0.2478	73	A_species_abundance
SF056	clean	unclean	0.5342	73	A_species_abundance
SF057	unclean	clean	0.2832	73	A_species_abundance
SF058	clean	clean	0.408	73	A_species_abundance
SF059	unclean	clean	0.461	73	A_species_abundance
SF060	unclean	clean	0.458	73	A_species_abundance
SF061	clean	clean	0.3614	73	A_species_abundance
SF062	unclean	clean	0.1976	73	A_species_abundance
SF063	clean	clean	0.4626	73	A_species_abundance
SF064	clean	clean	0.2352	73	A_species_abundance
SF065	clean	clean	0.3602	73	A_species_abundance
SF066	clean	clean	0.3536	73	A_species_abundance
SF067	clean	unclean	0.5142	73	A_species_abundance
SF068	unclean	clean	0.2612	73	A_species_abundance
SF069	clean	clean	0.3974	73	A_species_abundance
SF070	unclean	unclean	0.715	73	A_species_abundance
SF071	clean	clean	0.4588	73	A_species_abundance
SF072	unclean	clean	0.2376	73	A_species_abundance
SF073	clean	clean	0.2116	73	A_species_abundance
SF074	clean	clean	0.1958	73	A_species_abundance
SF075	clean	clean	0.3714	73	A_species_abundance
SF076	clean	clean	0.4182	73	A_species_abundance
SF077	clean	clean	0.339	73	A_species_abundance
SF078	unclean	clean	0.4118	73	A_species_abundance
SF079	unclean	unclean	0.5868	73	A_species_abundance
SF080	unclean	clean	0.4976	73	A_species_abundance
SF081	unclean	clean	0.3892	73	A_species_abundance
SF082	unclean	clean	0.4684	73	A_species_abundance
SF083	unclean	clean	0.4284	73	A_species_abundance
SF084	clean	clean	0.4184	73	A_species_abundance
SF085	clean	clean	0.3368	73	A_species_abundance
SF086	clean	unclean	0.5136	73	A_species_abundance
SF087	unclean	unclean	0.7968	73	A_species_abundance
SF088	clean	clean	0.2828	73	A_species_abundance
SF089	unclean	unclean	0.8244	73	A_species_abundance
SF090	unclean	clean	0.327	73	A_species_abundance
SF091	unclean	unclean	0.5666	73	A_species_abundance
SF092	unclean	unclean	0.6196	73	A_species_abundance
SF093	unclean	clean	0.4282	73	A_species_abundance
SF094	clean	clean	0.4032	73	A_species_abundance
SF095	unclean	clean	0.2848	73	A_species_abundance
SF096	clean	clean	0.2256	73	A_species_abundance
SF097	unclean	clean	0.4556	73	A_species_abundance
SF001	unclean	unclean	0.7618	74	A_species_abundance
SF002	clean	clean	0.2756	74	A_species_abundance
SF003	unclean	unclean	0.6254	74	A_species_abundance
SF004	clean	clean	0.2398	74	A_species_abundance
SF005	clean	clean	0.3504	74	A_species_abundance
SF006	unclean	unclean	0.7342	74	A_species_abundance
SF007	unclean	unclean	0.7908	74	A_species_abundance
SF008	clean	clean	0.384	74	A_species_abundance
SF009	unclean	clean	0.42	74	A_species_abundance
SF010	unclean	unclean	0.8114	74	A_species_abundance
SF011	clean	clean	0.3976	74	A_species_abundance
SF012	clean	unclean	0.6838	74	A_species_abundance
SF013	unclean	clean	0.196	74	A_species_abundance
SF014	clean	clean	0.4584	74	A_species_abundance
SF015	clean	clean	0.3458	74	A_species_abundance
SF016	unclean	unclean	0.511	74	A_species_abundance
SF017	unclean	clean	0.4004	74	A_species_abundance
SF018	unclean	unclean	0.8372	74	A_species_abundance
SF019	clean	clean	0.3068	74	A_species_abundance
SF020	clean	clean	0.2836	74	A_species_abundance
SF021	unclean	clean	0.2482	74	A_species_abundance
SF022	unclean	clean	0.4046	74	A_species_abundance
SF023	clean	clean	0.3108	74	A_species_abundance
SF024	unclean	clean	0.3202	74	A_species_abundance
SF025	clean	clean	0.2772	74	A_species_abundance
SF026	clean	clean	0.2334	74	A_species_abundance
SF027	clean	unclean	0.567	74	A_species_abundance
SF028	unclean	unclean	0.5932	74	A_species_abundance
SF029	clean	clean	0.1916	74	A_species_abundance
SF030	clean	unclean	0.647	74	A_species_abundance
SF031	clean	unclean	0.534	74	A_species_abundance
SF032	clean	clean	0.3452	74	A_species_abundance
SF033	clean	clean	0.3774	74	A_species_abundance
SF034	clean	clean	0.304	74	A_species_abundance
SF035	clean	clean	0.2454	74	A_species_abundance
SF036	unclean	unclean	0.5602	74	A_species_abundance
SF037	clean	clean	0.3608	74	A_species_abundance
SF038	clean	clean	0.3214	74	A_species_abundance
SF039	unclean	unclean	0.74	74	A_species_abundance
SF040	clean	clean	0.2904	74	A_species_abundance
SF041	unclean	clean	0.2426	74	A_species_abundance
SF042	clean	clean	0.2206	74	A_species_abundance
SF043	clean	clean	0.241	74	A_species_abundance
SF044	clean	clean	0.2744	74	A_species_abundance
SF045	unclean	clean	0.2404	74	A_species_abundance
SF046	clean	unclean	0.5008	74	A_species_abundance
SF047	clean	unclean	0.661	74	A_species_abundance
SF048	unclean	clean	0.2274	74	A_species_abundance
SF049	clean	clean	0.345	74	A_species_abundance
SF050	clean	clean	0.356	74	A_species_abundance
SF051	clean	clean	0.2188	74	A_species_abundance
SF052	clean	clean	0.3362	74	A_species_abundance
SF053	clean	clean	0.3702	74	A_species_abundance
SF054	unclean	unclean	0.5962	74	A_species_abundance
SF055	unclean	clean	0.2122	74	A_species_abundance
SF056	clean	clean	0.487	74	A_species_abundance
SF057	unclean	clean	0.2756	74	A_species_abundance
SF058	clean	clean	0.374	74	A_species_abundance
SF059	unclean	clean	0.463	74	A_species_abundance
SF060	unclean	clean	0.3522	74	A_species_abundance
SF061	clean	clean	0.3282	74	A_species_abundance
SF062	unclean	clean	0.162	74	A_species_abundance
SF063	clean	clean	0.4352	74	A_species_abundance
SF064	clean	clean	0.1432	74	A_species_abundance
SF065	clean	clean	0.3454	74	A_species_abundance
SF066	clean	clean	0.3344	74	A_species_abundance
SF067	clean	unclean	0.5394	74	A_species_abundance
SF068	unclean	clean	0.2428	74	A_species_abundance
SF069	clean	clean	0.3876	74	A_species_abundance
SF070	unclean	unclean	0.7804	74	A_species_abundance
SF071	clean	clean	0.4752	74	A_species_abundance
SF072	unclean	clean	0.2394	74	A_species_abundance
SF073	clean	clean	0.2762	74	A_species_abundance
SF074	clean	clean	0.1834	74	A_species_abundance
SF075	clean	clean	0.35	74	A_species_abundance
SF076	clean	clean	0.465	74	A_species_abundance
SF077	clean	clean	0.3868	74	A_species_abundance
SF078	unclean	clean	0.4404	74	A_species_abundance
SF079	unclean	unclean	0.5364	74	A_species_abundance
SF080	unclean	unclean	0.5448	74	A_species_abundance
SF081	unclean	clean	0.4144	74	A_species_abundance
SF082	unclean	clean	0.4076	74	A_species_abundance
SF083	unclean	clean	0.4584	74	A_species_abundance
SF084	clean	clean	0.4174	74	A_species_abundance
SF085	clean	clean	0.2816	74	A_species_abundance
SF086	clean	unclean	0.563	74	A_species_abundance
SF087	unclean	unclean	0.8166	74	A_species_abundance
SF088	clean	clean	0.244	74	A_species_abundance
SF089	unclean	unclean	0.8092	74	A_species_abundance
SF090	unclean	clean	0.3766	74	A_species_abundance
SF091	unclean	unclean	0.5564	74	A_species_abundance
SF092	unclean	unclean	0.688	74	A_species_abundance
SF093	unclean	clean	0.42	74	A_species_abundance
SF094	clean	clean	0.3924	74	A_species_abundance
SF095	unclean	clean	0.211	74	A_species_abundance
SF096	clean	clean	0.163	74	A_species_abundance
SF097	unclean	clean	0.3874	74	A_species_abundance
SF001	unclean	unclean	0.7838	75	A_species_abundance
SF002	clean	clean	0.267	75	A_species_abundance
SF003	unclean	unclean	0.5394	75	A_species_abundance
SF004	clean	clean	0.2672	75	A_species_abundance
SF005	clean	clean	0.3834	75	A_species_abundance
SF006	unclean	unclean	0.7522	75	A_species_abundance
SF007	unclean	unclean	0.7744	75	A_species_abundance
SF008	clean	clean	0.3892	75	A_species_abundance
SF009	unclean	clean	0.4218	75	A_species_abundance
SF010	unclean	unclean	0.7986	75	A_species_abundance
SF011	clean	clean	0.3108	75	A_species_abundance
SF012	clean	unclean	0.688	75	A_species_abundance
SF013	unclean	clean	0.2584	75	A_species_abundance
SF014	clean	clean	0.4564	75	A_species_abundance
SF015	clean	clean	0.3146	75	A_species_abundance
SF016	unclean	unclean	0.5334	75	A_species_abundance
SF017	unclean	clean	0.4256	75	A_species_abundance
SF018	unclean	unclean	0.8254	75	A_species_abundance
SF019	clean	clean	0.336	75	A_species_abundance
SF020	clean	clean	0.2298	75	A_species_abundance
SF021	unclean	clean	0.283	75	A_species_abundance
SF022	unclean	clean	0.3946	75	A_species_abundance
SF023	clean	clean	0.252	75	A_species_abundance
SF024	unclean	clean	0.252	75	A_species_abundance
SF025	clean	clean	0.2238	75	A_species_abundance
SF026	clean	clean	0.2156	75	A_species_abundance
SF027	clean	unclean	0.7388	75	A_species_abundance
SF028	unclean	unclean	0.6506	75	A_species_abundance
SF029	clean	clean	0.2102	75	A_species_abundance
SF030	clean	unclean	0.7958	75	A_species_abundance
SF031	clean	clean	0.49	75	A_species_abundance
SF032	clean	clean	0.3406	75	A_species_abundance
SF033	clean	clean	0.4036	75	A_species_abundance
SF034	clean	clean	0.2704	75	A_species_abundance
SF035	clean	clean	0.2666	75	A_species_abundance
SF036	unclean	unclean	0.6702	75	A_species_abundance
SF037	clean	clean	0.4094	75	A_species_abundance
SF038	clean	clean	0.3528	75	A_species_abundance
SF039	unclean	unclean	0.7586	75	A_species_abundance
SF040	clean	clean	0.3328	75	A_species_abundance
SF041	unclean	clean	0.271	75	A_species_abundance
SF042	clean	clean	0.2498	75	A_species_abundance
SF043	clean	clean	0.3148	75	A_species_abundance
SF044	clean	clean	0.226	75	A_species_abundance
SF045	unclean	clean	0.2884	75	A_species_abundance
SF046	clean	clean	0.4894	75	A_species_abundance
SF047	clean	unclean	0.765	75	A_species_abundance
SF048	unclean	clean	0.2556	75	A_species_abundance
SF049	clean	clean	0.3146	75	A_species_abundance
SF050	clean	clean	0.3572	75	A_species_abundance
SF051	clean	clean	0.2994	75	A_species_abundance
SF052	clean	clean	0.3402	75	A_species_abundance
SF053	clean	clean	0.3878	75	A_species_abundance
SF054	unclean	unclean	0.573	75	A_species_abundance
SF055	unclean	clean	0.2508	75	A_species_abundance
SF056	clean	unclean	0.5302	75	A_species_abundance
SF057	unclean	clean	0.3298	75	A_species_abundance
SF058	clean	clean	0.417	75	A_species_abundance
SF059	unclean	clean	0.4728	75	A_species_abundance
SF060	unclean	clean	0.457	75	A_species_abundance
SF061	clean	clean	0.376	75	A_species_abundance
SF062	unclean	clean	0.1882	75	A_species_abundance
SF063	clean	clean	0.3792	75	A_species_abundance
SF064	clean	clean	0.2166	75	A_species_abundance
SF065	clean	clean	0.3594	75	A_species_abundance
SF066	clean	clean	0.3338	75	A_species_abundance
SF067	clean	unclean	0.5006	75	A_species_abundance
SF068	unclean	clean	0.296	75	A_species_abundance
SF069	clean	clean	0.3386	75	A_species_abundance
SF070	unclean	unclean	0.7648	75	A_species_abundance
SF071	clean	clean	0.4252	75	A_species_abundance
SF072	unclean	clean	0.2364	75	A_species_abundance
SF073	clean	clean	0.232	75	A_species_abundance
SF074	clean	clean	0.1794	75	A_species_abundance
SF075	clean	clean	0.3432	75	A_species_abundance
SF076	clean	clean	0.4478	75	A_species_abundance
SF077	clean	clean	0.3256	75	A_species_abundance
SF078	unclean	clean	0.3516	75	A_species_abundance
SF079	unclean	unclean	0.5398	75	A_species_abundance
SF080	unclean	clean	0.4232	75	A_species_abundance
SF081	unclean	clean	0.377	75	A_species_abundance
SF082	unclean	clean	0.4416	75	A_species_abundance
SF083	unclean	unclean	0.5294	75	A_species_abundance
SF084	clean	clean	0.4046	75	A_species_abundance
SF085	clean	clean	0.3208	75	A_species_abundance
SF086	clean	unclean	0.5404	75	A_species_abundance
SF087	unclean	unclean	0.8098	75	A_species_abundance
SF088	clean	clean	0.3272	75	A_species_abundance
SF089	unclean	unclean	0.811	75	A_species_abundance
SF090	unclean	clean	0.3838	75	A_species_abundance
SF091	unclean	unclean	0.58	75	A_species_abundance
SF092	unclean	unclean	0.6364	75	A_species_abundance
SF093	unclean	clean	0.4454	75	A_species_abundance
SF094	clean	clean	0.4214	75	A_species_abundance
SF095	unclean	clean	0.2536	75	A_species_abundance
SF096	clean	clean	0.1986	75	A_species_abundance
SF097	unclean	clean	0.4174	75	A_species_abundance
SF001	unclean	unclean	0.7814	76	A_species_abundance
SF002	clean	clean	0.277	76	A_species_abundance
SF003	unclean	unclean	0.5592	76	A_species_abundance
SF004	clean	clean	0.2624	76	A_species_abundance
SF005	clean	clean	0.2326	76	A_species_abundance
SF006	unclean	unclean	0.705	76	A_species_abundance
SF007	unclean	unclean	0.7386	76	A_species_abundance
SF008	clean	clean	0.3272	76	A_species_abundance
SF009	unclean	clean	0.4412	76	A_species_abundance
SF010	unclean	unclean	0.816	76	A_species_abundance
SF011	clean	clean	0.3542	76	A_species_abundance
SF012	clean	unclean	0.7182	76	A_species_abundance
SF013	unclean	clean	0.2672	76	A_species_abundance
SF014	clean	clean	0.498	76	A_species_abundance
SF015	clean	clean	0.2908	76	A_species_abundance
SF016	unclean	unclean	0.5878	76	A_species_abundance
SF017	unclean	clean	0.387	76	A_species_abundance
SF018	unclean	unclean	0.8068	76	A_species_abundance
SF019	clean	clean	0.277	76	A_species_abundance
SF020	clean	clean	0.3322	76	A_species_abundance
SF021	unclean	clean	0.2694	76	A_species_abundance
SF022	unclean	clean	0.3676	76	A_species_abundance
SF023	clean	clean	0.2812	76	A_species_abundance
SF024	unclean	clean	0.2932	76	A_species_abundance
SF025	clean	clean	0.2368	76	A_species_abundance
SF026	clean	clean	0.245	76	A_species_abundance
SF027	clean	unclean	0.5962	76	A_species_abundance
SF028	unclean	unclean	0.61	76	A_species_abundance
SF029	clean	clean	0.2416	76	A_species_abundance
SF030	clean	unclean	0.7614	76	A_species_abundance
SF031	clean	unclean	0.516	76	A_species_abundance
SF032	clean	clean	0.3246	76	A_species_abundance
SF033	clean	unclean	0.5076	76	A_species_abundance
SF034	clean	clean	0.294	76	A_species_abundance
SF035	clean	clean	0.2292	76	A_species_abundance
SF036	unclean	unclean	0.555	76	A_species_abundance
SF037	clean	clean	0.3626	76	A_species_abundance
SF038	clean	clean	0.327	76	A_species_abundance
SF039	unclean	unclean	0.6878	76	A_species_abundance
SF040	clean	clean	0.2698	76	A_species_abundance
SF041	unclean	clean	0.307	76	A_species_abundance
SF042	clean	clean	0.2392	76	A_species_abundance
SF043	clean	clean	0.2734	76	A_species_abundance
SF044	clean	clean	0.286	76	A_species_abundance
SF045	unclean	clean	0.247	76	A_species_abundance
SF046	clean	clean	0.4528	76	A_species_abundance
SF047	clean	unclean	0.6762	76	A_species_abundance
SF048	unclean	clean	0.2738	76	A_species_abundance
SF049	clean	clean	0.344	76	A_species_abundance
SF050	clean	clean	0.339	76	A_species_abundance
SF051	clean	clean	0.281	76	A_species_abundance
SF052	clean	clean	0.3068	76	A_species_abundance
SF053	clean	clean	0.356	76	A_species_abundance
SF054	unclean	unclean	0.5854	76	A_species_abundance
SF055	unclean	clean	0.1908	76	A_species_abundance
SF056	clean	unclean	0.5232	76	A_species_abundance
SF057	unclean	clean	0.3148	76	A_species_abundance
SF058	clean	clean	0.4808	76	A_species_abundance
SF059	unclean	clean	0.406	76	A_species_abundance
SF060	unclean	clean	0.3628	76	A_species_abundance
SF061	clean	clean	0.3556	76	A_species_abundance
SF062	unclean	clean	0.1874	76	A_species_abundance
SF063	clean	clean	0.4296	76	A_species_abundance
SF064	clean	clean	0.1978	76	A_species_abundance
SF065	clean	clean	0.3542	76	A_species_abundance
SF066	clean	clean	0.326	76	A_species_abundance
SF067	clean	clean	0.4934	76	A_species_abundance
SF068	unclean	clean	0.2788	76	A_species_abundance
SF069	clean	clean	0.3564	76	A_species_abundance
SF070	unclean	unclean	0.7666	76	A_species_abundance
SF071	clean	clean	0.289	76	A_species_abundance
SF072	unclean	clean	0.2298	76	A_species_abundance
SF073	clean	clean	0.2732	76	A_species_abundance
SF074	clean	clean	0.2176	76	A_species_abundance
SF075	clean	clean	0.3796	76	A_species_abundance
SF076	clean	clean	0.4108	76	A_species_abundance
SF077	clean	clean	0.3432	76	A_species_abundance
SF078	unclean	clean	0.4104	76	A_species_abundance
SF079	unclean	clean	0.4746	76	A_species_abundance
SF080	unclean	clean	0.4674	76	A_species_abundance
SF081	unclean	clean	0.3324	76	A_species_abundance
SF082	unclean	clean	0.4092	76	A_species_abundance
SF083	unclean	clean	0.414	76	A_species_abundance
SF084	clean	clean	0.4906	76	A_species_abundance
SF085	clean	clean	0.4138	76	A_species_abundance
SF086	clean	unclean	0.571	76	A_species_abundance
SF087	unclean	unclean	0.81	76	A_species_abundance
SF088	clean	clean	0.3224	76	A_species_abundance
SF089	unclean	unclean	0.7658	76	A_species_abundance
SF090	unclean	clean	0.3378	76	A_species_abundance
SF091	unclean	unclean	0.6104	76	A_species_abundance
SF092	unclean	unclean	0.5878	76	A_species_abundance
SF093	unclean	clean	0.4456	76	A_species_abundance
SF094	clean	clean	0.4056	76	A_species_abundance
SF095	unclean	clean	0.3098	76	A_species_abundance
SF096	clean	clean	0.233	76	A_species_abundance
SF097	unclean	clean	0.472	76	A_species_abundance
SF001	unclean	unclean	0.8118	77	A_species_abundance
SF002	clean	clean	0.2366	77	A_species_abundance
SF003	unclean	unclean	0.5714	77	A_species_abundance
SF004	clean	clean	0.2442	77	A_species_abundance
SF005	clean	clean	0.3296	77	A_species_abundance
SF006	unclean	unclean	0.7938	77	A_species_abundance
SF007	unclean	unclean	0.7156	77	A_species_abundance
SF008	clean	clean	0.3896	77	A_species_abundance
SF009	unclean	clean	0.4158	77	A_species_abundance
SF010	unclean	unclean	0.7868	77	A_species_abundance
SF011	clean	clean	0.3592	77	A_species_abundance
SF012	clean	unclean	0.7162	77	A_species_abundance
SF013	unclean	clean	0.2092	77	A_species_abundance
SF014	clean	clean	0.4554	77	A_species_abundance
SF015	clean	clean	0.2658	77	A_species_abundance
SF016	unclean	unclean	0.5624	77	A_species_abundance
SF017	unclean	clean	0.4104	77	A_species_abundance
SF018	unclean	unclean	0.7848	77	A_species_abundance
SF019	clean	clean	0.313	77	A_species_abundance
SF020	clean	clean	0.2924	77	A_species_abundance
SF021	unclean	clean	0.3086	77	A_species_abundance
SF022	unclean	clean	0.3318	77	A_species_abundance
SF023	clean	clean	0.2148	77	A_species_abundance
SF024	unclean	clean	0.2456	77	A_species_abundance
SF025	clean	clean	0.2778	77	A_species_abundance
SF026	clean	clean	0.2316	77	A_species_abundance
SF027	clean	unclean	0.5894	77	A_species_abundance
SF028	unclean	unclean	0.627	77	A_species_abundance
SF029	clean	clean	0.1798	77	A_species_abundance
SF030	clean	unclean	0.7156	77	A_species_abundance
SF031	clean	unclean	0.5322	77	A_species_abundance
SF032	clean	clean	0.3326	77	A_species_abundance
SF033	clean	clean	0.4408	77	A_species_abundance
SF034	clean	clean	0.2852	77	A_species_abundance
SF035	clean	clean	0.2758	77	A_species_abundance
SF036	unclean	unclean	0.537	77	A_species_abundance
SF037	clean	clean	0.4012	77	A_species_abundance
SF038	clean	clean	0.3	77	A_species_abundance
SF039	unclean	unclean	0.713	77	A_species_abundance
SF040	clean	clean	0.356	77	A_species_abundance
SF041	unclean	clean	0.2746	77	A_species_abundance
SF042	clean	clean	0.2618	77	A_species_abundance
SF043	clean	clean	0.282	77	A_species_abundance
SF044	clean	clean	0.2568	77	A_species_abundance
SF045	unclean	clean	0.2748	77	A_species_abundance
SF046	clean	unclean	0.539	77	A_species_abundance
SF047	clean	unclean	0.6304	77	A_species_abundance
SF048	unclean	clean	0.2666	77	A_species_abundance
SF049	clean	clean	0.278	77	A_species_abundance
SF050	clean	clean	0.3548	77	A_species_abundance
SF051	clean	clean	0.2672	77	A_species_abundance
SF052	clean	clean	0.2972	77	A_species_abundance
SF053	clean	clean	0.3738	77	A_species_abundance
SF054	unclean	unclean	0.5684	77	A_species_abundance
SF055	unclean	clean	0.2354	77	A_species_abundance
SF056	clean	unclean	0.5068	77	A_species_abundance
SF057	unclean	clean	0.2992	77	A_species_abundance
SF058	clean	clean	0.393	77	A_species_abundance
SF059	unclean	clean	0.4732	77	A_species_abundance
SF060	unclean	clean	0.3978	77	A_species_abundance
SF061	clean	clean	0.366	77	A_species_abundance
SF062	unclean	clean	0.1782	77	A_species_abundance
SF063	clean	clean	0.432	77	A_species_abundance
SF064	clean	clean	0.2446	77	A_species_abundance
SF065	clean	clean	0.3754	77	A_species_abundance
SF066	clean	clean	0.34	77	A_species_abundance
SF067	clean	unclean	0.533	77	A_species_abundance
SF068	unclean	clean	0.2728	77	A_species_abundance
SF069	clean	clean	0.3888	77	A_species_abundance
SF070	unclean	unclean	0.7658	77	A_species_abundance
SF071	clean	clean	0.4266	77	A_species_abundance
SF072	unclean	clean	0.2346	77	A_species_abundance
SF073	clean	clean	0.299	77	A_species_abundance
SF074	clean	clean	0.167	77	A_species_abundance
SF075	clean	clean	0.3634	77	A_species_abundance
SF076	clean	clean	0.4346	77	A_species_abundance
SF077	clean	clean	0.3404	77	A_species_abundance
SF078	unclean	clean	0.4184	77	A_species_abundance
SF079	unclean	unclean	0.5068	77	A_species_abundance
SF080	unclean	unclean	0.5478	77	A_species_abundance
SF081	unclean	clean	0.3542	77	A_species_abundance
SF082	unclean	clean	0.4008	77	A_species_abundance
SF083	unclean	clean	0.4642	77	A_species_abundance
SF084	clean	clean	0.4688	77	A_species_abundance
SF085	clean	clean	0.3612	77	A_species_abundance
SF086	clean	unclean	0.538	77	A_species_abundance
SF087	unclean	unclean	0.8062	77	A_species_abundance
SF088	clean	clean	0.253	77	A_species_abundance
SF089	unclean	unclean	0.8148	77	A_species_abundance
SF090	unclean	clean	0.4348	77	A_species_abundance
SF091	unclean	unclean	0.6106	77	A_species_abundance
SF092	unclean	unclean	0.6736	77	A_species_abundance
SF093	unclean	clean	0.4908	77	A_species_abundance
SF094	clean	clean	0.3954	77	A_species_abundance
SF095	unclean	clean	0.2782	77	A_species_abundance
SF096	clean	clean	0.1942	77	A_species_abundance
SF097	unclean	clean	0.469	77	A_species_abundance
SF001	unclean	unclean	0.7608	78	A_species_abundance
SF002	clean	clean	0.2622	78	A_species_abundance
SF003	unclean	unclean	0.5932	78	A_species_abundance
SF004	clean	clean	0.254	78	A_species_abundance
SF005	clean	clean	0.374	78	A_species_abundance
SF006	unclean	unclean	0.7038	78	A_species_abundance
SF007	unclean	unclean	0.7474	78	A_species_abundance
SF008	clean	clean	0.3776	78	A_species_abundance
SF009	unclean	clean	0.4578	78	A_species_abundance
SF010	unclean	unclean	0.765	78	A_species_abundance
SF011	clean	clean	0.3326	78	A_species_abundance
SF012	clean	unclean	0.6248	78	A_species_abundance
SF013	unclean	clean	0.2554	78	A_species_abundance
SF014	clean	unclean	0.5048	78	A_species_abundance
SF015	clean	clean	0.313	78	A_species_abundance
SF016	unclean	unclean	0.5222	78	A_species_abundance
SF017	unclean	clean	0.4218	78	A_species_abundance
SF018	unclean	unclean	0.7774	78	A_species_abundance
SF019	clean	clean	0.2956	78	A_species_abundance
SF020	clean	clean	0.3068	78	A_species_abundance
SF021	unclean	clean	0.211	78	A_species_abundance
SF022	unclean	clean	0.291	78	A_species_abundance
SF023	clean	clean	0.2472	78	A_species_abundance
SF024	unclean	clean	0.3136	78	A_species_abundance
SF025	clean	clean	0.2706	78	A_species_abundance
SF026	clean	clean	0.2382	78	A_species_abundance
SF027	clean	unclean	0.55	78	A_species_abundance
SF028	unclean	unclean	0.5362	78	A_species_abundance
SF029	clean	clean	0.1898	78	A_species_abundance
SF030	clean	unclean	0.6874	78	A_species_abundance
SF031	clean	unclean	0.5388	78	A_species_abundance
SF032	clean	clean	0.348	78	A_species_abundance
SF033	clean	clean	0.4522	78	A_species_abundance
SF034	clean	clean	0.2772	78	A_species_abundance
SF035	clean	clean	0.2458	78	A_species_abundance
SF036	unclean	unclean	0.5448	78	A_species_abundance
SF037	clean	clean	0.4136	78	A_species_abundance
SF038	clean	clean	0.3674	78	A_species_abundance
SF039	unclean	unclean	0.6684	78	A_species_abundance
SF040	clean	clean	0.2684	78	A_species_abundance
SF041	unclean	clean	0.2736	78	A_species_abundance
SF042	clean	clean	0.2658	78	A_species_abundance
SF043	clean	clean	0.3244	78	A_species_abundance
SF044	clean	clean	0.257	78	A_species_abundance
SF045	unclean	clean	0.2812	78	A_species_abundance
SF046	clean	clean	0.4892	78	A_species_abundance
SF047	clean	unclean	0.6716	78	A_species_abundance
SF048	unclean	clean	0.2652	78	A_species_abundance
SF049	clean	clean	0.3456	78	A_species_abundance
SF050	clean	clean	0.322	78	A_species_abundance
SF051	clean	clean	0.2904	78	A_species_abundance
SF052	clean	clean	0.3066	78	A_species_abundance
SF053	clean	clean	0.4054	78	A_species_abundance
SF054	unclean	unclean	0.597	78	A_species_abundance
SF055	unclean	clean	0.226	78	A_species_abundance
SF056	clean	clean	0.4858	78	A_species_abundance
SF057	unclean	clean	0.2932	78	A_species_abundance
SF058	clean	clean	0.3704	78	A_species_abundance
SF059	unclean	clean	0.4452	78	A_species_abundance
SF060	unclean	clean	0.4098	78	A_species_abundance
SF061	clean	clean	0.356	78	A_species_abundance
SF062	unclean	clean	0.1926	78	A_species_abundance
SF063	clean	clean	0.425	78	A_species_abundance
SF064	clean	clean	0.2062	78	A_species_abundance
SF065	clean	clean	0.377	78	A_species_abundance
SF066	clean	clean	0.3644	78	A_species_abundance
SF067	clean	unclean	0.539	78	A_species_abundance
SF068	unclean	clean	0.2788	78	A_species_abundance
SF069	clean	clean	0.3862	78	A_species_abundance
SF070	unclean	unclean	0.8038	78	A_species_abundance
SF071	clean	clean	0.4576	78	A_species_abundance
SF072	unclean	clean	0.234	78	A_species_abundance
SF073	clean	clean	0.2594	78	A_species_abundance
SF074	clean	clean	0.1994	78	A_species_abundance
SF075	clean	clean	0.3812	78	A_species_abundance
SF076	clean	clean	0.4452	78	A_species_abundance
SF077	clean	clean	0.393	78	A_species_abundance
SF078	unclean	clean	0.437	78	A_species_abundance
SF079	unclean	unclean	0.5214	78	A_species_abundance
SF080	unclean	unclean	0.5078	78	A_species_abundance
SF081	unclean	clean	0.376	78	A_species_abundance
SF082	unclean	clean	0.44	78	A_species_abundance
SF083	unclean	clean	0.4564	78	A_species_abundance
SF084	clean	clean	0.4982	78	A_species_abundance
SF085	clean	clean	0.3426	78	A_species_abundance
SF086	clean	unclean	0.5854	78	A_species_abundance
SF087	unclean	unclean	0.7824	78	A_species_abundance
SF088	clean	clean	0.2534	78	A_species_abundance
SF089	unclean	unclean	0.818	78	A_species_abundance
SF090	unclean	clean	0.4034	78	A_species_abundance
SF091	unclean	unclean	0.617	78	A_species_abundance
SF092	unclean	unclean	0.6744	78	A_species_abundance
SF093	unclean	clean	0.4734	78	A_species_abundance
SF094	clean	clean	0.4074	78	A_species_abundance
SF095	unclean	clean	0.249	78	A_species_abundance
SF096	clean	clean	0.2232	78	A_species_abundance
SF097	unclean	clean	0.4718	78	A_species_abundance
SF001	unclean	unclean	0.7552	79	A_species_abundance
SF002	clean	clean	0.2276	79	A_species_abundance
SF003	unclean	unclean	0.5276	79	A_species_abundance
SF004	clean	clean	0.286	79	A_species_abundance
SF005	clean	clean	0.3126	79	A_species_abundance
SF006	unclean	unclean	0.7478	79	A_species_abundance
SF007	unclean	unclean	0.7364	79	A_species_abundance
SF008	clean	clean	0.3652	79	A_species_abundance
SF009	unclean	clean	0.4396	79	A_species_abundance
SF010	unclean	unclean	0.8082	79	A_species_abundance
SF011	clean	clean	0.3842	79	A_species_abundance
SF012	clean	unclean	0.673	79	A_species_abundance
SF013	unclean	clean	0.2132	79	A_species_abundance
SF014	clean	clean	0.3918	79	A_species_abundance
SF015	clean	clean	0.2886	79	A_species_abundance
SF016	unclean	unclean	0.5018	79	A_species_abundance
SF017	unclean	clean	0.442	79	A_species_abundance
SF018	unclean	unclean	0.8046	79	A_species_abundance
SF019	clean	clean	0.3082	79	A_species_abundance
SF020	clean	clean	0.3036	79	A_species_abundance
SF021	unclean	clean	0.2816	79	A_species_abundance
SF022	unclean	clean	0.3494	79	A_species_abundance
SF023	clean	clean	0.2886	79	A_species_abundance
SF024	unclean	clean	0.3416	79	A_species_abundance
SF025	clean	clean	0.2576	79	A_species_abundance
SF026	clean	clean	0.2424	79	A_species_abundance
SF027	clean	unclean	0.5854	79	A_species_abundance
SF028	unclean	unclean	0.5992	79	A_species_abundance
SF029	clean	clean	0.2136	79	A_species_abundance
SF030	clean	unclean	0.695	79	A_species_abundance
SF031	clean	clean	0.4874	79	A_species_abundance
SF032	clean	clean	0.3322	79	A_species_abundance
SF033	clean	clean	0.4974	79	A_species_abundance
SF034	clean	clean	0.2726	79	A_species_abundance
SF035	clean	clean	0.2384	79	A_species_abundance
SF036	unclean	clean	0.4886	79	A_species_abundance
SF037	clean	clean	0.4042	79	A_species_abundance
SF038	clean	clean	0.3492	79	A_species_abundance
SF039	unclean	unclean	0.7428	79	A_species_abundance
SF040	clean	clean	0.3628	79	A_species_abundance
SF041	unclean	clean	0.2524	79	A_species_abundance
SF042	clean	clean	0.2386	79	A_species_abundance
SF043	clean	clean	0.2758	79	A_species_abundance
SF044	clean	clean	0.3136	79	A_species_abundance
SF045	unclean	clean	0.248	79	A_species_abundance
SF046	clean	clean	0.4692	79	A_species_abundance
SF047	clean	unclean	0.66	79	A_species_abundance
SF048	unclean	clean	0.274	79	A_species_abundance
SF049	clean	clean	0.292	79	A_species_abundance
SF050	clean	clean	0.3164	79	A_species_abundance
SF051	clean	clean	0.3232	79	A_species_abundance
SF052	clean	clean	0.266	79	A_species_abundance
SF053	clean	clean	0.406	79	A_species_abundance
SF054	unclean	unclean	0.5662	79	A_species_abundance
SF055	unclean	clean	0.2166	79	A_species_abundance
SF056	clean	clean	0.4962	79	A_species_abundance
SF057	unclean	clean	0.3206	79	A_species_abundance
SF058	clean	clean	0.3324	79	A_species_abundance
SF059	unclean	clean	0.4668	79	A_species_abundance
SF060	unclean	clean	0.4282	79	A_species_abundance
SF061	clean	clean	0.32	79	A_species_abundance
SF062	unclean	clean	0.143	79	A_species_abundance
SF063	clean	clean	0.4186	79	A_species_abundance
SF064	clean	clean	0.2366	79	A_species_abundance
SF065	clean	clean	0.345	79	A_species_abundance
SF066	clean	clean	0.3602	79	A_species_abundance
SF067	clean	unclean	0.5082	79	A_species_abundance
SF068	unclean	clean	0.2804	79	A_species_abundance
SF069	clean	clean	0.4242	79	A_species_abundance
SF070	unclean	unclean	0.7698	79	A_species_abundance
SF071	clean	clean	0.4388	79	A_species_abundance
SF072	unclean	clean	0.2316	79	A_species_abundance
SF073	clean	clean	0.3188	79	A_species_abundance
SF074	clean	clean	0.1892	79	A_species_abundance
SF075	clean	clean	0.3598	79	A_species_abundance
SF076	clean	clean	0.3998	79	A_species_abundance
SF077	clean	clean	0.3426	79	A_species_abundance
SF078	unclean	clean	0.4516	79	A_species_abundance
SF079	unclean	unclean	0.5554	79	A_species_abundance
SF080	unclean	unclean	0.5618	79	A_species_abundance
SF081	unclean	clean	0.3432	79	A_species_abundance
SF082	unclean	clean	0.3864	79	A_species_abundance
SF083	unclean	clean	0.4144	79	A_species_abundance
SF084	clean	clean	0.4352	79	A_species_abundance
SF085	clean	clean	0.3478	79	A_species_abundance
SF086	clean	unclean	0.5334	79	A_species_abundance
SF087	unclean	unclean	0.7954	79	A_species_abundance
SF088	clean	clean	0.2612	79	A_species_abundance
SF089	unclean	unclean	0.818	79	A_species_abundance
SF090	unclean	clean	0.3778	79	A_species_abundance
SF091	unclean	unclean	0.6526	79	A_species_abundance
SF092	unclean	unclean	0.6256	79	A_species_abundance
SF093	unclean	clean	0.4414	79	A_species_abundance
SF094	clean	clean	0.4354	79	A_species_abundance
SF095	unclean	clean	0.2988	79	A_species_abundance
SF096	clean	clean	0.194	79	A_species_abundance
SF097	unclean	clean	0.4474	79	A_species_abundance
SF001	unclean	unclean	0.7636	80	A_species_abundance
SF002	clean	clean	0.2666	80	A_species_abundance
SF003	unclean	unclean	0.6266	80	A_species_abundance
SF004	clean	clean	0.2886	80	A_species_abundance
SF005	clean	clean	0.288	80	A_species_abundance
SF006	unclean	unclean	0.7692	80	A_species_abundance
SF007	unclean	unclean	0.7678	80	A_species_abundance
SF008	clean	clean	0.292	80	A_species_abundance
SF009	unclean	clean	0.4216	80	A_species_abundance
SF010	unclean	unclean	0.7756	80	A_species_abundance
SF011	clean	clean	0.3402	80	A_species_abundance
SF012	clean	unclean	0.6396	80	A_species_abundance
SF013	unclean	clean	0.2298	80	A_species_abundance
SF014	clean	clean	0.4866	80	A_species_abundance
SF015	clean	clean	0.2738	80	A_species_abundance
SF016	unclean	unclean	0.5744	80	A_species_abundance
SF017	unclean	clean	0.3676	80	A_species_abundance
SF018	unclean	unclean	0.8348	80	A_species_abundance
SF019	clean	clean	0.313	80	A_species_abundance
SF020	clean	clean	0.3	80	A_species_abundance
SF021	unclean	clean	0.2782	80	A_species_abundance
SF022	unclean	clean	0.3698	80	A_species_abundance
SF023	clean	clean	0.3244	80	A_species_abundance
SF024	unclean	clean	0.336	80	A_species_abundance
SF025	clean	clean	0.2638	80	A_species_abundance
SF026	clean	clean	0.2604	80	A_species_abundance
SF027	clean	unclean	0.6074	80	A_species_abundance
SF028	unclean	unclean	0.638	80	A_species_abundance
SF029	clean	clean	0.2226	80	A_species_abundance
SF030	clean	unclean	0.7166	80	A_species_abundance
SF031	clean	unclean	0.5502	80	A_species_abundance
SF032	clean	clean	0.3494	80	A_species_abundance
SF033	clean	clean	0.4612	80	A_species_abundance
SF034	clean	clean	0.278	80	A_species_abundance
SF035	clean	clean	0.315	80	A_species_abundance
SF036	unclean	unclean	0.54	80	A_species_abundance
SF037	clean	clean	0.4004	80	A_species_abundance
SF038	clean	clean	0.2868	80	A_species_abundance
SF039	unclean	unclean	0.7334	80	A_species_abundance
SF040	clean	clean	0.3642	80	A_species_abundance
SF041	unclean	clean	0.267	80	A_species_abundance
SF042	clean	clean	0.194	80	A_species_abundance
SF043	clean	clean	0.2462	80	A_species_abundance
SF044	clean	clean	0.2514	80	A_species_abundance
SF045	unclean	clean	0.2554	80	A_species_abundance
SF046	clean	clean	0.455	80	A_species_abundance
SF047	clean	unclean	0.6482	80	A_species_abundance
SF048	unclean	clean	0.2468	80	A_species_abundance
SF049	clean	clean	0.334	80	A_species_abundance
SF050	clean	clean	0.3504	80	A_species_abundance
SF051	clean	clean	0.2784	80	A_species_abundance
SF052	clean	clean	0.3122	80	A_species_abundance
SF053	clean	clean	0.4112	80	A_species_abundance
SF054	unclean	unclean	0.5736	80	A_species_abundance
SF055	unclean	clean	0.1584	80	A_species_abundance
SF056	clean	unclean	0.5248	80	A_species_abundance
SF057	unclean	clean	0.246	80	A_species_abundance
SF058	clean	clean	0.4076	80	A_species_abundance
SF059	unclean	clean	0.4366	80	A_species_abundance
SF060	unclean	clean	0.3648	80	A_species_abundance
SF061	clean	clean	0.3744	80	A_species_abundance
SF062	unclean	clean	0.1276	80	A_species_abundance
SF063	clean	clean	0.4264	80	A_species_abundance
SF064	clean	clean	0.1996	80	A_species_abundance
SF065	clean	clean	0.303	80	A_species_abundance
SF066	clean	clean	0.3352	80	A_species_abundance
SF067	clean	clean	0.499	80	A_species_abundance
SF068	unclean	clean	0.2964	80	A_species_abundance
SF069	clean	clean	0.3886	80	A_species_abundance
SF070	unclean	unclean	0.7818	80	A_species_abundance
SF071	clean	clean	0.419	80	A_species_abundance
SF072	unclean	clean	0.2864	80	A_species_abundance
SF073	clean	clean	0.1892	80	A_species_abundance
SF074	clean	clean	0.154	80	A_species_abundance
SF075	clean	clean	0.3858	80	A_species_abundance
SF076	clean	clean	0.4406	80	A_species_abundance
SF077	clean	clean	0.3702	80	A_species_abundance
SF078	unclean	clean	0.3884	80	A_species_abundance
SF079	unclean	unclean	0.5312	80	A_species_abundance
SF080	unclean	unclean	0.539	80	A_species_abundance
SF081	unclean	clean	0.3666	80	A_species_abundance
SF082	unclean	clean	0.3512	80	A_species_abundance
SF083	unclean	clean	0.4706	80	A_species_abundance
SF084	clean	clean	0.4758	80	A_species_abundance
SF085	clean	clean	0.3432	80	A_species_abundance
SF086	clean	unclean	0.5014	80	A_species_abundance
SF087	unclean	unclean	0.7166	80	A_species_abundance
SF088	clean	clean	0.271	80	A_species_abundance
SF089	unclean	unclean	0.7302	80	A_species_abundance
SF090	unclean	clean	0.3832	80	A_species_abundance
SF091	unclean	unclean	0.6438	80	A_species_abundance
SF092	unclean	unclean	0.6594	80	A_species_abundance
SF093	unclean	clean	0.3618	80	A_species_abundance
SF094	clean	clean	0.3692	80	A_species_abundance
SF095	unclean	clean	0.2844	80	A_species_abundance
SF096	clean	clean	0.1972	80	A_species_abundance
SF097	unclean	clean	0.4412	80	A_species_abundance
SF001	unclean	unclean	0.7694	81	A_species_abundance
SF002	clean	clean	0.2564	81	A_species_abundance
SF003	unclean	unclean	0.61	81	A_species_abundance
SF004	clean	clean	0.2334	81	A_species_abundance
SF005	clean	clean	0.3482	81	A_species_abundance
SF006	unclean	unclean	0.726	81	A_species_abundance
SF007	unclean	unclean	0.7348	81	A_species_abundance
SF008	clean	clean	0.3556	81	A_species_abundance
SF009	unclean	clean	0.4816	81	A_species_abundance
SF010	unclean	unclean	0.7524	81	A_species_abundance
SF011	clean	clean	0.3702	81	A_species_abundance
SF012	clean	unclean	0.705	81	A_species_abundance
SF013	unclean	clean	0.2126	81	A_species_abundance
SF014	clean	clean	0.398	81	A_species_abundance
SF015	clean	clean	0.2868	81	A_species_abundance
SF016	unclean	unclean	0.5184	81	A_species_abundance
SF017	unclean	clean	0.39	81	A_species_abundance
SF018	unclean	unclean	0.7954	81	A_species_abundance
SF019	clean	clean	0.29	81	A_species_abundance
SF020	clean	clean	0.2642	81	A_species_abundance
SF021	unclean	clean	0.2686	81	A_species_abundance
SF022	unclean	clean	0.4032	81	A_species_abundance
SF023	clean	clean	0.2606	81	A_species_abundance
SF024	unclean	clean	0.2492	81	A_species_abundance
SF025	clean	clean	0.2474	81	A_species_abundance
SF026	clean	clean	0.2276	81	A_species_abundance
SF027	clean	unclean	0.6242	81	A_species_abundance
SF028	unclean	unclean	0.5782	81	A_species_abundance
SF029	clean	clean	0.1816	81	A_species_abundance
SF030	clean	unclean	0.6546	81	A_species_abundance
SF031	clean	unclean	0.5336	81	A_species_abundance
SF032	clean	clean	0.258	81	A_species_abundance
SF033	clean	clean	0.4542	81	A_species_abundance
SF034	clean	clean	0.285	81	A_species_abundance
SF035	clean	clean	0.2868	81	A_species_abundance
SF036	unclean	unclean	0.6276	81	A_species_abundance
SF037	clean	clean	0.3978	81	A_species_abundance
SF038	clean	clean	0.355	81	A_species_abundance
SF039	unclean	unclean	0.7274	81	A_species_abundance
SF040	clean	clean	0.3514	81	A_species_abundance
SF041	unclean	clean	0.2362	81	A_species_abundance
SF042	clean	clean	0.2666	81	A_species_abundance
SF043	clean	clean	0.3304	81	A_species_abundance
SF044	clean	clean	0.2164	81	A_species_abundance
SF045	unclean	clean	0.2484	81	A_species_abundance
SF046	clean	clean	0.4648	81	A_species_abundance
SF047	clean	unclean	0.6404	81	A_species_abundance
SF048	unclean	clean	0.2896	81	A_species_abundance
SF049	clean	clean	0.2918	81	A_species_abundance
SF050	clean	clean	0.321	81	A_species_abundance
SF051	clean	clean	0.3162	81	A_species_abundance
SF052	clean	clean	0.2982	81	A_species_abundance
SF053	clean	clean	0.3416	81	A_species_abundance
SF054	unclean	unclean	0.5928	81	A_species_abundance
SF055	unclean	clean	0.2388	81	A_species_abundance
SF056	clean	unclean	0.529	81	A_species_abundance
SF057	unclean	clean	0.3108	81	A_species_abundance
SF058	clean	clean	0.442	81	A_species_abundance
SF059	unclean	clean	0.4548	81	A_species_abundance
SF060	unclean	clean	0.381	81	A_species_abundance
SF061	clean	clean	0.308	81	A_species_abundance
SF062	unclean	clean	0.2256	81	A_species_abundance
SF063	clean	clean	0.3966	81	A_species_abundance
SF064	clean	clean	0.221	81	A_species_abundance
SF065	clean	clean	0.3104	81	A_species_abundance
SF066	clean	clean	0.3792	81	A_species_abundance
SF067	clean	unclean	0.5272	81	A_species_abundance
SF068	unclean	clean	0.2452	81	A_species_abundance
SF069	clean	clean	0.4074	81	A_species_abundance
SF070	unclean	unclean	0.801	81	A_species_abundance
SF071	clean	clean	0.4576	81	A_species_abundance
SF072	unclean	clean	0.2084	81	A_species_abundance
SF073	clean	clean	0.2998	81	A_species_abundance
SF074	clean	clean	0.1958	81	A_species_abundance
SF075	clean	clean	0.3598	81	A_species_abundance
SF076	clean	clean	0.3984	81	A_species_abundance
SF077	clean	clean	0.3472	81	A_species_abundance
SF078	unclean	clean	0.4116	81	A_species_abundance
SF079	unclean	unclean	0.5326	81	A_species_abundance
SF080	unclean	unclean	0.515	81	A_species_abundance
SF081	unclean	clean	0.3402	81	A_species_abundance
SF082	unclean	clean	0.4506	81	A_species_abundance
SF083	unclean	clean	0.462	81	A_species_abundance
SF084	clean	clean	0.4688	81	A_species_abundance
SF085	clean	clean	0.2758	81	A_species_abundance
SF086	clean	unclean	0.5562	81	A_species_abundance
SF087	unclean	unclean	0.7682	81	A_species_abundance
SF088	clean	clean	0.291	81	A_species_abundance
SF089	unclean	unclean	0.8242	81	A_species_abundance
SF090	unclean	clean	0.4462	81	A_species_abundance
SF091	unclean	unclean	0.623	81	A_species_abundance
SF092	unclean	unclean	0.6274	81	A_species_abundance
SF093	unclean	clean	0.469	81	A_species_abundance
SF094	clean	clean	0.4134	81	A_species_abundance
SF095	unclean	clean	0.263	81	A_species_abundance
SF096	clean	clean	0.1934	81	A_species_abundance
SF097	unclean	clean	0.4486	81	A_species_abundance
SF001	unclean	unclean	0.7564	82	A_species_abundance
SF002	clean	clean	0.224	82	A_species_abundance
SF003	unclean	unclean	0.5442	82	A_species_abundance
SF004	clean	clean	0.2862	82	A_species_abundance
SF005	clean	clean	0.338	82	A_species_abundance
SF006	unclean	unclean	0.7742	82	A_species_abundance
SF007	unclean	unclean	0.7284	82	A_species_abundance
SF008	clean	clean	0.4058	82	A_species_abundance
SF009	unclean	clean	0.479	82	A_species_abundance
SF010	unclean	unclean	0.7822	82	A_species_abundance
SF011	clean	clean	0.3632	82	A_species_abundance
SF012	clean	unclean	0.6774	82	A_species_abundance
SF013	unclean	clean	0.2266	82	A_species_abundance
SF014	clean	clean	0.3952	82	A_species_abundance
SF015	clean	clean	0.2994	82	A_species_abundance
SF016	unclean	unclean	0.5058	82	A_species_abundance
SF017	unclean	clean	0.447	82	A_species_abundance
SF018	unclean	unclean	0.8012	82	A_species_abundance
SF019	clean	clean	0.2824	82	A_species_abundance
SF020	clean	clean	0.284	82	A_species_abundance
SF021	unclean	clean	0.286	82	A_species_abundance
SF022	unclean	clean	0.3438	82	A_species_abundance
SF023	clean	clean	0.2682	82	A_species_abundance
SF024	unclean	clean	0.3266	82	A_species_abundance
SF025	clean	clean	0.229	82	A_species_abundance
SF026	clean	clean	0.2628	82	A_species_abundance
SF027	clean	unclean	0.5896	82	A_species_abundance
SF028	unclean	unclean	0.6542	82	A_species_abundance
SF029	clean	clean	0.2422	82	A_species_abundance
SF030	clean	unclean	0.749	82	A_species_abundance
SF031	clean	unclean	0.508	82	A_species_abundance
SF032	clean	clean	0.3372	82	A_species_abundance
SF033	clean	clean	0.4958	82	A_species_abundance
SF034	clean	clean	0.2766	82	A_species_abundance
SF035	clean	clean	0.2446	82	A_species_abundance
SF036	unclean	unclean	0.5802	82	A_species_abundance
SF037	clean	clean	0.4272	82	A_species_abundance
SF038	clean	clean	0.294	82	A_species_abundance
SF039	unclean	unclean	0.696	82	A_species_abundance
SF040	clean	clean	0.2958	82	A_species_abundance
SF041	unclean	clean	0.3106	82	A_species_abundance
SF042	clean	clean	0.2352	82	A_species_abundance
SF043	clean	clean	0.3332	82	A_species_abundance
SF044	clean	clean	0.234	82	A_species_abundance
SF045	unclean	clean	0.286	82	A_species_abundance
SF046	clean	clean	0.457	82	A_species_abundance
SF047	clean	unclean	0.693	82	A_species_abundance
SF048	unclean	clean	0.2698	82	A_species_abundance
SF049	clean	clean	0.282	82	A_species_abundance
SF050	clean	clean	0.3446	82	A_species_abundance
SF051	clean	clean	0.2478	82	A_species_abundance
SF052	clean	clean	0.3324	82	A_species_abundance
SF053	clean	clean	0.362	82	A_species_abundance
SF054	unclean	unclean	0.6282	82	A_species_abundance
SF055	unclean	clean	0.2292	82	A_species_abundance
SF056	clean	unclean	0.538	82	A_species_abundance
SF057	unclean	clean	0.2814	82	A_species_abundance
SF058	clean	clean	0.4716	82	A_species_abundance
SF059	unclean	clean	0.4878	82	A_species_abundance
SF060	unclean	clean	0.385	82	A_species_abundance
SF061	clean	clean	0.3358	82	A_species_abundance
SF062	unclean	clean	0.2268	82	A_species_abundance
SF063	clean	clean	0.4928	82	A_species_abundance
SF064	clean	clean	0.19	82	A_species_abundance
SF065	clean	clean	0.3454	82	A_species_abundance
SF066	clean	clean	0.238	82	A_species_abundance
SF067	clean	clean	0.4894	82	A_species_abundance
SF068	unclean	clean	0.2844	82	A_species_abundance
SF069	clean	clean	0.3948	82	A_species_abundance
SF070	unclean	unclean	0.706	82	A_species_abundance
SF071	clean	clean	0.4114	82	A_species_abundance
SF072	unclean	clean	0.2246	82	A_species_abundance
SF073	clean	clean	0.2674	82	A_species_abundance
SF074	clean	clean	0.1726	82	A_species_abundance
SF075	clean	clean	0.3742	82	A_species_abundance
SF076	clean	clean	0.407	82	A_species_abundance
SF077	clean	clean	0.3144	82	A_species_abundance
SF078	unclean	clean	0.4268	82	A_species_abundance
SF079	unclean	unclean	0.5648	82	A_species_abundance
SF080	unclean	unclean	0.5124	82	A_species_abundance
SF081	unclean	clean	0.3244	82	A_species_abundance
SF082	unclean	clean	0.433	82	A_species_abundance
SF083	unclean	unclean	0.5166	82	A_species_abundance
SF084	clean	clean	0.4676	82	A_species_abundance
SF085	clean	clean	0.3712	82	A_species_abundance
SF086	clean	unclean	0.5564	82	A_species_abundance
SF087	unclean	unclean	0.8102	82	A_species_abundance
SF088	clean	clean	0.3296	82	A_species_abundance
SF089	unclean	unclean	0.8204	82	A_species_abundance
SF090	unclean	clean	0.4158	82	A_species_abundance
SF091	unclean	unclean	0.6002	82	A_species_abundance
SF092	unclean	unclean	0.7152	82	A_species_abundance
SF093	unclean	clean	0.4312	82	A_species_abundance
SF094	clean	clean	0.369	82	A_species_abundance
SF095	unclean	clean	0.2854	82	A_species_abundance
SF096	clean	clean	0.1938	82	A_species_abundance
SF097	unclean	clean	0.487	82	A_species_abundance
SF001	unclean	unclean	0.7898	83	A_species_abundance
SF002	clean	clean	0.2796	83	A_species_abundance
SF003	unclean	unclean	0.508	83	A_species_abundance
SF004	clean	clean	0.3176	83	A_species_abundance
SF005	clean	clean	0.3478	83	A_species_abundance
SF006	unclean	unclean	0.7558	83	A_species_abundance
SF007	unclean	unclean	0.7194	83	A_species_abundance
SF008	clean	clean	0.357	83	A_species_abundance
SF009	unclean	unclean	0.5616	83	A_species_abundance
SF010	unclean	unclean	0.7584	83	A_species_abundance
SF011	clean	clean	0.3668	83	A_species_abundance
SF012	clean	unclean	0.7086	83	A_species_abundance
SF013	unclean	clean	0.221	83	A_species_abundance
SF014	clean	clean	0.4192	83	A_species_abundance
SF015	clean	clean	0.3102	83	A_species_abundance
SF016	unclean	unclean	0.5396	83	A_species_abundance
SF017	unclean	clean	0.469	83	A_species_abundance
SF018	unclean	unclean	0.817	83	A_species_abundance
SF019	clean	clean	0.276	83	A_species_abundance
SF020	clean	clean	0.3776	83	A_species_abundance
SF021	unclean	clean	0.288	83	A_species_abundance
SF022	unclean	clean	0.2906	83	A_species_abundance
SF023	clean	clean	0.2648	83	A_species_abundance
SF024	unclean	clean	0.2598	83	A_species_abundance
SF025	clean	clean	0.316	83	A_species_abundance
SF026	clean	clean	0.3006	83	A_species_abundance
SF027	clean	unclean	0.7452	83	A_species_abundance
SF028	unclean	unclean	0.6072	83	A_species_abundance
SF029	clean	clean	0.1732	83	A_species_abundance
SF030	clean	unclean	0.774	83	A_species_abundance
SF031	clean	clean	0.4712	83	A_species_abundance
SF032	clean	clean	0.4678	83	A_species_abundance
SF033	clean	unclean	0.5358	83	A_species_abundance
SF034	clean	clean	0.3064	83	A_species_abundance
SF035	clean	clean	0.2668	83	A_species_abundance
SF036	unclean	unclean	0.5824	83	A_species_abundance
SF037	clean	clean	0.4018	83	A_species_abundance
SF038	clean	clean	0.35	83	A_species_abundance
SF039	unclean	unclean	0.6708	83	A_species_abundance
SF040	clean	clean	0.3066	83	A_species_abundance
SF041	unclean	clean	0.3028	83	A_species_abundance
SF042	clean	clean	0.2438	83	A_species_abundance
SF043	clean	clean	0.3278	83	A_species_abundance
SF044	clean	clean	0.3186	83	A_species_abundance
SF045	unclean	clean	0.2278	83	A_species_abundance
SF046	clean	clean	0.491	83	A_species_abundance
SF047	clean	unclean	0.7328	83	A_species_abundance
SF048	unclean	clean	0.2778	83	A_species_abundance
SF049	clean	clean	0.3112	83	A_species_abundance
SF050	clean	clean	0.3336	83	A_species_abundance
SF051	clean	clean	0.3292	83	A_species_abundance
SF052	clean	clean	0.3018	83	A_species_abundance
SF053	clean	clean	0.4088	83	A_species_abundance
SF054	unclean	unclean	0.6054	83	A_species_abundance
SF055	unclean	clean	0.1664	83	A_species_abundance
SF056	clean	unclean	0.5126	83	A_species_abundance
SF057	unclean	clean	0.3002	83	A_species_abundance
SF058	clean	clean	0.3984	83	A_species_abundance
SF059	unclean	clean	0.4498	83	A_species_abundance
SF060	unclean	clean	0.387	83	A_species_abundance
SF061	clean	clean	0.377	83	A_species_abundance
SF062	unclean	clean	0.1486	83	A_species_abundance
SF063	clean	clean	0.4222	83	A_species_abundance
SF064	clean	clean	0.1852	83	A_species_abundance
SF065	clean	clean	0.4786	83	A_species_abundance
SF066	clean	clean	0.3974	83	A_species_abundance
SF067	clean	unclean	0.5452	83	A_species_abundance
SF068	unclean	clean	0.292	83	A_species_abundance
SF069	clean	clean	0.3996	83	A_species_abundance
SF070	unclean	unclean	0.7346	83	A_species_abundance
SF071	clean	clean	0.4276	83	A_species_abundance
SF072	unclean	clean	0.2406	83	A_species_abundance
SF073	clean	clean	0.242	83	A_species_abundance
SF074	clean	clean	0.209	83	A_species_abundance
SF075	clean	clean	0.3934	83	A_species_abundance
SF076	clean	clean	0.4268	83	A_species_abundance
SF077	clean	clean	0.409	83	A_species_abundance
SF078	unclean	clean	0.4374	83	A_species_abundance
SF079	unclean	unclean	0.5018	83	A_species_abundance
SF080	unclean	clean	0.47	83	A_species_abundance
SF081	unclean	clean	0.3568	83	A_species_abundance
SF082	unclean	clean	0.3844	83	A_species_abundance
SF083	unclean	unclean	0.519	83	A_species_abundance
SF084	clean	clean	0.4094	83	A_species_abundance
SF085	clean	clean	0.373	83	A_species_abundance
SF086	clean	unclean	0.5028	83	A_species_abundance
SF087	unclean	unclean	0.8084	83	A_species_abundance
SF088	clean	clean	0.2602	83	A_species_abundance
SF089	unclean	unclean	0.7992	83	A_species_abundance
SF090	unclean	clean	0.4168	83	A_species_abundance
SF091	unclean	unclean	0.5594	83	A_species_abundance
SF092	unclean	unclean	0.8012	83	A_species_abundance
SF093	unclean	clean	0.4394	83	A_species_abundance
SF094	clean	clean	0.3246	83	A_species_abundance
SF095	unclean	clean	0.278	83	A_species_abundance
SF096	clean	clean	0.2192	83	A_species_abundance
SF097	unclean	clean	0.4022	83	A_species_abundance
SF001	unclean	unclean	0.8068	84	A_species_abundance
SF002	clean	clean	0.261	84	A_species_abundance
SF003	unclean	unclean	0.5442	84	A_species_abundance
SF004	clean	clean	0.2842	84	A_species_abundance
SF005	clean	clean	0.2866	84	A_species_abundance
SF006	unclean	unclean	0.755	84	A_species_abundance
SF007	unclean	unclean	0.7532	84	A_species_abundance
SF008	clean	clean	0.3616	84	A_species_abundance
SF009	unclean	clean	0.3628	84	A_species_abundance
SF010	unclean	unclean	0.7418	84	A_species_abundance
SF011	clean	clean	0.356	84	A_species_abundance
SF012	clean	unclean	0.6526	84	A_species_abundance
SF013	unclean	clean	0.2404	84	A_species_abundance
SF014	clean	clean	0.4402	84	A_species_abundance
SF015	clean	clean	0.2456	84	A_species_abundance
SF016	unclean	clean	0.451	84	A_species_abundance
SF017	unclean	clean	0.375	84	A_species_abundance
SF018	unclean	unclean	0.7128	84	A_species_abundance
SF019	clean	clean	0.2908	84	A_species_abundance
SF020	clean	clean	0.2698	84	A_species_abundance
SF021	unclean	clean	0.2294	84	A_species_abundance
SF022	unclean	clean	0.326	84	A_species_abundance
SF023	clean	clean	0.2482	84	A_species_abundance
SF024	unclean	clean	0.3204	84	A_species_abundance
SF025	clean	clean	0.2462	84	A_species_abundance
SF026	clean	clean	0.1944	84	A_species_abundance
SF027	clean	unclean	0.6206	84	A_species_abundance
SF028	unclean	unclean	0.6518	84	A_species_abundance
SF029	clean	clean	0.2034	84	A_species_abundance
SF030	clean	unclean	0.7428	84	A_species_abundance
SF031	clean	clean	0.4918	84	A_species_abundance
SF032	clean	clean	0.3276	84	A_species_abundance
SF033	clean	clean	0.4878	84	A_species_abundance
SF034	clean	clean	0.2634	84	A_species_abundance
SF035	clean	clean	0.2326	84	A_species_abundance
SF036	unclean	unclean	0.5548	84	A_species_abundance
SF037	clean	clean	0.3846	84	A_species_abundance
SF038	clean	clean	0.2954	84	A_species_abundance
SF039	unclean	unclean	0.6604	84	A_species_abundance
SF040	clean	clean	0.3456	84	A_species_abundance
SF041	unclean	clean	0.3092	84	A_species_abundance
SF042	clean	clean	0.2362	84	A_species_abundance
SF043	clean	clean	0.326	84	A_species_abundance
SF044	clean	clean	0.2714	84	A_species_abundance
SF045	unclean	clean	0.288	84	A_species_abundance
SF046	clean	clean	0.4664	84	A_species_abundance
SF047	clean	unclean	0.655	84	A_species_abundance
SF048	unclean	clean	0.2442	84	A_species_abundance
SF049	clean	clean	0.3066	84	A_species_abundance
SF050	clean	clean	0.3008	84	A_species_abundance
SF051	clean	clean	0.3348	84	A_species_abundance
SF052	clean	clean	0.2556	84	A_species_abundance
SF053	clean	clean	0.4514	84	A_species_abundance
SF054	unclean	unclean	0.5944	84	A_species_abundance
SF055	unclean	clean	0.2326	84	A_species_abundance
SF056	clean	clean	0.4864	84	A_species_abundance
SF057	unclean	clean	0.3102	84	A_species_abundance
SF058	clean	clean	0.3532	84	A_species_abundance
SF059	unclean	clean	0.4812	84	A_species_abundance
SF060	unclean	clean	0.42	84	A_species_abundance
SF061	clean	clean	0.355	84	A_species_abundance
SF062	unclean	clean	0.1806	84	A_species_abundance
SF063	clean	clean	0.4288	84	A_species_abundance
SF064	clean	clean	0.2272	84	A_species_abundance
SF065	clean	clean	0.3374	84	A_species_abundance
SF066	clean	clean	0.2534	84	A_species_abundance
SF067	clean	clean	0.4974	84	A_species_abundance
SF068	unclean	clean	0.2688	84	A_species_abundance
SF069	clean	clean	0.3728	84	A_species_abundance
SF070	unclean	unclean	0.7162	84	A_species_abundance
SF071	clean	clean	0.402	84	A_species_abundance
SF072	unclean	clean	0.2066	84	A_species_abundance
SF073	clean	clean	0.2236	84	A_species_abundance
SF074	clean	clean	0.1932	84	A_species_abundance
SF075	clean	clean	0.3852	84	A_species_abundance
SF076	clean	clean	0.43	84	A_species_abundance
SF077	clean	clean	0.3078	84	A_species_abundance
SF078	unclean	clean	0.412	84	A_species_abundance
SF079	unclean	unclean	0.568	84	A_species_abundance
SF080	unclean	clean	0.4718	84	A_species_abundance
SF081	unclean	clean	0.3592	84	A_species_abundance
SF082	unclean	clean	0.4612	84	A_species_abundance
SF083	unclean	clean	0.4446	84	A_species_abundance
SF084	clean	clean	0.3696	84	A_species_abundance
SF085	clean	clean	0.292	84	A_species_abundance
SF086	clean	unclean	0.517	84	A_species_abundance
SF087	unclean	unclean	0.7914	84	A_species_abundance
SF088	clean	clean	0.2786	84	A_species_abundance
SF089	unclean	unclean	0.8326	84	A_species_abundance
SF090	unclean	clean	0.4138	84	A_species_abundance
SF091	unclean	unclean	0.6058	84	A_species_abundance
SF092	unclean	unclean	0.6754	84	A_species_abundance
SF093	unclean	clean	0.3812	84	A_species_abundance
SF094	clean	clean	0.4496	84	A_species_abundance
SF095	unclean	clean	0.2976	84	A_species_abundance
SF096	clean	clean	0.245	84	A_species_abundance
SF097	unclean	clean	0.4508	84	A_species_abundance
SF001	unclean	unclean	0.7866	85	A_species_abundance
SF002	clean	clean	0.3022	85	A_species_abundance
SF003	unclean	unclean	0.5552	85	A_species_abundance
SF004	clean	clean	0.236	85	A_species_abundance
SF005	clean	clean	0.3622	85	A_species_abundance
SF006	unclean	unclean	0.7674	85	A_species_abundance
SF007	unclean	unclean	0.7418	85	A_species_abundance
SF008	clean	clean	0.3384	85	A_species_abundance
SF009	unclean	clean	0.4436	85	A_species_abundance
SF010	unclean	unclean	0.7322	85	A_species_abundance
SF011	clean	clean	0.3416	85	A_species_abundance
SF012	clean	unclean	0.682	85	A_species_abundance
SF013	unclean	clean	0.2298	85	A_species_abundance
SF014	clean	clean	0.4476	85	A_species_abundance
SF015	clean	clean	0.2914	85	A_species_abundance
SF016	unclean	unclean	0.5012	85	A_species_abundance
SF017	unclean	clean	0.408	85	A_species_abundance
SF018	unclean	unclean	0.8116	85	A_species_abundance
SF019	clean	clean	0.3	85	A_species_abundance
SF020	clean	clean	0.2714	85	A_species_abundance
SF021	unclean	clean	0.3258	85	A_species_abundance
SF022	unclean	clean	0.4136	85	A_species_abundance
SF023	clean	clean	0.254	85	A_species_abundance
SF024	unclean	clean	0.304	85	A_species_abundance
SF025	clean	clean	0.2838	85	A_species_abundance
SF026	clean	clean	0.2442	85	A_species_abundance
SF027	clean	unclean	0.596	85	A_species_abundance
SF028	unclean	unclean	0.598	85	A_species_abundance
SF029	clean	clean	0.2418	85	A_species_abundance
SF030	clean	unclean	0.6684	85	A_species_abundance
SF031	clean	unclean	0.5204	85	A_species_abundance
SF032	clean	clean	0.2614	85	A_species_abundance
SF033	clean	clean	0.4692	85	A_species_abundance
SF034	clean	clean	0.2656	85	A_species_abundance
SF035	clean	clean	0.313	85	A_species_abundance
SF036	unclean	unclean	0.5882	85	A_species_abundance
SF037	clean	clean	0.3948	85	A_species_abundance
SF038	clean	clean	0.3114	85	A_species_abundance
SF039	unclean	unclean	0.7318	85	A_species_abundance
SF040	clean	clean	0.284	85	A_species_abundance
SF041	unclean	clean	0.2472	85	A_species_abundance
SF042	clean	clean	0.311	85	A_species_abundance
SF043	clean	clean	0.3446	85	A_species_abundance
SF044	clean	clean	0.2964	85	A_species_abundance
SF045	unclean	clean	0.2568	85	A_species_abundance
SF046	clean	clean	0.4948	85	A_species_abundance
SF047	clean	unclean	0.6358	85	A_species_abundance
SF048	unclean	clean	0.2688	85	A_species_abundance
SF049	clean	clean	0.3484	85	A_species_abundance
SF050	clean	clean	0.3098	85	A_species_abundance
SF051	clean	clean	0.273	85	A_species_abundance
SF052	clean	clean	0.3284	85	A_species_abundance
SF053	clean	clean	0.3876	85	A_species_abundance
SF054	unclean	unclean	0.6184	85	A_species_abundance
SF055	unclean	clean	0.1496	85	A_species_abundance
SF056	clean	unclean	0.5074	85	A_species_abundance
SF057	unclean	clean	0.3014	85	A_species_abundance
SF058	clean	clean	0.4122	85	A_species_abundance
SF059	unclean	clean	0.4216	85	A_species_abundance
SF060	unclean	clean	0.3764	85	A_species_abundance
SF061	clean	clean	0.3792	85	A_species_abundance
SF062	unclean	clean	0.1326	85	A_species_abundance
SF063	clean	clean	0.4118	85	A_species_abundance
SF064	clean	clean	0.218	85	A_species_abundance
SF065	clean	clean	0.3954	85	A_species_abundance
SF066	clean	clean	0.3456	85	A_species_abundance
SF067	clean	unclean	0.5234	85	A_species_abundance
SF068	unclean	clean	0.2838	85	A_species_abundance
SF069	clean	clean	0.3868	85	A_species_abundance
SF070	unclean	unclean	0.7366	85	A_species_abundance
SF071	clean	clean	0.396	85	A_species_abundance
SF072	unclean	clean	0.2286	85	A_species_abundance
SF073	clean	clean	0.2306	85	A_species_abundance
SF074	clean	clean	0.1876	85	A_species_abundance
SF075	clean	clean	0.3336	85	A_species_abundance
SF076	clean	clean	0.417	85	A_species_abundance
SF077	clean	clean	0.3378	85	A_species_abundance
SF078	unclean	clean	0.401	85	A_species_abundance
SF079	unclean	unclean	0.561	85	A_species_abundance
SF080	unclean	clean	0.4714	85	A_species_abundance
SF081	unclean	clean	0.33	85	A_species_abundance
SF082	unclean	clean	0.448	85	A_species_abundance
SF083	unclean	clean	0.4676	85	A_species_abundance
SF084	clean	clean	0.4434	85	A_species_abundance
SF085	clean	clean	0.3108	85	A_species_abundance
SF086	clean	unclean	0.5492	85	A_species_abundance
SF087	unclean	unclean	0.7706	85	A_species_abundance
SF088	clean	clean	0.2706	85	A_species_abundance
SF089	unclean	unclean	0.8342	85	A_species_abundance
SF090	unclean	clean	0.4508	85	A_species_abundance
SF091	unclean	unclean	0.6256	85	A_species_abundance
SF092	unclean	unclean	0.7238	85	A_species_abundance
SF093	unclean	clean	0.4454	85	A_species_abundance
SF094	clean	clean	0.3536	85	A_species_abundance
SF095	unclean	clean	0.2518	85	A_species_abundance
SF096	clean	clean	0.2738	85	A_species_abundance
SF097	unclean	clean	0.413	85	A_species_abundance
SF001	unclean	unclean	0.7434	86	A_species_abundance
SF002	clean	clean	0.1876	86	A_species_abundance
SF003	unclean	unclean	0.5564	86	A_species_abundance
SF004	clean	clean	0.256	86	A_species_abundance
SF005	clean	clean	0.3428	86	A_species_abundance
SF006	unclean	unclean	0.747	86	A_species_abundance
SF007	unclean	unclean	0.7424	86	A_species_abundance
SF008	clean	clean	0.3612	86	A_species_abundance
SF009	unclean	clean	0.4198	86	A_species_abundance
SF010	unclean	unclean	0.7864	86	A_species_abundance
SF011	clean	clean	0.3648	86	A_species_abundance
SF012	clean	unclean	0.7094	86	A_species_abundance
SF013	unclean	clean	0.2544	86	A_species_abundance
SF014	clean	clean	0.466	86	A_species_abundance
SF015	clean	clean	0.2944	86	A_species_abundance
SF016	unclean	unclean	0.5104	86	A_species_abundance
SF017	unclean	clean	0.3864	86	A_species_abundance
SF018	unclean	unclean	0.8054	86	A_species_abundance
SF019	clean	clean	0.2836	86	A_species_abundance
SF020	clean	clean	0.3032	86	A_species_abundance
SF021	unclean	clean	0.2678	86	A_species_abundance
SF022	unclean	clean	0.2784	86	A_species_abundance
SF023	clean	clean	0.3102	86	A_species_abundance
SF024	unclean	clean	0.2702	86	A_species_abundance
SF025	clean	clean	0.2208	86	A_species_abundance
SF026	clean	clean	0.2348	86	A_species_abundance
SF027	clean	unclean	0.631	86	A_species_abundance
SF028	unclean	unclean	0.6212	86	A_species_abundance
SF029	clean	clean	0.223	86	A_species_abundance
SF030	clean	unclean	0.6506	86	A_species_abundance
SF031	clean	unclean	0.526	86	A_species_abundance
SF032	clean	clean	0.3578	86	A_species_abundance
SF033	clean	clean	0.4658	86	A_species_abundance
SF034	clean	clean	0.2848	86	A_species_abundance
SF035	clean	clean	0.2736	86	A_species_abundance
SF036	unclean	unclean	0.5644	86	A_species_abundance
SF037	clean	clean	0.412	86	A_species_abundance
SF038	clean	clean	0.3044	86	A_species_abundance
SF039	unclean	unclean	0.759	86	A_species_abundance
SF040	clean	clean	0.276	86	A_species_abundance
SF041	unclean	clean	0.223	86	A_species_abundance
SF042	clean	clean	0.2786	86	A_species_abundance
SF043	clean	clean	0.2742	86	A_species_abundance
SF044	clean	clean	0.1704	86	A_species_abundance
SF045	unclean	clean	0.2528	86	A_species_abundance
SF046	clean	unclean	0.5178	86	A_species_abundance
SF047	clean	unclean	0.6386	86	A_species_abundance
SF048	unclean	clean	0.2534	86	A_species_abundance
SF049	clean	clean	0.2946	86	A_species_abundance
SF050	clean	clean	0.3534	86	A_species_abundance
SF051	clean	clean	0.2866	86	A_species_abundance
SF052	clean	clean	0.3052	86	A_species_abundance
SF053	clean	clean	0.3828	86	A_species_abundance
SF054	unclean	unclean	0.5598	86	A_species_abundance
SF055	unclean	clean	0.2224	86	A_species_abundance
SF056	clean	unclean	0.5384	86	A_species_abundance
SF057	unclean	clean	0.3162	86	A_species_abundance
SF058	clean	clean	0.3742	86	A_species_abundance
SF059	unclean	clean	0.3934	86	A_species_abundance
SF060	unclean	clean	0.3724	86	A_species_abundance
SF061	clean	clean	0.3518	86	A_species_abundance
SF062	unclean	clean	0.1538	86	A_species_abundance
SF063	clean	clean	0.4412	86	A_species_abundance
SF064	clean	clean	0.2144	86	A_species_abundance
SF065	clean	clean	0.3696	86	A_species_abundance
SF066	clean	clean	0.3444	86	A_species_abundance
SF067	clean	unclean	0.5756	86	A_species_abundance
SF068	unclean	clean	0.2516	86	A_species_abundance
SF069	clean	clean	0.3696	86	A_species_abundance
SF070	unclean	unclean	0.7466	86	A_species_abundance
SF071	clean	clean	0.3352	86	A_species_abundance
SF072	unclean	clean	0.2334	86	A_species_abundance
SF073	clean	clean	0.3258	86	A_species_abundance
SF074	clean	clean	0.1954	86	A_species_abundance
SF075	clean	clean	0.4006	86	A_species_abundance
SF076	clean	clean	0.404	86	A_species_abundance
SF077	clean	clean	0.3106	86	A_species_abundance
SF078	unclean	clean	0.4104	86	A_species_abundance
SF079	unclean	unclean	0.526	86	A_species_abundance
SF080	unclean	clean	0.4964	86	A_species_abundance
SF081	unclean	clean	0.3916	86	A_species_abundance
SF082	unclean	clean	0.437	86	A_species_abundance
SF083	unclean	clean	0.4524	86	A_species_abundance
SF084	clean	clean	0.462	86	A_species_abundance
SF085	clean	clean	0.312	86	A_species_abundance
SF086	clean	unclean	0.563	86	A_species_abundance
SF087	unclean	unclean	0.8338	86	A_species_abundance
SF088	clean	clean	0.2548	86	A_species_abundance
SF089	unclean	unclean	0.8084	86	A_species_abundance
SF090	unclean	clean	0.4326	86	A_species_abundance
SF091	unclean	unclean	0.6084	86	A_species_abundance
SF092	unclean	unclean	0.7044	86	A_species_abundance
SF093	unclean	clean	0.4048	86	A_species_abundance
SF094	clean	clean	0.4182	86	A_species_abundance
SF095	unclean	clean	0.2292	86	A_species_abundance
SF096	clean	clean	0.2664	86	A_species_abundance
SF097	unclean	clean	0.3948	86	A_species_abundance
SF001	unclean	unclean	0.7674	87	A_species_abundance
SF002	clean	clean	0.242	87	A_species_abundance
SF003	unclean	unclean	0.5642	87	A_species_abundance
SF004	clean	clean	0.2404	87	A_species_abundance
SF005	clean	clean	0.3692	87	A_species_abundance
SF006	unclean	unclean	0.7582	87	A_species_abundance
SF007	unclean	unclean	0.7082	87	A_species_abundance
SF008	clean	clean	0.3404	87	A_species_abundance
SF009	unclean	clean	0.4888	87	A_species_abundance
SF010	unclean	unclean	0.7794	87	A_species_abundance
SF011	clean	clean	0.383	87	A_species_abundance
SF012	clean	unclean	0.645	87	A_species_abundance
SF013	unclean	clean	0.2552	87	A_species_abundance
SF014	clean	clean	0.4536	87	A_species_abundance
SF015	clean	clean	0.2958	87	A_species_abundance
SF016	unclean	unclean	0.5724	87	A_species_abundance
SF017	unclean	clean	0.411	87	A_species_abundance
SF018	unclean	unclean	0.8398	87	A_species_abundance
SF019	clean	clean	0.3182	87	A_species_abundance
SF020	clean	clean	0.2846	87	A_species_abundance
SF021	unclean	clean	0.3018	87	A_species_abundance
SF022	unclean	clean	0.352	87	A_species_abundance
SF023	clean	clean	0.3006	87	A_species_abundance
SF024	unclean	clean	0.2808	87	A_species_abundance
SF025	clean	clean	0.241	87	A_species_abundance
SF026	clean	clean	0.2224	87	A_species_abundance
SF027	clean	unclean	0.6192	87	A_species_abundance
SF028	unclean	unclean	0.6026	87	A_species_abundance
SF029	clean	clean	0.2554	87	A_species_abundance
SF030	clean	unclean	0.706	87	A_species_abundance
SF031	clean	clean	0.4558	87	A_species_abundance
SF032	clean	clean	0.3436	87	A_species_abundance
SF033	clean	clean	0.4598	87	A_species_abundance
SF034	clean	clean	0.2968	87	A_species_abundance
SF035	clean	clean	0.2636	87	A_species_abundance
SF036	unclean	unclean	0.5788	87	A_species_abundance
SF037	clean	clean	0.3632	87	A_species_abundance
SF038	clean	clean	0.34	87	A_species_abundance
SF039	unclean	unclean	0.6998	87	A_species_abundance
SF040	clean	clean	0.3364	87	A_species_abundance
SF041	unclean	clean	0.2876	87	A_species_abundance
SF042	clean	clean	0.2316	87	A_species_abundance
SF043	clean	clean	0.3174	87	A_species_abundance
SF044	clean	clean	0.277	87	A_species_abundance
SF045	unclean	clean	0.2508	87	A_species_abundance
SF046	clean	unclean	0.5222	87	A_species_abundance
SF047	clean	unclean	0.5866	87	A_species_abundance
SF048	unclean	clean	0.2926	87	A_species_abundance
SF049	clean	clean	0.3216	87	A_species_abundance
SF050	clean	clean	0.3718	87	A_species_abundance
SF051	clean	clean	0.2912	87	A_species_abundance
SF052	clean	clean	0.3148	87	A_species_abundance
SF053	clean	clean	0.4032	87	A_species_abundance
SF054	unclean	unclean	0.5752	87	A_species_abundance
SF055	unclean	clean	0.2096	87	A_species_abundance
SF056	clean	unclean	0.5108	87	A_species_abundance
SF057	unclean	clean	0.2412	87	A_species_abundance
SF058	clean	clean	0.3968	87	A_species_abundance
SF059	unclean	clean	0.4322	87	A_species_abundance
SF060	unclean	clean	0.4186	87	A_species_abundance
SF061	clean	clean	0.3674	87	A_species_abundance
SF062	unclean	clean	0.2328	87	A_species_abundance
SF063	clean	clean	0.42	87	A_species_abundance
SF064	clean	clean	0.173	87	A_species_abundance
SF065	clean	clean	0.3284	87	A_species_abundance
SF066	clean	clean	0.3522	87	A_species_abundance
SF067	clean	clean	0.4922	87	A_species_abundance
SF068	unclean	clean	0.2762	87	A_species_abundance
SF069	clean	clean	0.353	87	A_species_abundance
SF070	unclean	unclean	0.7542	87	A_species_abundance
SF071	clean	clean	0.4368	87	A_species_abundance
SF072	unclean	clean	0.1904	87	A_species_abundance
SF073	clean	clean	0.2764	87	A_species_abundance
SF074	clean	clean	0.212	87	A_species_abundance
SF075	clean	clean	0.3634	87	A_species_abundance
SF076	clean	clean	0.392	87	A_species_abundance
SF077	clean	clean	0.365	87	A_species_abundance
SF078	unclean	clean	0.481	87	A_species_abundance
SF079	unclean	unclean	0.5352	87	A_species_abundance
SF080	unclean	unclean	0.5114	87	A_species_abundance
SF081	unclean	clean	0.3358	87	A_species_abundance
SF082	unclean	clean	0.4372	87	A_species_abundance
SF083	unclean	unclean	0.5202	87	A_species_abundance
SF084	clean	clean	0.478	87	A_species_abundance
SF085	clean	clean	0.3432	87	A_species_abundance
SF086	clean	unclean	0.5706	87	A_species_abundance
SF087	unclean	unclean	0.8238	87	A_species_abundance
SF088	clean	clean	0.325	87	A_species_abundance
SF089	unclean	unclean	0.8292	87	A_species_abundance
SF090	unclean	clean	0.3744	87	A_species_abundance
SF091	unclean	unclean	0.598	87	A_species_abundance
SF092	unclean	unclean	0.727	87	A_species_abundance
SF093	unclean	clean	0.3698	87	A_species_abundance
SF094	clean	clean	0.3632	87	A_species_abundance
SF095	unclean	clean	0.2724	87	A_species_abundance
SF096	clean	clean	0.255	87	A_species_abundance
SF097	unclean	clean	0.456	87	A_species_abundance
SF001	unclean	unclean	0.7374	88	A_species_abundance
SF002	clean	clean	0.233	88	A_species_abundance
SF003	unclean	unclean	0.536	88	A_species_abundance
SF004	clean	clean	0.2948	88	A_species_abundance
SF005	clean	clean	0.329	88	A_species_abundance
SF006	unclean	unclean	0.7486	88	A_species_abundance
SF007	unclean	unclean	0.7276	88	A_species_abundance
SF008	clean	clean	0.269	88	A_species_abundance
SF009	unclean	clean	0.4022	88	A_species_abundance
SF010	unclean	unclean	0.775	88	A_species_abundance
SF011	clean	clean	0.3454	88	A_species_abundance
SF012	clean	unclean	0.6668	88	A_species_abundance
SF013	unclean	clean	0.2332	88	A_species_abundance
SF014	clean	clean	0.405	88	A_species_abundance
SF015	clean	clean	0.3126	88	A_species_abundance
SF016	unclean	unclean	0.5186	88	A_species_abundance
SF017	unclean	clean	0.3842	88	A_species_abundance
SF018	unclean	unclean	0.7926	88	A_species_abundance
SF019	clean	clean	0.3204	88	A_species_abundance
SF020	clean	clean	0.3202	88	A_species_abundance
SF021	unclean	clean	0.2928	88	A_species_abundance
SF022	unclean	clean	0.3784	88	A_species_abundance
SF023	clean	clean	0.1954	88	A_species_abundance
SF024	unclean	clean	0.3178	88	A_species_abundance
SF025	clean	clean	0.26	88	A_species_abundance
SF026	clean	clean	0.2146	88	A_species_abundance
SF027	clean	unclean	0.5982	88	A_species_abundance
SF028	unclean	unclean	0.5564	88	A_species_abundance
SF029	clean	clean	0.2604	88	A_species_abundance
SF030	clean	unclean	0.6714	88	A_species_abundance
SF031	clean	unclean	0.544	88	A_species_abundance
SF032	clean	clean	0.3764	88	A_species_abundance
SF033	clean	unclean	0.513	88	A_species_abundance
SF034	clean	clean	0.274	88	A_species_abundance
SF035	clean	clean	0.2974	88	A_species_abundance
SF036	unclean	unclean	0.5912	88	A_species_abundance
SF037	clean	clean	0.336	88	A_species_abundance
SF038	clean	clean	0.339	88	A_species_abundance
SF039	unclean	unclean	0.7508	88	A_species_abundance
SF040	clean	clean	0.3776	88	A_species_abundance
SF041	unclean	clean	0.2554	88	A_species_abundance
SF042	clean	clean	0.2434	88	A_species_abundance
SF043	clean	clean	0.2758	88	A_species_abundance
SF044	clean	clean	0.3158	88	A_species_abundance
SF045	unclean	clean	0.274	88	A_species_abundance
SF046	clean	unclean	0.5026	88	A_species_abundance
SF047	clean	unclean	0.683	88	A_species_abundance
SF048	unclean	clean	0.2406	88	A_species_abundance
SF049	clean	clean	0.3132	88	A_species_abundance
SF050	clean	clean	0.3254	88	A_species_abundance
SF051	clean	clean	0.2888	88	A_species_abundance
SF052	clean	clean	0.3418	88	A_species_abundance
SF053	clean	clean	0.3376	88	A_species_abundance
SF054	unclean	unclean	0.6092	88	A_species_abundance
SF055	unclean	clean	0.271	88	A_species_abundance
SF056	clean	unclean	0.5284	88	A_species_abundance
SF057	unclean	clean	0.2932	88	A_species_abundance
SF058	clean	clean	0.4176	88	A_species_abundance
SF059	unclean	clean	0.4282	88	A_species_abundance
SF060	unclean	clean	0.382	88	A_species_abundance
SF061	clean	clean	0.3556	88	A_species_abundance
SF062	unclean	clean	0.1736	88	A_species_abundance
SF063	clean	clean	0.4512	88	A_species_abundance
SF064	clean	clean	0.2174	88	A_species_abundance
SF065	clean	clean	0.4038	88	A_species_abundance
SF066	clean	clean	0.432	88	A_species_abundance
SF067	clean	unclean	0.5292	88	A_species_abundance
SF068	unclean	clean	0.2786	88	A_species_abundance
SF069	clean	clean	0.3824	88	A_species_abundance
SF070	unclean	unclean	0.773	88	A_species_abundance
SF071	clean	clean	0.401	88	A_species_abundance
SF072	unclean	clean	0.2376	88	A_species_abundance
SF073	clean	clean	0.2368	88	A_species_abundance
SF074	clean	clean	0.1804	88	A_species_abundance
SF075	clean	clean	0.3916	88	A_species_abundance
SF076	clean	clean	0.4354	88	A_species_abundance
SF077	clean	clean	0.3164	88	A_species_abundance
SF078	unclean	clean	0.4238	88	A_species_abundance
SF079	unclean	unclean	0.5728	88	A_species_abundance
SF080	unclean	unclean	0.5178	88	A_species_abundance
SF081	unclean	clean	0.3292	88	A_species_abundance
SF082	unclean	clean	0.4594	88	A_species_abundance
SF083	unclean	clean	0.4718	88	A_species_abundance
SF084	clean	clean	0.4098	88	A_species_abundance
SF085	clean	clean	0.2884	88	A_species_abundance
SF086	clean	unclean	0.587	88	A_species_abundance
SF087	unclean	unclean	0.7998	88	A_species_abundance
SF088	clean	clean	0.2916	88	A_species_abundance
SF089	unclean	unclean	0.7848	88	A_species_abundance
SF090	unclean	clean	0.4464	88	A_species_abundance
SF091	unclean	unclean	0.6198	88	A_species_abundance
SF092	unclean	unclean	0.6632	88	A_species_abundance
SF093	unclean	clean	0.4586	88	A_species_abundance
SF094	clean	clean	0.364	88	A_species_abundance
SF095	unclean	clean	0.2494	88	A_species_abundance
SF096	clean	clean	0.236	88	A_species_abundance
SF097	unclean	clean	0.4332	88	A_species_abundance
SF001	unclean	unclean	0.7516	89	A_species_abundance
SF002	clean	clean	0.2334	89	A_species_abundance
SF003	unclean	unclean	0.555	89	A_species_abundance
SF004	clean	clean	0.268	89	A_species_abundance
SF005	clean	clean	0.3394	89	A_species_abundance
SF006	unclean	unclean	0.7456	89	A_species_abundance
SF007	unclean	unclean	0.7322	89	A_species_abundance
SF008	clean	clean	0.3756	89	A_species_abundance
SF009	unclean	clean	0.4408	89	A_species_abundance
SF010	unclean	unclean	0.7798	89	A_species_abundance
SF011	clean	clean	0.345	89	A_species_abundance
SF012	clean	unclean	0.6582	89	A_species_abundance
SF013	unclean	clean	0.2368	89	A_species_abundance
SF014	clean	clean	0.4812	89	A_species_abundance
SF015	clean	clean	0.3076	89	A_species_abundance
SF016	unclean	unclean	0.5356	89	A_species_abundance
SF017	unclean	clean	0.4086	89	A_species_abundance
SF018	unclean	unclean	0.8268	89	A_species_abundance
SF019	clean	clean	0.3228	89	A_species_abundance
SF020	clean	clean	0.3026	89	A_species_abundance
SF021	unclean	clean	0.2784	89	A_species_abundance
SF022	unclean	clean	0.3572	89	A_species_abundance
SF023	clean	clean	0.3224	89	A_species_abundance
SF024	unclean	clean	0.319	89	A_species_abundance
SF025	clean	clean	0.2992	89	A_species_abundance
SF026	clean	clean	0.1776	89	A_species_abundance
SF027	clean	unclean	0.6128	89	A_species_abundance
SF028	unclean	unclean	0.5864	89	A_species_abundance
SF029	clean	clean	0.2202	89	A_species_abundance
SF030	clean	unclean	0.7358	89	A_species_abundance
SF031	clean	unclean	0.5544	89	A_species_abundance
SF032	clean	clean	0.3028	89	A_species_abundance
SF033	clean	clean	0.4776	89	A_species_abundance
SF034	clean	clean	0.2628	89	A_species_abundance
SF035	clean	clean	0.2664	89	A_species_abundance
SF036	unclean	unclean	0.6534	89	A_species_abundance
SF037	clean	clean	0.384	89	A_species_abundance
SF038	clean	clean	0.3116	89	A_species_abundance
SF039	unclean	unclean	0.7438	89	A_species_abundance
SF040	clean	clean	0.3774	89	A_species_abundance
SF041	unclean	clean	0.266	89	A_species_abundance
SF042	clean	clean	0.2242	89	A_species_abundance
SF043	clean	clean	0.3182	89	A_species_abundance
SF044	clean	clean	0.2106	89	A_species_abundance
SF045	unclean	clean	0.2774	89	A_species_abundance
SF046	clean	unclean	0.504	89	A_species_abundance
SF047	clean	unclean	0.6954	89	A_species_abundance
SF048	unclean	clean	0.2718	89	A_species_abundance
SF049	clean	clean	0.3852	89	A_species_abundance
SF050	clean	clean	0.3412	89	A_species_abundance
SF051	clean	clean	0.326	89	A_species_abundance
SF052	clean	clean	0.2846	89	A_species_abundance
SF053	clean	clean	0.3718	89	A_species_abundance
SF054	unclean	unclean	0.5892	89	A_species_abundance
SF055	unclean	clean	0.1722	89	A_species_abundance
SF056	clean	unclean	0.502	89	A_species_abundance
SF057	unclean	clean	0.3006	89	A_species_abundance
SF058	clean	clean	0.4058	89	A_species_abundance
SF059	unclean	clean	0.4468	89	A_species_abundance
SF060	unclean	clean	0.3766	89	A_species_abundance
SF061	clean	clean	0.3442	89	A_species_abundance
SF062	unclean	clean	0.1748	89	A_species_abundance
SF063	clean	clean	0.4494	89	A_species_abundance
SF064	clean	clean	0.242	89	A_species_abundance
SF065	clean	clean	0.4272	89	A_species_abundance
SF066	clean	clean	0.2772	89	A_species_abundance
SF067	clean	clean	0.4694	89	A_species_abundance
SF068	unclean	clean	0.2774	89	A_species_abundance
SF069	clean	clean	0.4292	89	A_species_abundance
SF070	unclean	unclean	0.7624	89	A_species_abundance
SF071	clean	clean	0.3926	89	A_species_abundance
SF072	unclean	clean	0.202	89	A_species_abundance
SF073	clean	clean	0.2276	89	A_species_abundance
SF074	clean	clean	0.2146	89	A_species_abundance
SF075	clean	clean	0.4054	89	A_species_abundance
SF076	clean	clean	0.4504	89	A_species_abundance
SF077	clean	clean	0.3524	89	A_species_abundance
SF078	unclean	clean	0.3954	89	A_species_abundance
SF079	unclean	clean	0.4996	89	A_species_abundance
SF080	unclean	unclean	0.5402	89	A_species_abundance
SF081	unclean	clean	0.3836	89	A_species_abundance
SF082	unclean	clean	0.3972	89	A_species_abundance
SF083	unclean	clean	0.4844	89	A_species_abundance
SF084	clean	clean	0.429	89	A_species_abundance
SF085	clean	clean	0.347	89	A_species_abundance
SF086	clean	unclean	0.5352	89	A_species_abundance
SF087	unclean	unclean	0.7744	89	A_species_abundance
SF088	clean	clean	0.261	89	A_species_abundance
SF089	unclean	unclean	0.7928	89	A_species_abundance
SF090	unclean	clean	0.4402	89	A_species_abundance
SF091	unclean	unclean	0.5506	89	A_species_abundance
SF092	unclean	unclean	0.6942	89	A_species_abundance
SF093	unclean	clean	0.394	89	A_species_abundance
SF094	clean	clean	0.4092	89	A_species_abundance
SF095	unclean	clean	0.2406	89	A_species_abundance
SF096	clean	clean	0.2358	89	A_species_abundance
SF097	unclean	clean	0.4294	89	A_species_abundance
SF001	unclean	unclean	0.777	90	A_species_abundance
SF002	clean	clean	0.2778	90	A_species_abundance
SF003	unclean	unclean	0.5572	90	A_species_abundance
SF004	clean	clean	0.2524	90	A_species_abundance
SF005	clean	clean	0.3074	90	A_species_abundance
SF006	unclean	unclean	0.7516	90	A_species_abundance
SF007	unclean	unclean	0.7574	90	A_species_abundance
SF008	clean	clean	0.355	90	A_species_abundance
SF009	unclean	clean	0.436	90	A_species_abundance
SF010	unclean	unclean	0.7904	90	A_species_abundance
SF011	clean	clean	0.3658	90	A_species_abundance
SF012	clean	unclean	0.6348	90	A_species_abundance
SF013	unclean	clean	0.283	90	A_species_abundance
SF014	clean	clean	0.427	90	A_species_abundance
SF015	clean	clean	0.306	90	A_species_abundance
SF016	unclean	unclean	0.5478	90	A_species_abundance
SF017	unclean	clean	0.4326	90	A_species_abundance
SF018	unclean	unclean	0.8304	90	A_species_abundance
SF019	clean	clean	0.2788	90	A_species_abundance
SF020	clean	clean	0.2698	90	A_species_abundance
SF021	unclean	clean	0.262	90	A_species_abundance
SF022	unclean	clean	0.3686	90	A_species_abundance
SF023	clean	clean	0.2418	90	A_species_abundance
SF024	unclean	clean	0.3168	90	A_species_abundance
SF025	clean	clean	0.2642	90	A_species_abundance
SF026	clean	clean	0.2894	90	A_species_abundance
SF027	clean	unclean	0.574	90	A_species_abundance
SF028	unclean	unclean	0.598	90	A_species_abundance
SF029	clean	clean	0.2026	90	A_species_abundance
SF030	clean	unclean	0.6494	90	A_species_abundance
SF031	clean	unclean	0.5024	90	A_species_abundance
SF032	clean	clean	0.367	90	A_species_abundance
SF033	clean	clean	0.4852	90	A_species_abundance
SF034	clean	clean	0.3512	90	A_species_abundance
SF035	clean	clean	0.2584	90	A_species_abundance
SF036	unclean	unclean	0.5986	90	A_species_abundance
SF037	clean	clean	0.3934	90	A_species_abundance
SF038	clean	clean	0.2626	90	A_species_abundance
SF039	unclean	unclean	0.6976	90	A_species_abundance
SF040	clean	clean	0.3402	90	A_species_abundance
SF041	unclean	clean	0.3148	90	A_species_abundance
SF042	clean	clean	0.2764	90	A_species_abundance
SF043	clean	clean	0.3248	90	A_species_abundance
SF044	clean	clean	0.283	90	A_species_abundance
SF045	unclean	clean	0.2466	90	A_species_abundance
SF046	clean	clean	0.4646	90	A_species_abundance
SF047	clean	unclean	0.587	90	A_species_abundance
SF048	unclean	clean	0.2544	90	A_species_abundance
SF049	clean	clean	0.304	90	A_species_abundance
SF050	clean	clean	0.3236	90	A_species_abundance
SF051	clean	clean	0.3726	90	A_species_abundance
SF052	clean	clean	0.3684	90	A_species_abundance
SF053	clean	clean	0.3968	90	A_species_abundance
SF054	unclean	unclean	0.6072	90	A_species_abundance
SF055	unclean	clean	0.2682	90	A_species_abundance
SF056	clean	unclean	0.5234	90	A_species_abundance
SF057	unclean	clean	0.3248	90	A_species_abundance
SF058	clean	clean	0.3644	90	A_species_abundance
SF059	unclean	clean	0.474	90	A_species_abundance
SF060	unclean	clean	0.4054	90	A_species_abundance
SF061	clean	clean	0.3572	90	A_species_abundance
SF062	unclean	clean	0.1952	90	A_species_abundance
SF063	clean	clean	0.387	90	A_species_abundance
SF064	clean	clean	0.2296	90	A_species_abundance
SF065	clean	clean	0.2662	90	A_species_abundance
SF066	clean	clean	0.3492	90	A_species_abundance
SF067	clean	clean	0.4946	90	A_species_abundance
SF068	unclean	clean	0.2848	90	A_species_abundance
SF069	clean	clean	0.3094	90	A_species_abundance
SF070	unclean	unclean	0.7622	90	A_species_abundance
SF071	clean	clean	0.4344	90	A_species_abundance
SF072	unclean	clean	0.1992	90	A_species_abundance
SF073	clean	clean	0.2706	90	A_species_abundance
SF074	clean	clean	0.1872	90	A_species_abundance
SF075	clean	clean	0.3644	90	A_species_abundance
SF076	clean	clean	0.4334	90	A_species_abundance
SF077	clean	clean	0.3206	90	A_species_abundance
SF078	unclean	clean	0.4132	90	A_species_abundance
SF079	unclean	unclean	0.523	90	A_species_abundance
SF080	unclean	clean	0.4936	90	A_species_abundance
SF081	unclean	clean	0.3604	90	A_species_abundance
SF082	unclean	clean	0.465	90	A_species_abundance
SF083	unclean	clean	0.47	90	A_species_abundance
SF084	clean	clean	0.412	90	A_species_abundance
SF085	clean	clean	0.3426	90	A_species_abundance
SF086	clean	unclean	0.5506	90	A_species_abundance
SF087	unclean	unclean	0.752	90	A_species_abundance
SF088	clean	clean	0.2732	90	A_species_abundance
SF089	unclean	unclean	0.8302	90	A_species_abundance
SF090	unclean	clean	0.4228	90	A_species_abundance
SF091	unclean	unclean	0.6146	90	A_species_abundance
SF092	unclean	unclean	0.71	90	A_species_abundance
SF093	unclean	clean	0.471	90	A_species_abundance
SF094	clean	clean	0.3292	90	A_species_abundance
SF095	unclean	clean	0.2102	90	A_species_abundance
SF096	clean	clean	0.1526	90	A_species_abundance
SF097	unclean	clean	0.447	90	A_species_abundance
SF001	unclean	unclean	0.767	91	A_species_abundance
SF002	clean	clean	0.2762	91	A_species_abundance
SF003	unclean	unclean	0.5362	91	A_species_abundance
SF004	clean	clean	0.236	91	A_species_abundance
SF005	clean	clean	0.2784	91	A_species_abundance
SF006	unclean	unclean	0.7218	91	A_species_abundance
SF007	unclean	unclean	0.73	91	A_species_abundance
SF008	clean	clean	0.3468	91	A_species_abundance
SF009	unclean	clean	0.4192	91	A_species_abundance
SF010	unclean	unclean	0.7504	91	A_species_abundance
SF011	clean	clean	0.3674	91	A_species_abundance
SF012	clean	unclean	0.6556	91	A_species_abundance
SF013	unclean	clean	0.2608	91	A_species_abundance
SF014	clean	clean	0.448	91	A_species_abundance
SF015	clean	clean	0.295	91	A_species_abundance
SF016	unclean	unclean	0.553	91	A_species_abundance
SF017	unclean	clean	0.4394	91	A_species_abundance
SF018	unclean	unclean	0.828	91	A_species_abundance
SF019	clean	clean	0.3034	91	A_species_abundance
SF020	clean	clean	0.3264	91	A_species_abundance
SF021	unclean	clean	0.259	91	A_species_abundance
SF022	unclean	clean	0.3632	91	A_species_abundance
SF023	clean	clean	0.3168	91	A_species_abundance
SF024	unclean	clean	0.2976	91	A_species_abundance
SF025	clean	clean	0.2138	91	A_species_abundance
SF026	clean	clean	0.2066	91	A_species_abundance
SF027	clean	unclean	0.64	91	A_species_abundance
SF028	unclean	unclean	0.6624	91	A_species_abundance
SF029	clean	clean	0.2264	91	A_species_abundance
SF030	clean	unclean	0.7312	91	A_species_abundance
SF031	clean	unclean	0.524	91	A_species_abundance
SF032	clean	clean	0.3074	91	A_species_abundance
SF033	clean	clean	0.4598	91	A_species_abundance
SF034	clean	clean	0.2658	91	A_species_abundance
SF035	clean	clean	0.285	91	A_species_abundance
SF036	unclean	unclean	0.6314	91	A_species_abundance
SF037	clean	clean	0.4014	91	A_species_abundance
SF038	clean	clean	0.3262	91	A_species_abundance
SF039	unclean	unclean	0.7302	91	A_species_abundance
SF040	clean	clean	0.302	91	A_species_abundance
SF041	unclean	clean	0.257	91	A_species_abundance
SF042	clean	clean	0.2888	91	A_species_abundance
SF043	clean	clean	0.2906	91	A_species_abundance
SF044	clean	clean	0.2602	91	A_species_abundance
SF045	unclean	clean	0.2522	91	A_species_abundance
SF046	clean	clean	0.479	91	A_species_abundance
SF047	clean	unclean	0.6118	91	A_species_abundance
SF048	unclean	clean	0.266	91	A_species_abundance
SF049	clean	clean	0.3184	91	A_species_abundance
SF050	clean	clean	0.3098	91	A_species_abundance
SF051	clean	clean	0.2848	91	A_species_abundance
SF052	clean	clean	0.316	91	A_species_abundance
SF053	clean	clean	0.3876	91	A_species_abundance
SF054	unclean	unclean	0.5844	91	A_species_abundance
SF055	unclean	clean	0.27	91	A_species_abundance
SF056	clean	clean	0.447	91	A_species_abundance
SF057	unclean	clean	0.3518	91	A_species_abundance
SF058	clean	clean	0.4458	91	A_species_abundance
SF059	unclean	unclean	0.5036	91	A_species_abundance
SF060	unclean	clean	0.4006	91	A_species_abundance
SF061	clean	clean	0.3488	91	A_species_abundance
SF062	unclean	clean	0.182	91	A_species_abundance
SF063	clean	clean	0.4278	91	A_species_abundance
SF064	clean	clean	0.1486	91	A_species_abundance
SF065	clean	clean	0.426	91	A_species_abundance
SF066	clean	clean	0.3078	91	A_species_abundance
SF067	clean	clean	0.4904	91	A_species_abundance
SF068	unclean	clean	0.2734	91	A_species_abundance
SF069	clean	clean	0.4034	91	A_species_abundance
SF070	unclean	unclean	0.7458	91	A_species_abundance
SF071	clean	clean	0.3888	91	A_species_abundance
SF072	unclean	clean	0.1908	91	A_species_abundance
SF073	clean	clean	0.2908	91	A_species_abundance
SF074	clean	clean	0.1946	91	A_species_abundance
SF075	clean	clean	0.348	91	A_species_abundance
SF076	clean	clean	0.407	91	A_species_abundance
SF077	clean	clean	0.368	91	A_species_abundance
SF078	unclean	clean	0.394	91	A_species_abundance
SF079	unclean	unclean	0.567	91	A_species_abundance
SF080	unclean	clean	0.4662	91	A_species_abundance
SF081	unclean	clean	0.4348	91	A_species_abundance
SF082	unclean	clean	0.3736	91	A_species_abundance
SF083	unclean	clean	0.3796	91	A_species_abundance
SF084	clean	clean	0.4636	91	A_species_abundance
SF085	clean	clean	0.346	91	A_species_abundance
SF086	clean	unclean	0.5328	91	A_species_abundance
SF087	unclean	unclean	0.8074	91	A_species_abundance
SF088	clean	clean	0.2536	91	A_species_abundance
SF089	unclean	unclean	0.823	91	A_species_abundance
SF090	unclean	clean	0.3792	91	A_species_abundance
SF091	unclean	unclean	0.587	91	A_species_abundance
SF092	unclean	unclean	0.6726	91	A_species_abundance
SF093	unclean	clean	0.4338	91	A_species_abundance
SF094	clean	clean	0.3062	91	A_species_abundance
SF095	unclean	clean	0.235	91	A_species_abundance
SF096	clean	clean	0.1728	91	A_species_abundance
SF097	unclean	clean	0.4926	91	A_species_abundance
SF001	unclean	unclean	0.7602	92	A_species_abundance
SF002	clean	clean	0.2516	92	A_species_abundance
SF003	unclean	unclean	0.5506	92	A_species_abundance
SF004	clean	clean	0.2736	92	A_species_abundance
SF005	clean	clean	0.3306	92	A_species_abundance
SF006	unclean	unclean	0.7002	92	A_species_abundance
SF007	unclean	unclean	0.694	92	A_species_abundance
SF008	clean	clean	0.3092	92	A_species_abundance
SF009	unclean	clean	0.4372	92	A_species_abundance
SF010	unclean	unclean	0.7804	92	A_species_abundance
SF011	clean	clean	0.3694	92	A_species_abundance
SF012	clean	unclean	0.702	92	A_species_abundance
SF013	unclean	clean	0.245	92	A_species_abundance
SF014	clean	clean	0.43	92	A_species_abundance
SF015	clean	clean	0.2978	92	A_species_abundance
SF016	unclean	clean	0.4884	92	A_species_abundance
SF017	unclean	clean	0.4288	92	A_species_abundance
SF018	unclean	unclean	0.7758	92	A_species_abundance
SF019	clean	clean	0.2644	92	A_species_abundance
SF020	clean	clean	0.258	92	A_species_abundance
SF021	unclean	clean	0.2892	92	A_species_abundance
SF022	unclean	clean	0.3936	92	A_species_abundance
SF023	clean	clean	0.306	92	A_species_abundance
SF024	unclean	clean	0.2596	92	A_species_abundance
SF025	clean	clean	0.2674	92	A_species_abundance
SF026	clean	clean	0.2408	92	A_species_abundance
SF027	clean	unclean	0.6424	92	A_species_abundance
SF028	unclean	unclean	0.6284	92	A_species_abundance
SF029	clean	clean	0.2266	92	A_species_abundance
SF030	clean	unclean	0.7222	92	A_species_abundance
SF031	clean	unclean	0.5152	92	A_species_abundance
SF032	clean	clean	0.4174	92	A_species_abundance
SF033	clean	clean	0.4786	92	A_species_abundance
SF034	clean	clean	0.2762	92	A_species_abundance
SF035	clean	clean	0.2928	92	A_species_abundance
SF036	unclean	unclean	0.5478	92	A_species_abundance
SF037	clean	clean	0.378	92	A_species_abundance
SF038	clean	clean	0.2768	92	A_species_abundance
SF039	unclean	unclean	0.7894	92	A_species_abundance
SF040	clean	clean	0.3656	92	A_species_abundance
SF041	unclean	clean	0.299	92	A_species_abundance
SF042	clean	clean	0.187	92	A_species_abundance
SF043	clean	clean	0.317	92	A_species_abundance
SF044	clean	clean	0.3	92	A_species_abundance
SF045	unclean	clean	0.2922	92	A_species_abundance
SF046	clean	clean	0.4928	92	A_species_abundance
SF047	clean	unclean	0.6922	92	A_species_abundance
SF048	unclean	clean	0.2488	92	A_species_abundance
SF049	clean	clean	0.3208	92	A_species_abundance
SF050	clean	clean	0.3642	92	A_species_abundance
SF051	clean	clean	0.2682	92	A_species_abundance
SF052	clean	clean	0.3438	92	A_species_abundance
SF053	clean	clean	0.4152	92	A_species_abundance
SF054	unclean	unclean	0.6574	92	A_species_abundance
SF055	unclean	clean	0.3202	92	A_species_abundance
SF056	clean	unclean	0.5298	92	A_species_abundance
SF057	unclean	clean	0.2972	92	A_species_abundance
SF058	clean	clean	0.3984	92	A_species_abundance
SF059	unclean	clean	0.4616	92	A_species_abundance
SF060	unclean	clean	0.4006	92	A_species_abundance
SF061	clean	clean	0.3546	92	A_species_abundance
SF062	unclean	clean	0.2026	92	A_species_abundance
SF063	clean	clean	0.4546	92	A_species_abundance
SF064	clean	clean	0.2364	92	A_species_abundance
SF065	clean	clean	0.4464	92	A_species_abundance
SF066	clean	clean	0.3328	92	A_species_abundance
SF067	clean	unclean	0.5354	92	A_species_abundance
SF068	unclean	clean	0.2502	92	A_species_abundance
SF069	clean	clean	0.395	92	A_species_abundance
SF070	unclean	unclean	0.7392	92	A_species_abundance
SF071	clean	clean	0.374	92	A_species_abundance
SF072	unclean	clean	0.1926	92	A_species_abundance
SF073	clean	clean	0.2432	92	A_species_abundance
SF074	clean	clean	0.1642	92	A_species_abundance
SF075	clean	clean	0.3692	92	A_species_abundance
SF076	clean	clean	0.4108	92	A_species_abundance
SF077	clean	clean	0.3038	92	A_species_abundance
SF078	unclean	clean	0.4326	92	A_species_abundance
SF079	unclean	unclean	0.5562	92	A_species_abundance
SF080	unclean	unclean	0.5008	92	A_species_abundance
SF081	unclean	clean	0.3802	92	A_species_abundance
SF082	unclean	clean	0.4172	92	A_species_abundance
SF083	unclean	clean	0.4952	92	A_species_abundance
SF084	clean	clean	0.4474	92	A_species_abundance
SF085	clean	clean	0.3278	92	A_species_abundance
SF086	clean	unclean	0.5434	92	A_species_abundance
SF087	unclean	unclean	0.7286	92	A_species_abundance
SF088	clean	clean	0.2628	92	A_species_abundance
SF089	unclean	unclean	0.7428	92	A_species_abundance
SF090	unclean	clean	0.3678	92	A_species_abundance
SF091	unclean	unclean	0.6542	92	A_species_abundance
SF092	unclean	unclean	0.6444	92	A_species_abundance
SF093	unclean	clean	0.4548	92	A_species_abundance
SF094	clean	clean	0.4248	92	A_species_abundance
SF095	unclean	clean	0.2798	92	A_species_abundance
SF096	clean	clean	0.2312	92	A_species_abundance
SF097	unclean	clean	0.4362	92	A_species_abundance
SF001	unclean	unclean	0.772	93	A_species_abundance
SF002	clean	clean	0.2214	93	A_species_abundance
SF003	unclean	unclean	0.6106	93	A_species_abundance
SF004	clean	clean	0.283	93	A_species_abundance
SF005	clean	clean	0.3276	93	A_species_abundance
SF006	unclean	unclean	0.751	93	A_species_abundance
SF007	unclean	unclean	0.7366	93	A_species_abundance
SF008	clean	clean	0.3568	93	A_species_abundance
SF009	unclean	clean	0.4436	93	A_species_abundance
SF010	unclean	unclean	0.7948	93	A_species_abundance
SF011	clean	clean	0.3694	93	A_species_abundance
SF012	clean	unclean	0.6876	93	A_species_abundance
SF013	unclean	clean	0.2088	93	A_species_abundance
SF014	clean	clean	0.4632	93	A_species_abundance
SF015	clean	clean	0.3484	93	A_species_abundance
SF016	unclean	unclean	0.535	93	A_species_abundance
SF017	unclean	clean	0.4346	93	A_species_abundance
SF018	unclean	unclean	0.8286	93	A_species_abundance
SF019	clean	clean	0.2494	93	A_species_abundance
SF020	clean	clean	0.31	93	A_species_abundance
SF021	unclean	clean	0.2668	93	A_species_abundance
SF022	unclean	clean	0.354	93	A_species_abundance
SF023	clean	clean	0.2176	93	A_species_abundance
SF024	unclean	clean	0.31	93	A_species_abundance
SF025	clean	clean	0.2734	93	A_species_abundance
SF026	clean	clean	0.2028	93	A_species_abundance
SF027	clean	unclean	0.563	93	A_species_abundance
SF028	unclean	unclean	0.5968	93	A_species_abundance
SF029	clean	clean	0.2458	93	A_species_abundance
SF030	clean	unclean	0.7008	93	A_species_abundance
SF031	clean	unclean	0.5566	93	A_species_abundance
SF032	clean	clean	0.3648	93	A_species_abundance
SF033	clean	unclean	0.5166	93	A_species_abundance
SF034	clean	clean	0.2926	93	A_species_abundance
SF035	clean	clean	0.236	93	A_species_abundance
SF036	unclean	unclean	0.5424	93	A_species_abundance
SF037	clean	clean	0.4282	93	A_species_abundance
SF038	clean	clean	0.356	93	A_species_abundance
SF039	unclean	unclean	0.7188	93	A_species_abundance
SF040	clean	clean	0.333	93	A_species_abundance
SF041	unclean	clean	0.2798	93	A_species_abundance
SF042	clean	clean	0.2514	93	A_species_abundance
SF043	clean	clean	0.2822	93	A_species_abundance
SF044	clean	clean	0.2958	93	A_species_abundance
SF045	unclean	clean	0.2676	93	A_species_abundance
SF046	clean	unclean	0.5044	93	A_species_abundance
SF047	clean	unclean	0.6612	93	A_species_abundance
SF048	unclean	clean	0.27	93	A_species_abundance
SF049	clean	clean	0.392	93	A_species_abundance
SF050	clean	clean	0.3042	93	A_species_abundance
SF051	clean	clean	0.3082	93	A_species_abundance
SF052	clean	clean	0.3366	93	A_species_abundance
SF053	clean	clean	0.4418	93	A_species_abundance
SF054	unclean	unclean	0.5524	93	A_species_abundance
SF055	unclean	clean	0.2672	93	A_species_abundance
SF056	clean	unclean	0.5266	93	A_species_abundance
SF057	unclean	clean	0.2784	93	A_species_abundance
SF058	clean	clean	0.4172	93	A_species_abundance
SF059	unclean	unclean	0.5326	93	A_species_abundance
SF060	unclean	clean	0.3458	93	A_species_abundance
SF061	clean	clean	0.3538	93	A_species_abundance
SF062	unclean	clean	0.1718	93	A_species_abundance
SF063	clean	clean	0.4146	93	A_species_abundance
SF064	clean	clean	0.2324	93	A_species_abundance
SF065	clean	clean	0.326	93	A_species_abundance
SF066	clean	clean	0.3854	93	A_species_abundance
SF067	clean	clean	0.4952	93	A_species_abundance
SF068	unclean	clean	0.29	93	A_species_abundance
SF069	clean	clean	0.3228	93	A_species_abundance
SF070	unclean	unclean	0.7904	93	A_species_abundance
SF071	clean	clean	0.4192	93	A_species_abundance
SF072	unclean	clean	0.2296	93	A_species_abundance
SF073	clean	clean	0.3058	93	A_species_abundance
SF074	clean	clean	0.1942	93	A_species_abundance
SF075	clean	clean	0.3728	93	A_species_abundance
SF076	clean	clean	0.466	93	A_species_abundance
SF077	clean	clean	0.35	93	A_species_abundance
SF078	unclean	clean	0.4242	93	A_species_abundance
SF079	unclean	clean	0.49	93	A_species_abundance
SF080	unclean	clean	0.4976	93	A_species_abundance
SF081	unclean	clean	0.353	93	A_species_abundance
SF082	unclean	clean	0.389	93	A_species_abundance
SF083	unclean	clean	0.4314	93	A_species_abundance
SF084	clean	clean	0.4674	93	A_species_abundance
SF085	clean	clean	0.354	93	A_species_abundance
SF086	clean	unclean	0.5726	93	A_species_abundance
SF087	unclean	unclean	0.7968	93	A_species_abundance
SF088	clean	clean	0.2374	93	A_species_abundance
SF089	unclean	unclean	0.836	93	A_species_abundance
SF090	unclean	clean	0.44	93	A_species_abundance
SF091	unclean	unclean	0.5196	93	A_species_abundance
SF092	unclean	unclean	0.6754	93	A_species_abundance
SF093	unclean	clean	0.4106	93	A_species_abundance
SF094	clean	clean	0.4354	93	A_species_abundance
SF095	unclean	clean	0.254	93	A_species_abundance
SF096	clean	clean	0.1892	93	A_species_abundance
SF097	unclean	clean	0.4038	93	A_species_abundance
SF001	unclean	unclean	0.7512	94	A_species_abundance
SF002	clean	clean	0.2554	94	A_species_abundance
SF003	unclean	unclean	0.706	94	A_species_abundance
SF004	clean	clean	0.2422	94	A_species_abundance
SF005	clean	clean	0.3122	94	A_species_abundance
SF006	unclean	unclean	0.7136	94	A_species_abundance
SF007	unclean	unclean	0.7552	94	A_species_abundance
SF008	clean	clean	0.3548	94	A_species_abundance
SF009	unclean	clean	0.4228	94	A_species_abundance
SF010	unclean	unclean	0.826	94	A_species_abundance
SF011	clean	clean	0.3418	94	A_species_abundance
SF012	clean	unclean	0.6362	94	A_species_abundance
SF013	unclean	clean	0.2088	94	A_species_abundance
SF014	clean	clean	0.3892	94	A_species_abundance
SF015	clean	clean	0.326	94	A_species_abundance
SF016	unclean	unclean	0.5066	94	A_species_abundance
SF017	unclean	clean	0.437	94	A_species_abundance
SF018	unclean	unclean	0.813	94	A_species_abundance
SF019	clean	clean	0.2838	94	A_species_abundance
SF020	clean	clean	0.3248	94	A_species_abundance
SF021	unclean	clean	0.2558	94	A_species_abundance
SF022	unclean	clean	0.3738	94	A_species_abundance
SF023	clean	clean	0.2632	94	A_species_abundance
SF024	unclean	clean	0.2986	94	A_species_abundance
SF025	clean	clean	0.23	94	A_species_abundance
SF026	clean	clean	0.2338	94	A_species_abundance
SF027	clean	unclean	0.7236	94	A_species_abundance
SF028	unclean	unclean	0.6266	94	A_species_abundance
SF029	clean	clean	0.2502	94	A_species_abundance
SF030	clean	unclean	0.7698	94	A_species_abundance
SF031	clean	clean	0.4584	94	A_species_abundance
SF032	clean	clean	0.3676	94	A_species_abundance
SF033	clean	clean	0.4454	94	A_species_abundance
SF034	clean	clean	0.2546	94	A_species_abundance
SF035	clean	clean	0.3354	94	A_species_abundance
SF036	unclean	unclean	0.57	94	A_species_abundance
SF037	clean	clean	0.443	94	A_species_abundance
SF038	clean	clean	0.3014	94	A_species_abundance
SF039	unclean	unclean	0.7358	94	A_species_abundance
SF040	clean	clean	0.3586	94	A_species_abundance
SF041	unclean	clean	0.2664	94	A_species_abundance
SF042	clean	clean	0.2554	94	A_species_abundance
SF043	clean	clean	0.29	94	A_species_abundance
SF044	clean	clean	0.286	94	A_species_abundance
SF045	unclean	clean	0.267	94	A_species_abundance
SF046	clean	clean	0.4694	94	A_species_abundance
SF047	clean	unclean	0.7604	94	A_species_abundance
SF048	unclean	clean	0.2768	94	A_species_abundance
SF049	clean	clean	0.3454	94	A_species_abundance
SF050	clean	clean	0.3568	94	A_species_abundance
SF051	clean	clean	0.254	94	A_species_abundance
SF052	clean	clean	0.2908	94	A_species_abundance
SF053	clean	clean	0.3704	94	A_species_abundance
SF054	unclean	unclean	0.5876	94	A_species_abundance
SF055	unclean	clean	0.2176	94	A_species_abundance
SF056	clean	clean	0.5	94	A_species_abundance
SF057	unclean	clean	0.3136	94	A_species_abundance
SF058	clean	clean	0.3956	94	A_species_abundance
SF059	unclean	clean	0.4762	94	A_species_abundance
SF060	unclean	clean	0.3906	94	A_species_abundance
SF061	clean	clean	0.3416	94	A_species_abundance
SF062	unclean	clean	0.1918	94	A_species_abundance
SF063	clean	clean	0.4208	94	A_species_abundance
SF064	clean	clean	0.2388	94	A_species_abundance
SF065	clean	clean	0.2878	94	A_species_abundance
SF066	clean	clean	0.358	94	A_species_abundance
SF067	clean	unclean	0.5196	94	A_species_abundance
SF068	unclean	clean	0.257	94	A_species_abundance
SF069	clean	clean	0.4036	94	A_species_abundance
SF070	unclean	unclean	0.735	94	A_species_abundance
SF071	clean	clean	0.4008	94	A_species_abundance
SF072	unclean	clean	0.2298	94	A_species_abundance
SF073	clean	clean	0.2736	94	A_species_abundance
SF074	clean	clean	0.1762	94	A_species_abundance
SF075	clean	clean	0.3272	94	A_species_abundance
SF076	clean	clean	0.418	94	A_species_abundance
SF077	clean	clean	0.2982	94	A_species_abundance
SF078	unclean	clean	0.3648	94	A_species_abundance
SF079	unclean	clean	0.489	94	A_species_abundance
SF080	unclean	unclean	0.5244	94	A_species_abundance
SF081	unclean	clean	0.3634	94	A_species_abundance
SF082	unclean	clean	0.3976	94	A_species_abundance
SF083	unclean	unclean	0.521	94	A_species_abundance
SF084	clean	clean	0.3938	94	A_species_abundance
SF085	clean	clean	0.3378	94	A_species_abundance
SF086	clean	unclean	0.5118	94	A_species_abundance
SF087	unclean	unclean	0.8066	94	A_species_abundance
SF088	clean	clean	0.2694	94	A_species_abundance
SF089	unclean	unclean	0.8162	94	A_species_abundance
SF090	unclean	clean	0.3284	94	A_species_abundance
SF091	unclean	unclean	0.6322	94	A_species_abundance
SF092	unclean	unclean	0.6676	94	A_species_abundance
SF093	unclean	clean	0.3444	94	A_species_abundance
SF094	clean	clean	0.3644	94	A_species_abundance
SF095	unclean	clean	0.3114	94	A_species_abundance
SF096	clean	clean	0.2302	94	A_species_abundance
SF097	unclean	clean	0.422	94	A_species_abundance
SF001	unclean	unclean	0.7816	95	A_species_abundance
SF002	clean	clean	0.2236	95	A_species_abundance
SF003	unclean	unclean	0.5358	95	A_species_abundance
SF004	clean	clean	0.3126	95	A_species_abundance
SF005	clean	clean	0.2844	95	A_species_abundance
SF006	unclean	unclean	0.7414	95	A_species_abundance
SF007	unclean	unclean	0.6814	95	A_species_abundance
SF008	clean	clean	0.2926	95	A_species_abundance
SF009	unclean	clean	0.4012	95	A_species_abundance
SF010	unclean	unclean	0.7572	95	A_species_abundance
SF011	clean	clean	0.3676	95	A_species_abundance
SF012	clean	unclean	0.6962	95	A_species_abundance
SF013	unclean	clean	0.2056	95	A_species_abundance
SF014	clean	clean	0.3598	95	A_species_abundance
SF015	clean	clean	0.29	95	A_species_abundance
SF016	unclean	unclean	0.5008	95	A_species_abundance
SF017	unclean	clean	0.4172	95	A_species_abundance
SF018	unclean	unclean	0.7988	95	A_species_abundance
SF019	clean	clean	0.2684	95	A_species_abundance
SF020	clean	clean	0.2292	95	A_species_abundance
SF021	unclean	clean	0.311	95	A_species_abundance
SF022	unclean	clean	0.3462	95	A_species_abundance
SF023	clean	clean	0.2614	95	A_species_abundance
SF024	unclean	clean	0.3178	95	A_species_abundance
SF025	clean	clean	0.2044	95	A_species_abundance
SF026	clean	clean	0.1924	95	A_species_abundance
SF027	clean	unclean	0.6168	95	A_species_abundance
SF028	unclean	unclean	0.5918	95	A_species_abundance
SF029	clean	clean	0.1992	95	A_species_abundance
SF030	clean	unclean	0.6782	95	A_species_abundance
SF031	clean	clean	0.468	95	A_species_abundance
SF032	clean	clean	0.389	95	A_species_abundance
SF033	clean	clean	0.4342	95	A_species_abundance
SF034	clean	clean	0.2752	95	A_species_abundance
SF035	clean	clean	0.2688	95	A_species_abundance
SF036	unclean	unclean	0.6604	95	A_species_abundance
SF037	clean	clean	0.3688	95	A_species_abundance
SF038	clean	clean	0.3086	95	A_species_abundance
SF039	unclean	unclean	0.7796	95	A_species_abundance
SF040	clean	clean	0.3974	95	A_species_abundance
SF041	unclean	clean	0.3396	95	A_species_abundance
SF042	clean	clean	0.2068	95	A_species_abundance
SF043	clean	clean	0.3156	95	A_species_abundance
SF044	clean	clean	0.2716	95	A_species_abundance
SF045	unclean	clean	0.3068	95	A_species_abundance
SF046	clean	clean	0.487	95	A_species_abundance
SF047	clean	unclean	0.6238	95	A_species_abundance
SF048	unclean	clean	0.2608	95	A_species_abundance
SF049	clean	clean	0.3516	95	A_species_abundance
SF050	clean	clean	0.3314	95	A_species_abundance
SF051	clean	clean	0.3164	95	A_species_abundance
SF052	clean	clean	0.3344	95	A_species_abundance
SF053	clean	clean	0.3966	95	A_species_abundance
SF054	unclean	unclean	0.5998	95	A_species_abundance
SF055	unclean	clean	0.2722	95	A_species_abundance
SF056	clean	unclean	0.5182	95	A_species_abundance
SF057	unclean	clean	0.311	95	A_species_abundance
SF058	clean	clean	0.396	95	A_species_abundance
SF059	unclean	clean	0.4614	95	A_species_abundance
SF060	unclean	clean	0.362	95	A_species_abundance
SF061	clean	clean	0.338	95	A_species_abundance
SF062	unclean	clean	0.1916	95	A_species_abundance
SF063	clean	clean	0.4126	95	A_species_abundance
SF064	clean	clean	0.2392	95	A_species_abundance
SF065	clean	clean	0.441	95	A_species_abundance
SF066	clean	clean	0.3534	95	A_species_abundance
SF067	clean	unclean	0.5162	95	A_species_abundance
SF068	unclean	clean	0.323	95	A_species_abundance
SF069	clean	clean	0.3834	95	A_species_abundance
SF070	unclean	unclean	0.7306	95	A_species_abundance
SF071	clean	clean	0.3964	95	A_species_abundance
SF072	unclean	clean	0.2272	95	A_species_abundance
SF073	clean	clean	0.2498	95	A_species_abundance
SF074	clean	clean	0.2062	95	A_species_abundance
SF075	clean	clean	0.3736	95	A_species_abundance
SF076	clean	clean	0.3974	95	A_species_abundance
SF077	clean	clean	0.3546	95	A_species_abundance
SF078	unclean	clean	0.4266	95	A_species_abundance
SF079	unclean	unclean	0.538	95	A_species_abundance
SF080	unclean	unclean	0.5428	95	A_species_abundance
SF081	unclean	clean	0.3934	95	A_species_abundance
SF082	unclean	clean	0.3964	95	A_species_abundance
SF083	unclean	clean	0.4608	95	A_species_abundance
SF084	clean	clean	0.4764	95	A_species_abundance
SF085	clean	clean	0.316	95	A_species_abundance
SF086	clean	unclean	0.5166	95	A_species_abundance
SF087	unclean	unclean	0.8212	95	A_species_abundance
SF088	clean	clean	0.2752	95	A_species_abundance
SF089	unclean	unclean	0.818	95	A_species_abundance
SF090	unclean	clean	0.3664	95	A_species_abundance
SF091	unclean	unclean	0.621	95	A_species_abundance
SF092	unclean	unclean	0.6874	95	A_species_abundance
SF093	unclean	clean	0.3934	95	A_species_abundance
SF094	clean	clean	0.34	95	A_species_abundance
SF095	unclean	clean	0.2678	95	A_species_abundance
SF096	clean	clean	0.219	95	A_species_abundance
SF097	unclean	clean	0.472	95	A_species_abundance
SF001	unclean	unclean	0.8336	96	A_species_abundance
SF002	clean	clean	0.3072	96	A_species_abundance
SF003	unclean	unclean	0.6596	96	A_species_abundance
SF004	clean	clean	0.2514	96	A_species_abundance
SF005	clean	clean	0.2868	96	A_species_abundance
SF006	unclean	unclean	0.721	96	A_species_abundance
SF007	unclean	unclean	0.745	96	A_species_abundance
SF008	clean	clean	0.3794	96	A_species_abundance
SF009	unclean	clean	0.401	96	A_species_abundance
SF010	unclean	unclean	0.783	96	A_species_abundance
SF011	clean	clean	0.3758	96	A_species_abundance
SF012	clean	unclean	0.7134	96	A_species_abundance
SF013	unclean	clean	0.2362	96	A_species_abundance
SF014	clean	clean	0.417	96	A_species_abundance
SF015	clean	clean	0.278	96	A_species_abundance
SF016	unclean	unclean	0.518	96	A_species_abundance
SF017	unclean	clean	0.4224	96	A_species_abundance
SF018	unclean	unclean	0.7828	96	A_species_abundance
SF019	clean	clean	0.3526	96	A_species_abundance
SF020	clean	clean	0.2968	96	A_species_abundance
SF021	unclean	clean	0.2658	96	A_species_abundance
SF022	unclean	clean	0.3802	96	A_species_abundance
SF023	clean	clean	0.3134	96	A_species_abundance
SF024	unclean	clean	0.3274	96	A_species_abundance
SF025	clean	clean	0.2158	96	A_species_abundance
SF026	clean	clean	0.2334	96	A_species_abundance
SF027	clean	unclean	0.6724	96	A_species_abundance
SF028	unclean	unclean	0.639	96	A_species_abundance
SF029	clean	clean	0.2264	96	A_species_abundance
SF030	clean	unclean	0.6632	96	A_species_abundance
SF031	clean	unclean	0.5172	96	A_species_abundance
SF032	clean	clean	0.3452	96	A_species_abundance
SF033	clean	clean	0.4582	96	A_species_abundance
SF034	clean	clean	0.317	96	A_species_abundance
SF035	clean	clean	0.3058	96	A_species_abundance
SF036	unclean	unclean	0.567	96	A_species_abundance
SF037	clean	clean	0.4282	96	A_species_abundance
SF038	clean	clean	0.3602	96	A_species_abundance
SF039	unclean	unclean	0.675	96	A_species_abundance
SF040	clean	clean	0.4014	96	A_species_abundance
SF041	unclean	clean	0.281	96	A_species_abundance
SF042	clean	clean	0.2436	96	A_species_abundance
SF043	clean	clean	0.2318	96	A_species_abundance
SF044	clean	clean	0.3372	96	A_species_abundance
SF045	unclean	clean	0.248	96	A_species_abundance
SF046	clean	clean	0.4714	96	A_species_abundance
SF047	clean	unclean	0.6248	96	A_species_abundance
SF048	unclean	clean	0.2708	96	A_species_abundance
SF049	clean	clean	0.372	96	A_species_abundance
SF050	clean	clean	0.3384	96	A_species_abundance
SF051	clean	clean	0.3244	96	A_species_abundance
SF052	clean	clean	0.3318	96	A_species_abundance
SF053	clean	clean	0.38	96	A_species_abundance
SF054	unclean	unclean	0.6062	96	A_species_abundance
SF055	unclean	clean	0.2218	96	A_species_abundance
SF056	clean	clean	0.4966	96	A_species_abundance
SF057	unclean	clean	0.3236	96	A_species_abundance
SF058	clean	clean	0.3994	96	A_species_abundance
SF059	unclean	clean	0.4858	96	A_species_abundance
SF060	unclean	clean	0.3928	96	A_species_abundance
SF061	clean	clean	0.3872	96	A_species_abundance
SF062	unclean	clean	0.139	96	A_species_abundance
SF063	clean	clean	0.3948	96	A_species_abundance
SF064	clean	clean	0.1842	96	A_species_abundance
SF065	clean	clean	0.3766	96	A_species_abundance
SF066	clean	clean	0.3242	96	A_species_abundance
SF067	clean	clean	0.4814	96	A_species_abundance
SF068	unclean	clean	0.2554	96	A_species_abundance
SF069	clean	clean	0.4036	96	A_species_abundance
SF070	unclean	unclean	0.7236	96	A_species_abundance
SF071	clean	clean	0.4442	96	A_species_abundance
SF072	unclean	clean	0.2578	96	A_species_abundance
SF073	clean	clean	0.2608	96	A_species_abundance
SF074	clean	clean	0.2074	96	A_species_abundance
SF075	clean	clean	0.3884	96	A_species_abundance
SF076	clean	clean	0.3874	96	A_species_abundance
SF077	clean	clean	0.389	96	A_species_abundance
SF078	unclean	clean	0.4258	96	A_species_abundance
SF079	unclean	unclean	0.563	96	A_species_abundance
SF080	unclean	unclean	0.524	96	A_species_abundance
SF081	unclean	clean	0.3892	96	A_species_abundance
SF082	unclean	clean	0.398	96	A_species_abundance
SF083	unclean	clean	0.4374	96	A_species_abundance
SF084	clean	clean	0.4482	96	A_species_abundance
SF085	clean	clean	0.3026	96	A_species_abundance
SF086	clean	unclean	0.521	96	A_species_abundance
SF087	unclean	unclean	0.833	96	A_species_abundance
SF088	clean	clean	0.2792	96	A_species_abundance
SF089	unclean	unclean	0.808	96	A_species_abundance
SF090	unclean	clean	0.4052	96	A_species_abundance
SF091	unclean	unclean	0.6036	96	A_species_abundance
SF092	unclean	unclean	0.6778	96	A_species_abundance
SF093	unclean	clean	0.4854	96	A_species_abundance
SF094	clean	clean	0.4308	96	A_species_abundance
SF095	unclean	clean	0.2652	96	A_species_abundance
SF096	clean	clean	0.2342	96	A_species_abundance
SF097	unclean	clean	0.471	96	A_species_abundance
SF001	unclean	unclean	0.8002	97	A_species_abundance
SF002	clean	clean	0.2662	97	A_species_abundance
SF003	unclean	unclean	0.5112	97	A_species_abundance
SF004	clean	clean	0.3014	97	A_species_abundance
SF005	clean	clean	0.4086	97	A_species_abundance
SF006	unclean	unclean	0.7162	97	A_species_abundance
SF007	unclean	unclean	0.6798	97	A_species_abundance
SF008	clean	clean	0.412	97	A_species_abundance
SF009	unclean	clean	0.3454	97	A_species_abundance
SF010	unclean	unclean	0.7812	97	A_species_abundance
SF011	clean	clean	0.367	97	A_species_abundance
SF012	clean	unclean	0.6548	97	A_species_abundance
SF013	unclean	clean	0.267	97	A_species_abundance
SF014	clean	clean	0.3854	97	A_species_abundance
SF015	clean	clean	0.325	97	A_species_abundance
SF016	unclean	clean	0.451	97	A_species_abundance
SF017	unclean	clean	0.412	97	A_species_abundance
SF018	unclean	unclean	0.7642	97	A_species_abundance
SF019	clean	clean	0.2988	97	A_species_abundance
SF020	clean	clean	0.3002	97	A_species_abundance
SF021	unclean	clean	0.1932	97	A_species_abundance
SF022	unclean	clean	0.2616	97	A_species_abundance
SF023	clean	clean	0.2754	97	A_species_abundance
SF024	unclean	clean	0.29	97	A_species_abundance
SF025	clean	clean	0.2432	97	A_species_abundance
SF026	clean	clean	0.2768	97	A_species_abundance
SF027	clean	unclean	0.6944	97	A_species_abundance
SF028	unclean	unclean	0.6172	97	A_species_abundance
SF029	clean	clean	0.2194	97	A_species_abundance
SF030	clean	unclean	0.6866	97	A_species_abundance
SF031	clean	clean	0.4784	97	A_species_abundance
SF032	clean	clean	0.281	97	A_species_abundance
SF033	clean	unclean	0.517	97	A_species_abundance
SF034	clean	clean	0.3726	97	A_species_abundance
SF035	clean	clean	0.269	97	A_species_abundance
SF036	unclean	unclean	0.597	97	A_species_abundance
SF037	clean	clean	0.373	97	A_species_abundance
SF038	clean	clean	0.3322	97	A_species_abundance
SF039	unclean	unclean	0.6844	97	A_species_abundance
SF040	clean	clean	0.3374	97	A_species_abundance
SF041	unclean	clean	0.3052	97	A_species_abundance
SF042	clean	clean	0.2488	97	A_species_abundance
SF043	clean	clean	0.3312	97	A_species_abundance
SF044	clean	clean	0.3068	97	A_species_abundance
SF045	unclean	clean	0.2684	97	A_species_abundance
SF046	clean	unclean	0.541	97	A_species_abundance
SF047	clean	unclean	0.7262	97	A_species_abundance
SF048	unclean	clean	0.2394	97	A_species_abundance
SF049	clean	clean	0.3136	97	A_species_abundance
SF050	clean	clean	0.3428	97	A_species_abundance
SF051	clean	clean	0.2784	97	A_species_abundance
SF052	clean	clean	0.3248	97	A_species_abundance
SF053	clean	clean	0.4098	97	A_species_abundance
SF054	unclean	unclean	0.5682	97	A_species_abundance
SF055	unclean	clean	0.2142	97	A_species_abundance
SF056	clean	clean	0.4716	97	A_species_abundance
SF057	unclean	clean	0.2854	97	A_species_abundance
SF058	clean	clean	0.3888	97	A_species_abundance
SF059	unclean	clean	0.4898	97	A_species_abundance
SF060	unclean	clean	0.3686	97	A_species_abundance
SF061	clean	clean	0.405	97	A_species_abundance
SF062	unclean	clean	0.1824	97	A_species_abundance
SF063	clean	clean	0.4046	97	A_species_abundance
SF064	clean	clean	0.2236	97	A_species_abundance
SF065	clean	clean	0.3296	97	A_species_abundance
SF066	clean	clean	0.3142	97	A_species_abundance
SF067	clean	clean	0.4668	97	A_species_abundance
SF068	unclean	clean	0.3066	97	A_species_abundance
SF069	clean	clean	0.3164	97	A_species_abundance
SF070	unclean	unclean	0.7142	97	A_species_abundance
SF071	clean	clean	0.3528	97	A_species_abundance
SF072	unclean	clean	0.294	97	A_species_abundance
SF073	clean	clean	0.2898	97	A_species_abundance
SF074	clean	clean	0.199	97	A_species_abundance
SF075	clean	clean	0.3594	97	A_species_abundance
SF076	clean	clean	0.3926	97	A_species_abundance
SF077	clean	clean	0.2664	97	A_species_abundance
SF078	unclean	clean	0.43	97	A_species_abundance
SF079	unclean	unclean	0.5332	97	A_species_abundance
SF080	unclean	unclean	0.5122	97	A_species_abundance
SF081	unclean	clean	0.3872	97	A_species_abundance
SF082	unclean	unclean	0.5134	97	A_species_abundance
SF083	unclean	clean	0.4536	97	A_species_abundance
SF084	clean	clean	0.4628	97	A_species_abundance
SF085	clean	clean	0.3146	97	A_species_abundance
SF086	clean	unclean	0.553	97	A_species_abundance
SF087	unclean	unclean	0.8218	97	A_species_abundance
SF088	clean	clean	0.2554	97	A_species_abundance
SF089	unclean	unclean	0.8296	97	A_species_abundance
SF090	unclean	clean	0.3936	97	A_species_abundance
SF091	unclean	unclean	0.5992	97	A_species_abundance
SF092	unclean	unclean	0.7134	97	A_species_abundance
SF093	unclean	clean	0.4914	97	A_species_abundance
SF094	clean	clean	0.366	97	A_species_abundance
SF095	unclean	clean	0.3014	97	A_species_abundance
SF096	clean	clean	0.1914	97	A_species_abundance
SF097	unclean	clean	0.4718	97	A_species_abundance
SF001	unclean	unclean	0.7512	98	A_species_abundance
SF002	clean	clean	0.2516	98	A_species_abundance
SF003	unclean	unclean	0.6014	98	A_species_abundance
SF004	clean	clean	0.2786	98	A_species_abundance
SF005	clean	clean	0.3698	98	A_species_abundance
SF006	unclean	unclean	0.7196	98	A_species_abundance
SF007	unclean	unclean	0.7286	98	A_species_abundance
SF008	clean	clean	0.3724	98	A_species_abundance
SF009	unclean	clean	0.434	98	A_species_abundance
SF010	unclean	unclean	0.7888	98	A_species_abundance
SF011	clean	clean	0.3826	98	A_species_abundance
SF012	clean	unclean	0.6524	98	A_species_abundance
SF013	unclean	clean	0.2072	98	A_species_abundance
SF014	clean	clean	0.4292	98	A_species_abundance
SF015	clean	clean	0.2498	98	A_species_abundance
SF016	unclean	unclean	0.5698	98	A_species_abundance
SF017	unclean	clean	0.3998	98	A_species_abundance
SF018	unclean	unclean	0.8058	98	A_species_abundance
SF019	clean	clean	0.2878	98	A_species_abundance
SF020	clean	clean	0.33	98	A_species_abundance
SF021	unclean	clean	0.2732	98	A_species_abundance
SF022	unclean	clean	0.3184	98	A_species_abundance
SF023	clean	clean	0.2734	98	A_species_abundance
SF024	unclean	clean	0.304	98	A_species_abundance
SF025	clean	clean	0.2222	98	A_species_abundance
SF026	clean	clean	0.226	98	A_species_abundance
SF027	clean	unclean	0.5406	98	A_species_abundance
SF028	unclean	unclean	0.6186	98	A_species_abundance
SF029	clean	clean	0.1644	98	A_species_abundance
SF030	clean	unclean	0.678	98	A_species_abundance
SF031	clean	unclean	0.5368	98	A_species_abundance
SF032	clean	clean	0.3306	98	A_species_abundance
SF033	clean	clean	0.4728	98	A_species_abundance
SF034	clean	clean	0.2668	98	A_species_abundance
SF035	clean	clean	0.217	98	A_species_abundance
SF036	unclean	unclean	0.5796	98	A_species_abundance
SF037	clean	clean	0.3956	98	A_species_abundance
SF038	clean	clean	0.3576	98	A_species_abundance
SF039	unclean	unclean	0.7266	98	A_species_abundance
SF040	clean	clean	0.2862	98	A_species_abundance
SF041	unclean	clean	0.238	98	A_species_abundance
SF042	clean	clean	0.2228	98	A_species_abundance
SF043	clean	clean	0.277	98	A_species_abundance
SF044	clean	clean	0.2616	98	A_species_abundance
SF045	unclean	clean	0.2666	98	A_species_abundance
SF046	clean	clean	0.4646	98	A_species_abundance
SF047	clean	unclean	0.6658	98	A_species_abundance
SF048	unclean	clean	0.2742	98	A_species_abundance
SF049	clean	clean	0.3388	98	A_species_abundance
SF050	clean	clean	0.2746	98	A_species_abundance
SF051	clean	clean	0.3044	98	A_species_abundance
SF052	clean	clean	0.3178	98	A_species_abundance
SF053	clean	clean	0.4046	98	A_species_abundance
SF054	unclean	unclean	0.5824	98	A_species_abundance
SF055	unclean	clean	0.2652	98	A_species_abundance
SF056	clean	unclean	0.5038	98	A_species_abundance
SF057	unclean	clean	0.3044	98	A_species_abundance
SF058	clean	clean	0.4182	98	A_species_abundance
SF059	unclean	clean	0.4538	98	A_species_abundance
SF060	unclean	clean	0.3856	98	A_species_abundance
SF061	clean	clean	0.3418	98	A_species_abundance
SF062	unclean	clean	0.1794	98	A_species_abundance
SF063	clean	clean	0.411	98	A_species_abundance
SF064	clean	clean	0.1746	98	A_species_abundance
SF065	clean	clean	0.3612	98	A_species_abundance
SF066	clean	clean	0.3918	98	A_species_abundance
SF067	clean	unclean	0.5212	98	A_species_abundance
SF068	unclean	clean	0.2664	98	A_species_abundance
SF069	clean	clean	0.3872	98	A_species_abundance
SF070	unclean	unclean	0.7276	98	A_species_abundance
SF071	clean	clean	0.4118	98	A_species_abundance
SF072	unclean	clean	0.2408	98	A_species_abundance
SF073	clean	clean	0.29	98	A_species_abundance
SF074	clean	clean	0.2048	98	A_species_abundance
SF075	clean	clean	0.3768	98	A_species_abundance
SF076	clean	clean	0.4068	98	A_species_abundance
SF077	clean	clean	0.378	98	A_species_abundance
SF078	unclean	clean	0.3912	98	A_species_abundance
SF079	unclean	unclean	0.5948	98	A_species_abundance
SF080	unclean	unclean	0.5088	98	A_species_abundance
SF081	unclean	clean	0.4156	98	A_species_abundance
SF082	unclean	clean	0.4322	98	A_species_abundance
SF083	unclean	clean	0.4512	98	A_species_abundance
SF084	clean	clean	0.42	98	A_species_abundance
SF085	clean	clean	0.3596	98	A_species_abundance
SF086	clean	unclean	0.5432	98	A_species_abundance
SF087	unclean	unclean	0.8164	98	A_species_abundance
SF088	clean	clean	0.279	98	A_species_abundance
SF089	unclean	unclean	0.8056	98	A_species_abundance
SF090	unclean	clean	0.3768	98	A_species_abundance
SF091	unclean	unclean	0.5898	98	A_species_abundance
SF092	unclean	unclean	0.7096	98	A_species_abundance
SF093	unclean	clean	0.478	98	A_species_abundance
SF094	clean	clean	0.3056	98	A_species_abundance
SF095	unclean	clean	0.298	98	A_species_abundance
SF096	clean	clean	0.2258	98	A_species_abundance
SF097	unclean	clean	0.466	98	A_species_abundance
SF001	unclean	unclean	0.7276	99	A_species_abundance
SF002	clean	clean	0.1978	99	A_species_abundance
SF003	unclean	clean	0.4908	99	A_species_abundance
SF004	clean	clean	0.2372	99	A_species_abundance
SF005	clean	clean	0.356	99	A_species_abundance
SF006	unclean	unclean	0.7654	99	A_species_abundance
SF007	unclean	unclean	0.6802	99	A_species_abundance
SF008	clean	clean	0.4076	99	A_species_abundance
SF009	unclean	clean	0.427	99	A_species_abundance
SF010	unclean	unclean	0.78	99	A_species_abundance
SF011	clean	clean	0.3768	99	A_species_abundance
SF012	clean	unclean	0.6374	99	A_species_abundance
SF013	unclean	clean	0.2412	99	A_species_abundance
SF014	clean	clean	0.435	99	A_species_abundance
SF015	clean	clean	0.29	99	A_species_abundance
SF016	unclean	unclean	0.562	99	A_species_abundance
SF017	unclean	clean	0.3712	99	A_species_abundance
SF018	unclean	unclean	0.8384	99	A_species_abundance
SF019	clean	clean	0.3298	99	A_species_abundance
SF020	clean	clean	0.294	99	A_species_abundance
SF021	unclean	clean	0.2794	99	A_species_abundance
SF022	unclean	clean	0.332	99	A_species_abundance
SF023	clean	clean	0.2926	99	A_species_abundance
SF024	unclean	clean	0.2696	99	A_species_abundance
SF025	clean	clean	0.236	99	A_species_abundance
SF026	clean	clean	0.2392	99	A_species_abundance
SF027	clean	unclean	0.591	99	A_species_abundance
SF028	unclean	unclean	0.579	99	A_species_abundance
SF029	clean	clean	0.2242	99	A_species_abundance
SF030	clean	unclean	0.689	99	A_species_abundance
SF031	clean	clean	0.483	99	A_species_abundance
SF032	clean	clean	0.329	99	A_species_abundance
SF033	clean	clean	0.3916	99	A_species_abundance
SF034	clean	clean	0.296	99	A_species_abundance
SF035	clean	clean	0.2672	99	A_species_abundance
SF036	unclean	unclean	0.5958	99	A_species_abundance
SF037	clean	clean	0.428	99	A_species_abundance
SF038	clean	clean	0.3684	99	A_species_abundance
SF039	unclean	unclean	0.7066	99	A_species_abundance
SF040	clean	clean	0.2986	99	A_species_abundance
SF041	unclean	clean	0.3222	99	A_species_abundance
SF042	clean	clean	0.2524	99	A_species_abundance
SF043	clean	clean	0.294	99	A_species_abundance
SF044	clean	clean	0.2274	99	A_species_abundance
SF045	unclean	clean	0.2602	99	A_species_abundance
SF046	clean	unclean	0.5296	99	A_species_abundance
SF047	clean	unclean	0.5836	99	A_species_abundance
SF048	unclean	clean	0.2834	99	A_species_abundance
SF049	clean	clean	0.2508	99	A_species_abundance
SF050	clean	clean	0.341	99	A_species_abundance
SF051	clean	clean	0.2906	99	A_species_abundance
SF052	clean	clean	0.328	99	A_species_abundance
SF053	clean	clean	0.3696	99	A_species_abundance
SF054	unclean	unclean	0.6086	99	A_species_abundance
SF055	unclean	clean	0.232	99	A_species_abundance
SF056	clean	unclean	0.5258	99	A_species_abundance
SF057	unclean	clean	0.291	99	A_species_abundance
SF058	clean	clean	0.4276	99	A_species_abundance
SF059	unclean	clean	0.456	99	A_species_abundance
SF060	unclean	clean	0.363	99	A_species_abundance
SF061	clean	clean	0.3736	99	A_species_abundance
SF062	unclean	clean	0.1926	99	A_species_abundance
SF063	clean	clean	0.3882	99	A_species_abundance
SF064	clean	clean	0.1906	99	A_species_abundance
SF065	clean	clean	0.397	99	A_species_abundance
SF066	clean	clean	0.4094	99	A_species_abundance
SF067	clean	unclean	0.516	99	A_species_abundance
SF068	unclean	clean	0.3312	99	A_species_abundance
SF069	clean	clean	0.3166	99	A_species_abundance
SF070	unclean	unclean	0.7538	99	A_species_abundance
SF071	clean	clean	0.4018	99	A_species_abundance
SF072	unclean	clean	0.2402	99	A_species_abundance
SF073	clean	clean	0.273	99	A_species_abundance
SF074	clean	clean	0.1804	99	A_species_abundance
SF075	clean	clean	0.4046	99	A_species_abundance
SF076	clean	clean	0.3694	99	A_species_abundance
SF077	clean	clean	0.3712	99	A_species_abundance
SF078	unclean	clean	0.394	99	A_species_abundance
SF079	unclean	unclean	0.5168	99	A_species_abundance
SF080	unclean	clean	0.4982	99	A_species_abundance
SF081	unclean	clean	0.3872	99	A_species_abundance
SF082	unclean	clean	0.4746	99	A_species_abundance
SF083	unclean	unclean	0.5114	99	A_species_abundance
SF084	clean	clean	0.4446	99	A_species_abundance
SF085	clean	clean	0.304	99	A_species_abundance
SF086	clean	unclean	0.5518	99	A_species_abundance
SF087	unclean	unclean	0.8108	99	A_species_abundance
SF088	clean	clean	0.3058	99	A_species_abundance
SF089	unclean	unclean	0.8268	99	A_species_abundance
SF090	unclean	clean	0.3944	99	A_species_abundance
SF091	unclean	unclean	0.5926	99	A_species_abundance
SF092	unclean	unclean	0.6622	99	A_species_abundance
SF093	unclean	clean	0.472	99	A_species_abundance
SF094	clean	clean	0.4174	99	A_species_abundance
SF095	unclean	clean	0.2978	99	A_species_abundance
SF096	clean	clean	0.158	99	A_species_abundance
SF097	unclean	clean	0.485	99	A_species_abundance
